{
"type": "FeatureCollection",
"name": "B2puf",
"crs": { "type": "name", "properties": { "name": "urn:ogc:def:crs:OGC:1.3:CRS84" } },
"features": [
{ "type": "Feature", "properties": { "klasse": "Acker" }, "geometry": { "type": "MultiPolygon", "coordinates": [ [ [ [ 8.653494520428206, 49.402390537699866 ], [ 8.6532381, 49.4029267 ], [ 8.6530945, 49.4031325 ], [ 8.6544071, 49.4033203 ], [ 8.6546792236737, 49.402390537699866 ], [ 8.653494520428206, 49.402390537699866 ] ] ], [ [ [ 8.6540911, 49.403324899999987 ], [ 8.6530407, 49.40318340000001 ], [ 8.6528306, 49.4034513 ], [ 8.6524638, 49.4044171 ], [ 8.6523234, 49.4048613 ], [ 8.6521735, 49.4053048 ], [ 8.6521796, 49.405366099999988 ], [ 8.6522411, 49.405436 ], [ 8.6525286, 49.4055092 ], [ 8.6528449, 49.4055957 ], [ 8.6531774, 49.4044979 ], [ 8.6535124, 49.4045346 ], [ 8.6531799, 49.405669 ], [ 8.6536287, 49.4057861 ], [ 8.6537964, 49.4058135 ], [ 8.6538518, 49.4057484 ], [ 8.6539027, 49.4057291 ], [ 8.6539991, 49.4057489 ], [ 8.6539806, 49.405845 ], [ 8.6543919, 49.4059173 ], [ 8.6550164, 49.4060088 ], [ 8.6552367, 49.406031 ], [ 8.6553873, 49.4060288 ], [ 8.655467, 49.406015600000011 ], [ 8.6560887, 49.4058201 ], [ 8.6563588, 49.4057245 ], [ 8.6568901, 49.4054736 ], [ 8.657613, 49.4051115 ], [ 8.6575865, 49.4050602 ], [ 8.6570215, 49.4049906 ], [ 8.6570296, 49.4049576 ], [ 8.6572946, 49.4049922 ], [ 8.6577542, 49.405050499999987 ], [ 8.658379, 49.4047378 ], [ 8.6586157, 49.403888 ], [ 8.6586227, 49.4038569 ], [ 8.659713, 49.4039922 ], [ 8.6602763, 49.4036707 ], [ 8.6610224, 49.4032294 ], [ 8.6614614, 49.4029707 ], [ 8.6615443, 49.4029166 ], [ 8.662440333634656, 49.402390537699866 ], [ 8.66019099719612, 49.402390537699866 ], [ 8.6600751, 49.4027426 ], [ 8.660190247975722, 49.402390537699866 ], [ 8.659588757607493, 49.402390537699866 ], [ 8.659246742645861, 49.402390537699866 ], [ 8.655633875513367, 49.402390537699866 ], [ 8.655172688315732, 49.402390537699866 ], [ 8.654705061358184, 49.402390537699866 ], [ 8.6544187, 49.4033416 ], [ 8.654456, 49.403366 ], [ 8.6544279, 49.4034407 ], [ 8.654103, 49.4046157 ], [ 8.6536755, 49.4045607 ], [ 8.6540911, 49.403324899999987 ] ] ], [ [ [ 8.6591026, 49.4055141 ], [ 8.6590331, 49.4054246 ], [ 8.6585915, 49.4055819 ], [ 8.6586211, 49.4056716 ], [ 8.6591026, 49.4055141 ] ] ], [ [ [ 8.657311, 49.4059583 ], [ 8.657345, 49.406048699999985 ], [ 8.657621, 49.4059822 ], [ 8.6580736, 49.405849 ], [ 8.6585653, 49.4056928 ], [ 8.6585283, 49.4055956 ], [ 8.6581943, 49.4057074 ], [ 8.6579717, 49.405779 ], [ 8.657741, 49.405848 ], [ 8.6575065, 49.405913 ], [ 8.657311, 49.4059583 ] ] ], [ [ [ 8.6530455, 49.4057951 ], [ 8.6529245, 49.4057653 ], [ 8.6528766, 49.405856100000015 ], [ 8.652997, 49.4058672 ], [ 8.6531248, 49.4058837 ], [ 8.6532171, 49.4058992 ], [ 8.653321, 49.4059192 ], [ 8.6533265, 49.4059126 ], [ 8.653213, 49.4058579 ], [ 8.6531303, 49.4058223 ], [ 8.6530455, 49.4057951 ] ] ], [ [ [ 8.6556792, 49.4062286 ], [ 8.6558518, 49.4062269 ], [ 8.6560543, 49.4062216 ], [ 8.6560898, 49.4062205 ], [ 8.6561335, 49.4062328 ], [ 8.6562019, 49.4062504 ], [ 8.6561703, 49.4061502 ], [ 8.6561289, 49.4061331 ], [ 8.6559109, 49.4061416 ], [ 8.6556149, 49.4061436 ], [ 8.6552893, 49.4061328 ], [ 8.6551071, 49.4061192 ], [ 8.6546883, 49.4060736 ], [ 8.6543601, 49.4060202 ], [ 8.6539479, 49.4059437 ], [ 8.6536566, 49.405885 ], [ 8.6534796, 49.4058547 ], [ 8.6530912, 49.405774199999989 ], [ 8.6531815, 49.4058107 ], [ 8.6533326, 49.4058761 ], [ 8.6534672, 49.4059223 ], [ 8.6535691, 49.4059468 ], [ 8.6542206, 49.4060745 ], [ 8.6546507, 49.4061523 ], [ 8.6549996, 49.4061943 ], [ 8.6554811, 49.4062247 ], [ 8.6556792, 49.4062286 ] ] ], [ [ [ 8.6562832, 49.4061144 ], [ 8.6562624, 49.406132499999984 ], [ 8.6562921, 49.4062177 ], [ 8.6563284, 49.406207 ], [ 8.6564136, 49.406199 ], [ 8.6565921, 49.4061785 ], [ 8.6569033, 49.4061356 ], [ 8.6571206, 49.4060957 ], [ 8.6570916, 49.4060061 ], [ 8.6568172, 49.4060537 ], [ 8.6564946, 49.4060976 ], [ 8.6562832, 49.4061144 ] ] ], [ [ [ 8.6469958, 49.4104315 ], [ 8.6475486, 49.4101515 ], [ 8.6474794, 49.410013399999983 ], [ 8.6471524, 49.410092 ], [ 8.6459843, 49.410403 ], [ 8.6448181, 49.4107792 ], [ 8.6441279, 49.4110307 ], [ 8.6437861, 49.4111651 ], [ 8.642910023119907, 49.411498988794065 ], [ 8.642910023119907, 49.411936023327087 ], [ 8.6433667, 49.4118098 ], [ 8.6439691, 49.4116348 ], [ 8.6444511, 49.41146830000001 ], [ 8.644981, 49.4112852 ], [ 8.6455299, 49.4110956 ], [ 8.6459798, 49.4109011 ], [ 8.6465876, 49.4106383 ], [ 8.6469958, 49.4104315 ] ] ], [ [ [ 8.6455359, 49.4115004 ], [ 8.6455622, 49.411498 ], [ 8.6455858, 49.4114902 ], [ 8.6456042, 49.4114777 ], [ 8.6456153, 49.411462 ], [ 8.645618, 49.4114448 ], [ 8.6456118, 49.411428 ], [ 8.6455978, 49.4114137 ], [ 8.6455774, 49.4114031 ], [ 8.6455529, 49.4113972 ], [ 8.6455268, 49.4113969 ], [ 8.6455019, 49.411402 ], [ 8.6454809, 49.411412099999986 ], [ 8.6454659, 49.4114261 ], [ 8.6454587, 49.4114424 ], [ 8.64546, 49.4114594 ], [ 8.6454696, 49.4114752 ], [ 8.6454869, 49.4114883 ], [ 8.6455098, 49.411497 ], [ 8.6455359, 49.4115004 ] ] ], [ [ [ 8.6554422, 49.41142 ], [ 8.6547543, 49.4113804 ], [ 8.6536341, 49.4116825 ], [ 8.6536304, 49.4118341 ], [ 8.6545977, 49.411633 ], [ 8.6554208, 49.411653 ], [ 8.6554422, 49.41142 ] ] ], [ [ [ 8.654484, 49.4121869 ], [ 8.6539217, 49.4122268 ], [ 8.6539225, 49.4123262 ], [ 8.6544893, 49.4123315 ], [ 8.654484, 49.4121869 ] ] ], [ [ [ 8.6536438, 49.4127258 ], [ 8.654486, 49.412626399999986 ], [ 8.6544887, 49.4125827 ], [ 8.6536519, 49.4125775 ], [ 8.6536438, 49.4127258 ] ] ], [ [ [ 8.6545531, 49.4127695 ], [ 8.6550457, 49.4127792 ], [ 8.6550536, 49.4125979 ], [ 8.6545611, 49.4126578 ], [ 8.6545531, 49.4127695 ] ] ], [ [ [ 8.6536385, 49.4128497 ], [ 8.6543975, 49.4128689 ], [ 8.6544056, 49.4126752 ], [ 8.6536385, 49.4127712 ], [ 8.6536385, 49.4128497 ] ] ], [ [ [ 8.6463233, 49.4131267 ], [ 8.6462294, 49.4131965 ], [ 8.6469885, 49.4129976 ], [ 8.6468034, 49.4129731 ], [ 8.6466693, 49.412933 ], [ 8.6465459, 49.4128614 ], [ 8.6464762, 49.4128056 ], [ 8.646444, 49.4128231 ], [ 8.6464359, 49.412927799999984 ], [ 8.6463957, 49.4130377 ], [ 8.6463233, 49.4131267 ] ] ], [ [ [ 8.6541325, 49.412992 ], [ 8.6537167, 49.4129746 ], [ 8.6536846, 49.4134073 ], [ 8.6540762, 49.413414299999985 ], [ 8.6541325, 49.412992 ] ] ], [ [ [ 8.6463206, 49.413660599999986 ], [ 8.6463555, 49.4135717 ], [ 8.6464198, 49.4134844 ], [ 8.646511, 49.413385 ], [ 8.6457386, 49.413596099999985 ], [ 8.6458834, 49.4136136 ], [ 8.6460121, 49.4136432 ], [ 8.6461382, 49.4137007 ], [ 8.6462482, 49.4137897 ], [ 8.6462991, 49.4138438 ], [ 8.6463018, 49.4137601 ], [ 8.6463206, 49.413660599999986 ] ] ], [ [ [ 8.6512216, 49.4137969 ], [ 8.6519643, 49.4138323 ], [ 8.6519664, 49.4138041 ], [ 8.6512391, 49.4137695 ], [ 8.6512154, 49.413796599999984 ], [ 8.6512216, 49.4137969 ] ] ], [ [ [ 8.642910023119907, 49.416992069836098 ], [ 8.642910023119907, 49.418056564641425 ], [ 8.642910023119907, 49.418948226754758 ], [ 8.6432758, 49.4186451 ], [ 8.6438471, 49.4182021 ], [ 8.6437464, 49.4180715 ], [ 8.644012, 49.4180016 ], [ 8.6442136, 49.417831499999984 ], [ 8.6448186, 49.4173287 ], [ 8.6452446, 49.4168217 ], [ 8.6453695, 49.416687 ], [ 8.6442143, 49.4168449 ], [ 8.6438889, 49.416408 ], [ 8.6433678, 49.4164172 ], [ 8.6433147, 49.4164181 ], [ 8.6432621, 49.4163305 ], [ 8.6435043, 49.4163078 ], [ 8.6437645, 49.4162606 ], [ 8.643971, 49.416248399999986 ], [ 8.6450547, 49.416114099999987 ], [ 8.6450198, 49.4160268 ], [ 8.6449301, 49.4159487 ], [ 8.6441815, 49.4153967 ], [ 8.6439784, 49.415247 ], [ 8.6433721, 49.4148 ], [ 8.6431607, 49.4146442 ], [ 8.6429439, 49.4144843 ], [ 8.642910023119907, 49.414478124708779 ], [ 8.642910023119907, 49.414689268038437 ], [ 8.642910023119907, 49.414875582071645 ], [ 8.642910023119907, 49.415421496228689 ], [ 8.642910023119907, 49.415601074798317 ], [ 8.642910023119907, 49.416223594571861 ], [ 8.642910023119907, 49.416378297871489 ], [ 8.642910023119907, 49.416992069836098 ] ] ], [ [ [ 8.6445209, 49.4150444 ], [ 8.6449018, 49.415365499999986 ], [ 8.6452692, 49.4156342 ], [ 8.6456394, 49.4158925 ], [ 8.6458995, 49.416096699999983 ], [ 8.6459693, 49.4161194 ], [ 8.6460176, 49.416124599999989 ], [ 8.64609, 49.4161124 ], [ 8.646149, 49.4160845 ], [ 8.6462, 49.4160321 ], [ 8.6462724, 49.4159047 ], [ 8.6463072, 49.415780799999986 ], [ 8.6462938, 49.4156744 ], [ 8.6462617, 49.4154876 ], [ 8.6462375, 49.4151753 ], [ 8.6461517, 49.4144075 ], [ 8.6461061, 49.4140986 ], [ 8.646039, 49.4139782 ], [ 8.64598, 49.4139049 ], [ 8.6459237, 49.4138404 ], [ 8.6458742, 49.4138071 ], [ 8.645873, 49.4138078 ], [ 8.6457412, 49.4137846 ], [ 8.6455556, 49.4137916 ], [ 8.64455, 49.4140185 ], [ 8.6437257, 49.414231499999985 ], [ 8.6437109, 49.414264399999986 ], [ 8.6438933, 49.4144354 ], [ 8.6445209, 49.4150444 ] ] ], [ [ [ 8.6450491, 49.4159325 ], [ 8.6449847, 49.415922 ], [ 8.6451135, 49.4160058 ], [ 8.6451706, 49.416006 ], [ 8.6451706, 49.4159606 ], [ 8.6451081, 49.4159116 ], [ 8.6449936, 49.4158419 ], [ 8.6450491, 49.4159325 ] ] ], [ [ [ 8.6463447, 49.4158383 ], [ 8.6462918, 49.4159588 ], [ 8.6462301, 49.4160653 ], [ 8.646163, 49.4161124 ], [ 8.6460846, 49.4161437 ], [ 8.646045, 49.4161543 ], [ 8.6460175, 49.4161769 ], [ 8.6460255, 49.4162083 ], [ 8.6460879, 49.4161996 ], [ 8.6461409, 49.4161838 ], [ 8.6461838, 49.4161577 ], [ 8.6462193, 49.4161281 ], [ 8.6462857, 49.4160443 ], [ 8.6463508, 49.4159431 ], [ 8.6463876, 49.4158541 ], [ 8.6464125, 49.4157599 ], [ 8.6464198, 49.4156534 ], [ 8.6463528, 49.41564120000001 ], [ 8.6463581, 49.4157005 ], [ 8.6463447, 49.4158383 ] ] ], [ [ [ 8.6466077, 49.416142 ], [ 8.64623, 49.4166331 ], [ 8.6461515, 49.4168318 ], [ 8.6462508, 49.4169935 ], [ 8.6471037, 49.4171122 ], [ 8.6477463, 49.4172092 ], [ 8.6479942, 49.4172588 ], [ 8.6488525, 49.4174228 ], [ 8.6489185, 49.4171368 ], [ 8.6490019, 49.4167494 ], [ 8.6492975, 49.4152137 ], [ 8.6491213, 49.4151928 ], [ 8.6471297, 49.4149893 ], [ 8.6471019, 49.4151369 ], [ 8.6466749, 49.4150951 ], [ 8.6467364, 49.415655099999988 ], [ 8.6467391, 49.4158471 ], [ 8.6467042, 49.4159937 ], [ 8.6466077, 49.416142 ] ] ], [ [ [ 8.6452415, 49.4160631 ], [ 8.6452569, 49.4160927 ], [ 8.6453193, 49.416119 ], [ 8.6454561, 49.4161766 ], [ 8.6455359, 49.4162271 ], [ 8.6456244, 49.416300399999983 ], [ 8.6456754, 49.4163475 ], [ 8.6457082, 49.4164156 ], [ 8.6457424, 49.41642250000001 ], [ 8.6457243, 49.4163667 ], [ 8.6456807, 49.416314299999989 ], [ 8.6456029, 49.416248 ], [ 8.6455278, 49.41618 ], [ 8.6454152, 49.4160979 ], [ 8.6453428, 49.4160404 ], [ 8.6453005, 49.4160335 ], [ 8.6452596, 49.416047299999988 ], [ 8.6452415, 49.4160631 ] ] ], [ [ [ 8.6440843, 49.4180388 ], [ 8.6438905, 49.4180928 ], [ 8.6439434, 49.418164 ], [ 8.644048, 49.418123799999989 ], [ 8.6444001, 49.417841499999987 ], [ 8.6449473, 49.4173599 ], [ 8.6450787, 49.417216799999984 ], [ 8.6452504, 49.4170319 ], [ 8.6453798, 49.4168976 ], [ 8.6454945, 49.4167754 ], [ 8.6456078, 49.4166638 ], [ 8.645709, 49.4165625 ], [ 8.6457305, 49.4165171 ], [ 8.6457332, 49.4164822 ], [ 8.6457037, 49.416477 ], [ 8.6456185, 49.4165469 ], [ 8.6453979, 49.4167405 ], [ 8.6452397, 49.4168958 ], [ 8.6448829, 49.4173093 ], [ 8.6448246, 49.417374 ], [ 8.6443901, 49.4177648 ], [ 8.6440843, 49.4180388 ] ] ], [ [ [ 8.649197, 49.4170109 ], [ 8.6490849, 49.4176624 ], [ 8.6523453, 49.4182168 ], [ 8.6526343, 49.4175974 ], [ 8.649197, 49.4170109 ] ] ], [ [ [ 8.6439428, 49.4183321 ], [ 8.6440036, 49.4183506 ], [ 8.6440684, 49.4183394 ], [ 8.6441069, 49.4183037 ], [ 8.6441012, 49.418260200000013 ], [ 8.6440538, 49.4182293 ], [ 8.643987, 49.4182255 ], [ 8.643932, 49.418250399999984 ], [ 8.6439146, 49.4182926 ], [ 8.6439428, 49.4183321 ] ] ], [ [ [ 8.6602117, 49.4184747 ], [ 8.6602324, 49.4183763 ], [ 8.660217, 49.4182485 ], [ 8.6601661, 49.4181749 ], [ 8.6600846, 49.4181194 ], [ 8.6599504, 49.418071 ], [ 8.6596046, 49.4180078 ], [ 8.6588033, 49.4178827 ], [ 8.6586989, 49.4178737 ], [ 8.6585333, 49.4178954 ], [ 8.6583863, 49.4179811 ], [ 8.6582787, 49.4181178 ], [ 8.6582277, 49.4182473 ], [ 8.6582331, 49.418392699999984 ], [ 8.6583234, 49.4185029 ], [ 8.6583848, 49.41854270000001 ], [ 8.6584698, 49.4185732 ], [ 8.6597132, 49.418777 ], [ 8.6598176, 49.4187749 ], [ 8.6599043, 49.4187517 ], [ 8.6600197, 49.4187035 ], [ 8.6601405, 49.4186026 ], [ 8.6602117, 49.4184747 ] ] ], [ [ [ 8.6572352, 49.4204578 ], [ 8.6571771, 49.4204621 ], [ 8.6571453, 49.4204757 ], [ 8.6571056, 49.420475099999983 ], [ 8.6570727, 49.420464499999987 ], [ 8.6570534, 49.420449 ], [ 8.657002254755897, 49.420480364711658 ], [ 8.657332358723851, 49.420480364711658 ], [ 8.6572352, 49.4204578 ] ] ], [ [ [ 8.6646687, 49.4024577 ], [ 8.664591338980221, 49.402390537699866 ], [ 8.66447169674923, 49.402390537699866 ], [ 8.6645254, 49.4024372 ], [ 8.6644979, 49.4024507 ], [ 8.6644917, 49.402453499999986 ], [ 8.6645569, 49.4025111 ], [ 8.6646687, 49.4024577 ] ] ], [ [ [ 8.6658292, 49.4027668 ], [ 8.6657394, 49.4026588 ], [ 8.6655861, 49.4027325 ], [ 8.6656328, 49.4028085 ], [ 8.6658292, 49.4027668 ] ] ], [ [ [ 8.6652861, 49.4026998 ], [ 8.6652017, 49.402561 ], [ 8.6645311, 49.4028888 ], [ 8.6646595, 49.4029982 ], [ 8.6652861, 49.4026998 ] ] ], [ [ [ 8.6636603, 49.4027824 ], [ 8.6636559, 49.4028062 ], [ 8.663666, 49.4028277 ], [ 8.6636912, 49.402852 ], [ 8.663716, 49.402871 ], [ 8.6637392, 49.4028851 ], [ 8.6637612, 49.4028914 ], [ 8.6637843, 49.4028935 ], [ 8.6637912, 49.402892699999988 ], [ 8.6637957, 49.4028882 ], [ 8.6637961, 49.4028681 ], [ 8.6637851, 49.402851199999986 ], [ 8.6637547, 49.4028152 ], [ 8.6637229, 49.4027951 ], [ 8.6636868, 49.4027816 ], [ 8.6636685, 49.4027787 ], [ 8.6636603, 49.4027824 ] ] ], [ [ [ 8.6658875, 49.402837 ], [ 8.6658524, 49.4027947 ], [ 8.6656528, 49.402841099999989 ], [ 8.6657017, 49.4029208 ], [ 8.6658875, 49.402837 ] ] ], [ [ [ 8.6657499, 49.402999199999982 ], [ 8.6659615, 49.402926 ], [ 8.665911, 49.4028653 ], [ 8.6657184, 49.4029479 ], [ 8.6657499, 49.402999199999982 ] ] ], [ [ [ 8.6616874, 49.4030233 ], [ 8.6616773, 49.4030101 ], [ 8.6616683, 49.4030037 ], [ 8.6616557, 49.4030071 ], [ 8.661646, 49.4030148 ], [ 8.6616439, 49.4030251 ], [ 8.661646, 49.4030355 ], [ 8.6616553, 49.4030399 ], [ 8.6616679, 49.4030386 ], [ 8.6616834, 49.4030317 ], [ 8.6616874, 49.4030233 ] ] ], [ [ [ 8.6616866, 49.4030728 ], [ 8.6616732, 49.403068 ], [ 8.6616529, 49.403068299999987 ], [ 8.6616452, 49.4030735 ], [ 8.6616464, 49.4030857 ], [ 8.6616525, 49.4030915 ], [ 8.66167, 49.4030892 ], [ 8.6616846, 49.4030833 ], [ 8.6616866, 49.4030728 ] ] ], [ [ [ 8.6628903, 49.4038402 ], [ 8.664577, 49.40304 ], [ 8.6644518, 49.4029315 ], [ 8.6627846, 49.4037543 ], [ 8.6628903, 49.4038402 ] ] ], [ [ [ 8.6627016, 49.4037956 ], [ 8.6619056, 49.4041686 ], [ 8.6619974, 49.4042492 ], [ 8.6628004, 49.4038832 ], [ 8.6627016, 49.4037956 ] ] ], [ [ [ 8.6667323, 49.4040174 ], [ 8.6667601, 49.4040706 ], [ 8.6668207, 49.4040562 ], [ 8.6667909, 49.4040035 ], [ 8.6667323, 49.4040174 ] ] ], [ [ [ 8.6659214, 49.4039181 ], [ 8.6658959, 49.4038609 ], [ 8.6623081, 49.4046207 ], [ 8.6623353, 49.4046745 ], [ 8.6659214, 49.4039181 ] ] ], [ [ [ 8.6601651, 49.405069 ], [ 8.6601425, 49.4050843 ], [ 8.6601415, 49.405108 ], [ 8.6601484, 49.4051169 ], [ 8.66017, 49.4051361 ], [ 8.6601966, 49.4051425 ], [ 8.6619714, 49.4047596 ], [ 8.661944, 49.4046874 ], [ 8.6601651, 49.405069 ] ] ], [ [ [ 8.6665405, 49.405203 ], [ 8.6666628, 49.4051869 ], [ 8.666687, 49.405182 ], [ 8.66671, 49.4051716 ], [ 8.6667352, 49.4051464 ], [ 8.6667454, 49.4051115 ], [ 8.6667373, 49.4050794 ], [ 8.6666812, 49.4049922 ], [ 8.6664966, 49.4050245 ], [ 8.6665405, 49.405203 ] ] ], [ [ [ 8.6633043, 49.4080814 ], [ 8.6624201, 49.4082807 ], [ 8.6616701, 49.4084239 ], [ 8.6614355, 49.4084774 ], [ 8.6615322, 49.4085861 ], [ 8.6619977, 49.4084511 ], [ 8.6622388, 49.4083854 ], [ 8.6627449, 49.4082678 ], [ 8.6633805, 49.4081075 ], [ 8.6637352, 49.4080223 ], [ 8.663655, 49.4080991 ], [ 8.6635969, 49.40822 ], [ 8.6636122, 49.4082984 ], [ 8.6634823, 49.4083189 ], [ 8.663146, 49.4083938 ], [ 8.6631317, 49.4086495 ], [ 8.663585, 49.408551399999986 ], [ 8.6636639, 49.4086312 ], [ 8.6641805, 49.4085133 ], [ 8.6651281, 49.4083101 ], [ 8.6656604, 49.4082356 ], [ 8.666048, 49.4081774 ], [ 8.6663995, 49.4081321 ], [ 8.6674162, 49.408056599999988 ], [ 8.6676692, 49.40803780000001 ], [ 8.6676977, 49.4073119 ], [ 8.6681382, 49.4073154 ], [ 8.6681428, 49.4071795 ], [ 8.6681506, 49.406951499999984 ], [ 8.6678514, 49.4069125 ], [ 8.6676762, 49.4066137 ], [ 8.6675274, 49.406634 ], [ 8.66707, 49.4067743 ], [ 8.6663995, 49.4069923 ], [ 8.6652091, 49.4074427 ], [ 8.6643503, 49.4077457 ], [ 8.6637008, 49.4079633 ], [ 8.6636612, 49.407969 ], [ 8.6633043, 49.4080814 ] ] ], [ [ [ 8.6627881, 49.4090972 ], [ 8.6642177, 49.408776 ], [ 8.6650787, 49.4086216 ], [ 8.6662093, 49.4084828 ], [ 8.6669201, 49.408386 ], [ 8.6674444, 49.4083293 ], [ 8.6678629, 49.4082952 ], [ 8.6681045, 49.4082832 ], [ 8.6681016, 49.4082507 ], [ 8.6675772, 49.4082708 ], [ 8.6662348, 49.4083755 ], [ 8.66506, 49.4085369 ], [ 8.664199, 49.4087167 ], [ 8.6627626, 49.409071 ], [ 8.662363, 49.4091713 ], [ 8.6623818, 49.4091966 ], [ 8.6627881, 49.4090972 ] ] ], [ [ [ 8.667392, 49.4121161 ], [ 8.6666088, 49.4121789 ], [ 8.6664291, 49.4122147 ], [ 8.6660482, 49.412342899999985 ], [ 8.6656003, 49.412603 ], [ 8.6650853, 49.4129607 ], [ 8.6652903, 49.4133191 ], [ 8.6656832, 49.4132149 ], [ 8.6655088, 49.4128489 ], [ 8.6659935, 49.412545 ], [ 8.666613, 49.4124084 ], [ 8.6666297, 49.4124697 ], [ 8.6680229, 49.4124866 ], [ 8.6681625, 49.4123023 ], [ 8.6701511, 49.412271 ], [ 8.6703134, 49.41246469999998 ], [ 8.6703189, 49.4125217 ], [ 8.6703064, 49.4126981 ], [ 8.6703056, 49.4127043 ], [ 8.6705457, 49.4127026 ], [ 8.6705415, 49.4124713 ], [ 8.6712414, 49.4124791 ], [ 8.6712407, 49.4126503 ], [ 8.6719015, 49.4126511 ], [ 8.6719549, 49.4117005 ], [ 8.6727975, 49.4116151 ], [ 8.6734847, 49.4115507 ], [ 8.67416, 49.4114949 ], [ 8.6751719, 49.4114784 ], [ 8.6754118, 49.4114883 ], [ 8.6756339, 49.4115129 ], [ 8.6758981, 49.4115542 ], [ 8.6759229, 49.4113807 ], [ 8.6759236, 49.4113266 ], [ 8.6753804, 49.411303 ], [ 8.6746737, 49.4113057 ], [ 8.6742043, 49.4113231 ], [ 8.6737979, 49.4113571 ], [ 8.6731931, 49.4114261 ], [ 8.6728712, 49.411474099999985 ], [ 8.6718212, 49.411646 ], [ 8.6715817, 49.4116835 ], [ 8.6713243, 49.4117035 ], [ 8.6713284, 49.4117207 ], [ 8.6713351, 49.4117634 ], [ 8.6700945, 49.4118734 ], [ 8.6693035, 49.4119445 ], [ 8.6687488, 49.4120391 ], [ 8.6682689, 49.4120864 ], [ 8.6679489, 49.4120891 ], [ 8.6676736, 49.4120986 ], [ 8.667392, 49.4121161 ] ] ], [ [ [ 8.6632939, 49.4136028 ], [ 8.6632836, 49.4135917 ], [ 8.6632762, 49.4135827 ], [ 8.663275, 49.4135488 ], [ 8.6632704, 49.4135384 ], [ 8.6632514, 49.413515199999985 ], [ 8.6632958, 49.4134357 ], [ 8.6633105, 49.413406499999986 ], [ 8.6633119, 49.4133588 ], [ 8.6632786, 49.4133335 ], [ 8.6631943, 49.4133424 ], [ 8.6631536, 49.4133875 ], [ 8.6630372, 49.4134527 ], [ 8.6630098, 49.4134743 ], [ 8.6629861, 49.4134834 ], [ 8.6629451, 49.4134907 ], [ 8.6629055, 49.4134919 ], [ 8.6628559, 49.413478 ], [ 8.6627374, 49.4135041 ], [ 8.6627635, 49.4135287 ], [ 8.6627853, 49.4135402 ], [ 8.6628076, 49.4135317 ], [ 8.6628328, 49.4135693 ], [ 8.662796, 49.413571 ], [ 8.6627868, 49.4135887 ], [ 8.6628603, 49.4137448 ], [ 8.6628724, 49.4137553 ], [ 8.6628895, 49.4137635 ], [ 8.6629099, 49.4137643 ], [ 8.6631124, 49.4137216 ], [ 8.663157, 49.4137187 ], [ 8.6632011, 49.4137236 ], [ 8.6632457, 49.4137297 ], [ 8.6633008, 49.4137251 ], [ 8.6633469, 49.413697799999987 ], [ 8.6632904, 49.4136314 ], [ 8.6632876, 49.4136189 ], [ 8.6632939, 49.4136028 ] ] ], [ [ [ 8.6616254, 49.414125 ], [ 8.6615718, 49.4141171 ], [ 8.661528, 49.4141322 ], [ 8.6615608, 49.4142494 ], [ 8.661666, 49.4142605 ], [ 8.6619015, 49.414204 ], [ 8.6619856, 49.4141829 ], [ 8.6619564, 49.4141211 ], [ 8.6619041, 49.4141084 ], [ 8.6618201, 49.414064099999983 ], [ 8.6617604, 49.4140736 ], [ 8.6617592, 49.4140965 ], [ 8.6616254, 49.414125 ] ] ], [ [ [ 8.6633148, 49.4142697 ], [ 8.663236, 49.414281 ], [ 8.6632254, 49.4142685 ], [ 8.6631413, 49.4142871 ], [ 8.6630803, 49.414312 ], [ 8.6630744, 49.4143359 ], [ 8.6631871, 49.4145499 ], [ 8.6632246, 49.4145456 ], [ 8.6632962, 49.4145244 ], [ 8.6633867, 49.414502 ], [ 8.6634986, 49.4144808 ], [ 8.6634742, 49.4144199 ], [ 8.6634084, 49.4143021 ], [ 8.6633762, 49.4142386 ], [ 8.6633121, 49.4142532 ], [ 8.6633148, 49.4142697 ] ] ], [ [ [ 8.6630094, 49.4143865 ], [ 8.6629692, 49.414411 ], [ 8.6628887, 49.4144145 ], [ 8.6628605, 49.4144581 ], [ 8.6627921, 49.4144729 ], [ 8.6627854, 49.4144485 ], [ 8.6627452, 49.414445 ], [ 8.6627358, 49.414411 ], [ 8.6626875, 49.414418 ], [ 8.6626916, 49.4144433 ], [ 8.6627385, 49.414481599999988 ], [ 8.6628525, 49.4147094 ], [ 8.662941, 49.4146928 ], [ 8.6629061, 49.4146736 ], [ 8.6629102, 49.4146369 ], [ 8.6629544, 49.414623 ], [ 8.6630188, 49.4146247 ], [ 8.6630255, 49.414642199999989 ], [ 8.6630899, 49.4146265 ], [ 8.6631073, 49.4145959 ], [ 8.6630094, 49.4143865 ] ] ], [ [ [ 8.6627142, 49.4146704 ], [ 8.6626637, 49.4145697 ], [ 8.6625972, 49.4144595 ], [ 8.6625315, 49.4144622 ], [ 8.6624846, 49.4144525 ], [ 8.6624795, 49.4144397 ], [ 8.6624731, 49.4144234 ], [ 8.6622114, 49.4144762 ], [ 8.662348, 49.4147482 ], [ 8.6627142, 49.4146704 ] ] ], [ [ [ 8.6630551, 49.415050199999989 ], [ 8.6629907, 49.4150444 ], [ 8.6629422, 49.41507630000001 ], [ 8.6629405, 49.4150849 ], [ 8.6628796, 49.4151171 ], [ 8.6628466, 49.415124 ], [ 8.6628208, 49.4151263 ], [ 8.6627601, 49.4151433 ], [ 8.6628443, 49.415165599999987 ], [ 8.6628997, 49.4152616 ], [ 8.6629548, 49.4152801 ], [ 8.6630519, 49.4152594 ], [ 8.6632226, 49.415171799999989 ], [ 8.6634801, 49.4151709 ], [ 8.6637163, 49.4151058 ], [ 8.6636845, 49.4150573 ], [ 8.6636573, 49.4150159 ], [ 8.6633417, 49.414962899999985 ], [ 8.6632756, 49.415004 ], [ 8.6631468, 49.4150376 ], [ 8.6630551, 49.415050199999989 ] ] ], [ [ [ 8.6604622, 49.4154257 ], [ 8.6604533, 49.4154017 ], [ 8.6603043, 49.4154348 ], [ 8.6603193, 49.4154523 ], [ 8.6604622, 49.4154257 ] ] ], [ [ [ 8.6623952, 49.4161293 ], [ 8.6624642, 49.4161839 ], [ 8.6624911, 49.4161904 ], [ 8.6625159, 49.4161843 ], [ 8.66253, 49.4161725 ], [ 8.6625179, 49.4161123 ], [ 8.6624998, 49.416099699999982 ], [ 8.6624146, 49.4160992 ], [ 8.6623905, 49.4161128 ], [ 8.6623952, 49.4161293 ] ] ], [ [ [ 8.6650197, 49.4184548 ], [ 8.6647488, 49.4184522 ], [ 8.6647542, 49.4187113 ], [ 8.6647649, 49.4187279 ], [ 8.6654542, 49.4187297 ], [ 8.6654542, 49.4186538 ], [ 8.6650251, 49.4186529 ], [ 8.6650197, 49.4184548 ] ] ], [ [ [ 8.6666921, 49.4186189 ], [ 8.6666069, 49.4186014 ], [ 8.666562, 49.418590500000015 ], [ 8.6665479, 49.4186459 ], [ 8.6665492, 49.4187 ], [ 8.666568, 49.4187323 ], [ 8.6666472, 49.418727 ], [ 8.66679, 49.4187022 ], [ 8.6668262, 49.4186935 ], [ 8.6667752, 49.4186468 ], [ 8.6666921, 49.4186189 ] ] ], [ [ [ 8.6649381, 49.4187618 ], [ 8.6649229, 49.4187534 ], [ 8.6648143, 49.4187625 ], [ 8.6648061, 49.4187762 ], [ 8.6648435, 49.4188202 ], [ 8.6648703, 49.4188172 ], [ 8.6649381, 49.4187618 ] ] ], [ [ [ 8.6647629, 49.418904599999983 ], [ 8.6647763, 49.418813799999988 ], [ 8.6646945, 49.4187637 ], [ 8.6646073, 49.418923299999989 ], [ 8.6646965, 49.4189364 ], [ 8.6647488, 49.4189325 ], [ 8.6647629, 49.418904599999983 ] ] ], [ [ [ 8.6653653, 49.4187543 ], [ 8.6651902, 49.4187434 ], [ 8.6650081, 49.4187531 ], [ 8.6649356, 49.418804 ], [ 8.6648494, 49.4188675 ], [ 8.6648373, 49.41891720000001 ], [ 8.6648548, 49.4189408 ], [ 8.6649218, 49.418953 ], [ 8.6650962, 49.4189626 ], [ 8.6652571, 49.4189652 ], [ 8.6653751, 49.4189007 ], [ 8.6655509, 49.4188014 ], [ 8.6655511, 49.4187849 ], [ 8.6654874, 49.4187665 ], [ 8.6653653, 49.4187543 ] ] ], [ [ [ 8.6656983, 49.4188215 ], [ 8.6656086, 49.4188159 ], [ 8.6655596, 49.4188359 ], [ 8.6653908, 49.4189355 ], [ 8.6653832, 49.4189606 ], [ 8.6655092, 49.4189626 ], [ 8.665764, 49.4189687 ], [ 8.6659276, 49.418967 ], [ 8.6660061, 49.4188759 ], [ 8.6659767, 49.4188412 ], [ 8.6659042, 49.4188362 ], [ 8.6656983, 49.4188215 ] ] ], [ [ [ 8.6661714, 49.4188112 ], [ 8.6661228, 49.41883 ], [ 8.6660799, 49.418854 ], [ 8.6660001, 49.4189687 ], [ 8.6660735, 49.4189746 ], [ 8.6661734, 49.4189755 ], [ 8.6661714, 49.4188112 ] ] ], [ [ [ 8.6669509, 49.4190128 ], [ 8.6669214, 49.4189966 ], [ 8.6668892, 49.4189835 ], [ 8.6668356, 49.418984 ], [ 8.6667906, 49.4189896 ], [ 8.6667357, 49.4190045 ], [ 8.6666894, 49.4190158 ], [ 8.6666076, 49.4190167 ], [ 8.6665366, 49.4190238 ], [ 8.6665345, 49.4190372 ], [ 8.6665526, 49.4190498 ], [ 8.6665774, 49.4190564 ], [ 8.66668, 49.419055899999989 ], [ 8.6667471, 49.4190503 ], [ 8.6668215, 49.41904550000001 ], [ 8.6668932, 49.4190446 ], [ 8.6669442, 49.4190463 ], [ 8.6669697, 49.4190359 ], [ 8.6669509, 49.4190128 ] ] ], [ [ [ 8.6663357, 49.4038302 ], [ 8.6672871, 49.4036305 ], [ 8.6672616, 49.4035755 ], [ 8.6663068, 49.4037791 ], [ 8.6663357, 49.4038302 ] ] ], [ [ [ 8.6671672, 49.4039203 ], [ 8.6671755, 49.4039341 ], [ 8.6672509, 49.4039198 ], [ 8.6672753, 49.4039697 ], [ 8.6673111, 49.403961 ], [ 8.6672778, 49.4038982 ], [ 8.6671672, 49.4039203 ] ] ], [ [ [ 8.6688984, 49.404697 ], [ 8.6689334, 49.4046817 ], [ 8.668975, 49.4046623 ], [ 8.6685277, 49.4042565 ], [ 8.6684937, 49.40427 ], [ 8.6684518, 49.4042865 ], [ 8.6684044, 49.4043031 ], [ 8.6688627, 49.4047138 ], [ 8.6688984, 49.404697 ] ] ], [ [ [ 8.6672766, 49.4045679 ], [ 8.6672285, 49.4044867 ], [ 8.6670112, 49.4045419 ], [ 8.6670212, 49.4045619 ], [ 8.6671328, 49.4046065 ], [ 8.6672766, 49.4045679 ] ] ], [ [ [ 8.6683511, 49.4045789 ], [ 8.668298, 49.4045323 ], [ 8.6682143, 49.404553 ], [ 8.6682558, 49.4046194 ], [ 8.6683511, 49.4045789 ] ] ], [ [ [ 8.6671596, 49.404618 ], [ 8.6673515, 49.4046904 ], [ 8.6672894, 49.404584799999988 ], [ 8.6671596, 49.404618 ] ] ], [ [ [ 8.6684449, 49.404664 ], [ 8.6684046, 49.4046256 ], [ 8.6683828, 49.404604199999987 ], [ 8.6682846, 49.404648199999983 ], [ 8.6682997, 49.4046776 ], [ 8.6683551, 49.4046502 ], [ 8.6683719, 49.4046601 ], [ 8.6683921, 49.4046638 ], [ 8.6684203, 49.4046673 ], [ 8.6684449, 49.404664 ] ] ], [ [ [ 8.6673536, 49.4046264 ], [ 8.6674004, 49.4047107 ], [ 8.6676114, 49.404655699999985 ], [ 8.6675917, 49.4046238 ], [ 8.6674609, 49.4046594 ], [ 8.6674303, 49.404610099999985 ], [ 8.6673536, 49.4046264 ] ] ], [ [ [ 8.6670525, 49.4045932 ], [ 8.6670416, 49.4045962 ], [ 8.6671458, 49.4047769 ], [ 8.6673629, 49.4047215 ], [ 8.6670525, 49.4045932 ] ] ], [ [ [ 8.6677622, 49.4048055 ], [ 8.6676999, 49.404696799999989 ], [ 8.667119, 49.4048457 ], [ 8.667128, 49.4048632 ], [ 8.6676818, 49.404718299999985 ], [ 8.6676925, 49.404735499999987 ], [ 8.6677403, 49.4048121 ], [ 8.6677622, 49.4048055 ] ] ], [ [ [ 8.6679338, 49.4046536 ], [ 8.6681091, 49.4049379 ], [ 8.6681544, 49.4049249 ], [ 8.6679841, 49.4046402 ], [ 8.6679338, 49.4046536 ] ] ], [ [ [ 8.6676055, 49.4049493 ], [ 8.6674933, 49.4049784 ], [ 8.6675444, 49.4050683 ], [ 8.6676567, 49.4050545 ], [ 8.6676055, 49.4049493 ] ] ], [ [ [ 8.6673339, 49.405088099999986 ], [ 8.6675011, 49.405072 ], [ 8.6674537, 49.404989 ], [ 8.6673034, 49.4050291 ], [ 8.6673339, 49.405088099999986 ] ] ], [ [ [ 8.6680752, 49.4050665 ], [ 8.6684147, 49.4050343 ], [ 8.6686368, 49.4050122 ], [ 8.6687936, 49.404998599999985 ], [ 8.6689502, 49.4049849 ], [ 8.6689483, 49.4049784 ], [ 8.6688706, 49.4049836 ], [ 8.6687441, 49.4049933 ], [ 8.6686354, 49.4050003 ], [ 8.6684091, 49.4050252 ], [ 8.6679883, 49.405071 ], [ 8.6673151, 49.4051461 ], [ 8.6673129, 49.4051509 ], [ 8.6676638, 49.405144 ], [ 8.6677239, 49.4051401 ], [ 8.6678033, 49.4051352 ], [ 8.6678488, 49.405127899999989 ], [ 8.6678918, 49.4051125 ], [ 8.6679363, 49.405091599999984 ], [ 8.6679808, 49.4050776 ], [ 8.6680752, 49.4050665 ] ] ], [ [ [ 8.6672616, 49.4050369 ], [ 8.6671687, 49.4050614 ], [ 8.6671935, 49.405107099999988 ], [ 8.6672949, 49.405096 ], [ 8.6672616, 49.4050369 ] ] ], [ [ [ 8.6670652, 49.4051306 ], [ 8.6671687, 49.4051167 ], [ 8.6671425, 49.4050688 ], [ 8.6670269, 49.4050988 ], [ 8.6670404, 49.4051255 ], [ 8.6670652, 49.4051306 ] ] ], [ [ [ 8.6686782, 49.4052288 ], [ 8.6686777, 49.4052141 ], [ 8.6685961, 49.4052183 ], [ 8.6684513, 49.4052295 ], [ 8.6683198, 49.4052417 ], [ 8.668102, 49.4052574 ], [ 8.6681031, 49.4052658 ], [ 8.668219, 49.4052609 ], [ 8.6684974, 49.405244099999983 ], [ 8.6686782, 49.4052288 ] ] ], [ [ [ 8.6674074, 49.4052962 ], [ 8.6675801, 49.4052889 ], [ 8.6676858, 49.405285 ], [ 8.6676858, 49.4052753 ], [ 8.6674433, 49.405278399999986 ], [ 8.6673253, 49.4052826 ], [ 8.6672089, 49.4052892 ], [ 8.667211, 49.4053077 ], [ 8.6674074, 49.4052962 ] ] ], [ [ [ 8.6681083, 49.408019500000016 ], [ 8.6681257, 49.408034799999989 ], [ 8.6681572, 49.408036099999983 ], [ 8.6682665, 49.4080125 ], [ 8.6684637, 49.4079951 ], [ 8.6684744, 49.4079837 ], [ 8.6683939, 49.4079506 ], [ 8.6682451, 49.407879 ], [ 8.66818, 49.4079689 ], [ 8.6681083, 49.408019500000016 ] ] ], [ [ [ 8.6678305, 49.4083898 ], [ 8.6678308, 49.408383 ], [ 8.6678194, 49.4083774 ], [ 8.6677751, 49.4083744 ], [ 8.6675726, 49.4083943 ], [ 8.6674178, 49.4083946 ], [ 8.6674148, 49.4085212 ], [ 8.6678305, 49.4083898 ] ] ], [ [ [ 8.668967, 49.4082922 ], [ 8.6688995, 49.408285 ], [ 8.6688048, 49.4082871 ], [ 8.668338, 49.4083636 ], [ 8.6682907, 49.4086367 ], [ 8.6682886, 49.4088053 ], [ 8.6682989, 49.409268499999989 ], [ 8.6692062, 49.4091387 ], [ 8.6693399, 49.4090864 ], [ 8.6694469, 49.4088455 ], [ 8.6691424, 49.4084052 ], [ 8.6690936, 49.4083297 ], [ 8.6690386, 49.4083089 ], [ 8.668967, 49.4082922 ] ] ], [ [ [ 8.6690766, 49.4092874 ], [ 8.6689934, 49.4092878 ], [ 8.6686903, 49.4093345 ], [ 8.6686957, 49.409352099999978 ], [ 8.669503, 49.409242 ], [ 8.6694963, 49.4092307 ], [ 8.6691215, 49.409287800000016 ], [ 8.6690766, 49.4092874 ] ] ], [ [ [ 8.667587, 49.412777299999988 ], [ 8.6678123, 49.4127796 ], [ 8.6678157, 49.4126402 ], [ 8.6675904, 49.4126379 ], [ 8.667587, 49.412777299999988 ] ] ], [ [ [ 8.6681896, 49.4165111 ], [ 8.6681895, 49.4164738 ], [ 8.6680487, 49.416474 ], [ 8.6680488, 49.4165113 ], [ 8.6681896, 49.4165111 ] ] ], [ [ [ 8.6683828, 49.4167663 ], [ 8.6683823, 49.4167371 ], [ 8.6683406, 49.4167376 ], [ 8.6683413, 49.416766199999984 ], [ 8.6683828, 49.4167663 ] ] ], [ [ [ 8.6681014, 49.4167679 ], [ 8.6681409, 49.4167677 ], [ 8.6681405, 49.416739 ], [ 8.668101, 49.41673930000001 ], [ 8.6681014, 49.4167679 ] ] ], [ [ [ 8.6684181, 49.417628699999987 ], [ 8.6687081, 49.41763 ], [ 8.668743, 49.4176285 ], [ 8.6687425, 49.4175638 ], [ 8.6686916, 49.4175455 ], [ 8.6685505, 49.417551799999984 ], [ 8.6684327, 49.4175515 ], [ 8.6684327, 49.4176159 ], [ 8.6684175, 49.417616 ], [ 8.6684181, 49.417628699999987 ] ] ], [ [ [ 8.6683291, 49.4176292 ], [ 8.6683287, 49.4176169 ], [ 8.6683137, 49.4176165 ], [ 8.6683132, 49.4175521 ], [ 8.6680671, 49.4175559 ], [ 8.6680151, 49.4176299 ], [ 8.6683291, 49.4176292 ] ] ], [ [ [ 8.6680341, 49.4179841 ], [ 8.6678466, 49.417872299999985 ], [ 8.6678511, 49.4180885 ], [ 8.6678736, 49.4180883 ], [ 8.6680341, 49.4179841 ] ] ], [ [ [ 8.6688747, 49.4177312 ], [ 8.6688922, 49.41791 ], [ 8.668742, 49.417905199999986 ], [ 8.6687527, 49.418057 ], [ 8.6679789, 49.4180631 ], [ 8.6678883, 49.4181176 ], [ 8.6678944, 49.4186333 ], [ 8.6679846, 49.41864480000001 ], [ 8.6679866, 49.4184334 ], [ 8.6679879, 49.4181642 ], [ 8.6692844, 49.4181565 ], [ 8.6692925, 49.4179331 ], [ 8.6690498, 49.4179348 ], [ 8.6690672, 49.4177307 ], [ 8.6688747, 49.4177312 ] ] ], [ [ [ 8.6676637, 49.4182503 ], [ 8.6676878, 49.4182647 ], [ 8.667714, 49.4182995 ], [ 8.6677153, 49.4183235 ], [ 8.6677039, 49.418365 ], [ 8.6677066, 49.418375 ], [ 8.6677495, 49.4183798 ], [ 8.6677837, 49.4183829 ], [ 8.667771, 49.418154699999988 ], [ 8.6677375, 49.4181556 ], [ 8.6676959, 49.4181669 ], [ 8.667665, 49.4181822 ], [ 8.667653, 49.418207099999989 ], [ 8.6676476, 49.418242 ], [ 8.6676637, 49.4182503 ] ] ], [ [ [ 8.667775, 49.4184012 ], [ 8.6677147, 49.4183933 ], [ 8.6676959, 49.4183968 ], [ 8.6676878, 49.4184125 ], [ 8.6676154, 49.418423 ], [ 8.6675189, 49.4184884 ], [ 8.6675068, 49.4185177 ], [ 8.6675102, 49.4185294 ], [ 8.6675256, 49.4185648 ], [ 8.6675685, 49.4185914 ], [ 8.6676215, 49.4186106 ], [ 8.667649, 49.4186228 ], [ 8.6676912, 49.4186372 ], [ 8.6677643, 49.4186398 ], [ 8.6677811, 49.4186276 ], [ 8.667775, 49.4184012 ] ] ], [ [ [ 8.6670079, 49.4186018 ], [ 8.6669227, 49.4185936 ], [ 8.666851, 49.4185604 ], [ 8.6668269, 49.4185259 ], [ 8.6668195, 49.41847880000001 ], [ 8.6667906, 49.418471 ], [ 8.6667511, 49.4184514 ], [ 8.6665546, 49.4184531 ], [ 8.6665506, 49.4184924 ], [ 8.6665855, 49.4185325 ], [ 8.6666532, 49.4185595 ], [ 8.6667484, 49.4185875 ], [ 8.6667987, 49.4186149 ], [ 8.6668503, 49.4186455 ], [ 8.6669449, 49.418666 ], [ 8.6670361, 49.4186695 ], [ 8.6671139, 49.4186647 ], [ 8.6671796, 49.4186695 ], [ 8.6672319, 49.4186524 ], [ 8.6672741, 49.4186285 ], [ 8.6673472, 49.4186018 ], [ 8.6674029, 49.4185713 ], [ 8.667437, 49.4185111 ], [ 8.6674322, 49.418472199999989 ], [ 8.6674302, 49.4184351 ], [ 8.6674081, 49.4184026 ], [ 8.6673673, 49.4183878 ], [ 8.6673365, 49.4183907 ], [ 8.6673311, 49.4184034 ], [ 8.6672848, 49.4184034 ], [ 8.6672822, 49.4184435 ], [ 8.6672372, 49.4184688 ], [ 8.6671548, 49.4184714 ], [ 8.6671561, 49.4185137 ], [ 8.6671286, 49.418551199999989 ], [ 8.6670803, 49.4185835 ], [ 8.6670079, 49.4186018 ] ] ], [ [ [ 8.6675705, 49.4188605 ], [ 8.6675276, 49.418692600000014 ], [ 8.6674847, 49.418658099999988 ], [ 8.6674592, 49.4186411 ], [ 8.6674096, 49.418642 ], [ 8.6673318, 49.4186843 ], [ 8.6672996, 49.4187275 ], [ 8.6673143, 49.4187676 ], [ 8.6675705, 49.4188605 ] ] ], [ [ [ 8.667769, 49.4189469 ], [ 8.6677871, 49.4188924 ], [ 8.6677985, 49.4188239 ], [ 8.6677925, 49.4187131 ], [ 8.667775, 49.4186847 ], [ 8.6677127, 49.4186668 ], [ 8.6676329, 49.4186599 ], [ 8.667606, 49.4186686 ], [ 8.6675926, 49.4186913 ], [ 8.6676027, 49.4187851 ], [ 8.6676114, 49.4189028 ], [ 8.6676174, 49.4189556 ], [ 8.6676791, 49.4189678 ], [ 8.6677562, 49.4189678 ], [ 8.667769, 49.4189469 ] ] ], [ [ [ 8.6671588, 49.4187462 ], [ 8.6670233, 49.418734 ], [ 8.6667578, 49.4187567 ], [ 8.6666478, 49.4187794 ], [ 8.666849, 49.4188998 ], [ 8.6668919, 49.418904099999985 ], [ 8.666975, 49.4188945 ], [ 8.6670555, 49.4188998 ], [ 8.6671521, 49.4189041 ], [ 8.667203, 49.4188797 ], [ 8.6672044, 49.4188343 ], [ 8.6672178, 49.418789 ], [ 8.6671588, 49.4187462 ] ] ], [ [ [ 8.6674525, 49.4188422 ], [ 8.6674203, 49.4188256 ], [ 8.6673727, 49.4188195 ], [ 8.667303, 49.418813 ], [ 8.6672815, 49.4188627 ], [ 8.6672486, 49.4188806 ], [ 8.6672198, 49.4189246 ], [ 8.6672534, 49.4189428 ], [ 8.6673392, 49.418956 ], [ 8.6674257, 49.4189604 ], [ 8.6675135, 49.4189622 ], [ 8.6675645, 49.418953 ], [ 8.6675785, 49.418929 ], [ 8.6675618, 49.4189007 ], [ 8.6675055, 49.4188732 ], [ 8.6674525, 49.4188422 ] ] ], [ [ [ 8.667077, 49.4190071 ], [ 8.6671226, 49.4190093 ], [ 8.6671782, 49.4190333 ], [ 8.6672426, 49.4190446 ], [ 8.6673143, 49.419052 ], [ 8.667364, 49.419052899999983 ], [ 8.6674545, 49.4190682 ], [ 8.6675598, 49.4190695 ], [ 8.6675826, 49.4190559 ], [ 8.6675638, 49.4190272 ], [ 8.6675336, 49.4190058 ], [ 8.6674874, 49.4190027 ], [ 8.6674203, 49.4190014 ], [ 8.667313, 49.4190001 ], [ 8.6672587, 49.4189883 ], [ 8.6672158, 49.4189731 ], [ 8.6671682, 49.41897 ], [ 8.6671279, 49.4189552 ], [ 8.6670522, 49.4189499 ], [ 8.6670099, 49.4189321 ], [ 8.6669462, 49.4189342 ], [ 8.6669375, 49.4189726 ], [ 8.6669509, 49.4189844 ], [ 8.6669784, 49.419004 ], [ 8.6670039, 49.4190053 ], [ 8.6669958, 49.418987 ], [ 8.6670274, 49.418963 ], [ 8.6670662, 49.418972599999982 ], [ 8.667077, 49.4190071 ] ] ], [ [ [ 8.6677056, 49.4190387 ], [ 8.6677281, 49.4190202 ], [ 8.6676852, 49.419017599999982 ], [ 8.6676553, 49.4190226 ], [ 8.6676476, 49.419028899999986 ], [ 8.6676409, 49.4190533 ], [ 8.6676654, 49.4190575 ], [ 8.6677056, 49.4190387 ] ] ], [ [ [ 8.6713317, 49.4024961 ], [ 8.6713293, 49.4024841 ], [ 8.67128378985401, 49.402390537699866 ], [ 8.671174695910539, 49.402390537699866 ], [ 8.6711715, 49.4023912 ], [ 8.6712253, 49.4025014 ], [ 8.6712321, 49.40251270000001 ], [ 8.6712445, 49.4025218 ], [ 8.6712608, 49.4025276 ], [ 8.6712793, 49.4025294 ], [ 8.6712976, 49.402527 ], [ 8.6713175, 49.4025182 ], [ 8.6713276, 49.4025079 ], [ 8.6713317, 49.4024961 ] ] ], [ [ [ 8.6732186, 49.4025366 ], [ 8.6729731, 49.4026592 ], [ 8.6729944, 49.4026773 ], [ 8.6732399, 49.40255470000001 ], [ 8.6732186, 49.4025366 ] ] ], [ [ [ 8.6727027, 49.4025097 ], [ 8.6726908, 49.4024935 ], [ 8.6716851, 49.4027139 ], [ 8.6717249, 49.4027905 ], [ 8.6718619, 49.4029196 ], [ 8.6719539, 49.4029545 ], [ 8.672454, 49.4026402 ], [ 8.6727027, 49.4025097 ] ] ], [ [ [ 8.6722007, 49.4030746 ], [ 8.6722208, 49.4030903 ], [ 8.6725326, 49.4029118 ], [ 8.6725098, 49.402893899999988 ], [ 8.672324, 49.4029987 ], [ 8.6722007, 49.4030746 ] ] ], [ [ [ 8.6689379, 49.4047902 ], [ 8.6691153, 49.4049467 ], [ 8.6691663, 49.4049433 ], [ 8.6692136, 49.4049384 ], [ 8.6692677, 49.404933 ], [ 8.6690592, 49.4047373 ], [ 8.6690127, 49.404756 ], [ 8.6689792, 49.4047711 ], [ 8.6689379, 49.4047902 ] ] ], [ [ [ 8.6729079, 49.4056793 ], [ 8.6727777, 49.4057167 ], [ 8.6727457, 49.405923299999984 ], [ 8.6728974, 49.405926 ], [ 8.6729079, 49.4056793 ] ] ], [ [ [ 8.6708788, 49.406718399999988 ], [ 8.6708964, 49.406711 ], [ 8.6703861, 49.4062376 ], [ 8.6703766, 49.406242 ], [ 8.6706289, 49.4064867 ], [ 8.6708788, 49.406718399999988 ] ] ], [ [ [ 8.6720283, 49.4077555 ], [ 8.6720411, 49.4077141 ], [ 8.6720297, 49.4076766 ], [ 8.6719459, 49.4075884 ], [ 8.6719023, 49.407571 ], [ 8.6718795, 49.4075788 ], [ 8.6718942, 49.4076822 ], [ 8.6719371, 49.4077149 ], [ 8.6720283, 49.4077555 ] ] ], [ [ [ 8.6719881, 49.407816599999983 ], [ 8.6719231, 49.4077896 ], [ 8.6718835, 49.4078118 ], [ 8.6717749, 49.407838899999987 ], [ 8.670529, 49.4078646 ], [ 8.6704847, 49.4079231 ], [ 8.671689, 49.4079039 ], [ 8.6718238, 49.4078847 ], [ 8.6719231, 49.4078572 ], [ 8.6719881, 49.407816599999983 ] ] ], [ [ [ 8.6719747, 49.4079198 ], [ 8.6721225, 49.407891 ], [ 8.6720873, 49.4078591 ], [ 8.6720523, 49.4078364 ], [ 8.6719747, 49.4079198 ] ] ], [ [ [ 8.6684965, 49.4079034 ], [ 8.6685039, 49.4079357 ], [ 8.6685502, 49.4079671 ], [ 8.6686146, 49.4079807 ], [ 8.6703298, 49.4079348 ], [ 8.6703607, 49.4079143 ], [ 8.670368, 49.407879 ], [ 8.6703298, 49.4078633 ], [ 8.6684965, 49.4079034 ] ] ], [ [ [ 8.6706403, 49.4080212 ], [ 8.6706389, 49.4080339 ], [ 8.6712532, 49.4080217 ], [ 8.6717527, 49.4080134 ], [ 8.6718607, 49.4080147 ], [ 8.672196, 49.4079942 ], [ 8.6721799, 49.4079514 ], [ 8.6719318, 49.407985 ], [ 8.6717474, 49.4079977 ], [ 8.6706403, 49.4080212 ] ] ], [ [ [ 8.669735, 49.4080527 ], [ 8.67024, 49.4080404 ], [ 8.6702386, 49.4080182 ], [ 8.6692911, 49.4080588 ], [ 8.6692885, 49.4080937 ], [ 8.6695097, 49.4080714 ], [ 8.669735, 49.4080527 ] ] ], [ [ [ 8.6691168, 49.408198400000011 ], [ 8.6691704, 49.4082342 ], [ 8.6692274, 49.4082123 ], [ 8.6691952, 49.408182699999983 ], [ 8.6691168, 49.408198400000011 ] ] ], [ [ [ 8.6694061, 49.4082786 ], [ 8.6694535, 49.4083526 ], [ 8.669729, 49.408797 ], [ 8.6697737, 49.4088663 ], [ 8.6698355, 49.4089325 ], [ 8.669906, 49.4089668 ], [ 8.6702915, 49.4089305 ], [ 8.6703225, 49.4081586 ], [ 8.6694022, 49.4082184 ], [ 8.6693975, 49.408246799999986 ], [ 8.6694061, 49.4082786 ] ] ], [ [ [ 8.6693857, 49.4084676 ], [ 8.6693582, 49.4083768 ], [ 8.6693086, 49.4083035 ], [ 8.6692516, 49.4082551 ], [ 8.6692134, 49.4082769 ], [ 8.6696948, 49.40904170000001 ], [ 8.6697384, 49.4090326 ], [ 8.6693857, 49.4084676 ] ] ], [ [ [ 8.6695225, 49.408982 ], [ 8.6695071, 49.4090295 ], [ 8.6694742, 49.4090793 ], [ 8.6695862, 49.4090575 ], [ 8.6695419, 49.408982 ], [ 8.6695225, 49.408982 ] ] ], [ [ [ 8.6698812, 49.409067899999989 ], [ 8.6698544, 49.4090518 ], [ 8.6698061, 49.4090631 ], [ 8.6698202, 49.4090823 ], [ 8.6698812, 49.409067899999989 ] ] ], [ [ [ 8.6697444, 49.4090941 ], [ 8.6697645, 49.4090902 ], [ 8.6697558, 49.4090684 ], [ 8.6697156, 49.4090762 ], [ 8.6697444, 49.4090941 ] ] ], [ [ [ 8.6695164, 49.409136399999987 ], [ 8.6696244, 49.409119799999985 ], [ 8.6696076, 49.4090915 ], [ 8.6695292, 49.4091059 ], [ 8.6695164, 49.409136399999987 ] ] ], [ [ [ 8.6699603, 49.4091443 ], [ 8.6700515, 49.409129900000011 ], [ 8.6700475, 49.409119 ], [ 8.6699543, 49.409132499999984 ], [ 8.6699603, 49.4091443 ] ] ], [ [ [ 8.6694179, 49.4091521 ], [ 8.6694682, 49.409143 ], [ 8.6694494, 49.4091133 ], [ 8.6694051, 49.4091425 ], [ 8.6694179, 49.4091521 ] ] ], [ [ [ 8.6707003, 49.4133016 ], [ 8.6707057, 49.4131289 ], [ 8.6704237, 49.4131252 ], [ 8.6704183, 49.4132979 ], [ 8.6707003, 49.4133016 ] ] ], [ [ [ 8.6706738, 49.4138061 ], [ 8.6709494, 49.4138063 ], [ 8.6709497, 49.4137495 ], [ 8.6711727, 49.413749 ], [ 8.6711726, 49.4134991 ], [ 8.6710616, 49.4134712 ], [ 8.6706055, 49.4134638 ], [ 8.6706037, 49.413516499999986 ], [ 8.670681, 49.4135177 ], [ 8.6706738, 49.4138061 ] ] ], [ [ [ 8.6705317, 49.4150922 ], [ 8.6704884, 49.4150658 ], [ 8.6704113, 49.4150664 ], [ 8.670411, 49.41509460000001 ], [ 8.6704532, 49.4151221 ], [ 8.6705317, 49.4151221 ], [ 8.6705317, 49.4150922 ] ] ], [ [ [ 8.6714096, 49.415178 ], [ 8.6712402, 49.41507690000001 ], [ 8.6712386, 49.4150151 ], [ 8.6711402, 49.414949 ], [ 8.6708239, 49.4149495 ], [ 8.6706664, 49.415052699999983 ], [ 8.6706671, 49.4151669 ], [ 8.6707006, 49.415167 ], [ 8.6707812, 49.4151121 ], [ 8.6709078, 49.415113799999986 ], [ 8.671085, 49.4152274 ], [ 8.6711185, 49.415249199999984 ], [ 8.6711182, 49.415272 ], [ 8.6713384, 49.4152722 ], [ 8.6714095, 49.415223299999987 ], [ 8.6714096, 49.415178 ] ] ], [ [ [ 8.671279, 49.4154211 ], [ 8.671224, 49.4154214 ], [ 8.6712245, 49.4154595 ], [ 8.6712795, 49.415459199999987 ], [ 8.671279, 49.4154211 ] ] ], [ [ [ 8.6716739, 49.4153413 ], [ 8.6716733, 49.415241899999977 ], [ 8.6717266, 49.4152417 ], [ 8.6717243, 49.4151144 ], [ 8.6719412, 49.41511220000001 ], [ 8.6719397, 49.4150165 ], [ 8.6718705, 49.4149824 ], [ 8.6715493, 49.414984299999986 ], [ 8.671476, 49.4150342 ], [ 8.6714711, 49.4151021 ], [ 8.6715503, 49.4151633 ], [ 8.6715525, 49.4152822 ], [ 8.6715524, 49.4153572 ], [ 8.6715581, 49.4159368 ], [ 8.6717715, 49.415937599999985 ], [ 8.6717707, 49.4155348 ], [ 8.6722784, 49.4155343 ], [ 8.6723301, 49.4155345 ], [ 8.6723305, 49.4153619 ], [ 8.6717437, 49.4153657 ], [ 8.6717435, 49.4153412 ], [ 8.6716739, 49.4153413 ] ] ], [ [ [ 8.6700252, 49.41560710000001 ], [ 8.6700279, 49.415548699999988 ], [ 8.6697946, 49.4155483 ], [ 8.6697198, 49.4156037 ], [ 8.6700252, 49.41560710000001 ] ] ], [ [ [ 8.6703652, 49.4159712 ], [ 8.6704428, 49.4159718 ], [ 8.670442, 49.4159115 ], [ 8.6706881, 49.4159122 ], [ 8.6706882, 49.415869599999986 ], [ 8.6706716, 49.4158582 ], [ 8.6703915, 49.4158578 ], [ 8.6703723, 49.4158466 ], [ 8.6703689, 49.4158637 ], [ 8.6703652, 49.4159712 ] ] ], [ [ [ 8.6734751, 49.4165832 ], [ 8.673252, 49.4168531 ], [ 8.6729457, 49.416955099999988 ], [ 8.6730731, 49.416982599999983 ], [ 8.6735921, 49.4169926 ], [ 8.6735941, 49.4168709 ], [ 8.6735827, 49.4166149 ], [ 8.6734751, 49.4165832 ] ] ], [ [ [ 8.6709671, 49.416897399999989 ], [ 8.6709497, 49.4168972 ], [ 8.6709487, 49.4169255 ], [ 8.6709122, 49.4169249 ], [ 8.6709121, 49.416969899999984 ], [ 8.670912, 49.4170313 ], [ 8.670933, 49.4170314 ], [ 8.670933, 49.417026300000011 ], [ 8.6709855, 49.417026199999988 ], [ 8.6709856, 49.4171151 ], [ 8.6709393, 49.4171149 ], [ 8.6709896, 49.4171571 ], [ 8.6711184, 49.4171605 ], [ 8.6711573, 49.417140699999983 ], [ 8.6711558, 49.4168892 ], [ 8.6711457, 49.416882699999988 ], [ 8.6709776, 49.4168793 ], [ 8.6709773, 49.4168873 ], [ 8.6709675, 49.4168872 ], [ 8.6709671, 49.416897399999989 ] ] ], [ [ [ 8.6694044, 49.417439099999989 ], [ 8.6694043, 49.4174257 ], [ 8.6693391, 49.417426 ], [ 8.6693383, 49.417325 ], [ 8.6691166, 49.4173271 ], [ 8.669033, 49.4173751 ], [ 8.6689704, 49.4173733 ], [ 8.6689694, 49.4174288 ], [ 8.6687667, 49.417427199999985 ], [ 8.6687425, 49.4175638 ], [ 8.6690621, 49.4175642 ], [ 8.6690634, 49.4176288 ], [ 8.66947, 49.4176279 ], [ 8.6694691, 49.4175227 ], [ 8.6694502, 49.4175227 ], [ 8.6694503, 49.4175275 ], [ 8.6693975, 49.4175277 ], [ 8.6693968, 49.41743910000001 ], [ 8.6694044, 49.417439099999989 ] ] ], [ [ [ 8.669948, 49.4177819 ], [ 8.6699481, 49.41775770000001 ], [ 8.6699481, 49.4177453 ], [ 8.6699485, 49.4176349 ], [ 8.6699487, 49.4175823 ], [ 8.669629, 49.4175818 ], [ 8.6696282, 49.417781399999988 ], [ 8.669948, 49.4177819 ] ] ], [ [ [ 8.6701501, 49.4176539 ], [ 8.6701119, 49.4176548 ], [ 8.6701115, 49.417758 ], [ 8.6702152, 49.4177582 ], [ 8.6702183, 49.4176627 ], [ 8.6701535, 49.4176219 ], [ 8.6701501, 49.4176539 ] ] ], [ [ [ 8.6694648, 49.4180756 ], [ 8.6693693, 49.418139499999988 ], [ 8.6693655, 49.41816570000001 ], [ 8.6694179, 49.4181664 ], [ 8.6694105, 49.418957099999986 ], [ 8.6681901, 49.4189522 ], [ 8.6681874, 49.4189757 ], [ 8.669267, 49.4191685 ], [ 8.6701763, 49.4193831 ], [ 8.6709005, 49.4194834 ], [ 8.6718594, 49.41951 ], [ 8.6718419, 49.4194276 ], [ 8.6709353, 49.4194328 ], [ 8.670879, 49.4190036 ], [ 8.6718553, 49.4190071 ], [ 8.6719412, 49.4186808 ], [ 8.6718141, 49.4186756 ], [ 8.6716356, 49.418668299999986 ], [ 8.6715147, 49.4186634 ], [ 8.671225, 49.4184452 ], [ 8.6709246, 49.4185709 ], [ 8.6707127, 49.4184295 ], [ 8.6703372, 49.418454 ], [ 8.670246, 49.4185988 ], [ 8.6696023, 49.4186075 ], [ 8.6695875, 49.4181626 ], [ 8.6696783, 49.4181619 ], [ 8.6696795, 49.4181288 ], [ 8.6703796, 49.418125 ], [ 8.6703799, 49.4181042 ], [ 8.6703304, 49.4180734 ], [ 8.6694648, 49.4180756 ] ] ], [ [ [ 8.6731616, 49.4186703 ], [ 8.6730731, 49.4186189 ], [ 8.6730041, 49.4186192 ], [ 8.6724736, 49.418864 ], [ 8.6725125, 49.4189294 ], [ 8.6729296, 49.418939 ], [ 8.6730999, 49.4189137 ], [ 8.6731629, 49.4189137 ], [ 8.6731616, 49.4186703 ] ] ], [ [ [ 8.6788854, 49.4027669 ], [ 8.6788237, 49.4027617 ], [ 8.6785823, 49.4029537 ], [ 8.6786091, 49.4029554 ], [ 8.6788854, 49.4027669 ] ] ], [ [ [ 8.679778070863627, 49.404340414160508 ], [ 8.6796738, 49.4043923 ], [ 8.679778070863627, 49.404411398782408 ], [ 8.679778070863627, 49.404340414160508 ] ] ], [ [ [ 8.678247, 49.4043151 ], [ 8.6779956, 49.4042715 ], [ 8.6777461, 49.4042252 ], [ 8.6775852, 49.4041995 ], [ 8.6774377, 49.40439580000001 ], [ 8.6774511, 49.4044373 ], [ 8.6776147, 49.4044155 ], [ 8.677787, 49.4043993 ], [ 8.6779902, 49.4043893 ], [ 8.6782262, 49.4043875 ], [ 8.6783087, 49.4043893 ], [ 8.6783114, 49.4043627 ], [ 8.6783389, 49.4043635 ], [ 8.6783396, 49.4043561 ], [ 8.6784442, 49.4043614 ], [ 8.6784475, 49.4043714 ], [ 8.6785166, 49.4043784 ], [ 8.6786152, 49.4043919 ], [ 8.6787955, 49.4044194 ], [ 8.6790718, 49.4044683 ], [ 8.6795486, 49.4045529 ], [ 8.679778070863627, 49.40459341708074 ], [ 8.679778070863627, 49.404551658670925 ], [ 8.6797075, 49.4045396 ], [ 8.6794017, 49.4044853 ], [ 8.6792421, 49.4044574 ], [ 8.6790604, 49.4044303 ], [ 8.6788566, 49.4044076 ], [ 8.6787251, 49.4043932 ], [ 8.6786051, 49.4043771 ], [ 8.6784717, 49.4043557 ], [ 8.678247, 49.4043151 ] ] ], [ [ [ 8.6779393, 49.4044914 ], [ 8.6778789, 49.4044814 ], [ 8.6778206, 49.4044779 ], [ 8.6777306, 49.4044808 ], [ 8.6775658, 49.4044977 ], [ 8.6774481, 49.4045159 ], [ 8.6774511, 49.4045342 ], [ 8.6775358, 49.4045301 ], [ 8.6775912, 49.4045304 ], [ 8.6776481, 49.4045329 ], [ 8.6777519, 49.4045437 ], [ 8.6778364, 49.40455390000001 ], [ 8.678015, 49.404579699999985 ], [ 8.6781997, 49.4046104 ], [ 8.6779936, 49.404511 ], [ 8.6779393, 49.4044914 ] ] ], [ [ [ 8.6746643, 49.405306 ], [ 8.6745811, 49.405299 ], [ 8.6745851, 49.4053418 ], [ 8.674732, 49.4053239 ], [ 8.6747306, 49.4053148 ], [ 8.6746643, 49.405306 ] ] ], [ [ [ 8.6728028, 49.4056293 ], [ 8.6744899, 49.4053558 ], [ 8.6744845, 49.4053018 ], [ 8.6743384, 49.40531 ], [ 8.6742546, 49.405318699999988 ], [ 8.674168, 49.4053297 ], [ 8.6732248, 49.4054919 ], [ 8.6729436, 49.4055374 ], [ 8.6728604, 49.4055821 ], [ 8.6728028, 49.4056293 ] ] ], [ [ [ 8.6737488, 49.4056018 ], [ 8.6737515, 49.4055453 ], [ 8.6737125, 49.405544599999985 ], [ 8.6737099, 49.4056011 ], [ 8.6737488, 49.4056018 ] ] ], [ [ [ 8.673707, 49.4056618 ], [ 8.6737013, 49.405783499999984 ], [ 8.6737403, 49.4057843 ], [ 8.673746, 49.4056626 ], [ 8.673707, 49.4056618 ] ] ], [ [ [ 8.6750344, 49.4089507 ], [ 8.6750728, 49.40891580000001 ], [ 8.6750728, 49.4089074 ], [ 8.675067, 49.4089026 ], [ 8.6750526, 49.408901 ], [ 8.6749349, 49.4089372 ], [ 8.6749415, 49.4089418 ], [ 8.6750344, 49.4089507 ] ] ], [ [ [ 8.6749027, 49.4089856 ], [ 8.6749077, 49.4089813 ], [ 8.6749077, 49.4089751 ], [ 8.6748788, 49.4089544 ], [ 8.6748726, 49.408962 ], [ 8.6748747, 49.4089695 ], [ 8.6749027, 49.4089856 ] ] ], [ [ [ 8.6749576, 49.4090122 ], [ 8.6749791, 49.409026199999985 ], [ 8.6749898, 49.4090283 ], [ 8.6749964, 49.4090275 ], [ 8.675013, 49.4089902 ], [ 8.6750055, 49.4089883 ], [ 8.6749861, 49.4089937 ], [ 8.6749713, 49.409000399999989 ], [ 8.6749576, 49.4090122 ] ] ], [ [ [ 8.6742179, 49.40906050000001 ], [ 8.6742675, 49.4090398 ], [ 8.674351, 49.409014 ], [ 8.6742944, 49.4089744 ], [ 8.6742271, 49.408955499999983 ], [ 8.6740841, 49.4089316 ], [ 8.6739206, 49.4089127 ], [ 8.673784, 49.4089104 ], [ 8.6737833, 49.4089376 ], [ 8.6739171, 49.4089818 ], [ 8.6741231, 49.409118599999985 ], [ 8.6742179, 49.40906050000001 ] ] ], [ [ [ 8.6743793, 49.409038 ], [ 8.6743, 49.4090601 ], [ 8.6742399, 49.4090872 ], [ 8.6741521, 49.4091402 ], [ 8.6741974, 49.40916 ], [ 8.6742625, 49.40917060000001 ], [ 8.674317, 49.4091692 ], [ 8.6743538, 49.4091531 ], [ 8.6743878, 49.4091273 ], [ 8.6743963, 49.4090955 ], [ 8.6743977, 49.4090803 ], [ 8.6743835, 49.409078 ], [ 8.6743793, 49.409038 ] ] ], [ [ [ 8.6777294, 49.4094381 ], [ 8.6778267, 49.4094591 ], [ 8.6779122, 49.4094748 ], [ 8.6780057, 49.4094825 ], [ 8.6780874, 49.4094881 ], [ 8.6781212, 49.409455799999989 ], [ 8.6781311, 49.409441699999981 ], [ 8.6781405, 49.4094008 ], [ 8.6781321, 49.409380099999986 ], [ 8.6781213, 49.4093592 ], [ 8.6781374, 49.4093134 ], [ 8.6781267, 49.4092803 ], [ 8.6780648, 49.4092752 ], [ 8.678034, 49.4092459 ], [ 8.6780543, 49.4091965 ], [ 8.6781777, 49.4091895 ], [ 8.6782421, 49.4092349 ], [ 8.6782769, 49.4092541 ], [ 8.678352, 49.4092593 ], [ 8.6783413, 49.4091791 ], [ 8.678289, 49.4091027 ], [ 8.6781951, 49.4090333 ], [ 8.6780891, 49.4089867 ], [ 8.6779544, 49.4089592 ], [ 8.6777566, 49.4089605 ], [ 8.6774897, 49.4089601 ], [ 8.6772771, 49.408965 ], [ 8.6771966, 49.408977 ], [ 8.6771256, 49.4089993 ], [ 8.6770459, 49.4090408 ], [ 8.6771773, 49.409125 ], [ 8.6774213, 49.4092768 ], [ 8.6776091, 49.4093902 ], [ 8.6777294, 49.4094381 ] ] ], [ [ [ 8.6762984, 49.408944 ], [ 8.6761509, 49.408937 ], [ 8.6757727, 49.4089318 ], [ 8.6754884, 49.4089248 ], [ 8.6752551, 49.4089248 ], [ 8.6751719, 49.4089528 ], [ 8.6751092, 49.4090098 ], [ 8.6750931, 49.4090534 ], [ 8.6750897, 49.4090854 ], [ 8.675113, 49.4091161 ], [ 8.6752062, 49.4091835 ], [ 8.675309, 49.4092585 ], [ 8.6753819, 49.4093154 ], [ 8.6755238, 49.4094234 ], [ 8.6756511, 49.4095071 ], [ 8.6758261, 49.409586900000015 ], [ 8.6760618, 49.4096473 ], [ 8.6763179, 49.4096782 ], [ 8.6763237, 49.4096401 ], [ 8.6763357, 49.4096044 ], [ 8.6763707, 49.4095929 ], [ 8.676432, 49.4095807 ], [ 8.6764729, 49.40957490000001 ], [ 8.6764943, 49.409561899999986 ], [ 8.6765654, 49.4095593 ], [ 8.6765603, 49.4094565 ], [ 8.6765442, 49.4091686 ], [ 8.6763554, 49.4091606 ], [ 8.6763591, 49.4090429 ], [ 8.6763645, 49.409015 ], [ 8.6765076, 49.409005099999987 ], [ 8.6764647, 49.4089842 ], [ 8.676395, 49.4089632 ], [ 8.6762984, 49.408944 ] ] ], [ [ [ 8.6780328, 49.4095665 ], [ 8.6781213, 49.4095218 ], [ 8.6779534, 49.409501299999988 ], [ 8.6777828, 49.4094788 ], [ 8.6776848, 49.409455199999989 ], [ 8.6776118, 49.4094234 ], [ 8.6770504, 49.409085 ], [ 8.6769968, 49.4091306 ], [ 8.6769626, 49.4092087 ], [ 8.6769622, 49.4093229 ], [ 8.677022, 49.4093234 ], [ 8.6770748, 49.4093579 ], [ 8.6770646, 49.4093677 ], [ 8.6769993, 49.4093846 ], [ 8.6769625, 49.409386499999982 ], [ 8.676954, 49.4095615 ], [ 8.6771295, 49.4095471 ], [ 8.6772221, 49.4095586 ], [ 8.6775716, 49.4095737 ], [ 8.6776257, 49.4095861 ], [ 8.6777244, 49.4095874 ], [ 8.6777834, 49.409575199999985 ], [ 8.6778692, 49.4095839 ], [ 8.6779256, 49.4096084 ], [ 8.6779953, 49.4096014 ], [ 8.6780328, 49.4095665 ] ] ], [ [ [ 8.6796047, 49.4126195 ], [ 8.6796631, 49.4125254 ], [ 8.6795635, 49.4124993 ], [ 8.6795052, 49.4125933 ], [ 8.6796047, 49.4126195 ] ] ], [ [ [ 8.6787453, 49.4127227 ], [ 8.6786826, 49.4127196 ], [ 8.6786822, 49.4127351 ], [ 8.6787493, 49.4127401 ], [ 8.6788297, 49.412737300000011 ], [ 8.6787453, 49.4127227 ] ] ], [ [ [ 8.678915, 49.4127887 ], [ 8.6793509, 49.4129178 ], [ 8.6790196, 49.412786 ], [ 8.678915, 49.4127887 ] ] ], [ [ [ 8.6753617, 49.4133957 ], [ 8.6753729, 49.4128358 ], [ 8.6749137, 49.4128319 ], [ 8.6749026, 49.4133918 ], [ 8.6753617, 49.4133957 ] ] ], [ [ [ 8.6755722, 49.4134653 ], [ 8.6754061, 49.4136695 ], [ 8.6754233, 49.413692 ], [ 8.6757215, 49.4136997 ], [ 8.6759637, 49.4137117 ], [ 8.6761418, 49.4137832 ], [ 8.6762386, 49.4138973 ], [ 8.6762884, 49.4138973 ], [ 8.6763198, 49.4129779 ], [ 8.6761783, 49.4129807 ], [ 8.676187, 49.412756899999984 ], [ 8.6756731, 49.4127594 ], [ 8.6756312, 49.4127875 ], [ 8.6756262, 49.4130713 ], [ 8.6755722, 49.4134653 ] ] ], [ [ [ 8.6773786, 49.41590080000001 ], [ 8.6766864, 49.4158802 ], [ 8.6766575, 49.4162264 ], [ 8.6773552, 49.4162435 ], [ 8.6773786, 49.41590080000001 ] ] ], [ [ [ 8.6750972, 49.4165763 ], [ 8.675097, 49.4168008 ], [ 8.6759567, 49.4168024 ], [ 8.6760338, 49.4167845 ], [ 8.6761037, 49.4159038 ], [ 8.6760308, 49.415943 ], [ 8.6759581, 49.4159439 ], [ 8.6759518, 49.4165018 ], [ 8.6759523, 49.4165822 ], [ 8.6750972, 49.4165763 ] ] ], [ [ [ 8.6778162, 49.4168315 ], [ 8.6778162, 49.4167746 ], [ 8.677658, 49.4167711 ], [ 8.6776677, 49.4165939 ], [ 8.6770362, 49.4165765 ], [ 8.6770181, 49.4167544 ], [ 8.6767168, 49.416744 ], [ 8.6767114, 49.4168274 ], [ 8.6778162, 49.4168315 ] ] ], [ [ [ 8.6759873, 49.417039699999989 ], [ 8.6759035, 49.4170323 ], [ 8.675257, 49.4170371 ], [ 8.6751715, 49.4170474 ], [ 8.6752594, 49.4170674 ], [ 8.6758902, 49.4170662 ], [ 8.6759873, 49.417039699999989 ] ] ], [ [ [ 8.6739112, 49.4177909 ], [ 8.6738791, 49.4176679 ], [ 8.6737463, 49.417674899999987 ], [ 8.6737356, 49.4178721 ], [ 8.6732219, 49.4178773 ], [ 8.6731844, 49.4179576 ], [ 8.6732648, 49.4180945 ], [ 8.6738817, 49.4181059 ], [ 8.6739112, 49.4177909 ] ] ], [ [ [ 8.6741084, 49.4182202 ], [ 8.6741164, 49.4177299 ], [ 8.6740115, 49.4177275 ], [ 8.6739703, 49.4177002 ], [ 8.6739689, 49.418132 ], [ 8.6740071, 49.418132 ], [ 8.6740152, 49.4182188 ], [ 8.6741084, 49.4182202 ] ] ], [ [ [ 8.6737664, 49.418282099999985 ], [ 8.6737651, 49.4183528 ], [ 8.6738898, 49.4183484 ], [ 8.6738858, 49.41822890000001 ], [ 8.6737766, 49.4181718 ], [ 8.6734873, 49.4181473 ], [ 8.6730006, 49.4181425 ], [ 8.6729128, 49.4181962 ], [ 8.6728491, 49.4183554 ], [ 8.6731414, 49.418454 ], [ 8.6731495, 49.4182812 ], [ 8.6737664, 49.418282099999985 ] ] ], [ [ [ 8.6740864, 49.4184643 ], [ 8.674035, 49.4184649 ], [ 8.6740416, 49.4184825 ], [ 8.6740593, 49.41848130000001 ], [ 8.6740649, 49.4185062 ], [ 8.6740799, 49.4185317 ], [ 8.6740612, 49.418537799999989 ], [ 8.6740836, 49.4185609 ], [ 8.6741247, 49.4185882 ], [ 8.6741443, 49.4185973 ], [ 8.6742246, 49.4186022 ], [ 8.6743096, 49.4186022 ], [ 8.6743984, 49.4185992 ], [ 8.6744507, 49.4185907 ], [ 8.6745133, 49.4185645 ], [ 8.6745824, 49.4185153 ], [ 8.6746123, 49.4184728 ], [ 8.6746244, 49.4184236 ], [ 8.6746398, 49.4183492 ], [ 8.6741628, 49.4183493 ], [ 8.6741628, 49.41829760000001 ], [ 8.674063, 49.4182962 ], [ 8.6740576, 49.418283700000011 ], [ 8.6740458, 49.4182865 ], [ 8.6740319, 49.4183123 ], [ 8.6740257, 49.418364 ], [ 8.6740817, 49.418363799999987 ], [ 8.6740864, 49.4184643 ] ] ], [ [ [ 8.6737558, 49.4189857 ], [ 8.6737838, 49.4191397 ], [ 8.6739381, 49.4189854 ], [ 8.6739942, 49.4189286 ], [ 8.673993, 49.4186389 ], [ 8.6737545, 49.4186393 ], [ 8.6737558, 49.4189857 ] ] ], [ [ [ 8.6757038, 49.4194934 ], [ 8.6755341, 49.4194951 ], [ 8.6755358, 49.4195246 ], [ 8.6756588, 49.4195193 ], [ 8.6757125, 49.4195146 ], [ 8.6757836, 49.4194975 ], [ 8.6758308, 49.4194845 ], [ 8.6758684, 49.4194644 ], [ 8.6758603, 49.4194581 ], [ 8.6758167, 49.4194727 ], [ 8.6757735, 49.4194825 ], [ 8.6757038, 49.4194934 ] ] ], [ [ [ 8.6751648, 49.4194929 ], [ 8.6751168, 49.419508 ], [ 8.675151, 49.4195202 ], [ 8.6753324, 49.4195232 ], [ 8.6753301, 49.4194907 ], [ 8.6751648, 49.4194929 ] ] ], [ [ [ 8.6759671, 49.4195679 ], [ 8.6759693, 49.419530099999989 ], [ 8.6759586, 49.4195124 ], [ 8.6759391, 49.419515 ], [ 8.6758969, 49.419536799999989 ], [ 8.6758473, 49.4195543 ], [ 8.6758533, 49.4195669 ], [ 8.6759671, 49.4195679 ] ] ], [ [ [ 8.6759642, 49.419629 ], [ 8.6759641, 49.4196113 ], [ 8.6757747, 49.4196112 ], [ 8.6754716, 49.4196112 ], [ 8.6751263, 49.4196134 ], [ 8.6751082, 49.4196195 ], [ 8.675129, 49.4196287 ], [ 8.675475, 49.4196313 ], [ 8.6757774, 49.4196291 ], [ 8.6759642, 49.419629 ] ] ], [ [ [ 8.6759048, 49.419688 ], [ 8.6758988, 49.419695 ], [ 8.6759336, 49.4197059 ], [ 8.6759584, 49.419719 ], [ 8.6759651, 49.4196889 ], [ 8.6759048, 49.419688 ] ] ], [ [ [ 8.6747548, 49.4198308 ], [ 8.6747484, 49.4197193 ], [ 8.673637, 49.419721 ], [ 8.6736383, 49.4198341 ], [ 8.6747548, 49.4198308 ] ] ] ] } },
{ "type": "Feature", "properties": { "klasse": "Fluss" }, "geometry": { "type": "MultiPolygon", "coordinates": [ [ [ [ 8.66773236461127, 49.409695448931025 ], [ 8.667738806483687, 49.409717112891727 ], [ 8.667748471648057, 49.409738260534994 ], [ 8.667761267027293, 49.409758688196689 ], [ 8.667777069398078, 49.409778199146267 ], [ 8.667795726577461, 49.409796605481432 ], [ 8.667817058888355, 49.409813729937781 ], [ 8.667840860889868, 49.40982940759605 ], [ 8.667866903355767, 49.409843487470376 ], [ 8.667894935482064, 49.409855833962474 ], [ 8.667924687302405, 49.409866328167517 ], [ 8.667955872288076, 49.409874869019376 ], [ 8.667988190107515, 49.409881374263954 ], [ 8.668021329518792, 49.409885781251347 ], [ 8.668054971367175, 49.409888047539305 ], [ 8.668088791658928, 49.409888151301935 ], [ 8.66812246468171, 49.40988609153991 ], [ 8.668155666141534, 49.409881888090148 ], [ 8.668188076286068, 49.40987558143469 ], [ 8.668219382984176, 49.409867232310816 ], [ 8.668249284732058, 49.409856921126185 ], [ 8.668277493557023, 49.40984474718433 ], [ 8.668303737790913, 49.409830827728285 ], [ 8.668327764686486, 49.409815296811395 ], [ 8.668349342851551, 49.409798304006351 ], [ 8.66836826447739, 49.409780012964546 ], [ 8.668384347340053, 49.409760599840084 ], [ 8.668397436555203, 49.409740251593135 ], [ 8.668407406069642, 49.409719164189482 ], [ 8.668414159875164, 49.409697540713182 ], [ 8.66843985913599, 49.40958804063655 ], [ 8.668443332174416, 49.409566089332827 ], [ 8.668443491029372, 49.409544021607005 ], [ 8.668440334175443, 49.409522049983373 ], [ 8.668433892019227, 49.409500386060444 ], [ 8.668424226606339, 49.409479238473068 ], [ 8.66841143102371, 49.409458810883308 ], [ 8.668395628502978, 49.409439300019038 ], [ 8.668376971233574, 49.409420893779334 ], [ 8.668355638896951, 49.409403769425055 ], [ 8.668331836936094, 49.409388091871676 ], [ 8.668305794576955, 49.409374012101175 ], [ 8.668277762620875, 49.409361665708012 ], [ 8.668248011029268, 49.409351171593379 ], [ 8.668216826323803, 49.409342630820142 ], [ 8.668184508827139, 49.409336125639541 ], [ 8.668151369770772, 49.409331718699235 ], [ 8.668117728297847, 49.409329452439913 ], [ 8.668083908389793, 49.409329348686533 ], [ 8.668050235746367, 49.409331408438312 ], [ 8.668017034649166, 49.409335611858985 ], [ 8.667984624838777, 49.40934191846781 ], [ 8.667953318435668, 49.409350267529504 ], [ 8.66792341693443, 49.40936057863901 ], [ 8.667895208300354, 49.409372752495912 ], [ 8.667868964196252, 49.409386671860624 ], [ 8.667844937366272, 49.409402202683466 ], [ 8.667823359201865, 49.409419195395557 ], [ 8.667804437513361, 49.409437486349191 ], [ 8.667788354528613, 49.409456899393831 ], [ 8.667775265137978, 49.409477247572482 ], [ 8.667765295402543, 49.409498334922034 ], [ 8.667758541339976, 49.409519958360647 ], [ 8.667732840600802, 49.409629458284002 ], [ 8.667729367241078, 49.409651409565463 ], [ 8.667729208065436, 49.409673477289203 ], [ 8.66773236461127, 49.409695448931025 ] ] ], [ [ [ 8.67512921025722, 49.410216073006602 ], [ 8.675097370291098, 49.410216061524359 ], [ 8.675065664583194, 49.410217967421687 ], [ 8.673128064234486, 49.410393635802848 ], [ 8.670030643597276, 49.410446804892679 ], [ 8.670014117755594, 49.41044734761882 ], [ 8.66814633455555, 49.410538046822353 ], [ 8.66763724550972, 49.410562746296137 ], [ 8.667628774847984, 49.410563431274554 ], [ 8.667620263155703, 49.41056384665238 ], [ 8.667612002785789, 49.410564787544104 ], [ 8.667603681160175, 49.410565460470742 ], [ 8.667595354182943, 49.410566683891702 ], [ 8.667586945873818, 49.410567641634337 ], [ 8.667578866618866, 49.410569106287113 ], [ 8.66757068614978, 49.410570308182713 ], [ 8.667562583049474, 49.410572058264144 ], [ 8.667554359098968, 49.41057354914814 ], [ 8.667546538765762, 49.410575523456714 ], [ 8.667538578234508, 49.410577242746541 ], [ 8.667530777047554, 49.410579502634405 ], [ 8.667522816655794, 49.410581512301931 ], [ 8.667515330557507, 49.410583977252891 ], [ 8.667507666627554, 49.410586197379438 ], [ 8.667500242483101, 49.410588945309946 ], [ 8.667492622311968, 49.410591454407133 ], [ 8.667485542543309, 49.410594386261877 ], [ 8.667478249021601, 49.410597085844429 ], [ 8.667471273417428, 49.410600295353881 ], [ 8.667464066852876, 49.410603279717002 ], [ 8.667457461595385, 49.410606650240474 ], [ 8.667450608721984, 49.410609803280906 ], [ 8.66744414883676, 49.4106134434602 ], [ 8.667437425281296, 49.410616874348634 ], [ 8.66743135814696, 49.410620651081167 ], [ 8.667425011918393, 49.410624227214335 ], [ 8.667419129964173, 49.410628263006856 ], [ 8.667412954169039, 49.410632107379683 ], [ 8.667407483587558, 49.41063625394964 ], [ 8.667401705121376, 49.410640218735786 ], [ 8.667396457744536, 49.410644611275018 ], [ 8.667390889186073, 49.410648832109182 ], [ 8.666857512261615, 49.411095714272079 ], [ 8.665724291973573, 49.411207140168422 ], [ 8.66477191535231, 49.411263237947672 ], [ 8.664744404540839, 49.411265589993945 ], [ 8.664717272851222, 49.411269378355939 ], [ 8.663769576775753, 49.411427977668538 ], [ 8.663756236227581, 49.41143039754084 ], [ 8.661126646722735, 49.41194469533216 ], [ 8.661087304228728, 49.41195412540209 ], [ 8.661050007028294, 49.4119666017125 ], [ 8.659344911407446, 49.41262529915479 ], [ 8.65931425970817, 49.412638632736638 ], [ 8.657385862864396, 49.413578329333397 ], [ 8.657361530179305, 49.413591356489285 ], [ 8.65733912049812, 49.413605777670753 ], [ 8.657318820724431, 49.413621472601839 ], [ 8.657300800165208, 49.413638310383135 ], [ 8.656774298249761, 49.414181509063923 ], [ 8.656751826278297, 49.414208652613574 ], [ 8.655080714192534, 49.416607348091134 ], [ 8.65506507120762, 49.41663424862616 ], [ 8.653905656351267, 49.419091645318574 ], [ 8.653895899042144, 49.419117802297627 ], [ 8.653518363035589, 49.420480364711658 ], [ 8.654218947878414, 49.420480364711658 ], [ 8.65457062516999, 49.419211066069593 ], [ 8.655717429938607, 49.416780327851619 ], [ 8.657369569305498, 49.414408822407438 ], [ 8.657849363450739, 49.413913806985157 ], [ 8.659711962766755, 49.413006168918706 ], [ 8.661364927216134, 49.412367608898734 ], [ 8.663947531565016, 49.411862499760346 ], [ 8.663995751906407, 49.411854429967065 ], [ 8.663555412996969, 49.411969029659431 ], [ 8.663531790506076, 49.411975857702231 ], [ 8.663509018341371, 49.411983821188265 ], [ 8.662534020883605, 49.412356119738398 ], [ 8.662527582712679, 49.412358639902266 ], [ 8.66215068363084, 49.41250983932084 ], [ 8.662119453748389, 49.412523972720976 ], [ 8.661336254874268, 49.412921871301435 ], [ 8.66132192890948, 49.412929562292355 ], [ 8.66057092955845, 49.413355360838032 ], [ 8.660537202738666, 49.413377331089478 ], [ 8.658895701220096, 49.414605827429583 ], [ 8.658877443186796, 49.414620721994687 ], [ 8.658180041577404, 49.415241920328491 ], [ 8.658162548023663, 49.415259103280917 ], [ 8.657411544905173, 49.416075701370993 ], [ 8.657394750507047, 49.416096317948067 ], [ 8.656890547021007, 49.416801316590131 ], [ 8.656880878097221, 49.416816211807408 ], [ 8.656333672884857, 49.41775151028515 ], [ 8.656325150410261, 49.417767955951568 ], [ 8.656024746355245, 49.418430955091289 ], [ 8.656018453138449, 49.41844699420492 ], [ 8.655707247048477, 49.41938219329279 ], [ 8.655703151783765, 49.419396815205893 ], [ 8.655489045428757, 49.42033581456608 ], [ 8.655488376128712, 49.420338896232217 ], [ 8.655459179704598, 49.420480364711658 ], [ 8.656154813221631, 49.420480364711658 ], [ 8.656171306010021, 49.420400445105059 ], [ 8.656383371728804, 49.419470338928889 ], [ 8.656689453846365, 49.418550500007377 ], [ 8.65698247619277, 49.417903773347447 ], [ 8.657520499424379, 49.41698414844403 ], [ 8.658011874935431, 49.416297074322401 ], [ 8.658745511277623, 49.415499349498283 ], [ 8.659424913825307, 49.414894177465698 ], [ 8.661041102306413, 49.413684616060763 ], [ 8.661767068338316, 49.413273008616478 ], [ 8.662527930886387, 49.412886456256032 ], [ 8.662885420625251, 49.412743042782843 ], [ 8.663834837104416, 49.412380511417922 ], [ 8.664341198616524, 49.412248728909688 ], [ 8.664777038194377, 49.412147458554138 ], [ 8.665265832304762, 49.412052762536995 ], [ 8.665867181765064, 49.411953297661121 ], [ 8.666484337011578, 49.411913125462554 ], [ 8.668253567053357, 49.411804584977943 ], [ 8.668279157243964, 49.411802381385499 ], [ 8.668309560867366, 49.411799003206262 ], [ 8.669389310117335, 49.41171415935397 ], [ 8.669435715718844, 49.411708384823193 ], [ 8.670835021484136, 49.411468383784026 ], [ 8.670876104860358, 49.411459503825228 ], [ 8.67324580088175, 49.410837027877029 ], [ 8.67512889726615, 49.410666301268066 ], [ 8.676702096896458, 49.410714327218855 ], [ 8.67670359744171, 49.410714370878551 ], [ 8.677780248826272, 49.410744158215572 ], [ 8.679778070863627, 49.410969064479787 ], [ 8.679778070863627, 49.410512673854321 ], [ 8.677875601254927, 49.41029850185933 ], [ 8.677831597415809, 49.410295428962719 ], [ 8.676733552757975, 49.410265049873388 ], [ 8.67512921025722, 49.410216073006602 ] ], [ [ 8.668197457025467, 49.410986553583299 ], [ 8.670057029463351, 49.410896253198814 ], [ 8.671252807629957, 49.410875726928225 ], [ 8.670638809662417, 49.411037012875511 ], [ 8.669283383660067, 49.411269487820405 ], [ 8.668218795118557, 49.411353140249275 ], [ 8.668202143102901, 49.411354718596961 ], [ 8.668176174975761, 49.411357603945923 ], [ 8.667358724750949, 49.411407753661457 ], [ 8.667840791663769, 49.411003857909662 ], [ 8.668197457025467, 49.410986553583299 ] ] ], [ [ [ 8.660638929424739, 49.414832453736956 ], [ 8.66074788336177, 49.414821779177004 ], [ 8.660757174058524, 49.414820784094523 ], [ 8.661006575145931, 49.414791783967544 ], [ 8.661039543121799, 49.414786850553298 ], [ 8.661071611177551, 49.414779832593133 ], [ 8.661102470476727, 49.414770797674677 ], [ 8.661131823824443, 49.414759832810226 ], [ 8.661159388529649, 49.414747043598631 ], [ 8.661184899127694, 49.414732553208374 ], [ 8.661208109936943, 49.414716501191243 ], [ 8.661228797424863, 49.414699042138352 ], [ 8.66124676236074, 49.414680344191353 ], [ 8.661261831734347, 49.414660587422993 ], [ 8.661273860422043, 49.414639962102861 ], [ 8.661282732584302, 49.414618666865088 ], [ 8.661288362781178, 49.414596906795147 ], [ 8.661290696794993, 49.414574891454897 ], [ 8.661289712152312, 49.414552832864324 ], [ 8.661285418340226, 49.414530943459624 ], [ 8.661277856714799, 49.414509434047382 ], [ 8.66126710010262, 49.41448851177438 ], [ 8.661253252099298, 49.414468378132668 ], [ 8.661236446071644, 49.414449227019183 ], [ 8.661216843873156, 49.414431242868361 ], [ 8.661194634285192, 49.414414598876071 ], [ 8.661170031198848, 49.414399455331598 ], [ 8.661143271555057, 49.414385958074156 ], [ 8.661114613062706, 49.414374237088296 ], [ 8.661084331716824, 49.414364405252229 ], [ 8.661052719140654, 49.41435655725077 ], [ 8.661020079777275, 49.414350768663475 ], [ 8.660986727957775, 49.414347095236892 ], [ 8.660952984874212, 49.414345572347635 ], [ 8.660919175486528, 49.414346214661741 ], [ 8.660885625393167, 49.414349015993487 ], [ 8.660640861371885, 49.414377476930895 ], [ 8.660497517749949, 49.414391520729204 ], [ 8.660465128663887, 49.414395737991754 ], [ 8.660433506970698, 49.414401958542342 ], [ 8.660342307314927, 49.414423058453025 ], [ 8.660309272640418, 49.414431985217199 ], [ 8.660277833211307, 49.414443096876234 ], [ 8.660248327384789, 49.414456273844699 ], [ 8.660221072709048, 49.414471374309898 ], [ 8.660182487659988, 49.41449510670499 ], [ 8.660105470335742, 49.414521470029108 ], [ 8.660076325640809, 49.414532669152258 ], [ 8.660049003740642, 49.414545678146766 ], [ 8.660023767758705, 49.414560371730254 ], [ 8.660000860730781, 49.414576608396892 ], [ 8.659980503264425, 49.4145942317802 ], [ 8.659962891414375, 49.41461307215868 ], [ 8.659948194794396, 49.414632948090492 ], [ 8.65993655494373, 49.414653668160696 ], [ 8.659928083963882, 49.414675032824611 ], [ 8.659922863438899, 49.414696836329547 ], [ 8.659920943649521, 49.414718868696283 ], [ 8.65992234308878, 49.414740917741277 ], [ 8.659927048283746, 49.414762771120024 ], [ 8.659935013925093, 49.414784218372176 ], [ 8.659946163303299, 49.41480505294831 ], [ 8.659960389047248, 49.414825074199207 ], [ 8.659977554158127, 49.414844089308168 ], [ 8.659997493328712, 49.414861915148023 ], [ 8.660020014535251, 49.414878380044875 ], [ 8.660044900886739, 49.414893325431287 ], [ 8.660071912713649, 49.414906607373609 ], [ 8.660100789876115, 49.414918097958108 ], [ 8.660131254269253, 49.414927686522866 ], [ 8.660163012501549, 49.414935280723626 ], [ 8.660195758720484, 49.414940807423186 ], [ 8.660229177558184, 49.414944213395664 ], [ 8.66026294716875, 49.414945465839253 ], [ 8.660296742327954, 49.414944552692056 ], [ 8.660330237565512, 49.41494148274829 ], [ 8.660363110299695, 49.414936285573567 ], [ 8.660395043944144, 49.414929011220224 ], [ 8.660425730956918, 49.414919729745066 ], [ 8.660544631307197, 49.414879029582572 ], [ 8.660571680149076, 49.414868721827133 ], [ 8.660597182875438, 49.414856854408967 ], [ 8.660620928834003, 49.414843525353383 ], [ 8.660638929424739, 49.414832453736956 ] ] ], [ [ [ 8.66454988850694, 49.416561636820703 ], [ 8.664526331571981, 49.416575452897312 ], [ 8.664504818231348, 49.416590621540188 ], [ 8.664485530182448, 49.416607014639382 ], [ 8.664468630328996, 49.416624493743328 ], [ 8.664454261405146, 49.416642911228337 ], [ 8.664435261266618, 49.41667031117688 ], [ 8.664422847916706, 49.41669083937542 ], [ 8.664413578464968, 49.416712062523523 ], [ 8.664407542185064, 49.416733776231432 ], [ 8.664404797213827, 49.416755771384786 ], [ 8.664405369991213, 49.416777836158474 ], [ 8.664409255005507, 49.416799758056648 ], [ 8.664416414846231, 49.416821325959077 ], [ 8.664426780564252, 49.41684233215453 ], [ 8.664440252335663, 49.416862574341017 ], [ 8.664456700422987, 49.416881857574154 ], [ 8.664475966424504, 49.416899996144679 ], [ 8.664497864799664, 49.416916815366875 ], [ 8.664522184655874, 49.416932153261008 ], [ 8.664548691779494, 49.416945862113387 ], [ 8.664577130891427, 49.41695780989884 ], [ 8.664607228105657, 49.416967881552324 ], [ 8.664638693566975, 49.416975980077162 ], [ 8.664671224242548, 49.416982027479158 ], [ 8.664704506840417, 49.416985965517718 ], [ 8.664738220826818, 49.416987756266913 ], [ 8.664772041513242, 49.416987382480563 ], [ 8.664805643183552, 49.416984847758499 ], [ 8.664838702230959, 49.416980176511814 ], [ 8.664870900274712, 49.41697341372771 ], [ 8.664901927226431, 49.416964624536362 ], [ 8.664931484276563, 49.416953893583511 ], [ 8.664943223892054, 49.416948586164096 ], [ 8.664951922318419, 49.416948513015548 ], [ 8.664986864280984, 49.416945880236405 ], [ 8.665021213018274, 49.416940937861426 ], [ 8.665054610823237, 49.416933737360438 ], [ 8.665085810936446, 49.416925837327319 ], [ 8.665118160233943, 49.416916370189576 ], [ 8.665148847701261, 49.416904785100051 ], [ 8.665177548640406, 49.416891204638709 ], [ 8.665203959373233, 49.416875772498173 ], [ 8.665227800454652, 49.416858651963224 ], [ 8.665248819629383, 49.416840024183031 ], [ 8.665254016613531, 49.416834884285336 ], [ 8.66528655836392, 49.416830483203945 ], [ 8.66531888004692, 49.416823898207738 ], [ 8.665342680135488, 49.416818198183691 ], [ 8.665371740376186, 49.41681023686462 ], [ 8.665399564408265, 49.41680057697458 ], [ 8.665425919574153, 49.416789299287409 ], [ 8.665450585499029, 49.416776498104547 ], [ 8.665481485524923, 49.416758898044549 ], [ 8.665498705789716, 49.416747978689855 ], [ 8.665501939469371, 49.416748064303604 ], [ 8.665535708716856, 49.416746793544242 ], [ 8.665569124434599, 49.41674336944714 ], [ 8.665601864806739, 49.416737824988658 ], [ 8.665633614521701, 49.416730213565671 ], [ 8.665664067808974, 49.416720608481242 ], [ 8.665692931383987, 49.416709102238741 ], [ 8.66571992727269, 49.416695805650804 ], [ 8.665744795488687, 49.416680846772245 ], [ 8.665767296537089, 49.416664369666684 ], [ 8.665787213720995, 49.416646533019069 ], [ 8.665804355228385, 49.416627508607426 ], [ 8.665818555979325, 49.41660747964854 ], [ 8.665829679215683, 49.416586639033305 ], [ 8.665837617818092, 49.416565187469146 ], [ 8.665842295337416, 49.416543331547011 ], [ 8.665843666730861, 49.416521281751791 ], [ 8.665841718795585, 49.416499250435194 ], [ 8.665836470295691, 49.416477449770674 ], [ 8.665827971781335, 49.416456089710117 ], [ 8.665816305101748, 49.416435375961896 ], [ 8.665801582616828, 49.416415508009827 ], [ 8.665783946114926, 49.416396677191997 ], [ 8.665763565447236, 49.416379064858212 ], [ 8.665740636891964, 49.416362840623499 ], [ 8.665715381264004, 49.416348160734678 ], [ 8.665688041788361, 49.416335166565652 ], [ 8.665658881757786, 49.416323983256035 ], [ 8.665628181997159, 49.416314718505909 ], [ 8.665607392735033, 49.416309995624744 ], [ 8.665573102511283, 49.416294899033574 ], [ 8.665543708783474, 49.416283305170531 ], [ 8.665512692317282, 49.416273677521161 ], [ 8.665480361123931, 49.416266111693275 ], [ 8.665447036270098, 49.41626068281964 ], [ 8.665413048689654, 49.416257444811833 ], [ 8.665378735897431, 49.41625642982499 ], [ 8.66534443863765, 49.416257647938465 ], [ 8.665310738789209, 49.416259947928417 ], [ 8.665278534473812, 49.4162631557423 ], [ 8.66524693819694, 49.416268332832018 ], [ 8.665216232212641, 49.416275432949959 ], [ 8.665186690822166, 49.416284392669738 ], [ 8.665158577923677, 49.4162951319529 ], [ 8.665132144654871, 49.416307554863806 ], [ 8.665131515562328, 49.416307913974912 ], [ 8.665116158870969, 49.416305818028334 ], [ 8.665080944793331, 49.416303432479047 ], [ 8.665045541395909, 49.416303416167423 ], [ 8.665018341519742, 49.416304316163647 ], [ 8.66498631690982, 49.41630635692939 ], [ 8.664954723536859, 49.416310337138555 ], [ 8.664923836732019, 49.4163162221043 ], [ 8.664893925669071, 49.416323960540055 ], [ 8.664865251018682, 49.416333485006561 ], [ 8.664838062676779, 49.416344712499615 ], [ 8.664812597586792, 49.416357545173234 ], [ 8.664789077674765, 49.416371871192482 ], [ 8.66476770791532, 49.416387565708028 ], [ 8.664748674545312, 49.416404491944171 ], [ 8.664731674491284, 49.416421191902195 ], [ 8.664713799375079, 49.416440851380948 ], [ 8.664699075693367, 49.416461593188778 ], [ 8.664687655583483, 49.416483203009761 ], [ 8.66467965704893, 49.416505457558877 ], [ 8.664678772001114, 49.416509921748784 ], [ 8.66464526876004, 49.416520012003041 ], [ 8.664613390000756, 49.416532490059737 ], [ 8.664575290079734, 49.416549289996858 ], [ 8.66454988850694, 49.416561636820703 ] ] ] ] } },
{ "type": "Feature", "properties": { "klasse": "See" }, "geometry": { "type": "MultiPolygon", "coordinates": [ [ [ [ 8.6645876, 49.402923800000011 ], [ 8.6646304, 49.402961500000011 ], [ 8.6652564, 49.40266110000001 ], [ 8.6652297, 49.4026157 ], [ 8.6645876, 49.402923800000011 ] ] ], [ [ [ 8.662829, 49.4037809 ], [ 8.6628714, 49.4038176 ], [ 8.6645376, 49.403002199999989 ], [ 8.6644952, 49.4029655 ], [ 8.662829, 49.4037809 ] ] ], [ [ [ 8.6619299, 49.4041896 ], [ 8.6619703, 49.4042269 ], [ 8.6627716, 49.4038586 ], [ 8.6627311, 49.4038213 ], [ 8.6619299, 49.4041896 ] ] ], [ [ [ 8.6638667, 49.413615 ], [ 8.6637782, 49.4136375 ], [ 8.6637821, 49.4136675 ], [ 8.6637996, 49.4137028 ], [ 8.6638557, 49.4136926 ], [ 8.663909, 49.4136729 ], [ 8.6638842, 49.41364 ], [ 8.6638667, 49.413615 ] ] ], [ [ [ 8.6616733, 49.4137879 ], [ 8.6617018, 49.4138225 ], [ 8.6617525, 49.4138255 ], [ 8.6617845, 49.4138013 ], [ 8.6617544, 49.4137829 ], [ 8.6617705, 49.4137698 ], [ 8.6617353, 49.4137608 ], [ 8.6617054, 49.4137677 ], [ 8.6616733, 49.4137879 ] ] ], [ [ [ 8.6631694, 49.4137586 ], [ 8.6629464, 49.413806099999988 ], [ 8.6629058, 49.413866799999987 ], [ 8.6632586, 49.4137956 ], [ 8.6631694, 49.4137586 ] ] ], [ [ [ 8.6616084, 49.4139252 ], [ 8.6615475, 49.4139376 ], [ 8.6615272, 49.4139759 ], [ 8.6615304, 49.4140116 ], [ 8.6616097, 49.4140338 ], [ 8.6618475, 49.4139781 ], [ 8.6619158, 49.4138897 ], [ 8.66188, 49.4138677 ], [ 8.6618273, 49.4138585 ], [ 8.6617645, 49.41386510000001 ], [ 8.6617097, 49.4139099 ], [ 8.6616745, 49.413941199999989 ], [ 8.6616084, 49.4139252 ] ] ], [ [ [ 8.6607724, 49.4141564 ], [ 8.6607118, 49.4141717 ], [ 8.660701, 49.4142171 ], [ 8.6607077, 49.4142319 ], [ 8.6607708, 49.4142208 ], [ 8.6608469, 49.4142568 ], [ 8.6608975, 49.4142561 ], [ 8.6609619, 49.4142496 ], [ 8.6610112, 49.4141981 ], [ 8.6609599, 49.4141743 ], [ 8.6609542, 49.414179799999985 ], [ 8.6608858, 49.4141867 ], [ 8.660817, 49.4141586 ], [ 8.6607724, 49.4141564 ] ] ], [ [ [ 8.6625035, 49.4144793 ], [ 8.6624955, 49.4144722 ], [ 8.6624771, 49.4144693 ], [ 8.6624588, 49.4144711 ], [ 8.6624433, 49.4144778 ], [ 8.6624382, 49.414484199999983 ], [ 8.6624376, 49.4144942 ], [ 8.6624405, 49.4144998 ], [ 8.6624451, 49.4145043 ], [ 8.6624674, 49.4145017 ], [ 8.6624857, 49.4144961 ], [ 8.6625, 49.4144953 ], [ 8.6625086, 49.4144942 ], [ 8.6625115, 49.4144883 ], [ 8.6625035, 49.4144793 ] ] ], [ [ [ 8.661207, 49.4145922 ], [ 8.6611945, 49.4145647 ], [ 8.6611572, 49.4145581 ], [ 8.6610965, 49.4145476 ], [ 8.6610135, 49.4145264 ], [ 8.6609751, 49.4145248 ], [ 8.6609563, 49.4145401 ], [ 8.6609461, 49.4145704 ], [ 8.6609768, 49.4145728 ], [ 8.6611407, 49.4146021 ], [ 8.6611656, 49.4146116 ], [ 8.661207, 49.4145922 ] ] ], [ [ [ 8.6614835, 49.4150304 ], [ 8.6615362, 49.4150608 ], [ 8.6616051, 49.4150647 ], [ 8.66167, 49.415041 ], [ 8.6617219, 49.4150051 ], [ 8.6618279, 49.4149982 ], [ 8.6619008, 49.4149565 ], [ 8.6619255, 49.4149579 ], [ 8.6619905, 49.4149502 ], [ 8.6620661, 49.414932100000016 ], [ 8.662165, 49.4148494 ], [ 8.6622154, 49.4148009 ], [ 8.6622033, 49.4147719 ], [ 8.6621546, 49.4147482 ], [ 8.6620775, 49.4147521 ], [ 8.6619599, 49.414815400000016 ], [ 8.6619113, 49.4148326 ], [ 8.6617471, 49.4148563 ], [ 8.6616092, 49.4148893 ], [ 8.6614916, 49.4149421 ], [ 8.6614774, 49.414975 ], [ 8.6614835, 49.4150304 ] ] ], [ [ [ 8.6626835, 49.4148884 ], [ 8.6625042, 49.4148663 ], [ 8.6625458, 49.4149477 ], [ 8.6626968, 49.4149137 ], [ 8.6626835, 49.4148884 ] ] ], [ [ [ 8.6598366, 49.414873 ], [ 8.6598465, 49.4148851 ], [ 8.6598462, 49.414895599999987 ], [ 8.6598411, 49.4149078 ], [ 8.6598291, 49.4149163 ], [ 8.6598151, 49.4149212 ], [ 8.6597898, 49.41492 ], [ 8.6597642, 49.4149242 ], [ 8.6596413, 49.4150361 ], [ 8.659595, 49.4150816 ], [ 8.6595956, 49.4151023 ], [ 8.6595702, 49.4151362 ], [ 8.6595455, 49.4151592 ], [ 8.6594992, 49.4151873 ], [ 8.6594968, 49.4152558 ], [ 8.6595486, 49.4153089 ], [ 8.6596994, 49.415307899999988 ], [ 8.6597952, 49.4152915 ], [ 8.6598879, 49.4152624 ], [ 8.6599625, 49.415182199999983 ], [ 8.660041, 49.4151112 ], [ 8.6601141, 49.4150591 ], [ 8.6601463, 49.4150238 ], [ 8.6601903, 49.4149196 ], [ 8.66025, 49.4148424 ], [ 8.6602924, 49.4147413 ], [ 8.6602656, 49.4147206 ], [ 8.6602225, 49.4147142 ], [ 8.6601329, 49.414725899999986 ], [ 8.6600866, 49.4147418 ], [ 8.659979, 49.4147832 ], [ 8.6599075, 49.4148302 ], [ 8.6598366, 49.414873 ] ], [ [ 8.660224, 49.4148057 ], [ 8.6602093, 49.4148244 ], [ 8.6601675, 49.4148458 ], [ 8.6601374, 49.414853 ], [ 8.6601073, 49.41483920000001 ], [ 8.6601161, 49.4148105 ], [ 8.6601433, 49.4147938 ], [ 8.6601932, 49.414779 ], [ 8.6602299, 49.4147804 ], [ 8.660224, 49.4148057 ] ] ], [ [ [ 8.6536338, 49.4202267 ], [ 8.653630119060965, 49.420480364711658 ], [ 8.65425601642642, 49.420480364711658 ], [ 8.6545475, 49.4197483 ], [ 8.6550258, 49.4185119 ], [ 8.6556534, 49.4175436 ], [ 8.6564726, 49.4162044 ], [ 8.6569623, 49.4155276 ], [ 8.6575216, 49.4146737 ], [ 8.6582533, 49.4140208 ], [ 8.6590654, 49.4134529 ], [ 8.6599181, 49.4130346 ], [ 8.6607861, 49.41266 ], [ 8.6617385, 49.4123295 ], [ 8.6625529, 49.4120674 ], [ 8.6634066, 49.4119073 ], [ 8.6640702, 49.411756 ], [ 8.6648652, 49.411603899999989 ], [ 8.6657878, 49.411502 ], [ 8.6665841, 49.4114482 ], [ 8.6670331, 49.4114416 ], [ 8.6674766, 49.4114135 ], [ 8.6675403, 49.4114296 ], [ 8.668062, 49.4114044 ], [ 8.6682167, 49.4113974 ], [ 8.6684593, 49.4114132 ], [ 8.6688718, 49.4113899 ], [ 8.6689749, 49.4113734 ], [ 8.6693557, 49.4113357 ], [ 8.6694963, 49.4113135 ], [ 8.6695161, 49.4113397 ], [ 8.6693401, 49.411372 ], [ 8.6690866, 49.4113991 ], [ 8.6682566, 49.4114505 ], [ 8.6680728, 49.4114615 ], [ 8.668034, 49.4114386 ], [ 8.6679637, 49.4114484 ], [ 8.667914, 49.4114688 ], [ 8.6670023, 49.4115125 ], [ 8.6661053, 49.4115619 ], [ 8.6657793, 49.4115932 ], [ 8.6648653, 49.4117296 ], [ 8.6641557, 49.4118923 ], [ 8.6635619, 49.4120341 ], [ 8.6621592, 49.412571 ], [ 8.661335, 49.4129698 ], [ 8.6605632, 49.4134539 ], [ 8.6589302, 49.414665 ], [ 8.6582417, 49.4152777 ], [ 8.6574561, 49.416128199999989 ], [ 8.6569494, 49.416843299999989 ], [ 8.6564098, 49.417787 ], [ 8.6561384, 49.4184717 ], [ 8.655829, 49.4194005 ], [ 8.655582794286172, 49.420480364711658 ], [ 8.656069513407088, 49.420480364711658 ], [ 8.6563089, 49.4194266 ], [ 8.6564043, 49.4191619 ], [ 8.6566234, 49.4185543 ], [ 8.6569025, 49.417892 ], [ 8.6571501, 49.417459299999983 ], [ 8.6574221, 49.416983799999983 ], [ 8.6579454, 49.4162624 ], [ 8.6586935, 49.4154386 ], [ 8.659363, 49.4148574 ], [ 8.6609313, 49.4136719 ], [ 8.6617097, 49.4132157 ], [ 8.662434, 49.4128486 ], [ 8.6637868, 49.4123449 ], [ 8.6643176, 49.4122018 ], [ 8.6650191, 49.4120462 ], [ 8.6658528, 49.411918799999988 ], [ 8.6666368, 49.4118396 ], [ 8.6682817, 49.4117637 ], [ 8.6696845, 49.411683099999983 ], [ 8.6717018, 49.4115426 ], [ 8.6726254, 49.4114175 ], [ 8.6728105, 49.4113924 ], [ 8.6736404, 49.4113024 ], [ 8.6739247, 49.411283299999987 ], [ 8.6745432, 49.4112444 ], [ 8.6751856, 49.4112444 ], [ 8.6759463, 49.4112752 ], [ 8.6760583, 49.4112819 ], [ 8.6763634, 49.4113003 ], [ 8.6768948, 49.411332 ], [ 8.6773255, 49.4113837 ], [ 8.6777629, 49.41143060000001 ], [ 8.6783908, 49.4114836 ], [ 8.679778070863627, 49.411581412330015 ], [ 8.679778070863627, 49.409922750996238 ], [ 8.678293, 49.409846 ], [ 8.6776423, 49.4098171 ], [ 8.6771036, 49.4098077 ], [ 8.6766165, 49.409799 ], [ 8.6761994, 49.409784599999988 ], [ 8.6759199, 49.409745 ], [ 8.6756988, 49.409692 ], [ 8.6755462, 49.4096724 ], [ 8.6746206, 49.4096456 ], [ 8.6735729, 49.4096594 ], [ 8.672635, 49.4096677 ], [ 8.6720794, 49.4096815 ], [ 8.6713835, 49.4096902 ], [ 8.6709344, 49.4097165 ], [ 8.6694504, 49.4097675 ], [ 8.6693875, 49.4097637 ], [ 8.6692873, 49.4097313 ], [ 8.6692655, 49.4096683 ], [ 8.66909, 49.4096024 ], [ 8.6688789, 49.4095945 ], [ 8.6688535, 49.409614 ], [ 8.6688668, 49.4097644 ], [ 8.6686559, 49.4098038 ], [ 8.6681288, 49.4098862 ], [ 8.6680994, 49.4098915 ], [ 8.6680623, 49.4099026 ], [ 8.6678902, 49.409910299999986 ], [ 8.6678845, 49.4098661 ], [ 8.6680518, 49.4098569 ], [ 8.6681013, 49.4098577 ], [ 8.6686412, 49.409773 ], [ 8.6686244, 49.4095874 ], [ 8.668105, 49.4096566 ], [ 8.6680735, 49.4096635 ], [ 8.6675697, 49.4097735 ], [ 8.6664606, 49.409910600000011 ], [ 8.6654792, 49.4100781 ], [ 8.6644081, 49.41029 ], [ 8.6632426, 49.4105314 ], [ 8.6625466, 49.4107322 ], [ 8.6617061, 49.4110078 ], [ 8.660464, 49.4114782 ], [ 8.6600699, 49.4116057 ], [ 8.6597886, 49.4117263 ], [ 8.6591096, 49.4120538 ], [ 8.6583077, 49.4125455 ], [ 8.6575742, 49.41294 ], [ 8.6563419, 49.4138786 ], [ 8.6562242, 49.414044399999987 ], [ 8.6556218, 49.4149197 ], [ 8.6553141, 49.4152189 ], [ 8.6550942, 49.4152294 ], [ 8.6549225, 49.4152643 ], [ 8.6548153, 49.4153253 ], [ 8.6547096, 49.4154196 ], [ 8.6545765, 49.4155487 ], [ 8.6543901, 49.4157092 ], [ 8.6543271, 49.4158794 ], [ 8.6541191, 49.4161242 ], [ 8.6539918, 49.4163051 ], [ 8.6538604, 49.4164587 ], [ 8.6538148, 49.4165834 ], [ 8.6537169, 49.4167257 ], [ 8.6536686, 49.4168181 ], [ 8.6535818, 49.4169303 ], [ 8.6535814, 49.416980399999986 ], [ 8.6536002, 49.4170301 ], [ 8.6536418, 49.4171122 ], [ 8.6536968, 49.417182 ], [ 8.6537357, 49.4172055 ], [ 8.6537746, 49.417216899999985 ], [ 8.6537828, 49.4172319 ], [ 8.6537685, 49.4172504 ], [ 8.6535987, 49.4177318 ], [ 8.6532783, 49.4183623 ], [ 8.6525753, 49.419638299999988 ], [ 8.6522129, 49.4201748 ], [ 8.65212175341011, 49.420480364711658 ], [ 8.653332161096341, 49.420480364711658 ], [ 8.6535113, 49.4202473 ], [ 8.6536338, 49.4202267 ] ], [ [ 8.6671007, 49.410273 ], [ 8.6670619, 49.410347599999987 ], [ 8.6668513, 49.4103616 ], [ 8.6666769, 49.410408 ], [ 8.6664692, 49.4105376 ], [ 8.6664696, 49.4106263 ], [ 8.6667247, 49.4107072 ], [ 8.6666322, 49.4107546 ], [ 8.6667694, 49.4108966 ], [ 8.6667442, 49.4110699 ], [ 8.6669402, 49.4112338 ], [ 8.6666251, 49.411298 ], [ 8.6661091, 49.4113318 ], [ 8.6655448, 49.4113684 ], [ 8.6653555, 49.4113625 ], [ 8.6652813, 49.4112984 ], [ 8.6652355, 49.4112185 ], [ 8.6654245, 49.4112294 ], [ 8.6656026, 49.4111287 ], [ 8.665565, 49.4110787 ], [ 8.6655691, 49.4109982 ], [ 8.6652617, 49.4110227 ], [ 8.6644869, 49.4111786 ], [ 8.6642046, 49.4111722 ], [ 8.6638139, 49.4111274 ], [ 8.6637022, 49.4110676 ], [ 8.6635479, 49.4110312 ], [ 8.6633969, 49.411041899999987 ], [ 8.6630489, 49.4109736 ], [ 8.6629734, 49.4109095 ], [ 8.6629996, 49.41084750000001 ], [ 8.6637416, 49.4106788 ], [ 8.6648691, 49.410366599999989 ], [ 8.6655622, 49.4102073 ], [ 8.6665542, 49.4100416 ], [ 8.6667489, 49.410071 ], [ 8.6671935, 49.4099987 ], [ 8.6672209, 49.410233199999986 ], [ 8.6671007, 49.410273 ] ], [ [ 8.6627326, 49.4111043 ], [ 8.6636519, 49.4112367 ], [ 8.663665, 49.4112944 ], [ 8.663612, 49.411344 ], [ 8.6628901, 49.4115293 ], [ 8.6625398, 49.4116032 ], [ 8.6619458, 49.4117681 ], [ 8.6614046, 49.4118956 ], [ 8.6607424, 49.4120602 ], [ 8.6604744, 49.4121117 ], [ 8.6603561, 49.4120569 ], [ 8.6611375, 49.4116604 ], [ 8.6620476, 49.4112297 ], [ 8.6625564, 49.411091099999986 ], [ 8.6627326, 49.4111043 ] ], [ [ 8.6541903, 49.4162676 ], [ 8.6542279, 49.4162135 ], [ 8.65426, 49.4161612 ], [ 8.6542815, 49.4161071 ], [ 8.654303, 49.4160425 ], [ 8.6543807, 49.415957 ], [ 8.6544532, 49.415855799999989 ], [ 8.6545417, 49.415791199999987 ], [ 8.6545819, 49.415718 ], [ 8.6546168, 49.4156604 ], [ 8.6546597, 49.4156202 ], [ 8.654716, 49.4155784 ], [ 8.6547536, 49.4155539 ], [ 8.6548072, 49.415547 ], [ 8.6548609, 49.4155644 ], [ 8.6548823, 49.415585299999989 ], [ 8.6548904, 49.4156237 ], [ 8.6547965, 49.4157162 ], [ 8.6547106, 49.4158261 ], [ 8.6546248, 49.4159431 ], [ 8.6545417, 49.4160565 ], [ 8.6544344, 49.4162031 ], [ 8.6543512, 49.4163095 ], [ 8.6542627, 49.4164247 ], [ 8.6542064, 49.4165241 ], [ 8.6541823, 49.4165834 ], [ 8.6541554, 49.4165939 ], [ 8.6540803, 49.4165765 ], [ 8.6540562, 49.4165241 ], [ 8.6540723, 49.4164543 ], [ 8.6541125, 49.4163898 ], [ 8.6541474, 49.4163304 ], [ 8.6541903, 49.4162676 ] ] ], [ [ [ 8.6611455, 49.4151188 ], [ 8.6612078, 49.4151018 ], [ 8.6612686, 49.4150719 ], [ 8.6612845, 49.4150378 ], [ 8.6612727, 49.4150025 ], [ 8.6612219, 49.4149862 ], [ 8.6611611, 49.4149945 ], [ 8.6610868, 49.415017 ], [ 8.6609794, 49.4150258 ], [ 8.6609464, 49.4150378 ], [ 8.6609157, 49.4150666 ], [ 8.6609002, 49.4151149 ], [ 8.6609407, 49.4151479 ], [ 8.6609894, 49.4151545 ], [ 8.6610487, 49.4151473 ], [ 8.6611168, 49.4151236 ], [ 8.6611455, 49.4151188 ] ] ], [ [ [ 8.6610533, 49.4155044 ], [ 8.6610229, 49.4154622 ], [ 8.660808, 49.4155321 ], [ 8.6607776, 49.415515 ], [ 8.6607248, 49.4155321 ], [ 8.6606681, 49.4155189 ], [ 8.6606296, 49.4154978 ], [ 8.6606052, 49.4155005 ], [ 8.6605768, 49.4155308 ], [ 8.6605282, 49.4155585 ], [ 8.6605331, 49.4155756 ], [ 8.6605538, 49.415587 ], [ 8.6605589, 49.4156303 ], [ 8.6606214, 49.4156324 ], [ 8.6606762, 49.415637599999982 ], [ 8.6607107, 49.4156522 ], [ 8.660735, 49.4156785 ], [ 8.6607656, 49.4156846 ], [ 8.6607958, 49.4156785 ], [ 8.6608059, 49.4156574 ], [ 8.6607857, 49.415632399999986 ], [ 8.6607654, 49.4156073 ], [ 8.6607776, 49.4155836 ], [ 8.660808, 49.4155691 ], [ 8.6608404, 49.415573 ], [ 8.6610533, 49.4155044 ] ] ], [ [ [ 8.658844, 49.4156865 ], [ 8.6588078, 49.415656399999989 ], [ 8.6587427, 49.4156298 ], [ 8.6586676, 49.415687 ], [ 8.658836, 49.4157677 ], [ 8.6589473, 49.4157489 ], [ 8.6589976, 49.415728 ], [ 8.6589929, 49.4157027 ], [ 8.6589553, 49.415683 ], [ 8.6588929, 49.4156909 ], [ 8.658844, 49.4156865 ] ] ], [ [ [ 8.6735049, 49.4033823 ], [ 8.6735146, 49.4033665 ], [ 8.6735132, 49.4033495 ], [ 8.673501, 49.4033344 ], [ 8.6734804, 49.4033242 ], [ 8.673455, 49.4033204 ], [ 8.6734296, 49.403324 ], [ 8.6734087, 49.403334 ], [ 8.6733963, 49.4033489 ], [ 8.6733951, 49.4033681 ], [ 8.6734079, 49.4033854 ], [ 8.6734318, 49.4033967 ], [ 8.673461, 49.4033994 ], [ 8.6734858, 49.403394 ], [ 8.6735049, 49.4033823 ] ] ], [ [ [ 8.6716296, 49.4092787 ], [ 8.6716256, 49.4092544 ], [ 8.6716111, 49.4092386 ], [ 8.671574, 49.4092055 ], [ 8.6714293, 49.4091948 ], [ 8.6713815, 49.40919980000001 ], [ 8.6713497, 49.4092124 ], [ 8.6713366, 49.4092473 ], [ 8.6713433, 49.4092676 ], [ 8.6713636, 49.4092774 ], [ 8.6714133, 49.4092742 ], [ 8.6714285, 49.4092528 ], [ 8.6715108, 49.409255799999983 ], [ 8.6715276, 49.4092774 ], [ 8.6715308, 49.4093 ], [ 8.6715396, 49.4093264 ], [ 8.6715572, 49.4093392 ], [ 8.671581, 49.4093437 ], [ 8.6716151, 49.4093404 ], [ 8.6716452, 49.4093169 ], [ 8.6716296, 49.4092787 ] ] ], [ [ [ 8.6796302, 49.4093807 ], [ 8.6796465, 49.4093805 ], [ 8.6796453, 49.409341499999989 ], [ 8.679629, 49.4093417 ], [ 8.6796302, 49.4093807 ] ] ], [ [ [ 8.6686826, 49.4131004 ], [ 8.6687181, 49.4130931 ], [ 8.6687359, 49.4130625 ], [ 8.6687543, 49.4129901 ], [ 8.6688197, 49.4128688 ], [ 8.6687493, 49.4128452 ], [ 8.6686493, 49.4128844 ], [ 8.6686742, 49.4129405 ], [ 8.6685573, 49.4129632 ], [ 8.6685124, 49.4128618 ], [ 8.6684195, 49.412857 ], [ 8.668376, 49.412874799999983 ], [ 8.6683771, 49.412890499999989 ], [ 8.6684092, 49.4129535 ], [ 8.6684813, 49.4130096 ], [ 8.668538, 49.413038 ], [ 8.6686271, 49.4130692 ], [ 8.6686589, 49.4130937 ], [ 8.6686826, 49.4131004 ] ] ], [ [ [ 8.6672147, 49.4148961 ], [ 8.6672598, 49.4148052 ], [ 8.6671686, 49.414788 ], [ 8.6671552, 49.414818 ], [ 8.6671226, 49.4148119 ], [ 8.667095, 49.4148737 ], [ 8.6672147, 49.4148961 ] ] ], [ [ [ 8.6670683, 49.4148692 ], [ 8.6670623, 49.4148849 ], [ 8.6670879, 49.414889 ], [ 8.6670939, 49.4148734 ], [ 8.6670683, 49.4148692 ] ] ], [ [ [ 8.6678636, 49.4149901 ], [ 8.6678602, 49.414997 ], [ 8.6678592, 49.4150045 ], [ 8.6678605, 49.41501190000001 ], [ 8.6678642, 49.4150189 ], [ 8.66787, 49.4150252 ], [ 8.6678777, 49.4150307 ], [ 8.6678871, 49.415035 ], [ 8.6678975, 49.415038 ], [ 8.6679074, 49.4150393 ], [ 8.6679176, 49.4150395 ], [ 8.6679275, 49.4150384 ], [ 8.6679371, 49.415036 ], [ 8.6679457, 49.4150327 ], [ 8.6679533, 49.4150284 ], [ 8.6679596, 49.4150232 ], [ 8.6679643, 49.4150173 ], [ 8.6679672, 49.415011 ], [ 8.6679682, 49.4150044 ], [ 8.6679674, 49.4149978 ], [ 8.6679647, 49.4149916 ], [ 8.6679602, 49.4149856 ], [ 8.6679542, 49.4149803 ], [ 8.6679467, 49.4149758 ], [ 8.6679381, 49.4149724 ], [ 8.6679286, 49.4149699 ], [ 8.6679188, 49.4149688 ], [ 8.6679074, 49.4149689 ], [ 8.6678963, 49.414970499999988 ], [ 8.6678859, 49.41497360000001 ], [ 8.6678767, 49.414978 ], [ 8.6678692, 49.4149835 ], [ 8.6678636, 49.4149901 ] ] ], [ [ [ 8.6690559, 49.4152195 ], [ 8.6690491, 49.415227 ], [ 8.6690447, 49.415235 ], [ 8.6690429, 49.4152435 ], [ 8.6690436, 49.4152521 ], [ 8.669047, 49.4152604 ], [ 8.6690528, 49.4152682 ], [ 8.6690608, 49.415275 ], [ 8.6690707, 49.4152806 ], [ 8.6690822, 49.4152849 ], [ 8.6690948, 49.4152875 ], [ 8.6691079, 49.4152886 ], [ 8.6691202, 49.4152881 ], [ 8.6691322, 49.4152859 ], [ 8.6691434, 49.4152825 ], [ 8.6691534, 49.4152777 ], [ 8.669162, 49.4152719 ], [ 8.6691686, 49.415265 ], [ 8.6691731, 49.4152575 ], [ 8.6691756, 49.4152491 ], [ 8.6691755, 49.4152404 ], [ 8.6691727, 49.415232 ], [ 8.6691674, 49.4152241 ], [ 8.6691597, 49.4152171 ], [ 8.6691501, 49.4152111 ], [ 8.6691389, 49.4152065 ], [ 8.6691265, 49.4152035 ], [ 8.6691134, 49.4152021 ], [ 8.6691003, 49.4152024 ], [ 8.6690873, 49.415204499999987 ], [ 8.6690754, 49.4152081 ], [ 8.6690647, 49.4152131 ], [ 8.6690559, 49.4152195 ] ] ], [ [ [ 8.6688386, 49.4153589 ], [ 8.6687948, 49.41535 ], [ 8.6687517, 49.4154394 ], [ 8.6687955, 49.4154483 ], [ 8.6688386, 49.4153589 ] ] ], [ [ [ 8.6712594, 49.4155638 ], [ 8.6712586, 49.4156501 ], [ 8.6713057, 49.4156503 ], [ 8.6713059, 49.4156332 ], [ 8.6713536, 49.4156334 ], [ 8.6713538, 49.4156121 ], [ 8.6713543, 49.4155573 ], [ 8.6713549, 49.4154977 ], [ 8.6713896, 49.4154978 ], [ 8.6713906, 49.4153934 ], [ 8.6713713, 49.4153934 ], [ 8.6713715, 49.4153787 ], [ 8.6713574, 49.4153786 ], [ 8.6713576, 49.4153668 ], [ 8.6713262, 49.4153667 ], [ 8.6713263, 49.4153559 ], [ 8.671277, 49.4153557 ], [ 8.6712769, 49.415371199999989 ], [ 8.6711527, 49.4153707 ], [ 8.6711523, 49.4154141 ], [ 8.6712044, 49.4154143 ], [ 8.6712039, 49.4154709 ], [ 8.6712822, 49.4154712 ], [ 8.6712813, 49.4155639 ], [ 8.6712594, 49.4155638 ] ] ], [ [ [ 8.6690111, 49.4155144 ], [ 8.6689503, 49.4155019 ], [ 8.6689349, 49.4155337 ], [ 8.6689957, 49.4155462 ], [ 8.6690111, 49.4155144 ] ] ], [ [ [ 8.6655036, 49.4165031 ], [ 8.665499, 49.4165232 ], [ 8.6655088, 49.4165475 ], [ 8.6655355, 49.416568099999985 ], [ 8.6655711, 49.4165844 ], [ 8.6656104, 49.4165919 ], [ 8.6656556, 49.4165921 ], [ 8.6656958, 49.4165856 ], [ 8.6657401, 49.416568599999984 ], [ 8.6657557, 49.41654590000001 ], [ 8.6657626, 49.4165153 ], [ 8.6657475, 49.4164814 ], [ 8.6656951, 49.416446299999983 ], [ 8.6656538, 49.4164346 ], [ 8.6656373, 49.4164061 ], [ 8.665677, 49.4163511 ], [ 8.6656753, 49.4163261 ], [ 8.665665, 49.4162965 ], [ 8.6656328, 49.4162776 ], [ 8.6655822, 49.416268 ], [ 8.6655389, 49.4162703 ], [ 8.6654907, 49.4163033 ], [ 8.6654719, 49.4163505 ], [ 8.66548, 49.4164028 ], [ 8.6655109, 49.4164516 ], [ 8.665515, 49.416480299999989 ], [ 8.6655036, 49.4165031 ] ] ], [ [ [ 8.6709922, 49.4175902 ], [ 8.6710509, 49.417519 ], [ 8.6710556, 49.4174226 ], [ 8.6710987, 49.4173655 ], [ 8.6710941, 49.417302099999986 ], [ 8.6710834, 49.417282299999989 ], [ 8.6710558, 49.417259 ], [ 8.6709632, 49.4172403 ], [ 8.670877, 49.4172404 ], [ 8.6707981, 49.4172553 ], [ 8.6707473, 49.417272899999986 ], [ 8.6707077, 49.41729 ], [ 8.670738, 49.4173507 ], [ 8.6707394, 49.4173551 ], [ 8.6707396, 49.4173596 ], [ 8.670777, 49.417392199999988 ], [ 8.6708058, 49.4174101 ], [ 8.6708111, 49.4176242 ], [ 8.6708702, 49.4176417 ], [ 8.6709213, 49.4176399 ], [ 8.6709922, 49.4175902 ] ] ], [ [ [ 8.6653091, 49.417973499999988 ], [ 8.6654067, 49.4179894 ], [ 8.6654613, 49.4180183 ], [ 8.6654986, 49.4180295 ], [ 8.6655503, 49.4180314 ], [ 8.6655819, 49.4180174 ], [ 8.6655934, 49.418009 ], [ 8.6656178, 49.4180071 ], [ 8.6656465, 49.418037899999987 ], [ 8.6656852, 49.4180604 ], [ 8.6657326, 49.4180678 ], [ 8.66578, 49.4180501 ], [ 8.6658059, 49.4180109 ], [ 8.6657915, 49.4179604 ], [ 8.6657369, 49.417926799999989 ], [ 8.6656867, 49.4179062 ], [ 8.6655948, 49.4179072 ], [ 8.665523, 49.4179361 ], [ 8.6654799, 49.4179567 ], [ 8.6653392, 49.4179259 ], [ 8.665276, 49.4179156 ], [ 8.6651727, 49.4179333 ], [ 8.6650966, 49.4179651 ], [ 8.6650535, 49.4179679 ], [ 8.6650391, 49.4179427 ], [ 8.6650061, 49.417921199999988 ], [ 8.6649567, 49.4179184 ], [ 8.6649099, 49.4179296 ], [ 8.6648869, 49.4179595 ], [ 8.6648941, 49.41798 ], [ 8.6649543, 49.418017 ], [ 8.6650205, 49.4180342 ], [ 8.6650693, 49.4180361 ], [ 8.6651052, 49.4180249 ], [ 8.6651899, 49.417981 ], [ 8.6652186, 49.4179726 ], [ 8.6653091, 49.417973499999988 ] ] ], [ [ [ 8.67337, 49.4192499 ], [ 8.6733085, 49.4193088 ], [ 8.6733273, 49.4193441 ], [ 8.673375, 49.4193458 ], [ 8.6734474, 49.419315 ], [ 8.6735063, 49.4192843 ], [ 8.6735673, 49.4192786 ], [ 8.6736173, 49.4193574 ], [ 8.6736256, 49.4194194 ], [ 8.6736765, 49.4194206 ], [ 8.6736982, 49.4193837 ], [ 8.6736952, 49.419282599999988 ], [ 8.6736954, 49.4192461 ], [ 8.6737318, 49.4192081 ], [ 8.673658, 49.4191955 ], [ 8.6735641, 49.4191584 ], [ 8.6734972, 49.4191469 ], [ 8.673421, 49.4191785 ], [ 8.67337, 49.4192499 ] ] ] ] } },
{ "type": "Feature", "properties": { "klasse": "Siedlung" }, "geometry": { "type": "MultiPolygon", "coordinates": [ [ [ [ 8.6439427, 49.4024867 ], [ 8.6449568, 49.4026419 ], [ 8.6453777, 49.4027459 ], [ 8.6458117, 49.4028826 ], [ 8.6465458, 49.40313 ], [ 8.6473693, 49.4034239 ], [ 8.6478591, 49.403559799999989 ], [ 8.6480484, 49.4036253 ], [ 8.6483078, 49.4037479 ], [ 8.6488379, 49.404049 ], [ 8.6496284, 49.4045523 ], [ 8.6496035, 49.4045333 ], [ 8.64972, 49.4045993 ], [ 8.650743, 49.4051112 ], [ 8.6511807, 49.4052244 ], [ 8.6509661, 49.4049731 ], [ 8.6506067, 49.404348299999988 ], [ 8.6503706, 49.403266099999989 ], [ 8.650376, 49.4030392 ], [ 8.6504404, 49.4025112 ], [ 8.650473468684375, 49.402390537699866 ], [ 8.649446736429105, 49.402390537699866 ], [ 8.649342990575033, 49.402390537699866 ], [ 8.648703274514826, 49.402390537699866 ], [ 8.648678598041345, 49.402390537699866 ], [ 8.648209914991131, 49.402390537699866 ], [ 8.648120662634911, 49.402390537699866 ], [ 8.648075125811669, 49.402390537699866 ], [ 8.648015013167356, 49.402390537699866 ], [ 8.64794368048253, 49.402390537699866 ], [ 8.647569604050375, 49.402390537699866 ], [ 8.647307298927554, 49.402390537699866 ], [ 8.64707669576214, 49.402390537699866 ], [ 8.646733047429198, 49.402390537699866 ], [ 8.646721713062023, 49.402390537699866 ], [ 8.64620296024159, 49.402390537699866 ], [ 8.646069718847148, 49.402390537699866 ], [ 8.645707865365997, 49.402390537699866 ], [ 8.645579135598268, 49.402390537699866 ], [ 8.645033967641895, 49.402390537699866 ], [ 8.644986363618212, 49.402390537699866 ], [ 8.644923604470897, 49.402390537699866 ], [ 8.644860862407045, 49.402390537699866 ], [ 8.644798165468627, 49.402390537699866 ], [ 8.644735391612825, 49.402390537699866 ], [ 8.644328780943296, 49.402390537699866 ], [ 8.643954314793163, 49.402390537699866 ], [ 8.643529014677142, 49.402390537699866 ], [ 8.6439427, 49.4024867 ] ] ], [ [ [ 8.642910023119907, 49.404205899064081 ], [ 8.642910023119907, 49.404321915675972 ], [ 8.642910023119907, 49.404371260398989 ], [ 8.642910023119907, 49.404817428129867 ], [ 8.642910023119907, 49.40491309655016 ], [ 8.642910023119907, 49.405105045111817 ], [ 8.642910023119907, 49.405164763736423 ], [ 8.642910023119907, 49.405703354389722 ], [ 8.642910023119907, 49.405742535778124 ], [ 8.642910023119907, 49.40606396229964 ], [ 8.642910023119907, 49.406143415168145 ], [ 8.642910023119907, 49.406991364015411 ], [ 8.642910023119907, 49.407282189521297 ], [ 8.642910023119907, 49.407603601808681 ], [ 8.642910023119907, 49.40770574157672 ], [ 8.642910023119907, 49.408343014414186 ], [ 8.642910023119907, 49.408531999516903 ], [ 8.642910023119907, 49.408726966228215 ], [ 8.642910023119907, 49.408834843618543 ], [ 8.642910023119907, 49.409842877537997 ], [ 8.642910023119907, 49.409918492883783 ], [ 8.642910023119907, 49.410682819644322 ], [ 8.642910023119907, 49.411017233379887 ], [ 8.642910023119907, 49.411022357638885 ], [ 8.642910023119907, 49.411087894781744 ], [ 8.642910023119907, 49.411204628556099 ], [ 8.6432341, 49.4110798 ], [ 8.6462565, 49.409899 ], [ 8.6477241, 49.4093247 ], [ 8.6488144, 49.4089047 ], [ 8.6492914, 49.4087227 ], [ 8.6505317, 49.4080946 ], [ 8.6509849, 49.4078778 ], [ 8.6512399, 49.4077907 ], [ 8.6513431, 49.407741099999988 ], [ 8.6513992, 49.4074028 ], [ 8.6513739, 49.4073013 ], [ 8.6515467, 49.4065129 ], [ 8.6516315, 49.4057246 ], [ 8.6515776, 49.405673699999987 ], [ 8.6510757, 49.4054657 ], [ 8.6507318, 49.4053313 ], [ 8.6502925, 49.4051411 ], [ 8.649931, 49.4049888 ], [ 8.6488006, 49.4043442 ], [ 8.6482323, 49.4039957 ], [ 8.647721, 49.4038063 ], [ 8.6473664, 49.4036978 ], [ 8.6469649, 49.4035587 ], [ 8.6464604, 49.4033541 ], [ 8.645709259976245, 49.403091038555296 ], [ 8.645712, 49.4030852 ], [ 8.6456709, 49.4030771 ], [ 8.645670696752727, 49.403077533087647 ], [ 8.6455818, 49.403046399999987 ], [ 8.6452005, 49.4029106 ], [ 8.6449389, 49.4028479 ], [ 8.6445812, 49.404047 ], [ 8.644444, 49.4040401 ], [ 8.644651, 49.4033439 ], [ 8.6447955, 49.4028605 ], [ 8.6445413, 49.40282890000001 ], [ 8.6445052, 49.4028243 ], [ 8.6442699, 49.402794 ], [ 8.6433205, 49.402594300000011 ], [ 8.6430803, 49.402544899999988 ], [ 8.642910023119907, 49.402509493806456 ], [ 8.642910023119907, 49.40351664629079 ], [ 8.642910023119907, 49.404046332189289 ], [ 8.642910023119907, 49.404205899064081 ] ] ], [ [ [ 8.6431242, 49.4139902 ], [ 8.642910023119907, 49.413759976656472 ], [ 8.642910023119907, 49.414066708964292 ], [ 8.6431242, 49.4139902 ] ] ], [ [ [ 8.6450349, 49.4161841 ], [ 8.6449249, 49.4161914 ], [ 8.6449297, 49.416221899999982 ], [ 8.6449472, 49.416220699999982 ], [ 8.6449507, 49.416243 ], [ 8.6449245, 49.4162448 ], [ 8.6449295, 49.4162765 ], [ 8.645049, 49.4162686 ], [ 8.6450508, 49.4162797 ], [ 8.6451636, 49.416272199999987 ], [ 8.6451592, 49.4162443 ], [ 8.645087, 49.4162491 ], [ 8.6450798, 49.4162031 ], [ 8.6450383, 49.4162059 ], [ 8.6450349, 49.4161841 ] ] ], [ [ [ 8.6447236, 49.4163513 ], [ 8.6448005, 49.4163419 ], [ 8.6448075, 49.4163662 ], [ 8.6449066, 49.416354 ], [ 8.6448783, 49.416256 ], [ 8.6447791, 49.4162681 ], [ 8.6447653, 49.416220399999979 ], [ 8.6446885, 49.416229800000011 ], [ 8.6446999, 49.416269200000016 ], [ 8.6445658, 49.4162856 ], [ 8.6445782, 49.416328599999986 ], [ 8.6447123, 49.4163122 ], [ 8.6447236, 49.4163513 ] ] ], [ [ [ 8.6451375, 49.416348 ], [ 8.6451403, 49.416361099999989 ], [ 8.6451157, 49.4163633 ], [ 8.6451254, 49.4164086 ], [ 8.64515, 49.4164064 ], [ 8.6451517, 49.4164148 ], [ 8.6452783, 49.4164034 ], [ 8.6452642, 49.416336599999987 ], [ 8.6451375, 49.416348 ] ] ], [ [ [ 8.644614, 49.4164488 ], [ 8.6446394, 49.4165212 ], [ 8.6449036, 49.4164819 ], [ 8.6448781, 49.4164095 ], [ 8.644614, 49.4164488 ] ] ], [ [ [ 8.6450214, 49.4166717 ], [ 8.6452923, 49.4166385 ], [ 8.6452807, 49.4165983 ], [ 8.6453013, 49.4165958 ], [ 8.6453062, 49.4166293 ], [ 8.6453443, 49.4166274 ], [ 8.6453391, 49.4165912 ], [ 8.6454085, 49.4165827 ], [ 8.6453818, 49.4164901 ], [ 8.6452539, 49.416505799999989 ], [ 8.645248, 49.4164853 ], [ 8.6449771, 49.4165185 ], [ 8.6450214, 49.4166717 ] ] ], [ [ [ 8.642910023119907, 49.420162591173849 ], [ 8.642910023119907, 49.420322476473793 ], [ 8.642910023119907, 49.420433491351574 ], [ 8.642910023119907, 49.420480364711658 ], [ 8.64362078564468, 49.420480364711658 ], [ 8.643813604812905, 49.420480364711658 ], [ 8.644032, 49.420480364711658 ], [ 8.6442075, 49.420480364711658 ], [ 8.644458525607911, 49.420480364711658 ], [ 8.644625125607911, 49.420480364711658 ], [ 8.64487582663161, 49.420480364711658 ], [ 8.645039344401283, 49.420480364711658 ], [ 8.645285872324628, 49.420480364711658 ], [ 8.645457691632323, 49.420480364711658 ], [ 8.645609351841294, 49.420480364711658 ], [ 8.645778605337226, 49.420480364711658 ], [ 8.645957411293082, 49.420480364711658 ], [ 8.646067170819844, 49.420480364711658 ], [ 8.646189739727017, 49.420480364711658 ], [ 8.646280208194334, 49.420480364711658 ], [ 8.647420975596694, 49.420480364711658 ], [ 8.647523656679263, 49.420480364711658 ], [ 8.647611706686069, 49.420480364711658 ], [ 8.647743116342621, 49.420480364711658 ], [ 8.648256658520062, 49.420480364711658 ], [ 8.648393391497979, 49.420480364711658 ], [ 8.648602388021301, 49.420480364711658 ], [ 8.648707356177566, 49.420480364711658 ], [ 8.648707360592899, 49.420480364711658 ], [ 8.648750859234097, 49.420480364711658 ], [ 8.648987944183311, 49.420480364711658 ], [ 8.649019418837693, 49.420480364711658 ], [ 8.649053383665544, 49.420480364711658 ], [ 8.64922740490786, 49.420480364711658 ], [ 8.649295647192243, 49.420480364711658 ], [ 8.649358295788829, 49.420480364711658 ], [ 8.649588370357327, 49.420480364711658 ], [ 8.649723116524459, 49.420480364711658 ], [ 8.64975706861823, 49.420480364711658 ], [ 8.650220646517873, 49.420480364711658 ], [ 8.650354416906143, 49.420480364711658 ], [ 8.65057680662102, 49.420480364711658 ], [ 8.651006371859294, 49.420480364711658 ], [ 8.651291239322145, 49.420480364711658 ], [ 8.65143587683694, 49.420480364711658 ], [ 8.651620560697367, 49.420480364711658 ], [ 8.651755022023647, 49.420480364711658 ], [ 8.651795688593916, 49.420480364711658 ], [ 8.65212175341011, 49.420480364711658 ], [ 8.6522129, 49.4201748 ], [ 8.6516956, 49.419952 ], [ 8.6524299, 49.4182323 ], [ 8.6523453, 49.4182168 ], [ 8.6490849, 49.4176624 ], [ 8.6490162, 49.4176516 ], [ 8.6488794, 49.41763 ], [ 8.6489185, 49.4171368 ], [ 8.6460756, 49.416605 ], [ 8.6457029, 49.4169414 ], [ 8.6450942, 49.417497799999985 ], [ 8.644592, 49.41794860000001 ], [ 8.644216, 49.4182561 ], [ 8.6442204, 49.4183302 ], [ 8.6441423, 49.4183985 ], [ 8.6440066, 49.4184706 ], [ 8.642910023119907, 49.41930554348108 ], [ 8.642910023119907, 49.419806014827238 ], [ 8.642910023119907, 49.419897205839511 ], [ 8.642910023119907, 49.420049880148291 ], [ 8.642910023119907, 49.420162591173849 ] ] ], [ [ [ 8.6494588, 49.4122422 ], [ 8.6494458, 49.4121243 ], [ 8.6494351, 49.4119349 ], [ 8.6494147, 49.4116477 ], [ 8.6493948, 49.4113669 ], [ 8.6493903, 49.4110728 ], [ 8.6494262, 49.4108386 ], [ 8.6495411, 49.4105844 ], [ 8.6495997, 49.410483399999983 ], [ 8.649686, 49.4103591 ], [ 8.6498659, 49.4101778 ], [ 8.6501398, 49.4099682 ], [ 8.6504803, 49.4097657 ], [ 8.6503462, 49.4096141 ], [ 8.6492165, 49.4099447 ], [ 8.6491151, 49.409866299999983 ], [ 8.648213, 49.4102003 ], [ 8.6478902, 49.4103382 ], [ 8.647436, 49.410575 ], [ 8.6473395, 49.4105174 ], [ 8.6470187, 49.4106707 ], [ 8.6467604, 49.4107995 ], [ 8.6465356, 49.4109273 ], [ 8.646527, 49.4110257 ], [ 8.6457484, 49.4112775 ], [ 8.6454984, 49.4112612 ], [ 8.6452954, 49.411334 ], [ 8.645205, 49.4114526 ], [ 8.644703, 49.4116206 ], [ 8.6442054, 49.411802 ], [ 8.6436412, 49.4119397 ], [ 8.6429259, 49.4121322 ], [ 8.642910023119907, 49.41210747104865 ], [ 8.642910023119907, 49.412379500781562 ], [ 8.6435455, 49.4121848 ], [ 8.6444027, 49.4136248 ], [ 8.6457478, 49.4132601 ], [ 8.6461366, 49.413103 ], [ 8.6462679, 49.412957 ], [ 8.6462596, 49.412856899999987 ], [ 8.6459398, 49.4122822 ], [ 8.6462254, 49.412213 ], [ 8.6466615, 49.4127578 ], [ 8.6469269, 49.4128596 ], [ 8.6471629, 49.4128544 ], [ 8.6488906, 49.4123895 ], [ 8.6494588, 49.4122422 ] ] ], [ [ [ 8.6495826, 49.4107306 ], [ 8.6495814, 49.4107396 ], [ 8.649584720376781, 49.410742331277675 ], [ 8.6495504, 49.4108259 ], [ 8.6495129, 49.4110144 ], [ 8.6495021, 49.4112159 ], [ 8.6495209, 49.4114524 ], [ 8.6495705, 49.4119541 ], [ 8.6495906, 49.4123223 ], [ 8.6522044, 49.4115544 ], [ 8.6552693, 49.410775 ], [ 8.6567533, 49.4104059 ], [ 8.6580993, 49.4100697 ], [ 8.6592459, 49.4097212 ], [ 8.6591635, 49.4094751 ], [ 8.6601535, 49.4093395 ], [ 8.6601224, 49.4092893 ], [ 8.6599687, 49.408698 ], [ 8.6593591, 49.4087607 ], [ 8.6581774, 49.4089308 ], [ 8.6568026, 49.4091406 ], [ 8.6565887, 49.4091695 ], [ 8.6558337, 49.409271399999987 ], [ 8.6549731, 49.4093654 ], [ 8.6541767, 49.4094354 ], [ 8.6532117, 49.4094923 ], [ 8.6530038, 49.4095031 ], [ 8.6527355, 49.4095214 ], [ 8.6525317, 49.4095336 ], [ 8.6521179, 49.4095594 ], [ 8.6518719, 49.4095746 ], [ 8.6515996, 49.4095973 ], [ 8.6514669, 49.409601699999989 ], [ 8.6512429, 49.4096348 ], [ 8.6510203, 49.4096837 ], [ 8.6507842, 49.4097544 ], [ 8.6505777, 49.4098355 ], [ 8.650402, 49.4099254 ], [ 8.6502786, 49.4099944 ], [ 8.6500841, 49.410126 ], [ 8.6499407, 49.410250899999987 ], [ 8.6497999, 49.410380899999986 ], [ 8.6497127, 49.4105109 ], [ 8.6496242, 49.4106462 ], [ 8.649591072447498, 49.410726864243699 ], [ 8.6495899, 49.4107268 ], [ 8.6495826, 49.4107306 ] ] ], [ [ [ 8.6494344, 49.4140381 ], [ 8.6493705, 49.4140319 ], [ 8.6494321, 49.413762 ], [ 8.648784, 49.4136994 ], [ 8.6487224, 49.4139692 ], [ 8.6485009, 49.4139478 ], [ 8.6484825, 49.4140286 ], [ 8.6493791, 49.4141151 ], [ 8.649416, 49.4141186 ], [ 8.6494344, 49.4140381 ] ] ], [ [ [ 8.649422, 49.4142762 ], [ 8.6493775, 49.4142328 ], [ 8.6492718, 49.4142787 ], [ 8.6493163, 49.4143221 ], [ 8.649422, 49.4142762 ] ] ], [ [ [ 8.6493088, 49.4150942 ], [ 8.6492787, 49.415069699999989 ], [ 8.6492083, 49.4151064 ], [ 8.6492384, 49.4151309 ], [ 8.6493088, 49.4150942 ] ] ], [ [ [ 8.6493553, 49.4152923 ], [ 8.6493326, 49.4152907 ], [ 8.6493259, 49.4153293 ], [ 8.6493486, 49.415331 ], [ 8.6493553, 49.4152923 ] ] ], [ [ [ 8.6494139, 49.4155317 ], [ 8.649408, 49.415570099999989 ], [ 8.6494316, 49.4155716 ], [ 8.6494375, 49.4155333 ], [ 8.6494139, 49.4155317 ] ] ], [ [ [ 8.6500743, 49.4129022 ], [ 8.6498474, 49.4128983 ], [ 8.6498208, 49.4135508 ], [ 8.6499814, 49.4135536 ], [ 8.6505241, 49.4135629 ], [ 8.6505535, 49.412841899999989 ], [ 8.6500771, 49.4128337 ], [ 8.6500743, 49.4129022 ] ] ], [ [ [ 8.650131, 49.4139075 ], [ 8.6500868, 49.413961799999989 ], [ 8.6500108, 49.4139665 ], [ 8.6499765, 49.4140016 ], [ 8.6500795, 49.4140319 ], [ 8.650077, 49.4140638 ], [ 8.650001, 49.4140845 ], [ 8.6500525, 49.4141404 ], [ 8.6501555, 49.4140989 ], [ 8.6501827, 49.41412540000001 ], [ 8.6503474, 49.4141254 ], [ 8.6503589, 49.414059 ], [ 8.6504006, 49.414016 ], [ 8.6503368, 49.4139889 ], [ 8.6503663, 49.413933 ], [ 8.6503246, 49.4139075 ], [ 8.6503589, 49.4138709 ], [ 8.6502584, 49.4138087 ], [ 8.6502192, 49.4138358 ], [ 8.6501677, 49.4138087 ], [ 8.6500991, 49.413840599999986 ], [ 8.6500991, 49.4138964 ], [ 8.650131, 49.4139075 ] ] ], [ [ [ 8.6503359, 49.4148581 ], [ 8.6503563, 49.4147491 ], [ 8.6498877, 49.4147121 ], [ 8.6498674, 49.414821 ], [ 8.6503359, 49.4148581 ] ] ], [ [ [ 8.6508834, 49.4027132 ], [ 8.6511082, 49.4027389 ], [ 8.651202448406455, 49.402390537699866 ], [ 8.650970673544215, 49.402390537699866 ], [ 8.6508834, 49.4027132 ] ] ], [ [ [ 8.651457, 49.402913 ], [ 8.651611508967497, 49.402390537699866 ], [ 8.651262768327843, 49.402390537699866 ], [ 8.6511208, 49.4028709 ], [ 8.651457, 49.402913 ] ] ], [ [ [ 8.650835, 49.4032229 ], [ 8.6508883, 49.4030822 ], [ 8.6512092, 49.4031337 ], [ 8.6512603, 49.4029987 ], [ 8.6507418, 49.4029156 ], [ 8.6506374, 49.4031912 ], [ 8.650835, 49.4032229 ] ] ], [ [ [ 8.6512617, 49.403150600000011 ], [ 8.6517483, 49.4032248 ], [ 8.6517956, 49.4030934 ], [ 8.651309, 49.4030192 ], [ 8.6512617, 49.403150600000011 ] ] ], [ [ [ 8.6516746, 49.4033859 ], [ 8.6517272, 49.403265099999984 ], [ 8.6512417, 49.4031853 ], [ 8.6511946, 49.4033026 ], [ 8.6516746, 49.4033859 ] ] ], [ [ [ 8.650836, 49.4032466 ], [ 8.6506007, 49.4032098 ], [ 8.6505192, 49.4034304 ], [ 8.6507545, 49.4034672 ], [ 8.650836, 49.4032466 ] ] ], [ [ [ 8.6511241, 49.4034821 ], [ 8.6516093, 49.4035631 ], [ 8.6516642, 49.4034237 ], [ 8.6511789, 49.403342799999983 ], [ 8.6511241, 49.4034821 ] ] ], [ [ [ 8.6510719, 49.4036509 ], [ 8.6515582, 49.4037326 ], [ 8.6516044, 49.40361630000001 ], [ 8.6511181, 49.4035346 ], [ 8.6510719, 49.4036509 ] ] ], [ [ [ 8.6508346, 49.4038081 ], [ 8.6510457, 49.4038446 ], [ 8.6510728, 49.4037782 ], [ 8.6506176, 49.40369960000001 ], [ 8.6505901, 49.403767 ], [ 8.6506303, 49.403773900000012 ], [ 8.6506038, 49.4038391 ], [ 8.6506636, 49.4038494 ], [ 8.6506421, 49.40390210000001 ], [ 8.6507861, 49.403927 ], [ 8.6508346, 49.4038081 ] ] ], [ [ [ 8.6512492, 49.40374760000001 ], [ 8.6512118, 49.403852 ], [ 8.6514877, 49.4038938 ], [ 8.6515251, 49.403789399999987 ], [ 8.6512492, 49.40374760000001 ] ] ], [ [ [ 8.6507211, 49.403959 ], [ 8.6506922, 49.4040288 ], [ 8.6507494, 49.4040388 ], [ 8.6507235, 49.4041012 ], [ 8.6509768, 49.4041457 ], [ 8.6510722, 49.4039155 ], [ 8.6509907, 49.4039012 ], [ 8.6509501, 49.4039992 ], [ 8.6507211, 49.403959 ] ] ], [ [ [ 8.6515972, 49.4045916 ], [ 8.6517626, 49.4046182 ], [ 8.6516699, 49.4048627 ], [ 8.6518066, 49.4048847 ], [ 8.6519264, 49.4045689 ], [ 8.651494, 49.404499399999985 ], [ 8.6514724, 49.4045566 ], [ 8.6511253, 49.4045008 ], [ 8.6510743, 49.4046352 ], [ 8.6515515, 49.4047119 ], [ 8.6515972, 49.4045916 ] ] ], [ [ [ 8.6516589, 49.4087512 ], [ 8.6514741, 49.4087728 ], [ 8.6514715, 49.4087632 ], [ 8.6514662, 49.4087441 ], [ 8.651382, 49.4087539 ], [ 8.6513899, 49.4087826 ], [ 8.651252, 49.4087987 ], [ 8.6512503, 49.4087925 ], [ 8.6510983, 49.408810199999984 ], [ 8.6511291, 49.4089219 ], [ 8.6512811, 49.4089042 ], [ 8.6512789, 49.4088962 ], [ 8.6516858, 49.4088487 ], [ 8.6516589, 49.4087512 ] ] ], [ [ [ 8.6505676, 49.4091127 ], [ 8.6505827, 49.409159699999989 ], [ 8.6507856, 49.4091322 ], [ 8.6507705, 49.4090852 ], [ 8.6505676, 49.4091127 ] ] ], [ [ [ 8.651025, 49.4131136 ], [ 8.6510265, 49.4130704 ], [ 8.6508264, 49.4130675 ], [ 8.6508211, 49.4132245 ], [ 8.6510212, 49.4132274 ], [ 8.6510225, 49.4131888 ], [ 8.6511081, 49.41319 ], [ 8.6511046, 49.4132931 ], [ 8.6512638, 49.4132954 ], [ 8.6512683, 49.4131608 ], [ 8.6513745, 49.4131623 ], [ 8.6513727, 49.413217 ], [ 8.6520169, 49.4132262 ], [ 8.6520212, 49.4130992 ], [ 8.651377, 49.41309 ], [ 8.6513753, 49.4131406 ], [ 8.651269, 49.4131391 ], [ 8.6512821, 49.4127528 ], [ 8.651123, 49.4127505 ], [ 8.6511107, 49.4131148 ], [ 8.651025, 49.4131136 ] ] ], [ [ [ 8.6505337, 49.4138406 ], [ 8.6505546, 49.4138552 ], [ 8.6505852, 49.413865 ], [ 8.6506464, 49.4138783 ], [ 8.6507025, 49.4138951 ], [ 8.6507709, 49.4139269 ], [ 8.6508121, 49.413945099999985 ], [ 8.6508675, 49.4139552 ], [ 8.6508483, 49.4139939 ], [ 8.6508362, 49.4140383 ], [ 8.6506954, 49.4140136 ], [ 8.6506533, 49.4141266 ], [ 8.6508357, 49.4141594 ], [ 8.6508402, 49.4142173 ], [ 8.6508609, 49.414273599999987 ], [ 8.6510756, 49.4142853 ], [ 8.6510655, 49.414187 ], [ 8.651377, 49.4141946 ], [ 8.651608, 49.4141841 ], [ 8.651835, 49.4141549 ], [ 8.6520406, 49.41411870000001 ], [ 8.6520609, 49.413981 ], [ 8.6518514, 49.4140188 ], [ 8.65158, 49.414055299999987 ], [ 8.6515795, 49.4140704 ], [ 8.6513954, 49.414081199999984 ], [ 8.6512291, 49.4140782 ], [ 8.651077, 49.4140664 ], [ 8.6511011, 49.4139923 ], [ 8.6511547, 49.4138792 ], [ 8.6512154, 49.413796599999984 ], [ 8.6512391, 49.4137695 ], [ 8.6512506, 49.4137583 ], [ 8.6510303, 49.4137435 ], [ 8.6509782, 49.4137955 ], [ 8.6509468, 49.4137839 ], [ 8.6509167, 49.4137714 ], [ 8.6508791, 49.4137653 ], [ 8.650796, 49.4137627 ], [ 8.6506318, 49.4137724 ], [ 8.6505573, 49.4137815 ], [ 8.6505391, 49.4137954 ], [ 8.6505278, 49.4138128 ], [ 8.6505271, 49.4138277 ], [ 8.6505337, 49.4138406 ] ] ], [ [ [ 8.6519554, 49.4029653 ], [ 8.6523562, 49.4030225 ], [ 8.6524336, 49.4027927 ], [ 8.6521138, 49.402747 ], [ 8.6521278, 49.4027054 ], [ 8.6520469, 49.4026939 ], [ 8.6519554, 49.4029653 ] ] ], [ [ [ 8.6517821, 49.4033997 ], [ 8.6522826, 49.4034843 ], [ 8.6523355, 49.4033584 ], [ 8.6518331, 49.403273099999986 ], [ 8.6517821, 49.4033997 ] ] ], [ [ [ 8.6517085, 49.4035744 ], [ 8.652198, 49.4036611 ], [ 8.6522536, 49.4035281 ], [ 8.6517641, 49.4034414 ], [ 8.6517085, 49.4035744 ] ] ], [ [ [ 8.65213, 49.4038319 ], [ 8.6521761, 49.4037109 ], [ 8.6516906, 49.4036311 ], [ 8.6516563, 49.4037486 ], [ 8.65213, 49.4038319 ] ] ], [ [ [ 8.6520704, 49.4040072 ], [ 8.6521213, 49.4038684 ], [ 8.6516487, 49.403795 ], [ 8.6515978, 49.4039338 ], [ 8.6520704, 49.4040072 ] ] ], [ [ [ 8.6515347, 49.40411550000001 ], [ 8.6517054, 49.4041412 ], [ 8.6517415, 49.4040401 ], [ 8.6515708, 49.4040143 ], [ 8.6515347, 49.40411550000001 ] ] ], [ [ [ 8.6518256, 49.4042433 ], [ 8.6515214, 49.4041951 ], [ 8.6515152, 49.4042119 ], [ 8.6514631, 49.4042036 ], [ 8.6515385, 49.4040021 ], [ 8.6514496, 49.403988 ], [ 8.6513742, 49.4041892 ], [ 8.6511542, 49.4041543 ], [ 8.6511092, 49.404274499999985 ], [ 8.651433, 49.404325799999988 ], [ 8.6514261, 49.4043444 ], [ 8.6519456, 49.4044267 ], [ 8.6519391, 49.4044441 ], [ 8.6519999, 49.4044538 ], [ 8.6520189, 49.4044029 ], [ 8.6520017, 49.4044001 ], [ 8.6520991, 49.4041402 ], [ 8.6519321, 49.404113700000011 ], [ 8.6518574, 49.4043134 ], [ 8.6518026, 49.4043047 ], [ 8.6518256, 49.4042433 ] ] ], [ [ [ 8.6514627, 49.40507370000001 ], [ 8.6516166, 49.4050949 ], [ 8.6516705, 49.4049294 ], [ 8.6515167, 49.4049081 ], [ 8.6514627, 49.40507370000001 ] ] ], [ [ [ 8.6530885, 49.4060497 ], [ 8.6528746, 49.4060221 ], [ 8.6528339, 49.4061557 ], [ 8.6530479, 49.4061833 ], [ 8.6530885, 49.4060497 ] ] ], [ [ [ 8.6522285, 49.4087555 ], [ 8.652195, 49.4087594 ], [ 8.6521622, 49.408763199999989 ], [ 8.651985, 49.4087841 ], [ 8.6520817, 49.4091355 ], [ 8.6522578, 49.4091159 ], [ 8.6522949, 49.4091109 ], [ 8.6523288, 49.4091071 ], [ 8.6523301, 49.4091119 ], [ 8.6523364, 49.4091352 ], [ 8.6523513, 49.4091908 ], [ 8.6528987, 49.4091258 ], [ 8.6529006, 49.409133 ], [ 8.653743, 49.4090395 ], [ 8.6537247, 49.4089724 ], [ 8.6536494, 49.4089811 ], [ 8.6535159, 49.408996499999986 ], [ 8.653532, 49.4090557 ], [ 8.6533019, 49.4090823 ], [ 8.6532807, 49.4090047 ], [ 8.6531659, 49.409018 ], [ 8.6530335, 49.4090333 ], [ 8.6529281, 49.4090455 ], [ 8.6528045, 49.4085922 ], [ 8.652361, 49.4086452 ], [ 8.6522032, 49.408664 ], [ 8.6522285, 49.4087555 ] ], [ [ 8.6523466, 49.4090713 ], [ 8.6522489, 49.4090829 ], [ 8.6521702, 49.4087949 ], [ 8.652204, 49.4087909 ], [ 8.6524101, 49.4087667 ], [ 8.652451, 49.408912 ], [ 8.65249, 49.4090544 ], [ 8.6523466, 49.4090713 ] ] ], [ [ [ 8.6522593, 49.4091854 ], [ 8.6522433, 49.4091328 ], [ 8.6520833, 49.4091534 ], [ 8.6520993, 49.409206 ], [ 8.6522593, 49.4091854 ] ] ], [ [ [ 8.6528182, 49.4126535 ], [ 8.6528296, 49.4124591 ], [ 8.652495, 49.4124508 ], [ 8.6523753, 49.4124478 ], [ 8.6523638, 49.4126422 ], [ 8.6528182, 49.4126535 ] ] ], [ [ [ 8.6516908, 49.4135723 ], [ 8.6516904, 49.4135974 ], [ 8.651747, 49.4135978 ], [ 8.6517474, 49.4135733 ], [ 8.6518033, 49.4135737 ], [ 8.6518045, 49.4135008 ], [ 8.6518381, 49.4135011 ], [ 8.6518386, 49.4134711 ], [ 8.6518051, 49.4134709 ], [ 8.651806, 49.4134146 ], [ 8.651736, 49.4134141 ], [ 8.6517355, 49.4134445 ], [ 8.6516632, 49.413444 ], [ 8.6516638, 49.413407 ], [ 8.6516196, 49.4134067 ], [ 8.6516194, 49.413422 ], [ 8.6515925, 49.4134218 ], [ 8.651592, 49.4134486 ], [ 8.651553, 49.4134483 ], [ 8.6515522, 49.4134965 ], [ 8.6515795, 49.4134967 ], [ 8.6515782, 49.41357150000001 ], [ 8.6516908, 49.4135723 ] ] ], [ [ [ 8.6525134, 49.41342370000001 ], [ 8.6525125, 49.4134723 ], [ 8.6524875, 49.4134721 ], [ 8.6524851, 49.4135952 ], [ 8.6524505, 49.4135949 ], [ 8.65245, 49.4136214 ], [ 8.652555, 49.4136223 ], [ 8.6525552, 49.4136107 ], [ 8.6526496, 49.4136115 ], [ 8.6526493, 49.4136261 ], [ 8.6527539, 49.413626900000011 ], [ 8.6527545, 49.4135958 ], [ 8.6527274, 49.4135956 ], [ 8.6527297, 49.4134763 ], [ 8.6527073, 49.4134761 ], [ 8.6527086, 49.4134084 ], [ 8.6526333, 49.4134078 ], [ 8.6526329, 49.4134246 ], [ 8.6525134, 49.41342370000001 ] ] ], [ [ [ 8.6528171, 49.4139717 ], [ 8.6527569, 49.4139701 ], [ 8.6527424, 49.413955799999989 ], [ 8.6527421, 49.4139197 ], [ 8.6526275, 49.4139179 ], [ 8.6526266, 49.4139539 ], [ 8.6526086, 49.4139672 ], [ 8.6525539, 49.4139677 ], [ 8.6525539, 49.414035 ], [ 8.6526064, 49.414035 ], [ 8.6524234, 49.4141494 ], [ 8.6525872, 49.4142603 ], [ 8.6526568, 49.4142167 ], [ 8.6527505, 49.4142259 ], [ 8.6528012, 49.414225 ], [ 8.6528262, 49.4142475 ], [ 8.6528245, 49.4142775 ], [ 8.6529237, 49.4142778 ], [ 8.6529238, 49.414251099999987 ], [ 8.6529569, 49.414232 ], [ 8.653192, 49.4142363 ], [ 8.6532139, 49.4142496 ], [ 8.6532076, 49.4144037 ], [ 8.6531872, 49.414421 ], [ 8.6531308, 49.4144231 ], [ 8.6531308, 49.4144639 ], [ 8.6532359, 49.4144629 ], [ 8.6533038, 49.4144318 ], [ 8.6534203, 49.4144311 ], [ 8.6534243, 49.4142149 ], [ 8.6534257, 49.414164099999986 ], [ 8.6534918, 49.4141665 ], [ 8.6535613, 49.4141667 ], [ 8.6535599, 49.4142453 ], [ 8.6540096, 49.4142479 ], [ 8.6540317, 49.4142362 ], [ 8.6540287, 49.4140441 ], [ 8.6540147, 49.4140324 ], [ 8.6536773, 49.4140258 ], [ 8.6535675, 49.414024 ], [ 8.6535671, 49.4140368 ], [ 8.6534961, 49.4140368 ], [ 8.6534535, 49.4140355 ], [ 8.6534359, 49.4140202 ], [ 8.6534378, 49.413987 ], [ 8.653333, 49.4139851 ], [ 8.6533319, 49.4140151 ], [ 8.6533006, 49.4140304 ], [ 8.6532496, 49.4140304 ], [ 8.6532476, 49.4140865 ], [ 8.6532025, 49.4141006 ], [ 8.6530094, 49.41409680000001 ], [ 8.6528162, 49.4140929 ], [ 8.6528171, 49.4139717 ] ] ], [ [ [ 8.6519698, 49.415315 ], [ 8.6495622, 49.4151769 ], [ 8.649428, 49.4158737 ], [ 8.6493854, 49.4160728 ], [ 8.649249, 49.4167812 ], [ 8.649197, 49.4170109 ], [ 8.6526343, 49.4175974 ], [ 8.6533103, 49.4162737 ], [ 8.6535361, 49.415974699999985 ], [ 8.653905, 49.415518100000014 ], [ 8.6550906, 49.414364 ], [ 8.6542831, 49.4140297 ], [ 8.6540471, 49.4143187 ], [ 8.6531377, 49.4145233 ], [ 8.6529038, 49.4143647 ], [ 8.6521587, 49.414291 ], [ 8.6521275, 49.4145594 ], [ 8.6519698, 49.415315 ] ] ], [ [ [ 8.6535437, 49.4028818 ], [ 8.6534299, 49.402862 ], [ 8.6533966, 49.4029433 ], [ 8.6535104, 49.402963 ], [ 8.6537079, 49.40299730000001 ], [ 8.6536951, 49.4030284 ], [ 8.6536272, 49.4031942 ], [ 8.6537669, 49.4032185 ], [ 8.6538349, 49.4030527 ], [ 8.6537809, 49.4030433 ], [ 8.6538269, 49.4029309 ], [ 8.6535437, 49.4028818 ] ] ], [ [ [ 8.6541136, 49.4030221 ], [ 8.6540774, 49.403016 ], [ 8.6540534, 49.4030759 ], [ 8.6539661, 49.403061 ], [ 8.6539122, 49.4031953 ], [ 8.654116, 49.4032299 ], [ 8.6541397, 49.4031706 ], [ 8.6540595, 49.403157 ], [ 8.6541136, 49.4030221 ] ] ], [ [ [ 8.6543379, 49.403217 ], [ 8.6543683, 49.4031295 ], [ 8.6541995, 49.4031047 ], [ 8.654169, 49.4031922 ], [ 8.6543379, 49.403217 ] ] ], [ [ [ 8.6531776, 49.404498099999984 ], [ 8.6528459, 49.4055956 ], [ 8.653179, 49.4056687 ], [ 8.653512, 49.4045349 ], [ 8.6531776, 49.404498099999984 ] ] ], [ [ [ 8.6539417, 49.405802199999989 ], [ 8.6539535, 49.405772199999987 ], [ 8.6538982, 49.405763 ], [ 8.6538865, 49.4057931 ], [ 8.6539417, 49.405802199999989 ] ] ], [ [ [ 8.6520093, 49.4072971 ], [ 8.6528677, 49.4071597 ], [ 8.653796, 49.406880899999983 ], [ 8.6542182, 49.4067851 ], [ 8.6548886, 49.4064844 ], [ 8.6549913, 49.4063286 ], [ 8.6550053, 49.4063073 ], [ 8.6546315, 49.4062325 ], [ 8.6538881, 49.406094 ], [ 8.6536987, 49.4060567 ], [ 8.6534781, 49.4060157 ], [ 8.653373, 49.4063329 ], [ 8.6527502, 49.4062609 ], [ 8.6526491, 49.4064966 ], [ 8.6517385, 49.4064271 ], [ 8.6515787, 49.4072807 ], [ 8.6520093, 49.4072971 ] ] ], [ [ [ 8.6555924, 49.411412 ], [ 8.6555889, 49.4115744 ], [ 8.6557947, 49.4115807 ], [ 8.6557929, 49.4116682 ], [ 8.6557878, 49.4118634 ], [ 8.6555267, 49.4118605 ], [ 8.6555284, 49.4117935 ], [ 8.6553604, 49.4117916 ], [ 8.6553533, 49.412063 ], [ 8.6555195, 49.4120648 ], [ 8.6555168, 49.4121656 ], [ 8.6552591, 49.4121628 ], [ 8.6552545, 49.4123374 ], [ 8.6556996, 49.412342399999986 ], [ 8.6562058, 49.412348 ], [ 8.6562103, 49.412173299999985 ], [ 8.6559096, 49.41217 ], [ 8.6559106, 49.4121313 ], [ 8.6560097, 49.4121324 ], [ 8.6560146, 49.411944 ], [ 8.6559218, 49.411943 ], [ 8.6559303, 49.411704199999988 ], [ 8.6560479, 49.411706 ], [ 8.6560443, 49.4118079 ], [ 8.6563108, 49.4118118 ], [ 8.656319, 49.411574 ], [ 8.6562048, 49.411572399999983 ], [ 8.6562062, 49.4115316 ], [ 8.6562664, 49.4115324 ], [ 8.6562734, 49.4113296 ], [ 8.6559992, 49.4113256 ], [ 8.6559961, 49.411415799999986 ], [ 8.6555924, 49.411412 ] ] ], [ [ [ 8.6539762, 49.4119541 ], [ 8.6539738, 49.4120222 ], [ 8.6540452, 49.4120232 ], [ 8.6540417, 49.412125499999988 ], [ 8.6544998, 49.4121321 ], [ 8.6545033, 49.4120292 ], [ 8.6545539, 49.4120299 ], [ 8.6546265, 49.412031 ], [ 8.6546216, 49.412171099999988 ], [ 8.6548524, 49.4121744 ], [ 8.6548585, 49.4119991 ], [ 8.6548691, 49.4116959 ], [ 8.6546383, 49.4116925 ], [ 8.6546288, 49.4119639 ], [ 8.6545553, 49.4119628 ], [ 8.6545056, 49.4119621 ], [ 8.6545091, 49.4118593 ], [ 8.6540509, 49.411852699999983 ], [ 8.6540475, 49.4119551 ], [ 8.6539762, 49.4119541 ] ] ], [ [ [ 8.6536999, 49.4119901 ], [ 8.6536859, 49.4123128 ], [ 8.6538766, 49.4123163 ], [ 8.6538906, 49.411993599999988 ], [ 8.6536999, 49.4119901 ] ] ], [ [ [ 8.6535025, 49.4121411 ], [ 8.6530401, 49.4121331 ], [ 8.6530333, 49.4122998 ], [ 8.6534957, 49.4123078 ], [ 8.6535025, 49.4121411 ] ] ], [ [ [ 8.6550643, 49.4124988 ], [ 8.655071, 49.4122693 ], [ 8.6547213, 49.412265 ], [ 8.6547145, 49.4124945 ], [ 8.6550643, 49.4124988 ] ] ], [ [ [ 8.6532018, 49.412547 ], [ 8.6532044, 49.4123277 ], [ 8.6528695, 49.412326 ], [ 8.6528668, 49.4125453 ], [ 8.6532018, 49.412547 ] ] ], [ [ [ 8.6545146, 49.4124597 ], [ 8.6544136, 49.4124577 ], [ 8.6544154, 49.412418099999989 ], [ 8.6536775, 49.4124034 ], [ 8.6536695, 49.4125739 ], [ 8.6544072, 49.4125885 ], [ 8.6544102, 49.4125229 ], [ 8.6545115, 49.412525 ], [ 8.6545146, 49.4124597 ] ] ], [ [ [ 8.6531447, 49.4127103 ], [ 8.6532372, 49.4127108 ], [ 8.6532392, 49.4125721 ], [ 8.6530219, 49.412570799999983 ], [ 8.65302, 49.4127095 ], [ 8.6531035, 49.41271 ], [ 8.653103, 49.4127516 ], [ 8.6531441, 49.412751799999988 ], [ 8.6531447, 49.4127103 ] ] ], [ [ [ 8.655308, 49.413096 ], [ 8.6555753, 49.4130998 ], [ 8.6555917, 49.412616 ], [ 8.6553244, 49.4126122 ], [ 8.655308, 49.413096 ] ] ], [ [ [ 8.6528533, 49.4131816 ], [ 8.6530062, 49.4131835 ], [ 8.6529964, 49.4131868 ], [ 8.65299, 49.4131923 ], [ 8.6529887, 49.41323460000001 ], [ 8.6529917, 49.4132398 ], [ 8.6530001, 49.4132429 ], [ 8.6530553, 49.4132426 ], [ 8.6530501, 49.4134167 ], [ 8.6533124, 49.41342 ], [ 8.6533175, 49.4132459 ], [ 8.6531439, 49.413243799999989 ], [ 8.6531553, 49.4132405 ], [ 8.6531634, 49.4132348 ], [ 8.6531634, 49.4131951 ], [ 8.6531577, 49.4131886 ], [ 8.6531456, 49.4131855 ], [ 8.6532237, 49.4131862 ], [ 8.6532267, 49.4130756 ], [ 8.6532136, 49.4130746 ], [ 8.6532132, 49.4130479 ], [ 8.6534842, 49.413052 ], [ 8.6534955, 49.4128763 ], [ 8.653224, 49.4128752 ], [ 8.6532145, 49.412978 ], [ 8.6532066, 49.4129722 ], [ 8.6531979, 49.4129691 ], [ 8.6531429, 49.412968299999989 ], [ 8.653133, 49.4129703 ], [ 8.6531255, 49.4129753 ], [ 8.6531243, 49.4130089 ], [ 8.6528585, 49.4130054 ], [ 8.6528533, 49.4131816 ] ] ], [ [ [ 8.6544592, 49.4134923 ], [ 8.6547901, 49.4134976 ], [ 8.6547936, 49.4134033 ], [ 8.6550082, 49.4134066 ], [ 8.6550215, 49.413056799999985 ], [ 8.6548205, 49.4130535 ], [ 8.6548238, 49.4129641 ], [ 8.6544803, 49.4129586 ], [ 8.6544768, 49.4130496 ], [ 8.6542772, 49.4130464 ], [ 8.6542639, 49.4133974 ], [ 8.6544626, 49.4134006 ], [ 8.6544592, 49.4134923 ] ] ], [ [ [ 8.6557205, 49.4134967 ], [ 8.6554332, 49.4134934 ], [ 8.6554243, 49.413822 ], [ 8.6555875, 49.41382380000001 ], [ 8.6555897, 49.4137438 ], [ 8.6557555, 49.4137457 ], [ 8.6557599, 49.41358120000001 ], [ 8.6559797, 49.4135837 ], [ 8.6559842, 49.4134188 ], [ 8.6559108, 49.4134179 ], [ 8.6559115, 49.4133976 ], [ 8.6559619, 49.4133983 ], [ 8.6559636, 49.4133492 ], [ 8.6559134, 49.4133485 ], [ 8.6559138, 49.413336 ], [ 8.6560878, 49.4133377 ], [ 8.6560896, 49.4132637 ], [ 8.6562739, 49.4132643 ], [ 8.6562774, 49.4129885 ], [ 8.6559787, 49.4129871 ], [ 8.6559775, 49.4130945 ], [ 8.6560143, 49.4130947 ], [ 8.6560117, 49.413173 ], [ 8.6559381, 49.4131722 ], [ 8.6558352, 49.4131712 ], [ 8.6558346, 49.4131956 ], [ 8.6557196, 49.413194 ], [ 8.6557125, 49.413297799999988 ], [ 8.655796, 49.4132982 ], [ 8.6557918, 49.4133724 ], [ 8.6557893, 49.4134163 ], [ 8.6557227, 49.41341580000001 ], [ 8.6557205, 49.4134967 ] ] ], [ [ [ 8.6540552, 49.4136741 ], [ 8.6540595, 49.4134469 ], [ 8.6535053, 49.4134425 ], [ 8.6535011, 49.413669699999986 ], [ 8.6540552, 49.4136741 ] ] ], [ [ [ 8.6541498, 49.4137855 ], [ 8.6544161, 49.4137855 ], [ 8.6544161, 49.4136059 ], [ 8.6541498, 49.4136059 ], [ 8.6541498, 49.4137855 ] ] ], [ [ [ 8.6552714, 49.4141293 ], [ 8.6554217, 49.413985299999986 ], [ 8.6554103, 49.4139514 ], [ 8.65519, 49.4138541 ], [ 8.6551396, 49.4138607 ], [ 8.6549892, 49.4140047 ], [ 8.6549989, 49.4140371 ], [ 8.6552192, 49.4141345 ], [ 8.6552714, 49.4141293 ] ] ], [ [ [ 8.6605229, 49.4030675 ], [ 8.6605334, 49.4030213 ], [ 8.6604706, 49.4030153 ], [ 8.6604602, 49.4030614 ], [ 8.6604483, 49.4031077 ], [ 8.6605099, 49.4031154 ], [ 8.6605229, 49.4030675 ] ] ], [ [ [ 8.6604303, 49.4034577 ], [ 8.6604771, 49.4034237 ], [ 8.6604325, 49.4033977 ], [ 8.6603857, 49.403431799999979 ], [ 8.6604303, 49.4034577 ] ] ], [ [ [ 8.6687293, 49.4052682 ], [ 8.6671723, 49.4053579 ], [ 8.6669121, 49.40537290000001 ], [ 8.6667975, 49.4051856 ], [ 8.6666812, 49.4049922 ], [ 8.6662223, 49.4042313 ], [ 8.6660912, 49.404014 ], [ 8.6660319, 49.4039983 ], [ 8.6647586, 49.4042673 ], [ 8.6632135, 49.4045915 ], [ 8.6620384, 49.4048382 ], [ 8.660282, 49.4051639 ], [ 8.6587388, 49.4056925 ], [ 8.6590848, 49.4064718 ], [ 8.658241079203112, 49.406573882774232 ], [ 8.6588581, 49.406483299999984 ], [ 8.6587262, 49.4061865 ], [ 8.6585156, 49.4059111 ], [ 8.6568992, 49.4062427 ], [ 8.6559054, 49.4067088 ], [ 8.655946461892713, 49.406879948013405 ], [ 8.6543581, 49.4071105 ], [ 8.6526966, 49.4074974 ], [ 8.6517304, 49.4078277 ], [ 8.6510499, 49.4080888 ], [ 8.6510263, 49.4081037 ], [ 8.651015, 49.4081212 ], [ 8.6510138, 49.4081423 ], [ 8.6510251, 49.4081596 ], [ 8.6513995, 49.4085737 ], [ 8.6514259, 49.4085935 ], [ 8.651455, 49.408607 ], [ 8.6514869, 49.4086177 ], [ 8.6515212, 49.4086243 ], [ 8.6515633, 49.4086265 ], [ 8.651612, 49.4086219 ], [ 8.65459, 49.4082265 ], [ 8.6592019, 49.4076158 ], [ 8.6590054, 49.4070266 ], [ 8.6592225, 49.4069932 ], [ 8.6615833, 49.4067854 ], [ 8.6617501, 49.4067707 ], [ 8.6635696, 49.4065012 ], [ 8.664699392588236, 49.406375513210179 ], [ 8.6646992, 49.406379 ], [ 8.664883996466006, 49.406354976459426 ], [ 8.6657665, 49.4062568 ], [ 8.6660586, 49.4061571 ], [ 8.6664359, 49.406080299999985 ], [ 8.667224, 49.4058853 ], [ 8.6686882, 49.4054755 ], [ 8.6687293, 49.4052682 ] ] ], [ [ [ 8.6593344, 49.40783290000001 ], [ 8.6593364, 49.407838 ], [ 8.6594567, 49.4078181 ], [ 8.6594547, 49.407813 ], [ 8.6596385, 49.4077825 ], [ 8.6596092, 49.4077079 ], [ 8.6594254, 49.4077383 ], [ 8.6594234, 49.40773320000001 ], [ 8.6593032, 49.4077531 ], [ 8.6593052, 49.4077583 ], [ 8.6591196, 49.407789 ], [ 8.6591488, 49.4078637 ], [ 8.6593344, 49.40783290000001 ] ] ], [ [ [ 8.6600956, 49.408794 ], [ 8.6600735, 49.4087213 ], [ 8.6599849, 49.4087327 ], [ 8.660007, 49.4088054 ], [ 8.6600956, 49.408794 ] ] ], [ [ [ 8.6592295, 49.411288899999988 ], [ 8.6595752, 49.411279199999989 ], [ 8.6595553, 49.4111446 ], [ 8.6594668, 49.4103845 ], [ 8.6592454, 49.4103922 ], [ 8.6592516, 49.410459 ], [ 8.6587427, 49.410486 ], [ 8.6587694, 49.410716099999988 ], [ 8.6588763, 49.4107156 ], [ 8.6589265, 49.4112203 ], [ 8.6592227, 49.411205 ], [ 8.6592295, 49.411288899999988 ] ], [ [ 8.6590789, 49.4107024 ], [ 8.6592856, 49.4106876 ], [ 8.6593054, 49.410847899999986 ], [ 8.6591015, 49.410858 ], [ 8.6590789, 49.4107024 ] ] ], [ [ [ 8.6597614, 49.4110217 ], [ 8.659839, 49.41102 ], [ 8.6598363, 49.4109669 ], [ 8.6597586, 49.4109686 ], [ 8.6597614, 49.4110217 ] ] ], [ [ [ 8.6579586, 49.4108563 ], [ 8.6579129, 49.4108585 ], [ 8.6579048, 49.4107884 ], [ 8.6576118, 49.4108026 ], [ 8.6576203, 49.410877 ], [ 8.6575092, 49.4108824 ], [ 8.6575278, 49.4110449 ], [ 8.6576341, 49.4110398 ], [ 8.6576368, 49.4110635 ], [ 8.6576511, 49.4111884 ], [ 8.6576178, 49.41119 ], [ 8.6574226, 49.4111995 ], [ 8.6574409, 49.4113598 ], [ 8.6579825, 49.411333499999984 ], [ 8.6579798, 49.4113097 ], [ 8.6580538, 49.4113062 ], [ 8.6580484, 49.411259 ], [ 8.6581338, 49.4112548 ], [ 8.6584612, 49.41123730000001 ], [ 8.6584372, 49.411048 ], [ 8.6584332, 49.4110131 ], [ 8.6584879, 49.4110105 ], [ 8.6584589, 49.410758 ], [ 8.6579502, 49.4107828 ], [ 8.6579586, 49.4108563 ] ], [ [ 8.6578948, 49.4111733 ], [ 8.6578807, 49.411039 ], [ 8.6580906, 49.411029699999986 ], [ 8.6581046, 49.411164 ], [ 8.6578948, 49.4111733 ] ] ], [ [ [ 8.657315, 49.4112379 ], [ 8.6572908, 49.4110349 ], [ 8.6565634, 49.4110716 ], [ 8.6565959, 49.4113438 ], [ 8.6566494, 49.4113411 ], [ 8.6566649, 49.4114707 ], [ 8.6573049, 49.4114386 ], [ 8.6573388, 49.4114366 ], [ 8.657315, 49.4112379 ] ] ], [ [ [ 8.6568359, 49.411835 ], [ 8.6568006, 49.4115545 ], [ 8.6565437, 49.4115682 ], [ 8.656579, 49.4118486 ], [ 8.6568359, 49.411835 ] ] ], [ [ [ 8.6584015, 49.4119947 ], [ 8.6584482, 49.412026 ], [ 8.6586146, 49.411920799999983 ], [ 8.6584593, 49.4118168 ], [ 8.6582193, 49.4119685 ], [ 8.658166, 49.4119328 ], [ 8.6580453, 49.4120091 ], [ 8.657552, 49.4123208 ], [ 8.6577746, 49.4124699 ], [ 8.6583886, 49.4120819 ], [ 8.6583278, 49.4120412 ], [ 8.6584015, 49.4119947 ] ] ], [ [ [ 8.656873, 49.4118633 ], [ 8.6566585, 49.411870899999982 ], [ 8.6566705, 49.412016 ], [ 8.6568842, 49.4120085 ], [ 8.6568898, 49.4120758 ], [ 8.6574341, 49.4120566 ], [ 8.6574326, 49.4120385 ], [ 8.6574943, 49.4120364 ], [ 8.6574885, 49.411966799999988 ], [ 8.6574507, 49.4119681 ], [ 8.6574472, 49.4119264 ], [ 8.657611, 49.4119206 ], [ 8.6576041, 49.4118376 ], [ 8.656873, 49.4118633 ] ] ], [ [ [ 8.6576681, 49.4124257 ], [ 8.6575979, 49.4124683 ], [ 8.6576603, 49.4125118 ], [ 8.6577305, 49.4124693 ], [ 8.6576681, 49.4124257 ] ] ], [ [ [ 8.6575563, 49.4125143 ], [ 8.6575139, 49.4124863 ], [ 8.6574654, 49.4125174 ], [ 8.6575077, 49.4125454 ], [ 8.6575563, 49.4125143 ] ] ], [ [ [ 8.6570177, 49.4127472 ], [ 8.6574063, 49.4127449 ], [ 8.6574014, 49.412392 ], [ 8.6570128, 49.41239430000001 ], [ 8.6570177, 49.4127472 ] ] ], [ [ [ 8.656832, 49.4127694 ], [ 8.656831, 49.4128401 ], [ 8.6569761, 49.412841 ], [ 8.6569771, 49.4127703 ], [ 8.6569516, 49.4127701 ], [ 8.6569565, 49.4124109 ], [ 8.6568368, 49.4124102 ], [ 8.656832, 49.4127694 ] ] ], [ [ [ 8.6575093, 49.4125523 ], [ 8.6574595, 49.4125855 ], [ 8.6575354, 49.4126338 ], [ 8.6575853, 49.4126005 ], [ 8.6575093, 49.4125523 ] ] ], [ [ [ 8.6567331, 49.4128993 ], [ 8.6568222, 49.4128998 ], [ 8.6568233, 49.4128161 ], [ 8.6567342, 49.4128155 ], [ 8.6567331, 49.4128993 ] ] ], [ [ [ 8.6570208, 49.4128158 ], [ 8.6569063, 49.4128926 ], [ 8.6569397, 49.412913799999984 ], [ 8.6569066, 49.412936 ], [ 8.6569572, 49.4129682 ], [ 8.6571049, 49.41286920000001 ], [ 8.6570208, 49.4128158 ] ] ], [ [ [ 8.6599613, 49.4146133 ], [ 8.6600119, 49.4146405 ], [ 8.6600581, 49.41461 ], [ 8.6600016, 49.414581300000016 ], [ 8.6599613, 49.4146133 ] ] ], [ [ [ 8.6594269, 49.4150142 ], [ 8.6594799, 49.4150411 ], [ 8.659634, 49.4149127 ], [ 8.659581, 49.4148858 ], [ 8.6594269, 49.4150142 ] ] ], [ [ [ 8.658814, 49.4156116 ], [ 8.6588492, 49.415576 ], [ 8.6587984, 49.4155547 ], [ 8.6587631, 49.4155903 ], [ 8.658814, 49.4156116 ] ] ], [ [ [ 8.6595678, 49.4163104 ], [ 8.6595731, 49.4163461 ], [ 8.6597223, 49.4163461 ], [ 8.6597403, 49.4163461 ], [ 8.6597414, 49.4163184 ], [ 8.659821, 49.4163439 ], [ 8.6598851, 49.4163643 ], [ 8.6598664, 49.416390699999987 ], [ 8.6598364, 49.4164329 ], [ 8.6604538, 49.4166075 ], [ 8.6604848, 49.4165661 ], [ 8.660688, 49.4166247 ], [ 8.6607624, 49.4165197 ], [ 8.6599372, 49.416291 ], [ 8.6599654, 49.4162513 ], [ 8.6599977, 49.4162059 ], [ 8.6598023, 49.4161484 ], [ 8.6597682, 49.4161948 ], [ 8.6597574, 49.4161938 ], [ 8.6597464, 49.4161928 ], [ 8.6597429, 49.4158579 ], [ 8.659567, 49.4158543 ], [ 8.6595617, 49.4159832 ], [ 8.6595322, 49.4159845 ], [ 8.6595018, 49.4159859 ], [ 8.6594987, 49.4160089 ], [ 8.6593391, 49.4159806 ], [ 8.6592794, 49.4159592 ], [ 8.6592115, 49.4159357 ], [ 8.6591835, 49.4159643 ], [ 8.659159, 49.4159517 ], [ 8.6590913, 49.4159146 ], [ 8.6589558, 49.4158508 ], [ 8.6587838, 49.4160135 ], [ 8.658912, 49.4160768 ], [ 8.6590162, 49.4161162 ], [ 8.6589627, 49.416162 ], [ 8.6591319, 49.4162307 ], [ 8.6592989, 49.4162703 ], [ 8.6593978, 49.4162807 ], [ 8.6594038, 49.4162997 ], [ 8.6595678, 49.4163104 ] ], [ [ 8.6591426, 49.4161325 ], [ 8.6592481, 49.416025 ], [ 8.6593029, 49.416043 ], [ 8.6593637, 49.4160592 ], [ 8.6594483, 49.41607350000001 ], [ 8.6594515, 49.4162007 ], [ 8.6593301, 49.4161818 ], [ 8.6592184, 49.4161558 ], [ 8.6591426, 49.4161325 ] ] ], [ [ [ 8.6605344, 49.416335500000017 ], [ 8.6605263, 49.4163784 ], [ 8.6605889, 49.416394299999986 ], [ 8.6611062, 49.4165312 ], [ 8.6611798, 49.4164093 ], [ 8.661069, 49.4163133 ], [ 8.6610264, 49.4162771 ], [ 8.6610143, 49.41627230000001 ], [ 8.661027, 49.4162561 ], [ 8.6608579, 49.4162117 ], [ 8.6608427, 49.4162327 ], [ 8.6607575, 49.4162109 ], [ 8.6607398, 49.416243 ], [ 8.6607514, 49.4162446 ], [ 8.6607283, 49.4162798 ], [ 8.6609126, 49.4163309 ], [ 8.6608963, 49.416357 ], [ 8.6608834, 49.4163776 ], [ 8.6607556, 49.4163424 ], [ 8.6607617, 49.4163246 ], [ 8.6606997, 49.416306 ], [ 8.6606161, 49.4163462 ], [ 8.6606333, 49.4163008 ], [ 8.6606427, 49.416276 ], [ 8.6605831, 49.4162589 ], [ 8.6606835, 49.4161013 ], [ 8.6603297, 49.4160059 ], [ 8.6601805, 49.41624010000001 ], [ 8.6603839, 49.4162949 ], [ 8.6605344, 49.416335500000017 ] ] ], [ [ [ 8.6587462, 49.4162797 ], [ 8.6589233, 49.4163303 ], [ 8.6589098, 49.4163478 ], [ 8.6595724, 49.416499599999987 ], [ 8.6596236, 49.416438 ], [ 8.659209, 49.4163328 ], [ 8.6590029, 49.4162805 ], [ 8.6587944, 49.4162276 ], [ 8.6587462, 49.4162797 ] ] ], [ [ [ 8.6582358, 49.4177259 ], [ 8.6583837, 49.4177511 ], [ 8.6584617, 49.4175573 ], [ 8.658547, 49.4175718 ], [ 8.6585256, 49.417625 ], [ 8.6589598, 49.4176989 ], [ 8.6589833, 49.4176406 ], [ 8.6588677, 49.4176209 ], [ 8.6588865, 49.417574 ], [ 8.6585669, 49.4175196 ], [ 8.658583, 49.4174797 ], [ 8.6583508, 49.4174401 ], [ 8.6582358, 49.4177259 ] ] ], [ [ [ 8.6572639, 49.4176972 ], [ 8.6572148, 49.4178346 ], [ 8.6571744, 49.4178285 ], [ 8.6570779, 49.4180984 ], [ 8.6579192, 49.4182257 ], [ 8.6579626, 49.4181045 ], [ 8.6580139, 49.4179609 ], [ 8.6580648, 49.4178184 ], [ 8.6572639, 49.4176972 ] ] ], [ [ [ 8.6599663, 49.4189807 ], [ 8.6596346, 49.418928 ], [ 8.6594696, 49.4193669 ], [ 8.6598013, 49.4194197 ], [ 8.6599663, 49.4189807 ] ] ], [ [ [ 8.6568099, 49.419359300000011 ], [ 8.6568635, 49.419367799999989 ], [ 8.6568893, 49.4192983 ], [ 8.6568357, 49.4192899 ], [ 8.6568099, 49.419359300000011 ] ] ], [ [ [ 8.6569795, 49.419313299999985 ], [ 8.6569701, 49.4193385 ], [ 8.657024, 49.419347 ], [ 8.6570334, 49.4193218 ], [ 8.6569795, 49.419313299999985 ] ] ], [ [ [ 8.6573731, 49.419531099999986 ], [ 8.6574963, 49.4195546 ], [ 8.6575402, 49.419457 ], [ 8.657417, 49.4194336 ], [ 8.6573731, 49.419531099999986 ] ] ], [ [ [ 8.6595846, 49.4195503 ], [ 8.6597112, 49.4195789 ], [ 8.659736, 49.419523699999985 ], [ 8.6596125, 49.4194971 ], [ 8.6595846, 49.4195503 ] ] ], [ [ [ 8.656916, 49.4198458 ], [ 8.6569333, 49.4197914 ], [ 8.6568522, 49.4197805 ], [ 8.656835, 49.4198349 ], [ 8.656916, 49.4198458 ] ] ], [ [ [ 8.6577567, 49.4203482 ], [ 8.6577826, 49.4202988 ], [ 8.6576961, 49.4202797 ], [ 8.6576702, 49.4203291 ], [ 8.6577567, 49.4203482 ] ] ], [ [ [ 8.6575036, 49.420405 ], [ 8.657495, 49.4204211 ], [ 8.657758961285102, 49.420480364711658 ], [ 8.658277858241961, 49.420480364711658 ], [ 8.6575504, 49.420316799999981 ], [ 8.6575036, 49.420405 ] ] ], [ [ [ 8.6586372, 49.4204677 ], [ 8.658630480877525, 49.420480364711658 ], [ 8.658693497878845, 49.420480364711658 ], [ 8.6586372, 49.4204677 ] ] ], [ [ [ 8.6619982, 49.4030058 ], [ 8.6618359, 49.4030925 ], [ 8.6611265, 49.4034887 ], [ 8.660144, 49.404041 ], [ 8.659296, 49.4045139 ], [ 8.6586662, 49.4048445 ], [ 8.6590508, 49.4053487 ], [ 8.6592853, 49.4052631 ], [ 8.6596182, 49.405134699999984 ], [ 8.6598923, 49.4050206 ], [ 8.6602523, 49.4049199 ], [ 8.6617433, 49.4042523 ], [ 8.6618681, 49.404372699999989 ], [ 8.661979, 49.4046461 ], [ 8.6629824, 49.4043864 ], [ 8.6642425, 49.4041271 ], [ 8.6659478, 49.4037638 ], [ 8.6659506, 49.40372510000001 ], [ 8.6654109, 49.4028235 ], [ 8.665135739757469, 49.402390537699866 ], [ 8.665109700946626, 49.402390537699866 ], [ 8.664960263185103, 49.402390537699866 ], [ 8.664905693142117, 49.402390537699866 ], [ 8.66447169674923, 49.402390537699866 ], [ 8.664428577185026, 49.402390537699866 ], [ 8.664303315484716, 49.402390537699866 ], [ 8.664138828101654, 49.402390537699866 ], [ 8.664078509932919, 49.402390537699866 ], [ 8.663713869869058, 49.402390537699866 ], [ 8.663637842220144, 49.402390537699866 ], [ 8.663511608439803, 49.402390537699866 ], [ 8.663335778487552, 49.402390537699866 ], [ 8.663144459336369, 49.402390537699866 ], [ 8.6627857, 49.4025831 ], [ 8.6627115, 49.402623 ], [ 8.6619982, 49.4030058 ] ] ], [ [ [ 8.6626152, 49.4024854 ], [ 8.6627276, 49.4024269 ], [ 8.6627367, 49.4024112 ], [ 8.662723, 49.4023933 ], [ 8.662707305112894, 49.402390537699866 ], [ 8.66269503783503, 49.402390537699866 ], [ 8.6625779, 49.4024553 ], [ 8.6626152, 49.4024854 ] ] ], [ [ [ 8.6618632, 49.4028853 ], [ 8.6619086, 49.4029155 ], [ 8.6621142, 49.4027845 ], [ 8.6620688, 49.4027543 ], [ 8.6618632, 49.4028853 ] ] ], [ [ [ 8.6606046, 49.4033956 ], [ 8.6606721, 49.4033468 ], [ 8.6606029, 49.4033063 ], [ 8.6605355, 49.4033552 ], [ 8.6606046, 49.4033956 ] ] ], [ [ [ 8.6630539, 49.4065923 ], [ 8.6630482, 49.4065904 ], [ 8.6630418, 49.40659 ], [ 8.6630316, 49.4065908 ], [ 8.6630312, 49.4065883 ], [ 8.6629731, 49.4065928 ], [ 8.6629843, 49.4066548 ], [ 8.6630423, 49.40665030000001 ], [ 8.6630354, 49.4066123 ], [ 8.6630457, 49.4066115 ], [ 8.6630518, 49.4066102 ], [ 8.6630566, 49.4066074 ], [ 8.6630595, 49.4066037 ], [ 8.66306, 49.4065995 ], [ 8.6630581, 49.4065955 ], [ 8.6630539, 49.4065923 ] ] ], [ [ [ 8.6614925, 49.4085292 ], [ 8.661682, 49.408501 ], [ 8.6616639, 49.4084494 ], [ 8.6614744, 49.4084776 ], [ 8.6614925, 49.4085292 ] ] ], [ [ [ 8.6621466, 49.4088635 ], [ 8.662134, 49.4088429 ], [ 8.6621744, 49.4088324 ], [ 8.6621808, 49.4088428 ], [ 8.6626533, 49.408720100000011 ], [ 8.6628268, 49.4086751 ], [ 8.6627561, 49.4085597 ], [ 8.6625826, 49.4086047 ], [ 8.6621158, 49.4087259 ], [ 8.6621249, 49.408740699999989 ], [ 8.6620828, 49.4087516 ], [ 8.6619602, 49.4085518 ], [ 8.6620611, 49.4085256 ], [ 8.6621099, 49.4086051 ], [ 8.6621316, 49.4085995 ], [ 8.6621528, 49.4086342 ], [ 8.662352, 49.4085825 ], [ 8.6623394, 49.408562 ], [ 8.6624922, 49.4085224 ], [ 8.6623972, 49.4083675 ], [ 8.6620295, 49.4084629 ], [ 8.6620459, 49.4084895 ], [ 8.6617633, 49.4085629 ], [ 8.661975, 49.4089081 ], [ 8.6621466, 49.4088635 ] ] ], [ [ [ 8.6612229, 49.4086518 ], [ 8.6610783, 49.4086757 ], [ 8.6611335, 49.408899 ], [ 8.6611467, 49.4088962 ], [ 8.661197, 49.408965299999984 ], [ 8.6612993, 49.4089399 ], [ 8.6612768, 49.4088682 ], [ 8.6613478, 49.4088528 ], [ 8.6612229, 49.4086518 ] ] ], [ [ [ 8.6609471, 49.4087513 ], [ 8.6609298, 49.4087535 ], [ 8.6609063, 49.4086761 ], [ 8.6608124, 49.4086881 ], [ 8.6608077, 49.4086725 ], [ 8.6606168, 49.408697 ], [ 8.6606215, 49.4087126 ], [ 8.6605271, 49.4087247 ], [ 8.6605506, 49.4088021 ], [ 8.660534, 49.4088043 ], [ 8.6605455, 49.4088423 ], [ 8.6605621, 49.4088402 ], [ 8.6605918, 49.4089383 ], [ 8.6605446, 49.4089444 ], [ 8.6605569, 49.4089849 ], [ 8.6605697, 49.409027399999978 ], [ 8.660613, 49.4090218 ], [ 8.6606377, 49.4091034 ], [ 8.660738, 49.4090905 ], [ 8.6607502, 49.4091306 ], [ 8.6609349, 49.409107 ], [ 8.6609227, 49.4090669 ], [ 8.6610201, 49.4090544 ], [ 8.6609954, 49.4089728 ], [ 8.6610435, 49.4089667 ], [ 8.6610183, 49.4088837 ], [ 8.660971, 49.4088897 ], [ 8.6609413, 49.4087916 ], [ 8.6609587, 49.4087894 ], [ 8.6609471, 49.4087513 ] ] ], [ [ [ 8.6614907, 49.4090158 ], [ 8.6614721, 49.4089583 ], [ 8.6613913, 49.4089694 ], [ 8.6613846, 49.4089488 ], [ 8.6613215, 49.4089574 ], [ 8.6613281, 49.408978 ], [ 8.6612113, 49.408994 ], [ 8.6612414, 49.4090873 ], [ 8.6614723, 49.40905570000001 ], [ 8.6614607, 49.4090199 ], [ 8.6614907, 49.4090158 ] ] ], [ [ [ 8.6624834, 49.4092462 ], [ 8.6619876, 49.4095012 ], [ 8.6619776, 49.4097363 ], [ 8.6619382, 49.4106383 ], [ 8.6640011, 49.4098844 ], [ 8.6641025, 49.4100107 ], [ 8.6680655, 49.4093507 ], [ 8.6680944, 49.4085801 ], [ 8.6678308, 49.408383 ], [ 8.6678194, 49.4083774 ], [ 8.6677751, 49.4083744 ], [ 8.6675726, 49.4083943 ], [ 8.6674178, 49.4083946 ], [ 8.6666521, 49.4084934 ], [ 8.6643756, 49.4088152 ], [ 8.6636089, 49.4089814 ], [ 8.663062632151854, 49.409109922191192 ], [ 8.6629263, 49.4091395 ], [ 8.662926971222682, 49.409141839573728 ], [ 8.6624834, 49.4092462 ] ] ], [ [ [ 8.6603585, 49.4107276 ], [ 8.6603936, 49.4107431 ], [ 8.6605145, 49.4107388 ], [ 8.6605535, 49.4107135 ], [ 8.6605853, 49.4107126 ], [ 8.6605828, 49.4106917 ], [ 8.6615075, 49.4106472 ], [ 8.6614987, 49.4105632 ], [ 8.6613031, 49.4105721 ], [ 8.6612996, 49.4105405 ], [ 8.6615657, 49.4105308 ], [ 8.6615678, 49.4105559 ], [ 8.6617569, 49.41054840000001 ], [ 8.6617235, 49.4100532 ], [ 8.6616914, 49.4100532 ], [ 8.6616756, 49.409853899999987 ], [ 8.661273, 49.409864 ], [ 8.6612949, 49.4101659 ], [ 8.6610949, 49.410172 ], [ 8.6610911, 49.4100874 ], [ 8.6608996, 49.4100917 ], [ 8.6609038, 49.4101313 ], [ 8.6606781, 49.41013670000001 ], [ 8.6606813, 49.4101849 ], [ 8.6604554, 49.4101924 ], [ 8.6604533, 49.410225 ], [ 8.6603407, 49.4102288 ], [ 8.6603489, 49.4103204 ], [ 8.6602538, 49.410324200000012 ], [ 8.6602228, 49.4103476 ], [ 8.660226, 49.4103928 ], [ 8.6598568, 49.410409 ], [ 8.6598699, 49.4105073 ], [ 8.6597797, 49.4105119 ], [ 8.6597859, 49.4105763 ], [ 8.6601974, 49.4105573 ], [ 8.6602113, 49.4107378 ], [ 8.6600981, 49.410741 ], [ 8.6601104, 49.4108381 ], [ 8.6602732, 49.41083230000001 ], [ 8.6602832, 49.4109188 ], [ 8.6602658, 49.4109194 ], [ 8.6602679, 49.4109518 ], [ 8.6601769, 49.410953 ], [ 8.6601922, 49.4110899 ], [ 8.6603937, 49.411081 ], [ 8.6603784, 49.4109149 ], [ 8.6603585, 49.4107276 ] ], [ [ 8.6613423, 49.4103975 ], [ 8.6611235, 49.4104049 ], [ 8.6611203, 49.4103536 ], [ 8.6611333, 49.4103451 ], [ 8.6611715, 49.4103436 ], [ 8.6613154, 49.4103377 ], [ 8.6613406, 49.4103478 ], [ 8.6613423, 49.4103975 ] ] ], [ [ [ 8.6618031, 49.4105941 ], [ 8.6618926, 49.41059 ], [ 8.6618868, 49.4105358 ], [ 8.6617973, 49.4105398 ], [ 8.6618031, 49.4105941 ] ] ], [ [ [ 8.6627819, 49.4130311 ], [ 8.6628237, 49.4130284 ], [ 8.662865, 49.4130258 ], [ 8.662865, 49.41297 ], [ 8.6628326, 49.412972199999984 ], [ 8.6627873, 49.4129752 ], [ 8.6627819, 49.4130311 ] ] ], [ [ [ 8.6628805, 49.4130626 ], [ 8.662852, 49.41308 ], [ 8.6628124, 49.413104299999986 ], [ 8.6627581, 49.4131375 ], [ 8.6627389, 49.4131492 ], [ 8.6628227, 49.413207199999988 ], [ 8.6630245, 49.413346799999985 ], [ 8.6631662, 49.4132602 ], [ 8.6631512, 49.4132498 ], [ 8.6628805, 49.4130626 ] ] ], [ [ [ 8.662011, 49.4134114 ], [ 8.6619593, 49.4133715 ], [ 8.6618399, 49.4134371 ], [ 8.6618916, 49.413477 ], [ 8.662011, 49.4134114 ] ] ], [ [ [ 8.662685, 49.4135317 ], [ 8.6625933, 49.4135034 ], [ 8.6624977, 49.4135256 ], [ 8.6624542, 49.4135853 ], [ 8.6623872, 49.4136008 ], [ 8.6624209, 49.413662599999988 ], [ 8.662488, 49.4136471 ], [ 8.6625796, 49.4136756 ], [ 8.6626753, 49.4136536 ], [ 8.662719, 49.413594 ], [ 8.662685, 49.4135317 ] ] ], [ [ [ 8.6620611, 49.4136507 ], [ 8.6620473, 49.4136712 ], [ 8.6620739, 49.4136809 ], [ 8.6620594, 49.4137241 ], [ 8.6620938, 49.4137793 ], [ 8.6621876, 49.4138028 ], [ 8.6622967, 49.413778 ], [ 8.6623382, 49.4137163 ], [ 8.6623368, 49.413709 ], [ 8.6624008, 49.4136953 ], [ 8.6623685, 49.413631899999984 ], [ 8.6623044, 49.4136456 ], [ 8.6622596, 49.4136358 ], [ 8.6622803, 49.4136188 ], [ 8.6622606, 49.4136138 ], [ 8.6622314, 49.413606399999985 ], [ 8.662211, 49.4136272 ], [ 8.6621187, 49.4136455 ], [ 8.6621071, 49.413651199999983 ], [ 8.6620681, 49.4136403 ], [ 8.6620611, 49.4136507 ] ] ], [ [ [ 8.6611503, 49.4140197 ], [ 8.6611394, 49.414008 ], [ 8.6611231, 49.413999199999985 ], [ 8.6611037, 49.4139945 ], [ 8.661083, 49.413994 ], [ 8.6610632, 49.4139979 ], [ 8.6610464, 49.4140057 ], [ 8.6610344, 49.4140167 ], [ 8.6610283, 49.4140297 ], [ 8.6610291, 49.4140431 ], [ 8.6610366, 49.4140557 ], [ 8.6610497, 49.4140661 ], [ 8.6610674, 49.4140732 ], [ 8.6610877, 49.4140761 ], [ 8.6611086, 49.4140746 ], [ 8.6611277, 49.4140687 ], [ 8.6611427, 49.4140591 ], [ 8.661152, 49.4140468 ], [ 8.6611546, 49.4140332 ], [ 8.6611503, 49.4140197 ] ] ], [ [ [ 8.6630084, 49.4141489 ], [ 8.6628724, 49.4138997 ], [ 8.662751, 49.4139248 ], [ 8.6628825, 49.4141765 ], [ 8.6630084, 49.4141489 ] ] ], [ [ [ 8.6624007, 49.413962 ], [ 8.6623079, 49.4139849 ], [ 8.6623649, 49.4140825 ], [ 8.6623073, 49.4140967 ], [ 8.6623735, 49.414210099999984 ], [ 8.6624311, 49.4141958 ], [ 8.6624998, 49.4143135 ], [ 8.6625926, 49.4142905 ], [ 8.6624104, 49.4139786 ], [ 8.6624007, 49.413962 ] ] ], [ [ [ 8.6619303, 49.4142547 ], [ 8.6619015, 49.414204 ], [ 8.661666, 49.4142605 ], [ 8.6617241, 49.414363 ], [ 8.6619596, 49.4143064 ], [ 8.6619303, 49.4142547 ] ] ], [ [ [ 8.6633714, 49.4143394 ], [ 8.6634083, 49.414405499999987 ], [ 8.6634308, 49.4144002 ], [ 8.6634455, 49.4144267 ], [ 8.6634742, 49.4144199 ], [ 8.6634084, 49.4143021 ], [ 8.6633797, 49.4143089 ], [ 8.6633938, 49.4143341 ], [ 8.6633714, 49.4143394 ] ] ], [ [ [ 8.6607826, 49.414358099999987 ], [ 8.6607873, 49.414352 ], [ 8.6607613, 49.414345 ], [ 8.6607577, 49.4143492 ], [ 8.6607359, 49.4143359 ], [ 8.6607447, 49.4143334 ], [ 8.6607311, 49.4143064 ], [ 8.660719, 49.4143085 ], [ 8.6606974, 49.4142712 ], [ 8.6606356, 49.4142879 ], [ 8.6606442, 49.414304199999989 ], [ 8.6606319, 49.4143079 ], [ 8.6606173, 49.4143122 ], [ 8.6606073, 49.414293 ], [ 8.6605438, 49.4143099 ], [ 8.6605657, 49.4143463 ], [ 8.6605486, 49.4143519 ], [ 8.6605699, 49.4143714 ], [ 8.6605709, 49.414385599999989 ], [ 8.6605568, 49.4143871 ], [ 8.660527, 49.4144272 ], [ 8.6605398, 49.4144322 ], [ 8.660517, 49.4144436 ], [ 8.6605102, 49.4144375 ], [ 8.6604745, 49.4144451 ], [ 8.66049, 49.4144637 ], [ 8.6604335, 49.4144785 ], [ 8.6604554, 49.414516199999987 ], [ 8.6605142, 49.4145046 ], [ 8.6605248, 49.41453 ], [ 8.6605879, 49.4145145 ], [ 8.660598, 49.41453 ], [ 8.6606251, 49.414524199999988 ], [ 8.660644, 49.4145207 ], [ 8.6606686, 49.4145161 ], [ 8.6606597, 49.414501 ], [ 8.6606878, 49.4144662 ], [ 8.6607379, 49.4144541 ], [ 8.6607859, 49.4144727 ], [ 8.6607949, 49.4144856 ], [ 8.6607992, 49.4144846 ], [ 8.660867, 49.4144684 ], [ 8.6608546, 49.414444 ], [ 8.6609814, 49.414414 ], [ 8.6609434, 49.4143467 ], [ 8.6608875, 49.4143629 ], [ 8.6608853, 49.4143515 ], [ 8.6608418, 49.4143598 ], [ 8.6608495, 49.4143674 ], [ 8.6608314, 49.4143698 ], [ 8.6608218, 49.4143712 ], [ 8.6607826, 49.414358099999987 ] ] ], [ [ [ 8.6613522, 49.4144144 ], [ 8.6613695, 49.4144473 ], [ 8.6614704, 49.4144175 ], [ 8.6614678, 49.4144134 ], [ 8.661461, 49.4144026 ], [ 8.6614543, 49.4143918 ], [ 8.6613988, 49.414394 ], [ 8.6613522, 49.4144144 ] ] ], [ [ [ 8.6610094, 49.4146304 ], [ 8.6610914, 49.4146452 ], [ 8.6611123, 49.414601599999983 ], [ 8.6610239, 49.41458440000001 ], [ 8.6610094, 49.4146304 ] ] ], [ [ [ 8.6624673, 49.4147806 ], [ 8.6624864, 49.414822 ], [ 8.6626406, 49.4147919 ], [ 8.6626216, 49.4147505 ], [ 8.6624673, 49.4147806 ] ] ], [ [ [ 8.6633557, 49.4146753 ], [ 8.6633507, 49.414666 ], [ 8.6633444, 49.4146544 ], [ 8.6633491, 49.4146533 ], [ 8.6633086, 49.4145776 ], [ 8.6632085, 49.4146003 ], [ 8.6632491, 49.414676 ], [ 8.6632542, 49.4146748 ], [ 8.6632612, 49.4146878 ], [ 8.6632655, 49.4146958 ], [ 8.6632603, 49.414697 ], [ 8.6633134, 49.414796 ], [ 8.6630885, 49.41484710000001 ], [ 8.6628479, 49.4149017 ], [ 8.6628234, 49.4148369 ], [ 8.6627557, 49.4148522 ], [ 8.662795, 49.4149175 ], [ 8.6626542, 49.4149524 ], [ 8.6627139, 49.415057 ], [ 8.6628567, 49.4150221 ], [ 8.6629062, 49.41501 ], [ 8.6628708, 49.4149439 ], [ 8.6631102, 49.4148895 ], [ 8.6633294, 49.4148398 ], [ 8.6633641, 49.4149045 ], [ 8.66357, 49.4148578 ], [ 8.6635117, 49.4147491 ], [ 8.6634125, 49.4147716 ], [ 8.6633604, 49.4146743 ], [ 8.6633557, 49.4146753 ] ] ], [ [ [ 8.6623055, 49.4148229 ], [ 8.6622516, 49.4148333 ], [ 8.6622757, 49.4148756 ], [ 8.6623271, 49.414864 ], [ 8.6623055, 49.4148229 ] ] ], [ [ [ 8.6627357, 49.4148793 ], [ 8.6627197, 49.414850299999983 ], [ 8.6626782, 49.41486 ], [ 8.6626943, 49.414889 ], [ 8.6627357, 49.4148793 ] ] ], [ [ [ 8.6621878, 49.4150003 ], [ 8.6622007, 49.4150242 ], [ 8.6621774, 49.4150294 ], [ 8.662221, 49.4151106 ], [ 8.6623887, 49.4150724 ], [ 8.6623452, 49.4149915 ], [ 8.6623318, 49.4149945 ], [ 8.6623189, 49.414970499999988 ], [ 8.6621878, 49.4150003 ] ] ], [ [ [ 8.6614095, 49.4151375 ], [ 8.6614761, 49.415164 ], [ 8.6615601, 49.4151493 ], [ 8.6615774, 49.4150902 ], [ 8.6614969, 49.4150531 ], [ 8.6614164, 49.4150767 ], [ 8.6614095, 49.4151375 ] ] ], [ [ [ 8.6624328, 49.4150624 ], [ 8.6623887, 49.4150724 ], [ 8.6624245, 49.4151391 ], [ 8.6624512, 49.4151889 ], [ 8.6624953, 49.4151789 ], [ 8.6624328, 49.4150624 ] ] ], [ [ [ 8.6619815, 49.4151679 ], [ 8.6619586, 49.4151253 ], [ 8.6619056, 49.4151374 ], [ 8.6619285, 49.4151799 ], [ 8.6619815, 49.4151679 ] ] ], [ [ [ 8.6625484, 49.4154591 ], [ 8.6625569, 49.4154638 ], [ 8.6625699, 49.4154648 ], [ 8.6625831, 49.4154629 ], [ 8.6625887, 49.415441399999985 ], [ 8.6626165, 49.4154444 ], [ 8.6627063, 49.4154047 ], [ 8.6626942, 49.4153964 ], [ 8.6625984, 49.4153864 ], [ 8.6625608, 49.4153179 ], [ 8.6625957, 49.4152931 ], [ 8.6625648, 49.4152398 ], [ 8.6625474, 49.4152316 ], [ 8.6624944, 49.4152743 ], [ 8.6625051, 49.4152843 ], [ 8.6624703, 49.415312299999982 ], [ 8.6625414, 49.4154361 ], [ 8.662554, 49.4154375 ], [ 8.6625484, 49.4154591 ] ] ], [ [ [ 8.6617909, 49.4152948 ], [ 8.6619455, 49.4155825 ], [ 8.662033, 49.4155626 ], [ 8.6619495, 49.4154072 ], [ 8.6619746, 49.4154015 ], [ 8.6619035, 49.4152692 ], [ 8.6617909, 49.4152948 ] ] ], [ [ [ 8.6621172, 49.4156316 ], [ 8.6622124, 49.4156755 ], [ 8.6622902, 49.4156039 ], [ 8.6623227, 49.4156189 ], [ 8.6624852, 49.4154693 ], [ 8.6624036, 49.4154318 ], [ 8.6623521, 49.4154791 ], [ 8.6621356, 49.4153795 ], [ 8.6621021, 49.4154104 ], [ 8.6620777, 49.4153991 ], [ 8.6620328, 49.4154405 ], [ 8.6622276, 49.415530099999984 ], [ 8.6621172, 49.4156316 ] ] ], [ [ [ 8.6619482, 49.41559 ], [ 8.6619696, 49.4156298 ], [ 8.662054, 49.4156105 ], [ 8.6620327, 49.4155708 ], [ 8.6619482, 49.41559 ] ] ], [ [ [ 8.6613651, 49.4157265 ], [ 8.6612904, 49.4157517 ], [ 8.6613779, 49.4158614 ], [ 8.6613274, 49.4158784 ], [ 8.6613701, 49.415932 ], [ 8.6614601, 49.4159016 ], [ 8.6614823, 49.4159294 ], [ 8.6615684, 49.4159003 ], [ 8.661538, 49.4158622 ], [ 8.6615754, 49.4158496 ], [ 8.6616586, 49.4158215 ], [ 8.6616432, 49.4158022 ], [ 8.6617199, 49.4157763 ], [ 8.6616313, 49.4156652 ], [ 8.661593, 49.415678099999987 ], [ 8.6615508, 49.4156252 ], [ 8.6613408, 49.415696 ], [ 8.6613651, 49.4157265 ] ] ], [ [ [ 8.6609257, 49.4167128 ], [ 8.6609712, 49.4166526 ], [ 8.6609048, 49.4166347 ], [ 8.6608575, 49.4166961 ], [ 8.6609257, 49.4167128 ] ] ], [ [ [ 8.6611942, 49.416869 ], [ 8.661277, 49.4167536 ], [ 8.6611769, 49.4167232 ], [ 8.6610941, 49.4168386 ], [ 8.6611942, 49.416869 ] ] ], [ [ [ 8.6623666, 49.4181474 ], [ 8.6624101, 49.418076199999987 ], [ 8.662375, 49.4180678 ], [ 8.6625264, 49.417801 ], [ 8.6625636, 49.4177354 ], [ 8.6624884, 49.4177179 ], [ 8.6625321, 49.4176433 ], [ 8.6631855, 49.4178051 ], [ 8.6633544, 49.4175165 ], [ 8.6631609, 49.417467 ], [ 8.6636975, 49.416531 ], [ 8.6624105, 49.416218799999989 ], [ 8.6619718, 49.4169841 ], [ 8.6624456, 49.417099 ], [ 8.6623481, 49.417269 ], [ 8.6624416, 49.4172917 ], [ 8.6622997, 49.41725730000001 ], [ 8.6621255, 49.4172138 ], [ 8.6619574, 49.417500899999986 ], [ 8.6621858, 49.4175575 ], [ 8.6621452, 49.4176269 ], [ 8.6619191, 49.4175708 ], [ 8.6618525, 49.4176845 ], [ 8.6616927, 49.4179852 ], [ 8.6623666, 49.4181474 ] ], [ [ 8.6625248, 49.417146699999989 ], [ 8.6626151, 49.417168599999989 ], [ 8.6625316, 49.4173143 ], [ 8.6623598, 49.4176006 ], [ 8.6624512, 49.4176233 ], [ 8.6624088, 49.4176957 ], [ 8.6622267, 49.417650499999986 ], [ 8.6624416, 49.4172917 ], [ 8.6625248, 49.417146699999989 ] ], [ [ 8.6633467, 49.4167261 ], [ 8.6631803, 49.4166858 ], [ 8.6632455, 49.4165718 ], [ 8.6634119, 49.416612 ], [ 8.6633467, 49.4167261 ] ], [ [ 8.6629999, 49.4169265 ], [ 8.6630644, 49.4168136 ], [ 8.6632572, 49.4168602 ], [ 8.6631927, 49.4169731 ], [ 8.6629999, 49.4169265 ] ], [ [ 8.6629035, 49.4170954 ], [ 8.6629429, 49.417026300000011 ], [ 8.6631206, 49.4170693 ], [ 8.6630811, 49.4171384 ], [ 8.6629035, 49.4170954 ] ], [ [ 8.6627711, 49.4173116 ], [ 8.6628394, 49.4171921 ], [ 8.6630533, 49.417243499999984 ], [ 8.662985, 49.417363 ], [ 8.6627711, 49.4173116 ] ], [ [ 8.662988, 49.4165895 ], [ 8.6628433, 49.4165546 ], [ 8.6628834, 49.4164843 ], [ 8.6630281, 49.4165192 ], [ 8.662988, 49.4165895 ] ], [ [ 8.6625778, 49.417019499999988 ], [ 8.6627737, 49.4166765 ], [ 8.6629184, 49.4167115 ], [ 8.6627225, 49.4170545 ], [ 8.6625778, 49.417019499999988 ] ], [ [ 8.6626132, 49.416618 ], [ 8.6625334, 49.4165987 ], [ 8.6626332, 49.4164238 ], [ 8.662713, 49.4164431 ], [ 8.6626729, 49.4165134 ], [ 8.6626132, 49.416618 ] ], [ [ 8.6621967, 49.4168102 ], [ 8.6622274, 49.4167553 ], [ 8.6625481, 49.4168313 ], [ 8.6625173, 49.4168862 ], [ 8.6621967, 49.4168102 ] ], [ [ 8.6630383, 49.4175683 ], [ 8.6631678, 49.4175993 ], [ 8.6631354, 49.4176564 ], [ 8.663006, 49.417625499999986 ], [ 8.6630383, 49.4175683 ] ], [ [ 8.6627182, 49.4174441 ], [ 8.6628413, 49.4174736 ], [ 8.6628136, 49.4175211 ], [ 8.662691, 49.4174914 ], [ 8.6627182, 49.4174441 ] ], [ [ 8.6621995, 49.4177364 ], [ 8.6621957, 49.4177326 ], [ 8.6622892, 49.417755 ], [ 8.6622249, 49.4178667 ], [ 8.6620475, 49.4178224 ], [ 8.6621105, 49.4177116 ], [ 8.6621292, 49.417716299999988 ], [ 8.6621182, 49.4177224 ], [ 8.6621129, 49.4177338 ], [ 8.6621169, 49.4177512 ], [ 8.662131, 49.4177671 ], [ 8.6621524, 49.4177765 ], [ 8.6621729, 49.4177791 ], [ 8.6621927, 49.417776099999983 ], [ 8.6622054, 49.4177682 ], [ 8.6622094, 49.417758599999985 ], [ 8.6622068, 49.4177456 ], [ 8.6621995, 49.4177364 ] ], [ [ 8.6620066, 49.4178934 ], [ 8.6622165, 49.4179444 ], [ 8.6621875, 49.4179957 ], [ 8.6619773, 49.4179447 ], [ 8.6620066, 49.4178934 ] ] ], [ [ [ 8.6605681, 49.4180504 ], [ 8.6606312, 49.4179358 ], [ 8.6605383, 49.4179142 ], [ 8.6604751, 49.4180287 ], [ 8.6605681, 49.4180504 ] ] ], [ [ [ 8.6633205, 49.4179087 ], [ 8.662646, 49.4177408 ], [ 8.6624079, 49.4181513 ], [ 8.6623886, 49.4181862 ], [ 8.6613438, 49.4179279 ], [ 8.6611788, 49.4182812 ], [ 8.6622131, 49.418516 ], [ 8.6628716, 49.4186644 ], [ 8.663078, 49.418303599999987 ], [ 8.6633205, 49.4179087 ] ] ], [ [ [ 8.660713, 49.418961 ], [ 8.6608582, 49.4189933 ], [ 8.6608888, 49.418935 ], [ 8.6611094, 49.418514899999984 ], [ 8.6611156, 49.418503 ], [ 8.6607027, 49.4184113 ], [ 8.6604453, 49.4189016 ], [ 8.660713, 49.418961 ] ] ], [ [ [ 8.6614775, 49.41849 ], [ 8.6611682, 49.4190245 ], [ 8.6610281, 49.419006 ], [ 8.6608682, 49.4190692 ], [ 8.6603635, 49.4189826 ], [ 8.660292, 49.4190005 ], [ 8.6599681, 49.4196134 ], [ 8.6601427, 49.4197306 ], [ 8.662969506710024, 49.420480364711658 ], [ 8.663156063816823, 49.420480364711658 ], [ 8.663254033373232, 49.420480364711658 ], [ 8.6634758, 49.420480364711658 ], [ 8.663626264988558, 49.420480364711658 ], [ 8.663909687812904, 49.420480364711658 ], [ 8.664128954564889, 49.420480364711658 ], [ 8.664286348781609, 49.420480364711658 ], [ 8.6644575, 49.4202416 ], [ 8.6644734, 49.419228 ], [ 8.6644007, 49.4192121 ], [ 8.6643949, 49.4191566 ], [ 8.6643465, 49.4191321 ], [ 8.6641117, 49.4190974 ], [ 8.6637963, 49.4190463 ], [ 8.663123, 49.4188833 ], [ 8.6614775, 49.41849 ] ] ], [ [ [ 8.666554906665626, 49.402390537699866 ], [ 8.6665663, 49.402401 ], [ 8.6666286, 49.4024568 ], [ 8.6668518, 49.4024093 ], [ 8.666939167882472, 49.402390537699866 ], [ 8.66682887270723, 49.402390537699866 ], [ 8.666586896721896, 49.402390537699866 ], [ 8.666554906665626, 49.402390537699866 ] ] ], [ [ [ 8.666589, 49.4032437 ], [ 8.6667661, 49.4034647 ], [ 8.6667681, 49.40346730000001 ], [ 8.6668055, 49.403514 ], [ 8.6672104, 49.4033969 ], [ 8.6669801, 49.4031151 ], [ 8.6668641, 49.4029732 ], [ 8.6667332, 49.402813 ], [ 8.6662531, 49.4029484 ], [ 8.666301, 49.4030087 ], [ 8.6663032, 49.4030114 ], [ 8.6664002, 49.403133499999988 ], [ 8.6664381, 49.4031204 ], [ 8.6664875, 49.40318460000001 ], [ 8.6665308, 49.4031712 ], [ 8.666589, 49.4032437 ] ] ], [ [ [ 8.6662225, 49.4032151 ], [ 8.6661094, 49.4030769 ], [ 8.6661078, 49.4030749 ], [ 8.6660503, 49.4030047 ], [ 8.6657951, 49.4030775 ], [ 8.6659638, 49.4033054 ], [ 8.6662225, 49.4032151 ] ] ], [ [ [ 8.6662414, 49.403677 ], [ 8.6666081, 49.403571 ], [ 8.6665718, 49.4035267 ], [ 8.6665706, 49.4035253 ], [ 8.6664759, 49.4034099 ], [ 8.6661306, 49.4035291 ], [ 8.6662414, 49.403677 ] ] ], [ [ [ 8.6659807, 49.4079649 ], [ 8.6659812, 49.4079376 ], [ 8.6659497, 49.4079373 ], [ 8.6659492, 49.4079646 ], [ 8.6659807, 49.4079649 ] ] ], [ [ [ 8.6632355, 49.4128881 ], [ 8.6631862, 49.412918599999983 ], [ 8.6631423, 49.4129457 ], [ 8.6633859, 49.4131125 ], [ 8.66342, 49.4131359 ], [ 8.6634589, 49.4131118 ], [ 8.6639402, 49.4128142 ], [ 8.6639991, 49.4127777 ], [ 8.6641141, 49.4128564 ], [ 8.6641429, 49.412838599999986 ], [ 8.6643274, 49.4127246 ], [ 8.6639746, 49.412483 ], [ 8.6637613, 49.4126149 ], [ 8.6638142, 49.4126512 ], [ 8.6637553, 49.412687599999984 ], [ 8.6633346, 49.412947699999989 ], [ 8.6632418, 49.4128842 ], [ 8.6632355, 49.4128881 ] ] ], [ [ [ 8.666305238836433, 49.41247626146076 ], [ 8.6659935, 49.412545 ], [ 8.6662905, 49.4131127 ], [ 8.6665471, 49.4130792 ], [ 8.6672652, 49.4129334 ], [ 8.6673733, 49.4130942 ], [ 8.6689556, 49.413255 ], [ 8.6693492, 49.413257 ], [ 8.6693484, 49.4128649 ], [ 8.6697994, 49.4127043 ], [ 8.6703064, 49.4126981 ], [ 8.6703189, 49.4125217 ], [ 8.6703134, 49.41246469999998 ], [ 8.6701511, 49.412271 ], [ 8.6682556, 49.4123005 ], [ 8.6681625, 49.4123023 ], [ 8.6680229, 49.4124866 ], [ 8.6671666, 49.4124778 ], [ 8.6666297, 49.4124697 ], [ 8.666613, 49.4124084 ], [ 8.666512540528407, 49.412430551354028 ], [ 8.6665116, 49.412428599999984 ], [ 8.6664271, 49.4124458 ], [ 8.6663135, 49.412469 ], [ 8.6663028, 49.412471199999985 ], [ 8.666305238836433, 49.41247626146076 ] ] ], [ [ [ 8.6644254, 49.41287470000001 ], [ 8.6643086, 49.4127947 ], [ 8.6641879, 49.4128694 ], [ 8.6643047, 49.4129494 ], [ 8.6644254, 49.41287470000001 ] ] ], [ [ [ 8.6646223, 49.4128894 ], [ 8.6644749, 49.412981699999989 ], [ 8.6646128, 49.4130749 ], [ 8.6647602, 49.4129826 ], [ 8.6646223, 49.4128894 ] ] ], [ [ [ 8.6635327, 49.4134008 ], [ 8.6635089, 49.4134495 ], [ 8.6634967, 49.4134746 ], [ 8.6634763, 49.4135164 ], [ 8.6635673, 49.4136362 ], [ 8.6636405, 49.4136497 ], [ 8.6637416, 49.4136683 ], [ 8.663769, 49.4136398 ], [ 8.6637782, 49.4136375 ], [ 8.6638667, 49.413615 ], [ 8.6638769, 49.413612399999984 ], [ 8.663908, 49.4135913 ], [ 8.663961, 49.4135554 ], [ 8.6639452, 49.4134483 ], [ 8.6638689, 49.4133836 ], [ 8.6637161, 49.413353799999989 ], [ 8.6635327, 49.4134008 ] ] ], [ [ [ 8.6663556, 49.4136437 ], [ 8.6669571, 49.4135199 ], [ 8.6669046, 49.413412 ], [ 8.6663031, 49.4135358 ], [ 8.6663556, 49.4136437 ] ] ], [ [ [ 8.6660207, 49.4137309 ], [ 8.6661247, 49.4137118 ], [ 8.6662711, 49.4136849 ], [ 8.6661299, 49.4133589 ], [ 8.665803, 49.413418900000011 ], [ 8.6659443, 49.413744799999989 ], [ 8.6660207, 49.4137309 ] ] ], [ [ [ 8.664398, 49.4135926 ], [ 8.6649475, 49.4145786 ], [ 8.665, 49.4146728 ], [ 8.6656502, 49.4145195 ], [ 8.6650482, 49.4134393 ], [ 8.664398, 49.4135926 ] ] ], [ [ [ 8.6660881, 49.4142098 ], [ 8.6658776, 49.4138178 ], [ 8.6654877, 49.413906399999988 ], [ 8.6655376, 49.4139993 ], [ 8.6657163, 49.4143321 ], [ 8.6657653, 49.414321 ], [ 8.6658484, 49.4144757 ], [ 8.6661463, 49.414408 ], [ 8.6660451, 49.4142196 ], [ 8.6660881, 49.4142098 ] ] ], [ [ [ 8.6636864, 49.4142401 ], [ 8.6636711, 49.4142154 ], [ 8.6635418, 49.414249399999989 ], [ 8.6635571, 49.4142741 ], [ 8.663578, 49.4142686 ], [ 8.6636864, 49.4142401 ] ] ], [ [ [ 8.6644499, 49.4142145 ], [ 8.6642595, 49.414262399999984 ], [ 8.6643045, 49.4143261 ], [ 8.6644673, 49.4142872 ], [ 8.6644816, 49.4142856 ], [ 8.6644499, 49.4142145 ] ] ], [ [ [ 8.663972, 49.414146 ], [ 8.6638169, 49.4141846 ], [ 8.663845, 49.4142352 ], [ 8.6638602, 49.4142625 ], [ 8.6638648, 49.414271 ], [ 8.6638744, 49.4142881 ], [ 8.6638971, 49.41432910000001 ], [ 8.6639244, 49.4143777 ], [ 8.6639561, 49.4144362 ], [ 8.6641137, 49.4144018 ], [ 8.663972, 49.414146 ] ] ], [ [ [ 8.6654855, 49.4147683 ], [ 8.6654548, 49.4147117 ], [ 8.6652205, 49.4147655 ], [ 8.6652512, 49.4148221 ], [ 8.6654855, 49.4147683 ] ] ], [ [ [ 8.6638694, 49.4150112 ], [ 8.6638939, 49.4150569 ], [ 8.6639398, 49.4150485 ], [ 8.6646104, 49.414895199999989 ], [ 8.6646718, 49.4148818 ], [ 8.6648072, 49.41485 ], [ 8.6646594, 49.4145737 ], [ 8.6640371, 49.4147146 ], [ 8.6640264, 49.414717 ], [ 8.6639804, 49.4147274 ], [ 8.6639352, 49.4147377 ], [ 8.663746, 49.4147805 ], [ 8.6638448, 49.4149652 ], [ 8.6638495, 49.4149739 ], [ 8.6638694, 49.4150112 ] ] ], [ [ [ 8.6642792, 49.4156461 ], [ 8.6642817, 49.4157082 ], [ 8.6642806, 49.4162336 ], [ 8.6646891, 49.4162361 ], [ 8.6646931, 49.4158036 ], [ 8.6649185, 49.4158045 ], [ 8.6649217, 49.4162303 ], [ 8.6650073, 49.4162297 ], [ 8.6651603, 49.4162286 ], [ 8.6652862, 49.4162277 ], [ 8.6653007, 49.4157958 ], [ 8.6655052, 49.4157965 ], [ 8.6655079, 49.4158227 ], [ 8.6659086, 49.4158227 ], [ 8.6659062, 49.4157459 ], [ 8.6660679, 49.4157444 ], [ 8.6662626, 49.4157426 ], [ 8.6661902, 49.4158694 ], [ 8.6655118, 49.4158686 ], [ 8.6655112, 49.416094200000011 ], [ 8.6659978, 49.4160948 ], [ 8.6659962, 49.4166833 ], [ 8.6655192, 49.4166827 ], [ 8.6655189, 49.4168113 ], [ 8.6654626, 49.4168112 ], [ 8.6654625, 49.4168594 ], [ 8.6655215, 49.4168595 ], [ 8.6655214, 49.4168983 ], [ 8.6661591, 49.416899 ], [ 8.6661592, 49.4168664 ], [ 8.6663646, 49.4168666 ], [ 8.6663644, 49.4168129 ], [ 8.6665259, 49.4168122 ], [ 8.6665257, 49.4168269 ], [ 8.6665808, 49.4168265 ], [ 8.6665826, 49.416947 ], [ 8.6664316, 49.4169472 ], [ 8.6664324, 49.417132 ], [ 8.6664327, 49.4171774 ], [ 8.6662322, 49.417178 ], [ 8.6662365, 49.4173044 ], [ 8.6663073, 49.4173037 ], [ 8.6663105, 49.4173316 ], [ 8.6665326, 49.4173316 ], [ 8.6665331, 49.4174801 ], [ 8.6664574, 49.4174797 ], [ 8.666445, 49.4174837 ], [ 8.6664365, 49.4174908 ], [ 8.6664337, 49.4174996 ], [ 8.6664372, 49.41750840000001 ], [ 8.6664462, 49.4175152 ], [ 8.666459, 49.417518699999988 ], [ 8.6665335, 49.4175186 ], [ 8.6665343, 49.4176448 ], [ 8.6664056, 49.4176447 ], [ 8.6664061, 49.4176232 ], [ 8.6663798, 49.4176067 ], [ 8.6661968, 49.41760750000001 ], [ 8.6661727, 49.4176241 ], [ 8.6661721, 49.4176596 ], [ 8.6661248, 49.4176591 ], [ 8.6660366, 49.4176006 ], [ 8.6660349, 49.4171209 ], [ 8.6659759, 49.41712050000001 ], [ 8.665975, 49.417056 ], [ 8.6659635, 49.417043399999983 ], [ 8.6659255, 49.4170435 ], [ 8.665915, 49.4170564 ], [ 8.6659154, 49.4171194 ], [ 8.6657459, 49.4171199 ], [ 8.665747, 49.4173819 ], [ 8.6654113, 49.4176022 ], [ 8.6650099, 49.4176024 ], [ 8.66501, 49.4177126 ], [ 8.6649125, 49.4177124 ], [ 8.6648981, 49.4177172 ], [ 8.6648897, 49.4177264 ], [ 8.664889, 49.4177365 ], [ 8.6648958, 49.4177455 ], [ 8.6649085, 49.4177522 ], [ 8.6650133, 49.4177519 ], [ 8.6650136, 49.4177903 ], [ 8.6657506, 49.4177885 ], [ 8.6659401, 49.4179117 ], [ 8.6659412, 49.4181096 ], [ 8.6656267, 49.418109800000011 ], [ 8.6656261, 49.4180676 ], [ 8.6656195, 49.4180561 ], [ 8.6655968, 49.4180486 ], [ 8.6655743, 49.4180555 ], [ 8.6655673, 49.418067299999983 ], [ 8.665566, 49.4181144 ], [ 8.6653511, 49.4181146 ], [ 8.6653514, 49.4180499 ], [ 8.6648489, 49.4180503 ], [ 8.6648448, 49.4184457 ], [ 8.6650454, 49.4184456 ], [ 8.6650439, 49.4186425 ], [ 8.6654662, 49.4186392 ], [ 8.6654584, 49.4184465 ], [ 8.6657447, 49.4184501 ], [ 8.6657445, 49.4187014 ], [ 8.6661421, 49.4186991 ], [ 8.6661412, 49.418474399999987 ], [ 8.6661401, 49.418441 ], [ 8.6663457, 49.4184414 ], [ 8.6665281, 49.4184417 ], [ 8.6667803, 49.4184407 ], [ 8.6668101, 49.4184675 ], [ 8.6668349, 49.4184685 ], [ 8.6668353, 49.418520399999984 ], [ 8.6668523, 49.4185464 ], [ 8.6668881, 49.4185709 ], [ 8.6669367, 49.4185899 ], [ 8.6670081, 49.4185934 ], [ 8.6670675, 49.4185792 ], [ 8.6671164, 49.4185514 ], [ 8.6671433, 49.418514 ], [ 8.667146, 49.4184632 ], [ 8.6672347, 49.4184639 ], [ 8.6672708, 49.4184446 ], [ 8.6672709, 49.4183758 ], [ 8.6673368, 49.4183742 ], [ 8.6673366, 49.4183398 ], [ 8.6673365, 49.4183321 ], [ 8.667336, 49.418111 ], [ 8.6671175, 49.4181111 ], [ 8.6670384, 49.4181112 ], [ 8.6670388, 49.4180315 ], [ 8.6670646, 49.4180302 ], [ 8.6671052, 49.418020099999985 ], [ 8.667114, 49.4180274 ], [ 8.6671444, 49.4180404 ], [ 8.6671799, 49.4180449 ], [ 8.6672153, 49.4180401 ], [ 8.6672452, 49.4180269 ], [ 8.6672651, 49.4180073 ], [ 8.6672718, 49.4179844 ], [ 8.6672648, 49.4179616 ], [ 8.6672451, 49.4179423 ], [ 8.6672155, 49.417929199999989 ], [ 8.6671806, 49.4179244 ], [ 8.6671448, 49.4179287 ], [ 8.6671143, 49.4179417 ], [ 8.6670941, 49.4179619 ], [ 8.6670869, 49.4179762 ], [ 8.6670864, 49.417992 ], [ 8.6670542, 49.4180006 ], [ 8.6670377, 49.4180007 ], [ 8.6670387, 49.4179114 ], [ 8.6670384, 49.4178565 ], [ 8.6673345, 49.417856 ], [ 8.6673339, 49.4176134 ], [ 8.6673338, 49.4175933 ], [ 8.6670358, 49.417593599999989 ], [ 8.6670353, 49.4174031 ], [ 8.6671876, 49.4174031 ], [ 8.6671875, 49.417425 ], [ 8.6671849, 49.4174249 ], [ 8.6671855, 49.4175697 ], [ 8.6674349, 49.4175685 ], [ 8.6674341, 49.417424 ], [ 8.6672258, 49.4174247 ], [ 8.6672252, 49.4174031 ], [ 8.6674322, 49.4174027 ], [ 8.6674318, 49.4171398 ], [ 8.667034, 49.4171403 ], [ 8.6670337, 49.4169458 ], [ 8.6666237, 49.416947 ], [ 8.666623, 49.4168265 ], [ 8.6674377, 49.4168302 ], [ 8.6674356, 49.4166633 ], [ 8.6674886, 49.4166636 ], [ 8.6674897, 49.4166278 ], [ 8.6674347, 49.4166281 ], [ 8.6674352, 49.4166084 ], [ 8.6680098, 49.4166057 ], [ 8.6680099, 49.4166266 ], [ 8.6680002, 49.4166266 ], [ 8.6679898, 49.4166266 ], [ 8.6679898, 49.4166223 ], [ 8.6679372, 49.4166223 ], [ 8.6679375, 49.4167104 ], [ 8.6679909, 49.4167104 ], [ 8.6679909, 49.4167059 ], [ 8.6680007, 49.4167059 ], [ 8.6680108, 49.416705899999982 ], [ 8.6680108, 49.4167375 ], [ 8.6682933, 49.4167372 ], [ 8.6683823, 49.4167371 ], [ 8.6685906, 49.416736899999989 ], [ 8.668603, 49.416736899999989 ], [ 8.6686032, 49.416804199999987 ], [ 8.6686032, 49.4168138 ], [ 8.6686034, 49.4168684 ], [ 8.6686034, 49.4168735 ], [ 8.6682108, 49.4168744 ], [ 8.6682105, 49.4169388 ], [ 8.6681019, 49.4169391 ], [ 8.6680124, 49.4169394 ], [ 8.6680136, 49.4172776 ], [ 8.6682899, 49.4172771 ], [ 8.6682898, 49.417324 ], [ 8.6682896, 49.4174158 ], [ 8.6684914, 49.4174159 ], [ 8.6684916, 49.4173246 ], [ 8.6684917, 49.417276699999988 ], [ 8.6685326, 49.4172766 ], [ 8.6685312, 49.417017299999983 ], [ 8.6686618, 49.4170162 ], [ 8.6686746, 49.4170163 ], [ 8.6686747, 49.4170296 ], [ 8.6686674, 49.41702990000001 ], [ 8.6686692, 49.4171191 ], [ 8.66872, 49.4171188 ], [ 8.6687203, 49.417114 ], [ 8.6687416, 49.4171137 ], [ 8.6687422, 49.417211499999986 ], [ 8.6693373, 49.4172096 ], [ 8.6693377, 49.4172545 ], [ 8.6693383, 49.417325 ], [ 8.6693391, 49.417426 ], [ 8.6694043, 49.4174257 ], [ 8.6694044, 49.417439099999989 ], [ 8.6693968, 49.41743910000001 ], [ 8.6693975, 49.4175277 ], [ 8.6694503, 49.4175275 ], [ 8.6694502, 49.4175227 ], [ 8.6694691, 49.4175227 ], [ 8.66947, 49.4176279 ], [ 8.6690634, 49.4176288 ], [ 8.6690621, 49.4175642 ], [ 8.6687425, 49.4175638 ], [ 8.668743, 49.4176285 ], [ 8.6687081, 49.41763 ], [ 8.6684181, 49.417628699999987 ], [ 8.6684175, 49.417616 ], [ 8.6684327, 49.4176159 ], [ 8.6684327, 49.4175515 ], [ 8.668396, 49.4175514 ], [ 8.6683962, 49.4175618 ], [ 8.6683814, 49.41756190000001 ], [ 8.6683666, 49.417562 ], [ 8.6683664, 49.4175518 ], [ 8.6683132, 49.4175521 ], [ 8.6683137, 49.4176165 ], [ 8.6683287, 49.4176169 ], [ 8.6683291, 49.4176292 ], [ 8.6680151, 49.4176299 ], [ 8.6680159, 49.417727 ], [ 8.6679966, 49.4177267 ], [ 8.6679959, 49.4177227 ], [ 8.6679834, 49.4177226 ], [ 8.6679428, 49.4177225 ], [ 8.6679425, 49.4178106 ], [ 8.667996, 49.4178107 ], [ 8.6679964, 49.4178063 ], [ 8.6680166, 49.4178063 ], [ 8.6680166, 49.4178385 ], [ 8.6685143, 49.417835599999989 ], [ 8.6687087, 49.4178373 ], [ 8.6687319, 49.4178372 ], [ 8.6687327, 49.4178056 ], [ 8.6687526, 49.417805199999989 ], [ 8.6687528, 49.4178097 ], [ 8.6688061, 49.4178095 ], [ 8.6688051, 49.4177211 ], [ 8.6687991, 49.4177211 ], [ 8.6687987, 49.4177079 ], [ 8.669101, 49.4177075 ], [ 8.6691399, 49.4177074 ], [ 8.6691404, 49.41790060000001 ], [ 8.6694607, 49.4179003 ], [ 8.6694599, 49.4177709 ], [ 8.6695923, 49.4177705 ], [ 8.6695921, 49.4176275 ], [ 8.669592, 49.4176129 ], [ 8.6695915, 49.4175554 ], [ 8.6700957, 49.417553599999984 ], [ 8.6700961, 49.4175783 ], [ 8.6702242, 49.4176631 ], [ 8.6702412, 49.417663 ], [ 8.6702698, 49.4176629 ], [ 8.6702697, 49.417735 ], [ 8.6703142, 49.4178209 ], [ 8.6703167, 49.417824 ], [ 8.6703218, 49.4178278 ], [ 8.6703275, 49.41783 ], [ 8.6703339, 49.4178315 ], [ 8.6705416, 49.4178314 ], [ 8.6705529, 49.4178299 ], [ 8.6705614, 49.4178269 ], [ 8.6705668, 49.4178228 ], [ 8.67057, 49.4178182 ], [ 8.6706379, 49.4176849 ], [ 8.6706392, 49.41768 ], [ 8.6706395, 49.4176756 ], [ 8.6706379, 49.417671 ], [ 8.6706333, 49.4176666 ], [ 8.6706102, 49.417652 ], [ 8.6706284, 49.4176397 ], [ 8.6706608, 49.417618 ], [ 8.6707535, 49.4176188 ], [ 8.6707722, 49.4176078 ], [ 8.6707881, 49.4175971 ], [ 8.6707878, 49.4175793 ], [ 8.6707856, 49.417435199999986 ], [ 8.6707677, 49.4174258 ], [ 8.6707687, 49.417402899999985 ], [ 8.6708752, 49.4173265 ], [ 8.6708995, 49.4173266 ], [ 8.6708998, 49.417327199999988 ], [ 8.6709011, 49.4173287 ], [ 8.6709028, 49.4173301 ], [ 8.6709048, 49.4173313 ], [ 8.6709071, 49.4173322 ], [ 8.6709096, 49.4173329 ], [ 8.6709123, 49.4173333 ], [ 8.6709485, 49.4173331 ], [ 8.6709511, 49.4173321 ], [ 8.6709533, 49.4173308 ], [ 8.6709552, 49.4173292 ], [ 8.6709567, 49.4173275 ], [ 8.6709577, 49.4173256 ], [ 8.6709582, 49.4173237 ], [ 8.6709582, 49.4173217 ], [ 8.6709577, 49.4173197 ], [ 8.6709566, 49.4173179 ], [ 8.6709551, 49.4173162 ], [ 8.6709532, 49.4173146 ], [ 8.6709509, 49.4173133 ], [ 8.6709483, 49.4173123 ], [ 8.6709423, 49.417312299999985 ], [ 8.6709405, 49.4171717 ], [ 8.6709393, 49.4171149 ], [ 8.6709856, 49.4171151 ], [ 8.6709855, 49.417026199999988 ], [ 8.670933, 49.417026300000011 ], [ 8.670933, 49.4170314 ], [ 8.670912, 49.4170313 ], [ 8.6709121, 49.416969899999984 ], [ 8.6709122, 49.4169249 ], [ 8.670911, 49.4168561 ], [ 8.6709109, 49.4168245 ], [ 8.6709109, 49.4168134 ], [ 8.6710526, 49.4168132 ], [ 8.6710526, 49.4167803 ], [ 8.6711184, 49.4167803 ], [ 8.6711189, 49.416755699999989 ], [ 8.6710851, 49.416755499999987 ], [ 8.6710851, 49.4166585 ], [ 8.6710102, 49.4166586 ], [ 8.6710101, 49.4166364 ], [ 8.6710099, 49.4165897 ], [ 8.6708104, 49.41646 ], [ 8.6708085, 49.4164298 ], [ 8.6708105, 49.4163327 ], [ 8.6708105, 49.416323 ], [ 8.6709088, 49.416322 ], [ 8.6709095, 49.4162903 ], [ 8.67093, 49.4162901 ], [ 8.6709303, 49.4162947 ], [ 8.6709832, 49.4162942 ], [ 8.6709823, 49.4162063 ], [ 8.6709295, 49.416206 ], [ 8.6709291, 49.4162115 ], [ 8.670909, 49.4162112 ], [ 8.6709087, 49.416175699999989 ], [ 8.670908, 49.4161139 ], [ 8.6708369, 49.4161145 ], [ 8.6707347, 49.4161137 ], [ 8.6705935, 49.4161139 ], [ 8.670594, 49.4161012 ], [ 8.6706102, 49.4161015 ], [ 8.6706101, 49.4160375 ], [ 8.6705736, 49.4160375 ], [ 8.6705737, 49.416047099999986 ], [ 8.6705582, 49.4160471 ], [ 8.6705427, 49.416047 ], [ 8.6705424, 49.4160377 ], [ 8.6704894, 49.4160375 ], [ 8.67049, 49.4161022 ], [ 8.6705053, 49.4161027 ], [ 8.6705054, 49.4161142 ], [ 8.6702008, 49.4161145 ], [ 8.6701921, 49.4161146 ], [ 8.6701811, 49.416114199999988 ], [ 8.6701804, 49.416049899999983 ], [ 8.6701802, 49.4159762 ], [ 8.6701798, 49.415881 ], [ 8.6701903, 49.4158811 ], [ 8.6702007, 49.4158809 ], [ 8.670201, 49.4158856 ], [ 8.670253, 49.4158857 ], [ 8.6702523, 49.415796899999989 ], [ 8.6701995, 49.4157968 ], [ 8.6701994, 49.4158019 ], [ 8.6701894, 49.4158019 ], [ 8.6701795, 49.4158019 ], [ 8.6701788, 49.415704899999987 ], [ 8.6701076, 49.415705 ], [ 8.6699909, 49.415705 ], [ 8.6698642, 49.4157051 ], [ 8.6698643, 49.4156931 ], [ 8.6698791, 49.4156928 ], [ 8.6698793, 49.41562840000001 ], [ 8.6698427, 49.4156284 ], [ 8.6698427, 49.4156381 ], [ 8.6698282, 49.4156382 ], [ 8.6698136, 49.415638199999989 ], [ 8.6698136, 49.4156286 ], [ 8.6697597, 49.41562840000001 ], [ 8.6697599, 49.4156931 ], [ 8.6697762, 49.415693 ], [ 8.6697761, 49.4157053 ], [ 8.6694803, 49.4157061 ], [ 8.6694619, 49.4157062 ], [ 8.6694624, 49.4158029 ], [ 8.6694412, 49.4158029 ], [ 8.6694413, 49.4157988 ], [ 8.6694443, 49.4157989 ], [ 8.6694445, 49.415783 ], [ 8.6693457, 49.415783 ], [ 8.6693441, 49.4156983 ], [ 8.6690388, 49.415699 ], [ 8.6688402, 49.4156994 ], [ 8.668841, 49.4159429 ], [ 8.6693452, 49.4159402 ], [ 8.6693457, 49.4157986 ], [ 8.6693883, 49.4157985 ], [ 8.6693883, 49.4158877 ], [ 8.6694417, 49.4158875 ], [ 8.6694417, 49.4158824 ], [ 8.6694622, 49.4158824 ], [ 8.6694623, 49.416011 ], [ 8.6694626, 49.416051799999984 ], [ 8.669463, 49.4161171 ], [ 8.6694522, 49.4161171 ], [ 8.6691385, 49.4161175 ], [ 8.6691384, 49.4161051 ], [ 8.6691533, 49.416104499999982 ], [ 8.6691522, 49.4160407 ], [ 8.669117, 49.4160406 ], [ 8.6691171, 49.416050499999983 ], [ 8.6691018, 49.4160506 ], [ 8.6690865, 49.4160508 ], [ 8.6690861, 49.4160406 ], [ 8.669034, 49.416041 ], [ 8.6690343, 49.416105 ], [ 8.6690501, 49.416105 ], [ 8.6690501, 49.4161177 ], [ 8.6689269, 49.4161182 ], [ 8.6687968, 49.4161176 ], [ 8.6687605, 49.4161181 ], [ 8.6687248, 49.4161181 ], [ 8.6687243, 49.416016099999986 ], [ 8.6687234, 49.4159163 ], [ 8.6687235, 49.415883499999985 ], [ 8.6687448, 49.4158834 ], [ 8.6687448, 49.4158886 ], [ 8.668797, 49.4158883 ], [ 8.6687968, 49.4157996 ], [ 8.6687447, 49.4157998 ], [ 8.6687445, 49.4158048 ], [ 8.6687233, 49.4158046 ], [ 8.6687229, 49.4157078 ], [ 8.6684092, 49.4157078 ], [ 8.6684092, 49.4156957 ], [ 8.6684238, 49.4156955 ], [ 8.668424, 49.415632 ], [ 8.6683881, 49.4156316 ], [ 8.6683879, 49.4156417 ], [ 8.6683734, 49.4156419 ], [ 8.6683589, 49.415641899999983 ], [ 8.6683582, 49.4156318 ], [ 8.6683059, 49.4156324 ], [ 8.6683063, 49.4156957 ], [ 8.6683208, 49.4156959 ], [ 8.6683206, 49.4157082 ], [ 8.6680062, 49.415709099999987 ], [ 8.6680064, 49.415806 ], [ 8.6679856, 49.4158062 ], [ 8.6679855, 49.4158014 ], [ 8.6679339, 49.4158021 ], [ 8.6679332, 49.4158901 ], [ 8.6679865, 49.415889300000011 ], [ 8.6679867, 49.4158849 ], [ 8.6680067, 49.4158852 ], [ 8.6680069, 49.4159182 ], [ 8.6680072, 49.4159649 ], [ 8.6680082, 49.4161189 ], [ 8.6680087, 49.4161655 ], [ 8.6680082, 49.4161991 ], [ 8.6681067, 49.4161982 ], [ 8.6681076, 49.4162629 ], [ 8.6682584, 49.4162628 ], [ 8.6686253, 49.4162622 ], [ 8.6686253, 49.4161973 ], [ 8.6686696, 49.416197299999986 ], [ 8.6686693, 49.4162105 ], [ 8.6686617, 49.4162106 ], [ 8.6686627, 49.416299399999986 ], [ 8.6687155, 49.4162994 ], [ 8.6687155, 49.4162951 ], [ 8.6687363, 49.4162952 ], [ 8.6687362, 49.4163085 ], [ 8.6687371, 49.4164301 ], [ 8.6687379, 49.416528 ], [ 8.6684122, 49.4165284 ], [ 8.6684122, 49.4165158 ], [ 8.6684281, 49.4165157 ], [ 8.6684279, 49.4164517 ], [ 8.6683909, 49.4164518 ], [ 8.668391, 49.4164612 ], [ 8.6683759, 49.4164612 ], [ 8.6683609, 49.4164613 ], [ 8.6683608, 49.4164521 ], [ 8.6683082, 49.4164522 ], [ 8.6683084, 49.4165162 ], [ 8.6683246, 49.416516199999982 ], [ 8.6683246, 49.4165288 ], [ 8.6681899, 49.416529 ], [ 8.6680313, 49.4165291 ], [ 8.6680096, 49.4165292 ], [ 8.6680097, 49.4165846 ], [ 8.6674346, 49.4165869 ], [ 8.6674332, 49.416188299999988 ], [ 8.6674858, 49.4161883 ], [ 8.667486, 49.4161522 ], [ 8.6674334, 49.4161524 ], [ 8.6674299, 49.4157133 ], [ 8.667482, 49.4157134 ], [ 8.6674822, 49.415678 ], [ 8.6674294, 49.4156779 ], [ 8.6674296, 49.415517399999985 ], [ 8.6666153, 49.415519 ], [ 8.6666156, 49.4155641 ], [ 8.666543, 49.4155606 ], [ 8.666543, 49.4155271 ], [ 8.6664068, 49.415526899999989 ], [ 8.6660831, 49.4155301 ], [ 8.6660855, 49.4155633 ], [ 8.6659089, 49.4155609 ], [ 8.6659071, 49.4152649 ], [ 8.6659336, 49.4152404 ], [ 8.6659548, 49.41520640000001 ], [ 8.6659636, 49.4151701 ], [ 8.6659587, 49.4151309 ], [ 8.6659394, 49.4150937 ], [ 8.6659057, 49.415060099999984 ], [ 8.6659049, 49.4149275 ], [ 8.6655208, 49.415017 ], [ 8.6655216, 49.4150632 ], [ 8.6654976, 49.4150893 ], [ 8.6654764, 49.4151264 ], [ 8.6654698, 49.4151657 ], [ 8.6654782, 49.415204899999985 ], [ 8.665501, 49.4152415 ], [ 8.6655256, 49.4152657 ], [ 8.6655306, 49.4155222 ], [ 8.665351, 49.4155215 ], [ 8.6653337, 49.4150614 ], [ 8.6649058, 49.415163 ], [ 8.6649165, 49.4155198 ], [ 8.6647072, 49.415519 ], [ 8.6646972, 49.4152125 ], [ 8.664266, 49.4153149 ], [ 8.6642781, 49.4155173 ], [ 8.6641767, 49.4155169 ], [ 8.6641756, 49.4156456 ], [ 8.6642792, 49.4156461 ] ], [ [ 8.670738, 49.4173507 ], [ 8.6707077, 49.41729 ], [ 8.6706906, 49.4172577 ], [ 8.6706867, 49.4172516 ], [ 8.6706809, 49.4172478 ], [ 8.670673, 49.4172449 ], [ 8.6706656, 49.4172444 ], [ 8.670606, 49.4172444 ], [ 8.67051, 49.4172442 ], [ 8.6704995, 49.4172463 ], [ 8.6704941, 49.4172487 ], [ 8.67049, 49.4172519 ], [ 8.6704854, 49.4172583 ], [ 8.6704778, 49.4172736 ], [ 8.6704455, 49.4172669 ], [ 8.6704274, 49.41725 ], [ 8.6703468, 49.4172499 ], [ 8.6703479, 49.4173573 ], [ 8.6703176, 49.4173582 ], [ 8.6703161, 49.4171789 ], [ 8.6703158, 49.4171426 ], [ 8.6706963, 49.4171426 ], [ 8.6708914, 49.4171426 ], [ 8.6708902, 49.4171716 ], [ 8.6708886, 49.417270899999984 ], [ 8.6707396, 49.4173596 ], [ 8.6707394, 49.4173551 ], [ 8.670738, 49.4173507 ] ], [ [ 8.6707896, 49.416934 ], [ 8.6705969, 49.416934500000011 ], [ 8.670597, 49.4169214 ], [ 8.6706127, 49.4169213 ], [ 8.6706131, 49.4168568 ], [ 8.6705761, 49.4168573 ], [ 8.6705761, 49.4168671 ], [ 8.6705609, 49.4168673 ], [ 8.6705457, 49.4168674 ], [ 8.6705449, 49.4168576 ], [ 8.6704933, 49.4168575 ], [ 8.670494, 49.4169218 ], [ 8.6705087, 49.4169218 ], [ 8.6705091, 49.4169348 ], [ 8.6701833, 49.4169352 ], [ 8.670183, 49.4168468 ], [ 8.6701829, 49.4168257 ], [ 8.6704471, 49.4168253 ], [ 8.6707897, 49.4168247 ], [ 8.6707897, 49.4168545 ], [ 8.6707896, 49.416934 ] ], [ [ 8.6702023, 49.4166947 ], [ 8.6702024, 49.416699 ], [ 8.6702716, 49.416698899999986 ], [ 8.6702708, 49.416611 ], [ 8.6702658, 49.4166108 ], [ 8.6702654, 49.4165972 ], [ 8.67039, 49.4165974 ], [ 8.670391, 49.416733799999989 ], [ 8.6701832, 49.4167343 ], [ 8.6701824, 49.4166949 ], [ 8.6702023, 49.4166947 ] ], [ [ 8.6698689, 49.4165262 ], [ 8.6698687, 49.4165134 ], [ 8.6698837, 49.4165134 ], [ 8.6698837, 49.4164494 ], [ 8.6698474, 49.4164495 ], [ 8.6698469, 49.4164595 ], [ 8.6698322, 49.416459299999985 ], [ 8.6698176, 49.4164591 ], [ 8.6698176, 49.4164492 ], [ 8.6697638, 49.4164495 ], [ 8.6697642, 49.4165132 ], [ 8.6697797, 49.4165135 ], [ 8.6697798, 49.4165261 ], [ 8.6694557, 49.416527 ], [ 8.6694544, 49.416407299999989 ], [ 8.6694532, 49.4162943 ], [ 8.6694741, 49.4162941 ], [ 8.6694742, 49.4162985 ], [ 8.6695264, 49.4162984 ], [ 8.669525, 49.4162097 ], [ 8.6695187, 49.4162095 ], [ 8.6695188, 49.4161964 ], [ 8.6695406, 49.4161964 ], [ 8.669562, 49.4161965 ], [ 8.6695625, 49.416261 ], [ 8.6699806, 49.4162598 ], [ 8.6699806, 49.4161954 ], [ 8.6701089, 49.4161948 ], [ 8.6701089, 49.41619870000001 ], [ 8.670109, 49.4162079 ], [ 8.6701016, 49.4162081 ], [ 8.6701032, 49.4162959 ], [ 8.6701713, 49.4162961 ], [ 8.6701715, 49.416291200000011 ], [ 8.670193, 49.4162911 ], [ 8.6701931, 49.4163071 ], [ 8.6701931, 49.4163232 ], [ 8.6701929, 49.4164079 ], [ 8.6701927, 49.4165253 ], [ 8.6701338, 49.416525299999989 ], [ 8.6698689, 49.4165262 ] ], [ [ 8.6705893, 49.4164486 ], [ 8.6704134, 49.4164486 ], [ 8.670413, 49.4163231 ], [ 8.6705889, 49.4163231 ], [ 8.6705893, 49.4164486 ] ], [ [ 8.6663629, 49.4159048 ], [ 8.6662445, 49.4159045 ], [ 8.6663231, 49.415742599999987 ], [ 8.6665182, 49.4157455 ], [ 8.6665251, 49.4159504 ], [ 8.6663631, 49.4159494 ], [ 8.6663629, 49.4159048 ] ], [ [ 8.6663664, 49.4167857 ], [ 8.6663663, 49.416716899999983 ], [ 8.6663187, 49.416716599999987 ], [ 8.666322, 49.4160526 ], [ 8.6663628, 49.4160527 ], [ 8.6663629, 49.4159977 ], [ 8.6665246, 49.4159989 ], [ 8.6665264, 49.4167846 ], [ 8.6663664, 49.4167857 ] ], [ [ 8.6669067, 49.4167048 ], [ 8.6669062, 49.416588 ], [ 8.6672486, 49.4165873 ], [ 8.6672492, 49.416704 ], [ 8.6669067, 49.4167048 ] ], [ [ 8.6669041, 49.4162296 ], [ 8.6669034, 49.4161138 ], [ 8.6672463, 49.416113 ], [ 8.6672469, 49.4162288 ], [ 8.6669041, 49.4162296 ] ], [ [ 8.6669057, 49.4164678 ], [ 8.6669044, 49.416351299999988 ], [ 8.6671483, 49.4163502 ], [ 8.6671492, 49.4164664 ], [ 8.6669057, 49.4164678 ] ], [ [ 8.6669009, 49.415992 ], [ 8.6669006, 49.4158766 ], [ 8.6671459, 49.4158763 ], [ 8.6671463, 49.4159917 ], [ 8.6669009, 49.415992 ] ], [ [ 8.6665135, 49.4180986 ], [ 8.6662567, 49.4180975 ], [ 8.6662556, 49.4179866 ], [ 8.6663417, 49.4179274 ], [ 8.6665131, 49.4179279 ], [ 8.6665118, 49.4179905 ], [ 8.6664447, 49.4179907 ], [ 8.6664248, 49.4179993 ], [ 8.6664191, 49.4180152 ], [ 8.6664257, 49.418029 ], [ 8.6664451, 49.4180404 ], [ 8.6665131, 49.4180406 ], [ 8.6665135, 49.4180986 ] ], [ [ 8.6694443, 49.4167077 ], [ 8.669444, 49.4167026 ], [ 8.6694643, 49.4167018 ], [ 8.669465, 49.416735 ], [ 8.6694651, 49.4168021 ], [ 8.6694653, 49.4169365 ], [ 8.6694121, 49.4169367 ], [ 8.6691402, 49.4169373 ], [ 8.6691399, 49.4169244 ], [ 8.6691557, 49.4169243 ], [ 8.6691552, 49.4168595 ], [ 8.6691185, 49.4168601 ], [ 8.6691191, 49.4168697 ], [ 8.669103, 49.4168701 ], [ 8.6690893, 49.4168704 ], [ 8.669089, 49.4168598 ], [ 8.6690356, 49.4168604 ], [ 8.6690357, 49.4169247 ], [ 8.6690512, 49.4169246 ], [ 8.6690516, 49.4169372 ], [ 8.6687383, 49.41693750000001 ], [ 8.6687257, 49.4169382 ], [ 8.6687254, 49.4168039 ], [ 8.6687251, 49.4167043 ], [ 8.668737, 49.4167043 ], [ 8.668746, 49.4167043 ], [ 8.6687461, 49.4167086 ], [ 8.6687983, 49.4167086 ], [ 8.668798, 49.416619899999986 ], [ 8.6687917, 49.4166199 ], [ 8.6687916, 49.4166068 ], [ 8.6688353, 49.416606699999988 ], [ 8.6688355, 49.4166713 ], [ 8.6693537, 49.4166702 ], [ 8.6693537, 49.4166056 ], [ 8.6693806, 49.4166057 ], [ 8.6693805, 49.416618699999987 ], [ 8.6693736, 49.4166187 ], [ 8.6693751, 49.4167078 ], [ 8.6694443, 49.4167077 ] ], [ [ 8.6695872, 49.416872 ], [ 8.6695871, 49.4168018 ], [ 8.6695869, 49.416735 ], [ 8.6700607, 49.4167343 ], [ 8.6700608, 49.4168006 ], [ 8.670061, 49.4169354 ], [ 8.6698858, 49.4169357 ], [ 8.6698849, 49.4168709 ], [ 8.6695872, 49.416872 ] ], [ [ 8.6700584, 49.4159769 ], [ 8.6700591, 49.4160501 ], [ 8.6695848, 49.4160511 ], [ 8.6695845, 49.4159814 ], [ 8.6695842, 49.415914599999986 ], [ 8.6700579, 49.4159135 ], [ 8.6700584, 49.4159769 ] ], [ [ 8.668603, 49.4161181 ], [ 8.6681306, 49.416119 ], [ 8.6681293, 49.41596590000001 ], [ 8.6681288, 49.4159179 ], [ 8.6686019, 49.415916599999989 ], [ 8.6686022, 49.4159732 ], [ 8.668603, 49.4161181 ] ], [ [ 8.6688585, 49.4164258 ], [ 8.6688586, 49.4163914 ], [ 8.6693076, 49.4163919 ], [ 8.6693328, 49.4163914 ], [ 8.6693328, 49.416455 ], [ 8.6693329, 49.4165272 ], [ 8.6688593, 49.4165279 ], [ 8.668858, 49.4164525 ], [ 8.6688585, 49.4164258 ] ], [ [ 8.6697614, 49.4170195 ], [ 8.669764, 49.4171492 ], [ 8.6700943, 49.4171457 ], [ 8.6700916, 49.4170165 ], [ 8.6701192, 49.4170165 ], [ 8.6701194, 49.417029599999985 ], [ 8.6701129, 49.4170295 ], [ 8.6701141, 49.4171177 ], [ 8.6701692, 49.4171177 ], [ 8.6701692, 49.4171124 ], [ 8.6701898, 49.4171127 ], [ 8.6701918, 49.4171431 ], [ 8.6701924, 49.417213599999982 ], [ 8.6701935, 49.4173458 ], [ 8.6701641, 49.4173459 ], [ 8.6701432, 49.417346 ], [ 8.6701428, 49.4172893 ], [ 8.669923, 49.41729 ], [ 8.6699234, 49.417348899999986 ], [ 8.6698738, 49.417349 ], [ 8.6698737, 49.4173364 ], [ 8.6698878, 49.4173364 ], [ 8.6698873, 49.4172718 ], [ 8.6698509, 49.4172719 ], [ 8.669851, 49.4172821 ], [ 8.6698362, 49.4172822 ], [ 8.6698213, 49.4172823 ], [ 8.6698213, 49.4172727 ], [ 8.669768, 49.4172729 ], [ 8.6697685, 49.4173372 ], [ 8.6697852, 49.4173372 ], [ 8.6697854, 49.4173511 ], [ 8.6694685, 49.41735220000001 ], [ 8.669459, 49.4173523 ], [ 8.6694582, 49.4172544 ], [ 8.6694578, 49.4172091 ], [ 8.6694559, 49.4171196 ], [ 8.6694654, 49.4171197 ], [ 8.6694749, 49.4171197 ], [ 8.6694755, 49.4171244 ], [ 8.6695283, 49.417124 ], [ 8.6695271, 49.4170357 ], [ 8.6695196, 49.4170356 ], [ 8.6695197, 49.4170223 ], [ 8.6697614, 49.4170195 ] ], [ [ 8.6702072, 49.417521 ], [ 8.6702073, 49.417525299999987 ], [ 8.6702599, 49.4175251 ], [ 8.6702592, 49.4174374 ], [ 8.670252, 49.4174374 ], [ 8.6702519, 49.4174245 ], [ 8.6703181, 49.4174242 ], [ 8.6703181, 49.4174219 ], [ 8.6703322, 49.4174219 ], [ 8.6703986, 49.4174649 ], [ 8.6703986, 49.4174986 ], [ 8.670315, 49.4175535 ], [ 8.6701868, 49.4175532 ], [ 8.6701865, 49.417521099999988 ], [ 8.670197, 49.417521 ], [ 8.6702072, 49.417521 ] ] ], [ [ [ 8.6644793, 49.4172666 ], [ 8.664616, 49.4171287 ], [ 8.6647475, 49.4171846 ], [ 8.6649151, 49.4170563 ], [ 8.6649312, 49.4169656 ], [ 8.6649111, 49.4169002 ], [ 8.6647689, 49.4168321 ], [ 8.6643291, 49.416783199999976 ], [ 8.664093, 49.4170232 ], [ 8.6640635, 49.4170694 ], [ 8.6640997, 49.4171575 ], [ 8.6641386, 49.4171959 ], [ 8.6642084, 49.417222099999989 ], [ 8.6644793, 49.4172666 ] ] ], [ [ [ 8.6646268, 49.4178112 ], [ 8.6646279, 49.4174287 ], [ 8.6640285, 49.4174279 ], [ 8.6640282, 49.4175338 ], [ 8.663765, 49.4175335 ], [ 8.663764, 49.4178713 ], [ 8.6636669, 49.4178711 ], [ 8.6636662, 49.4179926 ], [ 8.664588, 49.4179917 ], [ 8.6645883, 49.4178743 ], [ 8.6641911, 49.417873899999989 ], [ 8.6641913, 49.4178107 ], [ 8.6646268, 49.4178112 ] ] ], [ [ [ 8.6645517, 49.4187788 ], [ 8.6645496, 49.4185104 ], [ 8.664546, 49.4181787 ], [ 8.6641594, 49.4181805 ], [ 8.6641597, 49.4182319 ], [ 8.6640245, 49.4182334 ], [ 8.6637604, 49.4182424 ], [ 8.6637604, 49.418252099999989 ], [ 8.6637221, 49.4182535 ], [ 8.6637221, 49.4182444 ], [ 8.6635977, 49.4182458 ], [ 8.663597, 49.4182588 ], [ 8.6633646, 49.4182671 ], [ 8.6633506, 49.4183003 ], [ 8.6633002, 49.4183001 ], [ 8.6632306, 49.418406 ], [ 8.6633041, 49.4184148 ], [ 8.6632918, 49.4184452 ], [ 8.6635995, 49.4184985 ], [ 8.663604, 49.4184852 ], [ 8.6638632, 49.4185295 ], [ 8.6639768, 49.418628 ], [ 8.6641933, 49.4186036 ], [ 8.6642327, 49.41859920000001 ], [ 8.6642878, 49.4187569 ], [ 8.6645517, 49.4187788 ] ] ], [ [ [ 8.6664306, 49.4187807 ], [ 8.6664332, 49.4187646 ], [ 8.6664252, 49.4187506 ], [ 8.6664037, 49.418737099999987 ], [ 8.6663843, 49.4187301 ], [ 8.6663695, 49.418727 ], [ 8.6663689, 49.4184553 ], [ 8.6663199, 49.4184548 ], [ 8.6663233, 49.4187266 ], [ 8.6663018, 49.418734 ], [ 8.6662844, 49.4187493 ], [ 8.6662777, 49.418772 ], [ 8.666283, 49.4187916 ], [ 8.6662991, 49.4188051 ], [ 8.6663233, 49.4188173 ], [ 8.6663528, 49.4188208 ], [ 8.6663783, 49.4188204 ], [ 8.6664064, 49.418813 ], [ 8.6664158, 49.4188038 ], [ 8.6664239, 49.4187947 ], [ 8.6664306, 49.4187807 ] ] ], [ [ [ 8.6631258, 49.4186014 ], [ 8.6634896, 49.4187083 ], [ 8.6638724, 49.4187773 ], [ 8.6638772, 49.4186718 ], [ 8.6635927, 49.418594 ], [ 8.6632184, 49.4185184 ], [ 8.6631258, 49.4186014 ] ] ], [ [ [ 8.6670288, 49.4190067 ], [ 8.6670351, 49.4190075 ], [ 8.6670414, 49.419007299999983 ], [ 8.6670476, 49.419006099999983 ], [ 8.6670531, 49.419004 ], [ 8.6670576, 49.41900110000001 ], [ 8.667061, 49.4189975 ], [ 8.6670629, 49.4189936 ], [ 8.6670634, 49.4189894 ], [ 8.6670623, 49.4189853 ], [ 8.6670597, 49.4189815 ], [ 8.6670558, 49.418978200000012 ], [ 8.6670508, 49.41897560000001 ], [ 8.667045, 49.4189739 ], [ 8.6670387, 49.4189731 ], [ 8.6670323, 49.4189733 ], [ 8.6670262, 49.4189745 ], [ 8.6670207, 49.4189767 ], [ 8.6670161, 49.4189796 ], [ 8.6670128, 49.4189831 ], [ 8.6670108, 49.4189871 ], [ 8.6670104, 49.4189912 ], [ 8.6670115, 49.4189953 ], [ 8.6670141, 49.418999099999986 ], [ 8.667018, 49.4190024 ], [ 8.667023, 49.419005 ], [ 8.6670288, 49.4190067 ] ] ], [ [ [ 8.667029, 49.4192379 ], [ 8.6670353, 49.4192387 ], [ 8.6670417, 49.4192385 ], [ 8.6670478, 49.4192373 ], [ 8.6670533, 49.4192352 ], [ 8.6670578, 49.4192323 ], [ 8.6670612, 49.4192287 ], [ 8.6670631, 49.4192248 ], [ 8.6670636, 49.4192206 ], [ 8.6670625, 49.4192165 ], [ 8.6670599, 49.4192127 ], [ 8.667056, 49.4192094 ], [ 8.667051, 49.4192068 ], [ 8.6670452, 49.4192051 ], [ 8.6670389, 49.4192043 ], [ 8.6670325, 49.4192045 ], [ 8.6670264, 49.4192057 ], [ 8.6670209, 49.4192078 ], [ 8.6670163, 49.419210799999988 ], [ 8.667013, 49.419214299999986 ], [ 8.667011, 49.4192183 ], [ 8.6670106, 49.4192224 ], [ 8.6670117, 49.4192265 ], [ 8.6670143, 49.419230299999988 ], [ 8.6670182, 49.4192336 ], [ 8.6670232, 49.4192362 ], [ 8.667029, 49.4192379 ] ] ], [ [ [ 8.6667675, 49.4197896 ], [ 8.6668278, 49.4197897 ], [ 8.6668293, 49.4198151 ], [ 8.6669557, 49.4198116 ], [ 8.666952, 49.4195366 ], [ 8.6668241, 49.419534 ], [ 8.6668241, 49.4195608 ], [ 8.6667675, 49.419561799999983 ], [ 8.6667691, 49.4195051 ], [ 8.666324, 49.4195031 ], [ 8.6663225, 49.4196305 ], [ 8.6658575, 49.4196295 ], [ 8.6658575, 49.4196931 ], [ 8.6649399, 49.4196921 ], [ 8.6649399, 49.4200175 ], [ 8.6648084, 49.4200165 ], [ 8.6648084, 49.4202403 ], [ 8.6649445, 49.4202403 ], [ 8.664941889024284, 49.420480364711658 ], [ 8.665380833367267, 49.420480364711658 ], [ 8.6653827, 49.4203096 ], [ 8.6667669, 49.4203077 ], [ 8.6667669, 49.420196099999984 ], [ 8.6668229, 49.420197 ], [ 8.6668217, 49.4202354 ], [ 8.6669888, 49.4202358 ], [ 8.6669881, 49.4201451 ], [ 8.6669512, 49.420124 ], [ 8.6668251, 49.4201236 ], [ 8.6668241, 49.4201566 ], [ 8.6667661, 49.4201562 ], [ 8.6667675, 49.4197896 ] ] ], [ [ [ 8.669195220723253, 49.402390537699866 ], [ 8.6692478, 49.4024944 ], [ 8.6692587, 49.4025159 ], [ 8.669843430085344, 49.402390537699866 ], [ 8.669732185973695, 49.402390537699866 ], [ 8.669195220723253, 49.402390537699866 ] ] ], [ [ [ 8.6683041, 49.4035213 ], [ 8.668219, 49.403552599999983 ], [ 8.6681625, 49.403579899999976 ], [ 8.6682154, 49.4039059 ], [ 8.6685562, 49.4042248 ], [ 8.668567613728245, 49.404222464432195 ], [ 8.6692854, 49.4048676 ], [ 8.6693354, 49.404914 ], [ 8.669414, 49.40489250000001 ], [ 8.6694876, 49.404865799999989 ], [ 8.6695738, 49.4048232 ], [ 8.6696929, 49.4047312 ], [ 8.6698357, 49.4046149 ], [ 8.6701393, 49.4043643 ], [ 8.6702487, 49.4042782 ], [ 8.6703414, 49.4042052 ], [ 8.6704802, 49.404106 ], [ 8.6716542, 49.4031789 ], [ 8.6713667, 49.402879599999984 ], [ 8.671218, 49.4026367 ], [ 8.671472880647251, 49.402581909020071 ], [ 8.6714748, 49.4025855 ], [ 8.6720706, 49.4024541 ], [ 8.672070287641107, 49.402453508162097 ], [ 8.672363276345756, 49.402390537699866 ], [ 8.672361231995248, 49.402390537699866 ], [ 8.672304117808084, 49.402390537699866 ], [ 8.671457759093729, 49.402390537699866 ], [ 8.671371605919063, 49.402390537699866 ], [ 8.671107284303002, 49.402390537699866 ], [ 8.670606729495972, 49.402390537699866 ], [ 8.670556574506683, 49.402390537699866 ], [ 8.6698887, 49.4025427 ], [ 8.6688264, 49.4027678 ], [ 8.6686032, 49.4028151 ], [ 8.6679671, 49.4029499 ], [ 8.6683041, 49.4035213 ] ] ], [ [ [ 8.667560974169767, 49.402390537699866 ], [ 8.6667665, 49.4025818 ], [ 8.6676527, 49.403378 ], [ 8.6681081, 49.4032831 ], [ 8.6678855, 49.402906 ], [ 8.6685934, 49.40276380000001 ], [ 8.668431137991043, 49.402390537699866 ], [ 8.667560974169767, 49.402390537699866 ] ] ], [ [ [ 8.668300004321358, 49.404291549545505 ], [ 8.6675789, 49.4036683 ], [ 8.6663598, 49.40393670000001 ], [ 8.6663251, 49.4039777 ], [ 8.6670389, 49.4051444 ], [ 8.6687766, 49.404974499999987 ], [ 8.6687867, 49.4047122 ], [ 8.668398877006563, 49.404377005081265 ], [ 8.6683041, 49.4042905 ], [ 8.668300004321358, 49.404291549545505 ] ] ], [ [ [ 8.6673627, 49.4066548 ], [ 8.6673557, 49.4066469 ], [ 8.667347, 49.4066454 ], [ 8.6673343, 49.4066501 ], [ 8.6673315, 49.406656 ], [ 8.6673385, 49.4066638 ], [ 8.667348, 49.4066657 ], [ 8.6673607, 49.406661 ], [ 8.6673627, 49.4066548 ] ] ], [ [ [ 8.668066, 49.4067374 ], [ 8.6680774, 49.40675670000001 ], [ 8.6681717, 49.4067333 ], [ 8.6681756, 49.40674 ], [ 8.6682551, 49.4067202 ], [ 8.6682475, 49.4067073 ], [ 8.6682725, 49.406701099999985 ], [ 8.6682559, 49.4066729 ], [ 8.6682337, 49.406678399999983 ], [ 8.6682182, 49.406652 ], [ 8.6680417, 49.4066959 ], [ 8.6680493, 49.4067089 ], [ 8.668066, 49.4067374 ] ] ], [ [ [ 8.669683, 49.4061886 ], [ 8.6693315, 49.4062907 ], [ 8.6691179, 49.4063596 ], [ 8.6688716, 49.4064665 ], [ 8.6686991, 49.4065543 ], [ 8.6686217, 49.4066034 ], [ 8.6685405, 49.4066834 ], [ 8.6684289, 49.4068323 ], [ 8.6686596, 49.4070263 ], [ 8.6686547, 49.4071752 ], [ 8.6683443, 49.407179 ], [ 8.668333, 49.4073146 ], [ 8.6681382, 49.4073154 ], [ 8.6676977, 49.4073119 ], [ 8.667674, 49.4080409 ], [ 8.6679289, 49.4080193 ], [ 8.6680734, 49.4079549 ], [ 8.6681324, 49.407902 ], [ 8.668132641010072, 49.407894210554474 ], [ 8.6681552, 49.4078711 ], [ 8.66815792840719, 49.407820748485484 ], [ 8.6701087, 49.4077825 ], [ 8.6718179, 49.4077556 ], [ 8.6717913, 49.407471299999983 ], [ 8.6715639, 49.4072555 ], [ 8.6714782, 49.4071998 ], [ 8.6713838, 49.4071717 ], [ 8.6713027, 49.4071529 ], [ 8.6711536, 49.4071344 ], [ 8.6710065, 49.407134099999979 ], [ 8.6710025, 49.4069486 ], [ 8.6709778, 49.4068746 ], [ 8.6705729, 49.4065239 ], [ 8.6701915, 49.4061227 ], [ 8.6699517, 49.4061681 ], [ 8.669683, 49.4061886 ] ] ], [ [ [ 8.669968, 49.4096319 ], [ 8.6700386, 49.4096288 ], [ 8.6700425, 49.4096671 ], [ 8.6701503, 49.4096624 ], [ 8.6701525, 49.4096835 ], [ 8.6702215, 49.4096805 ], [ 8.6702185, 49.4096508 ], [ 8.6703052, 49.4095852 ], [ 8.6704284, 49.4096552 ], [ 8.6705362, 49.4095748 ], [ 8.6706139, 49.4096192 ], [ 8.6706344, 49.4096182 ], [ 8.6706358, 49.4096403 ], [ 8.6707445, 49.409636 ], [ 8.6707467, 49.409657199999984 ], [ 8.6708151, 49.4096542 ], [ 8.670784, 49.409353 ], [ 8.6708161, 49.4093516 ], [ 8.6707975, 49.4091716 ], [ 8.6706786, 49.4091768 ], [ 8.670676, 49.4091516 ], [ 8.6705874, 49.4091555 ], [ 8.67059, 49.4091804 ], [ 8.6705872, 49.4091805 ], [ 8.6705928, 49.4092349 ], [ 8.6701735, 49.4092532 ], [ 8.6701709, 49.4092285 ], [ 8.6700825, 49.4092323 ], [ 8.6700851, 49.4092573 ], [ 8.6700825, 49.4092574 ], [ 8.670087, 49.409301 ], [ 8.6699142, 49.4093085 ], [ 8.6695847, 49.4093229 ], [ 8.6695822, 49.409298 ], [ 8.6694931, 49.4093019 ], [ 8.6694957, 49.4093271 ], [ 8.6694927, 49.4093273 ], [ 8.6694949, 49.409349 ], [ 8.6694502, 49.409351 ], [ 8.6693803, 49.409354 ], [ 8.6693989, 49.4095339 ], [ 8.6694321, 49.40953240000001 ], [ 8.669451, 49.4097152 ], [ 8.6695199, 49.4097122 ], [ 8.6695177, 49.4096907 ], [ 8.6696257, 49.409686 ], [ 8.6696217, 49.409647 ], [ 8.6696898, 49.4096442 ], [ 8.6697242, 49.4096189 ], [ 8.6698346, 49.4096819 ], [ 8.6699312, 49.4096102 ], [ 8.669968, 49.4096319 ] ], [ [ 8.6706123, 49.4094148 ], [ 8.6706172, 49.4094648 ], [ 8.6705393, 49.409468 ], [ 8.6704975, 49.4094429 ], [ 8.6704953, 49.4094196 ], [ 8.6706123, 49.4094148 ] ], [ [ 8.6702009, 49.4094832 ], [ 8.6701957, 49.4094334 ], [ 8.6703126, 49.4094282 ], [ 8.6703151, 49.4094526 ], [ 8.6702783, 49.4094797 ], [ 8.6702009, 49.4094832 ] ], [ [ 8.6700235, 49.4094843 ], [ 8.6700284, 49.4095342 ], [ 8.6699421, 49.4095376 ], [ 8.6698841, 49.4095048 ], [ 8.669904, 49.4094894 ], [ 8.6700235, 49.4094843 ] ], [ [ 8.6697265, 49.409497599999987 ], [ 8.6697493, 49.4095112 ], [ 8.6696971, 49.409548899999983 ], [ 8.6696115, 49.4095523 ], [ 8.669607, 49.4095025 ], [ 8.6697265, 49.409497599999987 ] ] ], [ [ [ 8.6683806, 49.4095286 ], [ 8.6685497, 49.4095203 ], [ 8.6685434, 49.4094668 ], [ 8.6683744, 49.4094751 ], [ 8.6683806, 49.4095286 ] ] ], [ [ [ 8.6690032, 49.409553 ], [ 8.6690051, 49.4095634 ], [ 8.6690492, 49.4095618 ], [ 8.6690494, 49.409568299999989 ], [ 8.669183, 49.4095609 ], [ 8.6692214, 49.409532399999989 ], [ 8.6692123, 49.4094672 ], [ 8.6691756, 49.4094466 ], [ 8.6690341, 49.4094542 ], [ 8.6690409, 49.4095107 ], [ 8.6687898, 49.4095248 ], [ 8.6687951, 49.4095645 ], [ 8.6690032, 49.409553 ] ] ], [ [ [ 8.6687823, 49.4097781 ], [ 8.668762, 49.4096106 ], [ 8.6687049, 49.4096135 ], [ 8.6687073, 49.4096324 ], [ 8.6686473, 49.4096352 ], [ 8.6686656, 49.4097703 ], [ 8.6686693, 49.4097974 ], [ 8.6687823, 49.4097781 ] ] ], [ [ [ 8.6680575, 49.4099011 ], [ 8.6680863, 49.4098777 ], [ 8.6680518, 49.4098569 ], [ 8.6678845, 49.4098661 ], [ 8.6678902, 49.409910299999986 ], [ 8.6680575, 49.4099011 ] ] ], [ [ [ 8.6681224, 49.4101605 ], [ 8.668088, 49.4101397 ], [ 8.667924, 49.4101487 ], [ 8.6679297, 49.410193 ], [ 8.6680937, 49.410184 ], [ 8.6681224, 49.4101605 ] ] ], [ [ [ 8.6681504, 49.4103761 ], [ 8.6681159, 49.4103552 ], [ 8.667947, 49.4103644 ], [ 8.6679527, 49.4104087 ], [ 8.6681217, 49.4103995 ], [ 8.6681504, 49.4103761 ] ] ], [ [ [ 8.6681567, 49.4106776 ], [ 8.6681854, 49.41065420000001 ], [ 8.6681509, 49.4106334 ], [ 8.6679825, 49.4106426 ], [ 8.6679882, 49.4106868 ], [ 8.6681567, 49.4106776 ] ] ], [ [ [ 8.6682207, 49.4109365 ], [ 8.6681862, 49.410915699999983 ], [ 8.6680049, 49.4109256 ], [ 8.6680106, 49.4109698 ], [ 8.6681919, 49.4109599 ], [ 8.6682207, 49.4109365 ] ] ], [ [ [ 8.6682509, 49.4111494 ], [ 8.6682164, 49.4111286 ], [ 8.6680385, 49.4111384 ], [ 8.6680442, 49.411182599999989 ], [ 8.6682221, 49.4111728 ], [ 8.6682509, 49.4111494 ] ] ], [ [ [ 8.6682536, 49.4114482 ], [ 8.6682824, 49.4114248 ], [ 8.6682479, 49.411404 ], [ 8.6680706, 49.4114137 ], [ 8.6680763, 49.411457899999988 ], [ 8.6682536, 49.4114482 ] ] ], [ [ [ 8.6686312, 49.4119502 ], [ 8.6686234, 49.4118613 ], [ 8.668379, 49.4118704 ], [ 8.6683816, 49.4118996 ], [ 8.6683221, 49.4119018 ], [ 8.6683242, 49.4119264 ], [ 8.6683837, 49.4119242 ], [ 8.668384, 49.4119271 ], [ 8.6685639, 49.4119205 ], [ 8.6685667, 49.4119526 ], [ 8.6686312, 49.4119502 ] ] ], [ [ [ 8.6707079, 49.4127627 ], [ 8.6704311, 49.4127635 ], [ 8.6704332, 49.4130856 ], [ 8.67071, 49.4130848 ], [ 8.6707079, 49.4127627 ] ] ], [ [ [ 8.670257, 49.4130478 ], [ 8.6702578, 49.4129427 ], [ 8.6701586, 49.4129424 ], [ 8.6701577, 49.4130475 ], [ 8.670257, 49.4130478 ] ] ], [ [ [ 8.6672537, 49.4129394 ], [ 8.6669106, 49.4130074 ], [ 8.6669811, 49.4131578 ], [ 8.6673242, 49.4130897 ], [ 8.6672564, 49.4129452 ], [ 8.6672537, 49.4129394 ] ] ], [ [ [ 8.6695389, 49.4131983 ], [ 8.669623, 49.4131987 ], [ 8.6696954, 49.4131983 ], [ 8.6696961, 49.4131816 ], [ 8.6698152, 49.4131831 ], [ 8.6698166, 49.4129388 ], [ 8.6697223, 49.4129392 ], [ 8.6697231, 49.4129047 ], [ 8.6695318, 49.4129047 ], [ 8.6695332, 49.4129305 ], [ 8.6694361, 49.4129296 ], [ 8.6694347, 49.4131706 ], [ 8.6695388, 49.4131706 ], [ 8.6695389, 49.4131983 ] ] ], [ [ [ 8.6693535, 49.4141113 ], [ 8.6693449, 49.4141497 ], [ 8.6701638, 49.4143271 ], [ 8.6702034, 49.414308 ], [ 8.6701976, 49.4136447 ], [ 8.6701441, 49.4135603 ], [ 8.669381, 49.4135572 ], [ 8.6693709, 49.4137767 ], [ 8.669377, 49.414068499999985 ], [ 8.6693535, 49.4141113 ] ] ], [ [ [ 8.6666183, 49.414547099999986 ], [ 8.6674738, 49.4143778 ], [ 8.6690202, 49.4140415 ], [ 8.6691617, 49.4139769 ], [ 8.6692207, 49.4139019 ], [ 8.6692476, 49.4138033 ], [ 8.6692597, 49.413552 ], [ 8.6692643, 49.4134564 ], [ 8.668009, 49.4134268 ], [ 8.6679183, 49.413419 ], [ 8.6678525, 49.4134202 ], [ 8.6671431, 49.4135621 ], [ 8.667091, 49.4135718 ], [ 8.6660381, 49.4137667 ], [ 8.6659679, 49.4137906 ], [ 8.6663488, 49.4144501 ], [ 8.6663199, 49.4144563 ], [ 8.6663434, 49.4144908 ], [ 8.6663936, 49.4144841 ], [ 8.6664155, 49.414525 ], [ 8.6666183, 49.414547099999986 ] ] ], [ [ [ 8.6697375, 49.4142775 ], [ 8.6697532, 49.4142437 ], [ 8.6694725, 49.41418860000001 ], [ 8.6694569, 49.414222399999986 ], [ 8.6697375, 49.4142775 ] ] ], [ [ [ 8.6690246, 49.4143149 ], [ 8.6693029, 49.4143716 ], [ 8.6693722, 49.4142276 ], [ 8.6690939, 49.4141709 ], [ 8.6690246, 49.4143149 ] ] ], [ [ [ 8.6693628, 49.4143264 ], [ 8.669732, 49.4143999 ], [ 8.6697775, 49.4143032 ], [ 8.6694082, 49.4142297 ], [ 8.6693628, 49.4143264 ] ] ], [ [ [ 8.6688899, 49.4145457 ], [ 8.6690466, 49.4142195 ], [ 8.6689638, 49.4142027 ], [ 8.6688076, 49.4145288 ], [ 8.6688899, 49.4145457 ] ] ], [ [ [ 8.6687095, 49.4143859 ], [ 8.6686673, 49.4142973 ], [ 8.6682628, 49.4143788 ], [ 8.6683049, 49.414467499999986 ], [ 8.6687095, 49.4143859 ] ] ], [ [ [ 8.6699968, 49.4144786 ], [ 8.6700546, 49.4143533 ], [ 8.6697971, 49.414303 ], [ 8.6697393, 49.4144283 ], [ 8.6699968, 49.4144786 ] ] ], [ [ [ 8.6700677, 49.4147262 ], [ 8.6701359, 49.4145835 ], [ 8.6701039, 49.414577 ], [ 8.6701179, 49.4145475 ], [ 8.6701499, 49.414554 ], [ 8.6702312, 49.4143836 ], [ 8.6701129, 49.4143597 ], [ 8.6700316, 49.4145301 ], [ 8.6700649, 49.4145368 ], [ 8.6700508, 49.4145663 ], [ 8.6700175, 49.4145596 ], [ 8.6699494, 49.4147024 ], [ 8.6700677, 49.4147262 ] ] ], [ [ [ 8.6697713, 49.4147322 ], [ 8.6697448, 49.4147269 ], [ 8.6698419, 49.414525900000015 ], [ 8.6697351, 49.4145043 ], [ 8.6696381, 49.4147055 ], [ 8.6696139, 49.4147001 ], [ 8.6697103, 49.414499 ], [ 8.6696648, 49.4144898 ], [ 8.6695679, 49.4146909 ], [ 8.6695499, 49.4146874 ], [ 8.6696463, 49.4144859 ], [ 8.6695999, 49.414476599999986 ], [ 8.6695084, 49.4146667 ], [ 8.6694699, 49.4146589 ], [ 8.6695406, 49.4145118 ], [ 8.6695516, 49.414514 ], [ 8.6695885, 49.414438 ], [ 8.6695788, 49.4144061 ], [ 8.6695626, 49.4143948 ], [ 8.6695465, 49.4143835 ], [ 8.6695243, 49.414379 ], [ 8.669502, 49.414374499999987 ], [ 8.6694558, 49.4143813 ], [ 8.6694388, 49.414392 ], [ 8.6694218, 49.4144028 ], [ 8.6693849, 49.4144801 ], [ 8.6693963, 49.4144823 ], [ 8.6693247, 49.4146293 ], [ 8.6692874, 49.4146218 ], [ 8.6692818, 49.414633 ], [ 8.6692697, 49.4146304 ], [ 8.6693665, 49.4144293 ], [ 8.6692641, 49.4144086 ], [ 8.6691674, 49.4146089 ], [ 8.6691459, 49.4146047 ], [ 8.6692426, 49.4144039 ], [ 8.6691361, 49.4143822 ], [ 8.6690398, 49.4145827 ], [ 8.6690122, 49.414577099999988 ], [ 8.6690145, 49.414571699999989 ], [ 8.6690101, 49.414571 ], [ 8.6691037, 49.4143756 ], [ 8.6690077, 49.4143562 ], [ 8.668911542008612, 49.414550182392126 ], [ 8.6689098, 49.414549799999989 ], [ 8.6688897, 49.4145926 ], [ 8.6688519, 49.4146705 ], [ 8.6689568, 49.414691799999986 ], [ 8.66896, 49.414686 ], [ 8.6690206, 49.4146986 ], [ 8.6690143, 49.4147113 ], [ 8.6689622, 49.4147005 ], [ 8.668891, 49.4148491 ], [ 8.6689818, 49.4148678 ], [ 8.668994, 49.4148703 ], [ 8.6690633, 49.4147217 ], [ 8.6690558, 49.41472 ], [ 8.6690615, 49.4147072 ], [ 8.669098536820798, 49.414714403374788 ], [ 8.669119502044655, 49.414718701749088 ], [ 8.6691045, 49.4147496 ], [ 8.6690818, 49.414745 ], [ 8.6690204, 49.41487570000001 ], [ 8.6691172, 49.4148959 ], [ 8.6691789, 49.414765 ], [ 8.6691568, 49.4147604 ], [ 8.669171701932886, 49.414729403979592 ], [ 8.6692307, 49.4147415 ], [ 8.669155, 49.4149002 ], [ 8.6693744, 49.4149456 ], [ 8.6694507, 49.4147865 ], [ 8.6695084, 49.4147983 ], [ 8.669494, 49.4148288 ], [ 8.6694708, 49.4148241 ], [ 8.6694097, 49.4149553 ], [ 8.6695068, 49.4149752 ], [ 8.6695681, 49.4148443 ], [ 8.6695448, 49.4148398 ], [ 8.669558485464385, 49.41480823352741 ], [ 8.6697195, 49.414840699999985 ], [ 8.6697166, 49.414847 ], [ 8.6698216, 49.414868599999984 ], [ 8.6698629, 49.4147871 ], [ 8.6698801, 49.4147481 ], [ 8.6698756, 49.4147471 ], [ 8.6699692, 49.4145522 ], [ 8.6698736, 49.4145325 ], [ 8.6697791, 49.4147275 ], [ 8.6697739, 49.414726899999984 ], [ 8.6697713, 49.4147322 ] ] ], [ [ [ 8.667496, 49.414844 ], [ 8.6674415, 49.4147286 ], [ 8.6673183, 49.4147532 ], [ 8.6674382, 49.4150068 ], [ 8.6675617, 49.4149821 ], [ 8.6675245, 49.414903399999986 ], [ 8.6675802, 49.4148923 ], [ 8.6675917, 49.4149174 ], [ 8.6683353, 49.4147677 ], [ 8.6683832, 49.4148677 ], [ 8.6685683, 49.4148309 ], [ 8.6684628, 49.4146101 ], [ 8.668423, 49.4146179 ], [ 8.6683881, 49.4146248 ], [ 8.6683364, 49.414518 ], [ 8.6682034, 49.4145446 ], [ 8.6682543, 49.4146517 ], [ 8.6676876, 49.4147653 ], [ 8.6675347, 49.414797 ], [ 8.6675521, 49.4148328 ], [ 8.667496, 49.414844 ] ] ], [ [ [ 8.6698651, 49.4148775 ], [ 8.6699479, 49.4148942 ], [ 8.6700237, 49.4147347 ], [ 8.6699409, 49.414718099999988 ], [ 8.6698651, 49.4148775 ] ] ], [ [ [ 8.669584, 49.414846 ], [ 8.6695223, 49.4149794 ], [ 8.6696228, 49.4150003 ], [ 8.6696857, 49.4148663 ], [ 8.669584, 49.414846 ] ] ], [ [ [ 8.6700135, 49.4149773 ], [ 8.670013, 49.4149289 ], [ 8.6699333, 49.4149288 ], [ 8.6699265, 49.4149782 ], [ 8.6700135, 49.4149773 ] ] ], [ [ [ 8.6694878, 49.4150288 ], [ 8.6689646, 49.4149123 ], [ 8.6687147, 49.4154357 ], [ 8.6692423, 49.4155421 ], [ 8.6694878, 49.4150288 ] ] ], [ [ [ 8.6689718, 49.4172929 ], [ 8.6687691, 49.417291400000011 ], [ 8.6687667, 49.417427199999985 ], [ 8.6689694, 49.4174288 ], [ 8.6689704, 49.4173733 ], [ 8.6689718, 49.4172929 ] ] ], [ [ [ 8.6696673, 49.417795 ], [ 8.6696675, 49.4178411 ], [ 8.6696199, 49.4178412 ], [ 8.6696204, 49.4179704 ], [ 8.6696685, 49.4179703 ], [ 8.6696686, 49.4180014 ], [ 8.6702236, 49.4180005 ], [ 8.6702233, 49.4179361 ], [ 8.6702687, 49.417936 ], [ 8.6702683, 49.4178412 ], [ 8.6702222, 49.417841299999985 ], [ 8.670222, 49.4177941 ], [ 8.6696673, 49.417795 ] ] ], [ [ [ 8.6691253, 49.4184155 ], [ 8.6691244, 49.4181729 ], [ 8.667994, 49.418174899999983 ], [ 8.667995, 49.4184174 ], [ 8.6691253, 49.4184155 ] ] ], [ [ [ 8.6701509, 49.4184631 ], [ 8.6702017, 49.4184634 ], [ 8.6702032, 49.4183526 ], [ 8.6702209, 49.4183527 ], [ 8.6702227, 49.4182171 ], [ 8.6701984, 49.418217 ], [ 8.6701769, 49.4182169 ], [ 8.6701773, 49.4181903 ], [ 8.6699506, 49.4181891 ], [ 8.6699503, 49.4182156 ], [ 8.6699351, 49.4182155 ], [ 8.6699347, 49.4182463 ], [ 8.6698981, 49.4182461 ], [ 8.6698995, 49.4181375 ], [ 8.6696855, 49.4181364 ], [ 8.6696839, 49.4182611 ], [ 8.6696831, 49.4183261 ], [ 8.6696278, 49.4183258 ], [ 8.6696271, 49.4183749 ], [ 8.6697469, 49.4183756 ], [ 8.6697464, 49.4184157 ], [ 8.6697461, 49.4184359 ], [ 8.6697459, 49.4184519 ], [ 8.6697453, 49.41849890000001 ], [ 8.6698236, 49.4184994 ], [ 8.6698234, 49.4185134 ], [ 8.6698232, 49.4185336 ], [ 8.6698288, 49.4185432 ], [ 8.6698413, 49.4185492 ], [ 8.6698582, 49.4185498 ], [ 8.6698725, 49.418544 ], [ 8.6698792, 49.418534 ], [ 8.6698795, 49.4185138 ], [ 8.6699594, 49.4185142 ], [ 8.6699591, 49.4185377 ], [ 8.6701499, 49.4185387 ], [ 8.6701509, 49.4184631 ] ] ], [ [ [ 8.6699311, 49.4200354 ], [ 8.6701875, 49.4200349 ], [ 8.6701868, 49.4198925 ], [ 8.6701765, 49.4198925 ], [ 8.6701759, 49.4197769 ], [ 8.6701862, 49.4197769 ], [ 8.6701857, 49.4196705 ], [ 8.6699292, 49.419671 ], [ 8.6699298, 49.4197775 ], [ 8.6699446, 49.4197774 ], [ 8.6699452, 49.419893 ], [ 8.6699303, 49.419893 ], [ 8.6699311, 49.4200354 ] ] ], [ [ [ 8.6674886, 49.4195999 ], [ 8.6674872, 49.4202389 ], [ 8.6676064, 49.420239 ], [ 8.6676065, 49.4201868 ], [ 8.6676554, 49.4201868 ], [ 8.6676553, 49.420239 ], [ 8.6677707, 49.4202391 ], [ 8.6677722, 49.4195995 ], [ 8.6676479, 49.419599399999989 ], [ 8.6676478, 49.419651699999989 ], [ 8.6676044, 49.4196517 ], [ 8.6676045, 49.4196 ], [ 8.6674886, 49.4195999 ] ] ], [ [ [ 8.6689609, 49.4199825 ], [ 8.6689745, 49.4199826 ], [ 8.6689744, 49.4199952 ], [ 8.6693185, 49.419995900000011 ], [ 8.6693181, 49.4200768 ], [ 8.669303, 49.4200767 ], [ 8.6693027, 49.4201233 ], [ 8.6693201, 49.420123300000014 ], [ 8.66932, 49.4201441 ], [ 8.669337, 49.4201441 ], [ 8.6693369, 49.4201531 ], [ 8.6693085, 49.420153 ], [ 8.6693083, 49.4201955 ], [ 8.6693358, 49.4201956 ], [ 8.6693358, 49.4202055 ], [ 8.6689733, 49.4202047 ], [ 8.6689727, 49.4203238 ], [ 8.6689617, 49.4203237 ], [ 8.6689618, 49.4203126 ], [ 8.6689252, 49.4203125 ], [ 8.668925, 49.4203707 ], [ 8.6689623, 49.4203708 ], [ 8.6689623, 49.4203598 ], [ 8.6689735, 49.4203598 ], [ 8.6689735, 49.4203714 ], [ 8.669316, 49.4203721 ], [ 8.669315488282928, 49.420480364711658 ], [ 8.66985770501814, 49.420480364711658 ], [ 8.6698578, 49.4204614 ], [ 8.6698207, 49.4204613 ], [ 8.6698206, 49.42047680000001 ], [ 8.6698079, 49.4204768 ], [ 8.6698083, 49.4204022 ], [ 8.669821, 49.4204022 ], [ 8.6698209, 49.4204121 ], [ 8.6698564, 49.4204122 ], [ 8.6698567, 49.420355199999989 ], [ 8.6698207, 49.4203552 ], [ 8.6698206, 49.4203673 ], [ 8.6698079, 49.4203673 ], [ 8.669808, 49.4203537 ], [ 8.6694638, 49.420353 ], [ 8.6694642, 49.42027310000001 ], [ 8.6694788, 49.4202732 ], [ 8.6694791, 49.4202254 ], [ 8.6694633, 49.4202253 ], [ 8.6694634, 49.4202021 ], [ 8.6693974, 49.420202 ], [ 8.6693974, 49.4201944 ], [ 8.6694725, 49.4201945 ], [ 8.6694727, 49.4201537 ], [ 8.6693967, 49.4201535 ], [ 8.6693967, 49.4201443 ], [ 8.6698056, 49.4201451 ], [ 8.6698057, 49.420129699999983 ], [ 8.6698218, 49.4201297 ], [ 8.6698217, 49.4201426 ], [ 8.6698566, 49.420142699999985 ], [ 8.6698569, 49.4200837 ], [ 8.6698233, 49.4200836 ], [ 8.6698232, 49.420093799999989 ], [ 8.6698091, 49.4200938 ], [ 8.6698094, 49.4200229 ], [ 8.6698215, 49.4200229 ], [ 8.6698214, 49.4200342 ], [ 8.6698555, 49.4200343 ], [ 8.6698558, 49.4199755 ], [ 8.6698218, 49.4199754 ], [ 8.6698217, 49.4199863 ], [ 8.6698068, 49.4199863 ], [ 8.6698069, 49.419976599999984 ], [ 8.6694588, 49.4199759 ], [ 8.6694591, 49.4198959 ], [ 8.6694745, 49.4198959 ], [ 8.6694746, 49.4198704 ], [ 8.6694747, 49.419846 ], [ 8.6694553, 49.4198459 ], [ 8.6694553, 49.4198265 ], [ 8.6693886, 49.4198264 ], [ 8.6693886, 49.4198169 ], [ 8.6694742, 49.419817 ], [ 8.6694744, 49.4197719 ], [ 8.6693015, 49.4197716 ], [ 8.6693012, 49.4198169 ], [ 8.6693376, 49.419817 ], [ 8.6693375, 49.4198247 ], [ 8.6689745, 49.419824 ], [ 8.668974, 49.4199462 ], [ 8.6689613, 49.4199461 ], [ 8.6689614, 49.4199342 ], [ 8.668924, 49.4199341 ], [ 8.6689237, 49.4199959 ], [ 8.6689608, 49.419995899999989 ], [ 8.6689609, 49.4199825 ] ] ], [ [ [ 8.6718992, 49.4027552 ], [ 8.6718792, 49.4027695 ], [ 8.6718671, 49.4027872 ], [ 8.6718639, 49.4028065 ], [ 8.6718702, 49.4028254 ], [ 8.6718851, 49.4028421 ], [ 8.6719073, 49.402855 ], [ 8.6719345, 49.4028628 ], [ 8.6719641, 49.4028647 ], [ 8.6719931, 49.4028605 ], [ 8.6720187, 49.4028507 ], [ 8.6720384, 49.4028361 ], [ 8.6720502, 49.402818399999987 ], [ 8.6720529, 49.402799099999989 ], [ 8.6720462, 49.4027802 ], [ 8.6720932, 49.4027571 ], [ 8.6721183, 49.402764 ], [ 8.6721455, 49.4027646 ], [ 8.6721712, 49.4027587 ], [ 8.672192, 49.4027472 ], [ 8.672205, 49.4027317 ], [ 8.6722085, 49.402714100000011 ], [ 8.6722021, 49.4026969 ], [ 8.6721866, 49.402682299999988 ], [ 8.672164, 49.4026724 ], [ 8.6721375, 49.402668299999988 ], [ 8.6721105, 49.4026708 ], [ 8.6720867, 49.4026794 ], [ 8.6720693, 49.4026931 ], [ 8.6720606, 49.4027098 ], [ 8.6720617, 49.4027276 ], [ 8.6720107, 49.4027519 ], [ 8.6719837, 49.4027439 ], [ 8.6719541, 49.4027417 ], [ 8.671925, 49.4027456 ], [ 8.6718992, 49.4027552 ] ] ], [ [ [ 8.6727067, 49.4043003 ], [ 8.6727597, 49.4043512 ], [ 8.6732178, 49.4041482 ], [ 8.6731263, 49.4040603 ], [ 8.6726682, 49.4042633 ], [ 8.6727067, 49.4043003 ] ] ], [ [ [ 8.6729084, 49.4044949 ], [ 8.6733676, 49.404295 ], [ 8.6732808, 49.40421 ], [ 8.6728215, 49.4044099 ], [ 8.6728595, 49.4044469 ], [ 8.6729084, 49.4044949 ] ] ], [ [ [ 8.6730956, 49.4046744 ], [ 8.6735504, 49.4044709 ], [ 8.6734772, 49.4043973 ], [ 8.6730175, 49.4045961 ], [ 8.6730523, 49.4046319 ], [ 8.6730956, 49.4046744 ] ] ], [ [ [ 8.6731998, 49.4047749 ], [ 8.6732507, 49.4048244 ], [ 8.6737109, 49.404624 ], [ 8.6736222, 49.404539 ], [ 8.6731636, 49.4047396 ], [ 8.6731998, 49.4047749 ] ] ], [ [ [ 8.672505, 49.4053696 ], [ 8.6724979, 49.4053496 ], [ 8.6724419, 49.405358 ], [ 8.672449, 49.405378 ], [ 8.672505, 49.4053696 ] ] ], [ [ [ 8.6711126, 49.4055982 ], [ 8.6711043, 49.40558020000001 ], [ 8.6710642, 49.4055879 ], [ 8.6710725, 49.4056059 ], [ 8.6711126, 49.4055982 ] ] ], [ [ [ 8.6736511, 49.4055482 ], [ 8.6730348, 49.405652 ], [ 8.672937, 49.405668 ], [ 8.6729247, 49.4059287 ], [ 8.6731596, 49.4059335 ], [ 8.6731668, 49.4057652 ], [ 8.673421, 49.4057224 ], [ 8.6734135, 49.4058813 ], [ 8.6734105, 49.4059386 ], [ 8.6736303, 49.405943 ], [ 8.6736333, 49.4058862 ], [ 8.6736463, 49.405640199999986 ], [ 8.6736511, 49.4055482 ] ] ], [ [ [ 8.6717063, 49.406611099999985 ], [ 8.6718042, 49.4065928 ], [ 8.6718646, 49.4065854 ], [ 8.6719846, 49.406581899999985 ], [ 8.6720959, 49.4065863 ], [ 8.6720972, 49.4065649 ], [ 8.6721922, 49.406566 ], [ 8.6721911, 49.4065868 ], [ 8.67217, 49.4065864 ], [ 8.6721675, 49.4066365 ], [ 8.6721857, 49.4066369 ], [ 8.6721693, 49.4069602 ], [ 8.672176, 49.4069603 ], [ 8.6721748, 49.4069841 ], [ 8.6720953, 49.4069886 ], [ 8.6720135, 49.406999499999984 ], [ 8.6719338, 49.4070186 ], [ 8.6718298, 49.4070545 ], [ 8.6718003, 49.4070247 ], [ 8.6717412, 49.4070506 ], [ 8.6718559, 49.4071578 ], [ 8.6719269, 49.4071247 ], [ 8.6720075, 49.407098 ], [ 8.6721456, 49.4070732 ], [ 8.6722461, 49.4070715 ], [ 8.6722436, 49.4071206 ], [ 8.6722698, 49.4071212 ], [ 8.6724154, 49.4071243 ], [ 8.6724235, 49.4069656 ], [ 8.6724354, 49.4069659 ], [ 8.6724562, 49.406554200000016 ], [ 8.6725285, 49.4065597 ], [ 8.6725839, 49.4056687 ], [ 8.6724977, 49.405631 ], [ 8.6721247, 49.4057064 ], [ 8.6706301, 49.4059863 ], [ 8.6710225, 49.4063894 ], [ 8.6713257, 49.4066635 ], [ 8.671504, 49.406589 ], [ 8.6715648, 49.4066531 ], [ 8.6717063, 49.406611099999985 ] ], [ [ 8.6722716, 49.4065504 ], [ 8.6722743, 49.4064876 ], [ 8.6723482, 49.4065528 ], [ 8.6722716, 49.4065504 ] ] ], [ [ [ 8.6728911, 49.407032 ], [ 8.6728795, 49.4073375 ], [ 8.6728739, 49.407486399999989 ], [ 8.672873, 49.4075082 ], [ 8.6727862, 49.407506799999986 ], [ 8.6727832, 49.4075866 ], [ 8.6727821, 49.4076163 ], [ 8.6728689, 49.4076176 ], [ 8.6728695, 49.407603 ], [ 8.67287, 49.407588 ], [ 8.6728703, 49.4075814 ], [ 8.6729324, 49.4075824 ], [ 8.6729362, 49.407482299999984 ], [ 8.6729164, 49.407482 ], [ 8.6729219, 49.4073382 ], [ 8.6733804, 49.407346 ], [ 8.6737065, 49.4073515 ], [ 8.6737333, 49.4066767 ], [ 8.6740952, 49.4066829 ], [ 8.674116, 49.4061583 ], [ 8.6741173, 49.4061261 ], [ 8.6737554, 49.4061199 ], [ 8.6729227, 49.4061037 ], [ 8.6728275, 49.4061022 ], [ 8.6728232, 49.4062202 ], [ 8.672823, 49.4062266 ], [ 8.6728184, 49.4063499 ], [ 8.6729137, 49.4063514 ], [ 8.672913, 49.4064813 ], [ 8.6728911, 49.407032 ] ] ], [ [ [ 8.6724584, 49.4075568 ], [ 8.6724653, 49.407150799999989 ], [ 8.6722337, 49.4071468 ], [ 8.6719944, 49.40723340000001 ], [ 8.6721468, 49.4073294 ], [ 8.672406, 49.4075564 ], [ 8.6724584, 49.4075568 ] ] ], [ [ [ 8.6730446, 49.4077022 ], [ 8.6730448, 49.4076469 ], [ 8.672988, 49.4076468 ], [ 8.6729881, 49.4076395 ], [ 8.6728636, 49.4076393 ], [ 8.6728434, 49.4076393 ], [ 8.6728435, 49.4076307 ], [ 8.6728185, 49.4076307 ], [ 8.6728185, 49.4076375 ], [ 8.6726942, 49.4076374 ], [ 8.6726938, 49.4077532 ], [ 8.6728633, 49.4077534 ], [ 8.673025, 49.4077536 ], [ 8.6730251, 49.4077022 ], [ 8.6730446, 49.4077022 ] ] ], [ [ [ 8.6731078, 49.4077519 ], [ 8.6736378, 49.4077525 ], [ 8.6736381, 49.4076503 ], [ 8.6731081, 49.407649699999986 ], [ 8.6731078, 49.4077519 ] ] ], [ [ [ 8.671163, 49.41273 ], [ 8.6711651, 49.4125112 ], [ 8.6708104, 49.4125096 ], [ 8.6708082, 49.4127285 ], [ 8.6710293, 49.4127294 ], [ 8.6710265, 49.41301210000001 ], [ 8.6708123, 49.4130112 ], [ 8.6708116, 49.4130865 ], [ 8.6708095, 49.413296 ], [ 8.6711573, 49.4132975 ], [ 8.671158, 49.4132302 ], [ 8.6711594, 49.413088 ], [ 8.671163, 49.41273 ] ] ], [ [ [ 8.6714274, 49.4127352 ], [ 8.6716308, 49.4127424 ], [ 8.6716348, 49.41269470000001 ], [ 8.6714314, 49.4126875 ], [ 8.6714274, 49.4127352 ] ] ], [ [ [ 8.6718126, 49.4128751 ], [ 8.6719783, 49.4128769 ], [ 8.6719831, 49.4126943 ], [ 8.6718174, 49.412692499999984 ], [ 8.6718126, 49.4128751 ] ] ], [ [ [ 8.6725353, 49.4123504 ], [ 8.6725374, 49.4122864 ], [ 8.672541, 49.4121788 ], [ 8.6723485, 49.4121761 ], [ 8.6723393, 49.4124508 ], [ 8.6725322, 49.4124535 ], [ 8.6725337, 49.412408599999985 ], [ 8.6725785, 49.4124092 ], [ 8.6725768, 49.4124599 ], [ 8.6728496, 49.4124637 ], [ 8.6730902, 49.4124671 ], [ 8.6730852, 49.4126185 ], [ 8.6730837, 49.4126607 ], [ 8.6727563, 49.4126561 ], [ 8.672757, 49.4126334 ], [ 8.672582, 49.4126309 ], [ 8.6725805, 49.4126738 ], [ 8.6722199, 49.4126687 ], [ 8.6722156, 49.4127977 ], [ 8.6727451, 49.4128052 ], [ 8.6727448, 49.4128169 ], [ 8.6730362, 49.412821 ], [ 8.6730355, 49.412844 ], [ 8.6729435, 49.4128427 ], [ 8.6729415, 49.41290140000001 ], [ 8.6730294, 49.4129027 ], [ 8.673024, 49.413062 ], [ 8.6725109, 49.4130548 ], [ 8.6725051, 49.413228599999989 ], [ 8.672958, 49.413235 ], [ 8.6729561, 49.4132934 ], [ 8.6729541, 49.4133528 ], [ 8.6728766, 49.4133517 ], [ 8.6728475, 49.4133513 ], [ 8.6728382, 49.413629499999985 ], [ 8.6734096, 49.4136376 ], [ 8.6734188, 49.4133612 ], [ 8.673386, 49.4133607 ], [ 8.6733871, 49.4133276 ], [ 8.6734334, 49.4133283 ], [ 8.6734344, 49.4132998 ], [ 8.6734353, 49.413271199999983 ], [ 8.6733332, 49.4132697 ], [ 8.673334, 49.4132459 ], [ 8.6736257, 49.41325 ], [ 8.6737779, 49.4132521 ], [ 8.6737838, 49.413074499999986 ], [ 8.6732331, 49.4130668 ], [ 8.6732356, 49.4129911 ], [ 8.6732846, 49.4129918 ], [ 8.6732833, 49.4130331 ], [ 8.6738487, 49.4130411 ], [ 8.6741452, 49.4130453 ], [ 8.6741515, 49.4128587 ], [ 8.6740671, 49.4128575 ], [ 8.6732986, 49.4128466 ], [ 8.6732964, 49.4129109 ], [ 8.6732464, 49.4129102 ], [ 8.6732493, 49.412823099999983 ], [ 8.6740662, 49.4128346 ], [ 8.6740669, 49.4128134 ], [ 8.6740708, 49.4126968 ], [ 8.6736961, 49.4126915 ], [ 8.6736976, 49.4126461 ], [ 8.6735105, 49.4126435 ], [ 8.6735098, 49.4126666 ], [ 8.6731912, 49.4126608 ], [ 8.6731927, 49.4126172 ], [ 8.6731977, 49.412467 ], [ 8.6734639, 49.412472 ], [ 8.6737187, 49.412475600000015 ], [ 8.6737201, 49.4124344 ], [ 8.6737535, 49.4124349 ], [ 8.6737522, 49.4124758 ], [ 8.6739627, 49.4124787 ], [ 8.6739718, 49.4122063 ], [ 8.6737652, 49.4122033 ], [ 8.6737625, 49.4122858 ], [ 8.6737585, 49.4124045 ], [ 8.6737173, 49.4124039 ], [ 8.6737195, 49.4123378 ], [ 8.673231, 49.4123309 ], [ 8.6732279, 49.4123145 ], [ 8.6732171, 49.41229950000001 ], [ 8.6731996, 49.4122875 ], [ 8.6731773, 49.4122796 ], [ 8.6731523, 49.4122767 ], [ 8.6731272, 49.4122789 ], [ 8.6731043, 49.4122862 ], [ 8.6730861, 49.4122977 ], [ 8.6730743, 49.4123123 ], [ 8.6730701, 49.4123286 ], [ 8.672581, 49.4123217 ], [ 8.67258, 49.4123511 ], [ 8.6725353, 49.4123504 ] ] ], [ [ [ 8.672592, 49.4130008 ], [ 8.6729972, 49.4130039 ], [ 8.6729988, 49.412938 ], [ 8.6728865, 49.412938 ], [ 8.6728912, 49.4128558 ], [ 8.672592, 49.4128548 ], [ 8.672592, 49.4130008 ] ] ], [ [ [ 8.6714114, 49.4133526 ], [ 8.6716217, 49.4133533 ], [ 8.6716383, 49.4129399 ], [ 8.6714279, 49.4129401 ], [ 8.6714114, 49.4133526 ] ] ], [ [ [ 8.6717866, 49.4133643 ], [ 8.6720034, 49.4133685 ], [ 8.6720124, 49.4129472 ], [ 8.671809, 49.4129448 ], [ 8.6717866, 49.4133643 ] ] ], [ [ [ 8.6711658, 49.4138168 ], [ 8.6708317, 49.4138156 ], [ 8.6708299, 49.414034699999988 ], [ 8.671164, 49.4140359 ], [ 8.6711658, 49.4138168 ] ] ], [ [ [ 8.6724334, 49.4143058 ], [ 8.6722462, 49.4143063 ], [ 8.6722068, 49.4143065 ], [ 8.6721674, 49.4143066 ], [ 8.6720543, 49.414307 ], [ 8.6720535, 49.414244700000012 ], [ 8.6719844, 49.4142449 ], [ 8.671973, 49.414245 ], [ 8.6719727, 49.4142499 ], [ 8.6719481, 49.4142499 ], [ 8.6719236, 49.4142499 ], [ 8.6719226, 49.4142456 ], [ 8.6719096, 49.4142457 ], [ 8.6718425, 49.4142458 ], [ 8.6718425, 49.4143077 ], [ 8.6717424, 49.4143079 ], [ 8.671741, 49.4141772 ], [ 8.6718006, 49.414176799999986 ], [ 8.6718007, 49.4141427 ], [ 8.6718008, 49.4141085 ], [ 8.6717911, 49.4141084 ], [ 8.6717896, 49.4138532 ], [ 8.6718175, 49.4138532 ], [ 8.6718175, 49.413849399999989 ], [ 8.6716359, 49.4138496 ], [ 8.6716015, 49.4138407 ], [ 8.6715651, 49.4138378 ], [ 8.6715283, 49.413841 ], [ 8.6714938, 49.4138501 ], [ 8.6714384, 49.4138505 ], [ 8.6714382, 49.413887 ], [ 8.6714248, 49.4139092 ], [ 8.6714204, 49.4139329 ], [ 8.6714254, 49.413957 ], [ 8.6714397, 49.4139794 ], [ 8.6714412, 49.4141087 ], [ 8.6714409, 49.4141343 ], [ 8.6714407, 49.4141568 ], [ 8.6714405, 49.4141776 ], [ 8.6715393, 49.4141778 ], [ 8.6715394, 49.4142421 ], [ 8.6715304, 49.4142422 ], [ 8.6715054, 49.414258599999982 ], [ 8.671531, 49.4142754 ], [ 8.6715421, 49.4142751 ], [ 8.671542, 49.4143089 ], [ 8.67154, 49.4143089 ], [ 8.6715402, 49.4143861 ], [ 8.6714436, 49.414386 ], [ 8.6714445, 49.414441 ], [ 8.6715406, 49.4144411 ], [ 8.6715411, 49.4145176 ], [ 8.6717372, 49.4145181 ], [ 8.6717375, 49.414605 ], [ 8.6717376, 49.414654 ], [ 8.6717378, 49.4146973 ], [ 8.6714431, 49.4146952 ], [ 8.6714432, 49.4149068 ], [ 8.6718547, 49.4149063 ], [ 8.672051, 49.4149056 ], [ 8.6726564, 49.4149038 ], [ 8.6726564, 49.4148827 ], [ 8.672656, 49.4146949 ], [ 8.6726557, 49.4146073 ], [ 8.6726556, 49.414578 ], [ 8.672831, 49.4145781 ], [ 8.6728311, 49.4146073 ], [ 8.6728326, 49.4149692 ], [ 8.6732516, 49.414968 ], [ 8.6732502, 49.41463 ], [ 8.6732502, 49.4146022 ], [ 8.6732503, 49.4145744 ], [ 8.6732488, 49.4145146 ], [ 8.6732496, 49.4144371 ], [ 8.673247, 49.4144371 ], [ 8.6732468, 49.4144187 ], [ 8.6734225, 49.414418 ], [ 8.6734235, 49.4145168 ], [ 8.6737488, 49.4145154 ], [ 8.673747234858658, 49.414361494434637 ], [ 8.6737716, 49.4143615 ], [ 8.6737742, 49.4142891 ], [ 8.6737747, 49.4138673 ], [ 8.6735376, 49.4138689 ], [ 8.6735391, 49.4137931 ], [ 8.6723477, 49.4138135 ], [ 8.6723914, 49.4139398 ], [ 8.6724058, 49.414298 ], [ 8.6731669, 49.4143035 ], [ 8.6724334, 49.4143058 ] ], [ [ 8.6733202, 49.4143868 ], [ 8.6733204, 49.4143615 ], [ 8.6733338, 49.4143614 ], [ 8.673422536718272, 49.414361420268776 ], [ 8.6734229, 49.4143946 ], [ 8.6732465, 49.4143953 ], [ 8.6732469, 49.414387199999986 ], [ 8.6733202, 49.4143868 ] ], [ [ 8.6724321, 49.4146963 ], [ 8.671865, 49.4146969 ], [ 8.6718647, 49.414517599999989 ], [ 8.6722764, 49.4145166 ], [ 8.6724316, 49.4145162 ], [ 8.6724319, 49.4146073 ], [ 8.6724321, 49.4146963 ] ] ], [ [ [ 8.670544, 49.4144986 ], [ 8.6705435, 49.4145817 ], [ 8.6705728, 49.414582 ], [ 8.6705883, 49.4145888 ], [ 8.67059, 49.4146078 ], [ 8.6708706, 49.4146088 ], [ 8.6709213, 49.414609 ], [ 8.6709208, 49.4146379 ], [ 8.670919, 49.4147489 ], [ 8.6706701, 49.4147915 ], [ 8.6706572, 49.4147702 ], [ 8.6705418, 49.4147949 ], [ 8.6705918, 49.4148991 ], [ 8.6706089, 49.414897799999984 ], [ 8.670621, 49.414900099999983 ], [ 8.6706314, 49.4149035 ], [ 8.6709139, 49.4148598 ], [ 8.670926, 49.414875 ], [ 8.671104, 49.4148772 ], [ 8.6711101, 49.4147928 ], [ 8.6711777, 49.4147812 ], [ 8.6711509, 49.4147093 ], [ 8.6711151, 49.4147148 ], [ 8.6711148, 49.4146379 ], [ 8.6711156, 49.4146081 ], [ 8.6711595, 49.4146077 ], [ 8.6711613, 49.4144967 ], [ 8.6711167, 49.4144967 ], [ 8.6711169, 49.4143642 ], [ 8.6711171, 49.4143388 ], [ 8.6711643, 49.4143386 ], [ 8.6711671, 49.414229799999987 ], [ 8.6711211, 49.414229400000011 ], [ 8.6711192, 49.4140504 ], [ 8.6709194, 49.4140487 ], [ 8.670919, 49.4142282 ], [ 8.6705633, 49.4142249 ], [ 8.6705597, 49.4143057 ], [ 8.6705763, 49.4143096 ], [ 8.6705918, 49.4143164 ], [ 8.6705935, 49.4143354 ], [ 8.6709239, 49.4143365 ], [ 8.6709236, 49.414361399999983 ], [ 8.6709218, 49.4145004 ], [ 8.6708709, 49.4144999 ], [ 8.670544, 49.4144986 ] ] ], [ [ [ 8.6717266, 49.4152417 ], [ 8.6716733, 49.415241899999977 ], [ 8.6716739, 49.4153413 ], [ 8.6717435, 49.4153412 ], [ 8.6717437, 49.4153657 ], [ 8.6723305, 49.4153619 ], [ 8.6724615, 49.4153638 ], [ 8.6724613, 49.4153395 ], [ 8.6725383, 49.4153393 ], [ 8.6725377, 49.4152399 ], [ 8.6724607, 49.4152401 ], [ 8.6724613, 49.4151953 ], [ 8.6724602, 49.4151496 ], [ 8.6721717, 49.4151503 ], [ 8.6721712, 49.4150736 ], [ 8.6720407, 49.415074 ], [ 8.6720412, 49.4151506 ], [ 8.6720002, 49.4151508 ], [ 8.6719629, 49.4151508 ], [ 8.6717424, 49.4151514 ], [ 8.6717425, 49.4151792 ], [ 8.6717429, 49.4152417 ], [ 8.6717266, 49.4152417 ] ] ], [ [ [ 8.6738506, 49.415469 ], [ 8.6739061, 49.4154692 ], [ 8.6739065, 49.4154098 ], [ 8.6738511, 49.4154096 ], [ 8.6738531, 49.4151505 ], [ 8.6733339, 49.4151488 ], [ 8.6733322, 49.4152784 ], [ 8.6732057, 49.4152786 ], [ 8.6731445, 49.4152787 ], [ 8.6726477, 49.4152795 ], [ 8.6726467, 49.4152206 ], [ 8.6725701, 49.4152202 ], [ 8.6725704, 49.4153507 ], [ 8.6726471, 49.4153505 ], [ 8.6727381, 49.4153499 ], [ 8.6727395, 49.4156144 ], [ 8.6732525, 49.4156126 ], [ 8.6732518, 49.4154833 ], [ 8.6738505, 49.4154865 ], [ 8.6738506, 49.415469 ] ] ], [ [ [ 8.6711177, 49.41544540000001 ], [ 8.6710876, 49.41542530000001 ], [ 8.6710543, 49.4154244 ], [ 8.6711071, 49.4153911 ], [ 8.6711067, 49.4153034 ], [ 8.6711071, 49.4152506 ], [ 8.6710624, 49.4152222 ], [ 8.6709011, 49.415119199999985 ], [ 8.6707856, 49.415118 ], [ 8.6707094, 49.4151712 ], [ 8.6706839, 49.415185 ], [ 8.670539, 49.4151857 ], [ 8.6705005, 49.4151848 ], [ 8.6704575, 49.4151559 ], [ 8.6703735, 49.41515480000001 ], [ 8.6702626, 49.4152261 ], [ 8.6702382, 49.4152423 ], [ 8.670241, 49.4152998 ], [ 8.6702411, 49.4153298 ], [ 8.6702872, 49.4153592 ], [ 8.6702875, 49.415372 ], [ 8.6702874, 49.4153927 ], [ 8.6703545, 49.4154392 ], [ 8.6703563, 49.4156538 ], [ 8.6703716, 49.4156628 ], [ 8.6703723, 49.4158466 ], [ 8.6703915, 49.4158578 ], [ 8.6706716, 49.4158582 ], [ 8.6706882, 49.415869599999986 ], [ 8.6706881, 49.4159122 ], [ 8.670688, 49.4159751 ], [ 8.6707896, 49.4160413 ], [ 8.6707624, 49.4160772 ], [ 8.6707347, 49.4161137 ], [ 8.670908, 49.4161139 ], [ 8.6710056, 49.4160427 ], [ 8.671043, 49.4160173 ], [ 8.671134, 49.4159601 ], [ 8.6711485, 49.41595190000001 ], [ 8.6712105, 49.4159106 ], [ 8.6712057, 49.4157417 ], [ 8.6712053, 49.4156594 ], [ 8.6712329, 49.4156381 ], [ 8.6712331, 49.4155525 ], [ 8.6711675, 49.4155104 ], [ 8.671168, 49.4154986 ], [ 8.6711181, 49.4154671 ], [ 8.6711177, 49.41544540000001 ] ] ], [ [ [ 8.6719943, 49.4156808 ], [ 8.6721732, 49.41568070000001 ], [ 8.6721735, 49.4158517 ], [ 8.6721736, 49.4159315 ], [ 8.6722198, 49.4159314 ], [ 8.6722793, 49.4159314 ], [ 8.6725328, 49.4159304 ], [ 8.6725334, 49.4155347 ], [ 8.6723301, 49.4155345 ], [ 8.6722784, 49.4155343 ], [ 8.6717707, 49.4155348 ], [ 8.6717715, 49.415937599999985 ], [ 8.6717797, 49.415937599999985 ], [ 8.6718124, 49.4159375 ], [ 8.6718451, 49.4159375 ], [ 8.6719948, 49.4159374 ], [ 8.6719946, 49.41585 ], [ 8.6719943, 49.4156808 ] ] ], [ [ [ 8.6730563, 49.4158194 ], [ 8.6732194, 49.4158201 ], [ 8.6732203, 49.4157412 ], [ 8.6730571, 49.4157405 ], [ 8.6730563, 49.4158194 ] ] ], [ [ [ 8.6731982, 49.4159056 ], [ 8.6733579, 49.4159049 ], [ 8.6733577, 49.4158629 ], [ 8.6731978, 49.4158637 ], [ 8.6731982, 49.4159056 ] ] ], [ [ [ 8.6727642, 49.4160839 ], [ 8.6727759, 49.4160839 ], [ 8.6727771, 49.4163425 ], [ 8.6727645, 49.4163425 ], [ 8.6727648, 49.4164091 ], [ 8.6725356, 49.4164096 ], [ 8.6725339, 49.4160292 ], [ 8.6724174, 49.4160295 ], [ 8.6718427, 49.4160306 ], [ 8.6718104, 49.4160306 ], [ 8.671778, 49.4160307 ], [ 8.671673, 49.41603090000001 ], [ 8.6716736, 49.4161491 ], [ 8.6716746, 49.4163664 ], [ 8.671675, 49.4164676 ], [ 8.6716751, 49.416480899999989 ], [ 8.6716752, 49.4165013 ], [ 8.6720639, 49.4165006 ], [ 8.672064, 49.416515 ], [ 8.6721991, 49.4165148 ], [ 8.6721991, 49.4165003 ], [ 8.672536, 49.4164997 ], [ 8.6725519, 49.4164996 ], [ 8.6727652, 49.4164992 ], [ 8.6727912, 49.4164992 ], [ 8.6735801, 49.4164977 ], [ 8.6735801, 49.4164887 ], [ 8.67358, 49.4164773 ], [ 8.6735797, 49.4164107 ], [ 8.6735795, 49.4163631 ], [ 8.6735673, 49.416363099999984 ], [ 8.6735659, 49.4160577 ], [ 8.6735782, 49.41605770000001 ], [ 8.6735781, 49.4160284 ], [ 8.6735101, 49.4160286 ], [ 8.672764, 49.41603 ], [ 8.6727642, 49.4160839 ] ], [ [ 8.6733125, 49.4163196 ], [ 8.6730318, 49.416320299999988 ], [ 8.6730323, 49.4164029 ], [ 8.6729926, 49.416403 ], [ 8.6729913, 49.4161726 ], [ 8.6733507, 49.4161718 ], [ 8.673352, 49.4164021 ], [ 8.673313, 49.4164022 ], [ 8.6733125, 49.4163196 ] ], [ [ 8.6721681, 49.4162234 ], [ 8.6721676, 49.4161164 ], [ 8.6718901, 49.4161171 ], [ 8.67189, 49.4160964 ], [ 8.6722681, 49.4160955 ], [ 8.6722698, 49.4164081 ], [ 8.6718916, 49.4164089 ], [ 8.6718915, 49.4163878 ], [ 8.672169, 49.4163872 ], [ 8.6721681, 49.4162234 ] ] ], [ [ [ 8.671874, 49.416795 ], [ 8.6718133, 49.4167387 ], [ 8.6716508, 49.416741099999989 ], [ 8.671405, 49.4167447 ], [ 8.6714027, 49.4169258 ], [ 8.6713998, 49.4171563 ], [ 8.6713963, 49.4174289 ], [ 8.6714466, 49.417444 ], [ 8.6715073, 49.4174622 ], [ 8.6716741, 49.417373 ], [ 8.6718206, 49.4172946 ], [ 8.6720004, 49.4171983 ], [ 8.6722308, 49.417075 ], [ 8.6724578, 49.4169536 ], [ 8.6724141, 49.416873299999985 ], [ 8.6723723, 49.4167966 ], [ 8.671874, 49.416795 ] ] ], [ [ [ 8.6726434, 49.4175353 ], [ 8.6722237, 49.417754400000014 ], [ 8.6721975, 49.4177329 ], [ 8.6721671, 49.4177081 ], [ 8.6722127, 49.4176833 ], [ 8.6719405, 49.4174614 ], [ 8.6717646, 49.4175527 ], [ 8.6720368, 49.4177746 ], [ 8.6720797, 49.4177533 ], [ 8.6721115, 49.417779299999985 ], [ 8.6721377, 49.4178007 ], [ 8.6717226, 49.418019 ], [ 8.6717073, 49.4179922 ], [ 8.6717015, 49.4179747 ], [ 8.6717775, 49.4179345 ], [ 8.6714139, 49.4176406 ], [ 8.6711811, 49.4177631 ], [ 8.6714496, 49.4179821 ], [ 8.6712019, 49.4181141 ], [ 8.6712924, 49.418185899999983 ], [ 8.67154, 49.418053899999983 ], [ 8.6715442, 49.4180575 ], [ 8.6716208, 49.4180171 ], [ 8.6716427, 49.4180262 ], [ 8.6716818, 49.418040300000015 ], [ 8.6712721, 49.4182558 ], [ 8.6713912, 49.4183517 ], [ 8.6715306, 49.4182794 ], [ 8.6715744, 49.418313600000012 ], [ 8.6715237, 49.418339799999984 ], [ 8.6718087, 49.4185704 ], [ 8.6718346, 49.4185566 ], [ 8.671864, 49.4185802 ], [ 8.6719447, 49.4185377 ], [ 8.671916, 49.4185144 ], [ 8.6719986, 49.41847019999998 ], [ 8.6717372, 49.4182587 ], [ 8.6717136, 49.4182396 ], [ 8.671646, 49.4182752 ], [ 8.6716038, 49.4182396 ], [ 8.6720209, 49.4180195 ], [ 8.6720626, 49.4180522 ], [ 8.6720155, 49.4180751 ], [ 8.6722954, 49.4183033 ], [ 8.6723203, 49.4182903 ], [ 8.6723496, 49.4183139 ], [ 8.6724836, 49.4182436 ], [ 8.6724543, 49.4182199 ], [ 8.6724769, 49.4182081 ], [ 8.6721985, 49.417984 ], [ 8.6721435, 49.418010499999987 ], [ 8.6721082, 49.4179816 ], [ 8.6723288, 49.41786780000001 ], [ 8.6723773, 49.4178428 ], [ 8.672525, 49.4177666 ], [ 8.6725529, 49.4177896 ], [ 8.6726306, 49.4177495 ], [ 8.6725996, 49.4177241 ], [ 8.6727918, 49.4176248 ], [ 8.6730335, 49.4174999 ], [ 8.6729095, 49.4173984 ], [ 8.6727202, 49.417494499999989 ], [ 8.6726764, 49.4174603 ], [ 8.6727534, 49.4174196 ], [ 8.6724375, 49.4171633 ], [ 8.6723977, 49.4171847 ], [ 8.6723571, 49.4171514 ], [ 8.6722901, 49.4171867 ], [ 8.6722231, 49.417222 ], [ 8.6722638, 49.417255 ], [ 8.6722245, 49.4172762 ], [ 8.6725451, 49.4175297 ], [ 8.6725999, 49.4175005 ], [ 8.6726434, 49.4175353 ] ] ], [ [ [ 8.672227, 49.4175888 ], [ 8.6723078, 49.4176542 ], [ 8.672474, 49.4175674 ], [ 8.6723932, 49.4175019 ], [ 8.672227, 49.4175888 ] ] ], [ [ [ 8.6727151, 49.417708499999989 ], [ 8.6724204, 49.417865 ], [ 8.6727694, 49.4181299 ], [ 8.6730402, 49.4179868 ], [ 8.6727151, 49.417708499999989 ] ] ], [ [ [ 8.6712446, 49.4180009 ], [ 8.6711353, 49.4179127 ], [ 8.6707522, 49.418113799999979 ], [ 8.6708615, 49.4182019 ], [ 8.6712446, 49.4180009 ] ] ], [ [ [ 8.6711412, 49.4184262 ], [ 8.6710614, 49.4183615 ], [ 8.6708731, 49.4182088 ], [ 8.6706863, 49.4183063 ], [ 8.6709544, 49.4185237 ], [ 8.6711412, 49.4184262 ] ] ], [ [ [ 8.6724736, 49.4185177 ], [ 8.6724803, 49.4186145 ], [ 8.6726654, 49.4186197 ], [ 8.6726761, 49.4185168 ], [ 8.6728263, 49.4185107 ], [ 8.6728327, 49.4184367 ], [ 8.6728476, 49.4184118 ], [ 8.6728491, 49.4183554 ], [ 8.6729128, 49.4181962 ], [ 8.6723676, 49.4184863 ], [ 8.6724736, 49.4185177 ] ] ], [ [ [ 8.6736352, 49.418934299999982 ], [ 8.6737415, 49.4189346 ], [ 8.6737435, 49.4185693 ], [ 8.6738677, 49.4185691 ], [ 8.6738654, 49.4185344 ], [ 8.6738673, 49.418482 ], [ 8.6738054, 49.4184821 ], [ 8.6737431, 49.4184822 ], [ 8.6737424, 49.418297 ], [ 8.6735573, 49.4182974 ], [ 8.673374, 49.418297699999989 ], [ 8.6731766, 49.418298 ], [ 8.6731774, 49.4184823 ], [ 8.6730525, 49.41848250000001 ], [ 8.6730527, 49.4185294 ], [ 8.6730529, 49.41857250000001 ], [ 8.6731777, 49.4185722 ], [ 8.6731778, 49.4185974 ], [ 8.6731792, 49.4189351 ], [ 8.6733158, 49.4189349 ], [ 8.6736352, 49.418934299999982 ] ] ], [ [ [ 8.6715243, 49.4186327 ], [ 8.671458, 49.418646 ], [ 8.6712434, 49.4187873 ], [ 8.6712018, 49.4188074 ], [ 8.671165, 49.4188252 ], [ 8.6705756, 49.418817 ], [ 8.6704093, 49.4188187 ], [ 8.6703342, 49.4188344 ], [ 8.6708739, 49.4194906 ], [ 8.6710313, 49.4195112 ], [ 8.6710316, 49.4196029 ], [ 8.671896, 49.4196111 ], [ 8.672134, 49.4196133 ], [ 8.6721583, 49.4195829 ], [ 8.6721602, 49.4195467 ], [ 8.6721607, 49.4195377 ], [ 8.6722714, 49.4195401 ], [ 8.6724102, 49.4195377 ], [ 8.6724357, 49.4190136 ], [ 8.6723043, 49.4190112 ], [ 8.6723085, 49.4188616 ], [ 8.6723104, 49.4187935 ], [ 8.6723895, 49.4187948 ], [ 8.6723946, 49.4186612 ], [ 8.6721949, 49.418658 ], [ 8.6721877, 49.4186376 ], [ 8.6720514, 49.4186215 ], [ 8.6720238, 49.4186182 ], [ 8.6718141, 49.4186756 ], [ 8.6717092, 49.4186834 ], [ 8.6716356, 49.418668299999986 ], [ 8.6715243, 49.4186327 ] ] ], [ [ [ 8.6728497, 49.419447 ], [ 8.6728466, 49.4190281 ], [ 8.6729146, 49.4190279 ], [ 8.6729172, 49.419375 ], [ 8.6730439, 49.4193746 ], [ 8.6730426, 49.4191966 ], [ 8.6730146, 49.4191967 ], [ 8.6730131, 49.4189914 ], [ 8.6728463, 49.4189919 ], [ 8.6728459, 49.4189394 ], [ 8.6726364, 49.4189401 ], [ 8.672637, 49.4190271 ], [ 8.6726402, 49.4194477 ], [ 8.6728497, 49.419447 ] ] ], [ [ [ 8.6725624, 49.4201101 ], [ 8.6725627, 49.4199615 ], [ 8.6723311, 49.4199632 ], [ 8.6723328, 49.4201974 ], [ 8.6726805, 49.4201957 ], [ 8.6726877, 49.420439 ], [ 8.6730296, 49.420439 ], [ 8.67303004822443, 49.420480364711658 ], [ 8.673197432363304, 49.420480364711658 ], [ 8.6731967, 49.4202461 ], [ 8.6731401, 49.4202466 ], [ 8.6731401, 49.4202379 ], [ 8.6731231, 49.4202383 ], [ 8.673122, 49.4202236 ], [ 8.6731638, 49.4202174 ], [ 8.6731885, 49.4202001 ], [ 8.6732151, 49.4201705 ], [ 8.6732647, 49.4201712 ], [ 8.673225, 49.4202148 ], [ 8.6732263, 49.4202518 ], [ 8.6734277, 49.420252 ], [ 8.67346, 49.4202525 ], [ 8.6734609, 49.4201953 ], [ 8.6734283, 49.4201964 ], [ 8.6734297, 49.4201697 ], [ 8.6735152, 49.4201697 ], [ 8.6735177, 49.4201286 ], [ 8.6734503, 49.4201298 ], [ 8.6734501, 49.4199587 ], [ 8.6731173, 49.4199562 ], [ 8.6731157, 49.4199263 ], [ 8.6730448, 49.4199261 ], [ 8.6730436, 49.4199549 ], [ 8.6729243, 49.4199558 ], [ 8.6729267, 49.4200629 ], [ 8.6730528, 49.4200634 ], [ 8.6730525, 49.4201011 ], [ 8.6730189, 49.4201098 ], [ 8.6729883, 49.4201269 ], [ 8.6729677, 49.420154199999985 ], [ 8.6729409, 49.4201535 ], [ 8.6729353, 49.420107700000017 ], [ 8.6728322, 49.4201083 ], [ 8.6725624, 49.4201101 ] ] ], [ [ [ 8.675251, 49.4031739 ], [ 8.6751595, 49.4030889 ], [ 8.6750907, 49.4030192 ], [ 8.6749884, 49.4030638 ], [ 8.6749482, 49.4030812 ], [ 8.6748964, 49.403104 ], [ 8.674852, 49.4031233 ], [ 8.6749237, 49.403190299999984 ], [ 8.6750134, 49.403279 ], [ 8.6750399, 49.4033046 ], [ 8.6750548, 49.4033191 ], [ 8.6751524, 49.4034136 ], [ 8.6751977, 49.4034575 ], [ 8.675207872791889, 49.403467355992142 ], [ 8.6751284, 49.4033904 ], [ 8.6744438, 49.4036948 ], [ 8.6745248, 49.4037727 ], [ 8.675210499018691, 49.403469900433336 ], [ 8.6753422, 49.4035975 ], [ 8.6753889, 49.4036427 ], [ 8.6754731, 49.4037242 ], [ 8.675503623080312, 49.403753769234051 ], [ 8.6754677, 49.403719 ], [ 8.6748221, 49.404004599999986 ], [ 8.6749172, 49.40409540000001 ], [ 8.675561065903295, 49.403809415144678 ], [ 8.6756212, 49.4038676 ], [ 8.6756756, 49.4039251 ], [ 8.6756126, 49.4038649 ], [ 8.6749686, 49.4041504 ], [ 8.6750316, 49.4042105 ], [ 8.6749156, 49.4042551 ], [ 8.6747544, 49.4043306 ], [ 8.6749154, 49.4044858 ], [ 8.674922, 49.4044922 ], [ 8.6750169, 49.4044487 ], [ 8.6750627, 49.4044284 ], [ 8.6752309, 49.404592499999985 ], [ 8.6752592, 49.4045797 ], [ 8.6752928, 49.4045647 ], [ 8.6754234, 49.4045722 ], [ 8.6754737, 49.4045751 ], [ 8.675615, 49.4045832 ], [ 8.6757597, 49.4045915 ], [ 8.675854, 49.404597 ], [ 8.6758791, 49.4045984 ], [ 8.6758734, 49.4046404 ], [ 8.6759469, 49.4046446 ], [ 8.6759526, 49.4046026 ], [ 8.676038, 49.4046075 ], [ 8.6760433, 49.404568 ], [ 8.6760468, 49.4045427 ], [ 8.6760501, 49.4045178 ], [ 8.6760455, 49.4045175 ], [ 8.6760483, 49.4044972 ], [ 8.6760544, 49.4044522 ], [ 8.6760637, 49.4043837 ], [ 8.6760682, 49.404351 ], [ 8.6760728, 49.4043167 ], [ 8.6760819, 49.4042498 ], [ 8.6760864, 49.4042165 ], [ 8.6760909, 49.4041832 ], [ 8.6761, 49.4041159 ], [ 8.676114, 49.4040332 ], [ 8.6761224, 49.4040274 ], [ 8.6761291, 49.4040209 ], [ 8.676134, 49.4040138 ], [ 8.676137, 49.4040062 ], [ 8.6761379, 49.4039984 ], [ 8.6761368, 49.4039906 ], [ 8.6761337, 49.4039831 ], [ 8.6761313, 49.4039793 ], [ 8.6762289, 49.4039508 ], [ 8.6768149, 49.403672299999982 ], [ 8.6768233, 49.4036803 ], [ 8.6768384, 49.403674 ], [ 8.6768544, 49.4036724 ], [ 8.6768693, 49.4036684 ], [ 8.6768805, 49.403660699999989 ], [ 8.676888, 49.4036491 ], [ 8.6768995, 49.4036424 ], [ 8.6769157, 49.4036388 ], [ 8.676931, 49.4036374 ], [ 8.6769439, 49.4036344 ], [ 8.676954, 49.4036269 ], [ 8.6769608, 49.4036165 ], [ 8.6769725, 49.403609199999984 ], [ 8.6769875, 49.403606 ], [ 8.677004, 49.4036052 ], [ 8.6770181, 49.403602 ], [ 8.6770286, 49.4035947 ], [ 8.6770378, 49.4035827 ], [ 8.6770467, 49.4035768 ], [ 8.6770624, 49.403571799999987 ], [ 8.6770787, 49.4035709 ], [ 8.6770938, 49.4035684 ], [ 8.6771046, 49.403561 ], [ 8.6771118, 49.4035503 ], [ 8.6771227, 49.4035427 ], [ 8.6771382, 49.4035386 ], [ 8.6771562, 49.403538099999984 ], [ 8.6771705, 49.4035337 ], [ 8.6771812, 49.4035261 ], [ 8.6771871, 49.403516 ], [ 8.6771978, 49.403509 ], [ 8.6772128, 49.4035053 ], [ 8.6772306, 49.403504199999986 ], [ 8.6772447, 49.40350080000001 ], [ 8.6772555, 49.4034947 ], [ 8.6772615, 49.4034846 ], [ 8.6772699, 49.4034784 ], [ 8.6772803, 49.4034873 ], [ 8.6773024, 49.403486699999988 ], [ 8.6773019, 49.4034963 ], [ 8.6773197, 49.4034956 ], [ 8.6773375, 49.403495 ], [ 8.6773366, 49.403485 ], [ 8.6774297, 49.4034817 ], [ 8.6774267, 49.4034488 ], [ 8.6774025, 49.403424399999984 ], [ 8.6774177, 49.4034205 ], [ 8.677437, 49.4034192 ], [ 8.6774509, 49.4034152 ], [ 8.6774612, 49.403408 ], [ 8.6774683, 49.4033959 ], [ 8.6774794, 49.4033898 ], [ 8.6774941, 49.4033865 ], [ 8.6775122, 49.4033848 ], [ 8.6775281, 49.403381099999983 ], [ 8.6775402, 49.4033734 ], [ 8.6775487, 49.4033614 ], [ 8.6775593, 49.4033543 ], [ 8.6775724, 49.403351199999989 ], [ 8.6776247, 49.4033508 ], [ 8.6776244, 49.4033358 ], [ 8.6776833, 49.4032815 ], [ 8.677669, 49.4032748 ], [ 8.6776526, 49.4032709 ], [ 8.6776315, 49.403268 ], [ 8.6776133, 49.4032681 ], [ 8.6775957, 49.4032707 ], [ 8.6775602, 49.403238299999984 ], [ 8.6775485, 49.403242499999983 ], [ 8.6775283, 49.4032446 ], [ 8.6775124, 49.403248099999985 ], [ 8.6774987, 49.403255799999982 ], [ 8.6774893, 49.4032676 ], [ 8.6774789, 49.4032746 ], [ 8.6774644, 49.4032784 ], [ 8.6774467, 49.4032788 ], [ 8.6774316, 49.403283 ], [ 8.6774187, 49.4032909 ], [ 8.6774111, 49.4033021 ], [ 8.6774015, 49.4033099 ], [ 8.6773849, 49.4033142 ], [ 8.6773693, 49.4033143 ], [ 8.677351, 49.4033195 ], [ 8.6773373, 49.4033267 ], [ 8.6773304, 49.4033362 ], [ 8.6773193, 49.403346 ], [ 8.6773088, 49.4033504 ], [ 8.6772965, 49.4033453 ], [ 8.6772856, 49.4033454 ], [ 8.6772745, 49.4033492 ], [ 8.6772663, 49.403355399999988 ], [ 8.6772647, 49.4033635 ], [ 8.67727, 49.4033715 ], [ 8.6772577, 49.4033736 ], [ 8.6772412, 49.4033736 ], [ 8.6772273, 49.4033784 ], [ 8.6772161, 49.4033842 ], [ 8.6772089, 49.403395 ], [ 8.6771985, 49.4034024 ], [ 8.6771846, 49.4034064 ], [ 8.6771681, 49.4034066 ], [ 8.6771537, 49.4034111 ], [ 8.6771431, 49.4034177 ], [ 8.6771337, 49.4034293 ], [ 8.6771211, 49.403436399999983 ], [ 8.6771063, 49.4034403 ], [ 8.6770872, 49.4034414 ], [ 8.6770747, 49.4034444 ], [ 8.6770648, 49.4034513 ], [ 8.6770571, 49.4034631 ], [ 8.6770459, 49.4034701 ], [ 8.6770318, 49.4034736 ], [ 8.6770144, 49.4034743 ], [ 8.6770011, 49.4034784 ], [ 8.6769894, 49.4034854 ], [ 8.6769821, 49.4034966 ], [ 8.6769705, 49.4035043 ], [ 8.6769516, 49.4035073 ], [ 8.6769373, 49.4035085 ], [ 8.6769237, 49.4035114 ], [ 8.6769153, 49.4035175 ], [ 8.676909, 49.4035285 ], [ 8.6768972, 49.4035361 ], [ 8.6768869, 49.403526699999986 ], [ 8.6768777, 49.4035227 ], [ 8.6768656, 49.403521199999986 ], [ 8.6768551, 49.403523599999986 ], [ 8.6768459, 49.4035303 ], [ 8.6768449, 49.4035388 ], [ 8.6768499, 49.4035476 ], [ 8.6768382, 49.4035538 ], [ 8.6768303, 49.403564599999989 ], [ 8.6768197, 49.403571 ], [ 8.676806, 49.4035735 ], [ 8.6767909, 49.4035732 ], [ 8.6767772, 49.4035754 ], [ 8.6767685, 49.4035835 ], [ 8.6767573, 49.4035964 ], [ 8.6767446, 49.4036051 ], [ 8.6766356, 49.4035011 ], [ 8.6773462, 49.4031913 ], [ 8.6772872, 49.4031309 ], [ 8.67586070406006, 49.403764298197224 ], [ 8.6758572, 49.4037609 ], [ 8.675799401281189, 49.403704999432875 ], [ 8.6772407, 49.403067 ], [ 8.677151, 49.4029781 ], [ 8.675706368728399, 49.403614869705642 ], [ 8.675647030830659, 49.403557386117186 ], [ 8.6767947, 49.4030406 ], [ 8.6770568, 49.4029157 ], [ 8.6769844, 49.402833 ], [ 8.6767111, 49.4029598 ], [ 8.6755554, 49.403468599999989 ], [ 8.6755974076488, 49.403509323572187 ], [ 8.675563, 49.403476 ], [ 8.6754527, 49.4033692 ], [ 8.675442408328655, 49.403359233328807 ], [ 8.6754493, 49.4033659 ], [ 8.6768928, 49.4027307 ], [ 8.6768086, 49.4026469 ], [ 8.675366653238358, 49.403285876408233 ], [ 8.6752921, 49.4032137 ], [ 8.675251, 49.4031739 ] ], [ [ 8.6757963, 49.403702 ], [ 8.675796201064829, 49.40370190414545 ], [ 8.675796474002604, 49.403702168288234 ], [ 8.6757963, 49.403702 ] ], [ [ 8.6758374, 49.4038629 ], [ 8.6758529, 49.4038561 ], [ 8.6758491, 49.4038578 ], [ 8.6758374, 49.4038629 ] ], [ [ 8.6756509, 49.4043186 ], [ 8.6756272, 49.4044928 ], [ 8.6754068, 49.4044802 ], [ 8.6752534, 49.4043344 ], [ 8.6752754, 49.4043242 ], [ 8.6756739, 49.4041487 ], [ 8.6756612, 49.4042426 ], [ 8.6756573, 49.404271 ], [ 8.6756509, 49.4043186 ] ] ], [ [ [ 8.6727787, 49.4039061 ], [ 8.6728393, 49.403906099999986 ], [ 8.675749, 49.4026169 ], [ 8.675496993169142, 49.402390537699866 ], [ 8.673392512571075, 49.402390537699866 ], [ 8.6734584, 49.4024839 ], [ 8.6725708, 49.4029304 ], [ 8.6721055, 49.4032378 ], [ 8.6727787, 49.4039061 ] ] ], [ [ [ 8.6754077, 49.4036609 ], [ 8.6753173, 49.403573399999985 ], [ 8.6746359, 49.4038768 ], [ 8.6747241, 49.4039607 ], [ 8.6754077, 49.4036609 ] ] ], [ [ [ 8.6750619, 49.4044536 ], [ 8.6749634, 49.4044965 ], [ 8.6749805, 49.4045127 ], [ 8.6751189, 49.4046441 ], [ 8.6752153, 49.4046028 ], [ 8.6750619, 49.4044536 ] ] ], [ [ [ 8.6740266, 49.4048701 ], [ 8.6744222, 49.4046982 ], [ 8.6745308, 49.4048937 ], [ 8.6747185, 49.4048457 ], [ 8.6745308, 49.4044949 ], [ 8.6738871, 49.4047768 ], [ 8.6740266, 49.4048701 ] ] ], [ [ [ 8.6737723, 49.4046852 ], [ 8.6733175, 49.4048879 ], [ 8.6733606, 49.4049291 ], [ 8.6734119, 49.4049781 ], [ 8.6738667, 49.4047754 ], [ 8.6738084, 49.4047197 ], [ 8.6737723, 49.4046852 ] ] ], [ [ [ 8.6740373, 49.404946 ], [ 8.673647, 49.4050185 ], [ 8.6734646, 49.4049582 ], [ 8.6732206, 49.4050691 ], [ 8.6733869, 49.4052305 ], [ 8.6741915, 49.4050778 ], [ 8.6741415, 49.4050351 ], [ 8.6740972, 49.4049972 ], [ 8.6740373, 49.404946 ] ] ], [ [ [ 8.6749732, 49.4053953 ], [ 8.6749689, 49.405562799999984 ], [ 8.67497563481002, 49.405562868989563 ], [ 8.674975536060952, 49.405564942719998 ], [ 8.6749676, 49.4055649 ], [ 8.6749493, 49.4059818 ], [ 8.6768244, 49.4060156 ], [ 8.6768356, 49.4057514 ], [ 8.676830219397301, 49.405751264738356 ], [ 8.676830247129384, 49.40575035651262 ], [ 8.6770908, 49.4057567 ], [ 8.6770624, 49.4058744 ], [ 8.6770669, 49.4058748 ], [ 8.6770597, 49.4058789 ], [ 8.6770478, 49.4060068 ], [ 8.677047, 49.4062006 ], [ 8.6770118, 49.406856799999986 ], [ 8.6769707, 49.4077845 ], [ 8.679778070863627, 49.407745797329945 ], [ 8.679778070863627, 49.407739024542501 ], [ 8.679778070863627, 49.406595087504513 ], [ 8.679778070863627, 49.406319999826614 ], [ 8.679778070863627, 49.40622799198654 ], [ 8.679778070863627, 49.406124777093197 ], [ 8.679778070863627, 49.405725157416811 ], [ 8.679778070863627, 49.405697192261584 ], [ 8.679778070863627, 49.405443424343396 ], [ 8.679778070863627, 49.405197246518625 ], [ 8.679778070863627, 49.405092962924826 ], [ 8.679778070863627, 49.405046224141344 ], [ 8.6782409, 49.4047851 ], [ 8.6780259, 49.404741 ], [ 8.6777576, 49.404708299999989 ], [ 8.6775297, 49.4047009 ], [ 8.6773374, 49.4047258 ], [ 8.6771556, 49.4048226 ], [ 8.6771016, 49.405053 ], [ 8.6766693, 49.4050157 ], [ 8.676256404639744, 49.405107741688134 ], [ 8.6762474, 49.405107699999988 ], [ 8.676247374126975, 49.405109754749361 ], [ 8.675758475903077, 49.405218738821809 ], [ 8.6757496, 49.4052204 ], [ 8.6754839, 49.4052749 ], [ 8.675483673284393, 49.405279997192238 ], [ 8.6754711, 49.4052828 ], [ 8.6754584, 49.4053844 ], [ 8.6749732, 49.4053953 ] ], [ [ 8.6752078, 49.4057869 ], [ 8.6752091, 49.4055662 ], [ 8.675180669673802, 49.40556604695891 ], [ 8.675180720164285, 49.405564969828596 ], [ 8.675252, 49.4055657 ], [ 8.6752478, 49.40574130000001 ], [ 8.6757552, 49.40575 ], [ 8.67576, 49.4057243 ], [ 8.676681453926433, 49.405746733954928 ], [ 8.67668143424568, 49.405747524465205 ], [ 8.6759167, 49.4057283 ], [ 8.6759132, 49.4057999 ], [ 8.6752078, 49.4057869 ] ] ], [ [ [ 8.6738557, 49.405946599999986 ], [ 8.6739677, 49.4059489 ], [ 8.6745993, 49.4059617 ], [ 8.6746557, 49.4059628 ], [ 8.6746728, 49.4055291 ], [ 8.6746787, 49.4053808 ], [ 8.6745203, 49.4054069 ], [ 8.6741982, 49.405459899999983 ], [ 8.6739794, 49.4054959 ], [ 8.673876, 49.4055129 ], [ 8.673872, 49.405599 ], [ 8.6738633, 49.4057843 ], [ 8.6738557, 49.405946599999986 ] ], [ [ 8.6740781, 49.4057821 ], [ 8.6740844, 49.40562760000001 ], [ 8.6744592, 49.405568099999989 ], [ 8.6744495, 49.4057889 ], [ 8.6740781, 49.4057821 ] ] ], [ [ [ 8.6736836, 49.405879099999986 ], [ 8.6738008, 49.4058805 ], [ 8.6738016, 49.40585080000001 ], [ 8.6736844, 49.4058494 ], [ 8.6736836, 49.405879099999986 ] ] ], [ [ [ 8.6751847, 49.4077375 ], [ 8.6752295, 49.4077484 ], [ 8.6752884, 49.407758 ], [ 8.675349, 49.4077638 ], [ 8.6754112, 49.4077641 ], [ 8.6755146, 49.4077652 ], [ 8.6756444, 49.4077659 ], [ 8.6756746, 49.4077666 ], [ 8.6757695, 49.407766 ], [ 8.6759372, 49.407767299999989 ], [ 8.6760537, 49.4077692 ], [ 8.6761779, 49.4077712 ], [ 8.6762929, 49.4077712 ], [ 8.6765121, 49.4077726 ], [ 8.676659, 49.4077735 ], [ 8.6767433, 49.407774 ], [ 8.6767453, 49.4077151 ], [ 8.6767524, 49.407582 ], [ 8.6767567, 49.4074987 ], [ 8.676758, 49.4074794 ], [ 8.6767637, 49.4073078 ], [ 8.6767848, 49.4068633 ], [ 8.6768106, 49.406183 ], [ 8.6755476, 49.4061568 ], [ 8.6749346, 49.4061441 ], [ 8.6749185, 49.406506 ], [ 8.6748807, 49.4074531 ], [ 8.6748842, 49.4074808 ], [ 8.674897, 49.4075189 ], [ 8.6749094, 49.4075452 ], [ 8.6749264, 49.4075721 ], [ 8.6749321, 49.4075802 ], [ 8.6749449, 49.4075962 ], [ 8.6749587, 49.4076118 ], [ 8.6749735, 49.407627 ], [ 8.6749894, 49.4076418 ], [ 8.6750238, 49.4076668 ], [ 8.6750598, 49.4076884 ], [ 8.6750824, 49.4076996 ], [ 8.6751049, 49.4077095 ], [ 8.6751282, 49.4077188 ], [ 8.6751523, 49.407727799999989 ], [ 8.6751847, 49.4077375 ] ] ], [ [ [ 8.6746742, 49.4066885 ], [ 8.6746127, 49.4066875 ], [ 8.6744987, 49.4066857 ], [ 8.6744831, 49.407102 ], [ 8.6744766, 49.4072743 ], [ 8.674473, 49.4073681 ], [ 8.6745518, 49.4073693 ], [ 8.6746434, 49.4073708 ], [ 8.6747032, 49.4073717 ], [ 8.6747289, 49.4066894 ], [ 8.6746742, 49.4066885 ] ] ], [ [ [ 8.6737786, 49.4074019 ], [ 8.6738764, 49.407403599999988 ], [ 8.6738774, 49.4073798 ], [ 8.6739444, 49.407381 ], [ 8.6739541, 49.4071531 ], [ 8.6738925, 49.4071519 ], [ 8.6738973, 49.407038699999987 ], [ 8.6737294, 49.4070357 ], [ 8.6737149, 49.40737750000001 ], [ 8.6737796, 49.40737870000001 ], [ 8.6737786, 49.4074019 ] ] ], [ [ [ 8.6743494, 49.4074248 ], [ 8.6743495, 49.4074002 ], [ 8.6743644, 49.4074002 ], [ 8.6743647, 49.407302799999989 ], [ 8.6741576, 49.4073026 ], [ 8.6741573, 49.4073984 ], [ 8.6742741, 49.4073985 ], [ 8.6742741, 49.4074248 ], [ 8.6743494, 49.4074248 ] ] ], [ [ [ 8.6746771, 49.4076106 ], [ 8.674677, 49.407579 ], [ 8.6746417, 49.407579 ], [ 8.6745778, 49.4076255 ], [ 8.6744928, 49.4076248 ], [ 8.6744912, 49.4077487 ], [ 8.6746072, 49.407749299999985 ], [ 8.6746091, 49.4076488 ], [ 8.6746699, 49.4076106 ], [ 8.6746771, 49.4076106 ] ] ], [ [ [ 8.6737464, 49.4076476 ], [ 8.6737464, 49.4076562 ], [ 8.6737037, 49.4076564 ], [ 8.6736851, 49.4076636 ], [ 8.6736859, 49.4076781 ], [ 8.6737023, 49.4076869 ], [ 8.673723, 49.4076873 ], [ 8.6737228, 49.4077543 ], [ 8.6738875, 49.40775450000001 ], [ 8.6738877, 49.4076909 ], [ 8.6738772, 49.4076909 ], [ 8.6738774, 49.4076216 ], [ 8.673779, 49.4076215 ], [ 8.6737789, 49.4076477 ], [ 8.6737464, 49.4076476 ] ] ], [ [ [ 8.6741667, 49.407761 ], [ 8.6743337, 49.4077616 ], [ 8.6743343, 49.407693099999989 ], [ 8.6743451, 49.4076912 ], [ 8.6743577, 49.4076831 ], [ 8.6743578, 49.4076713 ], [ 8.6743496, 49.4076658 ], [ 8.6743389, 49.4076634 ], [ 8.6743391, 49.40764140000001 ], [ 8.6742827, 49.4076411 ], [ 8.6742828, 49.4076241 ], [ 8.6741804, 49.4076237 ], [ 8.6741798, 49.4076987 ], [ 8.6741672, 49.4076987 ], [ 8.6741667, 49.407761 ] ] ], [ [ [ 8.6739742, 49.4077462 ], [ 8.6740262, 49.4077468 ], [ 8.6740272, 49.407711799999987 ], [ 8.6739752, 49.407711199999987 ], [ 8.6739742, 49.4077462 ] ] ], [ [ [ 8.67830363537306, 49.408575212454956 ], [ 8.6783117, 49.4085751 ], [ 8.6783096, 49.4085103 ], [ 8.678309515843804, 49.40850771219695 ], [ 8.678858, 49.4085159 ], [ 8.6788651, 49.4083649 ], [ 8.679778070863627, 49.40836896080669 ], [ 8.679778070863627, 49.408292180356476 ], [ 8.679778070863627, 49.408193170100887 ], [ 8.679778070863627, 49.408158077843559 ], [ 8.679778070863627, 49.408107963413919 ], [ 8.679778070863627, 49.408076893000249 ], [ 8.679778070863627, 49.407982836527189 ], [ 8.679778070863627, 49.407975069712059 ], [ 8.6786238, 49.407991 ], [ 8.678619, 49.4081695 ], [ 8.678498074753062, 49.408175622797309 ], [ 8.6784884, 49.4080029 ], [ 8.6782056, 49.408009099999987 ], [ 8.678128862969363, 49.408168671214675 ], [ 8.678103277686168, 49.40816935676574 ], [ 8.6780988, 49.4079969 ], [ 8.6769771, 49.4080097 ], [ 8.6749041, 49.4079826 ], [ 8.6740353, 49.4080689 ], [ 8.6727099, 49.40808 ], [ 8.6722643, 49.4080849 ], [ 8.6721705, 49.4081125 ], [ 8.6717987, 49.4081193 ], [ 8.6708329, 49.408136 ], [ 8.6707167, 49.4081305 ], [ 8.6704748, 49.408141099999987 ], [ 8.6704693, 49.4081502 ], [ 8.6704604, 49.4089488 ], [ 8.6705927, 49.4089504 ], [ 8.6719519, 49.4087492 ], [ 8.6739988, 49.4087345 ], [ 8.6769437, 49.4087127 ], [ 8.6769401, 49.4087901 ], [ 8.6783084, 49.4087722 ], [ 8.67830363537306, 49.408575212454956 ] ], [ [ 8.678415, 49.4082465 ], [ 8.678426295547403, 49.408246363139568 ], [ 8.6784258, 49.408257099999986 ], [ 8.678414578058318, 49.408257159579314 ], [ 8.678415, 49.4082465 ] ], [ [ 8.6783024, 49.408248 ], [ 8.678302609489613, 49.408257754040804 ], [ 8.6781056, 49.4082588 ], [ 8.678105388845912, 49.408250667462418 ], [ 8.6783024, 49.408248 ] ] ], [ [ [ 8.6742757, 49.4092633 ], [ 8.6742155, 49.4092488 ], [ 8.6739897, 49.4091461 ], [ 8.6738645, 49.4090453 ], [ 8.6737785, 49.4089171 ], [ 8.6717992, 49.4089425 ], [ 8.6718208, 49.4093673 ], [ 8.6720721, 49.4093823 ], [ 8.6720778, 49.4096095 ], [ 8.6732552, 49.4095841 ], [ 8.6733695, 49.4095531 ], [ 8.673844, 49.4095654 ], [ 8.6751938, 49.4095722 ], [ 8.6752628, 49.4094947 ], [ 8.6748982, 49.409249 ], [ 8.6747478, 49.409158 ], [ 8.6746275, 49.4091612 ], [ 8.6744561, 49.409266 ], [ 8.6742757, 49.4092633 ] ] ], [ [ [ 8.6750955, 49.4097641 ], [ 8.6753288, 49.4097601 ], [ 8.6753267, 49.4097092 ], [ 8.6750934, 49.4097133 ], [ 8.6750955, 49.4097641 ] ] ], [ [ [ 8.6759485, 49.4114928 ], [ 8.675955, 49.411471 ], [ 8.6758721, 49.4114606 ], [ 8.6758657, 49.4114824 ], [ 8.6759485, 49.4114928 ] ] ], [ [ [ 8.6751119, 49.4116209 ], [ 8.6751072, 49.4116973 ], [ 8.6752854, 49.4117019 ], [ 8.6752877, 49.4116643 ], [ 8.6753194, 49.4116651 ], [ 8.6753188, 49.4116745 ], [ 8.6754339, 49.4116775 ], [ 8.6754362, 49.4116406 ], [ 8.6754566, 49.4116412 ], [ 8.6754598, 49.4115895 ], [ 8.6754403, 49.411589 ], [ 8.6754439, 49.411529399999985 ], [ 8.6751969, 49.411523 ], [ 8.6751923, 49.411597299999983 ], [ 8.6752917, 49.4115999 ], [ 8.6752901, 49.4116256 ], [ 8.6751119, 49.4116209 ] ] ], [ [ [ 8.675687, 49.4116774 ], [ 8.6756072, 49.411677 ], [ 8.6756088, 49.4115477 ], [ 8.6754851, 49.411547 ], [ 8.6754835, 49.4116763 ], [ 8.6754642, 49.4116762 ], [ 8.6754632, 49.411752399999983 ], [ 8.675686, 49.4117536 ], [ 8.675687, 49.4116774 ] ] ], [ [ [ 8.6750906, 49.4121906 ], [ 8.6749909, 49.412189599999984 ], [ 8.6749884, 49.412297700000011 ], [ 8.6752941, 49.4123008 ], [ 8.6752944, 49.4122892 ], [ 8.6754488, 49.4122908 ], [ 8.6755986, 49.4122923 ], [ 8.6757772, 49.412294 ], [ 8.6757768, 49.4123116 ], [ 8.6760732, 49.412314599999988 ], [ 8.6760756, 49.412214099999986 ], [ 8.6761133, 49.4122145 ], [ 8.6761194, 49.4119544 ], [ 8.6760896, 49.41195410000001 ], [ 8.6760921, 49.4118493 ], [ 8.6757876, 49.4118462 ], [ 8.6757873, 49.411861 ], [ 8.6756132, 49.4118592 ], [ 8.6756145, 49.4118003 ], [ 8.6754869, 49.4117991 ], [ 8.6754856, 49.4118536 ], [ 8.6753078, 49.4118518 ], [ 8.6753082, 49.4118352 ], [ 8.6750029, 49.4118321 ], [ 8.6750004, 49.4119394 ], [ 8.6751029, 49.4119404 ], [ 8.675102, 49.4119615 ], [ 8.674965, 49.4119591 ], [ 8.6749564, 49.4121646 ], [ 8.6750916, 49.412167 ], [ 8.6750906, 49.4121906 ] ], [ [ 8.6751467, 49.4121236 ], [ 8.6751515, 49.41200760000001 ], [ 8.6751334, 49.4120072 ], [ 8.6751339, 49.411994 ], [ 8.6754681, 49.411997299999989 ], [ 8.6754667, 49.4120547 ], [ 8.6754495, 49.4120574 ], [ 8.6754384, 49.4120669 ], [ 8.6754381, 49.4120787 ], [ 8.6754469, 49.4120887 ], [ 8.6754658, 49.4120931 ], [ 8.6754646, 49.412144 ], [ 8.6751305, 49.4121406 ], [ 8.6751312, 49.4121233 ], [ 8.6751467, 49.4121236 ] ], [ [ 8.6756026, 49.4121507 ], [ 8.6756088, 49.4120022 ], [ 8.6759508, 49.4120082 ], [ 8.6759446, 49.4121567 ], [ 8.6756026, 49.4121507 ] ] ], [ [ [ 8.6762204, 49.4131129 ], [ 8.6762222, 49.4130418 ], [ 8.6761776, 49.4130413 ], [ 8.6761759, 49.4131124 ], [ 8.6762204, 49.4131129 ] ] ], [ [ [ 8.6745873, 49.4129059 ], [ 8.6743723, 49.4129021 ], [ 8.67436, 49.413359 ], [ 8.6744068, 49.4133596 ], [ 8.6748247, 49.4133645 ], [ 8.674826, 49.4133162 ], [ 8.6745717, 49.4133132 ], [ 8.6745873, 49.4129059 ] ] ], [ [ [ 8.6758975, 49.4129439 ], [ 8.6757025, 49.4129416 ], [ 8.675693, 49.41329240000001 ], [ 8.6758399, 49.4132941 ], [ 8.6758378, 49.4133812 ], [ 8.6756682, 49.4133786 ], [ 8.6756656, 49.4134509 ], [ 8.6756616, 49.4135631 ], [ 8.6761865, 49.413571 ], [ 8.676193, 49.4133865 ], [ 8.6758715, 49.4133817 ], [ 8.6758731, 49.4132946 ], [ 8.6758879, 49.413294599999986 ], [ 8.6758975, 49.4129439 ] ] ], [ [ [ 8.6751408, 49.4136919 ], [ 8.675139, 49.4136687 ], [ 8.6750798, 49.4136707 ], [ 8.6750816, 49.4136938 ], [ 8.6751408, 49.4136919 ] ] ], [ [ [ 8.6748459, 49.4144551 ], [ 8.6752182, 49.4144535 ], [ 8.675218, 49.4144369 ], [ 8.6752157, 49.4142055 ], [ 8.674962, 49.4142066 ], [ 8.6749591, 49.4139152 ], [ 8.6742787, 49.4139181 ], [ 8.6742786, 49.4138527 ], [ 8.6740146, 49.4138526 ], [ 8.6740202, 49.413913 ], [ 8.6739468, 49.4139149 ], [ 8.6739476, 49.4142801 ], [ 8.674021, 49.4142791 ], [ 8.6740202, 49.4143134 ], [ 8.6742122, 49.414313699999987 ], [ 8.6742135, 49.414444 ], [ 8.6747062, 49.4144419 ], [ 8.6748458, 49.414441299999986 ], [ 8.6748459, 49.4144551 ] ], [ [ 8.6745879, 49.4141033 ], [ 8.6748656, 49.4141022 ], [ 8.6748666, 49.4142059 ], [ 8.6748378, 49.414206 ], [ 8.6748395, 49.4143708 ], [ 8.6745906, 49.4143719 ], [ 8.6745879, 49.4141033 ] ], [ [ 8.6744011, 49.4140146 ], [ 8.6744916, 49.4140142 ], [ 8.6744922, 49.4140706 ], [ 8.6744017, 49.414071 ], [ 8.6744011, 49.4140146 ] ] ], [ [ [ 8.6762445, 49.41411 ], [ 8.6762512, 49.4140667 ], [ 8.6753954, 49.414067899999985 ], [ 8.6753838, 49.4143621 ], [ 8.6753103, 49.4149797 ], [ 8.6761776, 49.4150093 ], [ 8.6762445, 49.41411 ] ] ], [ [ [ 8.6737469, 49.4146287 ], [ 8.6733272, 49.4146252 ], [ 8.6733286, 49.4149679 ], [ 8.673748, 49.4149671 ], [ 8.6737478, 49.4149258 ], [ 8.6737469, 49.4146287 ] ] ], [ [ [ 8.6751377, 49.414641 ], [ 8.6740772, 49.4146379 ], [ 8.6740753, 49.4149739 ], [ 8.6751343, 49.4149766 ], [ 8.6751361, 49.4147982 ], [ 8.6751377, 49.414641 ] ] ], [ [ [ 8.6752444, 49.4144768 ], [ 8.6752026, 49.414475 ], [ 8.6751929, 49.4145983 ], [ 8.6751948, 49.4148287 ], [ 8.6751645, 49.415042 ], [ 8.6750942, 49.4150425 ], [ 8.6750016, 49.4153818 ], [ 8.675011, 49.4153102 ], [ 8.6750707, 49.415046600000011 ], [ 8.6739939, 49.4150536 ], [ 8.6740185, 49.415943 ], [ 8.6749384, 49.4159451 ], [ 8.6749281, 49.4159918 ], [ 8.6749864, 49.4160023 ], [ 8.6749713, 49.4163172 ], [ 8.6750962, 49.4163174 ], [ 8.6750956, 49.4161308 ], [ 8.6750977, 49.41592390000001 ], [ 8.675141, 49.4157258 ], [ 8.6752141, 49.4152825 ], [ 8.6753601, 49.4144284 ], [ 8.6752502, 49.414418 ], [ 8.6752444, 49.4144768 ] ], [ [ 8.6749579, 49.4157491 ], [ 8.6749722, 49.4156051 ], [ 8.6750016, 49.4153818 ], [ 8.6749579, 49.4157491 ] ] ], [ [ [ 8.6752817, 49.415137 ], [ 8.6753192, 49.4151383 ], [ 8.6752802, 49.4156225 ], [ 8.675232, 49.4156208 ], [ 8.6752252, 49.4157048 ], [ 8.6752728, 49.4157065 ], [ 8.6752699, 49.4157422 ], [ 8.6752676, 49.4157709 ], [ 8.6759904, 49.41579560000001 ], [ 8.6760164, 49.4154727 ], [ 8.6760693, 49.4154745 ], [ 8.676078, 49.4153664 ], [ 8.676027, 49.4153647 ], [ 8.6760424, 49.4151737 ], [ 8.6760529, 49.4150426 ], [ 8.6760555, 49.415010499999987 ], [ 8.6753321, 49.4149858 ], [ 8.6753297, 49.4150151 ], [ 8.6753276, 49.4150416 ], [ 8.6752895, 49.4150403 ], [ 8.6752817, 49.415137 ] ] ], [ [ [ 8.6734183, 49.4158222 ], [ 8.6737989, 49.4158233 ], [ 8.6738004, 49.4155826 ], [ 8.6734198, 49.4155815 ], [ 8.6734177, 49.4157152 ], [ 8.6734183, 49.4158222 ] ] ], [ [ [ 8.6748712, 49.4160895 ], [ 8.6748824, 49.4160895 ], [ 8.6748827, 49.4160257 ], [ 8.6747322, 49.4160259 ], [ 8.6746792, 49.416026 ], [ 8.6746261, 49.4160261 ], [ 8.67452, 49.4160262 ], [ 8.674089, 49.4160269 ], [ 8.6740892, 49.416091400000013 ], [ 8.6741459, 49.4160912 ], [ 8.6741459, 49.4161038 ], [ 8.6744541, 49.4161032 ], [ 8.674454, 49.4160899 ], [ 8.6745203, 49.4160898 ], [ 8.6745214, 49.4163421 ], [ 8.6745106, 49.4163422 ], [ 8.6745112, 49.4164755 ], [ 8.6745113, 49.4164967 ], [ 8.674883, 49.416496 ], [ 8.6748825, 49.4163771 ], [ 8.6748725, 49.4163771 ], [ 8.6748712, 49.4160895 ] ] ], [ [ [ 8.6741536, 49.4163432 ], [ 8.6744227, 49.4163428 ], [ 8.6744223, 49.4162347 ], [ 8.6741532, 49.4162351 ], [ 8.6741536, 49.4163432 ] ] ], [ [ [ 8.6734277, 49.4167529 ], [ 8.6734999, 49.4167756 ], [ 8.6735482, 49.4167104 ], [ 8.673476, 49.4166878 ], [ 8.6734277, 49.4167529 ] ] ], [ [ [ 8.6748989, 49.417259199999982 ], [ 8.6748895, 49.4172508 ], [ 8.6748875, 49.4172496 ], [ 8.6748876, 49.4171504 ], [ 8.6746923, 49.417150299999989 ], [ 8.6746923, 49.417123 ], [ 8.6742822, 49.4171227 ], [ 8.6742822, 49.4171456 ], [ 8.674213, 49.4171455 ], [ 8.6741379, 49.4171455 ], [ 8.6740789, 49.4171454 ], [ 8.6740119, 49.4171454 ], [ 8.6739555, 49.4171453 ], [ 8.6738802, 49.4171453 ], [ 8.6738799, 49.4173669 ], [ 8.6740679, 49.417367 ], [ 8.6740678, 49.4173961 ], [ 8.674202, 49.4173962 ], [ 8.674202, 49.4173645 ], [ 8.6742928, 49.4173646 ], [ 8.6742928, 49.4173898 ], [ 8.6746932, 49.41739 ], [ 8.6746932, 49.4173627 ], [ 8.6748873, 49.4173628 ], [ 8.6748873, 49.4173257 ], [ 8.6748951, 49.41732 ], [ 8.6749036, 49.4173104 ], [ 8.674909, 49.4172998 ], [ 8.674911, 49.417288799999987 ], [ 8.6749099, 49.4172785 ], [ 8.6749058, 49.4172685 ], [ 8.6748989, 49.417259199999982 ] ] ], [ [ [ 8.6737253, 49.4175597 ], [ 8.6737257, 49.4175022 ], [ 8.673726, 49.4174168 ], [ 8.673727, 49.4171274 ], [ 8.6734388, 49.417127 ], [ 8.6734389, 49.4170935 ], [ 8.6732027, 49.4170931 ], [ 8.6732011, 49.4175665 ], [ 8.6732001, 49.4178603 ], [ 8.6733904, 49.417860399999988 ], [ 8.6734419, 49.4178605 ], [ 8.6737245, 49.4178607 ], [ 8.6737245, 49.4178606 ], [ 8.6737251, 49.4176639 ], [ 8.6737253, 49.4175597 ] ], [ [ 8.6734406, 49.4171687 ], [ 8.6736183, 49.41717 ], [ 8.6736176, 49.4174112 ], [ 8.6734383, 49.4174117 ], [ 8.6734406, 49.4171687 ] ], [ [ 8.6733471, 49.4174718 ], [ 8.6734261, 49.4174716 ], [ 8.6734253, 49.4177691 ], [ 8.673346, 49.4177691 ], [ 8.6733471, 49.4174718 ] ] ], [ [ [ 8.6752826, 49.4171816 ], [ 8.6751751, 49.4171818 ], [ 8.6751754, 49.4172571 ], [ 8.6751775, 49.4177461 ], [ 8.6751778, 49.417805 ], [ 8.675383, 49.4178046 ], [ 8.6755332, 49.4178043 ], [ 8.6756834, 49.4178041 ], [ 8.6758927, 49.4178037 ], [ 8.6758908, 49.4173686 ], [ 8.6758899, 49.4171805 ], [ 8.6758094, 49.4171806 ], [ 8.6755376, 49.4171811 ], [ 8.6752826, 49.4171816 ] ], [ [ 8.6753962, 49.4173696 ], [ 8.6754108, 49.4173697 ], [ 8.6756678, 49.4173705 ], [ 8.6756857, 49.4173706 ], [ 8.675686, 49.417652 ], [ 8.6755326, 49.4176539 ], [ 8.6753824, 49.4176542 ], [ 8.6753811, 49.4173696 ], [ 8.6753962, 49.4173696 ] ] ], [ [ [ 8.6746867, 49.4174669 ], [ 8.6742529, 49.4174657 ], [ 8.6742528, 49.4174783 ], [ 8.6742524, 49.4175474 ], [ 8.6746861, 49.4175486 ], [ 8.6746867, 49.4174669 ] ] ], [ [ [ 8.6752534, 49.4179313 ], [ 8.6753943, 49.4179308 ], [ 8.6753939, 49.41787810000001 ], [ 8.6752531, 49.4178786 ], [ 8.6752534, 49.4179313 ] ] ], [ [ [ 8.6747451, 49.4183461 ], [ 8.674745, 49.41816930000001 ], [ 8.6746397, 49.418168699999988 ], [ 8.6746396, 49.418052 ], [ 8.674895, 49.4180512 ], [ 8.6748933, 49.4178106 ], [ 8.674637, 49.4178114 ], [ 8.674637, 49.417730799999987 ], [ 8.6741623, 49.417731 ], [ 8.6741625, 49.4179637 ], [ 8.6741628, 49.41829760000001 ], [ 8.6741628, 49.4183493 ], [ 8.6746398, 49.4183492 ], [ 8.6746398, 49.4183443 ], [ 8.6746581, 49.4183441 ], [ 8.6747451, 49.4183461 ] ], [ [ 8.6745245, 49.4178114 ], [ 8.6745125, 49.4178093 ], [ 8.6745122, 49.417912 ], [ 8.6744456, 49.4179121 ], [ 8.6744455, 49.4177925 ], [ 8.6745245, 49.4177925 ], [ 8.6745245, 49.4178114 ] ], [ [ 8.6745122, 49.4179502 ], [ 8.674511, 49.4180551 ], [ 8.6745303, 49.4180521 ], [ 8.6745303, 49.4181197 ], [ 8.6744453, 49.4181197 ], [ 8.6744452, 49.4179502 ], [ 8.6745122, 49.4179502 ] ] ], [ [ [ 8.6749187, 49.4181291 ], [ 8.6747761, 49.4181283 ], [ 8.6747711, 49.4185327 ], [ 8.6748756, 49.4185333 ], [ 8.674879, 49.4182548 ], [ 8.6749171, 49.418255 ], [ 8.6749184, 49.4181496 ], [ 8.6749187, 49.4181291 ] ] ], [ [ [ 8.6759021, 49.418507199999986 ], [ 8.6759002, 49.4182906 ], [ 8.6758984, 49.4180819 ], [ 8.6758981, 49.4180443 ], [ 8.6757559, 49.418044799999983 ], [ 8.6754957, 49.4180458 ], [ 8.6752142, 49.4180468 ], [ 8.6751732, 49.418047 ], [ 8.6751746, 49.4181998 ], [ 8.6751773, 49.4185181 ], [ 8.6751786, 49.4186699 ], [ 8.6751992, 49.418669899999983 ], [ 8.6755482, 49.4186686 ], [ 8.6758791, 49.4186674 ], [ 8.6759035, 49.4186673 ], [ 8.6759021, 49.418507199999986 ] ], [ [ 8.675366, 49.4184272 ], [ 8.6753635, 49.41821 ], [ 8.6757081, 49.4182082 ], [ 8.6757106, 49.4184255 ], [ 8.675366, 49.4184272 ] ] ], [ [ [ 8.675185, 49.4193609 ], [ 8.6754505, 49.4193603 ], [ 8.675905, 49.4193593 ], [ 8.6759043, 49.419218 ], [ 8.6759034, 49.4190556 ], [ 8.6759033, 49.4190267 ], [ 8.6759029, 49.4189597 ], [ 8.6759026, 49.4189033 ], [ 8.6758808, 49.418903099999987 ], [ 8.6758791, 49.4186674 ], [ 8.6751992, 49.418669899999983 ], [ 8.6752008, 49.4189051 ], [ 8.6751826, 49.4189049 ], [ 8.6751832, 49.4190262 ], [ 8.6751834, 49.419052599999986 ], [ 8.6751838, 49.4191278 ], [ 8.675185, 49.4193609 ] ], [ [ 8.6753664, 49.4190239 ], [ 8.6757258, 49.4190222 ], [ 8.6757277, 49.4191954 ], [ 8.6753683, 49.4191971 ], [ 8.6753664, 49.4190239 ] ] ], [ [ [ 8.6741718, 49.4191243 ], [ 8.6740547, 49.4191243 ], [ 8.6740546, 49.4191243 ], [ 8.6740539, 49.4191243 ], [ 8.6739826, 49.4191243 ], [ 8.6739825, 49.4191744 ], [ 8.6739824, 49.4193216 ], [ 8.6739824, 49.4193217 ], [ 8.6739823, 49.4193697 ], [ 8.6740235, 49.4193697 ], [ 8.6743328, 49.4193697 ], [ 8.6743342, 49.4194681 ], [ 8.6745202, 49.4194681 ], [ 8.6745199, 49.419161699999989 ], [ 8.6745771, 49.4191622 ], [ 8.6745773, 49.4193309 ], [ 8.6747568, 49.4193306 ], [ 8.6747568, 49.4190776 ], [ 8.6746604, 49.4190782 ], [ 8.6746603, 49.419023799999984 ], [ 8.6745436, 49.4190242 ], [ 8.6745431, 49.4189096 ], [ 8.6749001, 49.4189094 ], [ 8.6749002, 49.4188093 ], [ 8.6749003, 49.418665 ], [ 8.6745115, 49.4186648 ], [ 8.6745114, 49.4187059 ], [ 8.674511463039254, 49.418709966031834 ], [ 8.674511455809791, 49.418718800435911 ], [ 8.6742139, 49.4187197 ], [ 8.6742151, 49.4190172 ], [ 8.6742159, 49.4190717 ], [ 8.6743324, 49.4190708 ], [ 8.6743331, 49.4191244 ], [ 8.6741721, 49.4191243 ], [ 8.6741718, 49.4191243 ] ] ], [ [ [ 8.6747834, 49.420031299999984 ], [ 8.6747834, 49.4199572 ], [ 8.6743857, 49.4199572 ], [ 8.6743857, 49.4201053 ], [ 8.6747834, 49.4201053 ], [ 8.6747834, 49.420031299999984 ] ] ], [ [ [ 8.6751432, 49.4198958 ], [ 8.6749722, 49.4199856 ], [ 8.674966267334247, 49.420480364711658 ], [ 8.675911232304697, 49.420480364711658 ], [ 8.6758978, 49.4198867 ], [ 8.6751432, 49.4198958 ] ] ], [ [ [ 8.6740149, 49.4202748 ], [ 8.674013280671856, 49.420480364711658 ], [ 8.674234662885649, 49.420480364711658 ], [ 8.6742389, 49.4199413 ], [ 8.6739145, 49.4199402 ], [ 8.6739148, 49.4198984 ], [ 8.6738388, 49.4198981 ], [ 8.6737633, 49.4198979 ], [ 8.6737629, 49.4199445 ], [ 8.6737291, 49.4199443 ], [ 8.6737254, 49.4204225 ], [ 8.6736835, 49.4204224 ], [ 8.673683079356229, 49.420480364711658 ], [ 8.673921778308618, 49.420480364711658 ], [ 8.6739234, 49.4202745 ], [ 8.6740149, 49.4202748 ] ], [ [ 8.6739256, 49.4199973 ], [ 8.6740171, 49.4199976 ], [ 8.6740154, 49.4202129 ], [ 8.6739239, 49.4202126 ], [ 8.6739256, 49.4199973 ] ] ], [ [ [ 8.676636, 49.4025032 ], [ 8.6761795, 49.4027069 ], [ 8.6762726, 49.4027958 ], [ 8.6767291, 49.4025921 ], [ 8.676636, 49.4025032 ] ] ], [ [ [ 8.6765378, 49.404332 ], [ 8.6765334, 49.4043612 ], [ 8.676627, 49.4043672 ], [ 8.6766404, 49.4042787 ], [ 8.6765205, 49.4042711 ], [ 8.6765132, 49.40431920000001 ], [ 8.6765115, 49.4043304 ], [ 8.6765378, 49.404332 ] ] ], [ [ [ 8.6765952, 49.4044299 ], [ 8.6765299, 49.4044269 ], [ 8.6764573, 49.4044955 ], [ 8.6765107, 49.4045708 ], [ 8.6766304, 49.4045722 ], [ 8.676707, 49.4045097 ], [ 8.6766578, 49.40443290000001 ], [ 8.6765952, 49.4044299 ] ] ], [ [ [ 8.6769421, 49.411472699999983 ], [ 8.6769087, 49.411471899999988 ], [ 8.6769059, 49.411523 ], [ 8.6769393, 49.4115238 ], [ 8.6769421, 49.411472699999983 ] ] ], [ [ [ 8.6763276, 49.412819 ], [ 8.6763052, 49.4127315 ], [ 8.6762265, 49.4127304 ], [ 8.67622, 49.4129338 ], [ 8.6763293, 49.4129352 ], [ 8.676331, 49.41288 ], [ 8.6763435, 49.412880199999989 ], [ 8.6763454, 49.4128197 ], [ 8.6763276, 49.412819 ] ] ], [ [ [ 8.6762847, 49.4130696 ], [ 8.6763136, 49.4130698 ], [ 8.6763142, 49.4130434 ], [ 8.6762854, 49.41304310000001 ], [ 8.6762847, 49.4130696 ] ] ], [ [ [ 8.6766864, 49.415326899999982 ], [ 8.6765919, 49.4167925 ], [ 8.6766321, 49.417042 ], [ 8.676613445324309, 49.417635367924426 ], [ 8.676601, 49.4176354 ], [ 8.6766011, 49.417665 ], [ 8.676612513732394, 49.417665 ], [ 8.676610860060363, 49.4177176 ], [ 8.6766008, 49.41771760000001 ], [ 8.6766008, 49.4177438 ], [ 8.676610036812916, 49.417743785854803 ], [ 8.6766071, 49.4178372 ], [ 8.6766032, 49.4189513 ], [ 8.676614806211402, 49.41963829548024 ], [ 8.6766031, 49.419638399999982 ], [ 8.6766064, 49.419777 ], [ 8.6766171478865, 49.419776904036731 ], [ 8.6766183, 49.4198451 ], [ 8.676655355911283, 49.420480364711658 ], [ 8.676879643910251, 49.420480364711658 ], [ 8.677018572046457, 49.420480364711658 ], [ 8.677075976366066, 49.420480364711658 ], [ 8.67720019292574, 49.420480364711658 ], [ 8.677378761233575, 49.420480364711658 ], [ 8.677598932561008, 49.420480364711658 ], [ 8.677835727246068, 49.420480364711658 ], [ 8.677998239966334, 49.420480364711658 ], [ 8.678146265624198, 49.420480364711658 ], [ 8.678246612135826, 49.420480364711658 ], [ 8.678706271651539, 49.420480364711658 ], [ 8.678851716774457, 49.420480364711658 ], [ 8.679124400580694, 49.420480364711658 ], [ 8.679259915390821, 49.420480364711658 ], [ 8.679621934238162, 49.420480364711658 ], [ 8.679776689309991, 49.420480364711658 ], [ 8.679778070863627, 49.420480364711658 ], [ 8.679778070863627, 49.420437290591792 ], [ 8.679778070863627, 49.420396509095433 ], [ 8.679778070863627, 49.420350471561783 ], [ 8.679778070863627, 49.420256426485892 ], [ 8.679778070863627, 49.420248920804809 ], [ 8.679778070863627, 49.420211211496031 ], [ 8.679778070863627, 49.419600972305254 ], [ 8.679778070863627, 49.419495157545981 ], [ 8.679778070863627, 49.41937084093275 ], [ 8.679778070863627, 49.419370040099921 ], [ 8.679778070863627, 49.419081464367601 ], [ 8.679778070863627, 49.418991540278348 ], [ 8.679778070863627, 49.418583144178406 ], [ 8.679778070863627, 49.418475779620692 ], [ 8.679778070863627, 49.418408148426956 ], [ 8.679778070863627, 49.418264089728737 ], [ 8.679778070863627, 49.417701258254652 ], [ 8.679778070863627, 49.417693795335971 ], [ 8.679778070863627, 49.417618830840794 ], [ 8.679778070863627, 49.417435697333595 ], [ 8.679778070863627, 49.417276978656155 ], [ 8.679778070863627, 49.417054087842651 ], [ 8.679778070863627, 49.417005309409795 ], [ 8.679778070863627, 49.416985699848297 ], [ 8.679778070863627, 49.416908126111061 ], [ 8.679778070863627, 49.416750853497909 ], [ 8.679778070863627, 49.416689773487214 ], [ 8.679778070863627, 49.415934972689492 ], [ 8.679778070863627, 49.415825177893325 ], [ 8.679778070863627, 49.415614242575217 ], [ 8.679778070863627, 49.415506809649621 ], [ 8.679778070863627, 49.415455415266209 ], [ 8.679778070863627, 49.41536987515439 ], [ 8.679778070863627, 49.41433196541913 ], [ 8.679778070863627, 49.414277904888358 ], [ 8.679778070863627, 49.414275722022531 ], [ 8.679778070863627, 49.413506324505938 ], [ 8.679778070863627, 49.413449231221414 ], [ 8.679778070863627, 49.41335584705751 ], [ 8.679778070863627, 49.413248554120727 ], [ 8.679778070863627, 49.412911377402985 ], [ 8.679778070863627, 49.412784824958052 ], [ 8.679778070863627, 49.412452361453731 ], [ 8.679778070863627, 49.412423696396175 ], [ 8.679778070863627, 49.412030434922542 ], [ 8.679778070863627, 49.411987203243321 ], [ 8.679778070863627, 49.411942759452494 ], [ 8.67921781213505, 49.411850748171261 ], [ 8.6792234, 49.4118357 ], [ 8.6791731, 49.41182830000001 ], [ 8.679167796468153, 49.411842534099158 ], [ 8.6786622, 49.4117595 ], [ 8.6785489, 49.412809 ], [ 8.6780852, 49.412774 ], [ 8.6769399, 49.4127174 ], [ 8.6768632, 49.4142961 ], [ 8.6766864, 49.415326899999982 ] ] ], [ [ [ 8.6786101, 49.408548 ], [ 8.6785145, 49.4085493 ], [ 8.6785134, 49.408514099999984 ], [ 8.6784454, 49.4085123 ], [ 8.6784472, 49.4085666 ], [ 8.6784504, 49.408663 ], [ 8.6785534, 49.4086615 ], [ 8.6785538, 49.4086728 ], [ 8.6786987, 49.408670800000017 ], [ 8.6786983, 49.408659099999987 ], [ 8.6788018, 49.4086576 ], [ 8.6787988, 49.4085669 ], [ 8.6786948, 49.4085684 ], [ 8.6786945, 49.4085576 ], [ 8.6786941, 49.408546800000011 ], [ 8.6786101, 49.408548 ] ] ], [ [ [ 8.6786344, 49.4030136 ], [ 8.679778070863627, 49.403895565424051 ], [ 8.679778070863627, 49.403804405086753 ], [ 8.679778070863627, 49.403656893423687 ], [ 8.679778070863627, 49.403320051550388 ], [ 8.679778070863627, 49.403307923005485 ], [ 8.679778070863627, 49.403156063570634 ], [ 8.679778070863627, 49.403027896368933 ], [ 8.679778070863627, 49.402904079017134 ], [ 8.679778070863627, 49.402805071976374 ], [ 8.679778070863627, 49.4026785366909 ], [ 8.679778070863627, 49.402604608214574 ], [ 8.679778070863627, 49.40252343297476 ], [ 8.679778070863627, 49.40248315570414 ], [ 8.679778070863627, 49.402390537699866 ], [ 8.679716151943062, 49.402390537699866 ], [ 8.679660412017261, 49.402390537699866 ], [ 8.6795965, 49.4024285 ], [ 8.6786344, 49.4030136 ] ] ], [ [ [ 8.6788856, 49.4041042 ], [ 8.678947, 49.4040734 ], [ 8.6789917, 49.4040958 ], [ 8.6790398, 49.4041069 ], [ 8.6791257, 49.404109199999986 ], [ 8.6791944, 49.404075599999985 ], [ 8.6793799, 49.4039862 ], [ 8.6795881, 49.4038791 ], [ 8.6788226, 49.403266099999989 ], [ 8.6782338, 49.4035783 ], [ 8.6788856, 49.4041042 ] ] ], [ [ [ 8.67974, 49.4084358 ], [ 8.6797427, 49.4085192 ], [ 8.6794497, 49.408523299999985 ], [ 8.6794554, 49.4086975 ], [ 8.679778070863627, 49.408693057587172 ], [ 8.679778070863627, 49.40843527452224 ], [ 8.67974, 49.4084358 ] ] ], [ [ [ 8.679778070863627, 49.408928022968468 ], [ 8.6793561, 49.4089339 ], [ 8.6793592, 49.4090269 ], [ 8.679778070863627, 49.409021065331331 ], [ 8.679778070863627, 49.408928022968468 ] ] ] ] } },
{ "type": "Feature", "properties": { "klasse": "Straße" }, "geometry": { "type": "MultiPolygon", "coordinates": [ [ [ [ 8.643710494948824, 49.402859505268282 ], [ 8.643861205718304, 49.402884949954263 ], [ 8.643924733548474, 49.402896552345595 ], [ 8.643942170462187, 49.402899418979345 ], [ 8.644099271125882, 49.402922419082465 ], [ 8.644102127568416, 49.402922828972621 ], [ 8.644268076049933, 49.40294616050668 ], [ 8.644270998423627, 49.402951711688388 ], [ 8.644271060996564, 49.402951800939555 ], [ 8.644271109986953, 49.402951893735647 ], [ 8.644278094736059, 49.402961833543273 ], [ 8.644278912599155, 49.402963000105721 ], [ 8.644226852739212, 49.40312312137582 ], [ 8.644222001805373, 49.403125746276764 ], [ 8.644220011083076, 49.403127058607303 ], [ 8.644217862769651, 49.403128260449847 ], [ 8.644208119927596, 49.403134897534187 ], [ 8.644198211508165, 49.403141429395248 ], [ 8.644196427478882, 49.403142862742683 ], [ 8.644194470022137, 49.403144196214519 ], [ 8.644185770959742, 49.403151424538443 ], [ 8.644176891312808, 49.403158558736997 ], [ 8.644175331157872, 49.403160099297416 ], [ 8.644173583409119, 49.4031615515567 ], [ 8.644166011903634, 49.403169301507965 ], [ 8.644158246545334, 49.403176969338482 ], [ 8.64415692528989, 49.403178602275666 ], [ 8.64415540408114, 49.403180159336372 ], [ 8.644149033051157, 49.403188356279067 ], [ 8.644142456766776, 49.403196483896892 ], [ 8.644141387135461, 49.403198193484819 ], [ 8.644140107116922, 49.403199840351753 ], [ 8.644134997919879, 49.403208405345367 ], [ 8.644129674043823, 49.403216914477539 ], [ 8.644128866338008, 49.403218684252039 ], [ 8.644127839837211, 49.403220405065056 ], [ 8.644124041678751, 49.403229255624396 ], [ 8.644120021484246, 49.403238064323787 ], [ 8.644119483482863, 49.403239877241063 ], [ 8.644118720385871, 49.403241655427856 ], [ 8.644082465910005, 49.40334551757433 ], [ 8.642910023119907, 49.403190141250519 ], [ 8.642910023119907, 49.403649066694356 ], [ 8.643930114045025, 49.40378425286373 ], [ 8.643868030061226, 49.403963934654392 ], [ 8.642910023119907, 49.403845832932205 ], [ 8.642910023119907, 49.404303531556671 ], [ 8.643728089711226, 49.404404380436375 ], [ 8.643637136222228, 49.404716849012132 ], [ 8.642910023119907, 49.404633055593742 ], [ 8.642910023119907, 49.404913572909855 ], [ 8.642910023119907, 49.405089760165566 ], [ 8.642910023119907, 49.405371264203374 ], [ 8.643306335534541, 49.405420097608953 ], [ 8.64330606239543, 49.405421019632534 ], [ 8.643249868156778, 49.405611013951983 ], [ 8.643145991504687, 49.405598100391856 ], [ 8.643112529573143, 49.405595040805281 ], [ 8.643078769323917, 49.405594134377957 ], [ 8.643045035327443, 49.405595389824278 ], [ 8.643011651901759, 49.405598795074397 ], [ 8.642978939994656, 49.405604317390278 ], [ 8.64294721409822, 49.405611903680416 ], [ 8.642916779225402, 49.405621481010314 ], [ 8.642910023119907, 49.405624168417411 ], [ 8.642910023119907, 49.406671285638765 ], [ 8.642910023119907, 49.40682185762082 ], [ 8.642910023119907, 49.407130695962266 ], [ 8.643236170266453, 49.407175054291038 ], [ 8.64310828877883, 49.407598412893883 ], [ 8.643107978708052, 49.407599793399179 ], [ 8.643107488528543, 49.407601151496074 ], [ 8.642922551858367, 49.408256066700631 ], [ 8.642910023119907, 49.408254455458611 ], [ 8.642910023119907, 49.408300434652666 ], [ 8.642910023119907, 49.408641529312888 ], [ 8.642910023119907, 49.408712852283429 ], [ 8.643037361286288, 49.408729228450284 ], [ 8.643046268399031, 49.40873029479328 ], [ 8.643128017699569, 49.408739358872204 ], [ 8.643252599708829, 49.408759641642185 ], [ 8.643267338291516, 49.408762628759803 ], [ 8.643298711421728, 49.409255160564989 ], [ 8.643312717157537, 49.409724267031883 ], [ 8.642910023119907, 49.4097415259832 ], [ 8.642910023119907, 49.409768531889405 ], [ 8.642910023119907, 49.410192240162445 ], [ 8.642910023119907, 49.410785390195763 ], [ 8.64293193095302, 49.410786257573804 ], [ 8.642965728329962, 49.410785428659779 ], [ 8.642999238439948, 49.410782442217567 ], [ 8.643032138558018, 49.41077732700861 ], [ 8.643064111834073, 49.410770132295802 ], [ 8.643094850344479, 49.410760927369076 ], [ 8.643124058057669, 49.410749800877959 ], [ 8.643151453685201, 49.410736859977888 ], [ 8.643176773390804, 49.410722229298173 ], [ 8.643199773331315, 49.410706049741684 ], [ 8.643220232005058, 49.410688477127835 ], [ 8.643237952384993, 49.410669680691868 ], [ 8.643252763816166, 49.410649841455054 ], [ 8.643264523659129, 49.410629150481206 ], [ 8.643273118663519, 49.410607807036669 ], [ 8.643278466058609, 49.410586016671196 ], [ 8.64328051435028, 49.410563989238376 ], [ 8.643279243816773, 49.410541936874601 ], [ 8.643274666698449, 49.410520071956107 ], [ 8.643177443400671, 49.41018077887118 ], [ 8.643695190350849, 49.410158588898973 ], [ 8.64370037286278, 49.410158341145532 ], [ 8.643936323780883, 49.410145893240745 ], [ 8.643951689178644, 49.41019154082683 ], [ 8.64395236621553, 49.410193509954915 ], [ 8.64399526542409, 49.410315710076695 ], [ 8.643998407181275, 49.410323630244854 ], [ 8.643999009366251, 49.41032538353673 ], [ 8.643999442594939, 49.410326240456229 ], [ 8.644000116865111, 49.410327940248045 ], [ 8.644033309519639, 49.410402872565165 ], [ 8.644030074736529, 49.410404161414903 ], [ 8.644003076413773, 49.410417452894649 ], [ 8.643978204720577, 49.410432407056554 ], [ 8.643955699184566, 49.410448879885287 ], [ 8.643935776546849, 49.410466712739918 ], [ 8.64391862867466, 49.410485733881686 ], [ 8.643904420713531, 49.410505760127876 ], [ 8.643893289496758, 49.410526598615867 ], [ 8.643885342227511, 49.410548048660537 ], [ 8.643880655446287, 49.410569903686927 ], [ 8.643879274293617, 49.410591953219544 ], [ 8.643881212075188, 49.410613984909475 ], [ 8.64388645013352, 49.410635786579363 ], [ 8.643894938027477, 49.410657148266772 ], [ 8.643906594017901, 49.410677864246274 ], [ 8.643921305854624, 49.410697735010764 ], [ 8.64393893185739, 49.410716569192779 ], [ 8.643959302280205, 49.410734185407577 ], [ 8.643982220945995, 49.410750414 ], [ 8.644007467135857, 49.410765098678397 ], [ 8.644034797714687, 49.410778098019875 ], [ 8.644063949472727, 49.410789286832291 ], [ 8.644094641660468, 49.410798557359975 ], [ 8.644126578692495, 49.410805820321627 ], [ 8.644159452994264, 49.410811005770022 ], [ 8.64419294796433, 49.410814063765798 ], [ 8.644226741023552, 49.410814964858375 ], [ 8.644260506721869, 49.410813700369616 ], [ 8.64429391987273, 49.410810282477392 ], [ 8.644410620372962, 49.410794482408456 ], [ 8.644444524126394, 49.410788705073536 ], [ 8.64447735353493, 49.410780711285398 ], [ 8.644508769215975, 49.41077058368208 ], [ 8.644538446402274, 49.410758426960392 ], [ 8.644566078299382, 49.410744366793715 ], [ 8.644591379257271, 49.41072854853261 ], [ 8.644614087723324, 49.410711135702286 ], [ 8.644633968946202, 49.410692308312044 ], [ 8.644650817402576, 49.410672260994268 ], [ 8.644662036995298, 49.410654940002274 ], [ 8.644683628171757, 49.410647459690239 ], [ 8.645144449577026, 49.41046964413232 ], [ 8.64544446965815, 49.410354727805235 ], [ 8.645451340711967, 49.410351936124144 ], [ 8.645453574092533, 49.410351115899402 ], [ 8.645455298809882, 49.410350327965133 ], [ 8.645459742200785, 49.410348522633562 ], [ 8.645772560290014, 49.410213906871007 ], [ 8.645940417140995, 49.41014562933055 ], [ 8.645968054239447, 49.410133125936255 ], [ 8.645993692039294, 49.410118924439274 ], [ 8.646017086405356, 49.410103160073923 ], [ 8.646038014566281, 49.410085982956858 ], [ 8.646050857313046, 49.410073025141756 ], [ 8.646107160316216, 49.410065033035764 ], [ 8.646143924559929, 49.410058404980283 ], [ 8.646179341140892, 49.410049166679272 ], [ 8.646422641933325, 49.409975266377643 ], [ 8.646436247949715, 49.409970590582844 ], [ 8.646449917234133, 49.409965994029676 ], [ 8.647837320900496, 49.409441691983204 ], [ 8.648273374655648, 49.40927688484495 ], [ 8.648307914559407, 49.409263882738422 ], [ 8.648308433465257, 49.409263687010167 ], [ 8.648773834694881, 49.409087786323589 ], [ 8.648784233680757, 49.40908369461188 ], [ 8.64989196937125, 49.408630267492832 ], [ 8.650085535918047, 49.408559535710161 ], [ 8.650679001814551, 49.408354855527698 ], [ 8.650873743609564, 49.408575648262946 ], [ 8.650767440450773, 49.408621058474104 ], [ 8.65074072285176, 49.408633704252033 ], [ 8.650715981765149, 49.408647959817202 ], [ 8.650689181770554, 49.408664959762021 ], [ 8.650664631612484, 49.408682256011033 ], [ 8.650642991449162, 49.408701134320324 ], [ 8.650624499125115, 49.408721387203556 ], [ 8.650609357888611, 49.408742792066626 ], [ 8.65059773415766, 49.408765113653971 ], [ 8.650589755690815, 49.408788106634262 ], [ 8.650584355553734, 49.408808606618223 ], [ 8.650579945957611, 49.40883375808604 ], [ 8.650579896764489, 49.408859073580892 ], [ 8.650584208604522, 49.408884232264136 ], [ 8.650617907732633, 49.409014132360376 ], [ 8.650624959523411, 49.409035148643461 ], [ 8.650635056968399, 49.409055629022198 ], [ 8.650648107646921, 49.409075386034608 ], [ 8.65066399210621, 49.40909423883965 ], [ 8.6506825649547, 49.409112014872512 ], [ 8.650703656192718, 49.409128551424217 ], [ 8.6507270727685, 49.409143697130908 ], [ 8.650752600345193, 49.40915731335943 ], [ 8.650780005262718, 49.409169275476287 ], [ 8.650809036676554, 49.409179473988445 ], [ 8.650839428853818, 49.409187815545693 ], [ 8.650870903605663, 49.409194223795041 ], [ 8.650903172833694, 49.409198640079659 ], [ 8.65093594116713, 49.409201023975839 ], [ 8.650968908666519, 49.409201353662972 ], [ 8.651001773569302, 49.409199626123311 ], [ 8.651404013587825, 49.40916578134788 ], [ 8.651429994416318, 49.409204974377232 ], [ 8.651444927884167, 49.409224774500309 ], [ 8.651462763749427, 49.409243524177768 ], [ 8.65148333024495, 49.409261042838658 ], [ 8.651506429305314, 49.409277161767321 ], [ 8.651531838474252, 49.409291725728217 ], [ 8.65155931304702, 49.409304594461048 ], [ 8.651588588427057, 49.40931564403148 ], [ 8.651619382674244, 49.409324768024881 ], [ 8.651651399220238, 49.409331878571102 ], [ 8.651684329724684, 49.409336907190834 ], [ 8.651693122241445, 49.40933766725864 ], [ 8.651696356665239, 49.409341410935433 ], [ 8.651715773054534, 49.409359479770885 ], [ 8.651737810197018, 49.409376219785088 ], [ 8.651762255863648, 49.409391469761125 ], [ 8.65178887462911, 49.409405082831952 ], [ 8.651817410139088, 49.409416927894881 ], [ 8.651847587579157, 49.409426890874158 ], [ 8.651879116321451, 49.409434875819663 ], [ 8.651911692723676, 49.409440805831061 ], [ 8.651945003053477, 49.409444623798308 ], [ 8.651978726509995, 49.409446292951841 ], [ 8.652012538313523, 49.409445797216542 ], [ 8.652046112833462, 49.409443141366687 ], [ 8.652079126724521, 49.409438350979883 ], [ 8.652111262040847, 49.409431472190768 ], [ 8.652142209298187, 49.409422571246694 ], [ 8.652171670454528, 49.409411733869668 ], [ 8.652199361780516, 49.409399064430787 ], [ 8.652225016592014, 49.409384684945024 ], [ 8.65224838781848, 49.409368733896095 ], [ 8.65226925038241, 49.409351364902754 ], [ 8.652287403366959, 49.409332745239311 ], [ 8.652302671950828, 49.409313054224612 ], [ 8.652314909091828, 49.409292481495051 ], [ 8.652323996942874, 49.409271225178237 ], [ 8.652329847986787, 49.409249489984866 ], [ 8.652332405878985, 49.409227485237246 ], [ 8.652331645989957, 49.40920542285334 ], [ 8.652327575642294, 49.409183515305926 ], [ 8.652311475231286, 49.4091222153519 ], [ 8.65230989358494, 49.409116619638375 ], [ 8.652268637617613, 49.408980348814147 ], [ 8.652272965639742, 49.40896303993658 ], [ 8.652275098527003, 49.408940738015751 ], [ 8.652273828799743, 49.4089184080769 ], [ 8.65226916900003, 49.408896270608871 ], [ 8.652238458665904, 49.408789897057488 ], [ 8.652409120275621, 49.40876636644105 ], [ 8.653975997353735, 49.408561861655834 ], [ 8.654010250585316, 49.408655006529081 ], [ 8.654099140418964, 49.408911837585713 ], [ 8.654108200337099, 49.408933098969904 ], [ 8.654120410417281, 49.408953678524732 ], [ 8.654135653073062, 49.408973378056864 ], [ 8.654153781511985, 49.408992007847893 ], [ 8.654174621149176, 49.409009388481458 ], [ 8.654197971288617, 49.409025352571149 ], [ 8.654223607055929, 49.409039746372613 ], [ 8.654251281564008, 49.409052431264278 ], [ 8.654280728290717, 49.409063285082325 ], [ 8.654311663645705, 49.409072203297328 ], [ 8.654343789701608, 49.409079100020918 ], [ 8.65437679706338, 49.409083908833026 ], [ 8.654410367848067, 49.409086583421555 ], [ 8.654444178746356, 49.409087098028373 ], [ 8.654477904136371, 49.409085447697471 ], [ 8.654511219219776, 49.409081648322648 ], [ 8.654543803149922, 49.409075736494437 ], [ 8.654575342121934, 49.409067769147704 ], [ 8.654605532394974, 49.409057823013313 ], [ 8.654634083217564, 49.409045993879133 ], [ 8.654660719627765, 49.409032395667488 ], [ 8.654685185101309, 49.409017159337971 ], [ 8.654707244022084, 49.409000431626211 ], [ 8.654726683951274, 49.408982373630657 ], [ 8.65474331767323, 49.408963159260985 ], [ 8.654756984998393, 49.408942973563349 ], [ 8.654767554305934, 49.408922010938127 ], [ 8.654774923811209, 49.408900473267693 ], [ 8.654779022545869, 49.408878567972238 ], [ 8.654779811041168, 49.408856506012057 ], [ 8.654777281707904, 49.408834499855978 ], [ 8.654771458909334, 49.408812761435122 ], [ 8.654682057232947, 49.408554461689114 ], [ 8.654681010099839, 49.408551527876732 ], [ 8.654622945808823, 49.408393639399151 ], [ 8.654623289684036, 49.408393263139132 ], [ 8.654637681370065, 49.408373292994646 ], [ 8.65464900396428, 49.408352498545504 ], [ 8.654657148427351, 49.408331080054531 ], [ 8.654662036327563, 49.4083092437942 ], [ 8.65466362059602, 49.408287200060037 ], [ 8.654661885979772, 49.408265161145415 ], [ 8.654656849188546, 49.408243339296988 ], [ 8.654648558733642, 49.408221944670665 ], [ 8.654644905122256, 49.408215328119248 ], [ 8.654650065507278, 49.408216014215867 ], [ 8.654682320540795, 49.408218271396258 ], [ 8.654769420936328, 49.408221671412512 ], [ 8.65480323851488, 49.408221906724883 ], [ 8.654836928597634, 49.408219977978845 ], [ 8.654870166726296, 49.408215903749522 ], [ 8.654902632795372, 49.408209723274474 ], [ 8.654934014135113, 49.408201496075847 ], [ 8.65496400852285, 49.408191301387014 ], [ 8.65499232709367, 49.408179237389582 ], [ 8.655018697122452, 49.408165420267764 ], [ 8.655042864650433, 49.408149983089388 ], [ 8.655064596930997, 49.408133074524365 ], [ 8.655083684671158, 49.408114857412819 ], [ 8.655099944047146, 49.408095507196869 ], [ 8.655113218474657, 49.408075210230862 ], [ 8.655123380116761, 49.408054161986726 ], [ 8.655130331114922, 49.408032565171382 ], [ 8.655134004531289, 49.40801062777458 ], [ 8.65513436499319, 49.407988561065743 ], [ 8.655131409033624, 49.407966577559378 ], [ 8.65512516512447, 49.407944888968451 ], [ 8.655115693402138, 49.407923704165412 ], [ 8.655103085088241, 49.407903227170742 ], [ 8.655087461610956, 49.407883655188101 ], [ 8.655068973435467, 49.407865176705208 ], [ 8.655047798614811, 49.407847969678642 ], [ 8.655024141075065, 49.407832199820078 ], [ 8.654998228651372, 49.407818019000437 ], [ 8.654970310893784, 49.407805563787356 ], [ 8.654940656663966, 49.407794954129997 ], [ 8.654909551545988, 49.407786292203937 ], [ 8.654895449345611, 49.407783393295375 ], [ 8.65470929036119, 49.407253142279387 ], [ 8.654907279842266, 49.407223939037216 ], [ 8.654908624754619, 49.407223738815468 ], [ 8.655305657577371, 49.407164084626118 ], [ 8.655523177025316, 49.407134033677778 ], [ 8.655621029941001, 49.40743010760535 ], [ 8.655625273196994, 49.40744045358128 ], [ 8.655629470706737, 49.407450807502997 ], [ 8.655629644480781, 49.407451111716654 ], [ 8.655629773108744, 49.407451425339453 ], [ 8.65563555001064, 49.407461450100925 ], [ 8.655641282579291, 49.407471485694515 ], [ 8.655641501212822, 49.407471777328816 ], [ 8.655641676330953, 49.407472081214451 ], [ 8.655648931245201, 49.40748168821618 ], [ 8.655656143667079, 49.407491308833862 ], [ 8.655656405054611, 49.407491585080223 ], [ 8.655656624976441, 49.407491876302053 ], [ 8.655665288035243, 49.407500973022564 ], [ 8.655673910852439, 49.407510086012223 ], [ 8.655674212476688, 49.407510344210202 ], [ 8.655674475084295, 49.40751061996361 ], [ 8.655684462858936, 49.40751911879633 ], [ 8.655694413029666, 49.407527636393823 ], [ 8.655694751985848, 49.407527874056804 ], [ 8.655695054750208, 49.407528131686128 ], [ 8.655706271052887, 49.407535950781565 ], [ 8.655717452752782, 49.407543790957526 ], [ 8.65571782577662, 49.407544005796687 ], [ 8.655718165781908, 49.407544242820762 ], [ 8.65573050259432, 49.407551306876613 ], [ 8.655742808136987, 49.407558394124592 ], [ 8.655743211635951, 49.407558584070827 ], [ 8.655743585607834, 49.407558798207042 ], [ 8.65575692411994, 49.407565039192114 ], [ 8.655770234995536, 49.407571305257136 ], [ 8.655770665083775, 49.407571468481187 ], [ 8.655771069420606, 49.407571657667212 ], [ 8.655785281176533, 49.407577015477393 ], [ 8.655799469191402, 49.407582400012515 ], [ 8.655799921726675, 49.407582534942343 ], [ 8.655800352534671, 49.407582697356297 ], [ 8.655815300665177, 49.40758712039159 ], [ 8.655830229181111, 49.407591571540941 ], [ 8.655830699805529, 49.407591676877182 ], [ 8.655831152935427, 49.407591810954784 ], [ 8.655846693477189, 49.407595256617526 ], [ 8.655862218726252, 49.407598731514454 ], [ 8.655862702907243, 49.407598806242603 ], [ 8.655863173995261, 49.407598910692656 ], [ 8.655879157286172, 49.407601345799641 ], [ 8.655895129746519, 49.407603810977712 ], [ 8.655895622821037, 49.407603854378081 ], [ 8.655896107330348, 49.407603928194668 ], [ 8.65591237943889, 49.407605329293837 ], [ 8.65592864528683, 49.407606761012076 ], [ 8.655929142506386, 49.407606772666703 ], [ 8.655929635770688, 49.407606815138898 ], [ 8.655946039981783, 49.407607168736675 ], [ 8.65596244256993, 49.407607553206695 ], [ 8.655962939146031, 49.407607533003322 ], [ 8.655963436414789, 49.407607543722101 ], [ 8.655979814752166, 49.407606846413316 ], [ 8.655996196105077, 49.407606179932181 ], [ 8.655996687254847, 49.40760612806541 ], [ 8.655997183739537, 49.407606106927545 ], [ 8.656013378465872, 49.407604365427602 ], [ 8.656029580822864, 49.40760265441412 ], [ 8.656319226112039, 49.407562462002474 ], [ 8.656534251209251, 49.407532672376817 ], [ 8.656742232082088, 49.407503875022599 ], [ 8.656964885935746, 49.407472967574805 ], [ 8.657034165886181, 49.407463384180225 ], [ 8.657187272136103, 49.407442183317968 ], [ 8.657273307908257, 49.407430292193901 ], [ 8.657409881833571, 49.407411368123093 ], [ 8.657632509825383, 49.407380464250224 ], [ 8.657854914587999, 49.40734967743078 ], [ 8.658077414500747, 49.407318877440105 ], [ 8.658161912331373, 49.407307163886877 ], [ 8.658300137886805, 49.407287960357515 ], [ 8.658522514326069, 49.407257177458767 ], [ 8.658745109421428, 49.407226264299283 ], [ 8.658824705418972, 49.407215251015572 ], [ 8.658940409548709, 49.407558948600197 ], [ 8.658940420284601, 49.40755897438104 ], [ 8.658940427105799, 49.407559000723303 ], [ 8.65897682640213, 49.40766700082682 ], [ 8.658985702348897, 49.407688295194248 ], [ 8.658997734216461, 49.407708919325373 ], [ 8.659012806134687, 49.407728674597571 ], [ 8.659030772955456, 49.407747370755672 ], [ 8.659051461650408, 49.407764827744124 ], [ 8.659074672977235, 49.407780877441219 ], [ 8.659100183398442, 49.407795365278162 ], [ 8.65912774723413, 49.407808151727743 ], [ 8.659157099028047, 49.407819113648081 ], [ 8.659187956104132, 49.407828145468663 ], [ 8.659220021288933, 49.40783516020705 ], [ 8.659252985773655, 49.407840090306571 ], [ 8.659286532088299, 49.407842888287085 ], [ 8.659320337159217, 49.40784352720209 ], [ 8.659354075420662, 49.40784200089842 ], [ 8.659387421950331, 49.407838324075392 ], [ 8.659420055598712, 49.407832532143303 ], [ 8.659451662082096, 49.407824680882307 ], [ 8.659481937009438, 49.407814845905335 ], [ 8.659510588813953, 49.407803121929703 ], [ 8.659537341561146, 49.407789621864985 ], [ 8.659561937606311, 49.407774475725617 ], [ 8.659584140075813, 49.407757829378589 ], [ 8.65960373514833, 49.407739843138785 ], [ 8.659620534114053, 49.407720690224849 ], [ 8.659634375191994, 49.40770055509109 ], [ 8.659645125087948, 49.407679631650907 ], [ 8.659652680278079, 49.407658121409348 ], [ 8.65965696800577, 49.407636231522446 ], [ 8.659657946982152, 49.407614172802155 ], [ 8.659655607783588, 49.407592157686061 ], [ 8.659649972942235, 49.407570398191623 ], [ 8.659613581075552, 49.40746242451425 ], [ 8.659530378074594, 49.407215281143287 ], [ 8.659833567761336, 49.407189985761519 ], [ 8.660538006330317, 49.407148460740366 ], [ 8.660542710427531, 49.407148162195249 ], [ 8.661354614078251, 49.407092961954525 ], [ 8.661367627354229, 49.407091653284134 ], [ 8.661380681159898, 49.407090529561245 ], [ 8.661384332476194, 49.407089973346004 ], [ 8.661388038218037, 49.407089600680841 ], [ 8.661400792254216, 49.40708746598191 ], [ 8.661413614406458, 49.407085512747543 ], [ 8.661417164591048, 49.407084725672142 ], [ 8.661420796510148, 49.407084117781928 ], [ 8.66143316847684, 49.40708117761303 ], [ 8.661445635489592, 49.40707841367815 ], [ 8.661485935634431, 49.407068013634671 ], [ 8.661523616709278, 49.40705652847371 ], [ 8.661558903110809, 49.407042164945977 ], [ 8.66159640318047, 49.407024764881911 ], [ 8.661620287224045, 49.407012617356884 ], [ 8.661642444807626, 49.406999148536045 ], [ 8.661662704839879, 49.406984462420709 ], [ 8.661680910882083, 49.406968672411629 ], [ 8.661705710810528, 49.40694507235105 ], [ 8.661723310716681, 49.406926440501238 ], [ 8.661738051468719, 49.406906780419021 ], [ 8.661762251277121, 49.406870080352917 ], [ 8.661774230566484, 49.406849091135946 ], [ 8.661782950691014, 49.406827428416015 ], [ 8.661795329539345, 49.406788974154949 ], [ 8.661819846019354, 49.40679694982132 ], [ 8.661849202764383, 49.406805410520569 ], [ 8.661879638369888, 49.406812052478614 ], [ 8.661910888877197, 49.406816818091649 ], [ 8.661942683259964, 49.406819666028944 ], [ 8.661974745774767, 49.406820571591126 ], [ 8.662006798352666, 49.406819526924536 ], [ 8.662613201085289, 49.406781226757765 ], [ 8.662633378192748, 49.406779558859135 ], [ 8.662681238823977, 49.406774662227036 ], [ 8.662838886061294, 49.406766340673599 ], [ 8.662851975067683, 49.406765485381939 ], [ 8.66307647607206, 49.406747985305429 ], [ 8.66312189901091, 49.406742407491343 ], [ 8.663255199561888, 49.406719907393871 ], [ 8.663287829501918, 49.406713256877929 ], [ 8.663319289140322, 49.406704529517832 ], [ 8.663349268905673, 49.406693811193378 ], [ 8.663377473789458, 49.406681207375989 ], [ 8.663416373849833, 49.406661907306543 ], [ 8.663441937273072, 49.406647898752468 ], [ 8.663465303647463, 49.406632341929772 ], [ 8.663486253714733, 49.40661538281725 ], [ 8.66350459089084, 49.406597180552069 ], [ 8.663520143110594, 49.406577905936452 ], [ 8.663532764442166, 49.406557739834845 ], [ 8.663542336456352, 49.406536871476852 ], [ 8.663554536251299, 49.406504671441425 ], [ 8.663561858611121, 49.40647905332083 ], [ 8.663564589846327, 49.406453054425207 ], [ 8.663573341526714, 49.40590750728721 ], [ 8.663734018962515, 49.405887174753651 ], [ 8.663925412695068, 49.405864853256297 ], [ 8.663925193495977, 49.406139868221075 ], [ 8.663924992110212, 49.406340052890918 ], [ 8.663924993067095, 49.406340750620956 ], [ 8.663925392321696, 49.406447250620538 ], [ 8.663927103417015, 49.406469088583094 ], [ 8.663932056771621, 49.406490714855259 ], [ 8.663940205553262, 49.406511924949655 ], [ 8.663951472715038, 49.40653251831381 ], [ 8.663965751723778, 49.406552300226494 ], [ 8.663982907567229, 49.406571083639001 ], [ 8.66400277803057, 49.406588690943742 ], [ 8.664025175230144, 49.406604955653698 ], [ 8.664049887389945, 49.406619723976668 ], [ 8.664076680844049, 49.406632856269582 ], [ 8.664105302246046, 49.406644228358822 ], [ 8.664135480964609, 49.406653732714453 ], [ 8.664166931642505, 49.406661279467095 ], [ 8.664199356894912, 49.406666797257522 ], [ 8.664232450121434, 49.406670233911697 ], [ 8.66426589840532, 49.406671556933908 ], [ 8.664299385472393, 49.406670753814154 ], [ 8.664332594681737, 49.406667832146425 ], [ 8.664587295788008, 49.406637132012087 ], [ 8.66462327526226, 49.406631476526861 ], [ 8.664658117834223, 49.406623335898985 ], [ 8.664691421653297, 49.406612804017058 ], [ 8.664722802616499, 49.406600002348782 ], [ 8.664760102687733, 49.406582902285564 ], [ 8.664787303656377, 49.406569054925335 ], [ 8.664812246541427, 49.406553502218074 ], [ 8.664834681357636, 49.406536400039151 ], [ 8.664854383257314, 49.40651791979321 ], [ 8.664869583200025, 49.406502019755003 ], [ 8.664886052893532, 49.40648274560089 ], [ 8.664899548146773, 49.40646251084403 ], [ 8.6649099389961, 49.406441510357254 ], [ 8.664917125375549, 49.406419946387565 ], [ 8.664921038080394, 49.406398026608393 ], [ 8.664921639433469, 49.406375962119547 ], [ 8.664918923647853, 49.406353965414162 ], [ 8.664912916882438, 49.406332248332305 ], [ 8.664903676989818, 49.406311020020873 ], [ 8.664891292959004, 49.406290484919339 ], [ 8.66488060043754, 49.406276853495072 ], [ 8.664892156722869, 49.406266781602717 ], [ 8.664909674397771, 49.406247905028067 ], [ 8.664924272318492, 49.406227998901038 ], [ 8.664935031489669, 49.406208654474021 ], [ 8.664934993718896, 49.406219698662866 ], [ 8.664935158778993, 49.406221995734526 ], [ 8.664935049968188, 49.40622429423545 ], [ 8.664940348639584, 49.406414194248271 ], [ 8.664940994138398, 49.406420444246187 ], [ 8.66494123243351, 49.406426706495715 ], [ 8.664942130475101, 49.406431446748257 ], [ 8.664942622658394, 49.406436212279189 ], [ 8.664944203845444, 49.406442390895094 ], [ 8.664945381629311, 49.406448607748551 ], [ 8.66494698736855, 49.406453267736097 ], [ 8.664948193000264, 49.406457978839242 ], [ 8.664950694649091, 49.406464026569623 ], [ 8.664952800580197, 49.406470138155164 ], [ 8.66495509855387, 49.406474672999444 ], [ 8.664957006023968, 49.406479284304091 ], [ 8.664960404043454, 49.40648514290578 ], [ 8.664963417841637, 49.406491090365328 ], [ 8.664966385919834, 49.406495456393159 ], [ 8.664968976859113, 49.40649992348974 ], [ 8.664973238525498, 49.40650553654099 ], [ 8.664977131167179, 49.406511262596972 ], [ 8.664980740766357, 49.406515417760836 ], [ 8.664983990223353, 49.406519697628624 ], [ 8.664989074495372, 49.406525011072446 ], [ 8.664993808492991, 49.406530460579411 ], [ 8.66499802485124, 49.406534364862516 ], [ 8.66500190153249, 49.40653841628383 ], [ 8.665007759446485, 49.406543378948477 ], [ 8.665013289209604, 49.406548499424353 ], [ 8.665018071721519, 49.406552115226063 ], [ 8.665022538292785, 49.406555899183175 ], [ 8.66502911343397, 49.40656046327485 ], [ 8.665035385708572, 49.406565205406523 ], [ 8.66504068831639, 49.406568497904523 ], [ 8.665045701762104, 49.406571977955394 ], [ 8.665052930808267, 49.406576099518929 ], [ 8.665059885189203, 49.406580417636746 ], [ 8.665065656825725, 49.406583355121988 ], [ 8.665071168863863, 49.406586497751718 ], [ 8.665078982195414, 49.406590137093907 ], [ 8.665086551707891, 49.406593989611494 ], [ 8.66509273678879, 49.406596543794002 ], [ 8.66509869433537, 49.406599318737122 ], [ 8.665107016705532, 49.406602440808797 ], [ 8.66511512845042, 49.406605790623821 ], [ 8.665121667409281, 49.406607936905026 ], [ 8.665128013089857, 49.406610317437156 ], [ 8.665136764348901, 49.406612892170592 ], [ 8.66514534020525, 49.406615707022262 ], [ 8.665152170068012, 49.406617424732126 ], [ 8.665158842769468, 49.406619387927073 ], [ 8.665167938636927, 49.406621390525771 ], [ 8.665176896014026, 49.406623643305295 ], [ 8.665183951004645, 49.406624915901098 ], [ 8.665190886464606, 49.406626442852009 ], [ 8.665200239341209, 49.406627854029566 ], [ 8.66520949197378, 49.406629523041197 ], [ 8.665216704148285, 49.406630338267007 ], [ 8.665223835573441, 49.406631414268283 ], [ 8.665233355384343, 49.406632220434091 ], [ 8.665242814163792, 49.406633289604166 ], [ 8.665250114063756, 49.406633639608742 ], [ 8.665257372774061, 49.406634254297849 ], [ 8.665266967837848, 49.406634447688042 ], [ 8.66527654166898, 49.406634906719638 ], [ 8.665283858991041, 49.406634788132202 ], [ 8.665291175080595, 49.406634935589274 ], [ 8.665300752990113, 49.406634514341327 ], [ 8.665310349670637, 49.406634358813704 ], [ 8.665540050711629, 49.406623258765798 ], [ 8.665569375944996, 49.406621013952197 ], [ 8.665598299055569, 49.406617139297751 ], [ 8.666223201655102, 49.40651503885482 ], [ 8.666227567067725, 49.406514248798935 ], [ 8.6662293427508, 49.406513996165224 ], [ 8.66623162644548, 49.406513514129479 ], [ 8.666239938042311, 49.406512009890001 ], [ 8.666919940743247, 49.406376809310103 ], [ 8.666951768035814, 49.406369349203992 ], [ 8.666982321498876, 49.406359889314864 ], [ 8.667011306883063, 49.40634852074767 ], [ 8.667038445041184, 49.406335352989238 ], [ 8.667063474616647, 49.406320512853647 ], [ 8.667086154560517, 49.406304143260918 ], [ 8.66710626645297, 49.406286401860626 ], [ 8.667123616606773, 49.406267459513529 ], [ 8.667138037932554, 49.406247498646081 ], [ 8.667149391547875, 49.406226711493424 ], [ 8.667157568114648, 49.406205298248125 ], [ 8.667162488891982, 49.406183465132145 ], [ 8.667164106494349, 49.406161422410726 ], [ 8.667162405347778, 49.406139382367471 ], [ 8.667157401839662, 49.40611755725994 ], [ 8.667149144160767, 49.4060961572754 ], [ 8.667137711840981, 49.40607538850675 ], [ 8.667123214983226, 49.406055450967678 ], [ 8.667105793202989, 49.406036536666477 ], [ 8.667085614283634, 49.406018827756945 ], [ 8.667062872560479, 49.406002494784161 ], [ 8.667037787049189, 49.405987695042192 ], [ 8.667010599336516, 49.405974571059168 ], [ 8.666981571253713, 49.405963249224882 ], [ 8.666950982354992, 49.405953838573502 ], [ 8.666919127225354, 49.405946429733632 ], [ 8.666886312643681, 49.405941094055528 ], [ 8.666852854628415, 49.405937882924029 ], [ 8.666819075394281, 49.405936827263616 ], [ 8.666785300249352, 49.405937937240779 ], [ 8.666751854462312, 49.405941202165941 ], [ 8.666719060130124, 49.405946590596493 ], [ 8.666571644844732, 49.405975900220817 ], [ 8.666570417095233, 49.405965365841595 ], [ 8.666564559702937, 49.405943631394877 ], [ 8.666555465881711, 49.405922376251141 ], [ 8.666543223213827, 49.405901805108357 ], [ 8.666527949606161, 49.405882116076889 ], [ 8.666509792154546, 49.405863498771716 ], [ 8.666488925727059, 49.405846132486381 ], [ 8.666474899337214, 49.405836562501555 ], [ 8.666485668868189, 49.405580565525291 ], [ 8.666778496240058, 49.405541317390224 ], [ 8.666832659965356, 49.40562985982006 ], [ 8.666821608555241, 49.405644023588223 ], [ 8.666809292036183, 49.405664575935027 ], [ 8.666800121879685, 49.405685817100988 ], [ 8.66679418640315, 49.40570754252284 ], [ 8.666791542772629, 49.405729542973397 ], [ 8.666792216452111, 49.405751606576537 ], [ 8.666796200958135, 49.405773520847632 ], [ 8.666803457922054, 49.405795074739963 ], [ 8.666813917459375, 49.405816060677147 ], [ 8.66682747884264, 49.405836276552321 ], [ 8.666844011471339, 49.405855527674504 ], [ 8.666863356129548, 49.405873628643654 ], [ 8.666885326519186, 49.405890405136162 ], [ 8.666909711054096, 49.40590569558384 ], [ 8.666936274897713, 49.405919352729889 ], [ 8.666964762224676, 49.405931245047114 ], [ 8.66699489868461, 49.405941258004695 ], [ 8.667026394044324, 49.405949295171212 ], [ 8.667055879663351, 49.405954715633129 ], [ 8.667057575184065, 49.405955867121179 ], [ 8.667064361470725, 49.405960849994948 ], [ 8.667069283874829, 49.405963818906926 ], [ 8.667073928049378, 49.405966972930017 ], [ 8.667081694028424, 49.405971304000168 ], [ 8.667089196098237, 49.405975828818626 ], [ 8.667094540750576, 49.405978468590042 ], [ 8.667099636317966, 49.405981310377243 ], [ 8.667108015458803, 49.405985123868518 ], [ 8.667116161062571, 49.405989147054811 ], [ 8.667121876491283, 49.405991432263079 ], [ 8.667127374377978, 49.405993934445981 ], [ 8.667136285983929, 49.405997193631705 ], [ 8.667144996675182, 49.4060006764402 ], [ 8.667151027837358, 49.406002585077267 ], [ 8.667156875095211, 49.406004723558191 ], [ 8.667166233342245, 49.406007397050374 ], [ 8.667175425231354, 49.406010305939198 ], [ 8.667181714042478, 49.406011819623416 ], [ 8.667187854359327, 49.40601357380762 ], [ 8.667197569121816, 49.406015635858786 ], [ 8.66720715368472, 49.406017942813364 ], [ 8.667213639579574, 49.406019046966996 ], [ 8.667220013820069, 49.406020399960447 ], [ 8.667229991537914, 49.406021830711502 ], [ 8.667239876469559, 49.406023513514484 ], [ 8.667246496985026, 49.406024197503818 ], [ 8.667253043760672, 49.406025136276227 ], [ 8.667263188341526, 49.406025921948078 ], [ 8.667273278443693, 49.406026964392936 ], [ 8.66727996981947, 49.406027221630644 ], [ 8.667286626080722, 49.406027737141059 ], [ 8.667296839826154, 49.4060278701672 ], [ 8.667307037923633, 49.406028262214413 ], [ 8.667313735716782, 49.406028090223124 ], [ 8.667320437359802, 49.406028177506847 ], [ 8.667330621904286, 49.406027656606099 ], [ 8.667340829782724, 49.406027394480034 ], [ 8.667347469489615, 49.40602679491613 ], [ 8.667354151972376, 49.406026453132533 ], [ 8.667364209231337, 49.406025283321561 ], [ 8.667374328582458, 49.406024369546643 ], [ 8.667380846258119, 49.40602334818432 ], [ 8.6673874452239, 49.406022580625027 ], [ 8.667397278339459, 49.406020773169899 ], [ 8.6674072117068, 49.40601921654639 ], [ 8.667413544581523, 49.406017783222062 ], [ 8.667419996477989, 49.406016597279184 ], [ 8.667523696877456, 49.405993897182583 ], [ 8.667555192612621, 49.405985860593667 ], [ 8.667585329531914, 49.405975848188689 ], [ 8.667613817397703, 49.405963956393734 ], [ 8.667640381854392, 49.405950299734563 ], [ 8.66766476707069, 49.405935009733703 ], [ 8.667686738203439, 49.405918233643625 ], [ 8.667706083659299, 49.405900133028688 ], [ 8.66772261713248, 49.405880882209054 ], [ 8.667736179398895, 49.405860666581873 ], [ 8.667746639849517, 49.405839680835733 ], [ 8.667753897748067, 49.405818127075726 ], [ 8.667757883201043, 49.405796212876922 ], [ 8.66775855783067, 49.405774149285399 ], [ 8.667755915144333, 49.40575214878568 ], [ 8.667749980596939, 49.405730423254347 ], [ 8.667740811345599, 49.405709181919697 ], [ 8.667728495699007, 49.405688629346635 ], [ 8.667713152266851, 49.405668963466724 ], [ 8.667694928817392, 49.405650373671968 ], [ 8.667674000854289, 49.405633038990935 ], [ 8.667650569926318, 49.405617126364717 ], [ 8.667624861686317, 49.405602789039136 ], [ 8.667597123718012, 49.405590165089095 ], [ 8.667567623151683, 49.405579376088731 ], [ 8.667538836853645, 49.40557115237263 ], [ 8.667478030669493, 49.405471753518633 ], [ 8.667590749778343, 49.405467762883404 ], [ 8.6677445376449, 49.40546595024545 ], [ 8.667907852355864, 49.405464758892712 ], [ 8.667918481479836, 49.405464340366088 ], [ 8.667929126897278, 49.405464174354123 ], [ 8.668138727847325, 49.405454174310982 ], [ 8.668151017707185, 49.405453443368209 ], [ 8.66829411834957, 49.405443243323667 ], [ 8.668296761080324, 49.405443048214067 ], [ 8.668381861461345, 49.405436548185634 ], [ 8.668383516723562, 49.405436367651852 ], [ 8.668385189952595, 49.405436283233193 ], [ 8.668467290318876, 49.405429483203434 ], [ 8.66847462407223, 49.405428823468 ], [ 8.668546538398816, 49.405421839663674 ], [ 8.668705542662085, 49.405409055873335 ], [ 8.668851544152092, 49.405401311937077 ], [ 8.668963970445887, 49.405395981805938 ], [ 8.668991612461285, 49.40539393659229 ], [ 8.669035404838516, 49.40538952175114 ], [ 8.669056352035971, 49.405396204643864 ], [ 8.669085172781525, 49.405405549562118 ], [ 8.669113727794825, 49.405415293465076 ], [ 8.669136869690716, 49.405424562352238 ], [ 8.669164320530959, 49.405436409578947 ], [ 8.669164560504868, 49.405436538795961 ], [ 8.6691754500727, 49.405442887199833 ], [ 8.669202594494756, 49.40546069336289 ], [ 8.669205975749829, 49.405462880956328 ], [ 8.669210173233415, 49.405465559358959 ], [ 8.669659276215961, 49.405886896259638 ], [ 8.669224088827495, 49.406004146277077 ], [ 8.669194314577553, 49.406013276711455 ], [ 8.668903515426043, 49.406113776311081 ], [ 8.668867115937228, 49.406128306536871 ], [ 8.6686380163778, 49.406233006149463 ], [ 8.668601988473446, 49.406251945010148 ], [ 8.668384788585927, 49.406382744575126 ], [ 8.668383424971472, 49.406383653417514 ], [ 8.668381889741589, 49.406384510537833 ], [ 8.668369461467007, 49.406392960025158 ], [ 8.668360365950827, 49.406399022142345 ], [ 8.668235265848214, 49.406491321865232 ], [ 8.668216215721298, 49.406506688258588 ], [ 8.668199306940112, 49.406523086857582 ], [ 8.66811010658548, 49.406618386631884 ], [ 8.668096390389522, 49.406634488364823 ], [ 8.668084739982367, 49.406651268689195 ], [ 8.668015739380291, 49.40676256849892 ], [ 8.668010579217579, 49.406771424142939 ], [ 8.667967278762324, 49.40685072402146 ], [ 8.667964328865589, 49.406857100088189 ], [ 8.66796100080014, 49.406863396384786 ], [ 8.667959959381518, 49.406866247769308 ], [ 8.667958605799317, 49.406869042774993 ], [ 8.667958147032826, 49.406870461836654 ], [ 8.667957504685745, 49.406871850240456 ], [ 8.667955526731946, 49.40687838428012 ], [ 8.66795316044772, 49.406884863121647 ], [ 8.667924959795231, 49.40698326303837 ], [ 8.667923851091, 49.406988558127736 ], [ 8.667922332947725, 49.406993809797932 ], [ 8.667918032809791, 49.407014109785052 ], [ 8.667917080749339, 49.407018998631358 ], [ 8.667907680386765, 49.407071898602993 ], [ 8.667907623241181, 49.407072459761913 ], [ 8.66790748632932, 49.407073015017481 ], [ 8.667907083759594, 49.40707729100518 ], [ 8.667906288406547, 49.407081543503899 ], [ 8.667906067511364, 49.407087736736948 ], [ 8.667905438040913, 49.40709391801871 ], [ 8.667905465461805, 49.40709448013051 ], [ 8.667905412613671, 49.407095041469226 ], [ 8.667903928278909, 49.407173978690189 ], [ 8.667890678760614, 49.407607427581816 ], [ 8.667884199818371, 49.407759207917664 ], [ 8.667878342646411, 49.40778144069084 ], [ 8.667872450762163, 49.407792658196122 ], [ 8.667858697167155, 49.407806773637184 ], [ 8.667845509238854, 49.407818516257187 ], [ 8.667810116047999, 49.407841179808024 ], [ 8.667764310354622, 49.407863910406093 ], [ 8.667734036610101, 49.407875443248827 ], [ 8.667720730288526, 49.407878439159568 ], [ 8.667437474955767, 49.407896832365623 ], [ 8.667436095718376, 49.407896966795107 ], [ 8.667434703540216, 49.407897019709701 ], [ 8.666876806046139, 49.407936219538492 ], [ 8.666871847192139, 49.407936729613731 ], [ 8.666866846219435, 49.40793701519862 ], [ 8.666280548824869, 49.407989514968619 ], [ 8.666260899486781, 49.407991653628088 ], [ 8.66535070341342, 49.40810845311745 ], [ 8.665330511071749, 49.408111458045049 ], [ 8.664840513095207, 49.40819455768515 ], [ 8.664832588823328, 49.408195967547456 ], [ 8.664339290817345, 49.408287867151536 ], [ 8.66432137231098, 49.408291552779211 ], [ 8.663489575481586, 49.408479051983413 ], [ 8.663473160449787, 49.408483059769637 ], [ 8.66268827342615, 49.408689682619034 ], [ 8.662686083615473, 49.408687748882819 ], [ 8.662663415776315, 49.408671371522246 ], [ 8.662638396991447, 49.408656522801252 ], [ 8.662611268205042, 49.408643345719732 ], [ 8.662582290680881, 49.408631967178792 ], [ 8.662551743486294, 49.408622496758717 ], [ 8.662519920804669, 49.408615025663714 ], [ 8.662487129102413, 49.408609625843603 ], [ 8.662453684177637, 49.408606349300904 ], [ 8.662419908119007, 49.40860522759008 ], [ 8.662386126204016, 49.408606271513641 ], [ 8.662352663766542, 49.408609471018217 ], [ 8.662319843063894, 49.408614795291186 ], [ 8.662287980173446, 49.408622193057575 ], [ 8.662032605351095, 49.408690871098045 ], [ 8.661934220430801, 49.408716941745311 ], [ 8.661931252506184, 49.408712787486643 ], [ 8.661931192870231, 49.408712713700211 ], [ 8.661931144517572, 49.408712636478434 ], [ 8.661775743436813, 49.408495536892154 ], [ 8.661731557893095, 49.408433883147332 ], [ 8.661719326102643, 49.408410955930542 ], [ 8.661713175430565, 49.408396672926749 ], [ 8.661700805136157, 49.408367942370234 ], [ 8.661700146722206, 49.40836640963493 ], [ 8.662483640028922, 49.408185719785827 ], [ 8.6625149350937, 49.408177353836521 ], [ 8.662544822780276, 49.40816702658222 ], [ 8.66257301525139, 49.408154837481185 ], [ 8.662599240996377, 49.408140903922494 ], [ 8.662623247446069, 49.408125360095283 ], [ 8.662644803405179, 49.408108355696591 ], [ 8.662663701278859, 49.408090054489449 ], [ 8.662679759071908, 49.408070632725845 ], [ 8.662692822141429, 49.408050277449163 ], [ 8.66270276468603, 49.408029184692921 ], [ 8.662709490957234, 49.40800755759264 ], [ 8.66271293618146, 49.407985604429754 ], [ 8.662713067183665, 49.407963536625481 ], [ 8.66270988270667, 49.407941566704856 ], [ 8.662703413423095, 49.407919906250008 ], [ 8.662693721639798, 49.407898763862384 ], [ 8.662680900697673, 49.407878343153975 ], [ 8.662665074072581, 49.407858840786353 ], [ 8.66264639418608, 49.407840444576806 ], [ 8.662625040937431, 49.407823331689578 ], [ 8.662601219971009, 49.407807666929699 ], [ 8.662575160695795, 49.407793601155937 ], [ 8.662547114076029, 49.407781269827964 ], [ 8.662517350214342, 49.407770791701907 ], [ 8.662486155750564, 49.4077622676866 ], [ 8.662453831101324, 49.40775577987197 ], [ 8.662420687567002, 49.407751390738383 ], [ 8.662387044333862, 49.407749142555033 ], [ 8.662353225400283, 49.407749056972861 ], [ 8.662319556456643, 49.407751134816031 ], [ 8.662286361748906, 49.407755356074063 ], [ 8.66225396095613, 49.407761680094445 ], [ 8.661171705441829, 49.408011270524455 ], [ 8.660037007290059, 49.408246371904731 ], [ 8.660005314628334, 49.408254074303109 ], [ 8.659974931563692, 49.408263766612336 ], [ 8.659946150698913, 49.408275355491277 ], [ 8.659919249207451, 49.408288729334004 ], [ 8.659894486164184, 49.408303759344442 ], [ 8.659872100050418, 49.408320300776857 ], [ 8.6598523064572, 49.408338194329588 ], [ 8.659835296009042, 49.408357267679357 ], [ 8.659821232528037, 49.4083773371406 ], [ 8.65981025145609, 49.408398209434552 ], [ 8.659802458550429, 49.40841968355047 ], [ 8.659797928864952, 49.408441552681559 ], [ 8.659796706027295, 49.408463606216507 ], [ 8.659798801818479, 49.40848563176786 ], [ 8.659804196059302, 49.408507417217308 ], [ 8.659812836804496, 49.408528752758649 ], [ 8.659824640842833, 49.408549432918242 ], [ 8.659839494498341, 49.408569258533916 ], [ 8.659853611642081, 49.408584186379684 ], [ 8.659838762384691, 49.40859491262357 ], [ 8.659818697664862, 49.408612619475157 ], [ 8.659801383376276, 49.408631522020976 ], [ 8.659786985566107, 49.408651438985679 ], [ 8.659775642313042, 49.408672179365475 ], [ 8.659767462402984, 49.408693544259741 ], [ 8.659762524285668, 49.408715328778499 ], [ 8.659760875322164, 49.408737324007291 ], [ 8.659762531330525, 49.408759319010677 ], [ 8.659767476433929, 49.408781102855073 ], [ 8.659871958403345, 49.409124397654232 ], [ 8.659864321121917, 49.409125458875771 ], [ 8.659832142544868, 49.409129936254892 ], [ 8.659824316982276, 49.409108457402724 ], [ 8.659763147723897, 49.40893802492414 ], [ 8.659753829615239, 49.408916811098322 ], [ 8.659741369750824, 49.40889629538362 ], [ 8.659725888129206, 49.408876675356581 ], [ 8.659707533849454, 49.408858139967634 ], [ 8.659686483675161, 49.408840867721381 ], [ 8.659662940332021, 49.408825024957608 ], [ 8.659637130555458, 49.408810764249367 ], [ 8.659609302907004, 49.408798222933626 ], [ 8.659579725380569, 49.408787521788803 ], [ 8.659548682821562, 49.408778763871517 ], [ 8.659516474183759, 49.408772033524272 ], [ 8.659483409650345, 49.408767395563117 ], [ 8.659449807646805, 49.408764894653565 ], [ 8.659415991774477, 49.408764554880413 ], [ 8.659382287694253, 49.408766379515818 ], [ 8.65934901999047, 49.408770350987744 ], [ 8.659316509045137, 49.40877643104929 ], [ 8.659285067952657, 49.408784561146838 ], [ 8.659254999504686, 49.408794662984128 ], [ 8.659226593274225, 49.408806639276087 ], [ 8.65920012282696, 49.408820374685781 ], [ 8.659175843086757, 49.408835736935124 ], [ 8.659153987880632, 49.408852578078658 ], [ 8.659134767686886, 49.40887073592841 ], [ 8.65911836760805, 49.408890035615698 ], [ 8.659104945588192, 49.40891029127522 ], [ 8.65909463089173, 49.408931307834941 ], [ 8.659087522858441, 49.408952882894766 ], [ 8.659083689946613, 49.408974808675644 ], [ 8.659083169073609, 49.408996874020666 ], [ 8.659085965260164, 49.409018866428575 ], [ 8.659092051581853, 49.409040574100189 ], [ 8.659153350479766, 49.40921137427415 ], [ 8.659153616045744, 49.409212108678908 ], [ 8.659154003704522, 49.40921317272727 ], [ 8.659142192485678, 49.409214449085091 ], [ 8.659140494092716, 49.409214689012828 ], [ 8.659138769934563, 49.409214830503167 ], [ 8.658869671109045, 49.409245730367907 ], [ 8.658863907417993, 49.409246425211343 ], [ 8.658663538631821, 49.409271731817547 ], [ 8.658606287488411, 49.409094305982045 ], [ 8.658553963964774, 49.408913152429129 ], [ 8.658546077047484, 49.40889169292273 ], [ 8.658535004578553, 49.408870841175691 ], [ 8.658520853195411, 49.408850798000863 ], [ 8.658503759186511, 49.408831756423893 ], [ 8.658483887178686, 49.408813899824295 ], [ 8.658461428551629, 49.40879740016954 ], [ 8.658436599594731, 49.408782416358918 ], [ 8.658409639424091, 49.408769092693241 ], [ 8.658380807679697, 49.408757557485345 ], [ 8.658350382025009, 49.408747921824293 ], [ 8.658318655472977, 49.408740278505618 ], [ 8.658285933564271, 49.408734701137703 ], [ 8.658252531424893, 49.408731243432996 ], [ 8.658218770731482, 49.408729938690577 ], [ 8.658184976613562, 49.40873079947567 ], [ 8.65815147452253, 49.408733817498536 ], [ 8.658118587097558, 49.408738963694347 ], [ 8.658086631058559, 49.408746188503073 ], [ 8.658055914156156, 49.408755422346751 ], [ 8.658026732208013, 49.408766576299485 ], [ 8.657999366250056, 49.408779542943854 ], [ 8.657974079830034, 49.408794197405385 ], [ 8.657951116469452, 49.408810398554991 ], [ 8.657930697318356, 49.408827990368195 ], [ 8.657913019025528, 49.4088468034276 ], [ 8.657898251844589, 49.408866656554444 ], [ 8.657886537994305, 49.408887358553415 ], [ 8.657877990288823, 49.408908710053872 ], [ 8.657872691051088, 49.4089305054299 ], [ 8.657870691319877, 49.408952534780582 ], [ 8.657871174042475, 49.40896060475022 ], [ 8.657508207397033, 49.409008852976676 ], [ 8.65747616649316, 49.409014167984878 ], [ 8.657445053506507, 49.409021461836048 ], [ 8.657415154753883, 49.409030667408686 ], [ 8.657386745378554, 49.409041699988776 ], [ 8.657360086818326, 49.409054458049155 ], [ 8.657335424399699, 49.40906882418394 ], [ 8.657314221714913, 49.409083793133313 ], [ 8.657242852722488, 49.409092972424418 ], [ 8.657241912494367, 49.409093094239481 ], [ 8.656950908493362, 49.409131070186746 ], [ 8.656944803390735, 49.409124593932923 ], [ 8.656924769725491, 49.409107320563535 ], [ 8.656902281895549, 49.409091385127624 ], [ 8.656877548580438, 49.409076935499023 ], [ 8.656850799296182, 49.409064105763896 ], [ 8.656822282265509, 49.409053014976358 ], [ 8.656792262114461, 49.409043766053827 ], [ 8.656761017416835, 49.409036444822021 ], [ 8.656728838109222, 49.40903111921849 ], [ 8.656696022800604, 49.40902783866234 ], [ 8.656662876001519, 49.409026633595538 ], [ 8.656629705298442, 49.409027515200556 ], [ 8.656596818499661, 49.40903047529649 ], [ 8.656334319638233, 49.409062575156085 ], [ 8.656327987349005, 49.409063389618474 ], [ 8.656068688460813, 49.40909838946569 ], [ 8.655598453996175, 49.4091618941139 ], [ 8.655565711929549, 49.409167421588037 ], [ 8.655533957829302, 49.409175016524081 ], [ 8.655503497501376, 49.409184605779565 ], [ 8.655474624292605, 49.409196097005832 ], [ 8.655447616265725, 49.40920937953738 ], [ 8.655422733521561, 49.409224325457529 ], [ 8.655412378655472, 49.409231897090784 ], [ 8.655392071785872, 49.409217279672099 ], [ 8.655367011031897, 49.409202460927361 ], [ 8.655339844956426, 49.409189316344026 ], [ 8.655310835182339, 49.409177972510264 ], [ 8.655280261087539, 49.40916853867212 ], [ 8.655248417114459, 49.409161105681498 ], [ 8.655215609934549, 49.40915574512124 ], [ 8.655182155494968, 49.409152508615776 ], [ 8.655148375976013, 49.409151427334002 ], [ 8.655114596688495, 49.409152511689108 ], [ 8.655081142940993, 49.409155751238288 ], [ 8.655048336907132, 49.409161114783309 ], [ 8.655016494523023, 49.409168550670991 ], [ 8.654985922444787, 49.409177987290576 ], [ 8.654956915095422, 49.409189333763322 ], [ 8.654929751829451, 49.409202480817818 ], [ 8.654904694242671, 49.409217301842091 ], [ 8.65488198365289, 49.409233654102977 ], [ 8.654861838775926, 49.409251380120722 ], [ 8.654844453619226, 49.409270309185466 ], [ 8.654829995613444, 49.409290259001232 ], [ 8.65481860399988, 49.409311037441505 ], [ 8.654810388489429, 49.40933244439946 ], [ 8.654805428205858, 49.40935427371511 ], [ 8.654803770923658, 49.409376315160571 ], [ 8.654805432607786, 49.409398356464891 ], [ 8.654810397259732, 49.409420185358101 ], [ 8.654910117319472, 49.40974718868673 ], [ 8.654428378714119, 49.409808254121145 ], [ 8.653851884187242, 49.409881353423103 ], [ 8.65341050261785, 49.409937272750426 ], [ 8.653267543274179, 49.409484431687673 ], [ 8.653259102763387, 49.409463062028323 ], [ 8.653247492825862, 49.409442335095662 ], [ 8.653232825275053, 49.409422450500514 ], [ 8.65321524137028, 49.409403599741282 ], [ 8.653194910456213, 49.409385964359764 ], [ 8.653172028331912, 49.409369714192991 ], [ 8.653146815365133, 49.409355005737517 ], [ 8.653119514370053, 49.409341980642367 ], [ 8.65309038826884, 49.409330764344944 ], [ 8.653059717559639, 49.409321464863091 ], [ 8.653027797615291, 49.409314171754765 ], [ 8.652994935838846, 49.409308955255717 ], [ 8.652961448703234, 49.409305865602995 ], [ 8.652927658703618, 49.409304932551208 ], [ 8.652893891251731, 49.409306165086065 ], [ 8.65286047154218, 49.409309551337728 ], [ 8.652827721420801, 49.40931505869515 ], [ 8.652795956285265, 49.409322634120187 ], [ 8.652765482047789, 49.40933220465822 ], [ 8.652736592189148, 49.409343678140893 ], [ 8.652709564932429, 49.409356944073579 ], [ 8.652684660563635, 49.409371874699445 ], [ 8.652662118925063, 49.409388326229831 ], [ 8.652642157105499, 49.409406140228946 ], [ 8.652624967349507, 49.409425145139615 ], [ 8.652610715205967, 49.409445157935423 ], [ 8.65259953793367, 49.409465985883301 ], [ 8.652591543179319, 49.409487428399657 ], [ 8.652586807940713, 49.409509278981979 ], [ 8.652585377825046, 49.409531327197627 ], [ 8.652587266609547, 49.409553360710348 ], [ 8.652592456108605, 49.409575167325251 ], [ 8.652735376036622, 49.410027903206824 ], [ 8.652595009668374, 49.410047810494824 ], [ 8.652514494495929, 49.409693974586538 ], [ 8.652507891933867, 49.409672331248245 ], [ 8.652498069968361, 49.409651214403922 ], [ 8.652485123194015, 49.40963082741952 ], [ 8.65246917629849, 49.409611366631822 ], [ 8.65245038286159, 49.409593019457688 ], [ 8.652428923876098, 49.409575962589081 ], [ 8.652405006004658, 49.4095603602916 ], [ 8.652378859589456, 49.409546362822432 ], [ 8.652350736433915, 49.40953410498345 ], [ 8.652320907377705, 49.40952370482303 ], [ 8.652289659688488, 49.40951526249917 ], [ 8.652257294295463, 49.409508859315075 ], [ 8.652224122891367, 49.409504556936071 ], [ 8.652190464930856, 49.409502396795887 ], [ 8.652156644554134, 49.409502399697544 ], [ 8.652122987465473, 49.409504565613084 ], [ 8.652089817796677, 49.409508873683862 ], [ 8.652057454985675, 49.409515282421324 ], [ 8.652026210700328, 49.409523730106606 ], [ 8.651996385837032, 49.409534135384888 ], [ 8.65196826762304, 49.409546398048874 ], [ 8.651942126850416, 49.409560400003684 ], [ 8.651918215268207, 49.409576006404279 ], [ 8.651916847862729, 49.409577093881865 ], [ 8.651912107304526, 49.409565417657959 ], [ 8.651900283726292, 49.409544742204169 ], [ 8.651885411290113, 49.409524922502108 ], [ 8.651867633228418, 49.409506149425212 ], [ 8.651847120755663, 49.409488603767208 ], [ 8.651824071419359, 49.409472454500985 ], [ 8.651798707197546, 49.409457857151338 ], [ 8.651771272361007, 49.409444952297349 ], [ 8.651742031120826, 49.409433864218421 ], [ 8.651711265083941, 49.409424699697567 ], [ 8.65167927054121, 49.409417546993033 ], [ 8.651646355614064, 49.409412474988393 ], [ 8.651612837287281, 49.409409532529182 ], [ 8.65157903835639, 49.409408747952476 ], [ 8.651545284319139, 49.409410128814088 ], [ 8.651511900240946, 49.409413661815726 ], [ 8.651479207624517, 49.409419312933082 ], [ 8.651447521313749, 49.409427027743547 ], [ 8.651417146461769, 49.409436731950187 ], [ 8.651388375592273, 49.409448332097327 ], [ 8.651361485782456, 49.409461716470467 ], [ 8.651336735994699, 49.409476756172197 ], [ 8.651314364582655, 49.409493306363387 ], [ 8.651294586995794, 49.409511207658049 ], [ 8.651277593704478, 49.409530287658328 ], [ 8.651263548365579, 49.409550362614631 ], [ 8.651252586246287, 49.409571239195266 ], [ 8.651244812921304, 49.409592716348193 ], [ 8.651240303255967, 49.409614587237407 ], [ 8.6512391006851, 49.40963664123462 ], [ 8.651241216794546, 49.40965866594793 ], [ 8.651246631209428, 49.409680449267114 ], [ 8.651273530670041, 49.409762849343686 ], [ 8.651283208108788, 49.409786232672559 ], [ 8.651296683751591, 49.40980880121176 ], [ 8.651313801267127, 49.409830293134476 ], [ 8.651374401002268, 49.409897293288111 ], [ 8.651389505978154, 49.409912550292852 ], [ 8.651406448813033, 49.409926962078046 ], [ 8.651554088544325, 49.410042560939864 ], [ 8.651687464812156, 49.410159931493112 ], [ 8.651604113950551, 49.410171185904836 ], [ 8.650453677626505, 49.41032627730862 ], [ 8.650118458051798, 49.410371456483652 ], [ 8.650017822554764, 49.410384059790118 ], [ 8.650080807276279, 49.410320499908615 ], [ 8.650098292735784, 49.410300719423503 ], [ 8.650112613603614, 49.410279883857697 ], [ 8.650123622211188, 49.410258208061563 ], [ 8.650131205045483, 49.410235915549379 ], [ 8.650135283919383, 49.410213236194529 ], [ 8.650135816777729, 49.410190403859062 ], [ 8.650132798130791, 49.410167653982207 ], [ 8.650126259110666, 49.410145221152561 ], [ 8.650116267150054, 49.410123336689161 ], [ 8.650102925286737, 49.410102226256186 ], [ 8.650086371100901, 49.410082107536006 ], [ 8.650078973589007, 49.41007496531509 ], [ 8.650143656250682, 49.410040142649471 ], [ 8.650249745966846, 49.410019979527831 ], [ 8.650402113593405, 49.410002941317266 ], [ 8.650435127855204, 49.409998150924814 ], [ 8.650467263531381, 49.409991272130547 ], [ 8.650498211134218, 49.409982371181918 ], [ 8.650527672618374, 49.409971533800963 ], [ 8.650555364251336, 49.409958864358806 ], [ 8.650581019346014, 49.409944484870465 ], [ 8.650604390829136, 49.409928533819659 ], [ 8.650625253620728, 49.409911164825211 ], [ 8.650643406801748, 49.409892545161391 ], [ 8.65065867554901, 49.409872854147046 ], [ 8.650670912818752, 49.409852281418601 ], [ 8.650680000762646, 49.409831025103649 ], [ 8.650685851862617, 49.40980928991285 ], [ 8.650688409773549, 49.409787285168498 ], [ 8.650687649865748, 49.409765222788522 ], [ 8.650683579461987, 49.409743315245649 ], [ 8.650676237766792, 49.409721773521156 ], [ 8.650665695488733, 49.409700805073044 ], [ 8.650652054159304, 49.409680611838077 ], [ 8.65063544515497, 49.409661388287063 ], [ 8.650616028431836, 49.409643319552131 ], [ 8.650593990985088, 49.409626579643707 ], [ 8.650569545048072, 49.409611329774826 ], [ 8.65054292604834, 49.409597716808662 ], [ 8.65051439034036, 49.409585871844065 ], [ 8.650484212736735, 49.409575908953258 ], [ 8.650452683861664, 49.40956792408317 ], [ 8.650420107352174, 49.409561994131451 ], [ 8.650386796934074, 49.409558176206055 ], [ 8.650353073400719, 49.40955650707518 ], [ 8.650319261523787, 49.40955700281323 ], [ 8.650285686925692, 49.40955965864606 ], [ 8.6501139876769, 49.409578858562021 ], [ 8.650075822531448, 49.409584599621112 ], [ 8.649882723308119, 49.409621299463282 ], [ 8.649849659562239, 49.40962879132141 ], [ 8.649817930896011, 49.409638432775289 ], [ 8.649787864567438, 49.409650124380612 ], [ 8.649759770689382, 49.409663745547228 ], [ 8.649386971116135, 49.409864444847081 ], [ 8.649362651715375, 49.409878862306257 ], [ 8.649340547100056, 49.409894725444367 ], [ 8.649320858205492, 49.409911890063896 ], [ 8.649303764008417, 49.409930200136657 ], [ 8.649289419900025, 49.40994948922193 ], [ 8.649277956273357, 49.409969581979531 ], [ 8.649269477337924, 49.409990295763507 ], [ 8.6492640601723, 49.410011442282503 ], [ 8.64926175402335, 49.410032829311291 ], [ 8.649262579858416, 49.410054262438109 ], [ 8.649266530174581, 49.410075546831926 ], [ 8.649273569066718, 49.410096489013426 ], [ 8.649283632553741, 49.410116898613907 ], [ 8.649296629160053, 49.410136590105623 ], [ 8.649312440746973, 49.410155384488419 ], [ 8.649330923586524, 49.410173110916858 ], [ 8.649371334035212, 49.410208151055535 ], [ 8.649370493711, 49.410208999040343 ], [ 8.649348054844491, 49.410235367472843 ], [ 8.649274966038314, 49.41033673062357 ], [ 8.649006640024426, 49.410085521946733 ], [ 8.64898563741794, 49.410067809336908 ], [ 8.648962038872384, 49.410051547664672 ], [ 8.648936078442942, 49.410036898214969 ], [ 8.6489080136095, 49.410024006282349 ], [ 8.648878122722936, 49.410012999730093 ], [ 8.64884670224443, 49.410003987721964 ], [ 8.648814063805212, 49.40999705963975 ], [ 8.648780531115863, 49.409992284196541 ], [ 8.648746436755843, 49.409989708755532 ], [ 8.648582737498446, 49.409982708788831 ], [ 8.648550437294688, 49.409982317676501 ], [ 8.648518222875738, 49.409983901740944 ], [ 8.648486377309224, 49.40998744706296 ], [ 8.648455180421799, 49.409992922489891 ], [ 8.648424906340409, 49.410000279909184 ], [ 8.648395821083621, 49.410009454671247 ], [ 8.648368180224207, 49.41002036615744 ], [ 8.648057080878427, 49.41015656564668 ], [ 8.648029954461446, 49.410169745508128 ], [ 8.64800493851356, 49.410184596790273 ], [ 8.647982273951596, 49.410200976468552 ], [ 8.647962179048108, 49.410218726799151 ], [ 8.647944847329295, 49.410237676838072 ], [ 8.647930445711179, 49.410257644087338 ], [ 8.647919112892037, 49.41027843625254 ], [ 8.647910958016546, 49.410299853094692 ], [ 8.647906059624537, 49.410321688358543 ], [ 8.647904469257755, 49.410343671446668 ], [ 8.647903763436664, 49.410343800459366 ], [ 8.647872247223967, 49.410351807408489 ], [ 8.647842085557553, 49.410361791430077 ], [ 8.647813568908118, 49.410373656373693 ], [ 8.647786971904699, 49.410387287974736 ], [ 8.647762550689912, 49.410402554954842 ], [ 8.647740540453196, 49.410419310286073 ], [ 8.647721153165831, 49.410437392606845 ], [ 8.647704575539498, 49.410456627775901 ], [ 8.647690967228099, 49.410476830549278 ], [ 8.647680459290104, 49.410497806364262 ], [ 8.647673152926281, 49.410519353213168 ], [ 8.647669118504924, 49.410541263588676 ], [ 8.647668394884032, 49.41056332648224 ], [ 8.647670989036909, 49.410585329416222 ], [ 8.647676875984841, 49.410607060490086 ], [ 8.647679311373137, 49.410612733134506 ], [ 8.647650881303324, 49.410624690281999 ], [ 8.647624988548058, 49.410636718028805 ], [ 8.647600904123907, 49.410650251078536 ], [ 8.64757883287856, 49.410665174328038 ], [ 8.64747893279282, 49.410739274106199 ], [ 8.647471017854455, 49.410745811021172 ], [ 8.647303355903469, 49.410756993031733 ], [ 8.647284645682351, 49.410758579605769 ], [ 8.647136149151816, 49.41077387924873 ], [ 8.647040052614683, 49.410783778892245 ], [ 8.647034817861837, 49.410784491486638 ], [ 8.647029521620457, 49.410784973259879 ], [ 8.646830922480769, 49.410809573152363 ], [ 8.646809321501232, 49.410812720788535 ], [ 8.646590122408458, 49.410849520629164 ], [ 8.646565804647619, 49.410854232129005 ], [ 8.64638050536016, 49.410895031955505 ], [ 8.646340334952599, 49.410905758944374 ], [ 8.646106435691175, 49.41097975864448 ], [ 8.646097405255631, 49.410982981870966 ], [ 8.646088191631732, 49.41098597625578 ], [ 8.646086914577758, 49.410986499005382 ], [ 8.646085571071186, 49.410986945243067 ], [ 8.645700339301237, 49.411130843036602 ], [ 8.645690133071689, 49.41112839125369 ], [ 8.64565713737421, 49.411122806263698 ], [ 8.645625337510134, 49.411118506283067 ], [ 8.645591360315381, 49.411115054958259 ], [ 8.645557025140985, 49.411113830007643 ], [ 8.645524525289433, 49.411113730008417 ], [ 8.645491040945434, 49.411114690376145 ], [ 8.645457857912364, 49.411117768415423 ], [ 8.645425958050369, 49.411121768397948 ], [ 8.645392997469541, 49.411127010819364 ], [ 8.645360986520812, 49.411134342291142 ], [ 8.645330886627381, 49.411142342257826 ], [ 8.645300619135613, 49.411151525629897 ], [ 8.645271855166195, 49.41116257644466 ], [ 8.645244755225624, 49.411174176400849 ], [ 8.645217799392499, 49.41118697272163 ], [ 8.645192864353561, 49.41120140839508 ], [ 8.645169664357416, 49.41121620834717 ], [ 8.645145922051208, 49.411232974633869 ], [ 8.645124907190436, 49.411251225080548 ], [ 8.645106707135271, 49.411268825035847 ], [ 8.645089485824535, 49.411287343747468 ], [ 8.645075075153732, 49.411306857662069 ], [ 8.645062475051505, 49.411326257627557 ], [ 8.645050650977943, 49.41134733303506 ], [ 8.645045368446592, 49.411360771614767 ], [ 8.644824762204761, 49.411436242092421 ], [ 8.644823459465696, 49.411436742407311 ], [ 8.644822093462249, 49.41143716482491 ], [ 8.644293794987437, 49.411621764091322 ], [ 8.643865718973153, 49.411771383601675 ], [ 8.643758925775185, 49.41178405737255 ], [ 8.643733210842552, 49.411787776559045 ], [ 8.643553711582669, 49.411818476426212 ], [ 8.643519183867445, 49.411825667147049 ], [ 8.643124837934332, 49.411922975802945 ], [ 8.642975941637541, 49.411955068515319 ], [ 8.642910023119907, 49.41196492741139 ], [ 8.642910023119907, 49.412068010016696 ], [ 8.642910023119907, 49.412424122326513 ], [ 8.642910023119907, 49.412554558593683 ], [ 8.642929706712893, 49.41255216060668 ], [ 8.642962185975563, 49.412546003337248 ], [ 8.642993583849004, 49.412537798573126 ], [ 8.643369762492656, 49.412425222591416 ], [ 8.643455636929197, 49.412564122672691 ], [ 8.643554257516538, 49.412732906081814 ], [ 8.643554453105743, 49.412733240022426 ], [ 8.643673699216244, 49.412936350496636 ], [ 8.643697246502459, 49.412976560930353 ], [ 8.643697943945593, 49.412977741936338 ], [ 8.643987841239632, 49.413464542728768 ], [ 8.644001470868872, 49.413484499081129 ], [ 8.644018004398506, 49.413503498273002 ], [ 8.644037285761568, 49.413521360959237 ], [ 8.644059132952012, 49.413537918522714 ], [ 8.644083339742707, 49.413553014665965 ], [ 8.644109677632104, 49.413566506886731 ], [ 8.644137898001201, 49.413578267823077 ], [ 8.644146862899637, 49.413581248053852 ], [ 8.64397465359828, 49.413625966269407 ], [ 8.643974379501406, 49.413626047822369 ], [ 8.643974094643864, 49.41362611177842 ], [ 8.64315233701136, 49.413840570927974 ], [ 8.643144439451005, 49.413834419347488 ], [ 8.643120283736559, 49.413818972478488 ], [ 8.643093923769133, 49.413805144766116 ], [ 8.643065613408686, 49.413793069377398 ], [ 8.64303562529769, 49.413782862603611 ], [ 8.643004248235522, 49.41377462274037 ], [ 8.642971784397247, 49.413768429141079 ], [ 8.64293854642364, 49.413764341452683 ], [ 8.642910023119907, 49.413762697027686 ], [ 8.642910023119907, 49.413903809076345 ], [ 8.642910023119907, 49.414030372049204 ], [ 8.642910023119907, 49.414375612288318 ], [ 8.642910023119907, 49.414388198760271 ], [ 8.642910023119907, 49.414515636498784 ], [ 8.643034392424306, 49.414482756520499 ], [ 8.643056339293196, 49.414501663761534 ], [ 8.643056504591048, 49.414501792514166 ], [ 8.643056650067237, 49.414501931076337 ], [ 8.643381027857419, 49.414780513335167 ], [ 8.643627406014957, 49.414992195582187 ], [ 8.643631341870364, 49.414995253194419 ], [ 8.643634976448915, 49.414998465648111 ], [ 8.644106275758356, 49.415374866725209 ], [ 8.644112772091409, 49.415379902672996 ], [ 8.644514471684481, 49.415682203569041 ], [ 8.644522156981051, 49.415687795642235 ], [ 8.644834528463388, 49.415907587678404 ], [ 8.644885657856369, 49.415945092802517 ], [ 8.64488095606068, 49.415949781505262 ], [ 8.644865151463929, 49.415969586763921 ], [ 8.644852435314311, 49.415990316973733 ], [ 8.644842932989658, 49.416011767746845 ], [ 8.644836738181743, 49.416033727590779 ], [ 8.644833911972393, 49.416055979993651 ], [ 8.644834482231074, 49.416078305558791 ], [ 8.644838443339941, 49.416100484167899 ], [ 8.64484575624904, 49.416122297151311 ], [ 8.644856348861149, 49.416143529443929 ], [ 8.644870116742446, 49.416163971705714 ], [ 8.644886924152038, 49.4161834223857 ], [ 8.644934423975826, 49.416232522504011 ], [ 8.64495353825018, 49.416250314181234 ], [ 8.644975195082493, 49.416266819342333 ], [ 8.644989376396301, 49.416275721845238 ], [ 8.644688312930835, 49.416313974406663 ], [ 8.644655468874371, 49.416319250565003 ], [ 8.644623575640235, 49.41632660161055 ], [ 8.644592940374244, 49.416335956749556 ], [ 8.64456385810789, 49.416347225888067 ], [ 8.644536608917164, 49.41636030049937 ], [ 8.644511455225322, 49.416375054669153 ], [ 8.644488639275686, 49.416391346308131 ], [ 8.644468380798704, 49.416409018520376 ], [ 8.644450874895828, 49.416427901114155 ], [ 8.644436290160522, 49.416447812241096 ], [ 8.64442476705454, 49.416468560147251 ], [ 8.644416416555092, 49.416489945019904 ], [ 8.644411319085956, 49.416511760911689 ], [ 8.64440952374278, 49.416533797724142 ], [ 8.644411047820117, 49.416555843230832 ], [ 8.644415876644702, 49.416577685121361 ], [ 8.64442396371658, 49.416599113046011 ], [ 8.644435231156775, 49.416619920641473 ], [ 8.644449570457144, 49.416639907518324 ], [ 8.644466843525249, 49.416658881190955 ], [ 8.644486884014137, 49.41667665893123 ], [ 8.64450949892429, 49.416693069528449 ], [ 8.64453447046224, 49.416707954938154 ], [ 8.644561558138047, 49.416721171804276 ], [ 8.644590501081343, 49.416732592839772 ], [ 8.644621020553709, 49.416742108052567 ], [ 8.644652822633164, 49.416749625804854 ], [ 8.644685601044893, 49.416755073695604 ], [ 8.64471904011098, 49.416758399257958 ], [ 8.644752817790696, 49.416759570464521 ], [ 8.644786608782104, 49.416758576035761 ], [ 8.644820087655058, 49.416755425548665 ], [ 8.645260123308768, 49.416699515435184 ], [ 8.644837063246012, 49.417126889914591 ], [ 8.644630496589084, 49.417335496705199 ], [ 8.644063102928072, 49.417835934309224 ], [ 8.643955199210087, 49.417896827188876 ], [ 8.64393239525474, 49.417910931548747 ], [ 8.643911654917217, 49.417926332145797 ], [ 8.643893150568957, 49.417942900988258 ], [ 8.643851736940439, 49.417983775414385 ], [ 8.643824727051642, 49.41799092400997 ], [ 8.643783327187089, 49.418003423958893 ], [ 8.643754445666859, 49.418013250619886 ], [ 8.64372711492325, 49.418024811991167 ], [ 8.643701579027875, 49.418038004826727 ], [ 8.643668879055564, 49.418056604763287 ], [ 8.64364599372108, 49.418070880846209 ], [ 8.643625212994166, 49.418086466751866 ], [ 8.643606712234526, 49.418103230958948 ], [ 8.643583012155307, 49.418126930900115 ], [ 8.643566879491113, 49.418144815899588 ], [ 8.643553342729509, 49.418163594968412 ], [ 8.643542517154918, 49.418183108180777 ], [ 8.643529616991531, 49.418210208144004 ], [ 8.643523159513615, 49.418226383829882 ], [ 8.643513457455818, 49.418234832041193 ], [ 8.643474777390528, 49.418268098707145 ], [ 8.643459588268971, 49.41828226126038 ], [ 8.643384430032516, 49.418358411531258 ], [ 8.643127498112584, 49.418574708693349 ], [ 8.642910023119907, 49.418750940123168 ], [ 8.642910023119907, 49.419468132698213 ], [ 8.643666500505558, 49.418855113788446 ], [ 8.643670459887987, 49.418851843624452 ], [ 8.643884635338139, 49.418671539177389 ], [ 8.643965549138491, 49.418648506767092 ], [ 8.643987037369721, 49.418641804317609 ], [ 8.644049119395504, 49.418620691016429 ], [ 8.644052612064224, 49.418621723531004 ], [ 8.644083862147426, 49.418638155632706 ], [ 8.64407906460503, 49.418640074030627 ], [ 8.644052095969137, 49.418653395015021 ], [ 8.644027258589727, 49.418668376349849 ], [ 8.644004791663974, 49.418684873758075 ], [ 8.643984911561166, 49.418702728362085 ], [ 8.643967809738919, 49.418721768213629 ], [ 8.643953650899293, 49.418741809949822 ], [ 8.643942571402526, 49.418762660558862 ], [ 8.643934677953714, 49.418784119238886 ], [ 8.643932753527748, 49.418793202523418 ], [ 8.643927005861727, 49.418795831519155 ], [ 8.643901345380893, 49.418810210388529 ], [ 8.643877968806038, 49.418826160860107 ], [ 8.643857101266544, 49.41884352932361 ], [ 8.643838943729271, 49.418862148512616 ], [ 8.643823671063096, 49.418881839115478 ], [ 8.643811430354766, 49.41890241150206 ], [ 8.643802339492266, 49.418923667550033 ], [ 8.643796486029364, 49.418945402552801 ], [ 8.643793926342285, 49.418967407190877 ], [ 8.643794685086604, 49.41898946954781 ], [ 8.643798754959642, 49.419011377150987 ], [ 8.64380609677062, 49.419032919017873 ], [ 8.643816639817915, 49.419053887687916 ], [ 8.643830282569811, 49.419074081220529 ], [ 8.643843024944807, 49.419088827913825 ], [ 8.643717873900275, 49.419300611437436 ], [ 8.643714223359757, 49.41930708283811 ], [ 8.643692636942513, 49.419347238737473 ], [ 8.643564435290898, 49.41956921501081 ], [ 8.643562763726417, 49.419572171882486 ], [ 8.643375879699281, 49.419910027228667 ], [ 8.643255122764831, 49.420111779869259 ], [ 8.643244203491413, 49.420130007814201 ], [ 8.643052151961342, 49.420429787698744 ], [ 8.643048712023615, 49.420435365621771 ], [ 8.643022026446436, 49.420480364711658 ], [ 8.64376694832684, 49.420480364711658 ], [ 8.643783046594271, 49.420455235860217 ], [ 8.643845582646238, 49.420464587385496 ], [ 8.643878652936205, 49.420468437086399 ], [ 8.643912140600859, 49.420470168575932 ], [ 8.644295942351819, 49.420477768614305 ], [ 8.644314737741912, 49.420477806331633 ], [ 8.644731760009794, 49.420471223350887 ], [ 8.644842540797903, 49.420469927340299 ], [ 8.64484324013619, 49.420480364711658 ], [ 8.645179621663159, 49.420480364711658 ], [ 8.645533311906958, 49.420480364711658 ], [ 8.645869081032224, 49.420480364711658 ], [ 8.645873581907647, 49.42022609706477 ], [ 8.645872312301721, 49.420204044706487 ], [ 8.64586773545143, 49.420182179718061 ], [ 8.64585989543864, 49.420160712670899 ], [ 8.64584886777093, 49.420139850303762 ], [ 8.645844734926435, 49.420133975271199 ], [ 8.645849749844077, 49.420130881312978 ], [ 8.645871316766931, 49.420116320974039 ], [ 8.645890788673508, 49.420100554134848 ], [ 8.645908007704834, 49.420083708619018 ], [ 8.64592283426669, 49.420065920994972 ], [ 8.64592602307267, 49.420061108087367 ], [ 8.645927615103144, 49.42006337228564 ], [ 8.645944664656856, 49.420082432254716 ], [ 8.645947497539096, 49.420084986119349 ], [ 8.645940859200943, 49.420091387461945 ], [ 8.645924741926517, 49.420110789568312 ], [ 8.645911617404472, 49.420131128829404 ], [ 8.645901612034224, 49.420152209368013 ], [ 8.64589482217662, 49.420173828167876 ], [ 8.645891313225782, 49.420195777028717 ], [ 8.64589111897917, 49.420217844571297 ], [ 8.645894241311934, 49.420239818273132 ], [ 8.645900650158673, 49.420261486515223 ], [ 8.645910283802822, 49.420282640620037 ], [ 8.645923049470857, 49.420303076861167 ], [ 8.645938824225606, 49.420322598425471 ], [ 8.645957456150084, 49.420341017308452 ], [ 8.645978765810433, 49.420358156124834 ], [ 8.646002547983908, 49.420373849817075 ], [ 8.646028573635247, 49.420387947244876 ], [ 8.646056592122395, 49.420400312640915 ], [ 8.646086333610365, 49.420410826918314 ], [ 8.646117511669955, 49.420419388817614 ], [ 8.646149826036313, 49.420425915882028 ], [ 8.646182965500762, 49.420430345251525 ], [ 8.646457969278417, 49.420458009581552 ], [ 8.646461531821606, 49.420465138941211 ], [ 8.646454857242581, 49.420480364711658 ], [ 8.647171172134065, 49.420480364711658 ], [ 8.647175907151885, 49.420467044987156 ], [ 8.647180313488454, 49.42044445562059 ], [ 8.6471811952247, 49.420421691362876 ], [ 8.647178543323777, 49.420398985649314 ], [ 8.647172384984328, 49.420376571314506 ], [ 8.647162783361388, 49.420354678204852 ], [ 8.647149836918581, 49.420333530821573 ], [ 8.647143966101032, 49.420326197142217 ], [ 8.647149932563584, 49.420289008447789 ], [ 8.647151790765095, 49.420267658643994 ], [ 8.647150866150724, 49.42025196372748 ], [ 8.647582301563403, 49.420283016129815 ], [ 8.647605760839479, 49.420284084241224 ], [ 8.647488330069402, 49.420480364711658 ], [ 8.647631950720381, 49.420480364711658 ], [ 8.647772661875356, 49.420480364711658 ], [ 8.647774524883863, 49.420480364711658 ], [ 8.647775073825434, 49.420480364711658 ], [ 8.647812040043096, 49.420480364711658 ], [ 8.647815805579862, 49.420480364711658 ], [ 8.64784025874124, 49.420480364711658 ], [ 8.64816832872647, 49.420480364711658 ], [ 8.648189224315596, 49.420480364711658 ], [ 8.648217073932004, 49.420480364711658 ], [ 8.648217608723863, 49.420480364711658 ], [ 8.648223048919339, 49.420480364711658 ], [ 8.648228390689429, 49.420480364711658 ], [ 8.648506712992999, 49.420480364711658 ], [ 8.64852915836911, 49.420480364711658 ], [ 8.648520491934272, 49.420468806083186 ], [ 8.648589849234984, 49.420480364711658 ], [ 8.649162997845242, 49.420480364711658 ], [ 8.64920939999795, 49.420480364711658 ], [ 8.649859494219154, 49.420480364711658 ], [ 8.649863948758801, 49.420480364711658 ], [ 8.651137167492852, 49.420480364711658 ], [ 8.651393857418491, 49.420480364711658 ], [ 8.651860523698563, 49.420480364711658 ], [ 8.65198643024681, 49.420221774917025 ], [ 8.651986798351123, 49.420220866602527 ], [ 8.651987289873839, 49.420219983492672 ], [ 8.652037485189718, 49.420113826356079 ], [ 8.652092274572411, 49.42000036800831 ], [ 8.652095806741634, 49.419992563515102 ], [ 8.652183926685057, 49.419784035841289 ], [ 8.652398223291833, 49.419340965020048 ], [ 8.652400869395297, 49.419335228833596 ], [ 8.652453168660744, 49.419216128683374 ], [ 8.652453264665528, 49.41921590963382 ], [ 8.65259510175709, 49.418891663093603 ], [ 8.652751458372938, 49.41856483866308 ], [ 8.65294172680203, 49.418189869617905 ], [ 8.652942001864396, 49.41818922271986 ], [ 8.652942367062986, 49.418188595094087 ], [ 8.653181564203013, 49.41770759441534 ], [ 8.653181951673572, 49.417706661567095 ], [ 8.653182465518491, 49.41770575507654 ], [ 8.653575678433411, 49.416891259913143 ], [ 8.653654782311879, 49.416733611119184 ], [ 8.653755748871138, 49.416581029547849 ], [ 8.653755890007044, 49.416580815957801 ], [ 8.653952356533983, 49.416283065028658 ], [ 8.653978150214392, 49.416248702309581 ], [ 8.653978637514333, 49.416247963375284 ], [ 8.653979225753728, 49.416247256400574 ], [ 8.654392883747548, 49.415686048201216 ], [ 8.654671743081481, 49.415387808213815 ], [ 8.654674015304479, 49.415385224103893 ], [ 8.654675111483693, 49.415384127210082 ], [ 8.654676389841342, 49.415382523636438 ], [ 8.654680974380144, 49.41537730982062 ], [ 8.654732677206249, 49.415314662140403 ], [ 8.65486056084311, 49.415172856288159 ], [ 8.655221478756095, 49.414792846114942 ], [ 8.655425996456042, 49.414577414273026 ], [ 8.655537735898823, 49.414474036952527 ], [ 8.656055993341607, 49.414067702863456 ], [ 8.658415012678931, 49.412502108903155 ], [ 8.658701455987453, 49.412324650512303 ], [ 8.659066077251993, 49.412133882211023 ], [ 8.659139892030124, 49.412097297283076 ], [ 8.660077702573515, 49.411651071479916 ], [ 8.660806801039614, 49.411365983608128 ], [ 8.661759940874697, 49.411023287916159 ], [ 8.662778841920877, 49.410687300854647 ], [ 8.662903090958196, 49.410646334297454 ], [ 8.663238868264584, 49.410543802402664 ], [ 8.663573240071894, 49.41045601544986 ], [ 8.663888430813753, 49.410384427838011 ], [ 8.66416836173107, 49.410338895162667 ], [ 8.664177772874391, 49.410337271915047 ], [ 8.664288654264151, 49.41031704948913 ], [ 8.6653734261564, 49.410131199713916 ], [ 8.66538509074196, 49.410129057482685 ], [ 8.66630449511678, 49.40994876064925 ], [ 8.666310479561524, 49.409950908972519 ], [ 8.666340263320564, 49.409959326833267 ], [ 8.666371128670308, 49.409965879090279 ], [ 8.666472929084307, 49.409984079170641 ], [ 8.666500970261698, 49.409988279930054 ], [ 8.666529450715789, 49.409990939918792 ], [ 8.666558171956218, 49.409992040598453 ], [ 8.666890682407384, 49.409995709416044 ], [ 8.666912154455957, 49.410132682576368 ], [ 8.666912279160849, 49.410133464574308 ], [ 8.666930978366613, 49.410248764627582 ], [ 8.666936183469847, 49.410270569677941 ], [ 8.66694463905068, 49.410291936834703 ], [ 8.666956263681142, 49.410312660319782 ], [ 8.666970945413095, 49.41033254055376 ], [ 8.666988542856208, 49.410351386078005 ], [ 8.667008886539538, 49.410369015398544 ], [ 8.667031780543535, 49.410385258733989 ], [ 8.667057004386811, 49.410399959650739 ], [ 8.667084315149483, 49.410412976569468 ], [ 8.667113449812636, 49.410424184128793 ], [ 8.667144127791399, 49.410433474392491 ], [ 8.667176053637212, 49.410440757889177 ], [ 8.667208919883256, 49.410445964473865 ], [ 8.667242410005677, 49.410449044003641 ], [ 8.667276201472019, 49.410449966820551 ], [ 8.667309968847562, 49.410448724037224 ], [ 8.667343386929605, 49.410445327622519 ], [ 8.667376133879509, 49.410439810286157 ], [ 8.667407894322354, 49.410432225163795 ], [ 8.667438362384306, 49.41042264530526 ], [ 8.667467244638495, 49.410411162970917 ], [ 8.667494262930976, 49.410397888743219 ], [ 8.667519157059576, 49.410382950461589 ], [ 8.667541687279845, 49.410366491991297 ], [ 8.667561636613932, 49.410348671837824 ], [ 8.667578812940182, 49.410329661620359 ], [ 8.667587170492586, 49.410317911659149 ], [ 8.667615239068963, 49.410312223970237 ], [ 8.667646399606349, 49.410303644784619 ], [ 8.667676121326188, 49.410293114011843 ], [ 8.667704117989643, 49.410280733070202 ], [ 8.667730119971878, 49.410266621196257 ], [ 8.66775387685877, 49.410250914296519 ], [ 8.667775159858552, 49.410233763638395 ], [ 8.667793764005213, 49.410215334393563 ], [ 8.667809510132392, 49.410195804047014 ], [ 8.667822246598778, 49.410175360687859 ], [ 8.667831850748419, 49.410154201197834 ], [ 8.667838230091817, 49.410132529355195 ], [ 8.66784132319653, 49.410110553872158 ], [ 8.66784110027864, 49.410088486384915 ], [ 8.667837563489405, 49.410066539415432 ], [ 8.667830746894392, 49.410044924324716 ], [ 8.667820716145227, 49.410023849277358 ], [ 8.667807567847174, 49.410003517236781 ], [ 8.667791428628643, 49.40998412401062 ], [ 8.667772453921565, 49.409965856365048 ], [ 8.667750826464401, 49.40994889022614 ], [ 8.667726754542207, 49.409933388985685 ], [ 8.66770046998071, 49.409919501927668 ], [ 8.667672225913696, 49.409907362790634 ], [ 8.667642294345232, 49.409897088479781 ], [ 8.667610963530173, 49.409888777941156 ], [ 8.667581099030411, 49.409883006665957 ], [ 8.667749773425244, 49.409819386132732 ], [ 8.667777837257882, 49.409807581928362 ], [ 8.667880437445673, 49.409759681752327 ], [ 8.667906190494783, 49.409746404629416 ], [ 8.667929891052875, 49.409731589177866 ], [ 8.667951324154119, 49.409715369776102 ], [ 8.66797029539944, 49.409697893536503 ], [ 8.667986632719717, 49.409679318970973 ], [ 8.667996744108518, 49.409664769830499 ], [ 8.668067141448267, 49.409653052195765 ], [ 8.66827386939071, 49.40961893808084 ], [ 8.668640053809096, 49.409596267303797 ], [ 8.668640957932618, 49.409596181947116 ], [ 8.668641870291708, 49.409596151673185 ], [ 8.668657691836092, 49.409594602129303 ], [ 8.668673525736599, 49.40959310727915 ], [ 8.668674412684405, 49.409592964508626 ], [ 8.668675316102391, 49.409592876028903 ], [ 8.669024197032691, 49.409547185761731 ], [ 8.669027677106387, 49.409554948544212 ], [ 8.669040308266156, 49.409575419662978 ], [ 8.669055953724609, 49.409594984360233 ], [ 8.669074462809974, 49.4096134542161 ], [ 8.669095657271443, 49.409630651354419 ], [ 8.669119332995731, 49.409646410155993 ], [ 8.669145261972771, 49.409660578853462 ], [ 8.669173194491579, 49.409673020993147 ], [ 8.669202861545116, 49.409683616749078 ], [ 8.669233977421065, 49.409692264077123 ], [ 8.669266242453457, 49.409698879697736 ], [ 8.66929934590876, 49.409703399898071 ], [ 8.669332968978532, 49.409705781145519 ], [ 8.669366787849899, 49.409706000507036 ], [ 8.669400476824199, 49.409704055870051 ], [ 8.669433711453813, 49.40969996596268 ], [ 8.669466171666951, 49.409693770173519 ], [ 8.669497544850262, 49.409685528172147 ], [ 8.669527528859627, 49.409675319334553 ], [ 8.669555834930092, 49.409663241978578 ], [ 8.66958219045693, 49.409649412417075 ], [ 8.669606341621042, 49.409633963837713 ], [ 8.669628055833416, 49.409617045020148 ], [ 8.669647123975077, 49.409598818903298 ], [ 8.669663362411006, 49.409579461015944 ], [ 8.669668419232138, 49.409571713724382 ], [ 8.669965230098517, 49.409544145684116 ], [ 8.670369250717721, 49.409510296913886 ], [ 8.6705088496117, 49.409500890689813 ], [ 8.670512997501794, 49.409600036895 ], [ 8.670515705217822, 49.409622690183397 ], [ 8.670521902637713, 49.409645049531164 ], [ 8.670543202253635, 49.409704549591652 ], [ 8.670552501738941, 49.409725766932212 ], [ 8.670564943668628, 49.409746287342983 ], [ 8.670580408223364, 49.409765913200253 ], [ 8.670598746473628, 49.409784455495092 ], [ 8.670619781813892, 49.409801735653787 ], [ 8.670643311663348, 49.409817587257535 ], [ 8.670669109416838, 49.409831857645315 ], [ 8.670696926627185, 49.409844409384078 ], [ 8.670726495397886, 49.409855121592351 ], [ 8.670757530963179, 49.409863891104472 ], [ 8.670789734430578, 49.409870633464223 ], [ 8.670822795659481, 49.409875283738153 ], [ 8.670856396248135, 49.409877797140943 ], [ 8.670890212600179, 49.409878149466856 ], [ 8.670923919041218, 49.409876337322729 ], [ 8.670957190955411, 49.409872378160706 ], [ 8.670989707911875, 49.409866310110239 ], [ 8.671021156750763, 49.409858191610653 ], [ 8.671051234599314, 49.409848100848549 ], [ 8.671079651788808, 49.409836135004653 ], [ 8.671106134644335, 49.409822409317883 ], [ 8.671130428120494, 49.409807055975499 ], [ 8.671152298257676, 49.409790222840016 ], [ 8.671171534435219, 49.409772072025149 ], [ 8.671187951399773, 49.409752778334514 ], [ 8.671201391049328, 49.409732527578129 ], [ 8.671211723955748, 49.409711514782906 ], [ 8.671218850611099, 49.409689942314394 ], [ 8.671222702385835, 49.409668017927849 ], [ 8.671223242189587, 49.409645952767434 ], [ 8.67122046482819, 49.409623959332777 ], [ 8.671214397053539, 49.409602249432417 ], [ 8.671201048186266, 49.409564961070586 ], [ 8.671185265370612, 49.409187833473929 ], [ 8.671540335222389, 49.409134052979333 ], [ 8.671634665773915, 49.409122555875015 ], [ 8.671740357787131, 49.409110729454902 ], [ 8.671741773955748, 49.409111978110914 ], [ 8.671764460227502, 49.409128344731037 ], [ 8.671789495795284, 49.40914318158714 ], [ 8.671816639552478, 49.409156345790755 ], [ 8.671845630088592, 49.409167710562016 ], [ 8.671876188206848, 49.409177166450696 ], [ 8.671908019613058, 49.409184622390313 ], [ 8.67194081774996, 49.409190006575145 ], [ 8.671974266749656, 49.409193267151885 ], [ 8.672008044475753, 49.409194372718936 ], [ 8.672156030621178, 49.409194472240742 ], [ 8.672362617044419, 49.409195169832479 ], [ 8.672363751536365, 49.409195137303534 ], [ 8.672364885832517, 49.409195172618517 ], [ 8.672582086824612, 49.409194972619673 ], [ 8.672582489748415, 49.409194972094596 ], [ 8.673036601982309, 49.40919420491521 ], [ 8.673050380121611, 49.40921213512744 ], [ 8.67306842936272, 49.409230797687528 ], [ 8.673089195119553, 49.409248216003306 ], [ 8.67311247740763, 49.409264222325476 ], [ 8.673138052006031, 49.409278662502963 ], [ 8.673165672616776, 49.409291397467555 ], [ 8.673195073236807, 49.409302304573217 ], [ 8.673225970719823, 49.409311278777317 ], [ 8.673258067503211, 49.409318233652272 ], [ 8.673291054473847, 49.409323102218003 ], [ 8.673324613945164, 49.409325837586898 ], [ 8.673358422716808, 49.409326413415542 ], [ 8.673526214551247, 49.409323895395154 ], [ 8.673431531077778, 49.409381111991614 ], [ 8.673407874714551, 49.409396883097394 ], [ 8.673386701327249, 49.409414091241864 ], [ 8.673368214828114, 49.409432570702549 ], [ 8.673352593254018, 49.409452143513512 ], [ 8.673339987051788, 49.409472621179034 ], [ 8.673330517629248, 49.40949380648901 ], [ 8.673324276185848, 49.40951549541812 ], [ 8.673321322834239, 49.409537479090623 ], [ 8.673321686021181, 49.409559545792014 ], [ 8.673325362253433, 49.409581483007877 ], [ 8.673332316131205, 49.4096030794705 ], [ 8.67334248068893, 49.409624127193617 ], [ 8.673355758040007, 49.409644423475299 ], [ 8.673372020319373, 49.409663772850216 ], [ 8.673391110914791, 49.409681988972153 ], [ 8.67341284597501, 49.409698896408521 ], [ 8.67343701618031, 49.409714332330061 ], [ 8.673463388758318, 49.409728148078969 ], [ 8.673491709725745, 49.409740210600638 ], [ 8.673521706334419, 49.40975040372507 ], [ 8.673553089698064, 49.409758629285712 ], [ 8.673585557574532, 49.409764808064907 ], [ 8.673618797276685, 49.409768880556882 ], [ 8.673652488683885, 49.40977080754076 ], [ 8.67368630732509, 49.409770570458392 ], [ 8.673719927503855, 49.409768171593008 ], [ 8.67375302543514, 49.409763634047323 ], [ 8.673785282363696, 49.409757001520937 ], [ 8.673816387634021, 49.409748337889511 ], [ 8.673846041682275, 49.409737726589611 ], [ 8.673873958921359, 49.409725269815027 ], [ 8.673899870491377, 49.409711087532678 ], [ 8.674095319260266, 49.409592978450256 ], [ 8.674107875097322, 49.409595631172898 ], [ 8.674150275271231, 49.409602931205228 ], [ 8.674179219985062, 49.409607055231255 ], [ 8.674208600581441, 49.409609541903158 ], [ 8.674238199927741, 49.409610372843552 ], [ 8.674268700067058, 49.409610372843851 ], [ 8.674299174692994, 49.40960949193618 ], [ 8.674329410557204, 49.409606856122295 ], [ 8.674359170769135, 49.409602486053146 ], [ 8.674388222165009, 49.409596415967158 ], [ 8.674416337134657, 49.409588693421895 ], [ 8.674452392013364, 49.409577539746074 ], [ 8.674494124874549, 49.409565818716196 ], [ 8.674647491845827, 49.409565269460948 ], [ 8.674681261941339, 49.409564065651765 ], [ 8.674714688588267, 49.409560707810421 ], [ 8.674747449865482, 49.409555228275181 ], [ 8.674753681595901, 49.409553748118846 ], [ 8.67475745186665, 49.409554885950904 ], [ 8.674789391865039, 49.409562141937052 ], [ 8.674822268043236, 49.409567320201766 ], [ 8.674855763781725, 49.409570370874889 ], [ 8.674889556493962, 49.409571264576329 ], [ 8.67492332073323, 49.409569992699176 ], [ 8.674956731327033, 49.409566567492412 ], [ 8.674989466508849, 49.409561021943105 ], [ 8.675021211017098, 49.40955340945861 ], [ 8.675051659131414, 49.409543803352264 ], [ 8.675059225415861, 49.40954078632415 ], [ 8.675062619332369, 49.409543545852543 ], [ 8.675067531945093, 49.409547161373467 ], [ 8.675072131289681, 49.409550948282941 ], [ 8.675078743600135, 49.409555412781778 ], [ 8.675085055953199, 49.409560058465424 ], [ 8.675090488026241, 49.40956334238173 ], [ 8.675095634084649, 49.409566816896714 ], [ 8.675337134176637, 49.409714617385106 ], [ 8.675358194568606, 49.409726500358545 ], [ 8.675408994634058, 49.409752900452197 ], [ 8.67542074748823, 49.409758415701958 ], [ 8.675432379654161, 49.409764038832137 ], [ 8.675510679817863, 49.40979813896093 ], [ 8.675546922967404, 49.409811920257404 ], [ 8.675678623366521, 49.409855220433364 ], [ 8.675706620163362, 49.409863426583811 ], [ 8.67573562485364, 49.409869974920888 ], [ 8.675910125548985, 49.409903775069061 ], [ 8.675956206196917, 49.409910498953927 ], [ 8.676194207245528, 49.409934199062207 ], [ 8.676219257766151, 49.40993608463048 ], [ 8.676332460685561, 49.409941876690844 ], [ 8.676283118170094, 49.411098270980077 ], [ 8.676242944449569, 49.411096734085973 ], [ 8.676115012896673, 49.411090293595265 ], [ 8.676113005324584, 49.411090196373991 ], [ 8.676104405363551, 49.411089796375883 ], [ 8.676070592102526, 49.41108930923177 ], [ 8.676036868480491, 49.411090986935797 ], [ 8.676003559269963, 49.411094813330998 ], [ 8.67597098525267, 49.411100751567574 ], [ 8.675939460130396, 49.411108744457785 ], [ 8.675909287504016, 49.411118715026703 ], [ 8.675880757949772, 49.411130567253458 ], [ 8.675854146220978, 49.411144186995898 ], [ 8.675829708602054, 49.411159443089886 ], [ 8.675807680440423, 49.411176188612309 ], [ 8.675788273879979, 49.411194262296064 ], [ 8.675771675818016, 49.411213490083057 ], [ 8.675758046105232, 49.411233686800408 ], [ 8.675747516006204, 49.411254657943758 ], [ 8.675740186935117, 49.411276201550386 ], [ 8.675736129478951, 49.411298110144216 ], [ 8.675735382717539, 49.411320172733859 ], [ 8.675737953847042, 49.411342176844599 ], [ 8.675743818110471, 49.411363910564575 ], [ 8.675752919035947, 49.411385164585731 ], [ 8.675765168980389, 49.411405734219478 ], [ 8.675780449973423, 49.411425421368044 ], [ 8.675798614853374, 49.411444036432258 ], [ 8.675819488684411, 49.411461400137583 ], [ 8.675842870441201, 49.411477345260664 ], [ 8.675868534944859, 49.411491718239787 ], [ 8.675896235031521, 49.411504380653909 ], [ 8.675925703932707, 49.411515210555706 ], [ 8.675956657844496, 49.411524103646045 ], [ 8.675988798660809, 49.411530974278556 ], [ 8.67602181684444, 49.411535756284422 ], [ 8.676055394408209, 49.411538403609725 ], [ 8.676062990435124, 49.411538756913401 ], [ 8.67619308745015, 49.41154530642045 ], [ 8.676199427183448, 49.411545587244788 ], [ 8.67626392621913, 49.411548054747371 ], [ 8.676259118959548, 49.411660717984645 ], [ 8.676235812111827, 49.412104183324999 ], [ 8.676211590867132, 49.41236265013282 ], [ 8.676162223038705, 49.412361638159986 ], [ 8.676162190155392, 49.412361638539338 ], [ 8.676162157372605, 49.412361636817948 ], [ 8.675774459140735, 49.412353736857369 ], [ 8.675773986710126, 49.412353742364658 ], [ 8.675773515624869, 49.412353718473973 ], [ 8.675644416213792, 49.412351318486053 ], [ 8.675610575560103, 49.412351774253423 ], [ 8.675576966620731, 49.412354393648549 ], [ 8.675543913551925, 49.412359151407543 ], [ 8.675511735148797, 49.412366001642042 ], [ 8.675464143447503, 49.412377849778792 ], [ 8.675440174912648, 49.412374872259463 ], [ 8.675403658997315, 49.412372919286184 ], [ 8.675273437533004, 49.412370487539462 ], [ 8.675273864083497, 49.412363661967461 ], [ 8.675273949943636, 49.412362165687583 ], [ 8.675290572693228, 49.412044165605764 ], [ 8.675414527887137, 49.412046201560344 ], [ 8.675448340368209, 49.412045673687466 ], [ 8.675481910730568, 49.412042985926625 ], [ 8.675514915668952, 49.412038164162745 ], [ 8.675547037323737, 49.412031254832669 ], [ 8.675577966342251, 49.412022324477896 ], [ 8.675607404858132, 49.412011459103653 ], [ 8.675635069360084, 49.411998763350645 ], [ 8.675660693422312, 49.411984359487292 ], [ 8.675684030270418, 49.411968386232097 ], [ 8.675704855157997, 49.411950997417641 ], [ 8.675722967531057, 49.411932360509141 ], [ 8.675738192959427, 49.411912654991497 ], [ 8.675750384816542, 49.411892070640803 ], [ 8.67575942569143, 49.411870805696573 ], [ 8.67576522851933, 49.411849064952563 ], [ 8.67576773742001, 49.411827057784564 ], [ 8.675766928235779, 49.411804996133831 ], [ 8.675762808763965, 49.411783092466067 ], [ 8.675755418681648, 49.411761557725207 ], [ 8.675744829163389, 49.411740599302007 ], [ 8.675731142195614, 49.411720419036662 ], [ 8.675714489594307, 49.411701211275115 ], [ 8.675695031735421, 49.411683160997384 ], [ 8.675672956010292, 49.411666442036164 ], [ 8.675648475020891, 49.41165121540277 ], [ 8.675621824532328, 49.41163762773656 ], [ 8.675593261202319, 49.41162580989279 ], [ 8.675563060109463, 49.411615875682443 ], [ 8.675531512104161, 49.411607920776277 ], [ 8.675498921007671, 49.411602021783359 ], [ 8.675465600686266, 49.411598235513509 ], [ 8.67543187202868, 49.411596598430059 ], [ 8.675292531948189, 49.411594309782359 ], [ 8.675289478241643, 49.411492500471091 ], [ 8.675287158017289, 49.411470484491815 ], [ 8.675281541666353, 49.411448722912972 ], [ 8.675272683281564, 49.411427425309995 ], [ 8.675260668177854, 49.41140679678972 ], [ 8.675245612070571, 49.411387036015135 ], [ 8.675227659960953, 49.41136833329216 ], [ 8.675206984739578, 49.411350868736974 ], [ 8.675183785521272, 49.411334810541362 ], [ 8.675158285727461, 49.411320313353087 ], [ 8.675130730934507, 49.411307516786636 ], [ 8.675101386508688, 49.411296544078517 ], [ 8.675070535050629, 49.41128750090067 ], [ 8.675038473673796, 49.411280474342796 ], [ 8.67500551114324, 49.411275532073567 ], [ 8.674971964902159, 49.411272721689144 ], [ 8.674938158014895, 49.411272070254668 ], [ 8.674904416055817, 49.41127358404372 ], [ 8.674871063974036, 49.411277248477873 ], [ 8.674838422964124, 49.411283028267086 ], [ 8.67480680737301, 49.411290867749543 ], [ 8.674776521672788, 49.411300691427691 ], [ 8.674747857528612, 49.411312404695295 ], [ 8.674721090989907, 49.411325894748451 ], [ 8.674696479831939, 49.411341031671967 ], [ 8.674674261073335, 49.411357669690446 ], [ 8.674654648693478, 49.411375648572076 ], [ 8.674637831571752, 49.41139479517178 ], [ 8.674623971668469, 49.411414925098569 ], [ 8.674613202465011, 49.411435844491336 ], [ 8.674605627678231, 49.411457351885751 ], [ 8.674601320261456, 49.411479240154492 ], [ 8.674600321701762, 49.411501298501946 ], [ 8.674609699424257, 49.411814093910124 ], [ 8.67460684709209, 49.411929960707674 ], [ 8.674585089291666, 49.412346085053656 ], [ 8.674584344123117, 49.412358006416099 ], [ 8.674578764621984, 49.412357908530161 ], [ 8.674544950586322, 49.412358398461016 ], [ 8.67451137297178, 49.412361048528574 ], [ 8.67447835514483, 49.412365833211531 ], [ 8.674446215081156, 49.412372706431398 ], [ 8.674415262303555, 49.412381601996131 ], [ 8.674385794901179, 49.41239243423766 ], [ 8.674358096658914, 49.412405098836778 ], [ 8.674332434324439, 49.412419473827825 ], [ 8.67430905503938, 49.4124354207732 ], [ 8.674288183959215, 49.412452786096551 ], [ 8.674270022084899, 49.412471402561714 ], [ 8.674254744327081, 49.412491090883236 ], [ 8.67424249782154, 49.412511661453017 ], [ 8.674233400512085, 49.412532916166185 ], [ 8.674227540014577, 49.412554650328985 ], [ 8.674224972772983, 49.412576654630044 ], [ 8.674225723515629, 49.412598717156136 ], [ 8.674229785016898, 49.412620625433057 ], [ 8.674237118166632, 49.412642168471741 ], [ 8.674247652346621, 49.412663138800369 ], [ 8.674261286110543, 49.412683334462379 ], [ 8.674277888160812, 49.412702560961435 ], [ 8.674297298612922, 49.41272063313464 ], [ 8.674319330535136, 49.412737376935702 ], [ 8.674343771748687, 49.412752631111282 ], [ 8.674370386871146, 49.412766248753861 ], [ 8.674398919583288, 49.412778098716728 ], [ 8.674429095097627, 49.412788066876942 ], [ 8.674460622804849, 49.412796057234509 ], [ 8.674493199072623, 49.412801992836926 ], [ 8.674526510169896, 49.412805816520368 ], [ 8.674560235288412, 49.41280749146015 ], [ 8.674907637793604, 49.412813586244475 ], [ 8.675176470048315, 49.41281860651322 ], [ 8.675170664295809, 49.41299933715139 ], [ 8.675164591450862, 49.413119449000583 ], [ 8.675145850835515, 49.413274525447228 ], [ 8.675127926031255, 49.413339672594731 ], [ 8.675121156388789, 49.413335617798445 ], [ 8.675095484595797, 49.413322907178149 ], [ 8.675068105460392, 49.413311816557432 ], [ 8.675012605612125, 49.413291616637622 ], [ 8.674980591545655, 49.41328134416127 ], [ 8.674947121454878, 49.413273285940214 ], [ 8.674912553959176, 49.413267528315124 ], [ 8.674877259435725, 49.413264132976622 ], [ 8.674823959675798, 49.413260832992002 ], [ 8.674804187783417, 49.413259982138285 ], [ 8.674489021216985, 49.413252346485734 ], [ 8.674488372259903, 49.413245637217862 ], [ 8.674484080616532, 49.413221727006032 ], [ 8.67447589602317, 49.413198253140521 ], [ 8.674461895824111, 49.413166153179908 ], [ 8.674451006826644, 49.413145172645876 ], [ 8.67443700700114, 49.41312499287654 ], [ 8.674420032190685, 49.413105809674803 ], [ 8.674400247103897, 49.413087809173788 ], [ 8.6743728470578, 49.413065309237098 ], [ 8.674349223947694, 49.413047849440616 ], [ 8.674322959778969, 49.41303207743848 ], [ 8.67429433626984, 49.413018162405052 ], [ 8.674257136347617, 49.413001962466232 ], [ 8.674230590426584, 49.412991496888473 ], [ 8.67420270999472, 49.412982630750214 ], [ 8.674173720834791, 49.412975435851507 ], [ 8.674143857707962, 49.412969970458228 ], [ 8.674113362452699, 49.412966278830346 ], [ 8.674070462642863, 49.412962378848256 ], [ 8.674041260752981, 49.412960546618137 ], [ 8.674011925837187, 49.412960341320385 ], [ 8.67396862603473, 49.412961241316708 ], [ 8.673938203437899, 49.412962755246049 ], [ 8.673908105257064, 49.412966018712339 ], [ 8.673878567365291, 49.412971006140481 ], [ 8.673849821244954, 49.412977678445046 ], [ 8.673822092173726, 49.412985983336569 ], [ 8.673786892279464, 49.412997783289264 ], [ 8.673751723471565, 49.413011349045298 ], [ 8.673719262041503, 49.41302753472295 ], [ 8.673687462070234, 49.413045434661598 ], [ 8.673662054212652, 49.413061280924239 ], [ 8.673639252078427, 49.413078733187099 ], [ 8.673619292817044, 49.413097609943264 ], [ 8.67360238401228, 49.41311771487058 ], [ 8.673588701523208, 49.413138838873422 ], [ 8.673578387655082, 49.413160762257291 ], [ 8.673562787398637, 49.413201162212069 ], [ 8.673554080176164, 49.413233554348821 ], [ 8.6735460798192, 49.413285354324564 ], [ 8.673545643196471, 49.413288387101161 ], [ 8.673540142911429, 49.413329587084377 ], [ 8.673538956557735, 49.41334332411958 ], [ 8.673533514883948, 49.41348149458593 ], [ 8.673476891340664, 49.413482053004074 ], [ 8.67347616741289, 49.413482083369345 ], [ 8.673475442312023, 49.413482069281557 ], [ 8.673356559090799, 49.413483567810786 ], [ 8.672907081255978, 49.413489033474121 ], [ 8.672918948833209, 49.413480871608094 ], [ 8.672940152712705, 49.413462990325115 ], [ 8.672958497520964, 49.413443810273883 ], [ 8.672973797832459, 49.413423525325989 ], [ 8.672985898995963, 49.41340234052101 ], [ 8.672994678697648, 49.413380469994003 ], [ 8.673000048197263, 49.413358134810991 ], [ 8.673001953224951, 49.413335560734403 ], [ 8.673002352837782, 49.413280260732421 ], [ 8.67300092212705, 49.413258704820421 ], [ 8.672996331702043, 49.413237337592463 ], [ 8.672988623826422, 49.413216355755864 ], [ 8.672977869462933, 49.413195952469707 ], [ 8.672964167620012, 49.413176315566744 ], [ 8.672947644440173, 49.413157625824162 ], [ 8.672928452038633, 49.413140055299415 ], [ 8.672906767102861, 49.413123765746278 ], [ 8.672882789265932, 49.413108907125739 ], [ 8.672856739268678, 49.413095616225583 ], [ 8.672828856927541, 49.413084015401147 ], [ 8.672799398926852, 49.413074211448894 ], [ 8.672768636455844, 49.413066294623327 ], [ 8.672736852712164, 49.413060337806222 ], [ 8.672597853294835, 49.413038937901774 ], [ 8.672566599626567, 49.4130351096046 ], [ 8.672534938200304, 49.413033177034698 ], [ 8.672503138542206, 49.413033156643579 ], [ 8.672471471355122, 49.413035048604797 ], [ 8.672440206214251, 49.41303883681254 ], [ 8.6724096092724, 49.413044489018695 ], [ 8.672379940994388, 49.413051957107335 ], [ 8.672353420101727, 49.41305956762816 ], [ 8.672368685627408, 49.413046657232037 ], [ 8.672386621224632, 49.413027947527461 ], [ 8.672401659729667, 49.41300818089551 ], [ 8.672413656316159, 49.412987547700794 ], [ 8.672422495453745, 49.412966246653227 ], [ 8.672428092020521, 49.412944482894275 ], [ 8.672430392122692, 49.412922466021314 ], [ 8.672429373613417, 49.412900408069078 ], [ 8.672425046305932, 49.412878521467604 ], [ 8.672417451878877, 49.412857016996483 ], [ 8.672406663474739, 49.41283610175492 ], [ 8.672392784995294, 49.412815977167227 ], [ 8.672375950100848, 49.412796837043174 ], [ 8.672356320922889, 49.412778865711331 ], [ 8.672334086502595, 49.41276223624412 ], [ 8.672309460970206, 49.412747108790953 ], [ 8.672282681482809, 49.412733629036069 ], [ 8.67225400594039, 49.412721926795449 ], [ 8.672223710502166, 49.412712114766805 ], [ 8.672192086927094, 49.412704287444157 ], [ 8.672159439764172, 49.412698520207954 ], [ 8.672126083419595, 49.412694868599111 ], [ 8.672092339129, 49.412693367784122 ], [ 8.672059944882491, 49.412692966642624 ], [ 8.672068671414731, 49.412613464014228 ], [ 8.67206968844725, 49.412604107488036 ], [ 8.672070539187967, 49.412586275477842 ], [ 8.672069220664941, 49.412568455584356 ], [ 8.6720456194553, 49.412393755651308 ], [ 8.672041000096446, 49.41237189447817 ], [ 8.672033118878687, 49.412350433993311 ], [ 8.672022051706429, 49.41232958087226 ], [ 8.672007905166089, 49.41230953594112 ], [ 8.671990815499484, 49.412290492242455 ], [ 8.671970947291634, 49.412272633176222 ], [ 8.671948491885631, 49.412256130733638 ], [ 8.671923665539854, 49.412241143840824 ], [ 8.671896707345249, 49.412227816828306 ], [ 8.67186787692278, 49.412216278041122 ], [ 8.671837451923176, 49.412206638602804 ], [ 8.671805725353076, 49.412198991345292 ], [ 8.671773002753326, 49.41219340991492 ], [ 8.671739599256583, 49.412189948063173 ], [ 8.671705836552556, 49.412188639129148 ], [ 8.671672039790133, 49.412189495718408 ], [ 8.671638534446179, 49.412192509581608 ], [ 8.671605643191191, 49.412197651694022 ], [ 8.671573682781965, 49.412204872534922 ], [ 8.671567863978479, 49.412206620732604 ], [ 8.671568441837026, 49.412146920655658 ], [ 8.671568394646556, 49.412141517626203 ], [ 8.671562909902523, 49.411939500241964 ], [ 8.671566058114989, 49.411900972761252 ], [ 8.671566373081959, 49.411881859252922 ], [ 8.671565072895273, 49.411855159256376 ], [ 8.671565011587264, 49.411854665566239 ], [ 8.671565021398491, 49.411854170299954 ], [ 8.671563645969032, 49.411843668760845 ], [ 8.671562341377339, 49.411833163379015 ], [ 8.67156220620055, 49.411832675986979 ], [ 8.671562141563674, 49.411832182478086 ], [ 8.671559195176707, 49.411821819470532 ], [ 8.671556318708879, 49.411811448107855 ], [ 8.671556110965236, 49.41181097170778 ], [ 8.671555972502842, 49.411810484709015 ], [ 8.671551483535607, 49.411800360033844 ], [ 8.671547062895655, 49.411790222572321 ], [ 8.671546784585949, 49.411789761752217 ], [ 8.671546573631577, 49.411789285953581 ], [ 8.671531473463508, 49.411760585995445 ], [ 8.671520149502122, 49.411741842796815 ], [ 8.671506299915638, 49.411723836120018 ], [ 8.671485299812224, 49.411699336173967 ], [ 8.671463770789048, 49.411677324954461 ], [ 8.671438476324131, 49.411657090487743 ], [ 8.671414576309706, 49.411640090539763 ], [ 8.67139366922286, 49.411626444067714 ], [ 8.671371046142841, 49.411614017262352 ], [ 8.671322546213116, 49.411589617350032 ], [ 8.671295867589002, 49.411577461190205 ], [ 8.671267550801801, 49.411567000894451 ], [ 8.671237848277313, 49.411558329709159 ], [ 8.671207024793778, 49.411551524931944 ], [ 8.671175355121637, 49.41154664722275 ], [ 8.671143121574211, 49.411543740062903 ], [ 8.671110611491173, 49.41154282936774 ], [ 8.671078114677222, 49.411543923255444 ], [ 8.671008514990701, 49.411548423235821 ], [ 8.671007132592793, 49.41154855757997 ], [ 8.671005737278028, 49.411548610245987 ], [ 8.669455544242828, 49.411657109771987 ], [ 8.669436125590442, 49.41165883441051 ], [ 8.669292326221546, 49.411674334342592 ], [ 8.669280149430268, 49.411675793911314 ], [ 8.66910745017285, 49.41169859381165 ], [ 8.669087571960288, 49.411701620532206 ], [ 8.668921472643575, 49.411730320407997 ], [ 8.66888761944289, 49.411737407531774 ], [ 8.668722448187701, 49.411778228294487 ], [ 8.66843174734495, 49.411826100330245 ], [ 8.66841302598586, 49.411820998534665 ], [ 8.668406760855014, 49.411819522321117 ], [ 8.668400641439945, 49.411817805500341 ], [ 8.668390864367751, 49.41181577673138 ], [ 8.668381214708054, 49.411813503042495 ], [ 8.668374757984706, 49.411812434613267 ], [ 8.668368410130464, 49.41181111741632 ], [ 8.668358375369916, 49.411809723692656 ], [ 8.668348430616156, 49.411808078080014 ], [ 8.668341844481443, 49.411807427724519 ], [ 8.668335329320488, 49.411806522836557 ], [ 8.668325133510846, 49.411805777580383 ], [ 8.668314989434991, 49.411804775891866 ], [ 8.668308337315604, 49.411804549873246 ], [ 8.66830171759225, 49.411804066008806 ], [ 8.668203718037118, 49.411800066027837 ], [ 8.668160738912658, 49.411800063706615 ], [ 8.667917540017587, 49.411809963664219 ], [ 8.667897349018649, 49.411811175483088 ], [ 8.667544895549023, 49.411839171789744 ], [ 8.667297851918294, 49.411858751472991 ], [ 8.667071553705547, 49.411876502300096 ], [ 8.666818747197221, 49.411894680528647 ], [ 8.666806228837434, 49.411895732366389 ], [ 8.66659312978047, 49.411916232276546 ], [ 8.666547333945111, 49.411922739591333 ], [ 8.666340334778447, 49.411961939422596 ], [ 8.666304875395811, 49.411970045847831 ], [ 8.666228775663225, 49.411990545762571 ], [ 8.66620587011222, 49.41199736526633 ], [ 8.666015670696378, 49.412059565015724 ], [ 8.66599360471114, 49.412067451317725 ], [ 8.665715205419438, 49.412175750897902 ], [ 8.665684232319595, 49.412189334479912 ], [ 8.665529990347714, 49.412265200088441 ], [ 8.665471128415371, 49.412188557571959 ], [ 8.665451504051207, 49.412166281651274 ], [ 8.66542811326647, 49.412145611747846 ], [ 8.665401261432235, 49.412126817707133 ], [ 8.665316361454188, 49.412073817880632 ], [ 8.665290207826489, 49.412059057641386 ], [ 8.665261918950932, 49.412046081680984 ], [ 8.665231779607554, 49.412035020625829 ], [ 8.665200093204017, 49.412025985825281 ], [ 8.665167178721356, 49.412019068230734 ], [ 8.665068079126602, 49.412001768307292 ], [ 8.665040325729581, 49.41199771589563 ], [ 8.66501215475094, 49.41199517027443 ], [ 8.664983758013699, 49.411994148777396 ], [ 8.664861658571251, 49.411993048783572 ], [ 8.664828264581493, 49.411993804870725 ], [ 8.664795139749314, 49.411996667350557 ], [ 8.664762595430393, 49.412001609317294 ], [ 8.664730937524103, 49.412008584319068 ], [ 8.664047839988383, 49.41218358358654 ], [ 8.664017001939408, 49.41219264700112 ], [ 8.663987673923147, 49.412203638954715 ], [ 8.663960138382174, 49.412216453590055 ], [ 8.663934660497343, 49.412230967496527 ], [ 8.663911485633999, 49.41224704089872 ], [ 8.663890836978998, 49.412264519002399 ], [ 8.663872913391295, 49.412283233485276 ], [ 8.66385788748677, 49.412303004117966 ], [ 8.663845903975782, 49.412323640499601 ], [ 8.663837078269403, 49.41234494389149 ], [ 8.663831495367846, 49.412366709131078 ], [ 8.663829209041705, 49.412388726607688 ], [ 8.663830241313946, 49.412410784281164 ], [ 8.663834582247665, 49.412432669723998 ], [ 8.663842190041596, 49.412454172167052 ], [ 8.663852991432528, 49.412475084529405 ], [ 8.663866882400706, 49.412495205412732 ], [ 8.663883729171468, 49.412514341040847 ], [ 8.663903369503457, 49.412532307125964 ], [ 8.663925614250997, 49.412548930643489 ], [ 8.663950249185625, 49.412564051498464 ], [ 8.663977037059198, 49.412577524067331 ], [ 8.664005719888729, 49.412589218600488 ], [ 8.664036021440959, 49.412599022471916 ], [ 8.664067649892695, 49.412606841263823 ], [ 8.664100300641337, 49.412612599675988 ], [ 8.664133659238498, 49.41261624225104 ], [ 8.664167404418452, 49.412617733908505 ], [ 8.664201211192267, 49.412617060282706 ], [ 8.664234753977794, 49.412614227861106 ], [ 8.664267709735373, 49.412609263921816 ], [ 8.66429976107904, 49.412602216270919 ], [ 8.664899768666304, 49.412448503497664 ], [ 8.664906971040972, 49.412457881657794 ], [ 8.664933142896436, 49.412519688470667 ], [ 8.664957133996918, 49.412603025284774 ], [ 8.664750170259289, 49.412755520882108 ], [ 8.664732203933321, 49.412769914511593 ], [ 8.66471611834519, 49.412785225944276 ], [ 8.664576098644373, 49.412931069686842 ], [ 8.664528143672653, 49.412897522831067 ], [ 8.664524103307434, 49.412894960839587 ], [ 8.664520328603771, 49.412892231805827 ], [ 8.664469311453757, 49.412858802444212 ], [ 8.664415832406261, 49.412802516609013 ], [ 8.664394324714495, 49.412782416086216 ], [ 8.664369591398497, 49.412763962514255 ], [ 8.664257291377984, 49.41268886275175 ], [ 8.664233283961831, 49.412674267405386 ], [ 8.66420725799523, 49.412661227859857 ], [ 8.664179449395689, 49.41264986231397 ], [ 8.664150110239083, 49.412640273792206 ], [ 8.664119506474721, 49.412632549210947 ], [ 8.664087915514683, 49.412626758590591 ], [ 8.664055623719248, 49.412622954420918 ], [ 8.664022923801243, 49.412621171185229 ], [ 8.663990112172819, 49.412621425047867 ], [ 8.66395748625869, 49.412623713707653 ], [ 8.663925341800217, 49.412628016418786 ], [ 8.663893970174716, 49.412634294178794 ], [ 8.663863655754348, 49.412642490082177 ], [ 8.663834673328472, 49.41265252983618 ], [ 8.663807285612872, 49.412664322434097 ], [ 8.663781740868366, 49.412677760980387 ], [ 8.663264341252125, 49.412977559965917 ], [ 8.66325920998403, 49.412980593870728 ], [ 8.663126110051474, 49.413060893603841 ], [ 8.663102433172888, 49.413076652704937 ], [ 8.663081237744182, 49.413093850100459 ], [ 8.663062727889857, 49.413112320171464 ], [ 8.663047081871698, 49.413131885042425 ], [ 8.663034450371946, 49.413152356294098 ], [ 8.663024955042038, 49.413173536778153 ], [ 8.663018687330934, 49.413195222515739 ], [ 8.663015707604247, 49.413217204661869 ], [ 8.663016044562749, 49.413239271516737 ], [ 8.66301969496579, 49.413261210564421 ], [ 8.663026623662335, 49.413282810519625 ], [ 8.663036763929327, 49.413303863362401 ], [ 8.663050018114106, 49.413324166341525 ], [ 8.663066258574716, 49.413343523927217 ], [ 8.663085328909052, 49.413361749694111 ], [ 8.663107045461002, 49.413378668116778 ], [ 8.663131199089092, 49.413394116260157 ], [ 8.663157557180607, 49.413407945348744 ], [ 8.663185865891778, 49.413420022199446 ], [ 8.663215852592471, 49.413430230504254 ], [ 8.663247228491835, 49.41343847195045 ], [ 8.663279691419614, 49.413444667167383 ], [ 8.663312928736334, 49.413448756490965 ], [ 8.663346620344326, 49.41345070053822 ], [ 8.663380441770617, 49.413450480586675 ], [ 8.66341406729194, 49.413448098754543 ], [ 8.663447173071798, 49.41344357798053 ], [ 8.663479440279358, 49.413436961802724 ], [ 8.663510558160118, 49.41342831393932 ], [ 8.663540227028783, 49.413417717675017 ], [ 8.663568161155521, 49.413405275058828 ], [ 8.663594091517792, 49.413391105921299 ], [ 8.663724649305967, 49.413312339434412 ], [ 8.663970929870954, 49.413169636053951 ], [ 8.664027896178434, 49.413206963894233 ], [ 8.664032046694, 49.413209867404461 ], [ 8.664002893422861, 49.41321592061896 ], [ 8.663971823693998, 49.413224641670574 ], [ 8.663942213709955, 49.413235307684303 ], [ 8.663914348628689, 49.413247815941759 ], [ 8.66388849680456, 49.413262045982961 ], [ 8.663864907204005, 49.41327786076625 ], [ 8.663843807007879, 49.41329510798802 ], [ 8.663825399423576, 49.413313621549541 ], [ 8.663809861727994, 49.413333223156386 ], [ 8.663797343560189, 49.413353724035552 ], [ 8.663787965480184, 49.413374926753363 ], [ 8.663781817807761, 49.413396627116839 ], [ 8.663778959752516, 49.413418616140127 ], [ 8.663779418843461, 49.413440682057157 ], [ 8.663783190663743, 49.41346261236108 ], [ 8.663790238893009, 49.413484195850742 ], [ 8.66380049565702, 49.413505224664789 ], [ 8.66381386218117, 49.413525496283405 ], [ 8.66383020974159, 49.41354481547878 ], [ 8.663849380904717, 49.413562996195324 ], [ 8.663871191043372, 49.413579863341404 ], [ 8.66389543011476, 49.41359525447583 ], [ 8.663921864683269, 49.413609021372075 ], [ 8.66395024016858, 49.413621031446013 ], [ 8.663956790006448, 49.413623241586969 ], [ 8.6639581205018, 49.413642799499392 ], [ 8.663962296189361, 49.413662911690778 ], [ 8.66396923421266, 49.413682696322674 ], [ 8.663977291955849, 49.413701686984375 ], [ 8.66383254989181, 49.413754797904225 ], [ 8.663803918037685, 49.413766546202069 ], [ 8.663777188984595, 49.41378006895966 ], [ 8.663752620146807, 49.413795235946836 ], [ 8.663730448135404, 49.413811901098647 ], [ 8.663710886479583, 49.413829903922029 ], [ 8.663694123570243, 49.413849071041263 ], [ 8.663680320845613, 49.413869217867777 ], [ 8.663669611236429, 49.413890150377696 ], [ 8.663662097885624, 49.413911666980397 ], [ 8.663657853154879, 49.413933560459839 ], [ 8.663656917927568, 49.413955619970224 ], [ 8.66365930121488, 49.41397763306648 ], [ 8.663664980068859, 49.413999387750295 ], [ 8.66367389980323, 49.41402067451169 ], [ 8.663685974519916, 49.41404128834678 ], [ 8.663701087936113, 49.414061030732135 ], [ 8.663719094504042, 49.414079711536637 ], [ 8.66373982081255, 49.414097150852619 ], [ 8.663763067257076, 49.414113180728563 ], [ 8.663788609961912, 49.414127646786589 ], [ 8.663816202936237, 49.414140409709184 ], [ 8.663845580443169, 49.414151346581072 ], [ 8.663876459559004, 49.41416035207299 ], [ 8.663908542898026, 49.414167339456021 ], [ 8.663941521476596, 49.41417224143698 ], [ 8.663975077688974, 49.414175010806481 ], [ 8.66400888836619, 49.414175620893602 ], [ 8.664042627888502, 49.414174065822813 ], [ 8.664075971321468, 49.414170360570481 ], [ 8.664108597545397, 49.41416454082065 ], [ 8.664140192348086, 49.414156662621437 ], [ 8.664170451450991, 49.414146801845149 ], [ 8.66420256100697, 49.414135019695607 ], [ 8.664263579539103, 49.414237713867657 ], [ 8.66430768096941, 49.414319903906453 ], [ 8.664226596206241, 49.414338684175199 ], [ 8.664195314944521, 49.414347078284926 ], [ 8.664165445359611, 49.414357432412821 ], [ 8.664137275109439, 49.414369646844165 ], [ 8.664111075487181, 49.414383603948615 ], [ 8.664087098808618, 49.414399169313015 ], [ 8.664065575982233, 49.414416193035862 ], [ 8.664046714285446, 49.414434511170782 ], [ 8.664030695368369, 49.414453947305496 ], [ 8.664017673504372, 49.414474314260573 ], [ 8.664007774104238, 49.414495415892162 ], [ 8.664001092508281, 49.414517048980784 ], [ 8.663997693068012, 49.414539005188566 ], [ 8.663997608526252, 49.414561073065514 ], [ 8.663999365403168, 49.414573017125072 ], [ 8.66398753256645, 49.414576235375748 ], [ 8.663957738645534, 49.414586682056409 ], [ 8.663929657606678, 49.414598983747211 ], [ 8.663903559883945, 49.414613021977424 ], [ 8.66387969681181, 49.414628661552683 ], [ 8.663858298204703, 49.41464575185676 ], [ 8.663839570143788, 49.414664128302064 ], [ 8.663823692992228, 49.414683613914725 ], [ 8.663810819658153, 49.414704021038851 ], [ 8.663801074121947, 49.414725153143678 ], [ 8.663794550242157, 49.414746806716302 ], [ 8.663791310851414, 49.414768773221539 ], [ 8.663791387151186, 49.414790841110197 ], [ 8.663794778411107, 49.41481279785647 ], [ 8.663801451975852, 49.414834432004575 ], [ 8.663811343579443, 49.414855535205341 ], [ 8.66382435796403, 49.41487590422259 ], [ 8.663840369797109, 49.414895342890524 ], [ 8.66385922487844, 49.414913664002974 ], [ 8.66386634795766, 49.414919300797393 ], [ 8.663866394757008, 49.414930449563123 ], [ 8.663869802278541, 49.414952405237855 ], [ 8.663872462475259, 49.414961007473906 ], [ 8.663854795450737, 49.414965041014277 ], [ 8.663811276928715, 49.414973617653054 ], [ 8.663653798120288, 49.414992877006021 ], [ 8.66360964591277, 49.415000277778439 ], [ 8.663419446650787, 49.415041077604471 ], [ 8.663214443323437, 49.415085099764077 ], [ 8.663200403142033, 49.415088621679089 ], [ 8.663186305145544, 49.415092043875205 ], [ 8.662876206211527, 49.415178843516159 ], [ 8.662846355851597, 49.41518833446608 ], [ 8.662636756441673, 49.415263334169474 ], [ 8.66260433819418, 49.41527650874351 ], [ 8.662574353130385, 49.415291942523076 ], [ 8.662304453339269, 49.415447441995553 ], [ 8.662284874116406, 49.415459801685842 ], [ 8.66228217018487, 49.415461492660164 ], [ 8.662282047934097, 49.415461585757569 ], [ 8.662281902240252, 49.415461677729084 ], [ 8.662261429009014, 49.415477192547925 ], [ 8.662151548785344, 49.415568563364204 ], [ 8.662134824286539, 49.415561712929325 ], [ 8.662104552600482, 49.415551867482819 ], [ 8.662072947556927, 49.415544005271606 ], [ 8.662040313526417, 49.415538202012094 ], [ 8.662006964788681, 49.415534513592142 ], [ 8.661973222506102, 49.415532975532734 ], [ 8.661939411630907, 49.415533602646036 ], [ 8.661905857775871, 49.415536388892662 ], [ 8.661872884078647, 49.415541307439895 ], [ 8.661840808089963, 49.415548310920038 ], [ 8.66180993871556, 49.415557331886646 ], [ 8.661780573241421, 49.415568283463891 ], [ 8.661752994470845, 49.415581060183349 ], [ 8.661727468000992, 49.415595538999597 ], [ 8.661704239665086, 49.415611580475137 ], [ 8.661683533164936, 49.41562903012322 ], [ 8.661665547916561, 49.415647719895588 ], [ 8.661650457129651, 49.41566746980083 ], [ 8.661638406139399, 49.415688089637705 ], [ 8.66162951100673, 49.415709380826868 ], [ 8.661623857400464, 49.415731138323281 ], [ 8.661621499772107, 49.415753152590838 ], [ 8.661622460831312, 49.415775211620314 ], [ 8.66162673132699, 49.415797102971126 ], [ 8.66163427013624, 49.415818615817258 ], [ 8.661645004660219, 49.415839542977615 ], [ 8.66165883152315, 49.415859682911325 ], [ 8.661675617567758, 49.415878841658795 ], [ 8.661695201137521, 49.415896834709557 ], [ 8.66171739363344, 49.415913488779324 ], [ 8.661729139066434, 49.415920728111651 ], [ 8.661667944333226, 49.415982922155372 ], [ 8.661651134784647, 49.416001999119182 ], [ 8.661521934029452, 49.416166798777617 ], [ 8.661521677471349, 49.416167126686169 ], [ 8.661407691915448, 49.416313106236572 ], [ 8.661385181459728, 49.416313076632612 ], [ 8.661351512649301, 49.416315195384705 ], [ 8.661318324274909, 49.41631945696836 ], [ 8.66128593595462, 49.416325820342671 ], [ 8.661254659601951, 49.416334224225736 ], [ 8.661224796422111, 49.416344587684499 ], [ 8.661196634011347, 49.416356810914422 ], [ 8.661191606567236, 49.416359491653566 ], [ 8.661182271492313, 49.416356897542364 ], [ 8.661184114713928, 49.416356187409988 ], [ 8.661211414411877, 49.416343157696183 ], [ 8.6612366250833, 49.416328444966176 ], [ 8.661259503935137, 49.416312190913011 ], [ 8.661279830631901, 49.416294552073545 ], [ 8.661297409417619, 49.416275698320831 ], [ 8.661312071000996, 49.416255811228091 ], [ 8.661323674185738, 49.416235082320028 ], [ 8.661332107230221, 49.416213711228302 ], [ 8.661337288923505, 49.41619190376889 ], [ 8.661339169367279, 49.416169869959994 ], [ 8.661337730456259, 49.416147821999424 ], [ 8.661332986052377, 49.416125972220982 ], [ 8.661324981851108, 49.416104531049584 ], [ 8.661313794941238, 49.41608370497476 ], [ 8.661299533062312, 49.416063694562119 ], [ 8.661282333566891, 49.416044692521801 ], [ 8.661237144664122, 49.41599993910296 ], [ 8.66120762898562, 49.415954710469549 ], [ 8.661192867592115, 49.415934854858428 ], [ 8.661175194252461, 49.415916038819518 ], [ 8.661154779172616, 49.415898443560309 ], [ 8.661131818962179, 49.415882238531374 ], [ 8.661106534740888, 49.415867579794558 ], [ 8.661079170009112, 49.415854608520078 ], [ 8.661049988302812, 49.415843449627047 ], [ 8.661019270655618, 49.415834210580421 ], [ 8.66098731289239, 49.415826980356208 ], [ 8.660954422780371, 49.415821828584484 ], [ 8.660920917065367, 49.415818804878974 ], [ 8.660887118421458, 49.415817938359233 ], [ 8.660853352343628, 49.415819237370187 ], [ 8.66081994401325, 49.415822689401807 ], [ 8.660787215166575, 49.415828261209576 ], [ 8.660755480996407, 49.415835899134649 ], [ 8.660725047116756, 49.415845529620526 ], [ 8.660696206619761, 49.415857059921521 ], [ 8.660669237253142, 49.415870378995784 ], [ 8.660644398745418, 49.415885358574748 ], [ 8.660621930304639, 49.415901854398307 ], [ 8.660602048314679, 49.415919707604068 ], [ 8.660584944251324, 49.415938746257318 ], [ 8.660570782838217, 49.415958787006637 ], [ 8.660559700460384, 49.415979636849762 ], [ 8.660551803850662, 49.416001094992204 ], [ 8.660547169061674, 49.416022954780999 ], [ 8.660545840733244, 49.416045005694819 ], [ 8.660547831662333, 49.416067035371405 ], [ 8.660553122679621, 49.416088831652829 ], [ 8.660561662833951, 49.416110184628494 ], [ 8.660573369882854, 49.416130888656902 ], [ 8.660615069544605, 49.416194788769559 ], [ 8.660616482799879, 49.416196709731878 ], [ 8.660410065957166, 49.416137066380756 ], [ 8.660405870800359, 49.416109656899053 ], [ 8.660403457380701, 49.416097339271843 ], [ 8.660382056775871, 49.416007839333034 ], [ 8.660375165887833, 49.415986118255951 ], [ 8.660365028482035, 49.415964945770405 ], [ 8.660351743197928, 49.415944527881315 ], [ 8.660283042749128, 49.415851928063091 ], [ 8.660267543302048, 49.415833324738202 ], [ 8.660249430640404, 49.415815754985857 ], [ 8.660228865354933, 49.415799374580615 ], [ 8.660145865294231, 49.415739274762707 ], [ 8.660127613727571, 49.415727028078898 ], [ 8.660027113755849, 49.415664528283891 ], [ 8.66000281405506, 49.415650770050952 ], [ 8.659976653890924, 49.415638550031616 ], [ 8.659948861212305, 49.415627974705501 ], [ 8.659919678192562, 49.415619136221025 ], [ 8.659889359119392, 49.415612111592566 ], [ 8.659725659767769, 49.415579711734416 ], [ 8.659694825372441, 49.41557460968567 ], [ 8.659663401333088, 49.415571384030677 ], [ 8.659631655311737, 49.415570062244733 ], [ 8.659599857712864, 49.415570655586464 ], [ 8.659568279380249, 49.415573159001923 ], [ 8.659475579786458, 49.415583358957242 ], [ 8.659441752076201, 49.415588232965256 ], [ 8.659408845141334, 49.415595297781259 ], [ 8.659377191407872, 49.415604482036521 ], [ 8.659347110642484, 49.415615692951725 ], [ 8.659318906722298, 49.415628817274161 ], [ 8.659292864565186, 49.415643722421777 ], [ 8.659269247251556, 49.415660257822474 ], [ 8.659248293366716, 49.415678256435172 ], [ 8.659230214590632, 49.415697536437165 ], [ 8.659215193559467, 49.415717903060902 ], [ 8.659203382020477, 49.4157391505615 ], [ 8.659194899298924, 49.41576106429509 ], [ 8.659189831092492, 49.415783422887202 ], [ 8.659188228605386, 49.415806000469075 ], [ 8.659188817997913, 49.415902082781869 ], [ 8.659187543176454, 49.415982165163527 ], [ 8.659188851938422, 49.416004216574159 ], [ 8.659193467333804, 49.416026078108132 ], [ 8.659201344918102, 49.416047539226533 ], [ 8.659212408829841, 49.416068393246441 ], [ 8.659226552521007, 49.416088439331375 ], [ 8.659243639783027, 49.41610748442546 ], [ 8.65926350605841, 49.416125345112796 ], [ 8.659285960025464, 49.416141849383841 ], [ 8.659310785440749, 49.416156838291997 ], [ 8.659337743221617, 49.416170167484466 ], [ 8.659366573748713, 49.416181708592454 ], [ 8.659396999366301, 49.4161913504675 ], [ 8.659428727056316, 49.416199000251915 ], [ 8.659461451260391, 49.416204584273181 ], [ 8.659494856822686, 49.416208048753397 ], [ 8.659528622025148, 49.416209360327251 ], [ 8.65956242168601, 49.416208506363425 ], [ 8.659595930291626, 49.416205495086132 ], [ 8.659628825131527, 49.416200355496017 ], [ 8.659660789406448, 49.416193137090765 ], [ 8.65969151527945, 49.416183909388444 ], [ 8.659720706840677, 49.416172761257982 ], [ 8.659722609890091, 49.416171860261585 ], [ 8.659731728361137, 49.416231442116484 ], [ 8.659733013263912, 49.416238657161053 ], [ 8.65974180372814, 49.416281911718642 ], [ 8.659749594254075, 49.41632036627378 ], [ 8.65975085396931, 49.416324869967696 ], [ 8.659751715088325, 49.416329413436344 ], [ 8.659753888333361, 49.416335718329698 ], [ 8.65975566653505, 49.416342075699916 ], [ 8.659757596810966, 49.416346477151379 ], [ 8.659759136385111, 49.416350943675226 ], [ 8.659761691470115, 49.416355984445147 ], [ 8.659609495677662, 49.416337162211448 ], [ 8.659575993350064, 49.416334120936099 ], [ 8.659542195432822, 49.416333236691912 ], [ 8.659508427413925, 49.41633451799445 ], [ 8.65947501449344, 49.41633795250425 ], [ 8.659442278451818, 49.416343507145548 ], [ 8.659410534551151, 49.4163511284248 ], [ 8.659380088499157, 49.416360742945841 ], [ 8.659351233505193, 49.416372258116681 ], [ 8.659324247456588, 49.416385563041239 ], [ 8.659299390242513, 49.416400529587186 ], [ 8.659276901251157, 49.416417013619942 ], [ 8.659256997064301, 49.416434856390666 ], [ 8.659239869371497, 49.416453886065121 ], [ 8.659225683123942, 49.416473919378369 ], [ 8.65921457494583, 49.416494763399776 ], [ 8.659206651818462, 49.416516217390928 ], [ 8.659201990049835, 49.416538074738803 ], [ 8.659200634539605, 49.416560124945605 ], [ 8.659202598346505, 49.416582155655917 ], [ 8.659207862562416, 49.416603954701792 ], [ 8.6592163764943, 49.416625312146067 ], [ 8.659228058152223, 49.416646022304192 ], [ 8.659242795038832, 49.416665885725095 ], [ 8.65926044523262, 49.416684711112062 ], [ 8.659280838754611, 49.416702317165054 ], [ 8.659303779205267, 49.416718534326726 ], [ 8.659329045655879, 49.416733206415579 ], [ 8.659356394776214, 49.416746192129921 ], [ 8.65938556317794, 49.416757366408831 ], [ 8.659416269951253, 49.41676662163669 ], [ 8.659448219370267, 49.416773868679428 ], [ 8.659481103741134, 49.416779037743218 ], [ 8.660123461186265, 49.416858478956847 ], [ 8.660503732751462, 49.416945655834283 ], [ 8.660543397295847, 49.416953042052533 ], [ 8.660584130261819, 49.416957284130952 ], [ 8.66075023100918, 49.4169679841808 ], [ 8.660784057779045, 49.4169690724246 ], [ 8.660817884956622, 49.416967989587697 ], [ 8.660842785068814, 49.416966389580722 ], [ 8.66095883034736, 49.4169589107508 ], [ 8.660848204985024, 49.41713815263742 ], [ 8.660792651502101, 49.417226798782536 ], [ 8.660785424054032, 49.417239394246131 ], [ 8.660569664957354, 49.417652634006011 ], [ 8.659254979685638, 49.417424014690155 ], [ 8.659221906991753, 49.417419383869984 ], [ 8.659188297816391, 49.417416890214028 ], [ 8.659154475829951, 49.417416557737226 ], [ 8.659120766752212, 49.417418389641469 ], [ 8.659087495215632, 49.417422368284704 ], [ 8.659054981639136, 49.417428455350986 ], [ 8.659023539142462, 49.417436592219246 ], [ 8.658993470530794, 49.417446700527975 ], [ 8.658965065378704, 49.417458682929819 ], [ 8.658938597241503, 49.417472424028993 ], [ 8.658914321020804, 49.417487791492611 ], [ 8.658892470509738, 49.417504637325017 ], [ 8.658873256141389, 49.417522799293067 ], [ 8.658856862962192, 49.417542102488433 ], [ 8.658843448849767, 49.417562361012003 ], [ 8.658833142992389, 49.417583379764174 ], [ 8.658826044644709, 49.417604956323736 ], [ 8.658822222171741, 49.417626882897189 ], [ 8.658821712390322, 49.41764894832 ], [ 8.658824520214367, 49.417670940090133 ], [ 8.658830618607379, 49.417692646414601 ], [ 8.658839948842665, 49.41771385824913 ], [ 8.658852421068739, 49.417734371311383 ], [ 8.658867915174485, 49.417753988048403 ], [ 8.65888628194579, 49.417772519539099 ], [ 8.658907344502445, 49.417789787313808 ], [ 8.658930900001529, 49.417805625072994 ], [ 8.658956721590856, 49.41781988028896 ], [ 8.658984560593684, 49.417832415674759 ], [ 8.659014148903637, 49.417843110506425 ], [ 8.659045201566768, 49.41785186178565 ], [ 8.659077419525921, 49.417858585231791 ], [ 8.659852870442025, 49.417993433609922 ], [ 8.659852618976206, 49.41799397726011 ], [ 8.659846067910289, 49.418015627378487 ], [ 8.659842801163228, 49.418037592156594 ], [ 8.659842850199949, 49.418059660061886 ], [ 8.659846214552644, 49.41808161856838 ], [ 8.659852861825115, 49.418103256203381 ], [ 8.659862728004606, 49.418124364584074 ], [ 8.659875718078116, 49.418144740424438 ], [ 8.659891706947272, 49.418164187492991 ], [ 8.659910540633003, 49.418182518502611 ], [ 8.659932037758319, 49.418199556914324 ], [ 8.659955991295019, 49.418215138637542 ], [ 8.659982170557457, 49.418229113610288 ], [ 8.660010323424157, 49.418241347244518 ], [ 8.660040178765922, 49.418251721722335 ], [ 8.660071449057025, 49.41826013713063 ], [ 8.660103833144321, 49.418266512423422 ], [ 8.660137019147657, 49.418270786202314 ], [ 8.660170687463568, 49.418272917307966 ], [ 8.660204513843409, 49.418272885216361 ], [ 8.660238172516205, 49.418270690236547 ], [ 8.660265872507276, 49.418267068322017 ], [ 8.660259213202412, 49.41827891101299 ], [ 8.660048536670331, 49.41864556982631 ], [ 8.660042529096746, 49.418656941754215 ], [ 8.659954359579267, 49.418839555074136 ], [ 8.659671976735952, 49.419362691048342 ], [ 8.659671005947159, 49.419362426246785 ], [ 8.659638668243781, 49.419355949994397 ], [ 8.659605513223713, 49.419351572710795 ], [ 8.659571860183833, 49.419349336551022 ], [ 8.659538033216954, 49.419349263050265 ], [ 8.659504358090819, 49.419351352916316 ], [ 8.659471159110931, 49.419355586022903 ], [ 8.65943875599749, 49.419361921603411 ], [ 8.65940746080647, 49.419370298643535 ], [ 8.659377574924497, 49.419380636468802 ], [ 8.659349386166436, 49.419392835521478 ], [ 8.659323166003704, 49.419406778319356 ], [ 8.659299166949886, 49.419422330587075 ], [ 8.659277620128945, 49.41943934254919 ], [ 8.659269863326735, 49.419446861454645 ], [ 8.659160021222746, 49.419426662310059 ], [ 8.659151883437051, 49.41942523563641 ], [ 8.659020075313508, 49.419403250967683 ], [ 8.658823367426413, 49.419370366376889 ], [ 8.658820705967026, 49.419369928804514 ], [ 8.658624698194256, 49.41933824372277 ], [ 8.65841619046123, 49.419304458683044 ], [ 8.658211329691927, 49.419271332669624 ], [ 8.658208279864082, 49.419270879185959 ], [ 8.658207376588308, 49.419270709573446 ], [ 8.658206141127947, 49.419270561173938 ], [ 8.658198644676883, 49.419269446514917 ], [ 8.658046945325149, 49.419248846607701 ], [ 8.658039668083578, 49.41924814295777 ], [ 8.657946888021071, 49.419199921198732 ], [ 8.657914851262602, 49.419185133725357 ], [ 8.657829051463652, 49.419150133860221 ], [ 8.657802350921536, 49.41914029171663 ], [ 8.657774415128914, 49.419132036747982 ], [ 8.657718515327396, 49.419117436809842 ], [ 8.657682652240828, 49.419109530770903 ], [ 8.656985264005151, 49.418983156830556 ], [ 8.657020525179812, 49.418866028901903 ], [ 8.657421627597138, 49.418923361757784 ], [ 8.657464731379777, 49.418927680478973 ], [ 8.65755053176691, 49.41893268050238 ], [ 8.657585714723506, 49.418933553028616 ], [ 8.657620850576347, 49.418932079598413 ], [ 8.657655572739642, 49.418928275584634 ], [ 8.657732573066918, 49.418917175536251 ], [ 8.65776742165864, 49.418910884831064 ], [ 8.657801068393589, 49.418902247196137 ], [ 8.657833143029535, 49.418891357678497 ], [ 8.657900543203862, 49.41886545757778 ], [ 8.65792741381501, 49.418854000150667 ], [ 8.657952534093925, 49.418840961646573 ], [ 8.657975686173838, 49.418826455148434 ], [ 8.658043586151544, 49.418779755002795 ], [ 8.65806636270141, 49.418762403670499 ], [ 8.658086323280024, 49.418743634329246 ], [ 8.658125923128992, 49.41870203422949 ], [ 8.658139871562362, 49.418685940613052 ], [ 8.658151746374633, 49.418669153879328 ], [ 8.65818734607315, 49.418612853781411 ], [ 8.658196935683726, 49.418595755123988 ], [ 8.658204373489644, 49.418578206390507 ], [ 8.658352963537283, 49.418162826302314 ], [ 8.658355856198776, 49.418154746645811 ], [ 8.65836192429083, 49.418133036702748 ], [ 8.658364701385199, 49.418111043272731 ], [ 8.658364160741327, 49.418088978164739 ], [ 8.658360307570357, 49.418067053877806 ], [ 8.658353178984767, 49.418045481554458 ], [ 8.658342843640783, 49.418024468947408 ], [ 8.658329401077049, 49.418004218418723 ], [ 8.65831298075585, 49.417984924990975 ], [ 8.658293740816219, 49.417966774469257 ], [ 8.658271866550878, 49.417949941651663 ], [ 8.6582475686217, 49.417934588645991 ], [ 8.658221081030899, 49.417920863308638 ], [ 8.65819265886746, 49.417908897820716 ], [ 8.658162575850538, 49.417898807415121 ], [ 8.658131121693456, 49.417890689266763 ], [ 8.658098599313709, 49.417884621556887 ], [ 8.658065321915826, 49.417880662720073 ], [ 8.658031609975188, 49.417878850881579 ], [ 8.657997788151828, 49.417879203490131 ], [ 8.657964182163948, 49.417881717149967 ], [ 8.657931115651254, 49.417886367653495 ], [ 8.657898907058273, 49.417893110214386 ], [ 8.657867866567749, 49.417901879898928 ], [ 8.657838293113514, 49.417912592251312 ], [ 8.657810471501739, 49.417925144106967 ], [ 8.657784669668171, 49.417939414585959 ], [ 8.657761136097831, 49.417955266257223 ], [ 8.65774009743199, 49.417972546461918 ], [ 8.657721756285495, 49.417991088783644 ], [ 8.65770628929543, 49.418010714650997 ], [ 8.65769384541994, 49.418031235057363 ], [ 8.657684544503581, 49.418052452380955 ], [ 8.657681644451438, 49.418060552372481 ], [ 8.657539385804853, 49.418458218161632 ], [ 8.657526881289678, 49.41847799336 ], [ 8.65716041436276, 49.418425611146972 ], [ 8.657170551316314, 49.418395000673485 ], [ 8.657291382923267, 49.41805583308949 ], [ 8.65733300926613, 49.417972313576215 ], [ 8.657466685347943, 49.417716984057051 ], [ 8.657477343534898, 49.417691999341301 ], [ 8.657478983244156, 49.417687070900413 ], [ 8.65750025006437, 49.417668774395963 ], [ 8.6575182849349, 49.417651672739375 ], [ 8.657565384756012, 49.417602272620812 ], [ 8.657578621996338, 49.417587106639949 ], [ 8.657590016549719, 49.417571316601084 ], [ 8.657708615588687, 49.417388916276302 ], [ 8.657722589558015, 49.417363180426726 ], [ 8.657728769663819, 49.417349143227987 ], [ 8.657849247370866, 49.417173467867691 ], [ 8.658351583467038, 49.416467510305793 ], [ 8.658581926941315, 49.416527058233285 ], [ 8.658613946919212, 49.416534171192943 ], [ 8.65864688135926, 49.416539202297137 ], [ 8.658680413080816, 49.416542103092979 ], [ 8.65871421915079, 49.416542845643789 ], [ 8.658747973993806, 49.416541422798325 ], [ 8.658781352527871, 49.416537848259509 ], [ 8.658814033295231, 49.416532156452583 ], [ 8.658845701558377, 49.416524402193446 ], [ 8.65887605233126, 49.416514660160814 ], [ 8.658904793316626, 49.416503024176897 ], [ 8.658931647721086, 49.416489606303884 ], [ 8.65895635692087, 49.4164745357646 ], [ 8.658978682952565, 49.416457957698015 ], [ 8.658998410804841, 49.416440031761383 ], [ 8.659015350489099, 49.416420930592686 ], [ 8.659029338869125, 49.416400838147823 ], [ 8.659040241232084, 49.416379947929123 ], [ 8.659047952585775, 49.416358461121689 ], [ 8.659052398669623, 49.416336584655909 ], [ 8.659053536669697, 49.416314529214453 ], [ 8.65905135563087, 49.416292507203394 ], [ 8.659045876562145, 49.416270730706572 ], [ 8.659037152234172, 49.416249409443076 ], [ 8.65902526667085, 49.416228748747663 ], [ 8.659010334340017, 49.416208947593155 ], [ 8.658992499050902, 49.416190196674364 ], [ 8.658971932569077, 49.41617267657162 ], [ 8.658948832962176, 49.4161565560117 ], [ 8.658923422692355, 49.416141990242956 ], [ 8.65889594647385, 49.416129119540308 ], [ 8.65886666891625, 49.416118067854264 ], [ 8.658835871976244, 49.41610894161736 ], [ 8.65832527379874, 49.415976942177203 ], [ 8.658294095316602, 49.415969987149246 ], [ 8.658262041357691, 49.41596500628814 ], [ 8.658229404864473, 49.415962045114178 ], [ 8.658196484102991, 49.415961130689581 ], [ 8.658163579937119, 49.415962271371342 ], [ 8.65813099307907, 49.415965456734675 ], [ 8.658099021341277, 49.415970657668481 ], [ 8.658067956914801, 49.415977826641196 ], [ 8.658038083699074, 49.415986898135301 ], [ 8.658009674707404, 49.415997789246006 ], [ 8.657982989571986, 49.4160104004389 ], [ 8.657958272171131, 49.416024616459616 ], [ 8.657935748400492, 49.416040307387014 ], [ 8.657915624108572, 49.41605732982061 ], [ 8.657898083215436, 49.416075528191023 ], [ 8.657748782501109, 49.416248227805148 ], [ 8.657736368136714, 49.41626401228018 ], [ 8.657222964555711, 49.416985510896161 ], [ 8.657220973506274, 49.416988360715173 ], [ 8.657089572530321, 49.417179960358574 ], [ 8.657086891440885, 49.417184448430952 ], [ 8.657083833902695, 49.417188832873066 ], [ 8.657080753542452, 49.417194723109617 ], [ 8.657077289451131, 49.417200521906317 ], [ 8.657075295559988, 49.417205159813527 ], [ 8.657072911462762, 49.417209718662335 ], [ 8.657065798817332, 49.417225873498715 ], [ 8.656965855179717, 49.417379579575922 ], [ 8.656941328377787, 49.417405303914066 ], [ 8.656883651317845, 49.41745492479302 ], [ 8.656879529748002, 49.417458857542591 ], [ 8.65687507830218, 49.417462634162312 ], [ 8.65686998958707, 49.417467960642938 ], [ 8.656864559706451, 49.417473141766031 ], [ 8.656861048841618, 49.417477319136466 ], [ 8.65685718623166, 49.417481362223306 ], [ 8.65685292227413, 49.417486988458514 ], [ 8.656848296954404, 49.417492491852919 ], [ 8.656845430606692, 49.417496873613992 ], [ 8.656842194032015, 49.417501144231203 ], [ 8.656838795896865, 49.417507016037789 ], [ 8.656835019683271, 49.417512788703007 ], [ 8.656832825457732, 49.41751733265626 ], [ 8.656830246089006, 49.417521789675661 ], [ 8.656827746503106, 49.417527850505039 ], [ 8.656824855763496, 49.417533836847568 ], [ 8.656823354792458, 49.417538499232464 ], [ 8.656821457471185, 49.417543099730693 ], [ 8.656807880353977, 49.417583906530716 ], [ 8.656679814119578, 49.41782851464459 ], [ 8.656678204882592, 49.417831664105549 ], [ 8.6566312043223, 49.417925963972216 ], [ 8.656623260050498, 49.417944590954484 ], [ 8.656498457793651, 49.418294890590289 ], [ 8.656497281819147, 49.418298312089703 ], [ 8.656405580014777, 49.41857521182088 ], [ 8.656404268121859, 49.418579362226289 ], [ 8.656258764932844, 49.419062661797334 ], [ 8.656257354796736, 49.419068968215349 ], [ 8.656255544845902, 49.419075231044516 ], [ 8.656254914840977, 49.419079880198147 ], [ 8.656253882149251, 49.419084498607432 ], [ 8.656253426318219, 49.4190908648281 ], [ 8.656252566048071, 49.419097213235744 ], [ 8.656252637594662, 49.419101880287485 ], [ 8.656252303773737, 49.419106542492401 ], [ 8.656252806638944, 49.419112907205587 ], [ 8.656252904335636, 49.41911928005311 ], [ 8.656253676745656, 49.419123920056741 ], [ 8.656254045011346, 49.4191285811577 ], [ 8.656255501731211, 49.419134883067819 ], [ 8.656256556455149, 49.419141218981103 ], [ 8.656258022290793, 49.419145787250784 ], [ 8.65625908909743, 49.419150402358817 ], [ 8.656261485644224, 49.419156580774981 ], [ 8.65626348723905, 49.419162818735565 ], [ 8.656265632384436, 49.419167271276343 ], [ 8.656267387458936, 49.419171795945211 ], [ 8.65627070075373, 49.41917779136562 ], [ 8.656273629944177, 49.419183871298479 ], [ 8.656276433741219, 49.419188165229805 ], [ 8.656278860182026, 49.419192555884315 ], [ 8.656283058317156, 49.419198310569755 ], [ 8.656286886894392, 49.419204173921301 ], [ 8.656290322341585, 49.419208267889921 ], [ 8.656293396781535, 49.419212482245641 ], [ 8.656298439327557, 49.419217940774985 ], [ 8.656303130421106, 49.419223531077698 ], [ 8.656307164433889, 49.419227385656342 ], [ 8.656310857264881, 49.419231383126316 ], [ 8.656316695659822, 49.419236492930388 ], [ 8.656322204092689, 49.419241756346452 ], [ 8.656326797821832, 49.419245334413205 ], [ 8.656331073480153, 49.419249076499263 ], [ 8.65633765149747, 49.419253788367449 ], [ 8.656343924220884, 49.419258674206908 ], [ 8.656349033426338, 49.419261941302587 ], [ 8.656353850735432, 49.41926539196627 ], [ 8.656361105025534, 49.419269660520364 ], [ 8.656368081629784, 49.419274121729416 ], [ 8.656373657107165, 49.419277046389794 ], [ 8.656378969673726, 49.419280172399013 ], [ 8.656386830373682, 49.41928395653003 ], [ 8.65639444367026, 49.419287950144444 ], [ 8.656400431724462, 49.419290504203097 ], [ 8.656406188385489, 49.419293275452432 ], [ 8.656414579791926, 49.419296538716623 ], [ 8.656422756460508, 49.419300026275423 ], [ 8.656537356755468, 49.419343826447275 ], [ 8.656537723237056, 49.41934396631833 ], [ 8.656623523458713, 49.41937666644673 ], [ 8.656649707517403, 49.419385684856657 ], [ 8.656676981355208, 49.419393204038791 ], [ 8.656705143726972, 49.419399168511305 ], [ 8.657478745765276, 49.419539353516022 ], [ 8.657350244798851, 49.419882781409612 ], [ 8.656405653231138, 49.419759713675624 ], [ 8.656347065631364, 49.419750934777589 ], [ 8.656313764852477, 49.419747055917171 ], [ 8.656280041636881, 49.419745325083618 ], [ 8.656246220753189, 49.41974575894556 ], [ 8.656212627910554, 49.419748353324742 ], [ 8.656179586622088, 49.419753083236188 ], [ 8.656147415089418, 49.419759903128835 ], [ 8.656116423138384, 49.419768747324262 ], [ 8.656086909235389, 49.419779530649059 ], [ 8.656059157613116, 49.419792149255152 ], [ 8.656033435533308, 49.419806481619794 ], [ 8.656009990712942, 49.419822389715897 ], [ 8.655989048938613, 49.419839720341244 ], [ 8.655970811892082, 49.419858306593852 ], [ 8.655955455207923, 49.419877969479231 ], [ 8.655943126782004, 49.419898519634224 ], [ 8.655933945347057, 49.419919759150616 ], [ 8.655927999329101, 49.419941483480976 ], [ 8.655925345995712, 49.419963483408651 ], [ 8.655926010904325, 49.419985547062524 ], [ 8.655929987655952, 49.420007461957532 ], [ 8.655937237956627, 49.420029017040918 ], [ 8.655947691986034, 49.42005000472485 ], [ 8.655961249069762, 49.420070222885627 ], [ 8.655977778648714, 49.420089476810247 ], [ 8.655997121536341, 49.420107581071669 ], [ 8.656019091451615, 49.42012436131462 ], [ 8.656043476812952, 49.420139655934797 ], [ 8.656070042775832, 49.420153317635148 ], [ 8.656098533494491, 49.42016521484468 ], [ 8.656128674585879, 49.420175232985436 ], [ 8.656160175772211, 49.420183275576079 ], [ 8.656192733676585, 49.420189265161063 ], [ 8.656256133943602, 49.420198765203601 ], [ 8.6562657879757, 49.420200117124665 ], [ 8.657381792770261, 49.420345517781094 ], [ 8.657382165495358, 49.420345566200943 ], [ 8.657401465578335, 49.420348066212235 ], [ 8.657426860812485, 49.420350717638499 ], [ 8.657431129712213, 49.420350952317683 ], [ 8.657439403563767, 49.420355977930939 ], [ 8.657462091893999, 49.420368608778105 ], [ 8.657486369073819, 49.420379912834484 ], [ 8.657512053335523, 49.420389805464083 ], [ 8.657538952375905, 49.420398212598514 ], [ 8.657614352634111, 49.420419212686561 ], [ 8.65763117204768, 49.420423359861729 ], [ 8.657638211844128, 49.42042518585351 ], [ 8.657639745718498, 49.420425473878048 ], [ 8.657641518477481, 49.420425910988534 ], [ 8.657843456886395, 49.420469454603577 ], [ 8.657893783288722, 49.420480364711658 ], [ 8.657933418090092, 49.420480364711658 ], [ 8.657944313446571, 49.420480364711658 ], [ 8.657974834583072, 49.420480364711658 ], [ 8.658059837468704, 49.420480364711658 ], [ 8.65821520627623, 49.420480364711658 ], [ 8.658347497537731, 49.420480364711658 ], [ 8.65861336715048, 49.420480364711658 ], [ 8.658848904617916, 49.420480364711658 ], [ 8.658991409284702, 49.420480364711658 ], [ 8.659016569030715, 49.420480364711658 ], [ 8.659634180384833, 49.420480364711658 ], [ 8.659703111279056, 49.420480364711658 ], [ 8.659736972613173, 49.420480364711658 ], [ 8.659925735332244, 49.42014275538947 ], [ 8.659926438048148, 49.420141276883193 ], [ 8.659927329361871, 49.420139842297409 ], [ 8.659927787419891, 49.420138829504538 ], [ 8.65992838134251, 49.420137847200373 ], [ 8.66001314020963, 49.419974614135732 ], [ 8.660024966188571, 49.419978581321423 ], [ 8.660053916821669, 49.419987214952904 ], [ 8.660201717345068, 49.420026015117102 ], [ 8.660203572088619, 49.420026497949749 ], [ 8.661090262892769, 49.420255379479805 ], [ 8.661489568789703, 49.420362251435598 ], [ 8.661665479205457, 49.420410254142801 ], [ 8.661669828608821, 49.420411418340009 ], [ 8.661825967808136, 49.420452402409161 ], [ 8.661894406653346, 49.420470386351695 ], [ 8.661932441006543, 49.420480364711658 ], [ 8.662701442203652, 49.420480364711658 ], [ 8.663398575103624, 49.420480364711658 ], [ 8.663481994421565, 49.420480364711658 ], [ 8.663758398369174, 49.420480364711658 ], [ 8.663960550547023, 49.420480364711658 ], [ 8.664308826371576, 49.420480364711658 ], [ 8.664415752888814, 49.420480364711658 ], [ 8.664723908620614, 49.420480364711658 ], [ 8.665113332252027, 49.420480364711658 ], [ 8.665226199434299, 49.420480364711658 ], [ 8.665366002598972, 49.420480364711658 ], [ 8.667211391420183, 49.420480364711658 ], [ 8.667500595811726, 49.420480364711658 ], [ 8.667756694774578, 49.420480364711658 ], [ 8.667876831479372, 49.420480364711658 ], [ 8.668021394300087, 49.420480364711658 ], [ 8.668114164123669, 49.420480364711658 ], [ 8.668178109986535, 49.420480364711658 ], [ 8.668190010275074, 49.420480364711658 ], [ 8.668271622493416, 49.420480364711658 ], [ 8.668446121720233, 49.420480364711658 ], [ 8.668710835502722, 49.420480364711658 ], [ 8.668961054113545, 49.420480364711658 ], [ 8.66895169227497, 49.419624895167367 ], [ 8.668951682333768, 49.419624779945593 ], [ 8.668951689571061, 49.419624664638192 ], [ 8.668950731863944, 49.419613763688979 ], [ 8.668949791288355, 49.419602862109784 ], [ 8.668949764083221, 49.419602748078532 ], [ 8.668949753960964, 49.419602632863551 ], [ 8.668947163022612, 49.419591845643701 ], [ 8.668944589038915, 49.419581056702683 ], [ 8.668944544831859, 49.419580944960089 ], [ 8.668944517447567, 49.41958083094719 ], [ 8.668940318232734, 49.419570261345058 ], [ 8.668936135631396, 49.419559688943657 ], [ 8.668936074848196, 49.419559580565902 ], [ 8.668936030465598, 49.419559468853016 ], [ 8.668930263416939, 49.419549218658645 ], [ 8.668924512480631, 49.419538964615185 ], [ 8.668924435706648, 49.41953886064595 ], [ 8.668924374753225, 49.419538752309002 ], [ 8.668917095411555, 49.41952892023572 ], [ 8.668909831527321, 49.419519083302987 ], [ 8.668909739502022, 49.41951898474364 ], [ 8.66890966256473, 49.419518880825848 ], [ 8.668900941035474, 49.419509561561661 ], [ 8.668892234159854, 49.419500236473816 ], [ 8.668892127769395, 49.419500144273414 ], [ 8.668892035589305, 49.419500045775706 ], [ 8.668868542928665, 49.419477509336851 ], [ 8.669073657543827, 49.41951701646299 ], [ 8.66958282379629, 49.419637662717271 ], [ 8.669583101746877, 49.419637725998491 ], [ 8.669583169358356, 49.419637744460744 ], [ 8.669583282494497, 49.419637767149432 ], [ 8.669591036299366, 49.419639532463961 ], [ 8.669738366360916, 49.419671720572317 ], [ 8.669949881450497, 49.419718844223347 ], [ 8.6699518071878, 49.419793458468106 ], [ 8.669952098100627, 49.419851917139056 ], [ 8.669953397081144, 49.420480364711658 ], [ 8.67021351308011, 49.420480364711658 ], [ 8.670460009341406, 49.420480364711658 ], [ 8.670642811836021, 49.420480364711658 ], [ 8.670711310818533, 49.420480364711658 ], [ 8.670902948001748, 49.420480364711658 ], [ 8.670967492925705, 49.420480364711658 ], [ 8.671149423497138, 49.420480364711658 ], [ 8.671213255438799, 49.420480364711658 ], [ 8.671400726996074, 49.420480364711658 ], [ 8.671477542541348, 49.420480364711658 ], [ 8.671656907079342, 49.420480364711658 ], [ 8.671807964932075, 49.420480364711658 ], [ 8.671902678538101, 49.420480364711658 ], [ 8.672167021890969, 49.420480364711658 ], [ 8.672296733320849, 49.420480364711658 ], [ 8.672314923990646, 49.420467731403548 ], [ 8.672335556029202, 49.420450243236125 ], [ 8.672353461099132, 49.420431520016272 ], [ 8.672368466766766, 49.420411742060097 ], [ 8.672380428522009, 49.420391099841325 ], [ 8.672389231169943, 49.420369792156691 ], [ 8.672394789940094, 49.420348024211641 ], [ 8.672397051302669, 49.420326005643851 ], [ 8.672404066452909, 49.420069097604987 ], [ 8.672899136395177, 49.420070470395544 ], [ 8.67290460272975, 49.420070457261119 ], [ 8.67315382818763, 49.420068568902714 ], [ 8.673154099175672, 49.420106936622204 ], [ 8.67315579455428, 49.420128199920221 ], [ 8.673160565065638, 49.420149263298313 ], [ 8.673163976420961, 49.420158302076047 ], [ 8.673161742360444, 49.420163795492932 ], [ 8.673156350148334, 49.420185218774023 ], [ 8.673140349525307, 49.420276018725737 ], [ 8.673138164574898, 49.420306246013837 ], [ 8.673140863965106, 49.420393346020532 ], [ 8.673143206446715, 49.420415360979533 ], [ 8.673148845407608, 49.420437120146424 ], [ 8.673157726545719, 49.420458413968049 ], [ 8.673169764334665, 49.420479037372601 ], [ 8.673170777492608, 49.420480364711658 ], [ 8.673371805914119, 49.420480364711658 ], [ 8.673423095009337, 49.420480364711658 ], [ 8.673799882293094, 49.420480364711658 ], [ 8.673806569751083, 49.420470636460621 ], [ 8.673817319609938, 49.420449712434561 ], [ 8.673824873852668, 49.420428201792213 ], [ 8.673829159731785, 49.420406311693419 ], [ 8.673830135976228, 49.420384252952196 ], [ 8.673827943894647, 49.420313554018705 ], [ 8.673843140311174, 49.420296152018608 ], [ 8.673857499035556, 49.420274851360553 ], [ 8.673868406679656, 49.420252696756556 ], [ 8.673875746452522, 49.420229925431258 ], [ 8.673879439767235, 49.420206781212592 ], [ 8.673885539233748, 49.420130281193487 ], [ 8.673885616292079, 49.420107930103072 ], [ 8.673882291740412, 49.420085684428948 ], [ 8.673875598427607, 49.42006376394307 ], [ 8.673865602483337, 49.420042385204447 ], [ 8.673852402664616, 49.420021759419733 ], [ 8.673842830827557, 49.420010190210732 ], [ 8.673842612899104, 49.419979395912392 ], [ 8.673843479689673, 49.419931029364577 ], [ 8.673842051389668, 49.419907783179575 ], [ 8.673836949083293, 49.419884757673138 ], [ 8.673829725888554, 49.419866075120432 ], [ 8.674535388482962, 49.4198633602089 ], [ 8.674515405990151, 49.419895124881222 ], [ 8.674504967759971, 49.419914097365613 ], [ 8.674497175796416, 49.419933603416851 ], [ 8.674494764275096, 49.419943036272954 ], [ 8.674392598702871, 49.41994253395751 ], [ 8.674358800311953, 49.419943450576199 ], [ 8.67432530238707, 49.41994652394056 ], [ 8.674292427527272, 49.41995172445278 ], [ 8.674260492331468, 49.419959002029735 ], [ 8.674229804349567, 49.419968286585288 ], [ 8.674200659120729, 49.419979488705167 ], [ 8.674173337327268, 49.419992500508087 ], [ 8.674148102091626, 49.420007196684637 ], [ 8.6741251964424, 49.420023435704046 ], [ 8.674104840973868, 49.420041061177109 ], [ 8.674087231721535, 49.420059903362251 ], [ 8.674072538274146, 49.420079780800236 ], [ 8.67406090214039, 49.42010050206158 ], [ 8.674052435385985, 49.420121867590169 ], [ 8.674047219554282, 49.42014367162497 ], [ 8.674045304880826, 49.420165704181663 ], [ 8.674046709809382, 49.420187753074856 ], [ 8.674051420814152, 49.420209605961524 ], [ 8.674059392529864, 49.420231052386058 ], [ 8.674070548188496, 49.420251885807012 ], [ 8.674084780358445, 49.420271905586254 ], [ 8.674101951979019, 49.420290918921296 ], [ 8.674121897680289, 49.420308742702048 ], [ 8.674144425375616, 49.420325205274409 ], [ 8.674169318111499, 49.420340148093374 ], [ 8.674196336156928, 49.420353427250006 ], [ 8.674225219312142, 49.420364914857352 ], [ 8.674255689414544, 49.420374500282215 ], [ 8.674287453017634, 49.420382091210584 ], [ 8.674320204217164, 49.420387614536722 ], [ 8.674353627597297, 49.420391017067288 ], [ 8.674387401268383, 49.420392266033602 ], [ 8.674479030805758, 49.420392716548534 ], [ 8.67447908414576, 49.420480364711658 ], [ 8.675168498457253, 49.420480364711658 ], [ 8.67516830492527, 49.420169509180859 ], [ 8.675168302958641, 49.420168835436648 ], [ 8.675167916004272, 49.420094639981436 ], [ 8.675169393593599, 49.420045868272631 ], [ 8.675170764848376, 49.420038475146804 ], [ 8.675194914693146, 49.420011092931141 ], [ 8.675204016031905, 49.420001525715598 ], [ 8.67521006857406, 49.420012381429146 ], [ 8.67520298429304, 49.420022379899002 ], [ 8.675191869257867, 49.420043222549602 ], [ 8.67518393932821, 49.420064675563331 ], [ 8.675179270877578, 49.420086532336626 ], [ 8.675177908869975, 49.420108582377196 ], [ 8.675179866426708, 49.420130613331217 ], [ 8.675185124699857, 49.420152413028433 ], [ 8.675193633053608, 49.420173771525391 ], [ 8.675205309551759, 49.420194483127396 ], [ 8.675220041746641, 49.42021434836947 ], [ 8.675237687761937, 49.420233175937348 ], [ 8.675258077658913, 49.42025078451001 ], [ 8.675281015072942, 49.420267004505867 ], [ 8.675306279104561, 49.420281679716062 ], [ 8.675317210051254, 49.420286871558098 ], [ 8.675317640025838, 49.420292303179195 ], [ 8.675322687525574, 49.420314124070082 ], [ 8.675330115398983, 49.420333265121393 ], [ 8.67532223552635, 49.420344069706445 ], [ 8.675310766313322, 49.420364830550263 ], [ 8.675302471640146, 49.420386224793404 ], [ 8.675297431392964, 49.4204080463983 ], [ 8.675295694116357, 49.420430085211372 ], [ 8.675297276545669, 49.420452128986994 ], [ 8.67530216344567, 49.42047396543142 ], [ 8.675304596714222, 49.420480364711658 ], [ 8.675496456669141, 49.420480364711658 ], [ 8.675541121248482, 49.420480364711658 ], [ 8.675800698664805, 49.420480364711658 ], [ 8.675801175863507, 49.420480364711658 ], [ 8.675961648754837, 49.420480364711658 ], [ 8.676140128132838, 49.420480364711658 ], [ 8.676177555410085, 49.420480364711658 ], [ 8.676185882072531, 49.420480364711658 ], [ 8.676487145679721, 49.420480364711658 ], [ 8.676491643314922, 49.420480364711658 ], [ 8.676829696803683, 49.420480364711658 ], [ 8.676827245135964, 49.420404807398029 ], [ 8.676834084450203, 49.419982073765922 ], [ 8.676833995678104, 49.419974072632208 ], [ 8.676824497232683, 49.419726558323546 ], [ 8.676822800100217, 49.419680943996262 ], [ 8.676822795819943, 49.419680905998604 ], [ 8.676822797249592, 49.419680867909946 ], [ 8.676815132211217, 49.419477686301654 ], [ 8.676817884329097, 49.419444894051082 ], [ 8.67681838349182, 49.419434788947981 ], [ 8.6768199141274, 49.419332188220139 ], [ 8.676822736643929, 49.419332649544579 ], [ 8.676835133612666, 49.419333849598722 ], [ 8.67684747975952, 49.419335255051251 ], [ 8.676851856269698, 49.419335468389107 ], [ 8.676856197448405, 49.419335888624857 ], [ 8.676868715027455, 49.419336290187992 ], [ 8.676881212890736, 49.419336899410233 ], [ 8.676885600380141, 49.419336831869032 ], [ 8.676889983794425, 49.419336972488679 ], [ 8.676902501431009, 49.419336571693513 ], [ 8.676915030647843, 49.419336378818201 ], [ 8.676919386862332, 49.419336031048381 ], [ 8.676923770296588, 49.419335890697667 ], [ 8.67693616743756, 49.41933469140416 ], [ 8.676948607342913, 49.419333698288774 ], [ 8.676952890328714, 49.419333073639635 ], [ 8.676957231567981, 49.419332653670217 ], [ 8.67696938882113, 49.419330667428277 ], [ 8.676981619609702, 49.41932888363727 ], [ 8.676985788119007, 49.419327988124586 ], [ 8.676990045354012, 49.419327292581059 ], [ 8.677001845635946, 49.419324538519689 ], [ 8.677013749518004, 49.419321981232031 ], [ 8.677017763405603, 49.419320823480099 ], [ 8.677021895636056, 49.419319859061083 ], [ 8.67703322530326, 49.419316363703523 ], [ 8.677044687635654, 49.419313057547789 ], [ 8.677048508244674, 49.419311648706696 ], [ 8.677052475675035, 49.419310424700072 ], [ 8.677063225615331, 49.41930622170895 ], [ 8.677074136008663, 49.419302198525635 ], [ 8.677077726544731, 49.419300552163271 ], [ 8.677081490965632, 49.419299080357177 ], [ 8.677091557650247, 49.419294210210104 ], [ 8.677101811030797, 49.419289508745052 ], [ 8.677212611189864, 49.419233208544163 ], [ 8.677214262557818, 49.419232281027014 ], [ 8.677216029360673, 49.419231448945723 ], [ 8.677227076634791, 49.419225083796292 ], [ 8.677238246272307, 49.419218810191225 ], [ 8.677239750331253, 49.419217781544994 ], [ 8.677241383607859, 49.419216840493874 ], [ 8.677251421337431, 49.419209799586191 ], [ 8.677261594594704, 49.419202841958104 ], [ 8.67726293685956, 49.419201722089419 ], [ 8.677264420880716, 49.419200681131315 ], [ 8.677273352396826, 49.419193032273881 ], [ 8.677282431300135, 49.419185457629098 ], [ 8.677283598844383, 49.419184257322847 ], [ 8.677284919318017, 49.41918312648297 ], [ 8.677292658605744, 49.419174943339058 ], [ 8.6773005557208, 49.419166824626139 ], [ 8.677301537300352, 49.419165555442099 ], [ 8.677302681509778, 49.419164345611073 ], [ 8.677309154036729, 49.419155706988917 ], [ 8.6773157933105, 49.419147122396559 ], [ 8.677316579472325, 49.419145796557807 ], [ 8.677317536398359, 49.419144519387004 ], [ 8.677369764973342, 49.41906516207758 ], [ 8.677502073859753, 49.418878469898353 ], [ 8.677502220681273, 49.41887826245086 ], [ 8.677609296348697, 49.418726769664197 ], [ 8.677843073349463, 49.418764117325878 ], [ 8.677659671960015, 49.419137468537095 ], [ 8.67763994017271, 49.419134129856147 ], [ 8.67760681929885, 49.419129644290855 ], [ 8.677573183974951, 49.419127298197019 ], [ 8.677539358123227, 49.419127114168482 ], [ 8.677505667500681, 49.419129093977546 ], [ 8.677472436562041, 49.419133218557775 ], [ 8.677439985335276, 49.419139448187735 ], [ 8.677408626339695, 49.419147722873468 ], [ 8.677378661576361, 49.419157962926214 ], [ 8.677350379619783, 49.419170069729837 ], [ 8.67732405283888, 49.419183926690515 ], [ 8.677299934773993, 49.41919940035956 ], [ 8.677278257695178, 49.419216341718496 ], [ 8.677259230365339, 49.419234587614227 ], [ 8.677243036029683, 49.419253962330103 ], [ 8.677229830650907, 49.419274279278248 ], [ 8.677219741407113, 49.419295342796389 ], [ 8.677212865466879, 49.419316950032176 ], [ 8.677209269053341, 49.419338892896668 ], [ 8.677208986806271, 49.419360960068374 ], [ 8.677212021448307, 49.419382939028466 ], [ 8.677218343758563, 49.419404618107258 ], [ 8.677227892853878, 49.419425788522837 ], [ 8.677240576774986, 49.4194462463918 ], [ 8.677256273372002, 49.419465794692663 ], [ 8.677274831480657, 49.419484245163417 ], [ 8.677296072378004, 49.419501420114656 ], [ 8.677319791503539, 49.419517154140792 ], [ 8.67734576042921, 49.419531295713107 ], [ 8.677373729059287, 49.419543708639118 ], [ 8.677403428038948, 49.419554273374231 ], [ 8.677434571348392, 49.41956288817304 ], [ 8.677466859057441, 49.419569470069305 ], [ 8.677792603329356, 49.419624587082382 ], [ 8.677830797125164, 49.419632564269371 ], [ 8.677843870397224, 49.419635109815893 ], [ 8.677969470906886, 49.419657809916067 ], [ 8.678002474288325, 49.419662651067199 ], [ 8.678036046127357, 49.419665358551065 ], [ 8.678069863104504, 49.419665906292757 ], [ 8.678103599539355, 49.41966428901712 ], [ 8.678136930527199, 49.419660522299615 ], [ 8.678169535068209, 49.419654642416283 ], [ 8.678201099159013, 49.419646705994346 ], [ 8.678231318816856, 49.419636789466793 ], [ 8.678256690373358, 49.419626314688877 ], [ 8.678254971436399, 49.419628490366172 ], [ 8.678250658676307, 49.419633358046539 ], [ 8.67824722721272, 49.419638292314715 ], [ 8.678243422051214, 49.419643108549216 ], [ 8.678198148336643, 49.41970805300312 ], [ 8.678157152409753, 49.419765727253093 ], [ 8.677718029845691, 49.419756640600149 ], [ 8.677715096852113, 49.419756588050483 ], [ 8.677312198691345, 49.419750488081888 ], [ 8.677278691115797, 49.419751044120567 ], [ 8.677245424733337, 49.419753720575201 ], [ 8.677212714086203, 49.419758492139245 ], [ 8.677180868462216, 49.419765313696296 ], [ 8.677150188970502, 49.419774120746723 ], [ 8.677120965694517, 49.419784830017541 ], [ 8.677093474949308, 49.419797340249616 ], [ 8.67706797666893, 49.419811533155226 ], [ 8.677044711948735, 49.419827274536402 ], [ 8.677023900765739, 49.41984441555369 ], [ 8.677005739898656, 49.419862794133557 ], [ 8.676990401067235, 49.419882236500762 ], [ 8.676978029308529, 49.419902558821363 ], [ 8.676968741605412, 49.419923568941009 ], [ 8.676962625780341, 49.419945068201649 ], [ 8.676959739664822, 49.419966853320055 ], [ 8.676942337554481, 49.420268853264346 ], [ 8.676942198365634, 49.420271774289063 ], [ 8.676934338194613, 49.420480364711658 ], [ 8.677623960710077, 49.420480364711658 ], [ 8.677631346690777, 49.420284285491924 ], [ 8.677635899564724, 49.420205255116585 ], [ 8.677697636387308, 49.420206189736632 ], [ 8.677856497152622, 49.420209477004299 ], [ 8.677771486934395, 49.420337778497398 ], [ 8.677757777349401, 49.420362282639779 ], [ 8.677737877086328, 49.420405482582929 ], [ 8.677730817165321, 49.42042347270116 ], [ 8.677726056723033, 49.420441781488464 ], [ 8.677723628226749, 49.42046028408469 ], [ 8.67772226949598, 49.420480364711658 ], [ 8.67842807130771, 49.420480364711658 ], [ 8.678544488462629, 49.420304658929794 ], [ 8.678543140006843, 49.420334851433559 ], [ 8.678543757581338, 49.420356361956884 ], [ 8.678547523395997, 49.420377735532185 ], [ 8.678554402984886, 49.420398776518631 ], [ 8.678564333380249, 49.420419292319423 ], [ 8.678577223688734, 49.420439095144786 ], [ 8.678592955923255, 49.420458003730893 ], [ 8.678596463717044, 49.420461777204792 ], [ 8.678595103024556, 49.420480364711658 ], [ 8.67928530289047, 49.420480364711658 ], [ 8.679290114414631, 49.420414625049297 ], [ 8.679290056722875, 49.420392414804347 ], [ 8.679286640746374, 49.420370316604448 ], [ 8.679279899813039, 49.420348546021266 ], [ 8.679269899686089, 49.420327315430271 ], [ 8.679256737922337, 49.420306831938881 ], [ 8.679240542920375, 49.420287295366279 ], [ 8.679235223585, 49.420281573234341 ], [ 8.679239693712557, 49.420181453629716 ], [ 8.679336333447532, 49.420182819718939 ], [ 8.679352944141186, 49.420182522460848 ], [ 8.679369555580671, 49.420182243895525 ], [ 8.67936985094706, 49.420182219903658 ], [ 8.679370148482626, 49.420182214579086 ], [ 8.679386634517622, 49.420180856616611 ], [ 8.679403124121931, 49.420179517207693 ], [ 8.679403414461575, 49.420179474444708 ], [ 8.679403709764037, 49.420179450120507 ], [ 8.679419912371992, 49.420177044532473 ], [ 8.679436121331845, 49.42017465717862 ], [ 8.679436403848111, 49.420174596056412 ], [ 8.679436694073976, 49.420174552966813 ], [ 8.679452457227576, 49.420171122918298 ], [ 8.67946822942522, 49.420167710613683 ], [ 8.67946850139724, 49.420167631720929 ], [ 8.679468783751489, 49.420167570280888 ], [ 8.6794839556353, 49.420163148806026 ], [ 8.679499139179994, 49.420158744412966 ], [ 8.679499397988749, 49.420158648509386 ], [ 8.679499669751877, 49.420158569310665 ], [ 8.679514104242854, 49.420153198993724 ], [ 8.67952855291534, 49.420147844926916 ], [ 8.679528796068396, 49.420147732936094 ], [ 8.679529054623094, 49.420147636741454 ], [ 8.679542612710868, 49.420141369301781 ], [ 8.679556187358619, 49.420135117124779 ], [ 8.679556412514122, 49.420134990125312 ], [ 8.679556655370492, 49.42013487786113 ], [ 8.679569206489573, 49.420127773654805 ], [ 8.679576181937628, 49.420123839137702 ], [ 8.679753185902548, 49.420149441172356 ], [ 8.679753525697697, 49.420149490202519 ], [ 8.679778070863627, 49.420153023329867 ], [ 8.679778070863627, 49.419692373741896 ], [ 8.679421915462452, 49.419640859081319 ], [ 8.679417184246475, 49.419640197436166 ], [ 8.679224607334801, 49.419614186718626 ], [ 8.679424025180067, 49.419259420443126 ], [ 8.679426520635575, 49.419254827601947 ], [ 8.679544954237592, 49.4190291139168 ], [ 8.679778070863627, 49.419066350937015 ], [ 8.679778070863627, 49.418603320597597 ], [ 8.679770073911609, 49.418602043200565 ], [ 8.679778070863627, 49.418587378792353 ], [ 8.679778070863627, 49.418236097356441 ], [ 8.679778070863627, 49.418218708171587 ], [ 8.679778070863627, 49.417773466909928 ], [ 8.679778070863627, 49.417772703817747 ], [ 8.679778070863627, 49.417373152847084 ], [ 8.679778070863627, 49.417237045737636 ], [ 8.679778070863627, 49.416912962897079 ], [ 8.67947358314588, 49.416869902975662 ], [ 8.679539800925172, 49.416446210842579 ], [ 8.679541394490002, 49.41643075303908 ], [ 8.679563190523734, 49.415996071468768 ], [ 8.67956582941664, 49.415943706694463 ], [ 8.679778070863627, 49.415947286714406 ], [ 8.679778070863627, 49.415497391108509 ], [ 8.679510419940577, 49.415492876450479 ], [ 8.67950602726628, 49.415476100295159 ], [ 8.679494263832909, 49.415422582266821 ], [ 8.679492985585851, 49.415397243143609 ], [ 8.679509724300328, 49.415107881367405 ], [ 8.679520969219077, 49.414911320559995 ], [ 8.679525889364202, 49.414842333359772 ], [ 8.679534682683521, 49.414720913874788 ], [ 8.679534957503458, 49.414715962744317 ], [ 8.679539205361143, 49.414605930493316 ], [ 8.679777609317918, 49.414632259133413 ], [ 8.679778070863627, 49.414632319393199 ], [ 8.679778070863627, 49.414176167204943 ], [ 8.679537084046776, 49.414149553322098 ], [ 8.679536490123374, 49.413841571518837 ], [ 8.679657269159831, 49.413265595939166 ], [ 8.679778070863627, 49.413301700574237 ], [ 8.679778070863627, 49.413122847384727 ], [ 8.679778070863627, 49.412971969214503 ], [ 8.679778070863627, 49.412971347092622 ], [ 8.679778070863627, 49.41297048750738 ], [ 8.679778070863627, 49.412941093991407 ], [ 8.679778070863627, 49.412932861590306 ], [ 8.679778070863627, 49.412930996821608 ], [ 8.679778070863627, 49.412930619960164 ], [ 8.679778070863627, 49.412845692118161 ], [ 8.679778070863627, 49.412845492455716 ], [ 8.679778070863627, 49.412845364643914 ], [ 8.679778070863627, 49.412829969256329 ], [ 8.679778070863627, 49.412807014532326 ], [ 8.679778070863627, 49.412687137430765 ], [ 8.679778070863627, 49.41260935762979 ], [ 8.679778070863627, 49.41260893876035 ], [ 8.679778070863627, 49.412490537530999 ], [ 8.679778070863627, 49.412477025559511 ], [ 8.679778070863627, 49.412121527649617 ], [ 8.679778070863627, 49.411741336996904 ], [ 8.679778070863627, 49.411652369392648 ], [ 8.679580214882172, 49.411614032057415 ], [ 8.679566347058147, 49.411611549140986 ], [ 8.679153548767532, 49.41154364944267 ], [ 8.679143647600688, 49.41154212186693 ], [ 8.678933448491216, 49.411511822002758 ], [ 8.678930605246073, 49.411511420354856 ], [ 8.678710206185345, 49.411480920491883 ], [ 8.67870073956847, 49.41147970054724 ], [ 8.678681999951735, 49.411477462981495 ], [ 8.678401358818791, 49.411442432606016 ], [ 8.678392707218446, 49.41144142710526 ], [ 8.678302793404796, 49.411431747151482 ], [ 8.678188579656146, 49.411419367341615 ], [ 8.678181001427296, 49.411418602347979 ], [ 8.67785810285606, 49.411388402486303 ], [ 8.677851914318802, 49.411387860961533 ], [ 8.677643315248844, 49.411370861039842 ], [ 8.677636276623613, 49.41137033529607 ], [ 8.677586774760156, 49.41136697372427 ], [ 8.67757800362201, 49.411358346553769 ], [ 8.677556634641645, 49.411341241209996 ], [ 8.677532798967199, 49.41132558486494 ], [ 8.677506726149293, 49.411311528296309 ], [ 8.677478667282593, 49.41129920687515 ], [ 8.677448892587659, 49.411288739262154 ], [ 8.677417688808651, 49.411280226264935 ], [ 8.677385356451907, 49.411273749867277 ], [ 8.677334155759581, 49.411265263185243 ], [ 8.677130787866822, 49.411212400338748 ], [ 8.677182854281455, 49.409963777397103 ], [ 8.677879013234133, 49.409967816844315 ], [ 8.678245304323552, 49.409981220127122 ], [ 8.678365414426121, 49.409985594691676 ], [ 8.678446952861925, 49.409990516716462 ], [ 8.678448993266104, 49.409990574216451 ], [ 8.678451018472234, 49.409990746301304 ], [ 8.678550338182221, 49.409995968470135 ], [ 8.67876862476712, 49.410008682295107 ], [ 8.679424794857614, 49.410055551594191 ], [ 8.679778070863627, 49.410082424367069 ], [ 8.679778070863627, 49.409923595937855 ], [ 8.679778070863627, 49.409740867178762 ], [ 8.679778070863627, 49.409629632781368 ], [ 8.679503407761088, 49.409608739890572 ], [ 8.67950219811476, 49.409608686951181 ], [ 8.679501000874051, 49.409608562389771 ], [ 8.678840203836449, 49.409561362608315 ], [ 8.678836758680744, 49.409561227676932 ], [ 8.67883334018908, 49.409560917634245 ], [ 8.678610141195891, 49.409547917694944 ], [ 8.678607180815101, 49.409547753657968 ], [ 8.678508415085297, 49.409542560619471 ], [ 8.67842264724012, 49.409537383290228 ], [ 8.678416362452678, 49.409537206175912 ], [ 8.678410106350494, 49.409536776605201 ], [ 8.67828385120465, 49.409532178239935 ], [ 8.67790949719703, 49.409518479925971 ], [ 8.677901373224008, 49.409518443159378 ], [ 8.677893262705181, 49.409518136007279 ], [ 8.677190648000744, 49.409514059121626 ], [ 8.677189617159987, 49.409482127758743 ], [ 8.677196673182099, 49.409290097683822 ], [ 8.677231231561914, 49.409194044003371 ], [ 8.677246424466041, 49.409182065978932 ], [ 8.677273120153327, 49.409171160633043 ], [ 8.677304592484024, 49.409160868728428 ], [ 8.67738894579146, 49.40914872651144 ], [ 8.677802338165387, 49.409119340976382 ], [ 8.677916875530745, 49.409121592173079 ], [ 8.678020605089008, 49.409135360187925 ], [ 8.678025852410762, 49.409135883227556 ], [ 8.678031033848535, 49.409136635630198 ], [ 8.678042559901675, 49.409137548587594 ], [ 8.678054037419713, 49.409138692637285 ], [ 8.678059338043115, 49.409138877553211 ], [ 8.678064607554354, 49.409139294941468 ], [ 8.67807621524787, 49.409139466326202 ], [ 8.678087809353025, 49.409139870794604 ], [ 8.678093112229517, 49.409139715805978 ], [ 8.678098419065236, 49.409139794160097 ], [ 8.678109996608137, 49.409139222321599 ], [ 8.678121595642352, 49.409138883313439 ], [ 8.678126849702364, 49.409138389912847 ], [ 8.678132142753405, 49.40913812847824 ], [ 8.678143578645948, 49.409136818923805 ], [ 8.678155070902825, 49.409135739703856 ], [ 8.6781602255456, 49.409134912643097 ], [ 8.678165453836916, 49.409134313937571 ], [ 8.678176637944953, 49.409132279278957 ], [ 8.678187912745125, 49.409130470240939 ], [ 8.678192918327854, 49.40912931748521 ], [ 8.678198031507641, 49.409128387274663 ], [ 8.678208856120721, 49.409125647106961 ], [ 8.678219804880413, 49.409123125673169 ], [ 8.678224613196225, 49.40912165832426 ], [ 8.678229562020995, 49.409120405567258 ], [ 8.678239922890665, 49.409116986280168 ], [ 8.678250440166524, 49.409113776733648 ], [ 8.678255004908468, 49.409112008923017 ], [ 8.678259741717604, 49.409110445684519 ], [ 8.678269539062351, 49.409106380207945 ], [ 8.678279523566045, 49.409102513458848 ], [ 8.678283800772556, 49.409100462211768 ], [ 8.678288279947852, 49.409098603546724 ], [ 8.678315376373174, 49.409086100469366 ], [ 8.678347415399955, 49.409079336992541 ], [ 8.678401990527133, 49.409074197391064 ], [ 8.678652560513466, 49.409069375151944 ], [ 8.67865866773451, 49.409069222234038 ], [ 8.678984883818833, 49.409059162710548 ], [ 8.678985133953885, 49.409063352969689 ], [ 8.678988106926036, 49.409085335521581 ], [ 8.678994367706183, 49.409107022078189 ], [ 8.679003856003735, 49.409128203785585 ], [ 8.679016480444952, 49.40914867665159 ], [ 8.67903211945278, 49.409168243510308 ], [ 8.679050622417572, 49.409186715921031 ], [ 8.679071811147466, 49.409203915983042 ], [ 8.679095481584376, 49.409219678048927 ], [ 8.679121405769159, 49.40923385031995 ], [ 8.67914933403698, 49.409246296307956 ], [ 8.679178997421751, 49.409256896149948 ], [ 8.679210110246474, 49.409265547762452 ], [ 8.679242372874576, 49.409272167824632 ], [ 8.679275474595675, 49.409276692580868 ], [ 8.679309096618038, 49.409279078454681 ], [ 8.679342915138873, 49.409279302468519 ], [ 8.679376604462893, 49.40927736246492 ], [ 8.679409840139115, 49.409273277127454 ], [ 8.679442302085668, 49.409267085800657 ], [ 8.679473677672505, 49.409258848111172 ], [ 8.67950366473236, 49.409248643393404 ], [ 8.679531974470901, 49.409236569925575 ], [ 8.679558334248071, 49.409222743983072 ], [ 8.67958249020384, 49.409207298718705 ], [ 8.679604209703044, 49.409190382880226 ], [ 8.679623283575797, 49.409172159377825 ], [ 8.679639528131883, 49.409152803715145 ], [ 8.679652786929724, 49.409132502299002 ], [ 8.679662932282922, 49.40911145064419 ], [ 8.679669866489812, 49.409089851490464 ], [ 8.679673522774255, 49.409067912850098 ], [ 8.679673851380079, 49.409046781558345 ], [ 8.679778070863627, 49.409044918467409 ], [ 8.679778070863627, 49.408631781581114 ], [ 8.679778070863627, 49.408595003893652 ], [ 8.679778070863627, 49.408182023861421 ], [ 8.679755003449296, 49.40818213295838 ], [ 8.679727839205436, 49.408182961494866 ], [ 8.679348583573043, 49.408204339064099 ], [ 8.679350366643828, 49.40815017073281 ], [ 8.679778070863627, 49.40813957300989 ], [ 8.679778070863627, 49.408081153142895 ], [ 8.679778070863627, 49.408027868534198 ], [ 8.679778070863627, 49.407689502922011 ], [ 8.679778070863627, 49.407631317353655 ], [ 8.679778070863627, 49.407578113857952 ], [ 8.679367634649171, 49.407579786876276 ], [ 8.679401603398679, 49.406561489411104 ], [ 8.679483175076655, 49.406569497397591 ], [ 8.679778070863627, 49.40660641956832 ], [ 8.679778070863627, 49.406439482936705 ], [ 8.679778070863627, 49.406392456197842 ], [ 8.679778070863627, 49.406357792194555 ], [ 8.679778070863627, 49.4061484698546 ], [ 8.679778070863627, 49.406002173028433 ], [ 8.679778070863627, 49.405947392434825 ], [ 8.679778070863627, 49.405944698666481 ], [ 8.679731969927722, 49.405936185996779 ], [ 8.679436136205979, 49.405881130770489 ], [ 8.67943920513766, 49.405830842840132 ], [ 8.679442425312597, 49.405832352343538 ], [ 8.679471692770663, 49.405843408579045 ], [ 8.679502480017105, 49.405852539578952 ], [ 8.679534490551001, 49.405859657405642 ], [ 8.679567416089901, 49.405864693509649 ], [ 8.679600939538892, 49.405867599389929 ], [ 8.679634738044548, 49.405868347060853 ], [ 8.679668486104356, 49.405866929321853 ], [ 8.679701858701641, 49.405863359826689 ], [ 8.679734534435831, 49.405857672951996 ], [ 8.679766198617889, 49.405849923466235 ], [ 8.679778070863627, 49.405846114095795 ], [ 8.679778070863627, 49.405307734104177 ], [ 8.679764498229147, 49.405297132425382 ], [ 8.679740377284904, 49.405281665147918 ], [ 8.679714049260644, 49.405267815171605 ], [ 8.679685767708705, 49.40525571587785 ], [ 8.679655804994132, 49.405245483788157 ], [ 8.679624449671726, 49.405237217441972 ], [ 8.679592003707198, 49.405230996447692 ], [ 8.67955877956919, 49.405226880716128 ], [ 8.679525097220187, 49.405224909883479 ], [ 8.679491281035256, 49.405225102929691 ], [ 8.679457656678295, 49.40522745799565 ], [ 8.679424547965906, 49.405231952401039 ], [ 8.679409778498693, 49.405234968356787 ], [ 8.6794052905285, 49.405222578362654 ], [ 8.679394696207401, 49.40520224042335 ], [ 8.67938117648864, 49.405182654923188 ], [ 8.679365325104747, 49.405164538162026 ], [ 8.679366631969581, 49.405164377512222 ], [ 8.6793764864686, 49.405162497878514 ], [ 8.679379302453858, 49.405164438594511 ], [ 8.679404848727703, 49.40517889852191 ], [ 8.679432443934632, 49.405191654815653 ], [ 8.679461822316254, 49.405202584624313 ], [ 8.679492700940447, 49.40521158268659 ], [ 8.67952478242622, 49.405218562345134 ], [ 8.679557757807785, 49.405223456381194 ], [ 8.679591309510196, 49.405226217661884 ], [ 8.679625114407909, 49.405226819594169 ], [ 8.679658846936849, 49.405225256381058 ], [ 8.679692182229925, 49.405221543077317 ], [ 8.679724799245841, 49.405215715444562 ], [ 8.679756383861077, 49.405207829606844 ], [ 8.679759673979682, 49.405206884918961 ], [ 8.679778070863627, 49.405203073886739 ], [ 8.679778070863627, 49.405175771163478 ], [ 8.679778070863627, 49.404837265603653 ], [ 8.679778070863627, 49.404753968952747 ], [ 8.679778070863627, 49.404742603884579 ], [ 8.679778070863627, 49.404716358052177 ], [ 8.679778070863627, 49.404711276305051 ], [ 8.679778070863627, 49.404492653169669 ], [ 8.679778070863627, 49.404440437386789 ], [ 8.679778070863627, 49.404370173666138 ], [ 8.679778070863627, 49.404326015295197 ], [ 8.679778070863627, 49.404288808717212 ], [ 8.679778070863627, 49.404288235278806 ], [ 8.679778070863627, 49.404286371980369 ], [ 8.679778070863627, 49.40402852489909 ], [ 8.679778070863627, 49.403919106005787 ], [ 8.679778070863627, 49.403615477846202 ], [ 8.679778070863627, 49.403577175490845 ], [ 8.679691989016996, 49.403505843832747 ], [ 8.679454462996535, 49.403306833610309 ], [ 8.679778070863627, 49.403142930299914 ], [ 8.679778070863627, 49.403118349322028 ], [ 8.679778070863627, 49.402618313996868 ], [ 8.679778070863627, 49.402554409407038 ], [ 8.679730534590895, 49.402582223358777 ], [ 8.679620414769767, 49.402498617842774 ], [ 8.679597140495169, 49.402482608512017 ], [ 8.679571573783113, 49.402468165023379 ], [ 8.679570734393041, 49.402467777791301 ], [ 8.679673822091578, 49.402390537699866 ], [ 8.679236166706479, 49.402390537699866 ], [ 8.679235627370403, 49.402390537699866 ], [ 8.679105410179643, 49.402390537699866 ], [ 8.678762580177821, 49.402390537699866 ], [ 8.678762235738393, 49.402390537699866 ], [ 8.678759904641289, 49.402390537699866 ], [ 8.678673895358084, 49.402390537699866 ], [ 8.678162255319885, 49.402390537699866 ], [ 8.678161860780584, 49.402390537699866 ], [ 8.677746237283749, 49.402682636381073 ], [ 8.677666600448983, 49.402736405836286 ], [ 8.677548189256848, 49.402622076001954 ], [ 8.677363724931601, 49.402444214889798 ], [ 8.677308130388308, 49.402390537699866 ], [ 8.677285221837533, 49.402390537699866 ], [ 8.677269930974465, 49.402390537699866 ], [ 8.676870867482744, 49.402390537699866 ], [ 8.676793636550363, 49.402390537699866 ], [ 8.676477681803073, 49.402390537699866 ], [ 8.676416632436283, 49.402390537699866 ], [ 8.676014471395973, 49.402390537699866 ], [ 8.675969425217501, 49.402390537699866 ], [ 8.675969356574782, 49.402390537699866 ], [ 8.675895686730145, 49.402390537699866 ], [ 8.675894969601449, 49.402390537699866 ], [ 8.675894639576203, 49.402390537699866 ], [ 8.675777710339647, 49.402390537699866 ], [ 8.675777256196364, 49.402390537699866 ], [ 8.675776830638156, 49.402390537699866 ], [ 8.675726983703658, 49.402390537699866 ], [ 8.675291104390716, 49.402390537699866 ], [ 8.675204812567907, 49.402390537699866 ], [ 8.675164941905308, 49.402390537699866 ], [ 8.675174873980078, 49.402402775529069 ], [ 8.675189833128229, 49.402417506591703 ], [ 8.675189312905973, 49.402418526394534 ], [ 8.675181828124886, 49.402440047031199 ], [ 8.675177611672678, 49.402461942810625 ], [ 8.675176704160387, 49.402484002864874 ], [ 8.675179114332289, 49.402506014743608 ], [ 8.675184818981508, 49.402527766460246 ], [ 8.675193763173349, 49.402549048533366 ], [ 8.675205860774181, 49.40256965600426 ], [ 8.67522099528081, 49.402589390410782 ], [ 8.67523482670204, 49.40260371723295 ], [ 8.6748656986841, 49.402764751377298 ], [ 8.674865693234908, 49.402764754015855 ], [ 8.674865687415634, 49.402764756293358 ], [ 8.674688847227031, 49.402841908906062 ], [ 8.674667102880687, 49.402820769452255 ], [ 8.674646901001186, 49.402803072315798 ], [ 8.674624138371914, 49.402786752613096 ], [ 8.674599034209868, 49.402771967510354 ], [ 8.67457183028141, 49.402758859394758 ], [ 8.674542788573948, 49.402747554503271 ], [ 8.674512188772903, 49.4027381617069 ], [ 8.674480325568263, 49.402730771462288 ], [ 8.674447505816673, 49.402725454940636 ], [ 8.674414045586362, 49.40272226334227 ], [ 8.674380267113385, 49.402721227403582 ], [ 8.674346495698483, 49.402722357101105 ], [ 8.674313056574421, 49.402725641555378 ], [ 8.674280271773997, 49.402731049135703 ], [ 8.674248457028844, 49.402738527764825 ], [ 8.674217918728919, 49.402748005420335 ], [ 8.674188950971931, 49.402759390828386 ], [ 8.674161832731125, 49.402772574342492 ], [ 8.674136825168699, 49.402787428999609 ], [ 8.674114169120719, 49.402803811742672 ], [ 8.674094082777753, 49.402821564798387 ], [ 8.674076759583556, 49.402840517196445 ], [ 8.674062366372059, 49.402860486416195 ], [ 8.674051041760576, 49.402881280144229 ], [ 8.674042894814745, 49.402902698126496 ], [ 8.674038003998024, 49.402924534096812 ], [ 8.674036416415907, 49.402946577763259 ], [ 8.674038147362099, 49.402968616833419 ], [ 8.674043180171058, 49.402990439058861 ], [ 8.674051466378335, 49.403011834279219 ], [ 8.67406292618714, 49.403032596446131 ], [ 8.674077449236677, 49.403052525607706 ], [ 8.674094895664858, 49.403071429834078 ], [ 8.674114257995425, 49.403090253748424 ], [ 8.673943013025564, 49.403163607041449 ], [ 8.673940522767666, 49.403164791781045 ], [ 8.673937894908013, 49.403165842343164 ], [ 8.673778506528643, 49.403236807520734 ], [ 8.673729418770101, 49.403186764460749 ], [ 8.673709811988029, 49.403168784469649 ], [ 8.673687599086596, 49.403152145199471 ], [ 8.673662993988813, 49.40313700689407 ], [ 8.673636233654969, 49.403123515342152 ], [ 8.673607575800601, 49.403111800473347 ], [ 8.673577296414587, 49.403101975106956 ], [ 8.673545687101297, 49.40309413386548 ], [ 8.673513052272391, 49.403088352263396 ], [ 8.67347970621528, 49.403084685979941 ], [ 8.673445970066535, 49.403083170322979 ], [ 8.673412168719308, 49.403083819888906 ], [ 8.673378627694619, 49.403086628422088 ], [ 8.673345670006571, 49.403091568875205 ], [ 8.673336695823906, 49.403093535430926 ], [ 8.672962090251525, 49.402854759078153 ], [ 8.673328379696256, 49.402679631332084 ], [ 8.673411012369989, 49.402640163413366 ], [ 8.673510477888115, 49.402592632020962 ], [ 8.673512662578096, 49.402591476412226 ], [ 8.673514984756544, 49.402590441262014 ], [ 8.673577684854871, 49.402559441150338 ], [ 8.673578672450603, 49.402558951034969 ], [ 8.673604953501226, 49.40254585969825 ], [ 8.673753833765067, 49.402472167307053 ], [ 8.673754248653706, 49.402471961623256 ], [ 8.673918232312293, 49.402390537699866 ], [ 8.673649987033217, 49.402390537699866 ], [ 8.673649606025732, 49.402390537699866 ], [ 8.672964190979332, 49.402390537699866 ], [ 8.672875627981218, 49.402390537699866 ], [ 8.672766928429445, 49.402390537699866 ], [ 8.672512255078729, 49.402512299832885 ], [ 8.672495670691692, 49.402520748564683 ], [ 8.672219070997485, 49.402670748042979 ], [ 8.672213775281508, 49.402673919117831 ], [ 8.6722082137433, 49.402676890074424 ], [ 8.672012010397097, 49.402792645853978 ], [ 8.671877056762057, 49.402665235342205 ], [ 8.671874319339569, 49.402662904341653 ], [ 8.671871846230484, 49.402660450754773 ], [ 8.671856846194821, 49.402647050790499 ], [ 8.671839308872949, 49.402632658657879 ], [ 8.671809908842551, 49.40261045872353 ], [ 8.671788017880685, 49.402595394501461 ], [ 8.671764091354467, 49.402581711996902 ], [ 8.671686491453768, 49.402541312140102 ], [ 8.671662208173752, 49.402529763481304 ], [ 8.671636475573314, 49.402519639278424 ], [ 8.671590075703477, 49.402503139344283 ], [ 8.671561613376285, 49.402494098622896 ], [ 8.671531999863406, 49.402486800571673 ], [ 8.671501485072218, 49.402481306778547 ], [ 8.671470326515637, 49.402477663605318 ], [ 8.671429726696079, 49.402474163621392 ], [ 8.67138833114741, 49.402472240096905 ], [ 8.671303431535017, 49.402471640100437 ], [ 8.671295750510973, 49.402471831966146 ], [ 8.671288064764111, 49.402471755146792 ], [ 8.671278865191777, 49.402472253747625 ], [ 8.671269640702642, 49.402472484167831 ], [ 8.671262025481692, 49.402473166430653 ], [ 8.671254365205193, 49.402473581604326 ], [ 8.671245284817187, 49.402474666260147 ], [ 8.671236139353862, 49.402475485620428 ], [ 8.671228663273387, 49.402476651709904 ], [ 8.671221102239292, 49.402477554878317 ], [ 8.671117102677014, 49.402493454809132 ], [ 8.671085694947354, 49.402499293805519 ], [ 8.670936495521158, 49.402532093665997 ], [ 8.670122315546152, 49.402711162988332 ], [ 8.670106667239953, 49.402706565626957 ], [ 8.670074619995335, 49.402699522492895 ], [ 8.670041669224807, 49.402694563183807 ], [ 8.670033096202097, 49.402693840335438 ], [ 8.670343328844986, 49.402627343713462 ], [ 8.670548874670658, 49.402583255321339 ], [ 8.671187094112007, 49.402446693903535 ], [ 8.671319930743405, 49.402418307434168 ], [ 8.671449696489443, 49.402390537699866 ], [ 8.670901453769961, 49.402390537699866 ], [ 8.669239601008673, 49.402390537699866 ], [ 8.668954221888196, 49.402390537699866 ], [ 8.668866985827517, 49.402409241343662 ], [ 8.668857769120642, 49.402390537699866 ], [ 8.668340862994009, 49.402390537699866 ], [ 8.66813233804915, 49.402390537699866 ], [ 8.666832405700744, 49.402390537699866 ], [ 8.666314936587924, 49.402390537699866 ], [ 8.665990683170275, 49.402390537699866 ], [ 8.666003748993875, 49.402405828100825 ], [ 8.666023034115971, 49.402423955499771 ], [ 8.666100876155106, 49.402489958409376 ], [ 8.666287821491112, 49.402667469888179 ], [ 8.666289458513427, 49.402668871615191 ], [ 8.666290912935002, 49.402670356624043 ], [ 8.66629970410281, 49.40267764456793 ], [ 8.666308319297487, 49.402685021468656 ], [ 8.666310158971946, 49.402686311732673 ], [ 8.666311829433031, 49.402687696557408 ], [ 8.666321672893808, 49.402694387073915 ], [ 8.666331354589383, 49.402701177374951 ], [ 8.666333379198802, 49.402702343749773 ], [ 8.666335249612164, 49.402703615053817 ], [ 8.666346050568514, 49.402709643709208 ], [ 8.666356705524674, 49.402715782015441 ], [ 8.66635889557093, 49.402716813268135 ], [ 8.666360947923469, 49.402717958808012 ], [ 8.666372602355462, 49.402723267542079 ], [ 8.666384127959461, 49.40272869473803 ], [ 8.666386462351296, 49.40272958093702 ], [ 8.666388676877487, 49.40273058968036 ], [ 8.666401072546163, 49.402735127366618 ], [ 8.666413357799321, 49.402739791184743 ], [ 8.666415814054796, 49.402740523795224 ], [ 8.666418169427709, 49.402741386027316 ], [ 8.666431186955274, 49.402745108964879 ], [ 8.666444113542731, 49.402748964489511 ], [ 8.66644666800668, 49.402749536456 ], [ 8.666449141542458, 49.402750243872923 ], [ 8.666462655561766, 49.402753116207364 ], [ 8.666476098992179, 49.402756126307281 ], [ 8.666478727063298, 49.40275653212133 ], [ 8.666481294940334, 49.402757077910223 ], [ 8.66649517530151, 49.402759071978828 ], [ 8.666509006106798, 49.40276120766498 ], [ 8.666511682475337, 49.402761443418356 ], [ 8.666514319962957, 49.402761822322852 ], [ 8.666528432990283, 49.402762918921589 ], [ 8.666542517969127, 49.40276415962564 ], [ 8.666545216859083, 49.402764223047825 ], [ 8.666547898557283, 49.402764431418916 ], [ 8.666562108332222, 49.402764619986648 ], [ 8.666576311837327, 49.402764953759934 ], [ 8.666579007257502, 49.40276484424016 ], [ 8.666581707338777, 49.402764880071004 ], [ 8.666595877009323, 49.40276415879179 ], [ 8.66661006225355, 49.402763582419787 ], [ 8.666612728244939, 49.402763301012776 ], [ 8.666615420705954, 49.40276316395834 ], [ 8.66662941381087, 49.402761539778552 ], [ 8.666643444178424, 49.402760058812092 ], [ 8.666646055065396, 49.402759608228017 ], [ 8.666648713976265, 49.402759299608213 ], [ 8.666662395752999, 49.402756788169668 ], [ 8.666676136121549, 49.402754416871595 ], [ 8.666678666759594, 49.402753801449897 ], [ 8.66668126651315, 49.402753324236926 ], [ 8.667402018404079, 49.402595734692575 ], [ 8.667797068999549, 49.402509445449049 ], [ 8.66815319321775, 49.402431574178593 ], [ 8.668181258586964, 49.402486746919436 ], [ 8.668316991740211, 49.402762200310328 ], [ 8.668342695242961, 49.402814600441012 ], [ 8.668464488475243, 49.403064966903401 ], [ 8.667814661430432, 49.403207343454277 ], [ 8.667489510956367, 49.403274793798843 ], [ 8.66748699611567, 49.403275405661184 ], [ 8.667484412484985, 49.403275880015599 ], [ 8.667172175166296, 49.403344160130999 ], [ 8.66631326809857, 49.403526419259677 ], [ 8.666299938937097, 49.403503518324534 ], [ 8.666306459775249, 49.4035015359946 ], [ 8.666335565976448, 49.403490301496149 ], [ 8.666362844606752, 49.403477259324269 ], [ 8.666388032956691, 49.40346253508357 ], [ 8.666410888448182, 49.403446270577952 ], [ 8.666431190970716, 49.403428622444935 ], [ 8.66644874500113, 49.403409760647072 ], [ 8.666463381486551, 49.403389866835056 ], [ 8.666474959472389, 49.403369132598314 ], [ 8.666483367459701, 49.403347757619812 ], [ 8.66648852447886, 49.403325947752982 ], [ 8.666490380869183, 49.403303913039188 ], [ 8.666488918757031, 49.403281865684924 ], [ 8.66648415222777, 49.403260018018187 ], [ 8.66647612718995, 49.403238580443535 ], [ 8.666464920933022, 49.403217759415895 ], [ 8.666450641382843, 49.40319775545224 ], [ 8.666433426062152, 49.403178761200572 ], [ 8.666413440766053, 49.403160959584675 ], [ 8.666390877965227, 49.403144522042481 ], [ 8.666365954952278, 49.403129606875069 ], [ 8.666338911749076, 49.403116357722226 ], [ 8.666310008795227, 49.403104902179159 ], [ 8.666279524439942, 49.403095350567732 ], [ 8.666247752261457, 49.403087794874018 ], [ 8.66621499823983, 49.403082307862597 ], [ 8.66618157781031, 49.403078942375679 ], [ 8.66614781282567, 49.403077730824286 ], [ 8.666114028456757, 49.403078684876149 ], [ 8.666080550061086, 49.403081795343361 ], [ 8.666048808120154, 49.403086855622917 ], [ 8.66576471840532, 49.402631282152527 ], [ 8.665630768301272, 49.402415026419909 ], [ 8.665615595118236, 49.402390537699866 ], [ 8.665181895230411, 49.402390537699866 ], [ 8.664872228848997, 49.402390537699866 ], [ 8.664710103878033, 49.402390537699866 ], [ 8.664339818780402, 49.402390537699866 ], [ 8.664278937512021, 49.402390537699866 ], [ 8.664277986535428, 49.402390537699866 ], [ 8.663486266390539, 49.402390537699866 ], [ 8.663497237181868, 49.402403843262938 ], [ 8.663516102072181, 49.402422158016947 ], [ 8.663592001905174, 49.402488558196339 ], [ 8.663767635804785, 49.402642151426022 ], [ 8.663597484050712, 49.402728426122323 ], [ 8.66315317157491, 49.402953731970292 ], [ 8.66312751950276, 49.402968111024101 ], [ 8.663104150622777, 49.402984061674026 ], [ 8.663083289990235, 49.403001430308031 ], [ 8.663065138505473, 49.403020049658039 ], [ 8.663049870979085, 49.40303974041089 ], [ 8.663037634448317, 49.403060312934983 ], [ 8.663028546760911, 49.403081569106668 ], [ 8.663022695440064, 49.403103304218142 ], [ 8.663020136841363, 49.403125308948901 ], [ 8.6630208956099, 49.403147371381593 ], [ 8.663024964442759, 49.403169279042849 ], [ 8.663032304159172, 49.40319082094959 ], [ 8.663042844077685, 49.403211789640892 ], [ 8.66305648269671, 49.403231983175942 ], [ 8.663073088671901, 49.403251207078895 ], [ 8.663092502080946, 49.403269276211851 ], [ 8.663114535963635, 49.403286016557828 ], [ 8.663138978122316, 49.403301266896726 ], [ 8.663165593165454, 49.403314880358003 ], [ 8.66319412477459, 49.403326725835186 ], [ 8.663224298172858, 49.40333668924854 ], [ 8.663255822771323, 49.403344674643805 ], [ 8.663288394967596, 49.403350605116287 ], [ 8.663321701069831, 49.403354423551512 ], [ 8.663355420317885, 49.40335609317539 ], [ 8.663389227972578, 49.403355597908281 ], [ 8.663422798443273, 49.403352942519945 ], [ 8.663455808423672, 49.403348152583568 ], [ 8.663487940005588, 49.403341274229447 ], [ 8.663518883740734, 49.403332373700721 ], [ 8.663548341621018, 49.403321536715445 ], [ 8.663576029948638, 49.403308867640881 ], [ 8.664020324026621, 49.403083570165819 ], [ 8.664178889469671, 49.403003169916211 ], [ 8.664206677937143, 49.403027653370685 ], [ 8.663631193191254, 49.403301978932895 ], [ 8.662984962415729, 49.403601971872142 ], [ 8.662767820576338, 49.403414639965646 ], [ 8.662764769537816, 49.403412047157715 ], [ 8.662428868920967, 49.403130847939153 ], [ 8.662348606984059, 49.403063696413348 ], [ 8.662326525825682, 49.403046982673047 ], [ 8.662302040656773, 49.403031761832281 ], [ 8.662275387282689, 49.403018180474618 ], [ 8.662246822388934, 49.403006369394539 ], [ 8.662216621069161, 49.402996442337937 ], [ 8.662185074175962, 49.402988494906594 ], [ 8.662152485519883, 49.402982603637675 ], [ 8.662119168943692, 49.402978825266565 ], [ 8.662085445300056, 49.402977196180544 ], [ 8.66205163936171, 49.402977732068379 ], [ 8.662018076693878, 49.402980427769236 ], [ 8.661985080519088, 49.402985257322399 ], [ 8.661952968604517, 49.402992174217218 ], [ 8.661922050201882, 49.403001111841057 ], [ 8.661892623069303, 49.403011984120788 ], [ 8.661864970603856, 49.403024686351628 ], [ 8.66183935911239, 49.403039096205518 ], [ 8.661816035246893, 49.403055074909084 ], [ 8.661795223629149, 49.403072468580127 ], [ 8.661777124687472, 49.403091109709486 ], [ 8.661761912726448, 49.403110818774181 ], [ 8.661749734248211, 49.40313140596632 ], [ 8.661740706541442, 49.403152673020955 ], [ 8.661734916551696, 49.403174415125477 ], [ 8.661732420043915, 49.403196422892009 ], [ 8.661733241065223, 49.403218484373994 ], [ 8.661737371713176, 49.403240387107196 ], [ 8.661744772211689, 49.403261920155998 ], [ 8.661755371293935, 49.40328287614475 ], [ 8.661769066888542, 49.403303053255001 ], [ 8.661785727102439, 49.403322257169087 ], [ 8.661805191490954, 49.403340302941572 ], [ 8.66188536044729, 49.403407377278008 ], [ 8.662219688983464, 49.403687263022064 ], [ 8.662423130865191, 49.403862777442818 ], [ 8.66205267863012, 49.404034738563354 ], [ 8.661849648247602, 49.403856329166167 ], [ 8.661846680290747, 49.403853759723106 ], [ 8.661565818056461, 49.403614193071036 ], [ 8.661488656228675, 49.403548325968067 ], [ 8.661466824772109, 49.403531472993052 ], [ 8.661442567164872, 49.403516097602044 ], [ 8.661416117020867, 49.403502347867004 ], [ 8.66138772906846, 49.403490356204038 ], [ 8.661357676697349, 49.403480238098084 ], [ 8.661326249325732, 49.40347209099086 ], [ 8.661293749613156, 49.403465993342451 ], [ 8.661260490545862, 49.403462003875795 ], [ 8.661226792422704, 49.403460161011104 ], [ 8.661192979770655, 49.403460482495937 ], [ 8.661159378219594, 49.403462965234226 ], [ 8.661126311366495, 49.403467585316164 ], [ 8.661094097659168, 49.403474298248462 ], [ 8.661063047329598, 49.403483039382671 ], [ 8.661033459406374, 49.403493724537952 ], [ 8.661005618834999, 49.403506250811645 ], [ 8.660979793733802, 49.403520497570234 ], [ 8.660956232811868, 49.403536327611029 ], [ 8.660935162973873, 49.403553588483533 ], [ 8.660916787134854, 49.40357211395753 ], [ 8.660901282265987, 49.403591725623862 ], [ 8.660888797690202, 49.403612234612666 ], [ 8.660879453644009, 49.403633443412133 ], [ 8.660873340119434, 49.403655147770742 ], [ 8.660870515997209, 49.403677138664122 ], [ 8.660871008479553, 49.403699204308246 ], [ 8.660874812828029, 49.403721132198839 ], [ 8.660881892409019, 49.403742711158017 ], [ 8.660892179046344, 49.403763733368045 ], [ 8.660905573677693, 49.403783996372695 ], [ 8.660921947308504, 49.403803305027139 ], [ 8.66094114225413, 49.403821473377263 ], [ 8.661018342100023, 49.403887373558149 ], [ 8.661297820134347, 49.404125761822669 ], [ 8.661533348310622, 49.404332730124821 ], [ 8.661658942031819, 49.40444422637453 ], [ 8.661679911502508, 49.404497700555574 ], [ 8.661249914059862, 49.404586777964319 ], [ 8.661249868674377, 49.404585939997169 ], [ 8.661245367362834, 49.404564068386584 ], [ 8.661237602581368, 49.404542590011118 ], [ 8.661226649113047, 49.404521711718651 ], [ 8.661212612449278, 49.404501634577677 ], [ 8.661195627773729, 49.404482551940959 ], [ 8.661175858660323, 49.40446464758346 ], [ 8.661150262424242, 49.404443713613617 ], [ 8.660938771900421, 49.404262578123237 ], [ 8.660796145626199, 49.404140241944702 ], [ 8.660652485907557, 49.40401709132373 ], [ 8.660498602134894, 49.403885205857996 ], [ 8.660450141791495, 49.403843640071059 ], [ 8.660428370070555, 49.403826754149321 ], [ 8.660404166947417, 49.403811342140891 ], [ 8.660377765511287, 49.403797552470365 ], [ 8.660349420021475, 49.403785517938452 ], [ 8.660319403458754, 49.403775354442921 ], [ 8.660288004896485, 49.403767159862632 ], [ 8.660255526716782, 49.40376101311486 ], [ 8.660222281698523, 49.403756973395367 ], [ 8.660188590005269, 49.403755079608345 ], [ 8.66015477610207, 49.403755349991727 ], [ 8.660121165630859, 49.403757781941628 ], [ 8.660088082274505, 49.403762352037319 ], [ 8.660055844639754, 49.403769016266871 ], [ 8.660024763189007, 49.403777710450917 ], [ 8.659995137250553, 49.403788350860765 ], [ 8.659967252135983, 49.403800835024626 ], [ 8.659941376392585, 49.403815042714555 ], [ 8.659917759217135, 49.40383083710411 ], [ 8.659896628056043, 49.403848066086141 ], [ 8.659878186414893, 49.403866563737544 ], [ 8.659862611898562, 49.403886151917114 ], [ 8.659850054500701, 49.403906641981195 ], [ 8.659840635159123, 49.403927836600225 ], [ 8.659834444590979, 49.403949531659265 ], [ 8.659831542418965, 49.4039715182235 ], [ 8.65983195659696, 49.403993584550584 ], [ 8.659835683140642, 49.404015518129718 ], [ 8.659842686165698, 49.4040371077282 ], [ 8.659852898233233, 49.404058145425843 ], [ 8.659866220999096, 49.404078428617304 ], [ 8.659882526160843, 49.404097761963328 ], [ 8.659901656693242, 49.404115959271998 ], [ 8.659950156594496, 49.404157559385823 ], [ 8.660104124171202, 49.404289517958759 ], [ 8.660247682576395, 49.404412582888853 ], [ 8.660390352567957, 49.404534957733283 ], [ 8.660604400232566, 49.404718285171519 ], [ 8.660606522875851, 49.40472006159299 ], [ 8.66029179652949, 49.404785259672359 ], [ 8.660288720406298, 49.404765835997651 ], [ 8.66028196366673, 49.40474421299141 ], [ 8.660271991648351, 49.404723126285447 ], [ 8.660258900390827, 49.404702778955489 ], [ 8.660242815973247, 49.404683366956419 ], [ 8.660223893299786, 49.404665077235229 ], [ 8.660202314607815, 49.40464808593056 ], [ 8.660178287712764, 49.404632556676574 ], [ 8.660152044006745, 49.404618639027028 ], [ 8.660123836230097, 49.404606467015114 ], [ 8.660093936037406, 49.404596157862606 ], [ 8.660062631381376, 49.404587810851105 ], [ 8.660030223739801, 49.404581506365872 ], [ 8.659997025212274, 49.404577305121748 ], [ 8.65996335551465, 49.404575247578485 ], [ 8.659935798122415, 49.404575333936243 ], [ 8.659897831074002, 49.404542870668863 ], [ 8.659824486747736, 49.404480247648713 ], [ 8.659822860280617, 49.404478991799195 ], [ 8.659821400115607, 49.404477651742873 ], [ 8.659797500073726, 49.40445785179827 ], [ 8.65977529630886, 49.404441207026643 ], [ 8.659750699411338, 49.404426062624367 ], [ 8.659723946262485, 49.404412564438871 ], [ 8.659695294508646, 49.40440084246368 ], [ 8.659665020079951, 49.404391009586512 ], [ 8.65963341453303, 49.404383160502206 ], [ 8.659600782243269, 49.404377370800752 ], [ 8.659567437473633, 49.404373696239453 ], [ 8.659533701348295, 49.404372172205797 ], [ 8.659499898760179, 49.404372813376902 ], [ 8.659466355242257, 49.404375613577997 ], [ 8.659433393832639, 49.404380545841953 ], [ 8.659401331963712, 49.404387562669015 ], [ 8.659370478405251, 49.404396596484155 ], [ 8.659341130290921, 49.404407560287858 ], [ 8.659313570256849, 49.404420348493936 ], [ 8.659288063719753, 49.404434837946319 ], [ 8.659264856320902, 49.404450889105092 ], [ 8.659244171560479, 49.404468347390257 ], [ 8.659226208645135, 49.404487044670361 ], [ 8.659211140569491, 49.404506800881698 ], [ 8.659199112450013, 49.404527425762296 ], [ 8.65919024012738, 49.40454872068424 ], [ 8.659184609050731, 49.404570480566534 ], [ 8.659182273454601, 49.404592495850089 ], [ 8.65918325583646, 49.404614554515881 ], [ 8.659187546739867, 49.404636444126865 ], [ 8.659195104845379, 49.404657953873738 ], [ 8.659205857368313, 49.404678876605267 ], [ 8.659219700759548, 49.404699010823265 ], [ 8.659236501702626, 49.404718162623126 ], [ 8.659256098397542, 49.404736147561316 ], [ 8.65927844057139, 49.404754657061503 ], [ 8.659350039467411, 49.40481579028873 ], [ 8.659368424515272, 49.404831510351876 ], [ 8.659363038664182, 49.404842850704384 ], [ 8.659356242019014, 49.404864468384694 ], [ 8.659352725126459, 49.404886416701693 ], [ 8.659352521860463, 49.404908484281421 ], [ 8.659355634183024, 49.404930458601029 ], [ 8.659362032125149, 49.404952128035568 ], [ 8.659371654075285, 49.404973283895998 ], [ 8.659378902557689, 49.404984900375794 ], [ 8.658896744357923, 49.405161154218348 ], [ 8.658852201401963, 49.405177396932515 ], [ 8.658823525414361, 49.405189094113894 ], [ 8.658796744452365, 49.405202569145786 ], [ 8.658772116430137, 49.405217692257658 ], [ 8.658749878528711, 49.405234317807093 ], [ 8.658730244911816, 49.405252285682394 ], [ 8.658713404663352, 49.405271422844464 ], [ 8.658699519966344, 49.405291544993204 ], [ 8.658688724540944, 49.405312458342451 ], [ 8.658681122356535, 49.405333961486036 ], [ 8.65867678663029, 49.405355847337603 ], [ 8.658675759121916, 49.405377905124809 ], [ 8.658678049731316, 49.405399922419186 ], [ 8.658683636403072, 49.405421687181985 ], [ 8.658692465338687, 49.405442989806183 ], [ 8.658704451514527, 49.405463625135141 ], [ 8.658719479500503, 49.405483394438427 ], [ 8.658737404571596, 49.405502107325702 ], [ 8.658758054101531, 49.405519583580315 ], [ 8.658781229225191, 49.405535654895019 ], [ 8.658806706753751, 49.405550166492844 ], [ 8.658834241324097, 49.405562978617731 ], [ 8.658863567761831, 49.405573967880549 ], [ 8.658894403635102, 49.405583028447445 ], [ 8.658926451974656, 49.405590073059138 ], [ 8.65895940413394, 49.405595033871272 ], [ 8.658992942761655, 49.405597863107872 ], [ 8.659026744858192, 49.405598533521498 ], [ 8.659060484886449, 49.405597038655579 ], [ 8.659093837907109, 49.405593392906674 ], [ 8.659126482708141, 49.405587631385792 ], [ 8.659158104898424, 49.405579809580274 ], [ 8.65918839993564, 49.405570002819317 ], [ 8.659233100058865, 49.405553702755157 ], [ 8.659233413805882, 49.405553588205862 ], [ 8.659737414890202, 49.405369349219029 ], [ 8.659766299634395, 49.405463975902798 ], [ 8.659765471114181, 49.405464017264258 ], [ 8.659763330942516, 49.405464004121029 ], [ 8.659748616059396, 49.405464858703859 ], [ 8.659733886057532, 49.405465594056373 ], [ 8.659731778304462, 49.405465836574777 ], [ 8.65972964646415, 49.405465960383722 ], [ 8.659586047101854, 49.405478960326796 ], [ 8.659552851771853, 49.405483056443721 ], [ 8.659520430594341, 49.405489253971972 ], [ 8.659489095171018, 49.405497493346822 ], [ 8.659434595349675, 49.405513893279768 ], [ 8.659406566711843, 49.405523366401844 ], [ 8.659379983972782, 49.405534473378097 ], [ 8.659355070166256, 49.405547121019517 ], [ 8.659314170205441, 49.405569920941097 ], [ 8.659285238227547, 49.405588053022903 ], [ 8.659259731261562, 49.405608256252016 ], [ 8.659207231139227, 49.405655156126485 ], [ 8.659191875628078, 49.405670093133352 ], [ 8.65918804164334, 49.405674165743733 ], [ 8.659162336193594, 49.405681486850547 ], [ 8.659045636553333, 49.405719486697357 ], [ 8.659007525424894, 49.405733953419464 ], [ 8.658939230988208, 49.405763849057443 ], [ 8.658844444112173, 49.405702212285718 ], [ 8.658820513174591, 49.405688046159874 ], [ 8.658794654251786, 49.405675404881777 ], [ 8.658767094671237, 49.405664399581042 ], [ 8.658738076710408, 49.405655127005318 ], [ 8.658707855466925, 49.405647668669808 ], [ 8.658676696616075, 49.405642090140702 ], [ 8.658644874075312, 49.405638440458816 ], [ 8.65861266759636, 49.405636751708435 ], [ 8.658410168519447, 49.405632351730354 ], [ 8.658374240854828, 49.405632794313426 ], [ 8.658338579146514, 49.405635675903923 ], [ 8.658303571161779, 49.405640965168857 ], [ 8.658269597559917, 49.405648604595449 ], [ 8.657420617681737, 49.40587245667875 ], [ 8.657107699432466, 49.40592462523027 ], [ 8.657101048337719, 49.405925780356938 ], [ 8.656232051876561, 49.406082779679537 ], [ 8.656195320314543, 49.406090893071713 ], [ 8.656160218227162, 49.40610164808259 ], [ 8.656004968957415, 49.406156372084439 ], [ 8.655871272910407, 49.406104556691325 ], [ 8.655840299319463, 49.406093902472946 ], [ 8.655807828864784, 49.406085354189813 ], [ 8.655774196747508, 49.406079000087921 ], [ 8.655739750160432, 49.406074905762189 ], [ 8.655265100700259, 49.406034616460374 ], [ 8.654729199549896, 49.405969091003421 ], [ 8.65406166779159, 49.405838059210474 ], [ 8.654061462367915, 49.405838019939679 ], [ 8.654061433931885, 49.405838013363599 ], [ 8.654061395695077, 49.40583800719385 ], [ 8.654056892427299, 49.405837146305302 ], [ 8.653646043844025, 49.405760700962709 ], [ 8.653491390530766, 49.405700979033355 ], [ 8.653434268225414, 49.405673377967425 ], [ 8.653433064274759, 49.405672798862483 ], [ 8.653348064417674, 49.405632099011385 ], [ 8.653316599956074, 49.405618691481578 ], [ 8.653283085383347, 49.405607599367237 ], [ 8.653145285845895, 49.405567999532366 ], [ 8.653121654766368, 49.405561877375696 ], [ 8.653021674542583, 49.405538723053695 ], [ 8.652670371334452, 49.405452210356444 ], [ 8.652660872672721, 49.405449974366064 ], [ 8.652317462958687, 49.40537282619929 ], [ 8.652348713354916, 49.405298750003283 ], [ 8.652383485883567, 49.405216513661422 ], [ 8.652384732844947, 49.405212877191659 ], [ 8.65238633940289, 49.405209301309078 ], [ 8.652502458814173, 49.404894341496821 ], [ 8.652539145559157, 49.404801717796701 ], [ 8.652619952109726, 49.40461704241936 ], [ 8.652620766052124, 49.404615150970379 ], [ 8.652697264927742, 49.404434350750009 ], [ 8.652697769458896, 49.404432880560122 ], [ 8.652698462966873, 49.404431443534783 ], [ 8.652797813988034, 49.404183753133388 ], [ 8.652916929226066, 49.403918038137888 ], [ 8.652918042344893, 49.403915499844658 ], [ 8.653040043902557, 49.403630988957907 ], [ 8.653077931036504, 49.403555878398116 ], [ 8.653141636114556, 49.40346175782021 ], [ 8.653180622391424, 49.403409472501842 ], [ 8.654316769630748, 49.403560167698132 ], [ 8.654350198998712, 49.403563496484722 ], [ 8.654383967376239, 49.403564670942202 ], [ 8.654417749550982, 49.403563679759785 ], [ 8.654451220177705, 49.403560532483183 ], [ 8.654484056911709, 49.403555259422795 ], [ 8.654515943513355, 49.403547911361734 ], [ 8.65454657289377, 49.403538559066732 ], [ 8.654575650072418, 49.403527292606611 ], [ 8.654602895018035, 49.403514220484787 ], [ 8.654628045345564, 49.403499468594326 ], [ 8.654650858843116, 49.403483179005413 ], [ 8.654671115804616, 49.403465508597108 ], [ 8.654688621145699, 49.403446627546522 ], [ 8.654703206282401, 49.40342671768974 ], [ 8.654714730754666, 49.403405970770706 ], [ 8.654723083578924, 49.403384586594534 ], [ 8.654728184316806, 49.40336277110319 ], [ 8.654729983849652, 49.403340734392238 ], [ 8.654728464851393, 49.403318688687413 ], [ 8.654723641955236, 49.403296846300798 ], [ 8.654715561612576, 49.403275417586094 ], [ 8.65470430164547, 49.40325460891291 ], [ 8.654689970497023, 49.403234620679207 ], [ 8.654672706186886, 49.40321564538155 ], [ 8.654652674981946, 49.403197865761157 ], [ 8.654630069794992, 49.403181453044105 ], [ 8.654605108326818, 49.403166565292416 ], [ 8.654578030969628, 49.403153345881847 ], [ 8.654549098491932, 49.403141922121172 ], [ 8.654518589527257, 49.403132404026167 ], [ 8.654486797890833, 49.403124883260176 ], [ 8.6544540297501, 49.40311943225133 ], [ 8.6534822438408, 49.402990537511606 ], [ 8.653734644156049, 49.402483132161791 ], [ 8.653736170361677, 49.402479985519903 ], [ 8.653778450415398, 49.402390537699866 ], [ 8.65305613954069, 49.402390537699866 ], [ 8.652833109891668, 49.402838886757891 ], [ 8.652794872531189, 49.402892308476311 ], [ 8.652781621158148, 49.402890505057108 ], [ 8.651966481985745, 49.402798666813368 ], [ 8.651398720116463, 49.402719398492472 ], [ 8.650807342239254, 49.40263002500911 ], [ 8.650774063784326, 49.402626107100254 ], [ 8.650740357124722, 49.402624336725353 ], [ 8.650707367550977, 49.402624721365164 ], [ 8.650742753749526, 49.402488207265634 ], [ 8.650744624098337, 49.402477954053651 ], [ 8.650746593513871, 49.402467708749562 ], [ 8.650746622471008, 49.402466999017626 ], [ 8.650746751075113, 49.40246629401269 ], [ 8.650747072434299, 49.402455970534071 ], [ 8.650747493570758, 49.402445648588689 ], [ 8.650747415790251, 49.402444940422029 ], [ 8.650747437886723, 49.402444230585616 ], [ 8.650746207163461, 49.402433936261247 ], [ 8.65074507596718, 49.402423637080517 ], [ 8.650744892198245, 49.402422937299185 ], [ 8.650744807574423, 49.402422229467376 ], [ 8.650742036623273, 49.402412063437076 ], [ 8.650739363990379, 49.402401886207684 ], [ 8.650739076002949, 49.402401201550937 ], [ 8.650738885473944, 49.402400502540544 ], [ 8.650734600983032, 49.402390562709527 ], [ 8.650734590463211, 49.402390537699866 ], [ 8.650734590202804, 49.402390537699866 ], [ 8.650073199952638, 49.402390537699866 ], [ 8.650071066368946, 49.402390537699866 ], [ 8.649405784399754, 49.402390537699866 ], [ 8.649383845898409, 49.402390537699866 ], [ 8.649370146742227, 49.402390537699866 ], [ 8.648790146094555, 49.402390537699866 ], [ 8.64877131196244, 49.402390537699866 ], [ 8.648703397522477, 49.402390537699866 ], [ 8.648597074535386, 49.402390537699866 ], [ 8.648188266914772, 49.402390537699866 ], [ 8.648159965708709, 49.402390537699866 ], [ 8.648090808986868, 49.402390537699866 ], [ 8.647775818952464, 49.402390537699866 ], [ 8.647775755920835, 49.402390537699866 ], [ 8.647503687616572, 49.402390537699866 ], [ 8.64748997496463, 49.402390537699866 ], [ 8.647452901555814, 49.402390537699866 ], [ 8.647111939043832, 49.402390537699866 ], [ 8.647111811040151, 49.402390537699866 ], [ 8.646880429316708, 49.402390537699866 ], [ 8.646804814489876, 49.402390537699866 ], [ 8.646804774322023, 49.402390537699866 ], [ 8.646803605914629, 49.402390537699866 ], [ 8.646725752833568, 49.402390537699866 ], [ 8.646725349514385, 49.402390537699866 ], [ 8.64623741395223, 49.402390537699866 ], [ 8.646231839529907, 49.402390537699866 ], [ 8.646179293103337, 49.402390537699866 ], [ 8.646178027262247, 49.402390537699866 ], [ 8.645560843979906, 49.402390537699866 ], [ 8.645534483191401, 49.402390537699866 ], [ 8.645529440246378, 49.402390537699866 ], [ 8.644864192533324, 49.402390537699866 ], [ 8.644859188272664, 49.402390537699866 ], [ 8.644847857398451, 49.402440264107767 ], [ 8.644629438024976, 49.402392279402683 ], [ 8.644620994308099, 49.402390537699866 ], [ 8.644063276528469, 49.402390537699866 ], [ 8.643726167373217, 49.402390537699866 ], [ 8.643353395519419, 49.402390537699866 ], [ 8.642910023119907, 49.402390537699866 ], [ 8.642910023119907, 49.402506624851547 ], [ 8.642910023119907, 49.402694895123112 ], [ 8.643228484978399, 49.40275815664301 ], [ 8.643690729896376, 49.402855753867335 ], [ 8.643710494948824, 49.402859505268282 ] ], [ [ 8.669964640100192, 49.405148081102915 ], [ 8.66996846724366, 49.40513625149898 ], [ 8.669968869003565, 49.405134991849572 ], [ 8.66997744550121, 49.405107710695113 ], [ 8.669983000721256, 49.405091952798138 ], [ 8.669987247545052, 49.405083799927333 ], [ 8.66999009733359, 49.405081407018983 ], [ 8.670211582024757, 49.404881620167416 ], [ 8.670439920660829, 49.404696189991789 ], [ 8.670579686647683, 49.404592090025538 ], [ 8.670586085716836, 49.404586823426591 ], [ 8.670592789893378, 49.40458172102101 ], [ 8.670680565769301, 49.40450787125932 ], [ 8.671203404935927, 49.404082501937232 ], [ 8.671203833953049, 49.404082115471013 ], [ 8.671204316627065, 49.404081756968779 ], [ 8.671392816319793, 49.40392705653219 ], [ 8.671396366575149, 49.403923829664357 ], [ 8.671400220442742, 49.403920754710477 ], [ 8.671590321351061, 49.403752897814144 ], [ 8.671881954618362, 49.403522830584812 ], [ 8.672223767651257, 49.403849348995969 ], [ 8.672225091300884, 49.403850488990876 ], [ 8.672226261000668, 49.403851698559691 ], [ 8.672285960837993, 49.403907198703735 ], [ 8.672358369388212, 49.403974507010091 ], [ 8.672422376918195, 49.404033914417163 ], [ 8.672472841288085, 49.404080888418733 ], [ 8.672479074023139, 49.404086123403268 ], [ 8.672484987449602, 49.404091513831631 ], [ 8.672485782026135, 49.404092105642739 ], [ 8.672486490722934, 49.404092742211205 ], [ 8.672490180707683, 49.404095452104272 ], [ 8.672493589009617, 49.404098314797416 ], [ 8.67250057803253, 49.404103125904001 ], [ 8.672507272631147, 49.404108112129599 ], [ 8.672508152272327, 49.404108650266785 ], [ 8.672508953169638, 49.404109238438885 ], [ 8.672513032415011, 49.40411169925715 ], [ 8.672515375045407, 49.404113311878064 ], [ 8.67251007856847, 49.404115626383472 ], [ 8.672247179082868, 49.404234825941316 ], [ 8.672235858648175, 49.404240515769096 ], [ 8.6722244068138, 49.404246092498525 ], [ 8.672222467177933, 49.404247246531774 ], [ 8.672220387683355, 49.404248291718318 ], [ 8.672209976369061, 49.40425467824047 ], [ 8.672199417299682, 49.40426096061406 ], [ 8.672197660339179, 49.404262233155777 ], [ 8.672195747844221, 49.404263406320958 ], [ 8.672186345916339, 49.404270428032689 ], [ 8.672176781301904, 49.404277355548047 ], [ 8.672175223937245, 49.404278734343059 ], [ 8.672173496860299, 49.404280024188779 ], [ 8.672165194864947, 49.404287613467659 ], [ 8.672156716817938, 49.404295119409738 ], [ 8.672155374047449, 49.404296591179602 ], [ 8.67215384902131, 49.404297985284053 ], [ 8.672146726911906, 49.404306069041688 ], [ 8.672139417081041, 49.404314081124816 ], [ 8.672138301836451, 49.404315631695695 ], [ 8.67213699354811, 49.404317116632988 ], [ 8.672131119915523, 49.404325617018678 ], [ 8.672125048699238, 49.40433405808286 ], [ 8.672124171721125, 49.404335672522038 ], [ 8.672123092770345, 49.404337233991477 ], [ 8.672118524182071, 49.404346069142193 ], [ 8.672113750050729, 49.404354857895953 ], [ 8.672113119785125, 49.404356520655583 ], [ 8.672112280563034, 49.40435814361944 ], [ 8.67210906101837, 49.404367228448407 ], [ 8.672105629951115, 49.404376280251462 ], [ 8.672105252468127, 49.404377975318283 ], [ 8.672104661057173, 49.404379644146616 ], [ 8.672102821563673, 49.404388891162419 ], [ 8.672100766605322, 49.404398118841051 ], [ 8.672100645540629, 49.40439982989065 ], [ 8.672100307636747, 49.404401528511791 ], [ 8.67209986591155, 49.404410848660874 ], [ 8.672099206854279, 49.404420163347574 ], [ 8.672099343374128, 49.404421873901669 ], [ 8.672099262231868, 49.404423585956962 ], [ 8.672100222530922, 49.404432889481178 ], [ 8.672100965723661, 49.404442201470545 ], [ 8.672101358513638, 49.4044438950556 ], [ 8.672101534914791, 49.404445604056974 ], [ 8.672103887991765, 49.404454801358227 ], [ 8.672106026279019, 49.404464020970629 ], [ 8.67210667155668, 49.40446568127647 ], [ 8.672107103802743, 49.404467370765296 ], [ 8.672110826998049, 49.404476373268459 ], [ 8.672114339788685, 49.404485411713715 ], [ 8.672115231339976, 49.404487022750658 ], [ 8.67211591526849, 49.404488676456168 ], [ 8.672120972727452, 49.404497397462009 ], [ 8.672125826192929, 49.404506167694571 ], [ 8.672126955431999, 49.404507713947361 ], [ 8.67212788445665, 49.404509315943436 ], [ 8.672134227474643, 49.404517671463466 ], [ 8.672140374874822, 49.404526089020848 ], [ 8.672141730926757, 49.404527555598186 ], [ 8.672142896100736, 49.404529090456599 ], [ 8.672150463592159, 49.404537000022003 ], [ 8.672157845725415, 49.404544983838164 ], [ 8.672303217929073, 49.404686057658395 ], [ 8.672496390015263, 49.40487363161072 ], [ 8.672642627910152, 49.405015569198696 ], [ 8.672802230135789, 49.40517047223134 ], [ 8.672810885001089, 49.405178041701475 ], [ 8.672819374809459, 49.405185690359495 ], [ 8.672820993663789, 49.405186882650199 ], [ 8.672822453476476, 49.405188159389716 ], [ 8.672832203633199, 49.405195138823771 ], [ 8.672841801422168, 49.405202207621976 ], [ 8.672843591568638, 49.405203290625501 ], [ 8.672845236123694, 49.405204467843866 ], [ 8.672855987673604, 49.405210790026025 ], [ 8.672866601010529, 49.405217210886825 ], [ 8.672868545208992, 49.405218174173129 ], [ 8.672870358668519, 49.405219240533008 ], [ 8.672882008067514, 49.405224844576111 ], [ 8.672893534740629, 49.405230555662996 ], [ 8.672895614267532, 49.405231389955098 ], [ 8.672897579166667, 49.405232335186646 ], [ 8.672910014223563, 49.405237167119878 ], [ 8.672922343224744, 49.405242113431605 ], [ 8.672924538052849, 49.405242810694645 ], [ 8.672926635468556, 49.405243625694752 ], [ 8.672933079878892, 49.40524559984658 ], [ 8.672841869905836, 49.405260964253515 ], [ 8.6728417482119, 49.405260988967299 ], [ 8.672841623411271, 49.405261005838433 ], [ 8.67283490859371, 49.405262373045218 ], [ 8.672828084701566, 49.405263486782239 ], [ 8.672637594857227, 49.405301146174097 ], [ 8.672576849105397, 49.405310751270058 ], [ 8.672556237274616, 49.405314455692341 ], [ 8.672367838019756, 49.405352455529496 ], [ 8.672361972915949, 49.405353847668792 ], [ 8.672355986955557, 49.40535500011525 ], [ 8.671702690081251, 49.405503874971771 ], [ 8.67124055446213, 49.405588402470258 ], [ 8.670541124470457, 49.405705537520447 ], [ 8.669963704376954, 49.405151839193152 ], [ 8.669964640100192, 49.405148081102915 ] ], [ [ 8.669369637506245, 49.404735060770115 ], [ 8.669367788344132, 49.404735937123611 ], [ 8.669308472581942, 49.404754074048732 ], [ 8.669276689801659, 49.404761552346599 ], [ 8.669247620596098, 49.404766322387609 ], [ 8.669205430295545, 49.40477219379985 ], [ 8.669160137689282, 49.404778130673407 ], [ 8.669117357006769, 49.404785633471271 ], [ 8.669083457136857, 49.404793133439384 ], [ 8.669071817705726, 49.404795861451333 ], [ 8.669028617864058, 49.404806561406367 ], [ 8.669025672789974, 49.404807300941286 ], [ 8.668992672909372, 49.404815700906113 ], [ 8.668960750533076, 49.404825071855115 ], [ 8.668949752903442, 49.404828749347246 ], [ 8.668947784475401, 49.404828902189834 ], [ 8.668941017071695, 49.404829472054232 ], [ 8.668652603627626, 49.404855655119874 ], [ 8.66812979126111, 49.404902738224521 ], [ 8.668124034765258, 49.404903288979952 ], [ 8.66794833553986, 49.404921088901943 ], [ 8.667942014251041, 49.404921938429922 ], [ 8.667935625602478, 49.404922536023768 ], [ 8.667750410474353, 49.404945963545437 ], [ 8.667620754218174, 49.404953997612857 ], [ 8.667480497328279, 49.404959773460966 ], [ 8.667479047499194, 49.404959835167467 ], [ 8.667319748222091, 49.40496683513738 ], [ 8.667312597721383, 49.404967198156704 ], [ 8.667201498223159, 49.404973598128912 ], [ 8.667197836889907, 49.40497382189497 ], [ 8.667171508580083, 49.404975523489853 ], [ 8.667115061007468, 49.404882063612732 ], [ 8.66712430678494, 49.404871983368551 ], [ 8.667138746788847, 49.404852028373142 ], [ 8.667150119960041, 49.404831245843205 ], [ 8.667158316772094, 49.40480983592677 ], [ 8.667163258289138, 49.404788004813689 ], [ 8.667164896925911, 49.404765962749998 ], [ 8.667163216905866, 49.404743922012926 ], [ 8.667158234412936, 49.404722094866685 ], [ 8.667149997435503, 49.404700691518229 ], [ 8.667138585304091, 49.404679918092853 ], [ 8.667124107927197, 49.404659974649064 ], [ 8.667106704732703, 49.404641053252028 ], [ 8.667086543324986, 49.404623336123869 ], [ 8.667063817870723, 49.404606993888862 ], [ 8.667038747228906, 49.404592183930227 ], [ 8.667011572843093, 49.404579048874531 ], [ 8.666982556416196, 49.404567715218157 ], [ 8.666951977390179, 49.404558292109151 ], [ 8.666920130254967, 49.404550870296092 ], [ 8.666914462424785, 49.404549946223916 ], [ 8.666912871459575, 49.404547312267681 ], [ 8.666922083980326, 49.404545077174454 ], [ 8.666953164775949, 49.404536381240163 ], [ 8.666982789754325, 49.404525739146003 ], [ 8.667010673608328, 49.40451325338239 ], [ 8.667036547799588, 49.404499044195397 ], [ 8.667060163144729, 49.404483248428654 ], [ 8.667081292215158, 49.404466018205476 ], [ 8.667099731527342, 49.404447519463737 ], [ 8.667115303502408, 49.404427930357741 ], [ 8.667127858176272, 49.404407439542489 ], [ 8.667137274643769, 49.404386244356701 ], [ 8.667143462222917, 49.404364548922423 ], [ 8.667146361328081, 49.404342562179011 ], [ 8.667145944043675, 49.404320495871133 ], [ 8.667142214392809, 49.404298562509332 ], [ 8.667135208298406, 49.404276973323618 ], [ 8.667124993237044, 49.404255936229013 ], [ 8.667111667588992, 49.40423565382347 ], [ 8.667095359690597, 49.404216321436564 ], [ 8.667076226598223, 49.40419812524857 ], [ 8.667054452575623, 49.404181240497373 ], [ 8.667030247319307, 49.404165829790962 ], [ 8.667003843939034, 49.40415204154143 ], [ 8.666975496712826, 49.404140008535713 ], [ 8.666945478638183, 49.40412984665695 ], [ 8.666914078803027, 49.404121653768399 ], [ 8.666881599601723, 49.404115508771049 ], [ 8.666860685828579, 49.404112968650253 ], [ 8.666811466865154, 49.404028760274741 ], [ 8.666797879466491, 49.404008551976027 ], [ 8.666789217203117, 49.403998485184204 ], [ 8.667429779227664, 49.4038541599976 ], [ 8.667633549630617, 49.403812663849386 ], [ 8.667662683666533, 49.40380671612801 ], [ 8.667664574205286, 49.40380632626966 ], [ 8.667746674526818, 49.403789226196587 ], [ 8.667749036996073, 49.403788649350005 ], [ 8.667751464991062, 49.403788203171295 ], [ 8.667994696967591, 49.403734971234634 ], [ 8.668073113160085, 49.403718077079652 ], [ 8.668119198178006, 49.403708374966868 ], [ 8.668665067527671, 49.403594168679142 ], [ 8.668664933352899, 49.403594790123975 ], [ 8.668663520181708, 49.403616838838381 ], [ 8.668665425502793, 49.403638871774703 ], [ 8.668670630971283, 49.403660676743584 ], [ 8.668679086459907, 49.403682043750827 ], [ 8.668690710541579, 49.403702767019759 ], [ 8.668705391273445, 49.40372264697308 ], [ 8.668722987274805, 49.403741492154836 ], [ 8.668743329088601, 49.403759121074366 ], [ 8.668766220813284, 49.403775363954153 ], [ 8.66879144198942, 49.403790064364969 ], [ 8.668818749722806, 49.403803080732352 ], [ 8.668821511396894, 49.4038041431632 ], [ 8.668940744478656, 49.40405020144177 ], [ 8.668952510275995, 49.404070890644206 ], [ 8.668967326947891, 49.404090727635975 ], [ 8.66898505180445, 49.404109521374863 ], [ 8.669005514147624, 49.404127090865607 ], [ 8.669028516915066, 49.404143266903056 ], [ 8.669053838577899, 49.404157893701658 ], [ 8.66908123527414, 49.404170830395948 ], [ 8.669110443157251, 49.404181952397082 ], [ 8.669141180937183, 49.404191152592887 ], [ 8.669173152589419, 49.404198342379338 ], [ 8.669206050205984, 49.404203452513975 ], [ 8.669239556960887, 49.404206433782761 ], [ 8.669273350161488, 49.40420725747402 ], [ 8.669307104356358, 49.404205915655076 ], [ 8.66934049446974, 49.40420242124852 ], [ 8.669373198932362, 49.404196807907859 ], [ 8.669404902778505, 49.404189129693314 ], [ 8.669435300679414, 49.404179460551219 ], [ 8.669464099883943, 49.40416789360183 ], [ 8.669491023037995, 49.404154540242466 ], [ 8.669515810855675, 49.404139529074676 ], [ 8.669538224616399, 49.404123004665635 ], [ 8.66955804846393, 49.404105126155855 ], [ 8.669575091485154, 49.404086065726524 ], [ 8.669589189548629, 49.404066006941271 ], [ 8.669600206885187, 49.404045142978248 ], [ 8.669608037395346, 49.404023674769689 ], [ 8.669612605670965, 49.404001809066877 ], [ 8.669613867721338, 49.403979756448869 ], [ 8.669611811396653, 49.40395772929454 ], [ 8.669606456504853, 49.403935939737252 ], [ 8.669597854620697, 49.403914597621927 ], [ 8.66941245231795, 49.4035319981394 ], [ 8.669411896606782, 49.403530861845944 ], [ 8.669385197758491, 49.40347676490989 ], [ 8.669369685593788, 49.403445331130612 ], [ 8.669760174699471, 49.403363678262458 ], [ 8.669760495045633, 49.403366838015138 ], [ 8.669766024079971, 49.403388609038352 ], [ 8.669774796459832, 49.403409921564695 ], [ 8.669786727706251, 49.403430570342188 ], [ 8.669801702918146, 49.403450356510859 ], [ 8.669819577878759, 49.403469089517962 ], [ 8.669840180444412, 49.403486588953093 ], [ 8.669863312202301, 49.403502686285776 ], [ 8.669888750381245, 49.403517226488454 ], [ 8.669916249997108, 49.403530069529587 ], [ 8.669945546212135, 49.403541091722296 ], [ 8.669976356885551, 49.403550186915602 ], [ 8.670008385290799, 49.403557267516774 ], [ 8.670041322973313, 49.403562265334806 ], [ 8.670074852721227, 49.403565132237389 ], [ 8.670108651620446, 49.403565840614263 ], [ 8.670142394164666, 49.403564383643307 ], [ 8.670175755390334, 49.403560775356091 ], [ 8.670208414006401, 49.403555050502888 ], [ 8.670287414314915, 49.403538450431988 ], [ 8.67030275969255, 49.403534674252882 ], [ 8.670318122088226, 49.403530927652909 ], [ 8.670318579310692, 49.403530781373021 ], [ 8.67031905577414, 49.403530664125249 ], [ 8.670333760080673, 49.403525924565848 ], [ 8.670348485760559, 49.403521213356349 ], [ 8.670348918809944, 49.403521038534826 ], [ 8.670349375368719, 49.403520891374711 ], [ 8.670363296991065, 49.403515234080153 ], [ 8.670377244138754, 49.403509603633168 ], [ 8.670377648844909, 49.403509401953507 ], [ 8.670378081101672, 49.403509226298418 ], [ 8.670391085960327, 49.403502705754732 ], [ 8.670404120261908, 49.403496210292602 ], [ 8.670404492727261, 49.403495983697091 ], [ 8.670404896519127, 49.403495781238718 ], [ 8.670416859374972, 49.403488460240588 ], [ 8.670428855297079, 49.403481162321199 ], [ 8.6704291919343, 49.403480912992265 ], [ 8.670429563372794, 49.403480685680279 ], [ 8.670440369019076, 49.403472634731685 ], [ 8.670451211032033, 49.403464604640632 ], [ 8.670451508599232, 49.403464334979425 ], [ 8.670451844107093, 49.403464085003023 ], [ 8.670461388474303, 49.403455381643575 ], [ 8.670470972169365, 49.403446696711846 ], [ 8.670471227801036, 49.403446409315151 ], [ 8.670471524146944, 49.403446139081943 ], [ 8.670479715318972, 49.403436867130438 ], [ 8.670487948399918, 49.403427610999294 ], [ 8.670488159634019, 49.403427308635109 ], [ 8.670488413964218, 49.403427020747458 ], [ 8.670495173059594, 49.403417269495087 ], [ 8.670501976235498, 49.403407531310116 ], [ 8.670502141037755, 49.403407216890436 ], [ 8.670502350902963, 49.403406914120836 ], [ 8.670507612828327, 49.403396777478591 ], [ 8.670512920583285, 49.40338665102378 ], [ 8.670513037366666, 49.403386327576577 ], [ 8.670513200745759, 49.40338601284094 ], [ 8.670516914826635, 49.403375588432219 ], [ 8.670520676046729, 49.403365171229751 ], [ 8.670520743686607, 49.40336484186998 ], [ 8.670520859006205, 49.403364518199425 ], [ 8.670522989476041, 49.40335390641706 ], [ 8.670525167940447, 49.403343298790816 ], [ 8.670525185785461, 49.403342966690445 ], [ 8.670525251935052, 49.403342637202066 ], [ 8.670525778278368, 49.403331940243454 ], [ 8.670526353009326, 49.403321244350934 ], [ 8.670526320887689, 49.403320912708253 ], [ 8.670526337230278, 49.403320580575212 ], [ 8.67052525438026, 49.403309901457973 ], [ 8.670524219844937, 49.403299220306508 ], [ 8.670524138066064, 49.403298892315426 ], [ 8.670524104444331, 49.403298560736339 ], [ 8.670521422831525, 49.403288002305956 ], [ 8.67051878899523, 49.403277438760959 ], [ 8.670518658346761, 49.403277117580217 ], [ 8.670518575084564, 49.403276789748354 ], [ 8.670514320536402, 49.40326645368814 ], [ 8.670510112766468, 49.403256109482022 ], [ 8.670487582125137, 49.403209980096001 ], [ 8.671295705649234, 49.40303690541208 ], [ 8.671310651836958, 49.403034053412341 ], [ 8.671429170947794, 49.403148280671289 ], [ 8.671434947810322, 49.403153676499194 ], [ 8.671444508523182, 49.403162333882072 ], [ 8.671053284345874, 49.403470964989332 ], [ 8.67104168149978, 49.403480645091349 ], [ 8.670849597851049, 49.403650251074687 ], [ 8.670700475488937, 49.403772633709757 ], [ 8.670591920451265, 49.403818051371125 ], [ 8.670586430350971, 49.403817291920291 ], [ 8.670552820875638, 49.40381485378758 ], [ 8.67051900703453, 49.403814577184825 ], [ 8.67048531446898, 49.403816464775808 ], [ 8.670452067652434, 49.403820498382238 ], [ 8.67041958676576, 49.403826639158822 ], [ 8.670388184613889, 49.403834827967238 ], [ 8.670358163613486, 49.403844985945774 ], [ 8.670329812880617, 49.403857015268727 ], [ 8.670303405446527, 49.403870800088455 ], [ 8.670279195628252, 49.403886207650984 ], [ 8.670257416579449, 49.403903089574541 ], [ 8.67023827804501, 49.403921283278358 ], [ 8.670221964341065, 49.403940613548457 ], [ 8.670208632579863, 49.40396089422503 ], [ 8.670198411156603, 49.403981929995091 ], [ 8.670191398512802, 49.404003518273527 ], [ 8.670187662188107, 49.404025451153998 ], [ 8.670187238169698, 49.404047517411193 ], [ 8.670190130545542, 49.404069504535052 ], [ 8.670196311464863, 49.404091200777316 ], [ 8.670205721406177, 49.404112397190801 ], [ 8.670218269750366, 49.404132889641694 ], [ 8.670233835653248, 49.404152480775501 ], [ 8.670233861271869, 49.404152506488053 ], [ 8.670141195782499, 49.404227896226757 ], [ 8.670137711795944, 49.404230778546975 ], [ 8.67005452580336, 49.404300765992382 ], [ 8.669916714784526, 49.404403409071307 ], [ 8.669912156575638, 49.404407160538184 ], [ 8.669907285906604, 49.404410740886455 ], [ 8.669698143098907, 49.40458058094498 ], [ 8.669369637506245, 49.404735060770115 ] ], [ [ 8.669118938784521, 49.402923921590407 ], [ 8.66910390027545, 49.402893008255695 ], [ 8.669736753669604, 49.402757359690391 ], [ 8.669732612433263, 49.402759903137543 ], [ 8.669710377364778, 49.402776529689383 ], [ 8.669690746592041, 49.402794498452685 ], [ 8.669682090071003, 49.402804337719246 ], [ 8.669118938784521, 49.402923921590407 ] ], [ [ 8.653048655198617, 49.407098360113629 ], [ 8.652927713195332, 49.407124669238428 ], [ 8.652924320769635, 49.407125530056277 ], [ 8.652920836850271, 49.407126217890145 ], [ 8.652617337992542, 49.407196917591151 ], [ 8.652592115609739, 49.407203536015942 ], [ 8.652476082596481, 49.40723751105655 ], [ 8.652475167895894, 49.407222343411931 ], [ 8.652470532240118, 49.407200483750806 ], [ 8.652462635378946, 49.407179025844307 ], [ 8.652451553367431, 49.407158176343167 ], [ 8.652437392934907, 49.407138136038604 ], [ 8.652420290456968, 49.407119097928621 ], [ 8.652400410642013, 49.407101245359364 ], [ 8.652377944944913, 49.407084750259472 ], [ 8.652353109723155, 49.407069771484359 ], [ 8.652326144153156, 49.407056453286366 ], [ 8.652297307926911, 49.407044923925639 ], [ 8.652266878751037, 49.407035294434962 ], [ 8.652235149672395, 49.407027657550444 ], [ 8.652202426255984, 49.4070220868185 ], [ 8.652169023642323, 49.407018635887638 ], [ 8.652135263512625, 49.407017337991761 ], [ 8.65210147099098, 49.407018205630109 ], [ 8.652095620735794, 49.407018733875674 ], [ 8.652073605596081, 49.407002801451405 ], [ 8.652048606228602, 49.406987939430252 ], [ 8.65202149484452, 49.406974747925368 ], [ 8.651992532540035, 49.406963353976799 ], [ 8.651961998235908, 49.406953867313185 ], [ 8.651930185991393, 49.406946379295185 ], [ 8.651909624929178, 49.406942981746788 ], [ 8.651951799936326, 49.406724848248217 ], [ 8.651956107292024, 49.406702569619604 ], [ 8.652517557733093, 49.406740579341751 ], [ 8.653139766494748, 49.406800222791176 ], [ 8.65362715550059, 49.406925439923953 ], [ 8.653633387790343, 49.406926995762753 ], [ 8.653743837035785, 49.406953771353436 ], [ 8.65355724892207, 49.406988034972677 ], [ 8.653549511987087, 49.406989727115459 ], [ 8.653541653294814, 49.406991160569959 ], [ 8.653048655198617, 49.407098360113629 ] ], [ [ 8.656245599431728, 49.406582719619323 ], [ 8.656453500721597, 49.406509436009152 ], [ 8.65728163573165, 49.406359818804134 ], [ 8.657613602707229, 49.406304474457983 ], [ 8.657657400435767, 49.406295096212034 ], [ 8.658428815948223, 49.406091695951481 ], [ 8.658503552503749, 49.406304995878926 ], [ 8.658516142967123, 49.406340969332966 ], [ 8.658528530930203, 49.406368269076559 ], [ 8.658543046793879, 49.406394119547336 ], [ 8.658549669132031, 49.406405964796676 ], [ 8.658470673032824, 49.406418337243203 ], [ 8.658303815018058, 49.406444514946656 ], [ 8.658252086291627, 49.406452572689304 ], [ 8.658032894579334, 49.40648680258478 ], [ 8.657813672707107, 49.406521137278531 ], [ 8.657594672598421, 49.406555437290322 ], [ 8.657375672489772, 49.406589737302106 ], [ 8.657156782741662, 49.406624020029227 ], [ 8.656937894037632, 49.406658202643506 ], [ 8.656718706751931, 49.406692531920321 ], [ 8.656530073702736, 49.406722048589813 ], [ 8.656512621038468, 49.406715064663238 ], [ 8.656482197637256, 49.406705427670275 ], [ 8.656450473188341, 49.406697782963413 ], [ 8.65641775321215, 49.406692204164379 ], [ 8.656384352816065, 49.4066887449994 ], [ 8.656350593659944, 49.406687438781624 ], [ 8.656316800858505, 49.406688298090472 ], [ 8.656283299850463, 49.406691314650459 ], [ 8.656250413264564, 49.406696459410817 ], [ 8.656218457812638, 49.406703682825338 ], [ 8.656187741239657, 49.406712915329479 ], [ 8.656158559360113, 49.40672406801027 ], [ 8.656140044617684, 49.406732839868987 ], [ 8.656183584678992, 49.406651884712545 ], [ 8.656245599431728, 49.406582719619323 ] ], [ [ 8.659145927282445, 49.406661782571817 ], [ 8.659129274721332, 49.406616173452299 ], [ 8.659139158100238, 49.406614929165144 ], [ 8.659248533952416, 49.406601257182871 ], [ 8.659248909674906, 49.406601210076268 ], [ 8.659298313496555, 49.40659499737697 ], [ 8.659369403078383, 49.40677530469916 ], [ 8.659315319815471, 49.406779816915559 ], [ 8.659313973085181, 49.406779051932396 ], [ 8.659301524434838, 49.406771949676219 ], [ 8.659301219766974, 49.406771807665436 ], [ 8.659300937363023, 49.406771647251531 ], [ 8.659287461016808, 49.406765394482179 ], [ 8.659274005498553, 49.406759122640381 ], [ 8.659273680966624, 49.406759000799944 ], [ 8.659273375827244, 49.40675885922105 ], [ 8.659259025164424, 49.406753498508131 ], [ 8.65924469235912, 49.406748117480461 ], [ 8.659244351088565, 49.406748016983762 ], [ 8.659244026152352, 49.406747895603324 ], [ 8.659228939371303, 49.406743478570839 ], [ 8.659213867315872, 49.406739040180881 ], [ 8.659213512593487, 49.406738961995799 ], [ 8.659213170989528, 49.406738861982696 ], [ 8.659197493383953, 49.406735431169245 ], [ 8.659181827227902, 49.406731978159932 ], [ 8.659181462469515, 49.406731923039352 ], [ 8.659181107487909, 49.406731845356845 ], [ 8.659168274587911, 49.40672992524938 ], [ 8.659147747619489, 49.406667047704907 ], [ 8.659145927282445, 49.406661782571817 ] ], [ [ 8.660657298809047, 49.40645967331298 ], [ 8.66063531049411, 49.406442391733442 ], [ 8.660610789864942, 49.406426627778352 ], [ 8.660602215912895, 49.406422121753288 ], [ 8.660683650458429, 49.406408874804519 ], [ 8.660681316549534, 49.406484106274519 ], [ 8.660676535425365, 49.406478300095316 ], [ 8.660657298809047, 49.40645967331298 ] ], [ [ 8.651104491041119, 49.406657961116103 ], [ 8.651071730365752, 49.40665248505578 ], [ 8.65103830489919, 49.406649130739588 ], [ 8.651004536542722, 49.406647930470982 ], [ 8.650970750499662, 49.406648895809056 ], [ 8.650937272143647, 49.406652017457169 ], [ 8.650904423885278, 49.406657265352543 ], [ 8.65087252206729, 49.406664588955721 ], [ 8.650841873918159, 49.406673917737344 ], [ 8.650812774593449, 49.406685161857169 ], [ 8.650807648557555, 49.406687615107622 ], [ 8.650952766330457, 49.406208679784129 ], [ 8.650955334948277, 49.406207339748427 ], [ 8.650979552158068, 49.406191936402195 ], [ 8.651001339056021, 49.406175058266655 ], [ 8.651020485823134, 49.406156867888953 ], [ 8.651034286887237, 49.406140525823922 ], [ 8.6510605, 49.4061409 ], [ 8.6511677, 49.4061147 ], [ 8.651244, 49.4060731 ], [ 8.6512944, 49.4060216 ], [ 8.6513185, 49.4059679 ], [ 8.6513199, 49.4059131 ], [ 8.6512967, 49.4058562 ], [ 8.6512363, 49.4057959 ], [ 8.6511654, 49.4057589 ], [ 8.6510896, 49.405738 ], [ 8.6509981, 49.4057304 ], [ 8.6509053, 49.4057406 ], [ 8.6508284, 49.4057648 ], [ 8.6507637, 49.4058019 ], [ 8.650751436161793, 49.4058145702422 ], [ 8.650748515260872, 49.405814357835119 ], [ 8.650714700192559, 49.405814075231469 ], [ 8.65068100550266, 49.405815956840392 ], [ 8.650647755685076, 49.405819984541189 ], [ 8.650615270949574, 49.405826119545402 ], [ 8.650583864138154, 49.405834302770337 ], [ 8.650561339848222, 49.405841918760224 ], [ 8.650548931311823, 49.405840471469659 ], [ 8.650559690369798, 49.405806454852929 ], [ 8.650561027389966, 49.405801460425877 ], [ 8.650561770069222, 49.405799295388917 ], [ 8.650562154473377, 49.40579725021572 ], [ 8.650563317942654, 49.405792904086489 ], [ 8.65060491665874, 49.405603503961942 ], [ 8.650608056660475, 49.405581670831538 ], [ 8.650607922883388, 49.405559741935306 ], [ 8.650604516604018, 49.405537925810435 ], [ 8.65059641636781, 49.405503025833568 ], [ 8.650588939740924, 49.405479431696946 ], [ 8.650588603543543, 49.405478749404914 ], [ 8.6507222113986, 49.405533720562772 ], [ 8.650724952116777, 49.405534729088359 ], [ 8.650727560688017, 49.405535877191816 ], [ 8.65092276116812, 49.405612977491529 ], [ 8.650929741727314, 49.405615662002063 ], [ 8.651340642813222, 49.405769462608596 ], [ 8.651353033845545, 49.405773882872332 ], [ 8.651423161195824, 49.405797694797222 ], [ 8.651388841176631, 49.405929819736144 ], [ 8.651387374573167, 49.405937836250558 ], [ 8.651385584674371, 49.405945824758646 ], [ 8.651313867592574, 49.406431332472785 ], [ 8.651268000420455, 49.406668550944985 ], [ 8.651264169683577, 49.406688362487778 ], [ 8.651197568166706, 49.406680404773873 ], [ 8.651175473602081, 49.406678494791841 ], [ 8.651166765461223, 49.406675047596686 ], [ 8.651136271425973, 49.406665506183792 ], [ 8.651104491041119, 49.406657961116103 ] ], [ [ 8.650010800159432, 49.403013336238871 ], [ 8.650002597437918, 49.403256246163174 ], [ 8.650002994561149, 49.403273075076306 ], [ 8.650005319355378, 49.403289837468378 ], [ 8.650060646016748, 49.403571045963325 ], [ 8.650055775984244, 49.403572624790066 ], [ 8.650044887134253, 49.403575905326264 ], [ 8.650040640965425, 49.403577531445713 ], [ 8.650036231752633, 49.403578960878278 ], [ 8.650026065610364, 49.403583113246448 ], [ 8.650015721919933, 49.403587074482289 ], [ 8.650011740436478, 49.403588964374094 ], [ 8.650007567151782, 49.403590668955246 ], [ 8.649998073636846, 49.403595451597475 ], [ 8.649988374720982, 49.40360005538443 ], [ 8.649984696266454, 49.403602190848119 ], [ 8.649980799100687, 49.403604154161989 ], [ 8.649972069640684, 49.403609521019142 ], [ 8.649963108904492, 49.403614723020851 ], [ 8.649959768904454, 49.403617083490843 ], [ 8.649956185389174, 49.40361928662994 ], [ 8.649948304053344, 49.403625186016804 ], [ 8.649940167793556, 49.403630936135627 ], [ 8.649937198413914, 49.4036334988796 ], [ 8.649933963060459, 49.403635920626634 ], [ 8.649927005750772, 49.403642295729171 ], [ 8.649919772323948, 49.403648538589032 ], [ 8.649917202161664, 49.403651278926489 ], [ 8.649914346128305, 49.403653895958982 ], [ 8.649908379847709, 49.403660685382093 ], [ 8.64990211891639, 49.403667360861199 ], [ 8.64989997272383, 49.403670252401319 ], [ 8.649897523515936, 49.403673039516072 ], [ 8.64989260572375, 49.4036801778743 ], [ 8.649887377584852, 49.403687221684649 ], [ 8.649885676031309, 49.403690236580566 ], [ 8.649883657236531, 49.403693166936257 ], [ 8.649879835294776, 49.403700585483662 ], [ 8.649875690299158, 49.403707929789938 ], [ 8.649874449772005, 49.403711039006645 ], [ 8.649872880832879, 49.403714084382536 ], [ 8.649870191550141, 49.403721711674734 ], [ 8.649867169617627, 49.403729285747602 ], [ 8.649866402064321, 49.403732459341839 ], [ 8.649865298091168, 49.403735590409347 ], [ 8.649761539684251, 49.404113982307614 ], [ 8.649749616106934, 49.404150227138288 ], [ 8.649739589317134, 49.40416308189166 ], [ 8.649657213386487, 49.404236768685976 ], [ 8.649638782415254, 49.404255064053665 ], [ 8.649616323126939, 49.404279914848473 ], [ 8.649514699659225, 49.404218229281916 ], [ 8.649662308273347, 49.403712130702473 ], [ 8.649885562379364, 49.402995676363666 ], [ 8.650010800159432, 49.403013336238871 ] ], [ [ 8.643672222116999, 49.408373747709078 ], [ 8.643594608560372, 49.40835801757418 ], [ 8.643784924909674, 49.407684018512178 ], [ 8.643912263722667, 49.407262437304858 ], [ 8.645307390996518, 49.407433376466841 ], [ 8.645149360142101, 49.407985791071631 ], [ 8.645056894223579, 49.408281556336483 ], [ 8.644988005809013, 49.408499921487802 ], [ 8.644764424861879, 49.40846756281514 ], [ 8.644731088055687, 49.408463847106781 ], [ 8.644697353628418, 49.408462281436243 ], [ 8.644663546456647, 49.408462880881544 ], [ 8.644629992117487, 49.408465639669764 ], [ 8.644597013753254, 49.408470531232638 ], [ 8.644564928959612, 49.408477508462347 ], [ 8.644534046727102, 49.408486504165197 ], [ 8.644504664465522, 49.40849743170871 ], [ 8.644477065139839, 49.408510185855917 ], [ 8.644451514545153, 49.408524643778762 ], [ 8.644437311211995, 49.408534429397271 ], [ 8.644303385118761, 49.408516812154012 ], [ 8.64429677088779, 49.408509740951416 ], [ 8.644276585896208, 49.408492248993142 ], [ 8.644253889472386, 49.408476120923709 ], [ 8.644228896807588, 49.408461509656291 ], [ 8.644201844863506, 49.408448553722806 ], [ 8.644172990125581, 49.408437375960624 ], [ 8.644142606171256, 49.408428082347825 ], [ 8.644110981076176, 49.408420760998581 ], [ 8.644078414682983, 49.408415481327694 ], [ 8.644045215758551, 49.408412293392416 ], [ 8.644011699066626, 49.408411227418057 ], [ 8.643781279990408, 49.408411227420444 ], [ 8.643768232602929, 49.408404553919333 ], [ 8.643737924956453, 49.40839212995111 ], [ 8.643705805976328, 49.408381824159676 ], [ 8.643672222116999, 49.408373747709078 ] ], [ [ 8.644934740308992, 49.406207927808616 ], [ 8.644897301728735, 49.406346739033914 ], [ 8.644831480927296, 49.406550779175483 ], [ 8.644826584959926, 49.406570092891911 ], [ 8.644824281701442, 49.406589611284893 ], [ 8.644814880415344, 49.406773711254218 ], [ 8.644815382006314, 49.406795452029137 ], [ 8.644819098963325, 49.406817059563416 ], [ 8.644825996539893, 49.406838331843261 ], [ 8.644836010252986, 49.406859069989025 ], [ 8.644871836856764, 49.406922404873121 ], [ 8.644042240433269, 49.40682075791829 ], [ 8.644067334152391, 49.406733196563579 ], [ 8.644252161594306, 49.406120811259015 ], [ 8.644921332802937, 49.406206650157863 ], [ 8.644934740308992, 49.406207927808616 ] ], [ [ 8.644155500627946, 49.409683137549145 ], [ 8.644154406252943, 49.409683221085089 ], [ 8.644150925094273, 49.409683358954993 ], [ 8.644001124802053, 49.409691261878301 ], [ 8.643987762567882, 49.409243918505815 ], [ 8.643987530581068, 49.409238959980897 ], [ 8.643968410470119, 49.408938858049446 ], [ 8.643977144990796, 49.408939738507023 ], [ 8.644089203322673, 49.408947430507858 ], [ 8.644818042061978, 49.409043305556331 ], [ 8.644617593570608, 49.409670818309564 ], [ 8.644164724173182, 49.409682812447954 ], [ 8.64415695294622, 49.409683120224308 ], [ 8.644155500627946, 49.409683137549145 ] ], [ [ 8.645323703321349, 49.409664445469367 ], [ 8.645493720731494, 49.409132175732296 ], [ 8.646819642544759, 49.409306546890249 ], [ 8.646117802788909, 49.40957177257863 ], [ 8.64592319842223, 49.409630881748626 ], [ 8.645777121270905, 49.409651617111408 ], [ 8.645596793167847, 49.40966234792883 ], [ 8.645323703321349, 49.409664445469367 ] ], [ [ 8.646328297663985, 49.408728128963077 ], [ 8.646305482793178, 49.408711838774337 ], [ 8.646280330777074, 49.408697086207958 ], [ 8.646253083842881, 49.408684013337805 ], [ 8.646224004392161, 49.408672746061413 ], [ 8.646193372473808, 49.408663392887512 ], [ 8.646176894860877, 49.408659595576566 ], [ 8.646571612704237, 49.408711787326276 ], [ 8.646894069164968, 49.408754481571144 ], [ 8.647079189764263, 49.408778984303623 ], [ 8.647079252829558, 49.408778990566908 ], [ 8.647079314656146, 49.408779000818633 ], [ 8.647313215658873, 49.40880990095804 ], [ 8.647346826107444, 49.408813224901976 ], [ 8.647380774914961, 49.408814371965221 ], [ 8.647414731750846, 49.408813330986533 ], [ 8.647448366206397, 49.408810112094891 ], [ 8.64748135100988, 49.408804746610933 ], [ 8.647513365211093, 49.408797286742157 ], [ 8.647544097304401, 49.408787805074901 ], [ 8.647573248259862, 49.408776393868095 ], [ 8.647600534432945, 49.408763164155474 ], [ 8.647625690324496, 49.408748244665176 ], [ 8.647648471164141, 49.40873178056713 ], [ 8.647668655291938, 49.408713932060493 ], [ 8.647686046315142, 49.408694872814841 ], [ 8.647700475019095, 49.40867478828028 ], [ 8.647711801013591, 49.408653873882926 ], [ 8.647719914098811, 49.4086323331234 ], [ 8.647799812324369, 49.408363632887628 ], [ 8.64780479385197, 49.408340520891194 ], [ 8.647806077310616, 49.408317196460679 ], [ 8.647803648879741, 49.408293910853956 ], [ 8.64779753472434, 49.408270914910389 ], [ 8.647787800712884, 49.408248456348602 ], [ 8.647774551707551, 49.408226777098101 ], [ 8.64775793043443, 49.408206110693108 ], [ 8.647718130262355, 49.408162310793891 ], [ 8.647699021058678, 49.408143501402144 ], [ 8.647677118941193, 49.408126036491829 ], [ 8.647652644489925, 49.408110091952835 ], [ 8.647625844190268, 49.408095828363138 ], [ 8.64759698795058, 49.408083389371711 ], [ 8.647566366383954, 49.40807290025181 ], [ 8.647534287881481, 49.408064466639487 ], [ 8.647501075506522, 49.408058173469648 ], [ 8.647155976951938, 49.408004873707782 ], [ 8.647139141267107, 49.408002561414982 ], [ 8.64712059176135, 49.408000327705352 ], [ 8.645889526543641, 49.407849375408631 ], [ 8.645984631436782, 49.407516909619339 ], [ 8.646020759075384, 49.407521576442065 ], [ 8.647419034331001, 49.407702860308255 ], [ 8.648054111614236, 49.407785219051753 ], [ 8.648051053443218, 49.407788533663656 ], [ 8.648036621800049, 49.407808305649986 ], [ 8.648025206022186, 49.407828899896089 ], [ 8.648016914386519, 49.407850121075668 ], [ 8.647741865986855, 49.408731297112588 ], [ 8.647343041926845, 49.408871836678941 ], [ 8.647341958679084, 49.408872220029984 ], [ 8.647251122921222, 49.408904503154474 ], [ 8.6463839043299, 49.408790455326752 ], [ 8.646380647198429, 49.408784591595868 ], [ 8.6463660617125, 49.408764681382422 ], [ 8.646348555669405, 49.408745799892223 ], [ 8.646328297663985, 49.408728128963077 ] ], [ [ 8.645508100028527, 49.406748427516149 ], [ 8.645505967529576, 49.406744657738884 ], [ 8.645510234919668, 49.406661068955742 ], [ 8.645532572871783, 49.406664403852574 ], [ 8.645508100028527, 49.406748427516149 ] ], [ [ 8.645870049973217, 49.405414424012058 ], [ 8.64586248686288, 49.405392915013316 ], [ 8.645851729438501, 49.405371993337127 ], [ 8.645837881303507, 49.405351860469807 ], [ 8.645821075825973, 49.40533271030079 ], [ 8.645801474854096, 49.405314727255465 ], [ 8.645779267157424, 49.405298084519025 ], [ 8.645754666608841, 49.405282942368657 ], [ 8.645727910124833, 49.405269446630179 ], [ 8.645699255383866, 49.405257727273494 ], [ 8.645668978344832, 49.405247897161139 ], [ 8.645637370589501, 49.405240050961289 ], [ 8.645604736514533, 49.405234264236213 ], [ 8.645571390400079, 49.40523059271446 ], [ 8.645537653383261, 49.405229071754327 ], [ 8.645503850365595, 49.405229716003284 ], [ 8.645470306884185, 49.405232519256963 ], [ 8.645437345976791, 49.405237454518819 ], [ 8.645405285070963, 49.405244474260186 ], [ 8.645374432927197, 49.405253510878012 ], [ 8.645345086665543, 49.405264477345781 ], [ 8.645317528904275, 49.405277268051648 ], [ 8.645292025038234, 49.405291759815455 ], [ 8.645287955973965, 49.405294574879449 ], [ 8.645270738056102, 49.405276002279855 ], [ 8.645250481836131, 49.405258331166749 ], [ 8.645227668903198, 49.405242040772826 ], [ 8.645202518958733, 49.405227287982029 ], [ 8.645175274209992, 49.405214214870377 ], [ 8.645146197037491, 49.405202947337685 ], [ 8.645115567468181, 49.405193593895227 ], [ 8.645083680478725, 49.405186244620644 ], [ 8.645050843154818, 49.405180970290544 ], [ 8.645017371733907, 49.405177821698921 ], [ 8.644983588559821, 49.405176829168049 ], [ 8.644956604583173, 49.405177766537932 ], [ 8.644993776902981, 49.405052875361342 ], [ 8.644998591139528, 49.405031009626825 ], [ 8.645000094533712, 49.405008941153575 ], [ 8.644998272582182, 49.404986882903067 ], [ 8.644993142871245, 49.404965047737839 ], [ 8.644984754906998, 49.404943646367329 ], [ 8.644973189637419, 49.40492288531464 ], [ 8.644958558671075, 49.404902964923508 ], [ 8.644941003199959, 49.404884077425109 ], [ 8.644920692636877, 49.40486640508297 ], [ 8.644897822980534, 49.404850118434275 ], [ 8.644872614924086, 49.404835374644158 ], [ 8.64484531172544, 49.404822315989122 ], [ 8.644816176859813, 49.404811068484115 ], [ 8.644785491477256, 49.404801740666613 ], [ 8.644753551689622, 49.404794422549159 ], [ 8.644720665713191, 49.404789184750854 ], [ 8.64465192849952, 49.404780546323678 ], [ 8.644689811334539, 49.404653264950191 ], [ 8.644993408055567, 49.404688834090614 ], [ 8.645026946080264, 49.404691663147638 ], [ 8.645060747541827, 49.404692333381277 ], [ 8.645085902813593, 49.404691218711534 ], [ 8.645042740656359, 49.404842282627357 ], [ 8.645038179939119, 49.404864155929161 ], [ 8.645036927640955, 49.404886215645924 ], [ 8.645038995834144, 49.404908249198044 ], [ 8.645044364592838, 49.404930044257796 ], [ 8.645052982184923, 49.404951390795439 ], [ 8.645064765570366, 49.404972083103132 ], [ 8.645079601201287, 49.404991921777409 ], [ 8.645097346116042, 49.405010715640586 ], [ 8.645117829316783, 49.405028283583313 ], [ 8.645140853417194, 49.405044456309703 ], [ 8.645166196544579, 49.405059077968964 ], [ 8.645193614477941, 49.405072007657218 ], [ 8.645222843001445, 49.405083120775416 ], [ 8.645253600450603, 49.405092310230138 ], [ 8.645285590426637, 49.40509948746557 ], [ 8.645318504652845, 49.405104583317005 ], [ 8.645968858167414, 49.40518349425119 ], [ 8.645882624394144, 49.405470041208766 ], [ 8.645874222483389, 49.405468865222758 ], [ 8.645875333352382, 49.405458371744359 ], [ 8.645874345928618, 49.405436313190528 ], [ 8.645870049973217, 49.405414424012058 ] ], [ [ 8.645617558969999, 49.404411478968846 ], [ 8.645586798101103, 49.404402311553795 ], [ 8.645554808408386, 49.404395155840895 ], [ 8.645521897966582, 49.404390080742701 ], [ 8.645488383717263, 49.404387135134492 ], [ 8.645454588416698, 49.404386347383728 ], [ 8.64542083752767, 49.404387725076738 ], [ 8.645387456085286, 49.404391254945772 ], [ 8.64537894247502, 49.404392725870878 ], [ 8.645370140201623, 49.404377572361675 ], [ 8.64535511206741, 49.404357803226638 ], [ 8.645337186967808, 49.404339090532893 ], [ 8.645316537533283, 49.404321614492609 ], [ 8.645293362630321, 49.404305543408235 ], [ 8.645267885446192, 49.40429103205166 ], [ 8.645240351339519, 49.404278220173744 ], [ 8.645211025477371, 49.404267231158521 ], [ 8.645180190281605, 49.404258170834979 ], [ 8.645148142709077, 49.404251126457886 ], [ 8.645115191391904, 49.40424616586759 ], [ 8.644821226425615, 49.404211725188809 ], [ 8.644833835363562, 49.404169360382909 ], [ 8.644852806672016, 49.404161965649834 ], [ 8.644879999231259, 49.404148846865645 ], [ 8.644905090390431, 49.404134051910987 ], [ 8.644927838507483, 49.404117723270829 ], [ 8.644948024506027, 49.404100018200282 ], [ 8.644965453985119, 49.404081107210281 ], [ 8.644979959091415, 49.40406117242523 ], [ 8.644991400135613, 49.404040405829157 ], [ 8.644999666937615, 49.40401900741665 ], [ 8.645147878696687, 49.403536604792642 ], [ 8.645273510767552, 49.403553004599672 ], [ 8.645306634405058, 49.403557322989997 ], [ 8.64527109214835, 49.403679139308473 ], [ 8.645270623260974, 49.403680779437259 ], [ 8.645228622264154, 49.403830779312912 ], [ 8.645224279495467, 49.403851912684082 ], [ 8.645211878845325, 49.403945912646094 ], [ 8.645210634998579, 49.403967965680799 ], [ 8.645212709501633, 49.403989992085307 ], [ 8.645218082380298, 49.404011779733146 ], [ 8.645226701895044, 49.40403311879691 ], [ 8.6452384850391, 49.404053803769074 ], [ 8.645253318337719, 49.404073635441108 ], [ 8.645271058940878, 49.404092422822039 ], [ 8.645291535998876, 49.404109984977829 ], [ 8.645314552307649, 49.404126152773955 ], [ 8.64533988620791, 49.404140770504256 ], [ 8.645367293719817, 49.404153697390569 ], [ 8.64539651089267, 49.404164808938546 ], [ 8.645427256346943, 49.404173998136656 ], [ 8.645459233984221, 49.404181176486823 ], [ 8.645492135838877, 49.404186274856677 ], [ 8.645525645044108, 49.404189244145492 ], [ 8.645559438883669, 49.404190055757013 ], [ 8.645593191899986, 49.404188701874837 ], [ 8.645626579028646, 49.404185195537799 ], [ 8.645659278729129, 49.404179570514231 ], [ 8.645690976081569, 49.404171880976925 ], [ 8.645721365819764, 49.404162200981212 ], [ 8.645750155271175, 49.404150623751924 ], [ 8.645777067175636, 49.404137260785362 ], [ 8.645801842355599, 49.404122240775571 ], [ 8.645824242212193, 49.404105708374914 ], [ 8.645844051023083, 49.404087822800854 ], [ 8.645861078019971, 49.404068756302614 ], [ 8.645875159225747, 49.404048692502258 ], [ 8.645886159033591, 49.404027824626247 ], [ 8.645893971512834, 49.404006353644526 ], [ 8.645898521428986, 49.403984486335048 ], [ 8.645909518078991, 49.403901120247241 ], [ 8.645948347529629, 49.403762440203366 ], [ 8.645955004469146, 49.403739623361389 ], [ 8.645983064670347, 49.403748826083586 ], [ 8.646018163897113, 49.403758784951734 ], [ 8.646054739018556, 49.403766142254 ], [ 8.646152839425779, 49.403782042324792 ], [ 8.646169018088315, 49.403784396470343 ], [ 8.64628989320285, 49.403800003350838 ], [ 8.64636859225584, 49.403821473193069 ], [ 8.646383478549579, 49.403824984939718 ], [ 8.646398330801976, 49.403828557534538 ], [ 8.64655753142585, 49.403861157676779 ], [ 8.646566177172819, 49.4038626526036 ], [ 8.646505530119125, 49.404069800136405 ], [ 8.646505424912972, 49.404070161078309 ], [ 8.646480365284859, 49.404156519903751 ], [ 8.646369288567346, 49.404536647233215 ], [ 8.645713098853083, 49.404459550863507 ], [ 8.645699582366831, 49.404450076977241 ], [ 8.645674223958483, 49.404435477237477 ], [ 8.645646794773988, 49.404422569799898 ], [ 8.645617558969999, 49.404411478968846 ] ], [ [ 8.646650240731308, 49.402962345291925 ], [ 8.646649475832971, 49.402962082237295 ], [ 8.646650772686932, 49.402958395671796 ], [ 8.646651443412713, 49.402957861207973 ], [ 8.646650240731308, 49.402962345291925 ] ], [ [ 8.643355071183782, 49.40608192719786 ], [ 8.643553981793859, 49.406106654725761 ], [ 8.643456457795983, 49.406429764467852 ], [ 8.643259671613974, 49.406406327124969 ], [ 8.643355071183782, 49.40608192719786 ] ], [ [ 8.647697527943349, 49.403317027684217 ], [ 8.647681226754759, 49.403312352395908 ], [ 8.647562614335273, 49.403272190741532 ], [ 8.647610713442049, 49.403101030985582 ], [ 8.647719706068086, 49.402714512556997 ], [ 8.647994416038902, 49.402749585686038 ], [ 8.647903887445322, 49.403083412753894 ], [ 8.647903713076079, 49.403084073634929 ], [ 8.647903698538199, 49.403084115848117 ], [ 8.647903689906997, 49.403084161448625 ], [ 8.647903343594285, 49.403085474016727 ], [ 8.647883421303774, 49.403163140081048 ], [ 8.647697527943349, 49.403317027684217 ] ], [ [ 8.648762709063133, 49.403768841014362 ], [ 8.648522209330677, 49.403639541466823 ], [ 8.648502786763551, 49.40362983360351 ], [ 8.648306982362216, 49.403538976196657 ], [ 8.648380710044364, 49.403477941766972 ], [ 8.648495952401273, 49.403536654008455 ], [ 8.648497910538039, 49.403537644234781 ], [ 8.648946041367536, 49.403762582828861 ], [ 8.648917707445868, 49.403859725527425 ], [ 8.648774329880604, 49.403775377430996 ], [ 8.648762709063133, 49.403768841014362 ] ], [ [ 8.649096570403486, 49.403270743999443 ], [ 8.649086074412379, 49.403265475575139 ], [ 8.649191668878654, 49.402902580402582 ], [ 8.649210547662697, 49.402904990774786 ], [ 8.649096570403486, 49.403270743999443 ] ], [ [ 8.646657668492166, 49.406543252430772 ], [ 8.646646116997553, 49.406522511759015 ], [ 8.646631505730699, 49.406502609797293 ], [ 8.646613975408892, 49.406483738211278 ], [ 8.64659369486078, 49.406466078743399 ], [ 8.646570859400386, 49.406449801462557 ], [ 8.646545688946091, 49.406435063126473 ], [ 8.646518425902663, 49.406422005671978 ], [ 8.646489332826793, 49.406410754848061 ], [ 8.646458689898585, 49.406401419005093 ], [ 8.646426792223354, 49.406394088051208 ], [ 8.646393946989694, 49.406388832586593 ], [ 8.646360470511226, 49.406385703223592 ], [ 8.646326685180481, 49.406384730099234 ], [ 8.646315469053581, 49.406385126176879 ], [ 8.646491547682173, 49.40578055935282 ], [ 8.646656327927762, 49.405232984663904 ], [ 8.646764668386336, 49.405246419428217 ], [ 8.646798431912416, 49.405249486257759 ], [ 8.646832494577577, 49.405250361179917 ], [ 8.646866523044917, 49.405249035632728 ], [ 8.646900184312191, 49.405245522587947 ], [ 8.646933148970724, 49.40523985642421 ], [ 8.64696509442911, 49.405232092590481 ], [ 8.646995708070206, 49.405222307063482 ], [ 8.647024690310491, 49.405210595604139 ], [ 8.647051757531864, 49.405197072820435 ], [ 8.64707664485716, 49.405181871045841 ], [ 8.647099108742257, 49.405165139044172 ], [ 8.647118929359365, 49.405147040553899 ], [ 8.647135912748219, 49.405127752685658 ], [ 8.647149892714078, 49.40510746418903 ], [ 8.647160732454003, 49.405086373605464 ], [ 8.647168325895466, 49.405064687325279 ], [ 8.647208616727294, 49.404916117359683 ], [ 8.647302614247439, 49.404570050678522 ], [ 8.647486542197246, 49.404592420300304 ], [ 8.647721225458659, 49.404622858733688 ], [ 8.647721947882642, 49.404622951907825 ], [ 8.647954158728671, 49.404652732685868 ], [ 8.64853247851744, 49.404732689790144 ], [ 8.648565992455037, 49.404736208014668 ], [ 8.648599874230912, 49.404737557435126 ], [ 8.648633795071166, 49.40473672495731 ], [ 8.648667425822822, 49.404733718659209 ], [ 8.648700440147906, 49.404728567712645 ], [ 8.64873251769021, 49.404721322100052 ], [ 8.648763347184014, 49.404712052129682 ], [ 8.648792629474551, 49.404700847753091 ], [ 8.648820080420959, 49.404687817692441 ], [ 8.648845433653506, 49.404673088385408 ], [ 8.648868443158337, 49.404656802758225 ], [ 8.648888885664688, 49.404639118838759 ], [ 8.648906562811344, 49.404620208223115 ], [ 8.648907187320667, 49.404619362828122 ], [ 8.648968938465606, 49.404662218878222 ], [ 8.648961855409533, 49.40467490718401 ], [ 8.648953592219428, 49.404695694465417 ], [ 8.648767088410381, 49.405277993917466 ], [ 8.648766359362794, 49.405281000061443 ], [ 8.648765304797971, 49.405283964800276 ], [ 8.648754221642381, 49.405323938952513 ], [ 8.648675255860116, 49.4055793119852 ], [ 8.648623195183768, 49.40574151929264 ], [ 8.647525714001942, 49.405611162737927 ], [ 8.647492185935134, 49.405608280734064 ], [ 8.647458386426134, 49.405607557111516 ], [ 8.647424640978258, 49.405608998839078 ], [ 8.647391274574211, 49.405612592032298 ], [ 8.64735860854649, 49.405618302087227 ], [ 8.647326957482948, 49.405626074013597 ], [ 8.647296626197273, 49.405635832964471 ], [ 8.647267906793612, 49.405647484956937 ], [ 8.647241075853543, 49.405660917777233 ], [ 8.64721639177252, 49.405676002061334 ], [ 8.647194092271432, 49.405692592540774 ], [ 8.64717439210723, 49.405710529441592 ], [ 8.647157481004674, 49.405729640022997 ], [ 8.647143521829134, 49.405749740240871 ], [ 8.647132649018021, 49.405770636520266 ], [ 8.647124967285961, 49.405792127619407 ], [ 8.647120550616215, 49.405814006567958 ], [ 8.647119441548009, 49.40583606266005 ], [ 8.647121650766712, 49.40585808348353 ], [ 8.647127157000744, 49.40587985696569 ], [ 8.647135907226277, 49.40590117341555 ], [ 8.647147817177705, 49.405921827543317 ], [ 8.647162772159042, 49.405941620437495 ], [ 8.647180628148357, 49.405960361480595 ], [ 8.647201213184692, 49.405977870184799 ], [ 8.647224329024059, 49.405993977930379 ], [ 8.647249753048595, 49.406008529589471 ], [ 8.64727724041048, 49.406021385020217 ], [ 8.647306526389983, 49.406032420416437 ], [ 8.647337328944902, 49.406041529500001 ], [ 8.647369351426878, 49.406048624544333 ], [ 8.647402285438391, 49.406053637219415 ], [ 8.648490872961567, 49.406182937454872 ], [ 8.648470052804425, 49.406254266130205 ], [ 8.647335281159881, 49.406100240050577 ], [ 8.647301873807441, 49.406096811332361 ], [ 8.647268112308018, 49.406095535885598 ], [ 8.647234321798896, 49.406096425993354 ], [ 8.64720082769672, 49.406099473083529 ], [ 8.647167952563727, 49.406104647811333 ], [ 8.647136013001457, 49.406111900341962 ], [ 8.647105316601865, 49.40612116083048 ], [ 8.647076158985165, 49.406132340094423 ], [ 8.647048820952973, 49.406145330472569 ], [ 8.647023565784105, 49.406160006861867 ], [ 8.647000636699113, 49.40617622792211 ], [ 8.646980254517963, 49.406193837437023 ], [ 8.646962615533402, 49.406212665818742 ], [ 8.64694788962051, 49.406232531740969 ], [ 8.646936218600617, 49.406253243885118 ], [ 8.646927714875401, 49.406274602782865 ], [ 8.646922460344262, 49.406296402737055 ], [ 8.646920505615427, 49.406318433802667 ], [ 8.646921869518415, 49.406340483808663 ], [ 8.646926538922525, 49.406362340401344 ], [ 8.646934468863121, 49.406383793089368 ], [ 8.646945582974498, 49.406404635270995 ], [ 8.646959774225184, 49.406424666223714 ], [ 8.646976905948566, 49.406443693037446 ], [ 8.646996813158957, 49.406461532472306 ], [ 8.647019304140418, 49.406478012723412 ], [ 8.647044162293033, 49.406492975075516 ], [ 8.647071148218858, 49.40650627543156 ], [ 8.647100002027473, 49.406517785700451 ], [ 8.647130445838922, 49.406527395030736 ], [ 8.647162186459905, 49.406535010878152 ], [ 8.647194918207523, 49.406540559897017 ], [ 8.648340270644868, 49.406696022209957 ], [ 8.648155528652932, 49.407320689277782 ], [ 8.648155507858494, 49.407320784493372 ], [ 8.648155472984206, 49.407320877939966 ], [ 8.64815010084037, 49.407339126110251 ], [ 8.647553376446968, 49.407261741119385 ], [ 8.646525366222088, 49.407128461504627 ], [ 8.646666718657597, 49.406652371949896 ], [ 8.646671514171842, 49.406630526986305 ], [ 8.646673005304768, 49.406608480489105 ], [ 8.64667117770038, 49.406586444778227 ], [ 8.646666048963919, 49.406564632069497 ], [ 8.646657668492166, 49.406543252430772 ] ], [ [ 8.650125594549092, 49.406978317863555 ], [ 8.650146409520939, 49.406995955299116 ], [ 8.650291109355905, 49.407106755624191 ], [ 8.650315287875499, 49.407123459804318 ], [ 8.650341952441423, 49.40713846676752 ], [ 8.650370824660193, 49.407151619831218 ], [ 8.650394826835157, 49.407160324251535 ], [ 8.650382919048305, 49.407173427064585 ], [ 8.650368603137602, 49.407193420278759 ], [ 8.650357359325136, 49.407214232859843 ], [ 8.650349295898417, 49.407235664372259 ], [ 8.650273266874812, 49.407491335324856 ], [ 8.64904845703823, 49.407329595601226 ], [ 8.649015020917965, 49.407326284842533 ], [ 8.64898124849482, 49.407325128573412 ], [ 8.648947465011267, 49.407326137929232 ], [ 8.648913995816299, 49.407329303189478 ], [ 8.648881163232296, 49.407334593871333 ], [ 8.648851323527744, 49.407341487706574 ], [ 8.649015322545747, 49.406786932990528 ], [ 8.649873175716056, 49.406901575671114 ], [ 8.650087218542149, 49.40693033958425 ], [ 8.650092464790145, 49.406939458539398 ], [ 8.650107554040334, 49.406959423889383 ], [ 8.650125594549092, 49.406978317863555 ] ], [ [ 8.649712445921955, 49.405084304860509 ], [ 8.649734085666505, 49.405094874611926 ], [ 8.649903098139458, 49.405170865624392 ], [ 8.65010580697586, 49.405262955381573 ], [ 8.649500059742298, 49.405187825675327 ], [ 8.649559207600182, 49.405003147334725 ], [ 8.649712445921955, 49.405084304860509 ] ], [ [ 8.649734382687896, 49.406203146527368 ], [ 8.649670889180852, 49.406415462141517 ], [ 8.649145116364807, 49.406345198396856 ], [ 8.649204263198534, 49.406142555171122 ], [ 8.649734382687896, 49.406203146527368 ] ], [ [ 8.648459495047154, 49.408685706897401 ], [ 8.648535177984851, 49.408443232181831 ], [ 8.648934260269094, 49.408491372770015 ], [ 8.648459495047154, 49.408685706897401 ] ], [ [ 8.650090406756775, 49.408049153483304 ], [ 8.649928628249301, 49.40810494907663 ], [ 8.649895597351378, 49.40807093564824 ], [ 8.649875330321702, 49.408052243620311 ], [ 8.649852255351657, 49.408034993325728 ], [ 8.649826611682817, 49.408019363613654 ], [ 8.64981458920497, 49.408013406650369 ], [ 8.650090406756775, 49.408049153483304 ] ], [ [ 8.653317786918191, 49.406364358052812 ], [ 8.653312361001523, 49.406363289464437 ], [ 8.653301323543365, 49.406361867378621 ], [ 8.653290363685016, 49.406360209308112 ], [ 8.653284743601137, 49.406359731189262 ], [ 8.653279183303216, 49.406359014790553 ], [ 8.652610486256647, 49.406294915084246 ], [ 8.652595958824197, 49.40629372760624 ], [ 8.652032239816235, 49.406255564334387 ], [ 8.652070428002087, 49.405997014953179 ], [ 8.652079216679294, 49.405963178582638 ], [ 8.652549550937946, 49.406065773062586 ], [ 8.652558231874798, 49.406067362231404 ], [ 8.65256679205104, 49.406069209401061 ], [ 8.652655292409927, 49.406085209471655 ], [ 8.652683268200422, 49.40608945668091 ], [ 8.652711688840894, 49.406092168845475 ], [ 8.652789502124948, 49.406097444326889 ], [ 8.652887791139673, 49.406108181047593 ], [ 8.652996321493791, 49.406121633725824 ], [ 8.653422211781466, 49.406186724444296 ], [ 8.653562347064316, 49.40621279901017 ], [ 8.653501976827146, 49.406409932166952 ], [ 8.653355345299317, 49.406372260499921 ], [ 8.653349976143195, 49.406371076103227 ], [ 8.653344736861571, 49.406369665616111 ], [ 8.653333966156355, 49.40636754441686 ], [ 8.653323308124042, 49.40636519333264 ], [ 8.653317786918191, 49.406364358052812 ] ], [ [ 8.651122301833123, 49.404184626516667 ], [ 8.65109122185852, 49.404193323324051 ], [ 8.651061597794243, 49.404203966233247 ], [ 8.651033714933835, 49.404216452748436 ], [ 8.651007841802874, 49.404230662618986 ], [ 8.650984227572978, 49.404246458997463 ], [ 8.65096309966219, 49.404263689757613 ], [ 8.650944661544795, 49.404282188959115 ], [ 8.650929090791731, 49.404301778445927 ], [ 8.650916537360411, 49.404322269561732 ], [ 8.650907122150443, 49.4043434649669 ], [ 8.650900935839196, 49.404365160538852 ], [ 8.650898038008368, 49.4043871473379 ], [ 8.650898456570028, 49.404409213619424 ], [ 8.650902187497637, 49.404431146873016 ], [ 8.650909194864665, 49.404452735869164 ], [ 8.650919411190403, 49.404473772693457 ], [ 8.650932738089683, 49.404494054748973 ], [ 8.650949047220259, 49.404513386707364 ], [ 8.650968181518676, 49.404531582390128 ], [ 8.650989956712792, 49.404548466561501 ], [ 8.651014163096356, 49.404563876616351 ], [ 8.65104056754857, 49.404577664145918 ], [ 8.651068915779165, 49.404589696367381 ], [ 8.651098934777391, 49.404599857402552 ], [ 8.651130335441346, 49.404608049393929 ], [ 8.651162815362261, 49.404614193447131 ], [ 8.65161268094789, 49.404683875696165 ], [ 8.65143665279958, 49.405120256159393 ], [ 8.651429659186155, 49.405141847066105 ], [ 8.651427623402126, 49.405153860638258 ], [ 8.651361250797565, 49.405134247338481 ], [ 8.651170991685248, 49.405068402831205 ], [ 8.651085851651287, 49.405036925780401 ], [ 8.651082564733834, 49.405017447957469 ], [ 8.651075586172798, 49.404995854979148 ], [ 8.651065397894797, 49.40497481234253 ], [ 8.651052098022161, 49.404954522698901 ], [ 8.651035814643016, 49.40493518144757 ], [ 8.6510167045776, 49.404916974854167 ], [ 8.650994951867904, 49.404900078256794 ], [ 8.6509707660052, 49.404884654377518 ], [ 8.650944379912477, 49.404870851755277 ], [ 8.650834174363915, 49.404818786246466 ], [ 8.650211900085326, 49.404506239263647 ], [ 8.650223886783456, 49.404492976026852 ], [ 8.65031258788294, 49.404413630408172 ], [ 8.650327876464733, 49.404398742559451 ], [ 8.650341299714757, 49.404383107491583 ], [ 8.650384199461801, 49.404328107378049 ], [ 8.650396549701622, 49.404310422129527 ], [ 8.650406513757797, 49.404292107027942 ], [ 8.650414017204852, 49.404273298880987 ], [ 8.650436616757139, 49.404204598814694 ], [ 8.650438905004906, 49.404197008906991 ], [ 8.650488522788583, 49.404016050959228 ], [ 8.650518095951901, 49.404013259054288 ], [ 8.650551668351866, 49.404007801960233 ], [ 8.650584232971044, 49.404000175434788 ], [ 8.650615461526149, 49.403990456360845 ], [ 8.650645039203251, 49.403978742716362 ], [ 8.650672667831508, 49.403965152586331 ], [ 8.650698068889055, 49.403949822972578 ], [ 8.650720986310818, 49.403932908412393 ], [ 8.650741189069874, 49.403914579420757 ], [ 8.650758473506391, 49.40389502077128 ], [ 8.650764045636905, 49.403886936109203 ], [ 8.650789458543887, 49.403891214179033 ], [ 8.650792146219244, 49.403912396563868 ], [ 8.650798028196599, 49.403933648910787 ], [ 8.650807007068281, 49.403954435039779 ], [ 8.650819000024066, 49.403974563235892 ], [ 8.650833896453806, 49.403993847852149 ], [ 8.650851558967489, 49.404012111021942 ], [ 8.650871824662314, 49.404029184299482 ], [ 8.650894506625125, 49.404044910213514 ], [ 8.650919395656281, 49.404059143719692 ], [ 8.650946262199158, 49.404071753538481 ], [ 8.650974858457396, 49.404082623365873 ], [ 8.651004920680416, 49.404091652946313 ], [ 8.651036171596136, 49.404098758997307 ], [ 8.651432473176843, 49.404175159332581 ], [ 8.651437557292992, 49.404176111830736 ], [ 8.651980059489464, 49.40427481226611 ], [ 8.651992801966978, 49.404276960281983 ], [ 8.652044782561104, 49.404285034941253 ], [ 8.652043449463774, 49.404288358352538 ], [ 8.651321983925701, 49.404176606488193 ], [ 8.651288737838446, 49.404172569581014 ], [ 8.651255045498587, 49.404170678643062 ], [ 8.651221231377404, 49.404170951884808 ], [ 8.651187621118925, 49.404173386674842 ], [ 8.651154538403977, 49.404177959565082 ], [ 8.651122301833123, 49.404184626516667 ] ], [ [ 8.65194806133351, 49.403802093421021 ], [ 8.652155551703991, 49.403276367566122 ], [ 8.652488330297178, 49.403313860348973 ], [ 8.65244069263264, 49.403384240913709 ], [ 8.652428590249661, 49.4034047875125 ], [ 8.652382989715228, 49.403495187383321 ], [ 8.652378460270308, 49.403504899561213 ], [ 8.652254903634542, 49.403793027928486 ], [ 8.65222877843367, 49.403851304681858 ], [ 8.652158799938846, 49.403840434241268 ], [ 8.65194806133351, 49.403802093421021 ] ], [ [ 8.6513319705622, 49.408193548918632 ], [ 8.65128093172763, 49.408135683331608 ], [ 8.651310567102827, 49.408124679384407 ], [ 8.6513319705622, 49.408193548918632 ] ], [ [ 8.653659468109256, 49.407903808810694 ], [ 8.653672421677669, 49.407907865236631 ], [ 8.653674814746154, 49.407908433948791 ], [ 8.653677126885791, 49.407909130776716 ], [ 8.653690698546216, 49.407912208730131 ], [ 8.65370419906721, 49.407915417125764 ], [ 8.653706666040334, 49.407915830041127 ], [ 8.653709071718961, 49.407916375631459 ], [ 8.653723040376141, 49.407918570733635 ], [ 8.65373695783131, 49.40792090020004 ], [ 8.653739474950701, 49.407921153341967 ], [ 8.65374195099983, 49.40792154244027 ], [ 8.653756182126093, 49.407922833550927 ], [ 8.653770382481271, 49.407924261653726 ], [ 8.653772925505214, 49.40792435258426 ], [ 8.653775448078999, 49.407924581443297 ], [ 8.653789804618507, 49.407924956128213 ], [ 8.653804151115208, 49.407925469113778 ], [ 8.653806695552889, 49.407925396957175 ], [ 8.653809240357015, 49.407925463372884 ], [ 8.653823584046982, 49.407924918023717 ], [ 8.653837938518306, 49.40792451095151 ], [ 8.65384045986468, 49.407924276402689 ], [ 8.653843002391339, 49.40792417973546 ], [ 8.653857195094014, 49.40792271960418 ], [ 8.653857953373535, 49.407922649065057 ], [ 8.653892646913782, 49.408038388145542 ], [ 8.652547753617588, 49.408221320811137 ], [ 8.652499299588015, 49.408056311649247 ], [ 8.652641443541253, 49.408037658939627 ], [ 8.652883538526659, 49.408005733328842 ], [ 8.653136911734526, 49.40797244998209 ], [ 8.653378641757108, 49.407940632882941 ], [ 8.653382936552447, 49.407940048998405 ], [ 8.653622437574027, 49.407906448851882 ], [ 8.653653664624716, 49.407902059768368 ], [ 8.653659468109256, 49.407903808810694 ] ], [ [ 8.654230581276117, 49.406488989650867 ], [ 8.654202421572419, 49.406476769294258 ], [ 8.654186088402978, 49.406471102179196 ], [ 8.654226230803367, 49.406340014630686 ], [ 8.654548334055194, 49.406403241283535 ], [ 8.654549805285379, 49.406403479387905 ], [ 8.654551238069407, 49.406403802242728 ], [ 8.654566213965337, 49.406406134973956 ], [ 8.654581157864071, 49.406408553499347 ], [ 8.654582657774997, 49.406408696355825 ], [ 8.654584132155355, 49.406408926013746 ], [ 8.654786700982363, 49.406433694416599 ], [ 8.654359328635053, 49.406613354177921 ], [ 8.654350112060873, 49.406593682271726 ], [ 8.65433710233194, 49.406573312564369 ], [ 8.654321095571966, 49.406553873049006 ], [ 8.654302245937259, 49.406535550937569 ], [ 8.654280734961805, 49.406518522680699 ], [ 8.654256769808919, 49.406502952268433 ], [ 8.654230581276117, 49.406488989650867 ] ], [ [ 8.66489389714973, 49.406016918821862 ], [ 8.664873875467952, 49.405999134084141 ], [ 8.664851278836426, 49.405982715591783 ], [ 8.664826324873557, 49.405967821462433 ], [ 8.664799253899268, 49.405954595133238 ], [ 8.664770326620602, 49.405943163979629 ], [ 8.664739821621019, 49.405933638088577 ], [ 8.664708032677568, 49.405926109198475 ], [ 8.66467526593175, 49.405920649815762 ], [ 8.664641836941351, 49.405917312516543 ], [ 8.664614581734092, 49.405916357655606 ], [ 8.664614681257522, 49.405789261047715 ], [ 8.664775323513052, 49.405770929825309 ], [ 8.664936570418057, 49.405753190923051 ], [ 8.664935795339156, 49.405985304588761 ], [ 8.664935490537369, 49.406074428749058 ], [ 8.664925471034056, 49.406055890423602 ], [ 8.664911151060677, 49.406035898529588 ], [ 8.66489389714973, 49.406016918821862 ] ], [ [ 8.664461085823245, 49.405265457472417 ], [ 8.664462082857082, 49.405265193773737 ], [ 8.664462690384532, 49.405265269164808 ], [ 8.664461085823245, 49.405265457472417 ] ], [ [ 8.664795373111177, 49.405195605466957 ], [ 8.664816605483541, 49.405178429249396 ], [ 8.664835155674256, 49.405159977665484 ], [ 8.664850845036602, 49.405140428415379 ], [ 8.664861718057479, 49.405122881711385 ], [ 8.665013087174826, 49.405106727949445 ], [ 8.665279459572591, 49.405078330892309 ], [ 8.665552292490343, 49.405049227382257 ], [ 8.665585417213528, 49.405044592763332 ], [ 8.665617684485174, 49.405037858029303 ], [ 8.665644304551176, 49.405030351056006 ], [ 8.665645464615604, 49.405036869757538 ], [ 8.665651963222853, 49.405062384867584 ], [ 8.665645544862176, 49.405066722518988 ], [ 8.665634018693625, 49.405074480480813 ], [ 8.665633800307241, 49.405074659714757 ], [ 8.66563355656411, 49.405074824441044 ], [ 8.665623277549344, 49.405083295946305 ], [ 8.665612972145071, 49.405091753791517 ], [ 8.665612781731722, 49.405091946130803 ], [ 8.665612563904441, 49.405092125654328 ], [ 8.665603606825547, 49.405101213836623 ], [ 8.665594621433291, 49.405110290111679 ], [ 8.665594460826659, 49.4051104937041 ], [ 8.665594271013154, 49.405110686295878 ], [ 8.66558672213335, 49.405120303630945 ], [ 8.665579143287479, 49.405129910927755 ], [ 8.665579014034373, 49.405130123812548 ], [ 8.665578854062618, 49.405130327617883 ], [ 8.665572817282506, 49.405140329792331 ], [ 8.665031673136763, 49.405198519112879 ], [ 8.665026702601169, 49.405199077992584 ], [ 8.664725587540937, 49.4052344161612 ], [ 8.664745703597717, 49.405225484007424 ], [ 8.664771663035594, 49.405211340900387 ], [ 8.664795373111177, 49.405195605466957 ] ], [ [ 8.665996549263046, 49.404251577352177 ], [ 8.665993870644931, 49.404251931390533 ], [ 8.665992137855911, 49.404252033747731 ], [ 8.665099881669732, 49.404348210716805 ], [ 8.66594977099237, 49.40416835466025 ], [ 8.665998304677615, 49.404251460491913 ], [ 8.665996549263046, 49.404251577352177 ] ], [ [ 8.665374844263793, 49.403603596266841 ], [ 8.665361689873851, 49.403583266356435 ], [ 8.665345545314358, 49.403563875750464 ], [ 8.665326566068677, 49.403545611189827 ], [ 8.665304934918973, 49.403528648570934 ], [ 8.665280860185868, 49.403513151251637 ], [ 8.665254573722157, 49.403499268478186 ], [ 8.665226328679935, 49.403487133947834 ], [ 8.665196397072664, 49.403476864521458 ], [ 8.665165067155579, 49.403468559098023 ], [ 8.665132640649729, 49.403462297662308 ], [ 8.665099429836376, 49.403458140514566 ], [ 8.665065754549683, 49.403456127689878 ], [ 8.665031939096709, 49.403456278572548 ], [ 8.664998309134306, 49.403458591709523 ], [ 8.664965188533049, 49.403463044824306 ], [ 8.664932896258351, 49.403469595031531 ], [ 8.664901743298799, 49.403478179249937 ], [ 8.664888658860841, 49.403482818598661 ], [ 8.664869884012711, 49.403481835129192 ], [ 8.664836073277023, 49.403482234034009 ], [ 8.664802485261358, 49.403484793695952 ], [ 8.664769443432341, 49.40348948946442 ], [ 8.664737265996804, 49.403496276117174 ], [ 8.664706262837433, 49.403505088295887 ], [ 8.664676732528561, 49.403515841135473 ], [ 8.664648959460859, 49.403528431081462 ], [ 8.664623211102592, 49.403542736887118 ], [ 8.664599735423799, 49.403558620781119 ], [ 8.664578758508249, 49.40357592979435 ], [ 8.66456048237611, 49.403594497232916 ], [ 8.664545083038366, 49.403614144283587 ], [ 8.664532708801643, 49.403634681735646 ], [ 8.664523478839843, 49.403655911803227 ], [ 8.664517482046323, 49.403677630029911 ], [ 8.664514776177636, 49.403699627257829 ], [ 8.664515387297161, 49.403721691641891 ], [ 8.664519309523923, 49.403743610689965 ], [ 8.664526505089059, 49.403765173309324 ], [ 8.664578927131069, 49.403891976944479 ], [ 8.66436251247441, 49.40393774661483 ], [ 8.66433385397074, 49.403860692068662 ], [ 8.664334397800165, 49.403860485585646 ], [ 8.664361819393337, 49.40384757153781 ], [ 8.664387169247071, 49.403832965672869 ], [ 8.664410203227851, 49.403816808654717 ], [ 8.664430699506156, 49.403799256085712 ], [ 8.664448460692787, 49.40378047700807 ], [ 8.664463315739786, 49.403760652275842 ], [ 8.664475121587643, 49.403739972813213 ], [ 8.664483764542943, 49.403718637775661 ], [ 8.664489161373156, 49.403696852631953 ], [ 8.664491260108068, 49.403674827185391 ], [ 8.664490040540118, 49.40365277355329 ], [ 8.664485514418846, 49.40363090412405 ], [ 8.664477725337559, 49.403609429511882 ], [ 8.664466748313348, 49.403588556528391 ], [ 8.664452689064468, 49.403568486190949 ], [ 8.664435682992091, 49.403549411786791 ], [ 8.664415893876196, 49.403531517011622 ], [ 8.664393512298203, 49.403514974200533 ], [ 8.664375585483468, 49.403504090359796 ], [ 8.664889526465767, 49.403259100920771 ], [ 8.665292448354961, 49.40306711419219 ], [ 8.66545570294169, 49.403328918806672 ], [ 8.665538078153142, 49.403461172168534 ], [ 8.665656575051194, 49.4036647671699 ], [ 8.66542035736302, 49.403714480828192 ], [ 8.66538488179711, 49.403624669694544 ], [ 8.665374844263793, 49.403603596266841 ] ], [ [ 8.664755853590229, 49.402722719391122 ], [ 8.664762250521564, 49.402719893429236 ], [ 8.664901250794747, 49.40265699319577 ], [ 8.665007493095839, 49.402608859524072 ], [ 8.665025265804811, 49.402637553273507 ], [ 8.664763244547476, 49.402762402315567 ], [ 8.664730575326899, 49.402733618884497 ], [ 8.664755853590229, 49.402722719391122 ] ], [ [ 8.663703501884676, 49.404072670783037 ], [ 8.663027545135771, 49.404205935849284 ], [ 8.663017730054722, 49.404207975801079 ], [ 8.662735577761312, 49.40426966262649 ], [ 8.663103140832934, 49.404099042010898 ], [ 8.663623136759501, 49.403857648863173 ], [ 8.663643019950214, 49.403910046159346 ], [ 8.663703501884676, 49.404072670783037 ] ], [ [ 8.661905368591601, 49.405098240830796 ], [ 8.661930742568872, 49.405158112970291 ], [ 8.662073853364982, 49.405538161782466 ], [ 8.662073853476203, 49.405538162025643 ], [ 8.662073853550345, 49.405538162274702 ], [ 8.662096395826536, 49.405598024784773 ], [ 8.662090264337733, 49.405599097477612 ], [ 8.662088706426701, 49.405599372583985 ], [ 8.6611960100734, 49.405758471896881 ], [ 8.66119487106849, 49.405758676258642 ], [ 8.660987571245162, 49.405796119167846 ], [ 8.66095693147088, 49.405633379093899 ], [ 8.660953715636284, 49.405619760471389 ], [ 8.660851212953753, 49.405259405413247 ], [ 8.661881112910251, 49.405034940668763 ], [ 8.661903097540895, 49.405092598162867 ], [ 8.661905368591601, 49.405098240830796 ] ], [ [ 8.662965164135478, 49.405451948957875 ], [ 8.662965127343501, 49.405451956037965 ], [ 8.662965089667003, 49.40545196073613 ], [ 8.662763135016252, 49.405483917727466 ], [ 8.662743145910197, 49.405430837246975 ], [ 8.662743145910184, 49.405430837246932 ], [ 8.662670192418524, 49.405237107009334 ], [ 8.66267283805527, 49.405235648440666 ], [ 8.662696406989454, 49.405219822966565 ], [ 8.66271748537447, 49.405202566170423 ], [ 8.662735870214927, 49.405184044246042 ], [ 8.662751384456561, 49.405164435570988 ], [ 8.662763878691306, 49.4051439289887 ], [ 8.662773232596072, 49.40512272198977 ], [ 8.662779356091399, 49.405101018809951 ], [ 8.662782190208821, 49.405079028463263 ], [ 8.662781707658619, 49.405056962729013 ], [ 8.662777913092455, 49.405035034112238 ], [ 8.662770843058409, 49.40501345379721 ], [ 8.662760565648835, 49.404992429613586 ], [ 8.662747179844436, 49.404972164034902 ], [ 8.662730814560884, 49.404952852228746 ], [ 8.662711627407182, 49.404934680177128 ], [ 8.662689803167705, 49.40491782288553 ], [ 8.662665552022563, 49.404902442697434 ], [ 8.662639107523434, 49.404888687731052 ], [ 8.66261072434432, 49.404876690452802 ], [ 8.662609918635626, 49.404876418990604 ], [ 8.662989359503486, 49.404794845571452 ], [ 8.663246341465843, 49.404740462299273 ], [ 8.663162568170112, 49.404939835640207 ], [ 8.663154469583779, 49.404964430664741 ], [ 8.663150631398205, 49.404989462076934 ], [ 8.663151101653854, 49.40501461661475 ], [ 8.663155401368092, 49.405055716626805 ], [ 8.663172512514778, 49.405218033554164 ], [ 8.663172791259786, 49.40522048236987 ], [ 8.66319678941651, 49.405416793104003 ], [ 8.663139790758533, 49.405424476157549 ], [ 8.663128363452453, 49.405426149069967 ], [ 8.662965164135478, 49.405451948957875 ] ], [ [ 8.662212196715972, 49.406240355232853 ], [ 8.662230491438093, 49.406126097217289 ], [ 8.662291958992981, 49.406114677484787 ], [ 8.66229021764358, 49.406349779131652 ], [ 8.662209160211395, 49.406354898782297 ], [ 8.662212196715972, 49.406240355232853 ] ], [ [ 8.667590000066898, 49.409268324295923 ], [ 8.666294489814973, 49.409481343725162 ], [ 8.666279505763606, 49.409484043346183 ], [ 8.66549912373268, 49.409637077609879 ], [ 8.666716905651628, 49.409139837334799 ], [ 8.66764005665879, 49.408768653632265 ], [ 8.667834091744899, 49.408699002038205 ], [ 8.667826073975165, 49.409229029816188 ], [ 8.667590000066898, 49.409268324295923 ] ], [ [ 8.668587254806161, 49.408468172748556 ], [ 8.668857344737097, 49.408413449530656 ], [ 8.668870324501169, 49.408419126965171 ], [ 8.668880220124644, 49.408424566064262 ], [ 8.668883477220533, 49.408428543785121 ], [ 8.668901024105674, 49.408457075599955 ], [ 8.669186675107827, 49.408922500694601 ], [ 8.669186675190463, 49.408922500829242 ], [ 8.669186676038059, 49.408922502210274 ], [ 8.669224609334856, 49.40898430913645 ], [ 8.669053808957347, 49.40900908654686 ], [ 8.669048148895602, 49.40901010013058 ], [ 8.669042400922773, 49.409010874951043 ], [ 8.668955690006927, 49.409025491366762 ], [ 8.668517353474202, 49.409097391440206 ], [ 8.668525406825221, 49.408564517962347 ], [ 8.668524036059424, 49.408542141846013 ], [ 8.668516370657294, 49.40848657049002 ], [ 8.668587254806161, 49.408468172748556 ] ], [ [ 8.669752625113087, 49.408310823774819 ], [ 8.669865467699761, 49.408305269799783 ], [ 8.670053117717258, 49.408299433798994 ], [ 8.670039551964642, 49.408804326833014 ], [ 8.67003458280351, 49.408799495252488 ], [ 8.670019635298546, 49.408780351282324 ], [ 8.669735564963254, 49.408312345112996 ], [ 8.669752625113087, 49.408310823774819 ] ], [ [ 8.669749237641946, 49.40760844896532 ], [ 8.669737548237107, 49.407295660903145 ], [ 8.669796658447035, 49.407294444117419 ], [ 8.669811531124738, 49.407593809083416 ], [ 8.669811705945095, 49.407607102501551 ], [ 8.669749237641946, 49.40760844896532 ] ], [ [ 8.670935477074197, 49.407280682318159 ], [ 8.671126383891222, 49.407282604212284 ], [ 8.671239473237861, 49.407289801428234 ], [ 8.671261673282949, 49.407294994677386 ], [ 8.671355986682062, 49.407368911711515 ], [ 8.671030499854314, 49.407375639623062 ], [ 8.670846961328554, 49.407379425990705 ], [ 8.670817093684025, 49.407370763899472 ], [ 8.670794878663758, 49.407365923990007 ], [ 8.670789238956196, 49.407281200281993 ], [ 8.670935477074197, 49.407280682318159 ] ], [ [ 8.670427130666061, 49.406832730401547 ], [ 8.670418887947305, 49.406832823924901 ], [ 8.670116543755425, 49.406838615197785 ], [ 8.669920523112294, 49.406842031681201 ], [ 8.669935812730133, 49.406838328862037 ], [ 8.66996621214323, 49.406828659558094 ], [ 8.669995012749542, 49.4068170924564 ], [ 8.67002193718147, 49.406803738955794 ], [ 8.670046726140811, 49.406788727659126 ], [ 8.670069140895993, 49.406772203134828 ], [ 8.670088965581195, 49.406754324524549 ], [ 8.670106009275237, 49.406735264010436 ], [ 8.670120107840201, 49.406715205156914 ], [ 8.670131125502088, 49.406694341142824 ], [ 8.670138956158283, 49.406672872900884 ], [ 8.670143524399244, 49.406651007182667 ], [ 8.670144786234589, 49.406628954567402 ], [ 8.670142729516586, 49.406606927433934 ], [ 8.670137374056967, 49.406585137915421 ], [ 8.670128771435955, 49.406563795856435 ], [ 8.670117004505373, 49.406543106791929 ], [ 8.670102186590569, 49.406523269967998 ], [ 8.670084460398909, 49.406504476422988 ], [ 8.670063996645325, 49.406486907147688 ], [ 8.670040992408156, 49.406470731342488 ], [ 8.670015669231121, 49.406456104787772 ], [ 8.669988270989739, 49.406443168343834 ], [ 8.669977518081545, 49.406439074081078 ], [ 8.670047132274656, 49.406423457693876 ], [ 8.670078535528877, 49.406415267994213 ], [ 8.670108557403438, 49.406405109148672 ], [ 8.670136908768702, 49.406393078993666 ], [ 8.670163316583713, 49.406379293387467 ], [ 8.67017539398495, 49.406371606787587 ], [ 8.67036575316914, 49.406550724250238 ], [ 8.670485591028312, 49.406665395605202 ], [ 8.670496320037802, 49.406675097146341 ], [ 8.670679570928817, 49.406831836277732 ], [ 8.670427130666061, 49.406832730401547 ] ], [ [ 8.653322512721529, 49.416100183722413 ], [ 8.653248806502265, 49.416211885556287 ], [ 8.653020325048898, 49.416161956860137 ], [ 8.653060990163517, 49.416070636788888 ], [ 8.653063882864588, 49.416062707102689 ], [ 8.653084098848161, 49.416061604536431 ], [ 8.653117302638742, 49.416057631654148 ], [ 8.653149751483671, 49.416051558714862 ], [ 8.653181134121636, 49.416043443972455 ], [ 8.653211149519191, 49.416033365266578 ], [ 8.653239509758437, 49.416021419275928 ], [ 8.653265942798937, 49.416007720590741 ], [ 8.653290195087244, 49.415992400613696 ], [ 8.653312033989099, 49.415975606299284 ], [ 8.653331250020917, 49.415957498744284 ], [ 8.65334765885919, 49.415938251642281 ], [ 8.653361103108494, 49.415918049617588 ], [ 8.653371453811186, 49.415897086454201 ], [ 8.653442952724834, 49.415723586247744 ], [ 8.653450195089459, 49.415701729527534 ], [ 8.65345407438336, 49.415679511586099 ], [ 8.653454552250269, 49.41565715212807 ], [ 8.653451623969373, 49.415634872257137 ], [ 8.653445318501822, 49.415612892289744 ], [ 8.653435698204158, 49.415591429576381 ], [ 8.653422858211529, 49.415570696352361 ], [ 8.653406925496784, 49.415550897639164 ], [ 8.653388057614745, 49.415532229217014 ], [ 8.653366441144133, 49.41551487568907 ], [ 8.653342289842463, 49.415499008655907 ], [ 8.653315842532269, 49.415484785018727 ], [ 8.653287360739466, 49.415472345427851 ], [ 8.653257126107269, 49.415461812892005 ], [ 8.653225437611205, 49.415453291561924 ], [ 8.652887038880891, 49.415374891899383 ], [ 8.652854584242693, 49.415368526292255 ], [ 8.652821328318945, 49.415364270870995 ], [ 8.652787592612302, 49.41536216677499 ], [ 8.652753703263544, 49.415362234345622 ], [ 8.652719987898722, 49.415364472929639 ], [ 8.652686772461966, 49.415368860885479 ], [ 8.652654378064526, 49.415375355792449 ], [ 8.652623117880546, 49.415383894860831 ], [ 8.652593294119546, 49.415394395538883 ], [ 8.652565195104883, 49.415406756310873 ], [ 8.652539092486441, 49.41542085767847 ], [ 8.652515238614477, 49.415436563315936 ], [ 8.652493864100014, 49.415453721388026 ], [ 8.65247517558538, 49.415472166017857 ], [ 8.652459353746419, 49.415491718890436 ], [ 8.652446551545717, 49.415512190976557 ], [ 8.652345150459801, 49.415700290691468 ], [ 8.652340053949668, 49.415710520052684 ], [ 8.652201227493995, 49.416013635171247 ], [ 8.651857255584771, 49.415972766487229 ], [ 8.651664173815739, 49.415949856782916 ], [ 8.651647007485401, 49.415948110296263 ], [ 8.651449582239142, 49.415931337402277 ], [ 8.651459931295125, 49.415861427908084 ], [ 8.65150339859029, 49.415865399301367 ], [ 8.651537086297717, 49.415867383771598 ], [ 8.651570909929744, 49.415867204404478 ], [ 8.651604543741861, 49.415864862927421 ], [ 8.651637663817723, 49.415860381890454 ], [ 8.651669951188808, 49.41585380444895 ], [ 8.65170109490642, 49.41584519394808 ], [ 8.651730795036432, 49.415834633312691 ], [ 8.651758765547932, 49.415822224248693 ], [ 8.651784737067956, 49.415808086263489 ], [ 8.651808459475758, 49.415792355515016 ], [ 8.651829704311643, 49.415775183500415 ], [ 8.651848266977147, 49.415756735596979 ], [ 8.65186396870541, 49.415737189469439 ], [ 8.651876658282722, 49.415716733358856 ], [ 8.651886213504699, 49.415695564269775 ], [ 8.651892542353059, 49.415673886072888 ], [ 8.651895583881661, 49.415651907541601 ], [ 8.651895308803288, 49.415629840341467 ], [ 8.651891719771545, 49.415607896991695 ], [ 8.651884851355115, 49.415586288818396 ], [ 8.651874769704689, 49.415565223919572 ], [ 8.651861571915733, 49.415544905160864 ], [ 8.651845385093276, 49.415525528222048 ], [ 8.651826365127684, 49.415507279712386 ], [ 8.651804695193276, 49.41549033537369 ], [ 8.651780583984172, 49.41547485838781 ], [ 8.651754263704442, 49.415460997805113 ], [ 8.651725987831842, 49.415448887109193 ], [ 8.651696028676735, 49.415438642931349 ], [ 8.651664674759637, 49.41543036392742 ], [ 8.651632228032733, 49.415424129827741 ], [ 8.651599000972009, 49.415420000669307 ], [ 8.651399801854753, 49.415401800752925 ], [ 8.651365855421185, 49.415399809380048 ], [ 8.651331773503369, 49.415400015149743 ], [ 8.651297889369104, 49.415402416049879 ], [ 8.651264534352261, 49.415406988603387 ], [ 8.651232034612969, 49.415413688097836 ], [ 8.651203476822753, 49.415420605529583 ], [ 8.651162160959974, 49.415398768799598 ], [ 8.651133023344933, 49.415384949239382 ], [ 8.651101834100656, 49.415373189271534 ], [ 8.651068933914289, 49.415363617352355 ], [ 8.651034682161216, 49.41535633803759 ], [ 8.650999452979654, 49.415351430840445 ], [ 8.650796553870819, 49.415330330936811 ], [ 8.650762930143943, 49.415327930790006 ], [ 8.650729107740288, 49.415327692394634 ], [ 8.65069541238365, 49.415329618046542 ], [ 8.65066216857435, 49.415333689200857 ], [ 8.650643675052672, 49.415337207383139 ], [ 8.650626377344356, 49.41533049846123 ], [ 8.650595748392794, 49.415321135381163 ], [ 8.650563860278709, 49.415313776069446 ], [ 8.650531020098622, 49.41530849139933 ], [ 8.65049754411749, 49.415305332264438 ], [ 8.650463754723058, 49.415304329088521 ], [ 8.650251555692524, 49.415304829088399 ], [ 8.650221383489487, 49.415305763711075 ], [ 8.6501914525745, 49.415308418245601 ], [ 8.650161992825815, 49.415312772304354 ], [ 8.650133230503126, 49.415318792446868 ], [ 8.650072586101471, 49.415333426986713 ], [ 8.650069097905071, 49.415331647641153 ], [ 8.650038536512119, 49.415317727124737 ], [ 8.650005849881, 49.415306041045547 ], [ 8.649971420252484, 49.415296726061278 ], [ 8.649935650249308, 49.415289891101857 ], [ 8.649765754499811, 49.415263842362037 ], [ 8.649739500014604, 49.415259142485915 ], [ 8.649706481383818, 49.415254354576767 ], [ 8.649672902442118, 49.415251701224818 ], [ 8.649639086568758, 49.415251207982926 ], [ 8.649605359424642, 49.415252879601219 ], [ 8.64957204581621, 49.415256699981313 ], [ 8.649539466567539, 49.415262632331356 ], [ 8.64950793543079, 49.415270619520271 ], [ 8.649477756064762, 49.415280584628057 ], [ 8.649449219110597, 49.415292431686396 ], [ 8.649422599392867, 49.415306046602979 ], [ 8.649398153272937, 49.415321298260096 ], [ 8.649376116180084, 49.415338039777374 ], [ 8.649356700344217, 49.4153561099263 ], [ 8.649340092751954, 49.415375334682771 ], [ 8.649326453345772, 49.415395528903154 ], [ 8.649315913483598, 49.415416498107113 ], [ 8.64930857467364, 49.415438040350594 ], [ 8.649304507596668, 49.415459948170692 ], [ 8.649303751425171, 49.41548201058341 ], [ 8.649306313445933, 49.415504015115758 ], [ 8.649312168989692, 49.415525749851859 ], [ 8.64932126166854, 49.415547005473833 ], [ 8.649333503918823, 49.415567577277677 ], [ 8.649348777844267, 49.415587267144716 ], [ 8.649366936351267, 49.415605885449622 ], [ 8.649387804565372, 49.415623252886647 ], [ 8.649411181515342, 49.415639202196473 ], [ 8.649436842068592, 49.415653579777093 ], [ 8.649464539099304, 49.415666247163131 ], [ 8.649494005868434, 49.415677082359373 ], [ 8.649524958592593, 49.415685981015727 ], [ 8.649557099177144, 49.415692857432198 ], [ 8.649589499308878, 49.415698657457824 ], [ 8.649601848305807, 49.415700708713779 ], [ 8.649669523450209, 49.415711084827478 ], [ 8.64962739641453, 49.415931777138006 ], [ 8.649626795545366, 49.415932143680237 ], [ 8.64960309551947, 49.415948104356531 ], [ 8.649581925803925, 49.41596551324001 ], [ 8.649563493136558, 49.415984200322399 ], [ 8.649547977526886, 49.416003983112816 ], [ 8.649535530498135, 49.416024668419958 ], [ 8.6495262736074, 49.416046054238599 ], [ 8.649520297258437, 49.41606793172231 ], [ 8.64939979305278, 49.416683931359692 ], [ 8.649397196329941, 49.416705201212856 ], [ 8.649397701287837, 49.41672653588364 ], [ 8.649401303384183, 49.416747743288795 ], [ 8.649407970192016, 49.416768632490665 ], [ 8.649417641691521, 49.416789015416235 ], [ 8.649430230810269, 49.416808708550469 ], [ 8.649445624207038, 49.416827534588528 ], [ 8.649548223768745, 49.416939834848009 ], [ 8.649565921761036, 49.416957302149804 ], [ 8.649586033323441, 49.416973619785338 ], [ 8.649608384088721, 49.416988646278902 ], [ 8.649632780274954, 49.417002251348904 ], [ 8.649659010365635, 49.417014317037648 ], [ 8.649686846943544, 49.417024738733964 ], [ 8.649716048662508, 49.417033426080231 ], [ 8.649746362339954, 49.417040303755876 ], [ 8.650364964806318, 49.41715990428083 ], [ 8.650397233431189, 49.417165053702249 ], [ 8.650430112023454, 49.417168152592815 ], [ 8.650463295178652, 49.417169172167341 ], [ 8.650496474663166, 49.417168102955159 ], [ 8.650529342277473, 49.417164954887994 ], [ 8.650561592719081, 49.417159757207799 ], [ 8.650592926418556, 49.417152558195042 ], [ 8.650623052322279, 49.417143424720287 ], [ 8.650812052879132, 49.417078724461994 ], [ 8.650840294712847, 49.417067910350347 ], [ 8.65086683605626, 49.417055396524169 ], [ 8.650891437343086, 49.417041295935789 ], [ 8.650913876518937, 49.417025735859959 ], [ 8.650933951045642, 49.417008856744872 ], [ 8.650951479729361, 49.416990810944505 ], [ 8.650966304356025, 49.416971761343369 ], [ 8.650978291119333, 49.416951879886255 ], [ 8.650987331828421, 49.416931346026239 ], [ 8.650993344884292, 49.416910345104831 ], [ 8.651110644840704, 49.41635585687289 ], [ 8.651270060568692, 49.416369627004407 ], [ 8.651270790828191, 49.416369689564654 ], [ 8.651383105523319, 49.416379231626763 ], [ 8.651227986724823, 49.41685744275734 ], [ 8.65122297939155, 49.416877176007709 ], [ 8.651220679586032, 49.416897121484119 ], [ 8.651215678840702, 49.417003721467701 ], [ 8.651216456739057, 49.417027189790538 ], [ 8.651220980309526, 49.417050477344723 ], [ 8.651229200265281, 49.417073330372283 ], [ 8.651241027040696, 49.417095499849772 ], [ 8.651256331767112, 49.417116744201913 ], [ 8.651274947676887, 49.417136831933995 ], [ 8.651387547335107, 49.417245132208627 ], [ 8.651407769921791, 49.417262674244753 ], [ 8.651430517615625, 49.417278846464683 ], [ 8.651455573687402, 49.417293494785469 ], [ 8.651482699413886, 49.417306479643287 ], [ 8.651511636352293, 49.417317677322977 ], [ 8.651542108802655, 49.417326981136924 ], [ 8.651573826434639, 49.417334302441567 ], [ 8.652051928334782, 49.417427802851506 ], [ 8.652084188709416, 49.417433020391151 ], [ 8.652117069381958, 49.41743618656718 ], [ 8.65215026461996, 49.417437271939733 ], [ 8.65218346576596, 49.417436266416736 ], [ 8.652216364107542, 49.417433179347789 ], [ 8.652248653747966, 49.417428039437183 ], [ 8.652280034450561, 49.417420894477054 ], [ 8.652496635220814, 49.417363794238931 ], [ 8.652525979957845, 49.417354993658719 ], [ 8.652553933290664, 49.417344439846012 ], [ 8.652580249798829, 49.41733222545993 ], [ 8.652604698433187, 49.417318457738808 ], [ 8.652627064544433, 49.417303257558714 ], [ 8.652647151767663, 49.417286758372065 ], [ 8.652664783746374, 49.41726910503602 ], [ 8.652679087741896, 49.417251343993762 ], [ 8.652525379894625, 49.417569723272024 ], [ 8.65228695105524, 49.418049166159697 ], [ 8.652180554842912, 49.418258839635968 ], [ 8.650603137688714, 49.418010983539865 ], [ 8.650462294593465, 49.417988838406949 ], [ 8.649631323497731, 49.417850509479479 ], [ 8.649614759409941, 49.417848034074375 ], [ 8.649509055549016, 49.417834016634757 ], [ 8.649530438708597, 49.417771401465302 ], [ 8.649536165651261, 49.417749652127533 ], [ 8.649538597346147, 49.417727641304523 ], [ 8.649537710379098, 49.417705580972793 ], [ 8.649533513296532, 49.417683683585295 ], [ 8.649526046522965, 49.417662160025507 ], [ 8.649515381971522, 49.417641217576488 ], [ 8.649501622351238, 49.417621057924578 ], [ 8.649484900177761, 49.417601875217208 ], [ 8.64946537649705, 49.417583854193097 ], [ 8.649443239334317, 49.417567168403224 ], [ 8.649418701883201, 49.417551978539414 ], [ 8.649392000452545, 49.41753843088695 ], [ 8.649363392190647, 49.417526655915722 ], [ 8.649333152608802, 49.417516767023855 ], [ 8.649301572928074, 49.417508859445597 ], [ 8.649268957274751, 49.417503009334304 ], [ 8.649235619751593, 49.417499273028987 ], [ 8.649227339081248, 49.417498883637393 ], [ 8.649228907904572, 49.417467019927244 ], [ 8.649228625147988, 49.417456155326335 ], [ 8.649228367274649, 49.417445290467057 ], [ 8.649228338035574, 49.417445123357545 ], [ 8.649228333658858, 49.417444955187214 ], [ 8.649226419953994, 49.41743416098371 ], [ 8.649224530973617, 49.417423364931402 ], [ 8.649224476768648, 49.417423200496295 ], [ 8.649224447146906, 49.417423033415616 ], [ 8.649220920925801, 49.417412413562857 ], [ 8.649217419032555, 49.417401790289844 ], [ 8.649217340383752, 49.417401630112749 ], [ 8.649217285802283, 49.417401465730784 ], [ 8.649212181026169, 49.417391122503282 ], [ 8.649207099947397, 49.417380774317387 ], [ 8.649206997612222, 49.417380619940893 ], [ 8.649206918596708, 49.417380459840736 ], [ 8.649200284430183, 49.417370492850857 ], [ 8.649193673100202, 49.417360519408525 ], [ 8.649193548064193, 49.417360372319308 ], [ 8.649193445375651, 49.417360218042859 ], [ 8.649185345711548, 49.417350723277863 ], [ 8.649177267801909, 49.417341220628046 ], [ 8.649177121269279, 49.417341082242686 ], [ 8.649176995896648, 49.417340935275647 ], [ 8.649167508739751, 49.417332004173581 ], [ 8.649158042046869, 49.417323063832548 ], [ 8.6491578754288, 49.417322935483746 ], [ 8.649157728579526, 49.417322797241503 ], [ 8.649146945293836, 49.417314515810382 ], [ 8.649136180991203, 49.417306223880558 ], [ 8.649135995892475, 49.417306106804475 ], [ 8.649135828980659, 49.417305978618245 ], [ 8.649123853417493, 49.41729842661416 ], [ 8.649111895169575, 49.417290862948597 ], [ 8.649111693372534, 49.417290758272557 ], [ 8.649111508005888, 49.417290641377036 ], [ 8.64909845549975, 49.417283891531007 ], [ 8.649085418467603, 49.417277128969396 ], [ 8.649085201915863, 49.417277037701588 ], [ 8.649084999879362, 49.417276933222396 ], [ 8.649070996125999, 49.417271050535163 ], [ 8.649057005869411, 49.4172651542073 ], [ 8.649005606003845, 49.417245754283655 ], [ 8.648979093527355, 49.417236725548221 ], [ 8.648951481203474, 49.417229230164622 ], [ 8.648922976908651, 49.417223324560936 ], [ 8.648685718073457, 49.41718146704067 ], [ 8.64830538929742, 49.417111252522197 ], [ 8.648122823132447, 49.417076586815568 ], [ 8.648116709963306, 49.417075465784549 ], [ 8.647797911263108, 49.417019066034037 ], [ 8.647780652581494, 49.417016322131765 ], [ 8.647629421061447, 49.416994955663938 ], [ 8.647305393583446, 49.416945128151958 ], [ 8.646618065310953, 49.416839385371297 ], [ 8.646524376174961, 49.416824835541462 ], [ 8.646490287473371, 49.416819364922333 ], [ 8.646463850242856, 49.416776116490681 ], [ 8.646464837888537, 49.416770014853604 ], [ 8.646465075937765, 49.416747947479919 ], [ 8.646461997460284, 49.41672597114399 ], [ 8.646455632107889, 49.416704297489694 ], [ 8.64644604118654, 49.416683135245634 ], [ 8.646433317065791, 49.416662688215034 ], [ 8.646417582289079, 49.416643153312968 ], [ 8.64639898839344, 49.41662471867005 ], [ 8.646377714450026, 49.416607561820662 ], [ 8.64635737413102, 49.416594103452944 ], [ 8.646385690932011, 49.416566975587052 ], [ 8.646386988734127, 49.416565590777395 ], [ 8.646388459550449, 49.416564281651638 ], [ 8.646388898639435, 49.416563797572529 ], [ 8.646389404860276, 49.416563342247038 ], [ 8.646396257136516, 49.416555701000725 ], [ 8.646403335568985, 49.416548148014414 ], [ 8.646404419069265, 49.416546686881716 ], [ 8.646405686121019, 49.416545290004755 ], [ 8.646406050368107, 49.416544780177894 ], [ 8.646406485743521, 49.416544294673422 ], [ 8.646412157010351, 49.416536252035534 ], [ 8.646418066603934, 49.416528282770926 ], [ 8.646418925367852, 49.416526759386777 ], [ 8.646419976452821, 49.416525288211396 ], [ 8.646420262350164, 49.416524757546718 ], [ 8.646420622687325, 49.41652424653897 ], [ 8.646425058328324, 49.416515879965132 ], [ 8.646429742171684, 49.416507571170868 ], [ 8.646430367929117, 49.416506000206347 ], [ 8.64643119292499, 49.416504468900868 ], [ 8.646431397719295, 49.416503922509015 ], [ 8.646431679548069, 49.416503390919274 ], [ 8.646434836847009, 49.416494780984493 ], [ 8.646438249833505, 49.416486212679239 ], [ 8.646438636558342, 49.416484609263591 ], [ 8.646439227520231, 49.416483032575407 ], [ 8.646439349239285, 49.416482475718524 ], [ 8.646439549845626, 49.416481928666272 ], [ 8.646441398397592, 49.416473158289051 ], [ 8.646443507659848, 49.416464412990642 ], [ 8.646443651627989, 49.416462792565767 ], [ 8.646444002864932, 49.416461185679246 ], [ 8.646444040336638, 49.416460623720127 ], [ 8.646444157788688, 49.41646006647381 ], [ 8.646444679792774, 49.416451220117914 ], [ 8.646445465019189, 49.416442382048487 ], [ 8.646445364844462, 49.416440760219992 ], [ 8.646445472974181, 49.416439138610336 ], [ 8.646445425837774, 49.416438576960978 ], [ 8.646445459004518, 49.416438014887177 ], [ 8.64644464943529, 49.416429177747929 ], [ 8.646444103065505, 49.416420332022959 ], [ 8.64644375971298, 49.416418724409951 ], [ 8.646443623694449, 49.416417103694123 ], [ 8.646443492403989, 49.416416547763511 ], [ 8.646443440966127, 49.416415986275332 ], [ 8.646441307621966, 49.41640724345929 ], [ 8.646439434919587, 49.416398475267769 ], [ 8.646438851696265, 49.416396897352428 ], [ 8.646438472839728, 49.416395293138777 ], [ 8.646438258659723, 49.416394748280815 ], [ 8.646438123112745, 49.416394192785681 ], [ 8.646434686540687, 49.416385628490872 ], [ 8.646431505542509, 49.416377022274986 ], [ 8.646430688065443, 49.416375489253433 ], [ 8.646430070019809, 49.416373916991425 ], [ 8.646429775013035, 49.416373388453387 ], [ 8.646429556662435, 49.416372844300994 ], [ 8.646424849960077, 49.416364541005812 ], [ 8.646420391302474, 49.416356179648076 ], [ 8.646419347444706, 49.416354706284118 ], [ 8.646418496162347, 49.41635318111539 ], [ 8.646418123170026, 49.41635267398744 ], [ 8.64641782411868, 49.416352146418156 ], [ 8.646411892615662, 49.416344184087734 ], [ 8.646406199239182, 49.416336148111981 ], [ 8.646404939053852, 49.416334748594821 ], [ 8.64640386273333, 49.416333285207536 ], [ 8.646403415347573, 49.416332804373447 ], [ 8.646403038475675, 49.416332298468184 ], [ 8.64639593929685, 49.416324753783684 ], [ 8.646389066032855, 49.41631712058031 ], [ 8.646387601656453, 49.416315808387999 ], [ 8.646386310663472, 49.41631442087526 ], [ 8.646298610394906, 49.416229821089345 ], [ 8.646296720285463, 49.416228177745978 ], [ 8.646295037291411, 49.416226441206057 ], [ 8.646288941009473, 49.416221337657618 ], [ 8.646283167517693, 49.41621607676197 ], [ 8.646225067418913, 49.416168276896293 ], [ 8.646208070379544, 49.416155332764951 ], [ 8.646189619420118, 49.416143265732444 ], [ 8.646151019436941, 49.416119865810145 ], [ 8.646150684207074, 49.41611966285852 ], [ 8.64604218425608, 49.416054063076579 ], [ 8.646038450880882, 49.416052018585944 ], [ 8.646034945517696, 49.416049808952707 ], [ 8.645848845663188, 49.415943509315326 ], [ 8.645825282460692, 49.415931196484166 ], [ 8.645768282557375, 49.415903996583843 ], [ 8.645768003462834, 49.415903863542098 ], [ 8.645734400926653, 49.415887862365764 ], [ 8.645615396549639, 49.415803650547019 ], [ 8.645347243454081, 49.415606952768329 ], [ 8.645344740103228, 49.415605288632911 ], [ 8.645342441615952, 49.415603503115918 ], [ 8.645031555682811, 49.415384757943663 ], [ 8.644636931013844, 49.415087783673947 ], [ 8.644172692304327, 49.414717024696017 ], [ 8.643929991963693, 49.414508504338365 ], [ 8.643929969139082, 49.414508486606771 ], [ 8.643929949082366, 49.414508467503779 ], [ 8.643696263237961, 49.414307775257342 ], [ 8.645424741008755, 49.413850811122614 ], [ 8.645425018062117, 49.413850727324288 ], [ 8.64542530619171, 49.413850661314569 ], [ 8.647049417304144, 49.413419064389544 ], [ 8.649132476989797, 49.41286938024308 ], [ 8.649591731087376, 49.412748292271495 ], [ 8.649591739197747, 49.412748289824528 ], [ 8.649591747636624, 49.412748287907718 ], [ 8.649841632630791, 49.412682391824369 ], [ 8.65031594239027, 49.412557349250292 ], [ 8.650309535726523, 49.41257521689171 ], [ 8.650305125889377, 49.412596556265861 ], [ 8.650303864397104, 49.41261807300446 ], [ 8.650313804890473, 49.413289373605117 ], [ 8.650308626222472, 49.413434737524661 ], [ 8.650275617469635, 49.413436988947062 ], [ 8.650268009946021, 49.413428704136734 ], [ 8.650247866835816, 49.413410976455864 ], [ 8.650225157526533, 49.413394622316673 ], [ 8.650200100721689, 49.413379799217033 ], [ 8.650172937731597, 49.413366649910067 ], [ 8.650143930149421, 49.413355301029405 ], [ 8.650113357331959, 49.413345861869729 ], [ 8.650081513709345, 49.413338423334167 ], [ 8.650048705949652, 49.413333057058942 ], [ 8.650015250005627, 49.413329814723568 ], [ 8.649981468072051, 49.413328727553051 ], [ 8.649947685482989, 49.413329806017316 ], [ 8.649914227578819, 49.413333039730261 ], [ 8.649881416573187, 49.413338397549886 ], [ 8.649849568450088, 49.413345827878132 ], [ 8.649818989920913, 49.413355259157761 ], [ 8.649789975470778, 49.413366600561524 ], [ 8.64976280452259, 49.413379742866759 ], [ 8.649737738746127, 49.413394559507239 ], [ 8.649715019538062, 49.413410907792048 ], [ 8.649694865697215, 49.413428630279725 ], [ 8.649677471317359, 49.413447556294386 ], [ 8.649663003917961, 49.413467503569429 ], [ 8.649651602830794, 49.413488280002817 ], [ 8.649643377857984, 49.413509685507051 ], [ 8.649638408214427, 49.413531513936121 ], [ 8.649636741764754, 49.413553555070756 ], [ 8.64963839456221, 49.413575596642907 ], [ 8.649645741012854, 49.413624363610644 ], [ 8.64964134645567, 49.413628084928789 ], [ 8.64962305346563, 49.413647298334524 ], [ 8.649607811276798, 49.413667613526982 ], [ 8.649595774101112, 49.413688824973512 ], [ 8.649587063725305, 49.413710718073638 ], [ 8.649566963309059, 49.413774218014524 ], [ 8.649562053123224, 49.413794257384019 ], [ 8.649529018117427, 49.413983529161932 ], [ 8.649407945047267, 49.413972837572061 ], [ 8.64914375971451, 49.413947431321027 ], [ 8.649110096131459, 49.413945288428586 ], [ 8.649076272720846, 49.413945308658583 ], [ 8.649042615216162, 49.413947491816167 ], [ 8.649009447753217, 49.413951816876619 ], [ 8.648977089748699, 49.413958242187803 ], [ 8.648945852824184, 49.413966705871211 ], [ 8.648916037805179, 49.413977126418004 ], [ 8.648887931824142, 49.413989403473771 ], [ 8.648861805555329, 49.414003418805116 ], [ 8.648837910608114, 49.414019037438102 ], [ 8.648816477103894, 49.414036108958221 ], [ 8.648797711459896, 49.414054468958824 ], [ 8.648781794401216, 49.414073940624377 ], [ 8.648768879220301, 49.414094336433294 ], [ 8.64875909030054, 49.414115459963817 ], [ 8.648752521918269, 49.414137107785614 ], [ 8.648749237334711, 49.414159071418865 ], [ 8.648749268186549, 49.414181139342077 ], [ 8.648752614181115, 49.414203099029095 ], [ 8.648759243099011, 49.414224738995834 ], [ 8.648769091104242, 49.414245850837055 ], [ 8.648782063358837, 49.414266231233398 ], [ 8.648798034936036, 49.414285683909497 ], [ 8.6488168520233, 49.414304021524245 ], [ 8.648838333403496, 49.414321067475065 ], [ 8.648862272200065, 49.414336657598717 ], [ 8.648888437869317, 49.414350641752364 ], [ 8.648916578420693, 49.414362885259557 ], [ 8.648946422843606, 49.414373270207264 ], [ 8.648977683717485, 49.414381696581586 ], [ 8.649010059979888, 49.414388083230932 ], [ 8.649043239826018, 49.414392368647533 ], [ 8.64930944100179, 49.414417968764845 ], [ 8.649313471383756, 49.414418340503602 ], [ 8.649477672112814, 49.414432840570313 ], [ 8.649479201064445, 49.41443292601155 ], [ 8.649434575001408, 49.414647110338727 ], [ 8.649434273615867, 49.414648593804245 ], [ 8.649410872809439, 49.41476679373384 ], [ 8.649408191071858, 49.414788792194379 ], [ 8.649408827142135, 49.414810856222637 ], [ 8.649412774899005, 49.414832773329906 ], [ 8.64941999632774, 49.414854332442147 ], [ 8.649430421886077, 49.414875325932726 ], [ 8.649443951173803, 49.414895551622003 ], [ 8.649460453899513, 49.414914814724519 ], [ 8.64947977113528, 49.41493292972482 ], [ 8.649501716847121, 49.414949722164231 ], [ 8.649526079686552, 49.41496503032095 ], [ 8.649552625025962, 49.414978706767599 ], [ 8.649581097218205, 49.414990619791155 ], [ 8.649611222058661, 49.415000654661377 ], [ 8.649642709426059, 49.415008714735777 ], [ 8.649675256076588, 49.415014722390467 ], [ 8.649708548564433, 49.415018619767686 ], [ 8.649742266260574, 49.415020369333071 ], [ 8.649776084440777, 49.415019954237088 ], [ 8.649809677413042, 49.415017378477387 ], [ 8.64984272165435, 49.415012666860264 ], [ 8.64987489892655, 49.415005864761767 ], [ 8.649905899341313, 49.414997037690654 ], [ 8.649935424344662, 49.414986270657494 ], [ 8.649963189592333, 49.414973667355909 ], [ 8.649988927688256, 49.414959349163958 ], [ 8.650012390759777, 49.414943453975042 ], [ 8.650033352844844, 49.414926134869972 ], [ 8.650051612068134, 49.414907558642582 ], [ 8.650066992585192, 49.414887904193449 ], [ 8.650079346275815, 49.414867360806795 ], [ 8.650088554170464, 49.414846126327639 ], [ 8.650094527595856, 49.414824405256425 ], [ 8.650117779889493, 49.414706947246842 ], [ 8.650151070060478, 49.414547159286208 ], [ 8.650166782551477, 49.41453850878387 ], [ 8.650168207584356, 49.414537642317811 ], [ 8.65033569934983, 49.414548475563933 ], [ 8.650343686892288, 49.414548931033181 ], [ 8.650367987002294, 49.414550131038865 ], [ 8.650401799006991, 49.414550714839869 ], [ 8.650435535902039, 49.41454913354125 ], [ 8.650468872778294, 49.414545402371985 ], [ 8.650501488579218, 49.414539557265719 ], [ 8.650533069192992, 49.414531654514761 ], [ 8.650563310477725, 49.414521770227857 ], [ 8.650591921190641, 49.414509999597257 ], [ 8.650618625793003, 49.414496455981862 ], [ 8.650643167103782, 49.414481269815489 ], [ 8.650665308776489, 49.414464587350629 ], [ 8.650684837575334, 49.414446569249996 ], [ 8.650701565428772, 49.414427389039069 ], [ 8.650715331240693, 49.41440723143505 ], [ 8.650726002441759, 49.41438629056772 ], [ 8.650733476266026, 49.414364768109976 ], [ 8.65073768074048, 49.414342871335464 ], [ 8.650738575378039, 49.414320811122451 ], [ 8.650736151567292, 49.414298799922967 ], [ 8.650730432655264, 49.414277049716667 ], [ 8.650721473722397, 49.414255769969458 ], [ 8.650709361051945, 49.414235165616226 ], [ 8.650694211298857, 49.414215435087215 ], [ 8.650676170366213, 49.414196768397019 ], [ 8.650655411999981, 49.414179345314821 ], [ 8.650632136115691, 49.414163333632992 ], [ 8.650606566873083, 49.414148887551384 ], [ 8.650578950517319, 49.414136146192227 ], [ 8.650549553007533, 49.414125232260396 ], [ 8.65051865745556, 49.414116250861809 ], [ 8.650486561399493, 49.414109288491147 ], [ 8.650453573938346, 49.414104412198967 ], [ 8.650420012755399, 49.414101668946046 ], [ 8.6503997106607, 49.414100666374011 ], [ 8.650203979405784, 49.414088006618861 ], [ 8.650208160212363, 49.414067117362571 ], [ 8.650208848733858, 49.41406344171768 ], [ 8.650238431102286, 49.413893938206961 ], [ 8.650248646126665, 49.413891024370486 ], [ 8.650441576999178, 49.413877865148166 ], [ 8.650890746026777, 49.41389267184735 ], [ 8.651537276492164, 49.413922501045775 ], [ 8.652134215487834, 49.413955539630138 ], [ 8.652127398546336, 49.414101134190673 ], [ 8.652128025881078, 49.414123198330628 ], [ 8.652131964914545, 49.414145116107115 ], [ 8.652139177716023, 49.414166676439663 ], [ 8.652149594826335, 49.414187671689895 ], [ 8.652163115926628, 49.414207899661236 ], [ 8.652179610804344, 49.414227165546201 ], [ 8.652198920607145, 49.414245283802586 ], [ 8.652220859372626, 49.414262079940322 ], [ 8.652245215819212, 49.41427739220201 ], [ 8.65227175538085, 49.414291073120758 ], [ 8.652300222466044, 49.414302990940442 ], [ 8.652330342919363, 49.414313030884621 ], [ 8.652361826661785, 49.414321096262 ], [ 8.65239437048441, 49.414327109397576 ], [ 8.652427660968661, 49.414331012380813 ], [ 8.652461377504812, 49.414332767623335 ], [ 8.652495195379805, 49.41433235822096 ], [ 8.652528788904574, 49.414329788116504 ], [ 8.652561834550784, 49.414325082061815 ], [ 8.65259401406675, 49.414318285379331 ], [ 8.652625017542535, 49.414309463525676 ], [ 8.652654546394679, 49.414298701461163 ], [ 8.652682316241853, 49.414286102831589 ], [ 8.652708059643686, 49.414271788969955 ], [ 8.652731528676428, 49.414255897728019 ], [ 8.652752497320611, 49.414238582148563 ], [ 8.652770763637744, 49.414220008991471 ], [ 8.652786151715047, 49.414200357127726 ], [ 8.652798513359512, 49.414179815816674 ], [ 8.652807729524998, 49.414158582883374 ], [ 8.652813711458567, 49.414136862813322 ], [ 8.652816401555091, 49.41411486478318 ], [ 8.652822154200098, 49.413991964468103 ], [ 8.652891921613639, 49.413996809428163 ], [ 8.652902626289858, 49.413997442833953 ], [ 8.653252914882806, 49.414014580830596 ], [ 8.653394107930129, 49.414023277149184 ], [ 8.65339551262098, 49.414023361773694 ], [ 8.653409958563792, 49.414024212589496 ], [ 8.653413275170712, 49.414035019000053 ], [ 8.6534231350086, 49.414056128488149 ], [ 8.65343611867304, 49.414076505783541 ], [ 8.653452101127391, 49.414095954640715 ], [ 8.653470928454354, 49.414114287755375 ], [ 8.653492419338184, 49.414131328568246 ], [ 8.653516366810788, 49.414146912965592 ], [ 8.653542540244922, 49.414160890859698 ], [ 8.65357068757524, 49.414173127634413 ], [ 8.65360053772587, 49.414183505441557 ], [ 8.653631803221076, 49.414191924335988 ], [ 8.653664182953905, 49.414198303238138 ], [ 8.65369736508614, 49.41420258071485 ], [ 8.653731030051603, 49.414204715571174 ], [ 8.653932147639825, 49.414210992914747 ], [ 8.653947471295247, 49.414227019792641 ], [ 8.653967985554884, 49.414246180557846 ], [ 8.653991437297343, 49.414263848574819 ], [ 8.65401757317712, 49.414279832976426 ], [ 8.654046110851207, 49.414293961083494 ], [ 8.654076742029229, 49.414306080270144 ], [ 8.654109135803925, 49.41431605961278 ], [ 8.654142942226004, 49.41432379130449 ], [ 8.654177796084751, 49.414329191819675 ], [ 8.654268996480315, 49.414340091869114 ], [ 8.654306110957224, 49.414343180646718 ], [ 8.654343519917202, 49.414343626416667 ], [ 8.654380782514952, 49.414341423925798 ], [ 8.654501783050891, 49.414329923875435 ], [ 8.654533040475924, 49.414325983719507 ], [ 8.654563607338515, 49.41432017868248 ], [ 8.654585583307361, 49.414314524028377 ], [ 8.654783015901943, 49.414400590803865 ], [ 8.654635505274719, 49.414555971444393 ], [ 8.654403871075356, 49.414799855850902 ], [ 8.654389619104121, 49.414802029793272 ], [ 8.654374218784207, 49.414804310046875 ], [ 8.654373153635659, 49.414804541374231 ], [ 8.654372060503269, 49.414804708116556 ], [ 8.654357109678607, 49.41480802577663 ], [ 8.654342126080369, 49.414811279891893 ], [ 8.654341100813538, 49.414811578220963 ], [ 8.654340037994734, 49.41481181406558 ], [ 8.654325657580051, 49.414816071846765 ], [ 8.654311235002337, 49.414820268485208 ], [ 8.654310259490844, 49.414820630943005 ], [ 8.654309237221197, 49.414820933618593 ], [ 8.654295565706969, 49.414826090516335 ], [ 8.654281843045101, 49.414831189262806 ], [ 8.654280926683699, 49.414831612358668 ], [ 8.654279954808002, 49.41483197895036 ], [ 8.654267123856364, 49.414837985301773 ], [ 8.654254233266995, 49.414843937052865 ], [ 8.654253384880708, 49.414844416712171 ], [ 8.654252472758573, 49.414844843689551 ], [ 8.654240605937085, 49.414851641651289 ], [ 8.65422867156378, 49.414858389088558 ], [ 8.654227899323121, 49.414858920691898 ], [ 8.654227055738623, 49.414859403943048 ], [ 8.654219187165083, 49.41486489168269 ], [ 8.654201392189714, 49.414860150880408 ], [ 8.654168577226702, 49.41485380102003 ], [ 8.653985774544843, 49.414824784735217 ], [ 8.653379698681523, 49.414712934703871 ], [ 8.653144957942418, 49.414665711100589 ], [ 8.653112185581056, 49.414660251255668 ], [ 8.653078750785884, 49.414656913480378 ], [ 8.653044975548021, 49.414655729918891 ], [ 8.653011185137053, 49.4146567119694 ], [ 8.652977704968682, 49.41465985017431 ], [ 8.652944857470962, 49.41466511431139 ], [ 8.652912958979304, 49.414672453684823 ], [ 8.652882316690151, 49.41468179761327 ], [ 8.652853225702637, 49.414693056110714 ], [ 8.652825966176728, 49.414706120752932 ], [ 8.65280080063522, 49.414720865721634 ], [ 8.652777971435539, 49.414737149016133 ], [ 8.652757698435741, 49.414754813820856 ], [ 8.652740176877131, 49.414773690015451 ], [ 8.652725575503945, 49.414793595813137 ], [ 8.652714034938164, 49.414814339511295 ], [ 8.652705666325144, 49.414835721337703 ], [ 8.652700550263098, 49.414857535374416 ], [ 8.652698736026739, 49.414879571540759 ], [ 8.652700241092569, 49.414901617616565 ], [ 8.652705050970413, 49.414923461285944 ], [ 8.652713119342787, 49.414944892182049 ], [ 8.652724368510796, 49.414965703912941 ], [ 8.652738690142279, 49.414985696049413 ], [ 8.652755946314958, 49.41500467605514 ], [ 8.652775970844598, 49.415022461141078 ], [ 8.652798570885377, 49.415038880025712 ], [ 8.652823528787041, 49.415053774584784 ], [ 8.65285060419097, 49.415067001374148 ], [ 8.652879536344988, 49.415078433011189 ], [ 8.652910046614593, 49.41508795940171 ], [ 8.652941841166429, 49.415095488800226 ], [ 8.653180442106887, 49.415143489010099 ], [ 8.653188185619108, 49.415144982214571 ], [ 8.653640072387079, 49.415228377277941 ], [ 8.653645229604864, 49.415246358173057 ], [ 8.653654679910213, 49.415267547286724 ], [ 8.653667268055061, 49.415288030029252 ], [ 8.653682872811913, 49.415307609139624 ], [ 8.653701343900998, 49.41532609605914 ], [ 8.653722503437439, 49.415343312747332 ], [ 8.653746147644311, 49.415359093396702 ], [ 8.653772048815092, 49.415373286029535 ], [ 8.653799957506601, 49.415385753961573 ], [ 8.653829604941285, 49.415396377118491 ], [ 8.653850734807902, 49.415402271665876 ], [ 8.653795457173395, 49.415461390309524 ], [ 8.6537790782396, 49.415481043893678 ], [ 8.65335850893705, 49.416051619038697 ], [ 8.653329550845831, 49.41609019678409 ], [ 8.653322512721529, 49.416100183722413 ] ], [ [ 8.653050756164768, 49.413526069396575 ], [ 8.653023306671807, 49.41351317576995 ], [ 8.652994052370875, 49.413502099655375 ], [ 8.652963274994685, 49.413492947720648 ], [ 8.652931270943295, 49.413485808102806 ], [ 8.652898348429709, 49.413480749559376 ], [ 8.652864824511758, 49.413477820806271 ], [ 8.652831022038812, 49.41347705004857 ], [ 8.652797266542738, 49.413478444708993 ], [ 8.652763883102999, 49.41348199135637 ], [ 8.65273119321615, 49.413487655834984 ], [ 8.652699511699806, 49.413495383593521 ], [ 8.652669143660924, 49.413505100210386 ], [ 8.652640381557589, 49.413516712110351 ], [ 8.6526186406186, 49.413527546803209 ], [ 8.652557743438956, 49.413524742762483 ], [ 8.652550248245376, 49.4134277395192 ], [ 8.652547600553829, 49.413391131878875 ], [ 8.652539507904059, 49.413117256789711 ], [ 8.652582490676307, 49.413111847567698 ], [ 8.652593447012711, 49.413116505261407 ], [ 8.652623458716512, 49.413126681985325 ], [ 8.652654854744688, 49.413134890391781 ], [ 8.65268733273312, 49.41314105142829 ], [ 8.652720579897281, 49.413145105759952 ], [ 8.65275427604467, 49.413147014340808 ], [ 8.652788096658586, 49.413146758789921 ], [ 8.652821716023592, 49.41314434156839 ], [ 8.653204417707427, 49.413104341393236 ], [ 8.653238274296939, 49.413099654333728 ], [ 8.653271239690016, 49.41309277541874 ], [ 8.653302981452917, 49.413083774017572 ], [ 8.65333317949186, 49.413072740903324 ], [ 8.653361529281058, 49.413059787337531 ], [ 8.653387744933717, 49.413045043948081 ], [ 8.653411562085036, 49.413028659411864 ], [ 8.653432740558163, 49.41301079895549 ], [ 8.653438211224186, 49.413005080509983 ], [ 8.653586383414282, 49.412987406050547 ], [ 8.653591570951903, 49.412986613862195 ], [ 8.653596828376335, 49.412986050996317 ], [ 8.653597300519865, 49.412985968778536 ], [ 8.653597782515233, 49.412985916260375 ], [ 8.653681789203498, 49.412973972180424 ], [ 8.653716120547012, 49.412969145758083 ], [ 8.653718751813534, 49.412968807452337 ], [ 8.654552721075229, 49.412866195785867 ], [ 8.654616272102968, 49.412858414027035 ], [ 8.6551531903698, 49.412792334927282 ], [ 8.655200498046495, 49.412787972011778 ], [ 8.655718544814903, 49.412740473958827 ], [ 8.655426438457585, 49.413018967805229 ], [ 8.65517138543062, 49.413247400298907 ], [ 8.655052751313564, 49.413352211481239 ], [ 8.65504078753605, 49.413363484973701 ], [ 8.654609885843307, 49.413797200469588 ], [ 8.654512533086834, 49.413759553534035 ], [ 8.654497877580777, 49.413754196635686 ], [ 8.65436827795606, 49.4137094968155 ], [ 8.65435584360913, 49.413705415535944 ], [ 8.654254843928955, 49.413673915665363 ], [ 8.654208698973138, 49.413662101749608 ], [ 8.654072399508705, 49.413634401870567 ], [ 8.654054716078969, 49.413631142827334 ], [ 8.653923116623114, 49.413609342924239 ], [ 8.653890401196294, 49.413605011707148 ], [ 8.653801201589275, 49.413596111747857 ], [ 8.653780085636884, 49.413594438119752 ], [ 8.653458189562942, 49.413575479582732 ], [ 8.653314392420924, 49.413566622873958 ], [ 8.653307771869077, 49.413566257069391 ], [ 8.653098060903776, 49.413555996896157 ], [ 8.653076136497532, 49.413540656363949 ], [ 8.653050756164768, 49.413526069396575 ] ], [ [ 8.653085198589938, 49.412590003524116 ], [ 8.653085113567412, 49.412590011442724 ], [ 8.653085042435883, 49.41259002279827 ], [ 8.653084356061212, 49.412590107517744 ], [ 8.652703463861863, 49.412638704451652 ], [ 8.652626271095595, 49.412648304064213 ], [ 8.652625525518395, 49.412648397338486 ], [ 8.652537760418308, 49.412659442249016 ], [ 8.652541700821025, 49.412419717357992 ], [ 8.652544896738172, 49.412341874111441 ], [ 8.652576524087966, 49.411965839673215 ], [ 8.652576556621755, 49.411965623148454 ], [ 8.652761830007741, 49.411916325831974 ], [ 8.652777214030257, 49.411929664899326 ], [ 8.652800101488397, 49.411945912573671 ], [ 8.652825319547164, 49.411960618273866 ], [ 8.652852625342382, 49.411973640374519 ], [ 8.652881755902984, 49.411984853464354 ], [ 8.652912430683607, 49.411994149553905 ], [ 8.652944354266491, 49.412001439115627 ], [ 8.652977219206619, 49.412006651946172 ], [ 8.653010708992708, 49.412009737842467 ], [ 8.653044501095547, 49.412010667085205 ], [ 8.653078270074284, 49.41200943072517 ], [ 8.653111690710773, 49.412006040669326 ], [ 8.653144441141782, 49.412000529566185 ], [ 8.653176205958856, 49.411992950491396 ], [ 8.653219254934665, 49.411981085843138 ], [ 8.653198616101575, 49.412324369686395 ], [ 8.653190416135926, 49.412460253364266 ], [ 8.653183322044127, 49.412578285272581 ], [ 8.653088518763928, 49.41258959371384 ], [ 8.653085198589938, 49.412590003524116 ] ], [ [ 8.652741300847371, 49.410901829299043 ], [ 8.652733200189351, 49.410807429321487 ], [ 8.652731349899737, 49.41079356755354 ], [ 8.652677435647574, 49.410496366972509 ], [ 8.653211153218729, 49.410420673127028 ], [ 8.653637375762528, 49.410366674307681 ], [ 8.653770478470745, 49.410873919887869 ], [ 8.652712401301519, 49.411143484819718 ], [ 8.652740524818762, 49.410934025755473 ], [ 8.652741300847371, 49.410901829299043 ] ], [ [ 8.646016415509939, 49.419458062655643 ], [ 8.646059141731451, 49.41944108438166 ], [ 8.646257671179203, 49.419400561577497 ], [ 8.646246817053465, 49.419492539740155 ], [ 8.646245878591859, 49.419514599155562 ], [ 8.64624825902369, 49.419536612357305 ], [ 8.646253935428506, 49.419558367346035 ], [ 8.646262853143622, 49.419579654608853 ], [ 8.646274926290408, 49.41960026913705 ], [ 8.646290038601181, 49.419620012400507 ], [ 8.646308044538809, 49.419638694259646 ], [ 8.646328770698217, 49.419656134796703 ], [ 8.646352017476273, 49.419672166048329 ], [ 8.646377560994063, 49.419686633623407 ], [ 8.646405155252939, 49.419699398189813 ], [ 8.646434534503648, 49.4197103368165 ], [ 8.646465415805691, 49.419719344157215 ], [ 8.646497501752302, 49.419726333465285 ], [ 8.646530483334725, 49.419731237428984 ], [ 8.646564042918296, 49.41973400881983 ], [ 8.646597857301572, 49.419734620947423 ], [ 8.646631600829124, 49.419733067916574 ], [ 8.646664948527931, 49.419729364684009 ], [ 8.64669757923722, 49.419723546914348 ], [ 8.646729178701589, 49.419715670636599 ], [ 8.646759442597599, 49.419705811704596 ], [ 8.646788079464701, 49.419694065066381 ], [ 8.646814813512272, 49.419680543849772 ], [ 8.646839387275698, 49.419665378272903 ], [ 8.646861564095941, 49.419648714389979 ], [ 8.646881130398707, 49.419630712684729 ], [ 8.646897897751264, 49.419611546524784 ], [ 8.646911704677084, 49.419591400491974 ], [ 8.646922418210883, 49.419570468604697 ], [ 8.646929935179015, 49.41954895244934 ], [ 8.646934183192968, 49.419527059238874 ], [ 8.646951923862984, 49.419376706488627 ], [ 8.647150004538693, 49.419376910167195 ], [ 8.647154374796399, 49.419385885622681 ], [ 8.647178119110155, 49.419449055591379 ], [ 8.647185243791819, 49.419465334450429 ], [ 8.647341241934599, 49.41977683488453 ], [ 8.647346142581332, 49.419785952193841 ], [ 8.647362687189345, 49.419814736294661 ], [ 8.646271304304172, 49.419736184311759 ], [ 8.646237539421273, 49.419734843277787 ], [ 8.646203735637151, 49.419735667727132 ], [ 8.646170218496287, 49.419738649720017 ], [ 8.646137310782784, 49.419743760538573 ], [ 8.646105329411938, 49.41975095096349 ], [ 8.646074582378318, 49.41976015174788 ], [ 8.646045365789758, 49.419771274284287 ], [ 8.646017961015772, 49.419784211457824 ], [ 8.645992631977915, 49.419798838677814 ], [ 8.645989700253438, 49.419800899783681 ], [ 8.646018202818425, 49.419568429597462 ], [ 8.646019224995957, 49.419545804185809 ], [ 8.646016415509939, 49.419458062655643 ] ], [ [ 8.646623370127934, 49.418926640966774 ], [ 8.646622177648627, 49.418926687627994 ], [ 8.646615048987988, 49.418926765272609 ], [ 8.646273250547258, 49.418934565240804 ], [ 8.646242534813879, 49.418936165179325 ], [ 8.6462121608191, 49.418939548214496 ], [ 8.646182371283004, 49.418944687312319 ], [ 8.646091617159936, 49.418963211564005 ], [ 8.646087858052308, 49.418961361263726 ], [ 8.646058988028523, 49.418949860546491 ], [ 8.646028529098933, 49.418940261272702 ], [ 8.645996774596934, 49.418932655887467 ], [ 8.645964030332358, 49.418927117633885 ], [ 8.645930611646495, 49.418923699847625 ], [ 8.645896840375325, 49.418922435443434 ], [ 8.645863041750244, 49.418923336598006 ], [ 8.64582954126605, 49.418926394632884 ], [ 8.645796661546441, 49.418931580097819 ], [ 8.645764719237128, 49.41893884305469 ], [ 8.645734021956521, 49.418948113558066 ], [ 8.645704865333325, 49.418959302329064 ], [ 8.645677530159583, 49.418972301614964 ], [ 8.645652279686589, 49.418986986226855 ], [ 8.645629357089675, 49.419003214745366 ], [ 8.64560898312633, 49.41902083088241 ], [ 8.645591354010161, 49.419039664986343 ], [ 8.645576639521217, 49.419059535675721 ], [ 8.645564981370812, 49.419080251586095 ], [ 8.645556491836697, 49.419101613212852 ], [ 8.645553143864058, 49.419115545082569 ], [ 8.645495374515267, 49.419138501061177 ], [ 8.645488076877617, 49.419125468811785 ], [ 8.645473411380779, 49.41910558270795 ], [ 8.645455828700735, 49.419086730129855 ], [ 8.645435498170361, 49.419069092636846 ], [ 8.645412615585032, 49.419052840086238 ], [ 8.645387401316945, 49.41903812899757 ], [ 8.645360098192802, 49.419025101045229 ], [ 8.645330969155284, 49.419013881694127 ], [ 8.645300294730813, 49.419004578991512 ], [ 8.645268370328008, 49.418997282526341 ], [ 8.645235503392859, 49.41899206256673 ], [ 8.645202010447976, 49.418988969383008 ], [ 8.645168214044459, 49.418988032763849 ], [ 8.64513443965572, 49.418989261729273 ], [ 8.645101012543169, 49.418992644443804 ], [ 8.645068254623926, 49.41899814833053 ], [ 8.645036481370765, 49.419005720384618 ], [ 8.645005998774074, 49.419015287684033 ], [ 8.644977100395133, 49.419026758091526 ], [ 8.644950064539074, 49.419040021142116 ], [ 8.64492515157472, 49.419054949106723 ], [ 8.644902601427143, 49.419071398222329 ], [ 8.644882631267073, 49.419089210076386 ], [ 8.644865433419399, 49.419108213132382 ], [ 8.644851173510931, 49.419128224381744 ], [ 8.644839988875233, 49.419149051106338 ], [ 8.64483198722993, 49.419170492734288 ], [ 8.644827245639179, 49.41919234277173 ], [ 8.644825809771357, 49.419214390791197 ], [ 8.644826018207407, 49.419234908452609 ], [ 8.644801231427918, 49.419236211957873 ], [ 8.644494987587684, 49.419235860931757 ], [ 8.644595724959062, 49.419065387017341 ], [ 8.644597955971289, 49.419061505293428 ], [ 8.644635555588371, 49.418994205188149 ], [ 8.644645635098012, 49.418972949253053 ], [ 8.644652445384166, 49.418951147538799 ], [ 8.644661469033057, 49.418912598812959 ], [ 8.644675632376615, 49.418898778733968 ], [ 8.644781334007959, 49.418814453558404 ], [ 8.644783695532425, 49.418812548526283 ], [ 8.644823112922627, 49.41878039394787 ], [ 8.644863765488619, 49.418756012415216 ], [ 8.644935377422744, 49.418725321544194 ], [ 8.644983765880957, 49.418707982331384 ], [ 8.644987886270789, 49.418718433541891 ], [ 8.644999482826703, 49.418739164141989 ], [ 8.645014138225807, 49.41875905338032 ], [ 8.645031711331383, 49.418777909711523 ], [ 8.645052032906877, 49.418795551537521 ], [ 8.645074907245663, 49.418811808956534 ], [ 8.645100114055744, 49.418826525399282 ], [ 8.645127410581289, 49.418839559136956 ], [ 8.645156533940504, 49.418850784646168 ], [ 8.645187203657386, 49.418860093817848 ], [ 8.645219124362942, 49.4188673969985 ], [ 8.645251988639872, 49.418872623853552 ], [ 8.645285479983279, 49.418875724044923 ], [ 8.645319275848951, 49.418876667715629 ], [ 8.645353050759802, 49.418875445777473 ], [ 8.645386479440553, 49.41887206999855 ], [ 8.645419239950497, 49.418866572889861 ], [ 8.64545101678411, 49.418859007392271 ], [ 8.645481503909703, 49.418849446366572 ], [ 8.645510407716799, 49.418837981891798 ], [ 8.64553744984388, 49.418824724378347 ], [ 8.645562369859226, 49.418809801504722 ], [ 8.645584927769074, 49.418793356987784 ], [ 8.645604906328892, 49.418775549198642 ], [ 8.645622113135559, 49.418756549637415 ], [ 8.645636382480255, 49.41873654128154 ], [ 8.645647576944238, 49.418715716823513 ], [ 8.645655588722168, 49.418694276815152 ], [ 8.645660340660177, 49.418672427736169 ], [ 8.645661786998776, 49.418650380005502 ], [ 8.645661633097133, 49.41863448610961 ], [ 8.646293803578002, 49.418626227109748 ], [ 8.646300676696587, 49.418626092533572 ], [ 8.646725275680804, 49.41861501156135 ], [ 8.646885186163713, 49.418926892964507 ], [ 8.646627644640869, 49.418926628082097 ], [ 8.646624308923435, 49.418926664414379 ], [ 8.646623370127934, 49.418926640966774 ] ], [ [ 8.646447461606533, 49.418141842160637 ], [ 8.646462173404387, 49.418124802741609 ], [ 8.646488143314647, 49.418171095973968 ], [ 8.646410681686399, 49.418173117531722 ], [ 8.646428051732068, 49.418159915528484 ], [ 8.646447461606533, 49.418141842160637 ] ], [ [ 8.645335641867856, 49.417885026041425 ], [ 8.645235881036585, 49.417982495175423 ], [ 8.645063465618195, 49.418134122846929 ], [ 8.64504118286624, 49.418156351622542 ], [ 8.645023072928135, 49.418180139348827 ], [ 8.644990454429633, 49.418230206763134 ], [ 8.644953974206903, 49.418237588180709 ], [ 8.644909018372759, 49.418219781277443 ], [ 8.644875527882114, 49.418203578023153 ], [ 8.645045019618392, 49.418048389885705 ], [ 8.645045234693923, 49.41804819273473 ], [ 8.64538164190323, 49.41773946805715 ], [ 8.645820966888657, 49.417337923773069 ], [ 8.645822003403261, 49.417337694771234 ], [ 8.645829722890268, 49.417336274472198 ], [ 8.646028679438531, 49.41729268761879 ], [ 8.646140182086278, 49.417516764870044 ], [ 8.645943194174855, 49.417517028224907 ], [ 8.645908573191983, 49.417518211914015 ], [ 8.645874309581815, 49.417521658494394 ], [ 8.645840749961607, 49.417527333099741 ], [ 8.645806050098333, 49.417534433069363 ], [ 8.64577497820637, 49.417541877407018 ], [ 8.645745144109883, 49.41755123184911 ], [ 8.645716822940221, 49.417562410128802 ], [ 8.645690275876976, 49.41757530915968 ], [ 8.645665747739454, 49.417589809986531 ], [ 8.645638247740472, 49.417607709929136 ], [ 8.645616555468735, 49.4176232135733 ], [ 8.645597173622205, 49.417639969286867 ], [ 8.645421413835415, 49.417807654047678 ], [ 8.645343366184031, 49.417877790453417 ], [ 8.645341275199319, 49.417879749138635 ], [ 8.645340596705484, 49.417880315690759 ], [ 8.645339848647463, 49.417881085430579 ], [ 8.645335641867856, 49.417885026041425 ] ], [ [ 8.645350676785773, 49.413244272450434 ], [ 8.645353610227552, 49.413222287671886 ], [ 8.645353226808776, 49.413200221157233 ], [ 8.645352009216019, 49.41319299588983 ], [ 8.645365491160661, 49.413195506299871 ], [ 8.645398768664652, 49.413199453338677 ], [ 8.645432478887901, 49.413201253205386 ], [ 8.645466297178148, 49.413200888566067 ], [ 8.645499897842326, 49.413198362932398 ], [ 8.645532957283343, 49.413193700627971 ], [ 8.645565157116655, 49.413186946553886 ], [ 8.645596187236642, 49.41317816575642 ], [ 8.645625748803237, 49.413167442800464 ], [ 8.645653557120038, 49.41315488095519 ], [ 8.645679344376173, 49.413140601199352 ], [ 8.645702862225532, 49.413124741056237 ], [ 8.645723884178498, 49.413107453269141 ], [ 8.64574220778317, 49.413088904330273 ], [ 8.645757656575039, 49.413069272877408 ], [ 8.645770081776373, 49.413048747973313 ], [ 8.645779363728924, 49.413027527285038 ], [ 8.645785413046182, 49.413005815180171 ], [ 8.64578817147407, 49.412983820758683 ], [ 8.645787612451802, 49.412961755839085 ], [ 8.645783741367511, 49.412939832918603 ], [ 8.645778479769708, 49.412923950778598 ], [ 8.645795964396346, 49.412940759586341 ], [ 8.645817609862862, 49.412957716622316 ], [ 8.645841698526663, 49.41297320772717 ], [ 8.645867998400702, 49.412987083711691 ], [ 8.645896256201901, 49.412999210941102 ], [ 8.64592619979044, 49.413009472622292 ], [ 8.645957540790679, 49.413017769928402 ], [ 8.645989977368481, 49.413024022950879 ], [ 8.646023197138151, 49.413028171468895 ], [ 8.646056880171013, 49.413030175529407 ], [ 8.646090702076688, 49.413030015831971 ], [ 8.646124337127283, 49.413027693914536 ], [ 8.646157461394534, 49.413023232138755 ], [ 8.646189755869544, 49.413016673474516 ], [ 8.646220909535204, 49.413008081086147 ], [ 8.64625062236157, 49.41299753772406 ], [ 8.646278608195457, 49.412985144927838 ], [ 8.646304597516327, 49.412971022048168 ], [ 8.646328340031998, 49.412955305097533 ], [ 8.646349607089109, 49.412938145440194 ], [ 8.646368193875196, 49.412919708334449 ], [ 8.646383921391088, 49.412900171341022 ], [ 8.646396638174725, 49.41287972261302 ], [ 8.646406221759701, 49.412858559083901 ], [ 8.646412579854578, 49.412836884570787 ], [ 8.646415651231553, 49.412814907811629 ], [ 8.646415406315953, 49.412792840454927 ], [ 8.646415111450976, 49.412791022185338 ], [ 8.646427760228631, 49.41280413045326 ], [ 8.646449609203934, 49.412822320958412 ], [ 8.646474204335734, 49.412838952227467 ], [ 8.64656140437042, 49.41289215240355 ], [ 8.646586365249073, 49.412905990521729 ], [ 8.646613226791679, 49.412918220125057 ], [ 8.646638450458454, 49.41292751607218 ], [ 8.645751050767826, 49.413164682756161 ], [ 8.645342284967706, 49.413270828458039 ], [ 8.645344454729715, 49.413265963767195 ], [ 8.645350676785773, 49.413244272450434 ] ], [ [ 8.647863918360919, 49.411637206596758 ], [ 8.648041685937578, 49.411934768721771 ], [ 8.648133987809484, 49.4120892760007 ], [ 8.64804027498214, 49.412236974030961 ], [ 8.647578272343756, 49.412401601481861 ], [ 8.646995023807744, 49.412536954932236 ], [ 8.646993606499983, 49.412536594599949 ], [ 8.646907308247934, 49.412406214453839 ], [ 8.64691775691364, 49.412405921843707 ], [ 8.646951243289099, 49.412402819035542 ], [ 8.646984102290729, 49.412397589610038 ], [ 8.647016017464429, 49.412390283930051 ], [ 8.647046681446154, 49.412380972354185 ], [ 8.647075798922121, 49.412369744559093 ], [ 8.647103089472962, 49.41235670867583 ], [ 8.647128290274397, 49.412341990248471 ], [ 8.647151158628429, 49.412325731024907 ], [ 8.64717147430067, 49.412308087591811 ], [ 8.647189041641314, 49.412289229866445 ], [ 8.647203691469302, 49.412269339460302 ], [ 8.647215282701543, 49.412248607930032 ], [ 8.647223703711528, 49.412227234932473 ], [ 8.647228873404213, 49.41220542630203 ], [ 8.647230685487566, 49.412184058419413 ], [ 8.647304232772122, 49.412165014032048 ], [ 8.647335019698625, 49.412155876992642 ], [ 8.647364285753683, 49.41214481502174 ], [ 8.64739174908696, 49.412131934653424 ], [ 8.647417145210119, 49.412117359934015 ], [ 8.647440229544021, 49.412101231227474 ], [ 8.647460779774205, 49.412083703863495 ], [ 8.647478597991865, 49.412064946641564 ], [ 8.647493512599793, 49.412045140205258 ], [ 8.647505379964858, 49.412024475302566 ], [ 8.647514085801195, 49.412003150948706 ], [ 8.647519546270685, 49.411981372509615 ], [ 8.647521708790228, 49.411959349724029 ], [ 8.647520552537982, 49.411937294683604 ], [ 8.647519869641746, 49.411933948207441 ], [ 8.647519961059109, 49.411933895564545 ], [ 8.647543003584641, 49.411917741478348 ], [ 8.647563508404248, 49.411900191525163 ], [ 8.647581278046474, 49.411881414722039 ], [ 8.647596141381928, 49.41186159190115 ], [ 8.647607955271278, 49.41184091396822 ], [ 8.647616605943663, 49.411819580064012 ], [ 8.647622010092231, 49.4117977956464 ], [ 8.647624115676292, 49.411775770511689 ], [ 8.647622902422327, 49.411753716774172 ], [ 8.647618382019068, 49.41173184682328 ], [ 8.647610598004764, 49.41171037127824 ], [ 8.6475996253477, 49.41168949695966 ], [ 8.647585569724086, 49.411669424897738 ], [ 8.647577446926411, 49.411660311651808 ], [ 8.647582197719272, 49.411640872562884 ], [ 8.64758422428997, 49.411618844272702 ], [ 8.647582931939796, 49.411596792447654 ], [ 8.64757833311922, 49.411574929458801 ], [ 8.64757047212168, 49.411553465858269 ], [ 8.647559424656849, 49.411532608351663 ], [ 8.647545297121363, 49.411512557807271 ], [ 8.647528225574012, 49.411493507321708 ], [ 8.647508374425325, 49.411475640360315 ], [ 8.647500372961439, 49.411469752764276 ], [ 8.647499425863174, 49.411454924227783 ], [ 8.647494712157947, 49.411433071658649 ], [ 8.647486738403879, 49.411411625775898 ], [ 8.647475581396538, 49.411390793114393 ], [ 8.647461348587491, 49.411370774303208 ], [ 8.64744417704935, 49.411351762133343 ], [ 8.647424232155579, 49.411333939701095 ], [ 8.647418855937749, 49.411330011015821 ], [ 8.647417837057912, 49.411316019318221 ], [ 8.647412928244176, 49.411294185045598 ], [ 8.647404763079143, 49.411272769850086 ], [ 8.64739342020175, 49.411251979971048 ], [ 8.647379008853562, 49.411232015625494 ], [ 8.64736166782658, 49.411213069079878 ], [ 8.647354457574073, 49.411206704322694 ], [ 8.647382832896611, 49.411203780805899 ], [ 8.647561653745885, 49.41119185456742 ], [ 8.647863918360919, 49.411637206596758 ] ], [ [ 8.648349544669678, 49.411242010168344 ], [ 8.648317193240803, 49.411194344963199 ], [ 8.648364958675598, 49.411193589778975 ], [ 8.64836015885864, 49.4112086724462 ], [ 8.648349544669678, 49.411242010168344 ] ], [ [ 8.649612160705786, 49.410896254844509 ], [ 8.649649941338645, 49.410891350956526 ], [ 8.64965318226812, 49.41089091972718 ], [ 8.64987460028833, 49.410860735384766 ], [ 8.649909836259942, 49.410856156581524 ], [ 8.649934132475636, 49.410942358027782 ], [ 8.64992612449778, 49.41094430200507 ], [ 8.649896673097068, 49.410953612471438 ], [ 8.649868707903659, 49.41096470365386 ], [ 8.649842481074602, 49.410977475545607 ], [ 8.649818229093016, 49.410991812985259 ], [ 8.649796170635801, 49.411007586695078 ], [ 8.649776504601867, 49.411024654446642 ], [ 8.649759408318667, 49.411042862343244 ], [ 8.649745035943228, 49.41106204620759 ], [ 8.649733517072058, 49.411082033062009 ], [ 8.6497249555725, 49.411102642688228 ], [ 8.649719428646078, 49.411123689252278 ], [ 8.649716986132237, 49.411144982980183 ], [ 8.649717650058827, 49.411166331869076 ], [ 8.649744848240557, 49.411427731945203 ], [ 8.649767949518438, 49.411649359081608 ], [ 8.64978085315442, 49.411772802173623 ], [ 8.649785073748617, 49.411795739328134 ], [ 8.649792878804645, 49.411818272905329 ], [ 8.649804185951673, 49.411840165082616 ], [ 8.64986028544134, 49.411932765235662 ], [ 8.649863392603436, 49.411937720647607 ], [ 8.649940774164493, 49.412057057253904 ], [ 8.649609155521308, 49.412145779038589 ], [ 8.64947596626064, 49.412178448085427 ], [ 8.649494182172766, 49.412171750845793 ], [ 8.649522346999296, 49.412158822031557 ], [ 8.649548393772628, 49.412144123865886 ], [ 8.649572062446637, 49.412127803093583 ], [ 8.649593116718574, 49.41211002265932 ], [ 8.649611346388237, 49.412090960080597 ], [ 8.649626569456546, 49.412070805675505 ], [ 8.649638633942471, 49.412049760662562 ], [ 8.649647419400287, 49.412028035151693 ], [ 8.649652838121927, 49.41200584604649 ], [ 8.649654836012481, 49.411983414878769 ], [ 8.649653393130093, 49.411960965596698 ], [ 8.649600622568896, 49.411587324850686 ], [ 8.649563823768887, 49.411215990616697 ], [ 8.649560686161436, 49.411196957109219 ], [ 8.649555078869806, 49.411178166691663 ], [ 8.649505678003697, 49.4110434668317 ], [ 8.649465943101834, 49.410935266742015 ], [ 8.649512843944416, 49.410920490288028 ], [ 8.649565965125184, 49.410905459871358 ], [ 8.649612160705786, 49.410896254844509 ] ], [ [ 8.645399226790609, 49.412398289761057 ], [ 8.645370324341684, 49.412388098396825 ], [ 8.645340065981463, 49.412379748875502 ], [ 8.645308726649921, 49.412373317064137 ], [ 8.645276591108786, 49.412368861404666 ], [ 8.645243951354166, 49.412366422382924 ], [ 8.64521110396346, 49.412366022160782 ], [ 8.645178347400641, 49.412367664374813 ], [ 8.645145979304427, 49.412371334103213 ], [ 8.645114293783914, 49.41237699800142 ], [ 8.644852725207606, 49.412432624289764 ], [ 8.644842335211035, 49.412412803623795 ], [ 8.645404339814894, 49.412270754573633 ], [ 8.645523929125039, 49.412483955870151 ], [ 8.645514769583931, 49.412473098465497 ], [ 8.645496259024853, 49.412455389226118 ], [ 8.645475248251886, 49.412438910397292 ], [ 8.645451928180325, 49.412423811712742 ], [ 8.645426510708148, 49.412410230365424 ], [ 8.645399226790609, 49.412398289761057 ] ], [ [ 8.644909405510793, 49.412893602273655 ], [ 8.645014659889, 49.412871218592208 ], [ 8.645085904433998, 49.412994665191128 ], [ 8.645055904849025, 49.412991001872022 ], [ 8.645022209546239, 49.412989087842973 ], [ 8.644988388956198, 49.412989337905032 ], [ 8.644954768785233, 49.41299174964999 ], [ 8.644921672809623, 49.412996299851734 ], [ 8.644889419757636, 49.413002944689893 ], [ 8.644507471296325, 49.413095309083054 ], [ 8.644444646323761, 49.412989814490572 ], [ 8.64473172479971, 49.412922632074597 ], [ 8.64488454954023, 49.412898223186687 ], [ 8.644909405510793, 49.412893602273655 ] ], [ [ 8.645265310329084, 49.419660178776674 ], [ 8.645316344689471, 49.419652065620653 ], [ 8.645299858012795, 49.419786517866847 ], [ 8.645287208989782, 49.419787542871426 ], [ 8.645253065300325, 49.419791455616313 ], [ 8.645219696700558, 49.419797585836761 ], [ 8.645158696935381, 49.419810985779762 ], [ 8.645125595115136, 49.419819522348654 ], [ 8.645094019190854, 49.419830240303028 ], [ 8.645064305850864, 49.419843025359633 ], [ 8.645036771923854, 49.419857741194036 ], [ 8.64498587195467, 49.419887941092874 ], [ 8.644964116900303, 49.419902052641753 ], [ 8.644944371305314, 49.419917370172868 ], [ 8.644926791579339, 49.419933772353829 ], [ 8.644911516976267, 49.419951129260483 ], [ 8.644898668491152, 49.419969303406006 ], [ 8.644870068245037, 49.420015003327201 ], [ 8.644867428560953, 49.420019819601833 ], [ 8.644718319825339, 49.420021564008806 ], [ 8.644716160419703, 49.420021593684751 ], [ 8.644307460726429, 49.420028045315433 ], [ 8.644046376437846, 49.420022875359535 ], [ 8.644210417399066, 49.419726309471002 ], [ 8.644239150578294, 49.419676557938566 ], [ 8.644339558373382, 49.419684025123772 ], [ 8.644377993337324, 49.419685471806325 ], [ 8.644814195330428, 49.419685971813088 ], [ 8.644842496247442, 49.419685245104951 ], [ 8.645211397917631, 49.419665845021129 ], [ 8.645238526393223, 49.419663709468061 ], [ 8.645241274101494, 49.419663347261775 ], [ 8.64524342865637, 49.419663170546954 ], [ 8.645250017637247, 49.419662194678132 ], [ 8.645265310329084, 49.419660178776674 ] ], [ [ 8.648534808804087, 49.410578717494808 ], [ 8.648535833505743, 49.410600114356555 ], [ 8.64853997180435, 49.410621350685275 ], [ 8.648547186200243, 49.41064223402504 ], [ 8.648552714780969, 49.410653232176948 ], [ 8.648536827091885, 49.410650467543228 ], [ 8.648416478828636, 49.410539713233767 ], [ 8.64844112057623, 49.410530034031645 ], [ 8.648577502865306, 49.410470325779571 ], [ 8.648579384368547, 49.410472087276204 ], [ 8.648575728991927, 49.410476064763337 ], [ 8.6485616083854, 49.410495387878093 ], [ 8.648550367770744, 49.410515499548346 ], [ 8.648542109019864, 49.410536217511563 ], [ 8.648536906981759, 49.410557354010535 ], [ 8.648534808804087, 49.410578717494808 ] ], [ [ 8.648736140753444, 49.412349703827211 ], [ 8.648768079426524, 49.412355146277704 ], [ 8.6487866147754, 49.412357093560857 ], [ 8.648694649397452, 49.412381430916902 ], [ 8.648717593344717, 49.412345268893347 ], [ 8.648736140753444, 49.412349703827211 ] ], [ [ 8.651475531517486, 49.410723794050767 ], [ 8.651414755540642, 49.410732728719239 ], [ 8.6506160726417, 49.41084135914209 ], [ 8.650606857559691, 49.410842613011454 ], [ 8.650585746667939, 49.410767716785656 ], [ 8.650593115807863, 49.410766723610621 ], [ 8.651408697029256, 49.410656774321779 ], [ 8.651421367418617, 49.410674563700631 ], [ 8.651438558803017, 49.410693568149185 ], [ 8.651458522276286, 49.410711381606312 ], [ 8.651475531517486, 49.410723794050767 ] ], [ [ 8.650605233453117, 49.411510098107463 ], [ 8.650639045980837, 49.411509582692204 ], [ 8.650672618261931, 49.411506907302268 ], [ 8.650705626972657, 49.411502097703433 ], [ 8.650840827524011, 49.411477797598558 ], [ 8.650868177242399, 49.411471904492508 ], [ 8.650851775380946, 49.41148883851659 ], [ 8.650836596127052, 49.411508559125494 ], [ 8.65082445244194, 49.411529155547122 ], [ 8.650815461279223, 49.411550429427663 ], [ 8.650809709232526, 49.411572175888757 ], [ 8.65080725170138, 49.41159418550059 ], [ 8.650808112357552, 49.411616246298792 ], [ 8.650810531441889, 49.411628948864156 ], [ 8.650470895123267, 49.411717225172019 ], [ 8.650464901734786, 49.411707332454675 ], [ 8.650455648029631, 49.411618818369263 ], [ 8.650441144883917, 49.411479697948842 ], [ 8.65044387024707, 49.411480826969708 ], [ 8.650474062559276, 49.411490772375863 ], [ 8.650505603525476, 49.411498738963346 ], [ 8.650538189385641, 49.411504650008588 ], [ 8.650571506316332, 49.41150844858425 ], [ 8.650605233453117, 49.411510098107463 ] ], [ [ 8.651092285744518, 49.411283021441029 ], [ 8.651093941341703, 49.411260496231399 ], [ 8.651092130928525, 49.411237976093155 ], [ 8.651091684257771, 49.411236082738604 ], [ 8.651558131415454, 49.411172640332467 ], [ 8.651563549346779, 49.41117187368927 ], [ 8.652025791017486, 49.411103919591234 ], [ 8.65201736377637, 49.411166677684626 ], [ 8.651985794742492, 49.411328469981633 ], [ 8.651508841772001, 49.411449654100892 ], [ 8.651432137433085, 49.411469156196361 ], [ 8.651423305413461, 49.411460989656334 ], [ 8.651401190592676, 49.411444292792197 ], [ 8.651376674026791, 49.411429090656235 ], [ 8.651349991823531, 49.411415529651869 ], [ 8.651321400946024, 49.411403740377594 ], [ 8.651291176738155, 49.411393836369257 ], [ 8.651259610272927, 49.411385913006733 ], [ 8.651227005549371, 49.41138004659534 ], [ 8.651193676564986, 49.411376293631093 ], [ 8.651159944291933, 49.411374690256601 ], [ 8.651126133586043, 49.411375251913007 ], [ 8.651092570058459, 49.411377973191335 ], [ 8.651059576939989, 49.411382827884509 ], [ 8.651033052318313, 49.411388562722884 ], [ 8.651033801105973, 49.411387919878727 ], [ 8.651051853069443, 49.411368689225348 ], [ 8.651066862278528, 49.4113483755578 ], [ 8.651078677790618, 49.411327183169043 ], [ 8.651087180782367, 49.411305325188977 ], [ 8.651092285744518, 49.411283021441029 ] ], [ [ 8.651073928592314, 49.413065179477961 ], [ 8.651084766857034, 49.413073198297042 ], [ 8.651093574636214, 49.413079755039455 ], [ 8.651000006856114, 49.413077319004444 ], [ 8.650999822999278, 49.413064914580012 ], [ 8.651002197677599, 49.413064584838487 ], [ 8.651034430200589, 49.413057897626423 ], [ 8.651058443118703, 49.41305116164645 ], [ 8.651063733301783, 49.413055950450264 ], [ 8.651073274134053, 49.413064642811861 ], [ 8.651073620938798, 49.413064900982434 ], [ 8.651073928592314, 49.413065179477961 ] ], [ [ 8.651691013960338, 49.412599435010243 ], [ 8.651690270851923, 49.412597136716414 ], [ 8.651689801976943, 49.412594807845984 ], [ 8.651686781474192, 49.412586344730848 ], [ 8.651684032387745, 49.41257784232625 ], [ 8.651682947594372, 49.412575602622994 ], [ 8.651682131120156, 49.412573314952404 ], [ 8.651677853783399, 49.412565085758374 ], [ 8.651673840653119, 49.412556800105833 ], [ 8.65167242462236, 49.412554640562647 ], [ 8.651671268412398, 49.412552416123319 ], [ 8.65166577543617, 49.412544500101639 ], [ 8.651660536912084, 49.41253651099624 ], [ 8.651658803281476, 49.412534452410647 ], [ 8.65165731847102, 49.41253231262499 ], [ 8.651650662756875, 49.412524786010799 ], [ 8.651644249290014, 49.412517170391645 ], [ 8.651642214755649, 49.41251523258881 ], [ 8.651640415644529, 49.41251319806404 ], [ 8.651632661291432, 49.412506133342134 ], [ 8.651625134648013, 49.412498964551467 ], [ 8.651622818803856, 49.412497166193397 ], [ 8.651620722718619, 49.412495256522902 ], [ 8.651611944405962, 49.412488721729986 ], [ 8.651603377072151, 49.412482068806526 ], [ 8.651600802221024, 49.412480427212117 ], [ 8.651598429348375, 49.412478660787066 ], [ 8.651588711616457, 49.412472718856222 ], [ 8.651579186100557, 49.412466645870687 ], [ 8.651576377039795, 49.412465176849288 ], [ 8.651573750231741, 49.412463570681105 ], [ 8.651563186667838, 49.412458278835921 ], [ 8.651552794705426, 49.412452844273808 ], [ 8.651549778487389, 49.412451561972574 ], [ 8.651546923041826, 49.412450131529589 ], [ 8.651535615378801, 49.412445540732918 ], [ 8.651524457049366, 49.412440796931421 ], [ 8.651521262721911, 49.41243971369957 ], [ 8.651518206138002, 49.412438472757458 ], [ 8.65150626327339, 49.4124346272203 ], [ 8.651494446037715, 49.412430619864686 ], [ 8.651491104363735, 49.412429746134215 ], [ 8.6514878760778, 49.41242870664378 ], [ 8.651475413026771, 49.412425643400269 ], [ 8.651463050690378, 49.412422411083149 ], [ 8.651459593851573, 49.412421755268412 ], [ 8.651456224953588, 49.41242092724044 ], [ 8.651443361740743, 49.412418675790867 ], [ 8.65143057335851, 49.412416249640856 ], [ 8.651427034645936, 49.412415818057653 ], [ 8.651423557579665, 49.41241520946636 ], [ 8.651410418082742, 49.41241379149308 ], [ 8.651397326812827, 49.412412194875088 ], [ 8.651393740305622, 49.412411991679711 ], [ 8.651390188556862, 49.41241160838613 ], [ 8.651376899315613, 49.412411037544913 ], [ 8.651363631231598, 49.412410285834909 ], [ 8.650940931534988, 49.412399929948528 ], [ 8.650916023117764, 49.412399149598443 ], [ 8.651870918461061, 49.412147409950848 ], [ 8.651856368244179, 49.412320376485305 ], [ 8.651855973944368, 49.412326676848245 ], [ 8.651852573365389, 49.41240947683692 ], [ 8.651852469544041, 49.412413086937313 ], [ 8.65184767575203, 49.412704481833295 ], [ 8.651693661382961, 49.412703115328512 ], [ 8.651695304073909, 49.412638744147841 ], [ 8.651694872127372, 49.412630059171306 ], [ 8.651694718130466, 49.412621370208996 ], [ 8.651694323863985, 49.412619035458349 ], [ 8.651694207104221, 49.412616687816374 ], [ 8.651692472526245, 49.412608072284435 ], [ 8.651691013960338, 49.412599435010243 ] ], [ [ 8.65148941750644, 49.41328248530138 ], [ 8.651487716117877, 49.413271868865706 ], [ 8.651487605072836, 49.41327151572888 ], [ 8.651487545854062, 49.413271157313197 ], [ 8.651484206460237, 49.41326070772481 ], [ 8.651480918376549, 49.413250251216205 ], [ 8.651480754815188, 49.413249906881333 ], [ 8.651480642037447, 49.413249553978666 ], [ 8.65147574890357, 49.413239368267952 ], [ 8.651470905792632, 49.413229172388036 ], [ 8.651470691290209, 49.413228840171257 ], [ 8.651470526039665, 49.41322849618021 ], [ 8.651464126290595, 49.413218672439776 ], [ 8.651457774796453, 49.413208835381027 ], [ 8.651457511418828, 49.413208518481788 ], [ 8.651457295286964, 49.413208186715131 ], [ 8.651449450557749, 49.413198819553259 ], [ 8.651441651849803, 49.413189436050644 ], [ 8.651441342133424, 49.413189137520753 ], [ 8.651441077201818, 49.413188821173669 ], [ 8.651431863042594, 49.41318000080048 ], [ 8.651422692227905, 49.413171161221868 ], [ 8.651422339155648, 49.413170883936417 ], [ 8.651422027975668, 49.413170586055351 ], [ 8.651411533125181, 49.413162397415611 ], [ 8.651401078523953, 49.413154186889919 ], [ 8.651400685495943, 49.413153933519155 ], [ 8.651400331064613, 49.413153656973009 ], [ 8.651395015529774, 49.413150252123479 ], [ 8.651851163464023, 49.413154299341372 ], [ 8.651858506782636, 49.41340293302693 ], [ 8.651858825768336, 49.413409198260922 ], [ 8.651861725488413, 49.413449298268858 ], [ 8.651861779505037, 49.413450020585771 ], [ 8.651864811566957, 49.413489268817898 ], [ 8.651593133917443, 49.413474232367719 ], [ 8.651588309968293, 49.413473987602877 ], [ 8.651481317572982, 49.413469051259469 ], [ 8.651491436783479, 49.413315884687364 ], [ 8.651491433463486, 49.413315524201295 ], [ 8.651491482552505, 49.413315165134662 ], [ 8.651491331852734, 49.413304491268384 ], [ 8.651491233546556, 49.413293817147313 ], [ 8.651491176087323, 49.413293458609424 ], [ 8.651491170997902, 49.413293098132471 ], [ 8.65148941750644, 49.41328248530138 ] ], [ [ 8.650677499947326, 49.42010035625502 ], [ 8.65113541579418, 49.420179985141168 ], [ 8.651271871465624, 49.420203714119687 ], [ 8.651156247223641, 49.420441179387659 ], [ 8.650538172362845, 49.420339284404129 ], [ 8.64993647497954, 49.420240048878483 ], [ 8.64998600929283, 49.420077610719744 ], [ 8.650007709992781, 49.420017459925305 ], [ 8.650019335457149, 49.41998861622158 ], [ 8.650677499947326, 49.42010035625502 ] ], [ [ 8.65144813766168, 49.41940119014469 ], [ 8.651452718698801, 49.419401980925365 ], [ 8.651631312207659, 49.419431953964903 ], [ 8.65152457493441, 49.419652633431383 ], [ 8.651520995393192, 49.419660535789916 ], [ 8.65147334168746, 49.419773300286344 ], [ 8.651312985043715, 49.419745415063574 ], [ 8.650854084230822, 49.419665614949061 ], [ 8.650852112776821, 49.41966527619082 ], [ 8.650191440043804, 49.419553110401537 ], [ 8.650310195576775, 49.419246485984445 ], [ 8.650312337265051, 49.419240626800175 ], [ 8.65032561542527, 49.419202015683531 ], [ 8.65144813766168, 49.41940119014469 ] ], [ [ 8.651534464915372, 49.418642893646862 ], [ 8.651515819661562, 49.418661306526474 ], [ 8.651500030618614, 49.41868082300487 ], [ 8.651487249846136, 49.418701255128873 ], [ 8.651477600433127, 49.418722406126975 ], [ 8.651471175312414, 49.418744072304307 ], [ 8.651468036365548, 49.418766045004297 ], [ 8.651468213826668, 49.418788112618074 ], [ 8.65147170599117, 49.418810062622462 ], [ 8.651478479231956, 49.418831683626642 ], [ 8.651488468323112, 49.418852767407977 ], [ 8.651501577067908, 49.418873110917282 ], [ 8.651517679225085, 49.418892518234465 ], [ 8.65153661972451, 49.418910802455251 ], [ 8.651558216160494, 49.418927787491249 ], [ 8.651582260548389, 49.418943309765858 ], [ 8.651608521327562, 49.418957219789682 ], [ 8.651633301928603, 49.418967899484841 ], [ 8.651626775202134, 49.418966804116401 ], [ 8.650494814287814, 49.418765955014983 ], [ 8.650620616212089, 49.41847633513386 ], [ 8.651558831028893, 49.418623754744289 ], [ 8.651555786814328, 49.418625761690798 ], [ 8.651534464915372, 49.418642893646862 ] ], [ [ 8.649396499059391, 49.418278032282231 ], [ 8.649469111076149, 49.418287661389613 ], [ 8.649951182783257, 49.418367910250126 ], [ 8.649827820623841, 49.418651904497551 ], [ 8.649800486945981, 49.418647412977769 ], [ 8.649299493288275, 49.418557780104791 ], [ 8.649396499059391, 49.418278032282231 ] ], [ [ 8.649148507589079, 49.419043135487961 ], [ 8.649160982576033, 49.418999349374673 ], [ 8.649621637406172, 49.419081765270349 ], [ 8.649628606302423, 49.419082961097395 ], [ 8.64965834597843, 49.419087847979142 ], [ 8.64964067414547, 49.419139233279338 ], [ 8.649525178358001, 49.419437430645189 ], [ 8.649065906496297, 49.419355960415487 ], [ 8.649148507589079, 49.419043135487961 ] ], [ [ 8.649311021650723, 49.419986024009695 ], [ 8.649267392247976, 49.42012909172859 ], [ 8.648751323712935, 49.420043087217884 ], [ 8.648877291321945, 49.419837907353752 ], [ 8.648885489211589, 49.419823065916773 ], [ 8.64890044715265, 49.419792684208375 ], [ 8.649353103568911, 49.419872980976095 ], [ 8.649339829039956, 49.419905915032473 ], [ 8.649337665254372, 49.419911581513979 ], [ 8.649313564824892, 49.419978381443705 ], [ 8.649311021650723, 49.419986024009695 ] ], [ [ 8.648116445611882, 49.417543775530397 ], [ 8.648499947159598, 49.417614575842478 ], [ 8.648503821317091, 49.417615275172373 ], [ 8.648508753990713, 49.417616145402945 ], [ 8.648503641702428, 49.417641486602079 ], [ 8.647645917186635, 49.417536578737995 ], [ 8.647634867825294, 49.417535348214301 ], [ 8.647488568469576, 49.417520648281567 ], [ 8.647487427959758, 49.417520562010878 ], [ 8.647500733345066, 49.417501614094704 ], [ 8.647511739496773, 49.417480747014785 ], [ 8.64751955754496, 49.417459276613556 ], [ 8.64752353810754, 49.417440165894064 ], [ 8.647626063141548, 49.417454650968196 ], [ 8.647933224712121, 49.417508991984228 ], [ 8.648113976754271, 49.417543313247677 ], [ 8.648116445611882, 49.417543775530397 ] ], [ [ 8.64738839381778, 49.418170237189017 ], [ 8.647379450528984, 49.418169214217158 ], [ 8.647231651177433, 49.418153614288372 ], [ 8.647211676575525, 49.418152259577383 ], [ 8.647105710306477, 49.417963371552609 ], [ 8.647288929405407, 49.41796095017083 ], [ 8.647396373032533, 49.417966431987693 ], [ 8.647524391629959, 49.417979295098377 ], [ 8.648423466802171, 49.418089260561452 ], [ 8.648384477420727, 49.418287655012882 ], [ 8.648173888235815, 49.418263833774972 ], [ 8.648172492585649, 49.418263677826566 ], [ 8.647923848157626, 49.418236237124326 ], [ 8.64738839381778, 49.418170237189017 ] ], [ [ 8.647731121091477, 49.418873927544041 ], [ 8.647748865915617, 49.418892715327267 ], [ 8.647769348090497, 49.418910277957565 ], [ 8.647792370362778, 49.418926446295771 ], [ 8.647817711015735, 49.418941064630573 ], [ 8.647845126004501, 49.418953992177926 ], [ 8.647874351306367, 49.418965104437149 ], [ 8.647905105463519, 49.418974294389876 ], [ 8.647937092293722, 49.418981473530678 ], [ 8.647970003742815, 49.418986572719689 ], [ 8.648003522851594, 49.418989542848223 ], [ 8.648037326808437, 49.418990355311948 ], [ 8.648071090058323, 49.418989002286267 ], [ 8.648104487438291, 49.418985496801731 ], [ 8.648137197309081, 49.4189798726185 ], [ 8.648168904652886, 49.418972183901261 ], [ 8.648199304107274, 49.418962504697468 ], [ 8.648228102906135, 49.418950928224284 ], [ 8.648255023699278, 49.418937565970744 ], [ 8.648279807223549, 49.41892254662406 ], [ 8.64830221479972, 49.418906014830178 ], [ 8.648322030631112, 49.418888129800706 ], [ 8.648339063881815, 49.418869063779667 ], [ 8.648353150514493, 49.418849000384498 ], [ 8.648364154870066, 49.41882813283776 ], [ 8.648371970974067, 49.418806662106221 ], [ 8.64838965614971, 49.418744695815455 ], [ 8.648410612774944, 49.4187470663678 ], [ 8.648434808171004, 49.418749230414072 ], [ 8.648529270296338, 49.418755464328648 ], [ 8.648470308323605, 49.418962405715391 ], [ 8.648469507105393, 49.418965324765999 ], [ 8.648337412255954, 49.419465565339209 ], [ 8.648232811495545, 49.419678018601644 ], [ 8.648123097193547, 49.419856720760073 ], [ 8.647994256913162, 49.419632571194477 ], [ 8.64784458770497, 49.419333716483557 ], [ 8.647821179714462, 49.419271443512315 ], [ 8.647814921891392, 49.419256920347415 ], [ 8.647781421477466, 49.419188120440843 ], [ 8.647769051064145, 49.419166596132222 ], [ 8.647753376935411, 49.419146008173939 ], [ 8.647731747533205, 49.419120906676625 ], [ 8.647675018653709, 49.419036739992301 ], [ 8.647613547662107, 49.41892967158816 ], [ 8.647463588915556, 49.418637207091983 ], [ 8.647710414318384, 49.418667630718097 ], [ 8.647694229597828, 49.418724336901668 ], [ 8.647689676717507, 49.418746204015164 ], [ 8.647688431187177, 49.418768256964256 ], [ 8.647690505006409, 49.418790283367102 ], [ 8.6476958782076, 49.418812071097278 ], [ 8.647704499048116, 49.418833410326521 ], [ 8.647716284508427, 49.418854095545761 ], [ 8.647731121091477, 49.418873927544041 ] ], [ [ 8.652358751710603, 49.416494446443622 ], [ 8.652363026741096, 49.416495183798709 ], [ 8.65236221865994, 49.416496635338305 ], [ 8.652103819092792, 49.416968434597699 ], [ 8.651908974685352, 49.416930329705757 ], [ 8.652063348447276, 49.41645439514172 ], [ 8.652185319279075, 49.416468886995816 ], [ 8.652358751710603, 49.416494446443622 ] ], [ [ 8.650103292311243, 49.416640234953903 ], [ 8.65017313709763, 49.416283173264617 ], [ 8.650426120312819, 49.416302131980508 ], [ 8.650344716468455, 49.416686911900833 ], [ 8.650103292311243, 49.416640234953903 ] ], [ [ 8.660639848249978, 49.408619848945357 ], [ 8.660625110612447, 49.4086001649599 ], [ 8.660622134747946, 49.408597011287121 ], [ 8.66104571534289, 49.408509248329473 ], [ 8.661049621883661, 49.408518321774643 ], [ 8.661058625474601, 49.408539230441612 ], [ 8.661061965842052, 49.408545742069165 ], [ 8.661064933730994, 49.40855233007251 ], [ 8.661086433496253, 49.408592630131999 ], [ 8.661099723869734, 49.408613957277801 ], [ 8.661151289419134, 49.408685909843889 ], [ 8.661302227209825, 49.408896777827628 ], [ 8.661232562540796, 49.408906706389701 ], [ 8.661226617304813, 49.408907589713905 ], [ 8.660867118815339, 49.408963189472168 ], [ 8.660853522711296, 49.408965484091034 ], [ 8.660765170334873, 49.408981655276691 ], [ 8.660756994013205, 49.40895673592955 ], [ 8.660660196314891, 49.408661549112672 ], [ 8.660651580602387, 49.408640375267595 ], [ 8.660639848249978, 49.408619848945357 ] ], [ [ 8.660457840655118, 49.410978111861809 ], [ 8.65996238739972, 49.411171840582234 ], [ 8.659944830179805, 49.411018104600295 ], [ 8.660127345247824, 49.410969755329035 ], [ 8.6601570871345, 49.410960779376694 ], [ 8.660185388037434, 49.410950000895077 ], [ 8.660211992095523, 49.410937517329998 ], [ 8.660236658788985, 49.410923441542487 ], [ 8.66025916511386, 49.410907900788359 ], [ 8.660279307598127, 49.410891035567758 ], [ 8.660296904141225, 49.410872998354819 ], [ 8.660311795660334, 49.410853952219206 ], [ 8.660323847528522, 49.410834069351765 ], [ 8.660367547041085, 49.410750569228505 ], [ 8.660375913380726, 49.410732007259192 ], [ 8.660381803349864, 49.410713044743396 ], [ 8.660385173348528, 49.410693822058732 ], [ 8.66038599843194, 49.41067448150865 ], [ 8.660384698041399, 49.41061868151165 ], [ 8.6603825189024, 49.410596623626788 ], [ 8.660377031406966, 49.410574811892609 ], [ 8.660368288578068, 49.410553457047953 ], [ 8.660356374890503, 49.41053276541696 ], [ 8.66034140545456, 49.410512936915815 ], [ 8.660323524903729, 49.410494163121129 ], [ 8.660302905997188, 49.410476625419108 ], [ 8.660279747950565, 49.410460493252998 ], [ 8.660274869810044, 49.410457702964379 ], [ 8.660458175800748, 49.41040576353096 ], [ 8.660487865706605, 49.41039622035688 ], [ 8.660750766438793, 49.410301219982074 ], [ 8.660773612433267, 49.410292192495902 ], [ 8.660795318398669, 49.410282037722624 ], [ 8.661388919256671, 49.409980936647884 ], [ 8.661396317396203, 49.409977076339509 ], [ 8.661708617758643, 49.409809475754052 ], [ 8.661717853061409, 49.409804338953897 ], [ 8.66183124896947, 49.409738982520459 ], [ 8.661932641920187, 49.409927306346312 ], [ 8.661962942736652, 49.410028656672743 ], [ 8.661965831702416, 49.410036301789134 ], [ 8.661968389909235, 49.410043996914318 ], [ 8.66196987802522, 49.410047009638006 ], [ 8.66197103937218, 49.410050082929075 ], [ 8.661975062867386, 49.410057506465527 ], [ 8.661978764707925, 49.410065000923481 ], [ 8.662135163184765, 49.410335401352604 ], [ 8.662148643364368, 49.410355640671625 ], [ 8.662165098983229, 49.41037492039851 ], [ 8.662173635896769, 49.410382953172501 ], [ 8.661443553271329, 49.410623700605797 ], [ 8.661432670186933, 49.4106274499146 ], [ 8.660468672886626, 49.410974048545597 ], [ 8.660457840655118, 49.410978111861809 ] ], [ [ 8.662666722123772, 49.409598674806652 ], [ 8.662669709523056, 49.409639463194239 ], [ 8.662656474597139, 49.409837210096235 ], [ 8.662651672971304, 49.409895020726239 ], [ 8.662647333813435, 49.409947171881115 ], [ 8.662633893338251, 49.409923934903311 ], [ 8.662604355899497, 49.409825142436283 ], [ 8.662591250635616, 49.409793664769076 ], [ 8.662413763652165, 49.409464014668359 ], [ 8.66255256319865, 49.409415993739557 ], [ 8.662599965856005, 49.409402783153553 ], [ 8.662613894826139, 49.409399722415856 ], [ 8.662614108381481, 49.409400421769718 ], [ 8.662640311079812, 49.409486315589589 ], [ 8.662666722123772, 49.409598674806652 ] ], [ [ 8.664135193278085, 49.409193381733012 ], [ 8.664152620855704, 49.409212294184627 ], [ 8.664172805478916, 49.409230000948128 ], [ 8.664195552760059, 49.409246331496362 ], [ 8.664220643630815, 49.409261128555769 ], [ 8.664224286958913, 49.409262886532481 ], [ 8.6634414285276, 49.409542154674966 ], [ 8.663370307295434, 49.409563917758014 ], [ 8.66335447126797, 49.409567289062728 ], [ 8.663354337571963, 49.409565463995825 ], [ 8.663350746634302, 49.409542106814726 ], [ 8.663320445762489, 49.409413206901355 ], [ 8.663317798035429, 49.409403398191813 ], [ 8.663290097435929, 49.409312598270823 ], [ 8.663272658369017, 49.409255491147704 ], [ 8.664075542805881, 49.409080530173362 ], [ 8.664109252430713, 49.409152678176731 ], [ 8.664120690581059, 49.409173445731831 ], [ 8.664135193278085, 49.409193381733012 ] ], [ [ 8.654901149411787, 49.411509223874965 ], [ 8.654926097430288, 49.411494323537781 ], [ 8.654948686929989, 49.411477899418969 ], [ 8.654968700362128, 49.411460109693195 ], [ 8.654985944987727, 49.411441125686622 ], [ 8.655000254733739, 49.41142113022687 ], [ 8.655011491792324, 49.411400315882268 ], [ 8.655019547947925, 49.411378883107211 ], [ 8.655024345619283, 49.411357038311742 ], [ 8.655025838606473, 49.411334991873595 ], [ 8.655024130179948, 49.411314375762529 ], [ 8.658339748505467, 49.410432160084078 ], [ 8.658335623763486, 49.410447739481555 ], [ 8.658333160787853, 49.410469748843347 ], [ 8.658334015912022, 49.410491809744535 ], [ 8.658338180905123, 49.410513709726494 ], [ 8.6583456156603, 49.410535237880119 ], [ 8.658356248580827, 49.410556186876896 ], [ 8.658369977269434, 49.410576354965691 ], [ 8.658386669514336, 49.410595547915705 ], [ 8.658406164562384, 49.410613580887137 ], [ 8.658428274667111, 49.410630280211244 ], [ 8.658452786896783, 49.410645485062986 ], [ 8.658479465185019, 49.410659049009894 ], [ 8.658508052604244, 49.410670841422366 ], [ 8.658538273840097, 49.410680748731686 ], [ 8.658569837842911, 49.410688675523929 ], [ 8.6586024406308, 49.410694545458767 ], [ 8.658635768217282, 49.410698302004754 ], [ 8.658669499635305, 49.41069990898383 ], [ 8.658703310028475, 49.410699350919678 ], [ 8.658736873779786, 49.410696633186831 ], [ 8.658769867647653, 49.410691781958889 ], [ 8.65880197387907, 49.410684843956425 ], [ 8.659176684999215, 49.410590320673606 ], [ 8.659212947358965, 49.4105883554314 ], [ 8.659217324259979, 49.410634332972748 ], [ 8.659240817424903, 49.410881424223611 ], [ 8.659242852812984, 49.4109211197053 ], [ 8.659243434381509, 49.410925707099224 ], [ 8.659243612716928, 49.410930308693139 ], [ 8.659256914894879, 49.411046800896251 ], [ 8.65923086978623, 49.411039763999156 ], [ 8.659198503576528, 49.411033360393851 ], [ 8.659165331266376, 49.411029057583271 ], [ 8.659131672319152, 49.411026897005257 ], [ 8.659097850884564, 49.411026899467089 ], [ 8.659064192677072, 49.411029064945019 ], [ 8.659031021839249, 49.411033372584605 ], [ 8.658998657820291, 49.411039780901469 ], [ 8.658967412299685, 49.411048228180789 ], [ 8.658937586185726, 49.411058633071661 ], [ 8.658909466717711, 49.411070895370486 ], [ 8.658883324699781, 49.411084896985969 ], [ 8.658859411892976, 49.411100503076291 ], [ 8.658837958590684, 49.411117563347702 ], [ 8.658819171400788, 49.411135913501866 ], [ 8.658803231255883, 49.41115537681813 ], [ 8.658790291670735, 49.411175765855305 ], [ 8.658780477263759, 49.411196884256832 ], [ 8.658773882556742, 49.411218528641768 ], [ 8.658770571064421, 49.411240490563422 ], [ 8.658770574682634, 49.411262558516768 ], [ 8.658779495114727, 49.411380777123405 ], [ 8.658559142646462, 49.411473547169493 ], [ 8.658545946915259, 49.411479389103746 ], [ 8.658540664616183, 49.411481845984277 ], [ 8.658536346869342, 49.41148288105903 ], [ 8.658490846702604, 49.411491629317993 ], [ 8.658408569083612, 49.411493457694824 ], [ 8.658372354707394, 49.411495514004983 ], [ 8.65833667371211, 49.41150004767038 ], [ 8.658301923041247, 49.411507008254986 ], [ 8.658185423475414, 49.411534808137681 ], [ 8.658154952666838, 49.411543181049801 ], [ 8.658125851700662, 49.411553420521386 ], [ 8.658098388394151, 49.411565432318497 ], [ 8.658072815493705, 49.411579105896415 ], [ 8.657885615614639, 49.411689405525919 ], [ 8.657876875898111, 49.411694737612933 ], [ 8.657721575933376, 49.411792837293788 ], [ 8.657720038085793, 49.411793814789263 ], [ 8.657631185589318, 49.411850644632345 ], [ 8.657441046892533, 49.411970202565456 ], [ 8.657400748750407, 49.411986559502957 ], [ 8.657400222289928, 49.411986773621109 ], [ 8.657359061691604, 49.41200354772586 ], [ 8.657321807582138, 49.412014463737876 ], [ 8.657237949542356, 49.412039059868292 ], [ 8.657118631836687, 49.412063908528175 ], [ 8.65711619041503, 49.412033019287527 ], [ 8.657112793261621, 49.41201106293763 ], [ 8.657106114089423, 49.411989429572486 ], [ 8.657096217226613, 49.411968327532705 ], [ 8.657083197989085, 49.411947960041651 ], [ 8.657067181762351, 49.411928523248406 ], [ 8.657048322793891, 49.411910204338703 ], [ 8.657026802707575, 49.411893179732331 ], [ 8.657002828754463, 49.411877613384156 ], [ 8.65697663181682, 49.411863655205174 ], [ 8.656948464184602, 49.411851439618871 ], [ 8.656918597125795, 49.411841084266683 ], [ 8.656887318274032, 49.41183268887513 ], [ 8.656854928858607, 49.411826334295398 ], [ 8.656821740803595, 49.411822081724758 ], [ 8.656788073724003, 49.41181997211725 ], [ 8.656754251847849, 49.411820025789261 ], [ 8.656720600893843, 49.411822242223884 ], [ 8.656687444934718, 49.411826600075948 ], [ 8.656680915030602, 49.411827903829739 ], [ 8.656669654002451, 49.411825573353781 ], [ 8.656636567796893, 49.411820995368124 ], [ 8.656602953191658, 49.411818555398995 ], [ 8.656569133909434, 49.411818276944281 ], [ 8.656535435643955, 49.411820162685643 ], [ 8.656502182923557, 49.411824194462568 ], [ 8.656469695985963, 49.411830333447384 ], [ 8.656438287694378, 49.411838520519026 ], [ 8.656408260524586, 49.411848676832541 ], [ 8.656379903652075, 49.411860704578231 ], [ 8.656353490167211, 49.411874487923633 ], [ 8.6563292744453, 49.411889894129004 ], [ 8.656307489696855, 49.411906774825596 ], [ 8.656288345721656, 49.411924967444499 ], [ 8.656272026888228, 49.411944296782188 ], [ 8.656258690358225, 49.411964576687787 ], [ 8.656248464572769, 49.411985611855783 ], [ 8.65624144801539, 49.412007199706835 ], [ 8.656237708263422, 49.412029132338731 ], [ 8.656237281337059, 49.412051198528559 ], [ 8.656249148734194, 49.412263451138912 ], [ 8.656244120944715, 49.412266809745276 ], [ 8.65602464161439, 49.412262719146476 ], [ 8.656021822166879, 49.412262756915005 ], [ 8.656009157055104, 49.412243539429795 ], [ 8.655992815050928, 49.41222421839327 ], [ 8.655973649245762, 49.412206035511069 ], [ 8.655951844218391, 49.412189165892926 ], [ 8.655927609963914, 49.41217377200109 ], [ 8.655901179871346, 49.412160002085685 ], [ 8.655872808475955, 49.412147988757141 ], [ 8.655842769007993, 49.412137847709076 ], [ 8.655811350761402, 49.412129676604131 ], [ 8.655778856307858, 49.412123554133515 ], [ 8.655745598582959, 49.412119539259201 ], [ 8.65571189787263, 49.412117670646097 ], [ 8.655678078728759, 49.412117966289713 ], [ 8.655644466843743, 49.412120423342877 ], [ 8.655611385914074, 49.412125018143122 ], [ 8.655579154523123, 49.412131706440576 ], [ 8.655548083073169, 49.412140423824134 ], [ 8.655518470796189, 49.412151086341638 ], [ 8.655490602872218, 49.412163591308435 ], [ 8.655464747682998, 49.412177818296193 ], [ 8.655441154227365, 49.41219363029267 ], [ 8.655420049723299, 49.412210875021124 ], [ 8.655401637419681, 49.412229386406807 ], [ 8.655386094638859, 49.412248986176223 ], [ 8.655373571068859, 49.412269485574143 ], [ 8.655364187321725, 49.412290687181077 ], [ 8.655358033771822, 49.41231238681479 ], [ 8.655357113971686, 49.412319448470406 ], [ 8.655104440883189, 49.412342615262304 ], [ 8.655048864134121, 49.412347740710835 ], [ 8.655033215516001, 49.412349424351142 ], [ 8.654488973147272, 49.412416404949091 ], [ 8.654425428739225, 49.412424185896697 ], [ 8.653878369764525, 49.412491496025353 ], [ 8.653879185065078, 49.412477927843092 ], [ 8.653887383044133, 49.412342045584012 ], [ 8.653920676338506, 49.411788152395673 ], [ 8.654710521643755, 49.411571965628085 ], [ 8.654814656371807, 49.411543428710267 ], [ 8.654845159273059, 49.411533895261996 ], [ 8.654874083137951, 49.411522456930676 ], [ 8.654901149411787, 49.411509223874965 ] ], [ [ 8.655367209983272, 49.410323959162724 ], [ 8.655384151736047, 49.410343058774316 ], [ 8.655403881054468, 49.410360982893742 ], [ 8.655426207935848, 49.410377558900606 ], [ 8.655450917360698, 49.410392627157442 ], [ 8.655477771363469, 49.410406042547272 ], [ 8.655506511324282, 49.41041767587118 ], [ 8.655536860459648, 49.410427415092592 ], [ 8.655559713813693, 49.410433009218366 ], [ 8.654979170834446, 49.410571621254348 ], [ 8.654974795025925, 49.410572688001217 ], [ 8.654426539209695, 49.410709110305511 ], [ 8.654314168264827, 49.410280894627171 ], [ 8.654559833056412, 49.410249744416433 ], [ 8.655241340911527, 49.410163356092667 ], [ 8.655304814569824, 49.410155331208301 ], [ 8.655334598293619, 49.410261492666024 ], [ 8.655342313381347, 49.41028297877584 ], [ 8.655353218952257, 49.410303867999907 ], [ 8.655367209983272, 49.410323959162724 ] ], [ [ 8.656001827419612, 49.410289559182168 ], [ 8.656010545743694, 49.410268237038729 ], [ 8.656016019086691, 49.410246459980932 ], [ 8.656018194741524, 49.410224437734257 ], [ 8.656017051759852, 49.410202382385151 ], [ 8.656012601153648, 49.410180506338591 ], [ 8.655981478798976, 49.410069578896355 ], [ 8.656029091978077, 49.410063536933315 ], [ 8.656087551199633, 49.410056114621 ], [ 8.656167723847368, 49.410287839073042 ], [ 8.655970317172855, 49.410334972432757 ], [ 8.655975022104602, 49.41033002370601 ], [ 8.655989948072827, 49.410310221066673 ], [ 8.656001827419612, 49.410289559182168 ] ], [ [ 8.658046848658008, 49.409906383128003 ], [ 8.658045803289959, 49.409906658893654 ], [ 8.656851923591553, 49.410223045770586 ], [ 8.656764504016502, 49.40997038638173 ], [ 8.656886960325776, 49.40995484094654 ], [ 8.657473180189966, 49.409880551098063 ], [ 8.657750354499777, 49.409845454349259 ], [ 8.658158297673124, 49.409793748878279 ], [ 8.658456585636163, 49.409755963068811 ], [ 8.658770890805437, 49.409716266281343 ], [ 8.658046848658008, 49.409906383128003 ] ], [ [ 8.656397624728134, 49.409521636506739 ], [ 8.656409486842172, 49.40955719625854 ], [ 8.656284456366309, 49.409573044290354 ], [ 8.656069431950764, 49.409600234731066 ], [ 8.655897492145607, 49.409622065111009 ], [ 8.655586760712492, 49.409661495968606 ], [ 8.655567072199934, 49.409596936047883 ], [ 8.655570812961415, 49.40959778816633 ], [ 8.655603682428971, 49.409602984523211 ], [ 8.655637174207481, 49.409606053632103 ], [ 8.655670965748538, 49.409606965935396 ], [ 8.655704731616705, 49.409605712646979 ], [ 8.655738146623797, 49.409602305836849 ], [ 8.656208330375092, 49.40953880802634 ], [ 8.656394955117127, 49.409513617706381 ], [ 8.656397624728134, 49.409521636506739 ] ], [ [ 8.659522111451908, 49.410120285310015 ], [ 8.660498932250414, 49.409862720122682 ], [ 8.660393417293646, 49.409916241848514 ], [ 8.660168428944987, 49.409997542208465 ], [ 8.659783446213812, 49.410106626325025 ], [ 8.659702630752252, 49.410110842764482 ], [ 8.659522111451908, 49.410120285310015 ] ], [ [ 8.655544930021891, 49.413766001854164 ], [ 8.655535271289112, 49.413772860230601 ], [ 8.655195290102, 49.414039416542337 ], [ 8.655192097550803, 49.414038024818211 ], [ 8.655613495575071, 49.413613870127257 ], [ 8.655726549925888, 49.41351398757002 ], [ 8.655727876336131, 49.413512807680974 ], [ 8.655986575727155, 49.4132811070617 ], [ 8.655992428331521, 49.413275699746833 ], [ 8.656651492204645, 49.412647342251027 ], [ 8.656676160860762, 49.412624797270865 ], [ 8.656692412606425, 49.412611003289243 ], [ 8.656727342984828, 49.412587669349087 ], [ 8.656782834239106, 49.412563504510736 ], [ 8.65680869958965, 49.412557376019429 ], [ 8.656874734536357, 49.412546769366472 ], [ 8.657214277751056, 49.412509559131514 ], [ 8.657216307603745, 49.412518259145422 ], [ 8.657224917860171, 49.412540123569784 ], [ 8.657236844572385, 49.412561314559582 ], [ 8.657251967548335, 49.412581618554064 ], [ 8.657270134383804, 49.412600830931318 ], [ 8.657283043169576, 49.412611836345128 ], [ 8.655554426632955, 49.413759047771329 ], [ 8.655544930021891, 49.413766001854164 ] ], [ [ 8.663355468381651, 49.410029263619698 ], [ 8.663338905859304, 49.410033025375412 ], [ 8.663330297742153, 49.41003513157208 ], [ 8.663330500538851, 49.410032693804354 ], [ 8.663355468381651, 49.410029263619698 ] ], [ [ 8.663762718676194, 49.409940111196782 ], [ 8.663966327585317, 49.409867477907149 ], [ 8.663939742576046, 49.409912572644373 ], [ 8.663755258738028, 49.40994258017205 ], [ 8.663762718676194, 49.409940111196782 ] ], [ [ 8.665311630407126, 49.408898874876627 ], [ 8.665306702769215, 49.408877598700236 ], [ 8.665300088134765, 49.408856069012053 ], [ 8.666157462101895, 49.408742369391014 ], [ 8.666495352355538, 49.40870064393696 ], [ 8.666354310181305, 49.408757354501176 ], [ 8.666352285680896, 49.40875817481767 ], [ 8.665306828288768, 49.409185050935896 ], [ 8.665314439282067, 49.409063587080084 ], [ 8.665314719916175, 49.409052960965134 ], [ 8.66531341898799, 49.408920360967009 ], [ 8.665311630407126, 49.408898874876627 ] ], [ [ 8.668579654452147, 49.407618170359008 ], [ 8.668579748463412, 49.407617282995851 ], [ 8.668588920659243, 49.407317083459681 ], [ 8.668606536722221, 49.407316808638285 ], [ 8.668607226396714, 49.40731679742801 ], [ 8.668648600850581, 49.407316097860367 ], [ 8.668731263848091, 49.407314708165003 ], [ 8.668722598781194, 49.407630639174592 ], [ 8.668579058558045, 49.40763370281055 ], [ 8.668579683416048, 49.407619059640027 ], [ 8.668579654452147, 49.407618170359008 ] ], [ [ 8.668150530080819, 49.418115454784136 ], [ 8.66814759408634, 49.418036295746901 ], [ 8.668143598046615, 49.417922930643485 ], [ 8.668143220570213, 49.417916379036953 ], [ 8.668142385021763, 49.417905935594924 ], [ 8.668139081911752, 49.41784226756802 ], [ 8.668138887550052, 49.417731343455486 ], [ 8.66813879353157, 49.417700886334913 ], [ 8.668166596864181, 49.417700924065478 ], [ 8.668200266838458, 49.417698806706731 ], [ 8.668233456561401, 49.417694546477215 ], [ 8.668265846393709, 49.417688184405826 ], [ 8.66829712439988, 49.417679781763589 ], [ 8.66831054169171, 49.417675126344506 ], [ 8.668368832581031, 49.417676270731455 ], [ 8.66837624286361, 49.417676364196971 ], [ 8.668429843108465, 49.417676664198858 ], [ 8.668448479917389, 49.417676763877523 ], [ 8.668678386084929, 49.417678162700142 ], [ 8.668692097237948, 49.417677806826326 ], [ 8.66870581614614, 49.417677616821756 ], [ 8.668708990637596, 49.417677368357111 ], [ 8.668712185366012, 49.41767728543774 ], [ 8.668725777027504, 49.417676054501186 ], [ 8.668739401327658, 49.41767498813924 ], [ 8.668742523202761, 49.417674537874305 ], [ 8.668745690089365, 49.417674251063417 ], [ 8.668759031362693, 49.41767215691884 ], [ 8.668772429843363, 49.417670224469319 ], [ 8.668775469036273, 49.417669576740458 ], [ 8.668778577581902, 49.417669088800231 ], [ 8.668791539981285, 49.417666151615713 ], [ 8.668804583606558, 49.417663371689343 ], [ 8.668807510848159, 49.417662532734546 ], [ 8.668810531115131, 49.417661848364226 ], [ 8.668822989804237, 49.417658096426834 ], [ 8.668835552955327, 49.417654495796164 ], [ 8.668838340054064, 49.417653473695204 ], [ 8.66884124295556, 49.417652599485677 ], [ 8.668853077949908, 49.417648068928827 ], [ 8.668865039634898, 49.417643682270544 ], [ 8.668867659749397, 49.417642486866875 ], [ 8.668870417328479, 49.417641431237406 ], [ 8.668881514649268, 49.417636165693459 ], [ 8.668892759670104, 49.417631035253869 ], [ 8.668895187567161, 49.41762967805996 ], [ 8.668897773266551, 49.417628451177002 ], [ 8.668908026039921, 49.417622501356583 ], [ 8.668918446100314, 49.417616676545173 ], [ 8.66892065839783, 49.417615170631684 ], [ 8.668923047315756, 49.417613784310916 ], [ 8.668932356801726, 49.417607207514571 ], [ 8.668941851550464, 49.417600744428078 ], [ 8.668943826942879, 49.417599104297842 ], [ 8.668945996072649, 49.417597571890489 ], [ 8.668954272616253, 49.417590431456631 ], [ 8.668962750613455, 49.417583392339012 ], [ 8.668964470076519, 49.417581633787698 ], [ 8.668966398528497, 49.417579970051669 ], [ 8.668973562422378, 49.417572334747156 ], [ 8.668980942020916, 49.417564787389516 ], [ 8.668982388995651, 49.417562927352819 ], [ 8.66898405819769, 49.41756114831113 ], [ 8.668990040450094, 49.41755309166895 ], [ 8.668996250581515, 49.417545108756698 ], [ 8.668997411132898, 49.417543165147976 ], [ 8.668998805009974, 49.41754128793383 ], [ 8.669003548009872, 49.417532887543913 ], [ 8.669008528868057, 49.417524545957704 ], [ 8.669009391819595, 49.417522537495138 ], [ 8.669010496948227, 49.417520580187187 ], [ 8.669013955019087, 49.417511916950467 ], [ 8.669017658637193, 49.41750329702456 ], [ 8.669018215678568, 49.417501243050729 ], [ 8.669019021416069, 49.417499224499061 ], [ 8.669021161256286, 49.417490381847557 ], [ 8.669023551968047, 49.417481566596813 ], [ 8.669023726647728, 49.417480088440222 ], [ 8.669338520448999, 49.417479371990723 ], [ 8.669458638724356, 49.417479272308661 ], [ 8.669473201048746, 49.417478793457931 ], [ 8.669473457294197, 49.417478787300965 ], [ 8.669559470089665, 49.417478971283579 ], [ 8.669590789458324, 49.417478108306618 ], [ 8.669621859129727, 49.417475392571518 ], [ 8.669652422126378, 49.417470846540134 ], [ 8.669679975171144, 49.417464986455791 ], [ 8.669848075210199, 49.41746070313495 ], [ 8.670177499407526, 49.417452405047726 ], [ 8.670182012548125, 49.417452146217691 ], [ 8.670186542528921, 49.417452099583876 ], [ 8.670198852547735, 49.417451180438398 ], [ 8.670211195329093, 49.417450472575993 ], [ 8.670215647850164, 49.417449926392692 ], [ 8.670220149011129, 49.417449590306951 ], [ 8.670232261658446, 49.417447888404645 ], [ 8.670244438653897, 49.417446394673 ], [ 8.670248787674437, 49.41744556639658 ], [ 8.670253216666579, 49.417444944095628 ], [ 8.670265015289694, 49.417442475826881 ], [ 8.670276909226398, 49.417440210611709 ], [ 8.670281112862643, 49.417439108219007 ], [ 8.670285427031615, 49.41743820569603 ], [ 8.670296798001814, 49.417434994831929 ], [ 8.670308294333477, 49.417431979948766 ], [ 8.670312312101672, 49.417430614056556 ], [ 8.670316469899191, 49.41742944000346 ], [ 8.670327303706948, 49.417425517466647 ], [ 8.670338291716181, 49.417421781950935 ], [ 8.670342084922687, 49.417420165713665 ], [ 8.67034604630647, 49.417418731437365 ], [ 8.670356238614842, 49.417414135004634 ], [ 8.67036661248075, 49.417409714831713 ], [ 8.670370144594989, 49.417407863814645 ], [ 8.670373871414114, 49.417406183128307 ], [ 8.670380416254011, 49.417402910701568 ], [ 8.670610851223902, 49.417399631345589 ], [ 8.670874785909934, 49.417396740823854 ], [ 8.670876474598906, 49.41739671962786 ], [ 8.670892897834312, 49.417396487223762 ], [ 8.670913520042435, 49.417396568413771 ], [ 8.670915599940859, 49.417396572508032 ], [ 8.670937273372816, 49.417396572508238 ], [ 8.671114147723452, 49.417398733107134 ], [ 8.671123263645363, 49.417398765795276 ], [ 8.671182763917203, 49.417398465794491 ], [ 8.671216535165811, 49.417397212651061 ], [ 8.671249955519157, 49.417393805985881 ], [ 8.671282703116734, 49.417388278607454 ], [ 8.671314462577378, 49.417380683748114 ], [ 8.671344928036721, 49.417371094551442 ], [ 8.67137380609296, 49.417359603367771 ], [ 8.671400818632575, 49.417346320864738 ], [ 8.67142570550881, 49.417331374961513 ], [ 8.671448227047057, 49.417314909596712 ], [ 8.671468166353083, 49.417297083342262 ], [ 8.67148533140181, 49.417278067876076 ], [ 8.671499556886586, 49.417258046328797 ], [ 8.671510705811071, 49.417237211519925 ], [ 8.671518670808503, 49.417215764100995 ], [ 8.671523375175546, 49.417193910623034 ], [ 8.671524773610846, 49.417171861547359 ], [ 8.671522852651131, 49.417149829218779 ], [ 8.671517630800716, 49.41712802582051 ], [ 8.671509158353111, 49.417106661330756 ], [ 8.671497516906514, 49.417085941500559 ], [ 8.671482818577818, 49.417066065872248 ], [ 8.671465204922743, 49.4170472258579 ], [ 8.671444845572465, 49.417029602895887 ], [ 8.671421936599891, 49.417013366703578 ], [ 8.671396698631336, 49.416998673642929 ], [ 8.671369374721737, 49.416985665214753 ], [ 8.671340228013946, 49.416974466695926 ], [ 8.671309539204543, 49.41696518593303 ], [ 8.671277603840679, 49.416957912303822 ], [ 8.671244729473896, 49.416952715856389 ], [ 8.671223410825391, 49.416950762484561 ], [ 8.671225816986555, 49.416947660104384 ], [ 8.671238056945452, 49.416927087615413 ], [ 8.671247147153533, 49.41690583148025 ], [ 8.671253000070923, 49.416884096407841 ], [ 8.671255559335, 49.416862091719331 ], [ 8.671254800303046, 49.416840029332093 ], [ 8.671250730289394, 49.416818121718961 ], [ 8.671243388494821, 49.416796579861867 ], [ 8.671232845628854, 49.416775611220075 ], [ 8.671219203228647, 49.416755417732233 ], [ 8.671202592680977, 49.416736193871607 ], [ 8.671183173956818, 49.416718124773247 ], [ 8.671161134070624, 49.416701384451109 ], [ 8.671136685279231, 49.416686134122216 ], [ 8.671110063037684, 49.416672520654167 ], [ 8.671081523731671, 49.416660675150666 ], [ 8.67105134220844, 49.416650711689108 ], [ 8.671019809129938, 49.416642726221887 ], [ 8.670987228173676, 49.416636795652465 ], [ 8.670953913108278, 49.416632977094686 ], [ 8.670920184771861, 49.416631307322888 ], [ 8.670851185086724, 49.416630107328977 ], [ 8.670846040297477, 49.416630042920978 ], [ 8.670793740536361, 49.416629642923311 ], [ 8.670759938843304, 49.416630467286602 ], [ 8.670726423762627, 49.41663344919769 ], [ 8.67069351805859, 49.416638559939479 ], [ 8.670661538627135, 49.416645750293384 ], [ 8.670630793444161, 49.41665495101325 ], [ 8.670601578599673, 49.416666073492188 ], [ 8.670574175446397, 49.416679010615894 ], [ 8.670548847890275, 49.416693637794168 ], [ 8.670525839848967, 49.416709814160711 ], [ 8.670505372902802, 49.41672738392969 ], [ 8.67048957230924, 49.416744133895598 ], [ 8.670473658463241, 49.416725932360904 ], [ 8.670454099785365, 49.416707927629318 ], [ 8.67043193029037, 49.416691260313883 ], [ 8.670407363483251, 49.416676090928526 ], [ 8.670380635955562, 49.416662565561289 ], [ 8.67035200510691, 49.416650814467417 ], [ 8.6703019865269, 49.41663245561211 ], [ 8.670282275626526, 49.416624834837961 ], [ 8.670292955459235, 49.416623089528166 ], [ 8.670324803442346, 49.416615655022191 ], [ 8.670355381107221, 49.416606219714048 ], [ 8.670384393971396, 49.416594874472061 ], [ 8.670411562623023, 49.416581728558342 ], [ 8.670436625411833, 49.41656690857662 ], [ 8.670459340969016, 49.416550557252819 ], [ 8.670479490531763, 49.416532832060597 ], [ 8.670496880050042, 49.416513903704598 ], [ 8.670511342055375, 49.416493954476515 ], [ 8.670522737273551, 49.416473176499444 ], [ 8.670530955965816, 49.416451769877561 ], [ 8.670535918985586, 49.416429940769056 ], [ 8.670537578540515, 49.416407899400589 ], [ 8.670535918652604, 49.416385858042716 ], [ 8.670530955311911, 49.416364028965667 ], [ 8.670522736322376, 49.416342622394943 ], [ 8.670511340841283, 49.416321844486866 ], [ 8.670496878616797, 49.416301895343167 ], [ 8.670479488930873, 49.416282967083866 ], [ 8.6704593392578, 49.416265241997216 ], [ 8.670436623651248, 49.416248890784075 ], [ 8.670415903989976, 49.416236639041252 ], [ 8.670487162815434, 49.416237059314128 ], [ 8.670602673211492, 49.416276469439602 ], [ 8.670633380096831, 49.416285724111866 ], [ 8.670665329530157, 49.416292970575213 ], [ 8.67069821381749, 49.416298139041338 ], [ 8.670731716261214, 49.416301179734404 ], [ 8.67076551421021, 49.41630206337048 ], [ 8.670799282167321, 49.41630078143956 ], [ 8.670832694924243, 49.416297346287479 ], [ 8.670865430693633, 49.416291790997064 ], [ 8.670897174208243, 49.416284169069485 ], [ 8.670927619757281, 49.41627455390902 ], [ 8.670956474130699, 49.416263038116028 ], [ 8.670983459443072, 49.416249732595169 ], [ 8.671008315809861, 49.416234765487239 ], [ 8.671030803850295, 49.416218280935155 ], [ 8.671050706992757, 49.416200437695537 ], [ 8.671067833560453, 49.416181407609947 ], [ 8.671082018617332, 49.416161373949762 ], [ 8.671093125556412, 49.416140529651166 ], [ 8.671101047415272, 49.416119075457068 ], [ 8.671105707906037, 49.416097217983733 ], [ 8.671107062149902, 49.41607516773098 ], [ 8.671105097109189, 49.416053137054938 ], [ 8.671099831712731, 49.416031338122885 ], [ 8.67109131667341, 49.416009980870051 ], [ 8.671079633999595, 49.415989270977704 ], [ 8.671064896205216, 49.415969407892561 ], [ 8.67104724522606, 49.415950582905836 ], [ 8.671026851052741, 49.415932977311186 ], [ 8.671003910093523, 49.415916760658718 ], [ 8.670978643282753, 49.415902089122234 ], [ 8.670951293953133, 49.415889103995212 ], [ 8.6709221254923, 49.415877930330169 ], [ 8.670731026051795, 49.415812730593046 ], [ 8.670702116149062, 49.415803952970002 ], [ 8.670672086629065, 49.415796955976539 ], [ 8.670641194506091, 49.41579179949791 ], [ 8.670640694881012, 49.415791747587086 ], [ 8.670641033233052, 49.415784029621165 ], [ 8.6706455372343, 49.415679520760087 ], [ 8.670644731511445, 49.415656587444623 ], [ 8.670640348880598, 49.415633827006573 ], [ 8.670632434952783, 49.415611476293378 ], [ 8.670621072085776, 49.415589767888584 ], [ 8.670606378526902, 49.41556892769146 ], [ 8.670588507182362, 49.415549172566422 ], [ 8.670567644025947, 49.415530708086251 ], [ 8.670544006163672, 49.415513726393009 ], [ 8.670517839574472, 49.415498404198672 ], [ 8.670401939714308, 49.415437204414452 ], [ 8.670374635131086, 49.415424179496434 ], [ 8.6703455052418, 49.415412963387183 ], [ 8.670314830581072, 49.415403664102712 ], [ 8.670282906559793, 49.415396371199087 ], [ 8.67025004062028, 49.41539115491009 ], [ 8.670216549275551, 49.415388065470744 ], [ 8.670182755061299, 49.415387132633633 ], [ 8.670148983429852, 49.415388365382348 ], [ 8.670115559616068, 49.415391751845007 ], [ 8.670082805505299, 49.415397259408557 ], [ 8.670051036533641, 49.41540483503281 ], [ 8.670020558650252, 49.415414405761311 ], [ 8.669991665371025, 49.415425879423829 ], [ 8.669964634951981, 49.41543914552399 ], [ 8.669939727709584, 49.415454076303362 ], [ 8.669937220712473, 49.41545590578913 ], [ 8.669931977754901, 49.415451348436108 ], [ 8.669909119312981, 49.415435082394815 ], [ 8.669883927226284, 49.415420356444947 ], [ 8.669856644107908, 49.415407312404042 ], [ 8.669827532707869, 49.415396075891955 ], [ 8.669796873382735, 49.415386755121155 ], [ 8.669764961395721, 49.415379439854675 ], [ 8.669732104073249, 49.415374200541613 ], [ 8.669698617845356, 49.415371087638761 ], [ 8.66966482519846, 49.415370131124654 ], [ 8.66948199433104, 49.415370814427369 ], [ 8.669372662289661, 49.415369373318519 ], [ 8.669357519650651, 49.415369390779624 ], [ 8.66903391671763, 49.41537440255815 ], [ 8.668809514688599, 49.415373037222956 ], [ 8.668807475031475, 49.41537302874876 ], [ 8.668582776058004, 49.415372528753188 ], [ 8.668577003129029, 49.415372547444562 ], [ 8.668427603811461, 49.415373847440122 ], [ 8.668426846176736, 49.415373854575599 ], [ 8.668368687634, 49.415374444021126 ], [ 8.668337429047963, 49.41537463757291 ], [ 8.668335652999621, 49.415374651555865 ], [ 8.668273019311918, 49.415375249967582 ], [ 8.668063275365116, 49.415377121638876 ], [ 8.668056677699896, 49.415372681263385 ], [ 8.668028057129918, 49.415355478169928 ], [ 8.667996646669009, 49.415340489621428 ], [ 8.667962846725601, 49.415327906684986 ], [ 8.667883746967819, 49.415302206789718 ], [ 8.667837926311561, 49.415289914587618 ], [ 8.667778826539644, 49.415277214642735 ], [ 8.667742945580322, 49.415270880972997 ], [ 8.66770622786442, 49.415267105074982 ], [ 8.667669100434159, 49.415265930863931 ], [ 8.666941692389424, 49.415268543628677 ], [ 8.66689101642408, 49.415186631947186 ], [ 8.666879920784192, 49.415170545632733 ], [ 8.666866926635539, 49.415155076247039 ], [ 8.666821603049893, 49.415105808455735 ], [ 8.666791238390122, 49.415057769320335 ], [ 8.666772440644808, 49.41503260134229 ], [ 8.666660440109041, 49.414903701629086 ], [ 8.666655080612717, 49.414897748364886 ], [ 8.666635306228754, 49.414876535704693 ], [ 8.666782249067355, 49.414813456124818 ], [ 8.666809992387019, 49.414800207192258 ], [ 8.666835574531722, 49.414785220843363 ], [ 8.666871079658511, 49.414762233952665 ], [ 8.66687970772052, 49.414757724340959 ], [ 8.667347094209212, 49.414665764520535 ], [ 8.667375458563109, 49.414675322091654 ], [ 8.66740688778599, 49.41468347789997 ], [ 8.66743939094639, 49.414689584532553 ], [ 8.667472655017352, 49.414693583178376 ], [ 8.667506359643541, 49.414695435327815 ], [ 8.667540180226601, 49.414695123143353 ], [ 8.667573791051385, 49.41469264963159 ], [ 8.66760686842294, 49.414688038614074 ], [ 8.667639093784036, 49.414681334498006 ], [ 8.667670156783196, 49.414672601848523 ], [ 8.667699758263691, 49.414661924766833 ], [ 8.667727613144708, 49.414649406080301 ], [ 8.667753453166922, 49.414635166352063 ], [ 8.667777029476028, 49.414619342719888 ], [ 8.667798115019401, 49.414602087575453 ], [ 8.667816506732702, 49.414583567096621 ], [ 8.667828490694005, 49.414568427704303 ], [ 8.668092938282644, 49.414513511284149 ], [ 8.668093214424903, 49.414523417037969 ], [ 8.668097141319475, 49.414545335758184 ], [ 8.668104342209279, 49.414566897808264 ], [ 8.668114747749856, 49.414587895533259 ], [ 8.668128257733773, 49.414608126712821 ], [ 8.668144742055539, 49.414627396508529 ], [ 8.668164041964468, 49.414645519340546 ], [ 8.668185971593454, 49.414662320674701 ], [ 8.6682103197489, 49.414677638703587 ], [ 8.668236851944613, 49.414691325904748 ], [ 8.668265312660033, 49.414703250461564 ], [ 8.668295427801077, 49.414713297532707 ], [ 8.668326907339884, 49.414721370358258 ], [ 8.668359448108038, 49.414727391191477 ], [ 8.668392736716383, 49.414731302047691 ], [ 8.668423406961967, 49.414732905988451 ], [ 8.668422941058411, 49.414736990684325 ], [ 8.668423072036699, 49.414754770257119 ], [ 8.668424071934037, 49.414769470259856 ], [ 8.668424106618204, 49.414769967732241 ], [ 8.668427106324978, 49.414811967740469 ], [ 8.668430827111271, 49.414836058754148 ], [ 8.668438496429472, 49.414859749107002 ], [ 8.668450025368642, 49.414882764137765 ], [ 8.668465280269658, 49.41490483701439 ], [ 8.668484084274606, 49.414925711827578 ], [ 8.668523084147916, 49.414964111923375 ], [ 8.668540807880362, 49.41498000768766 ], [ 8.66856059159845, 49.414994832880815 ], [ 8.66858228413415, 49.415008474221729 ], [ 8.668605719733508, 49.415020827475132 ], [ 8.668659919823252, 49.415046927570451 ], [ 8.668693828225095, 49.415061330356174 ], [ 8.668730090022429, 49.415073041329194 ], [ 8.668856290456439, 49.41510794147564 ], [ 8.668889782937434, 49.415115897644718 ], [ 8.668906933598658, 49.415119327778498 ], [ 8.66900378592497, 49.415139055128513 ], [ 8.66909072932563, 49.415156743634036 ], [ 8.669114564289474, 49.415161609941272 ], [ 8.669172117690708, 49.415173341240205 ], [ 8.669231834282343, 49.41518548534286 ], [ 8.669282114257587, 49.415195701604198 ], [ 8.669335829142531, 49.415206584443133 ], [ 8.669403075478078, 49.415220312251272 ], [ 8.669441505539314, 49.415226600680178 ], [ 8.669700606658509, 49.415258800825818 ], [ 8.669717215198073, 49.415260318319746 ], [ 8.669733821843348, 49.415261844726587 ], [ 8.669733963612135, 49.415261848593772 ], [ 8.669734104133099, 49.415261861432931 ], [ 8.66975086068692, 49.415262309513963 ], [ 8.669767616678643, 49.415262766585677 ], [ 8.669767758345422, 49.415262761368226 ], [ 8.669767900118964, 49.415262765159341 ], [ 8.669784643307022, 49.415262139511221 ], [ 8.669801387276685, 49.415261522846812 ], [ 8.66980152747769, 49.415261508594952 ], [ 8.669801669137859, 49.415261503301494 ], [ 8.669818237712503, 49.415259809948957 ], [ 8.66983480840374, 49.415258125487988 ], [ 8.66983494578816, 49.415258102339045 ], [ 8.669835085971251, 49.41525808801196 ], [ 8.669851320380777, 49.415255343259886 ], [ 8.669867558191847, 49.415252607228091 ], [ 8.669867691436899, 49.415252575404971 ], [ 8.669867828792535, 49.415252552182253 ], [ 8.669883572664116, 49.415248782467515 ], [ 8.669899321238745, 49.415245021211668 ], [ 8.66989944906129, 49.415244981020827 ], [ 8.669899582266545, 49.415244949126141 ], [ 8.66991468397476, 49.415240190754702 ], [ 8.669929791645526, 49.415235440497099 ], [ 8.66992991281449, 49.415235392325606 ], [ 8.669930040586573, 49.415235352066119 ], [ 8.669944354690818, 49.415229650865804 ], [ 8.669958675962738, 49.415223957353057 ], [ 8.669958789311268, 49.415223901664795 ], [ 8.66995891041957, 49.415223853428266 ], [ 8.66997229907243, 49.415217264303699 ], [ 8.66998569601656, 49.415210682369739 ], [ 8.669985800452878, 49.415210619701099 ], [ 8.669985913731221, 49.415210563952016 ], [ 8.669998247991058, 49.41520315036167 ], [ 8.670010591587866, 49.41519574339388 ], [ 8.670010686106352, 49.415195674348297 ], [ 8.670010790463635, 49.415195611623645 ], [ 8.670021951545586, 49.415187444965142 ], [ 8.67003312291831, 49.415179284297409 ], [ 8.670033206608547, 49.415179209539943 ], [ 8.670033301039906, 49.415179140443712 ], [ 8.67004318146207, 49.415170299363147 ], [ 8.670053073019346, 49.415161463591879 ], [ 8.670053145075403, 49.415161383842452 ], [ 8.670053228671369, 49.415161309040116 ], [ 8.670061733274888, 49.415151878687553 ], [ 8.670070249761938, 49.415142452901769 ], [ 8.67007030948993, 49.415142368928358 ], [ 8.670070381445388, 49.415142289140356 ], [ 8.670077428329556, 49.415132360334091 ], [ 8.6700844877268, 49.41512243531168 ], [ 8.670084534551538, 49.415122347922974 ], [ 8.670084594173513, 49.415122263917759 ], [ 8.670085201219738, 49.415121127992954 ], [ 8.670100997973897, 49.41511638023259 ], [ 8.670130184101387, 49.415105226731406 ], [ 8.670157554040154, 49.415092260498419 ], [ 8.670182844201328, 49.415077606406911 ], [ 8.670205811026301, 49.41506140558522 ], [ 8.670226233332324, 49.415043814057547 ], [ 8.670243914442612, 49.415025001241297 ], [ 8.670258684080412, 49.415005148315473 ], [ 8.67027040000878, 49.414984446475735 ], [ 8.67027894940029, 49.414963095093064 ], [ 8.670284249923492, 49.414941299793639 ], [ 8.67028625053568, 49.414919270478599 ], [ 8.670284931974273, 49.414897219302418 ], [ 8.670280306942169, 49.414875358629921 ], [ 8.670272419985242, 49.414853898990927 ], [ 8.670261347063166, 49.414833047052845 ], [ 8.670247194817732, 49.414813003630393 ], [ 8.670230099545702, 49.414793961751535 ], [ 8.670210225886073, 49.414776104798783 ], [ 8.670187765234447, 49.414759604742962 ], [ 8.670162933899711, 49.414744620487213 ], [ 8.670135971020864, 49.414731296336676 ], [ 8.670107136263976, 49.414719760608804 ], [ 8.670076707321519, 49.414710124397679 ], [ 8.670044977238101, 49.414702480504168 ], [ 8.670012251588403, 49.41469690254219 ], [ 8.669978845534452, 49.414693444229847 ], [ 8.669945080790587, 49.414692138872141 ], [ 8.669823681345084, 49.414691338876914 ], [ 8.669789423483715, 49.414692225689635 ], [ 8.669755470144649, 49.41469532866536 ], [ 8.669722157283717, 49.414700617101303 ], [ 8.669689814519707, 49.414708038670298 ], [ 8.669658761873029, 49.414717519938606 ], [ 8.669629306599321, 49.414728967092451 ], [ 8.669601740149353, 49.414742266866241 ], [ 8.669576335285285, 49.414757287663321 ], [ 8.669553343381786, 49.414773880857879 ], [ 8.669547960173611, 49.414778642452703 ], [ 8.669541323885523, 49.414777287707444 ], [ 8.669540615788746, 49.414777143700519 ], [ 8.669486950439962, 49.414766270985915 ], [ 8.669436924939617, 49.414756106446418 ], [ 8.669377573235471, 49.414744036609342 ], [ 8.66932035822796, 49.414732374321957 ], [ 8.669296434902929, 49.414727489978574 ], [ 8.669296104597036, 49.414727422659865 ], [ 8.669209159072416, 49.414709733750527 ], [ 8.669123511567484, 49.414692288672875 ], [ 8.669128636182702, 49.41466303899572 ], [ 8.669130848147674, 49.41463979707644 ], [ 8.669129364230024, 49.4146165305295 ], [ 8.66912046380131, 49.414554530554788 ], [ 8.669115005109528, 49.41453053582736 ], [ 8.669101304821144, 49.414486735866426 ], [ 8.669100837696506, 49.414485544280907 ], [ 8.669100531489081, 49.414484330672295 ], [ 8.669096648068269, 49.414474856982601 ], [ 8.669093287200715, 49.414466283765101 ], [ 8.669168846188697, 49.414297704099255 ], [ 8.669230908109981, 49.41428527911809 ], [ 8.669236298747723, 49.414284168248145 ], [ 8.669298098988456, 49.414271068192228 ], [ 8.669330734491719, 49.414262935716252 ], [ 8.669370334625484, 49.41425153566928 ], [ 8.6694086121186, 49.414238593531181 ], [ 8.669440012197727, 49.414226293483594 ], [ 8.669470644456634, 49.414212785040959 ], [ 8.669498882614164, 49.414197213467077 ], [ 8.669524401718226, 49.41417975795396 ], [ 8.669546908107526, 49.414160619373099 ], [ 8.669561508065302, 49.414146719337417 ], [ 8.669561746074427, 49.414146467021702 ], [ 8.669562019890817, 49.414146230670781 ], [ 8.669570609613201, 49.414137070700882 ], [ 8.669579236254277, 49.414127925517533 ], [ 8.669579435211597, 49.41412765919582 ], [ 8.66957967220195, 49.414127406472346 ], [ 8.669586844444112, 49.414117741292394 ], [ 8.669594055649831, 49.414108088465092 ], [ 8.669594213639193, 49.414107810702355 ], [ 8.669594411521313, 49.4141075440401 ], [ 8.669600097213422, 49.414097466729579 ], [ 8.669605823535814, 49.414087399222886 ], [ 8.669605939035753, 49.414087112694133 ], [ 8.66960609590395, 49.414086834661227 ], [ 8.669610240290655, 49.414076442271295 ], [ 8.66961442658441, 49.414066057040586 ], [ 8.669614498482657, 49.414065764505239 ], [ 8.669614612826241, 49.414065477779317 ], [ 8.669617175996441, 49.41405487039524 ], [ 8.669619781947416, 49.414044267455772 ], [ 8.669619809551607, 49.414043971731104 ], [ 8.66961988026944, 49.414043679073515 ], [ 8.669626779982018, 49.414001879052606 ], [ 8.669628392815939, 49.41398819905293 ], [ 8.66965475902404, 49.413616582923822 ], [ 8.669658200507291, 49.413616470700894 ], [ 8.669971082648768, 49.413620034074448 ], [ 8.669964797432659, 49.413637172974646 ], [ 8.669960200551412, 49.413658843581779 ], [ 8.669958852909081, 49.413680703076018 ], [ 8.66996025215362, 49.413788603078579 ], [ 8.669962751047949, 49.413979520807679 ], [ 8.669962838554461, 49.413983019066478 ], [ 8.669973836471449, 49.414280719094613 ], [ 8.669976241557434, 49.414302363828121 ], [ 8.669981833304638, 49.414323756510086 ], [ 8.669990559638919, 49.414344697901548 ], [ 8.67000233929215, 49.414364992966441 ], [ 8.670021339143259, 49.414393493017592 ], [ 8.670037605996844, 49.414414747298082 ], [ 8.670057218856027, 49.414434763303852 ], [ 8.670079958825184, 49.414453317635861 ], [ 8.670105572106108, 49.414470203208531 ], [ 8.670133772830562, 49.41448523156123 ], [ 8.670176472902819, 49.414505631635919 ], [ 8.670206396386188, 49.414518426099555 ], [ 8.670238191503822, 49.414529127819712 ], [ 8.670271515668404, 49.41453762148668 ], [ 8.670362016016723, 49.414557221571663 ], [ 8.670391808073013, 49.41456271784903 ], [ 8.67042223589819, 49.414566447703159 ], [ 8.670453053971473, 49.414568381038009 ], [ 8.670484013623053, 49.414568502253559 ], [ 8.670550913928066, 49.414566802246512 ], [ 8.670584606881262, 49.414564862414359 ], [ 8.670617846163372, 49.414560777248823 ], [ 8.670650311657791, 49.414554586092784 ], [ 8.670681690700311, 49.414546348571214 ], [ 8.670711681090379, 49.414536144016978 ], [ 8.670739994001591, 49.414524070706641 ], [ 8.670766356763338, 49.414510244914133 ], [ 8.670790515486841, 49.414494799790752 ], [ 8.670812237510281, 49.414477884082963 ], [ 8.670831313639468, 49.414459660699656 ], [ 8.670847560162448, 49.414440305143344 ], [ 8.670860820618708, 49.414420003819806 ], [ 8.670870967305873, 49.414398952242962 ], [ 8.670877902509435, 49.414377353151806 ], [ 8.670881559443659, 49.414355414558003 ], [ 8.670881902894605, 49.414333347742492 ], [ 8.670878929559096, 49.414311365220854 ], [ 8.67087266807636, 49.414289678696491 ], [ 8.670863178752041, 49.414268497022 ], [ 8.670851798980072, 49.414250044595136 ], [ 8.670864827784008, 49.414234255365933 ], [ 8.670877865234782, 49.414213892665387 ], [ 8.670887780782595, 49.414192794264821 ], [ 8.670894478938971, 49.414171163354197 ], [ 8.670897895201096, 49.414149208251558 ], [ 8.670905294555567, 49.414056608228371 ], [ 8.670905341675294, 49.414046360358242 ], [ 8.670905498734754, 49.414036112959224 ], [ 8.670905392401203, 49.414035328194451 ], [ 8.670905396023606, 49.414034540373294 ], [ 8.670903903372221, 49.414024338836185 ], [ 8.670902520201773, 49.414014130736966 ], [ 8.670888482355652, 49.413947824749833 ], [ 8.670886394402027, 49.413832229039045 ], [ 8.670909839834804, 49.413701045771298 ], [ 8.670910546990962, 49.413695285445648 ], [ 8.670911161614459, 49.41369209919182 ], [ 8.670911275439101, 49.413689351680596 ], [ 8.670911829320694, 49.413684839893044 ], [ 8.670914904044848, 49.413639035498704 ], [ 8.671015847822607, 49.413641258238961 ], [ 8.67106540103822, 49.413643088124026 ], [ 8.671117394343701, 49.41364783946991 ], [ 8.671118656877242, 49.413648160558964 ], [ 8.671261910580732, 49.413690957984898 ], [ 8.671274226460273, 49.413694449657399 ], [ 8.671329766002529, 49.413709363258775 ], [ 8.671329365099776, 49.413719251174157 ], [ 8.671332764523349, 49.413801651182993 ], [ 8.671335332549241, 49.413823655440851 ], [ 8.671341193914165, 49.413845389514108 ], [ 8.671350292174157, 49.413866644091257 ], [ 8.671362539711806, 49.413887214478386 ], [ 8.671377818579916, 49.413906902570432 ], [ 8.67139598163728, 49.413925518759171 ], [ 8.671416853965622, 49.413942883759226 ], [ 8.671440234554083, 49.413958830334757 ], [ 8.671465898235022, 49.4139732049101 ], [ 8.671493597852509, 49.413985869048815 ], [ 8.671523066642576, 49.413996700786939 ], [ 8.671554020802381, 49.414005595807716 ], [ 8.671586162223448, 49.414012468446131 ], [ 8.671619181362752, 49.414017252514085 ], [ 8.671652760223907, 49.414019901937785 ], [ 8.671686575419816, 49.41402039120144 ], [ 8.671720301287213, 49.41401871559313 ], [ 8.671753613023165, 49.414014891250069 ], [ 8.671786189813261, 49.414008955003283 ], [ 8.671817717921396, 49.414000964022783 ], [ 8.671847893711362, 49.413990995267049 ], [ 8.67185880573521, 49.413986463186674 ], [ 8.67186214405675, 49.414308023680853 ], [ 8.671864032497957, 49.414330057213142 ], [ 8.671869221982242, 49.414351863881279 ], [ 8.671877662536268, 49.414373233674709 ], [ 8.671889272876786, 49.41439396078993 ], [ 8.671903941193275, 49.4144138456126 ], [ 8.671921526224613, 49.414432696639864 ], [ 8.671941858619395, 49.414450332324797 ], [ 8.671964742566782, 49.414466582824652 ], [ 8.671989957682248, 49.414481291636882 ], [ 8.671990575742891, 49.414481586490851 ], [ 8.671990010536485, 49.41448208268141 ], [ 8.671972592879987, 49.414500999748775 ], [ 8.671958101033216, 49.414520939584115 ], [ 8.671946674563378, 49.414541710157067 ], [ 8.67193842351705, 49.414563111436586 ], [ 8.671933427360221, 49.414584937317322 ], [ 8.671931734212867, 49.414606977604556 ], [ 8.671933360385335, 49.414629020038397 ], [ 8.671938290221126, 49.41465085233807 ], [ 8.671946476247486, 49.414672264246178 ], [ 8.671957839632437, 49.414693049553641 ], [ 8.671972270943817, 49.414713008085727 ], [ 8.671987830746131, 49.414729983382955 ], [ 8.671982498489252, 49.414730046174697 ], [ 8.671848331907141, 49.414732892432774 ], [ 8.671549467014982, 49.414736362993601 ], [ 8.671539116543483, 49.414736584697316 ], [ 8.671302217622383, 49.414743984666096 ], [ 8.671268552374251, 49.414746120285123 ], [ 8.671235370068709, 49.414750398495862 ], [ 8.671202990265385, 49.414756778097392 ], [ 8.671171724795776, 49.414765197651434 ], [ 8.671141874760282, 49.414775576074071 ], [ 8.671113727628573, 49.414787813416631 ], [ 8.671087554471193, 49.414801791828147 ], [ 8.67106360734906, 49.414817376690237 ], [ 8.671042116886024, 49.414834417913639 ], [ 8.67102329004784, 49.414852751383464 ], [ 8.671007308148925, 49.414872200539691 ], [ 8.670994325106149, 49.414892578077534 ], [ 8.670984465956439, 49.414913687751174 ], [ 8.670977825652477, 49.414935326263716 ], [ 8.670974468148115, 49.414957285225043 ], [ 8.670974425782314, 49.414979353158635 ], [ 8.670977698967521, 49.415001317538241 ], [ 8.670984256185539, 49.41502296683462 ], [ 8.67099403429089, 49.415044092552648 ], [ 8.671006939118785, 49.415064491239349 ], [ 8.671022846391836, 49.41508396644322 ], [ 8.6710416029168, 49.415102330606167 ], [ 8.671063028059811, 49.415119406869998 ], [ 8.671086915485922, 49.415135030779496 ], [ 8.671113035146186, 49.415149051866472 ], [ 8.671141135493158, 49.415161335098766 ], [ 8.671170945903453, 49.415171762180819 ], [ 8.67120217928408, 49.415180232692904 ], [ 8.671234534837382, 49.415186665058343 ], [ 8.67126770095801, 49.415190997329134 ], [ 8.671301358233999, 49.415193187782577 ], [ 8.671335182523023, 49.415193215323114 ], [ 8.671566910871913, 49.415185976876614 ], [ 8.671863134412481, 49.415182536984453 ], [ 8.671868200984353, 49.415182453827491 ], [ 8.671999920624209, 49.415179659486711 ], [ 8.672363482963807, 49.415178807280725 ], [ 8.672369731717881, 49.41518121249824 ], [ 8.672381215924789, 49.415185835845428 ], [ 8.672384292180874, 49.415186816988395 ], [ 8.672387241345348, 49.415187952155819 ], [ 8.672399480113659, 49.415191661036822 ], [ 8.672411603610863, 49.415195527712321 ], [ 8.672414812456269, 49.415196307405871 ], [ 8.672417917961996, 49.415197248509656 ], [ 8.672430655002955, 49.415200156868806 ], [ 8.672443301032999, 49.415203229633867 ], [ 8.672446611564473, 49.415203800369035 ], [ 8.672449843503424, 49.415204538345719 ], [ 8.672462956150255, 49.415206618173379 ], [ 8.67247600292434, 49.415208867435432 ], [ 8.672479383259398, 49.415209223715671 ], [ 8.672482710505745, 49.415209751458015 ], [ 8.672496072475607, 49.415210982724126 ], [ 8.672508052253864, 49.415212245367677 ], [ 8.672531070055951, 49.415223412908517 ], [ 8.672560550271504, 49.415234933623253 ], [ 8.672591642339231, 49.415244481822214 ], [ 8.672598374024185, 49.415246036334175 ], [ 8.672354317139344, 49.415243163988841 ], [ 8.672350802301541, 49.415243235211122 ], [ 8.672347289608663, 49.415243128024592 ], [ 8.671497793489722, 49.41524442802681 ], [ 8.671464013857106, 49.415245562417461 ], [ 8.671430567303494, 49.415248851513645 ], [ 8.671397775933231, 49.415254263639994 ], [ 8.671365955541225, 49.415261746675434 ], [ 8.671335412571809, 49.415271228555149 ], [ 8.671306441167662, 49.415282617964593 ], [ 8.671279320337154, 49.415295805218769 ], [ 8.671254311267425, 49.415310663318593 ], [ 8.671231654809057, 49.415327049173868 ], [ 8.671211569156574, 49.415344804981288 ], [ 8.671194247747083, 49.415363759744096 ], [ 8.67117985739733, 49.415383730918819 ], [ 8.671168536697074, 49.415404526173262 ], [ 8.671160394674285, 49.41542594523866 ], [ 8.671155509745018, 49.415447781838388 ], [ 8.671153928958068, 49.415469825674457 ], [ 8.671155667541703, 49.415491864452839 ], [ 8.67116070875683, 49.41551368592792 ], [ 8.671169004058049, 49.415535079946537 ], [ 8.671180473560989, 49.415555840471896 ], [ 8.6711950068115, 49.415575767567915 ], [ 8.671212463849248, 49.415594669324662 ], [ 8.671232676555508, 49.415612363706586 ], [ 8.671255450272152, 49.415628680305758 ], [ 8.671280565676268, 49.415643461982981 ], [ 8.671307780892347, 49.415656566381188 ], [ 8.671336833821679, 49.415667867296492 ], [ 8.671367444666574, 49.41567725589362 ], [ 8.671399318625037, 49.415684641754133 ], [ 8.671432148729981, 49.415689953747261 ], [ 8.67146561880563, 49.4156931407149 ], [ 8.6714994065126, 49.415694171964425 ], [ 8.671738979902601, 49.415693805344702 ], [ 8.671737726359178, 49.415710295066468 ], [ 8.67173769070693, 49.415759898447646 ], [ 8.671728704622511, 49.415762033532921 ], [ 8.671698209490017, 49.415771581148803 ], [ 8.671669295582939, 49.415783032898759 ], [ 8.671642241355936, 49.415796278497439 ], [ 8.671617307354754, 49.415811190383899 ], [ 8.671594733707051, 49.415827624949927 ], [ 8.67157473780987, 49.415845423923116 ], [ 8.671557512235953, 49.415864415890972 ], [ 8.671543222879119, 49.415884417951752 ], [ 8.671532007356538, 49.415905237475769 ], [ 8.671523973683279, 49.415926673960541 ], [ 8.671519199231943, 49.41594852096167 ], [ 8.671517729987372, 49.415970568080979 ], [ 8.671519580103622, 49.415992602992844 ], [ 8.671524731767482, 49.416014413488831 ], [ 8.671533135369854, 49.416035789521523 ], [ 8.67154470998336, 49.416056525227361 ], [ 8.671559344141556, 49.416076420909235 ], [ 8.671576896912288, 49.416095284959773 ], [ 8.671597199254849, 49.416112935706522 ], [ 8.671620055647834, 49.416129203161816 ], [ 8.671645245972082, 49.416143930659736 ], [ 8.671672527630532, 49.416156976364952 ], [ 8.671701637884572, 49.416168214638851 ], [ 8.67173229638442, 49.416177537249446 ], [ 8.671764207869108, 49.4161848544138 ], [ 8.671797065010139, 49.416190095662692 ], [ 8.67183055137135, 49.416193210519367 ], [ 8.671864344456505, 49.416194168985655 ], [ 8.67208160662971, 49.416193369127051 ], [ 8.672222968422151, 49.416192869263504 ], [ 8.67242083930209, 49.41619206823794 ], [ 8.672422912226693, 49.416192055776577 ], [ 8.672607099395311, 49.416190586984342 ], [ 8.673714790704189, 49.416198160252115 ], [ 8.673719630886609, 49.416198171147578 ], [ 8.673977032062606, 49.416197571147308 ], [ 8.673977637429733, 49.416197569388686 ], [ 8.674034895192282, 49.416197370231878 ], [ 8.674463954654565, 49.416196270851849 ], [ 8.674680440441813, 49.416195670627587 ], [ 8.674699420504485, 49.416195619742879 ], [ 8.674687908812164, 49.416528210851496 ], [ 8.674684708619781, 49.416620197868362 ], [ 8.674684914431451, 49.416625283926514 ], [ 8.674684707468861, 49.416630369968289 ], [ 8.674689025184305, 49.416755291538159 ], [ 8.674592904477397, 49.416759685056306 ], [ 8.674483692891751, 49.416762019649873 ], [ 8.674485659743246, 49.416644352658508 ], [ 8.674485493766872, 49.416641518068637 ], [ 8.674485644955798, 49.416638683128916 ], [ 8.674484848452252, 49.416630497209148 ], [ 8.674484368520018, 49.416622300795268 ], [ 8.67448377747816, 49.416619490468477 ], [ 8.674483502021369, 49.41661665951159 ], [ 8.674481479512799, 49.416608563943477 ], [ 8.674479770474104, 49.416600437687819 ], [ 8.674478760059372, 49.416597678689016 ], [ 8.674478060610229, 49.416594878978657 ], [ 8.674474831576166, 49.416586951726963 ], [ 8.674471909891485, 49.41657897388945 ], [ 8.674470489835272, 49.41657629278928 ], [ 8.674469373130366, 49.416573551288046 ], [ 8.674464968669612, 49.416565868696161 ], [ 8.674460862477842, 49.416558116107659 ], [ 8.674459046456555, 49.416555538726485 ], [ 8.674457523250823, 49.416552881836424 ], [ 8.674451985782092, 49.41654551789162 ], [ 8.67444673462931, 49.416538065213388 ], [ 8.674444540132637, 49.416535616372663 ], [ 8.674442625095784, 49.416533069680959 ], [ 8.67443600794898, 49.416526095301585 ], [ 8.6744296624077, 49.416519014306616 ], [ 8.674427110570228, 49.416516717589907 ], [ 8.674424822145355, 49.416514305622378 ], [ 8.674417189048011, 49.416507787975043 ], [ 8.674409810230033, 49.416501146856746 ], [ 8.674406925627446, 49.416499024382396 ], [ 8.674404285853676, 49.416496770367587 ], [ 8.674395710317341, 49.416490772220357 ], [ 8.674387369285027, 49.416484634935735 ], [ 8.674384179697801, 49.416482707144198 ], [ 8.674381213997647, 49.416480632789259 ], [ 8.674371778609572, 49.41647521190697 ], [ 8.674362555691795, 49.416469637560965 ], [ 8.674359091837282, 49.41646792301767 ], [ 8.674355828772175, 49.416466048299675 ], [ 8.674345624399875, 49.416461256887679 ], [ 8.674335608418479, 49.416456299163947 ], [ 8.674331903655556, 49.416454814380778 ], [ 8.674328374650308, 49.416453157354006 ], [ 8.674317499566904, 49.416449041555673 ], [ 8.674306786980873, 49.416444748199318 ], [ 8.674302876987994, 49.416443507475279 ], [ 8.674299116028854, 49.416442084097746 ], [ 8.674287674966754, 49.416438683550062 ], [ 8.674276368943174, 49.416435095907907 ], [ 8.674272291375328, 49.416434111191677 ], [ 8.674268334682134, 49.416432935171152 ], [ 8.674256437823878, 49.416430282622791 ], [ 8.674244647244981, 49.416427435245424 ], [ 8.674240441370925, 49.416426716020233 ], [ 8.674236327048439, 49.416425798682297 ], [ 8.674224088965969, 49.416423919678387 ], [ 8.674211927380226, 49.416421839987287 ], [ 8.674207633704343, 49.416421393179569 ], [ 8.674203401375269, 49.416420743358579 ], [ 8.674190939926312, 49.41641965599468 ], [ 8.674178524455225, 49.416418364018192 ], [ 8.674174184327333, 49.41641819393088 ], [ 8.674169874750888, 49.416417817884899 ], [ 8.674157309944416, 49.416417532632771 ], [ 8.674144760154185, 49.416417040813151 ], [ 8.674140415371715, 49.416417149084261 ], [ 8.674136070050725, 49.416417050434745 ], [ 8.673830862541919, 49.416419898113027 ], [ 8.673830539414062, 49.416419508994721 ], [ 8.673811589168503, 49.416401229461812 ], [ 8.673789983907298, 49.416384249768583 ], [ 8.673765931701752, 49.416368733437324 ], [ 8.673739664187718, 49.416354829897358 ], [ 8.673711434334814, 49.416342673045982 ], [ 8.673681514010218, 49.41633237995898 ], [ 8.673650191360515, 49.416324049763212 ], [ 8.673617768036777, 49.416317762682013 ], [ 8.673584556289619, 49.416313579262614 ], [ 8.673550875962201, 49.416311539793085 ], [ 8.673517051410119, 49.416311663914371 ], [ 8.673483408377859, 49.416313950431132 ], [ 8.673450270861856, 49.416318377323208 ], [ 8.673417957990413, 49.416324901957807 ], [ 8.673386780950473, 49.416333461499896 ], [ 8.673357039990851, 49.416343973517471 ], [ 8.673329021530806, 49.41635633677523 ], [ 8.673302995401759, 49.416370432209575 ], [ 8.67327921224873, 49.416386124075167 ], [ 8.673257901116516, 49.416403261252221 ], [ 8.673239267243874, 49.416421678701774 ], [ 8.673223490086921, 49.416441199055015 ], [ 8.673084649518746, 49.416635534641621 ], [ 8.672971582997711, 49.416784291469021 ], [ 8.672961003102964, 49.416785249817224 ], [ 8.672928116364201, 49.416790412540486 ], [ 8.672896163618686, 49.416797653406277 ], [ 8.672865452585324, 49.416806902681948 ], [ 8.672836279025262, 49.416818071293001 ], [ 8.672808923893649, 49.416831051680909 ], [ 8.672783650633978, 49.416845718838751 ], [ 8.672760702641018, 49.416861931515221 ], [ 8.672740300916827, 49.416879533574836 ], [ 8.672722641942363, 49.416898355501502 ], [ 8.672707895785205, 49.416918216031057 ], [ 8.67269620446166, 49.416938923896907 ], [ 8.672687680568934, 49.416960279671898 ], [ 8.67268240620065, 49.416982077688949 ], [ 8.67268043215608, 49.417004108021722 ], [ 8.672679731812289, 49.417053208018942 ], [ 8.672681077107898, 49.417075258503253 ], [ 8.672685728794574, 49.417097116781008 ], [ 8.672693642078315, 49.417118572344656 ], [ 8.672704740753836, 49.417139418564737 ], [ 8.672718917938322, 49.417159454679854 ], [ 8.672736037100634, 49.417178487730233 ], [ 8.672744994431447, 49.417186522332891 ], [ 8.672752583110992, 49.417434194724471 ], [ 8.672752748769268, 49.417437994055582 ], [ 8.672756173486805, 49.417498533439598 ], [ 8.672751706093276, 49.417552980414648 ], [ 8.672751231392736, 49.417567303338458 ], [ 8.672755229609129, 49.417822003346565 ], [ 8.672755300208971, 49.417824800962684 ], [ 8.67275638529946, 49.417856003595617 ], [ 8.672747352058165, 49.417850809350462 ], [ 8.672719905765348, 49.417837910617024 ], [ 8.672690653710243, 49.417826829060061 ], [ 8.672659877603936, 49.41781767139976 ], [ 8.672627873834255, 49.417810525828301 ], [ 8.67259495061149, 49.41780546116054 ], [ 8.672561425000307, 49.417802526171378 ], [ 8.672527619866379, 49.41780174912595 ], [ 8.672493860767196, 49.417803137507526 ], [ 8.672460472816923, 49.417806677945421 ], [ 8.672427777555551, 49.417812336343701 ], [ 8.672396089852455, 49.417820058209607 ], [ 8.672365714874172, 49.417829769178311 ], [ 8.672336945145611, 49.417841375728976 ], [ 8.672310057732984, 49.417854766085469 ], [ 8.672285311575589, 49.417869811292725 ], [ 8.672262944992124, 49.41788636645861 ], [ 8.672243173385557, 49.417904272149222 ], [ 8.672226187168661, 49.417923355924387 ], [ 8.672212149930184, 49.417943433998133 ], [ 8.672201196859307, 49.417964313008753 ], [ 8.672193433443597, 49.41798579188081 ], [ 8.672188934452961, 49.418007663761728 ], [ 8.672187743219423, 49.418029718013699 ], [ 8.672189871219647, 49.418051742242319 ], [ 8.67219529796424, 49.418073524342077 ], [ 8.672203971194905, 49.418094854538992 ], [ 8.672215807387559, 49.418115527410897 ], [ 8.672230692556562, 49.418135343865799 ], [ 8.672244805432806, 49.418150232874027 ], [ 8.672076597198254, 49.418233781877525 ], [ 8.672045031686611, 49.418251525275188 ], [ 8.672016978420112, 49.418271623765619 ], [ 8.671975868442463, 49.418304914194486 ], [ 8.671846317592751, 49.41838883445245 ], [ 8.671799081817786, 49.418407863538121 ], [ 8.671750038176018, 49.418424673733973 ], [ 8.671749518996918, 49.418424776959007 ], [ 8.671739224972621, 49.418423070389814 ], [ 8.671737384280121, 49.418422067033859 ], [ 8.671735012551338, 49.41842023002917 ], [ 8.671447136122518, 49.418172610329492 ], [ 8.671425397102741, 49.418155703039467 ], [ 8.671401222568221, 49.418140267265827 ], [ 8.671374845332862, 49.41812645166204 ], [ 8.671346519422912, 49.418114389278543 ], [ 8.671316517630592, 49.418104196281355 ], [ 8.671285128887025, 49.418095970833434 ], [ 8.671252655479769, 49.418089792149331 ], [ 8.671219410141751, 49.418085719732375 ], [ 8.671185713039607, 49.418083792801632 ], [ 8.671151888690481, 49.41808402991424 ], [ 8.671118262836895, 49.418086428786708 ], [ 8.671085159309863, 49.418090966316868 ], [ 8.671052896910366, 49.418097598806412 ], [ 8.671021786339301, 49.418106262381642 ], [ 8.670992127205386, 49.418116873608618 ], [ 8.670964205139891, 49.418129330296658 ], [ 8.670938289045949, 49.418143512482352 ], [ 8.670914628508919, 49.418159283584941 ], [ 8.670893451392793, 49.418176491721496 ], [ 8.670874961645717, 49.418194971169704 ], [ 8.670859337335843, 49.41821454396365 ], [ 8.670846728936354, 49.418235021607828 ], [ 8.670837257876228, 49.418256206892323 ], [ 8.670831015370693, 49.418277895792066 ], [ 8.670828061542625, 49.418299879431629 ], [ 8.670828424843382, 49.418321946096782 ], [ 8.670832101778622, 49.418343883273465 ], [ 8.670839056941794, 49.41836547969438 ], [ 8.670849223354949, 49.418386527373592 ], [ 8.670862503113622, 49.418406823609658 ], [ 8.670878768329564, 49.418426172937686 ], [ 8.670897862362253, 49.418444389011867 ], [ 8.671053459976644, 49.418578229074981 ], [ 8.671049666441675, 49.418578907523113 ], [ 8.671018077103815, 49.418586799894413 ], [ 8.670987825652707, 49.418596674225746 ], [ 8.670959203423685, 49.418608435423053 ], [ 8.670932486062529, 49.418621970220855 ], [ 8.670907930870918, 49.418637148273064 ], [ 8.670885774328514, 49.418653823408164 ], [ 8.670866229815552, 49.418671835036903 ], [ 8.67084948555784, 49.418691009698826 ], [ 8.670835702813983, 49.418711162732698 ], [ 8.670825014322304, 49.418732100054847 ], [ 8.670817523022366, 49.418753620028291 ], [ 8.67081330106349, 49.418775515404576 ], [ 8.670812389109749, 49.418797575319587 ], [ 8.670814795948193, 49.418819587324379 ], [ 8.670820498404058, 49.418841339431133 ], [ 8.670829441563773, 49.418862622154684 ], [ 8.670841539303655, 49.418883230530056 ], [ 8.670856675119172, 49.418902966086371 ], [ 8.670874703246822, 49.418921638758299 ], [ 8.670895450067817, 49.418939068716483 ], [ 8.670918715780042, 49.418955088099537 ], [ 8.670944276322224, 49.418969542630578 ], [ 8.670971885531754, 49.418982293103184 ], [ 8.671001277515385, 49.418993216721937 ], [ 8.671045996603086, 49.419007990007401 ], [ 8.671085215680392, 49.419020963252621 ], [ 8.671117146641611, 49.419030229799887 ], [ 8.671150351776015, 49.419037339429956 ], [ 8.671184489753285, 49.419042219059691 ], [ 8.671219209653605, 49.41904481852913 ], [ 8.671725774375194, 49.419065846880457 ], [ 8.6719904455211, 49.419081010329194 ], [ 8.672011873606101, 49.419081800379907 ], [ 8.672284274849355, 49.419086300402881 ], [ 8.672289591294444, 49.41908636145952 ], [ 8.672305014943911, 49.419086460967087 ], [ 8.672468139247522, 49.419087560458344 ], [ 8.67250194083767, 49.419086705379094 ], [ 8.672535451188123, 49.419083692995876 ], [ 8.672568347571611, 49.419078552319959 ], [ 8.672600313174003, 49.419071332859495 ], [ 8.672631040145573, 49.419062104142732 ], [ 8.672660232565885, 49.41905095504832 ], [ 8.672687609293787, 49.419037992949413 ], [ 8.672712906675029, 49.419023342679445 ], [ 8.672735881081463, 49.419007145329971 ], [ 8.67275631125732, 49.418989556891759 ], [ 8.672774000450035, 49.418970746752436 ], [ 8.672788778305007, 49.418950896065262 ], [ 8.672800502506156, 49.418930196004304 ], [ 8.672809060146383, 49.418908845923411 ], [ 8.672814368814805, 49.418887051436258 ], [ 8.672816377390264, 49.418865022436123 ], [ 8.672815066533495, 49.418842971074497 ], [ 8.672810448873198, 49.418821109717925 ], [ 8.672802568884249, 49.418799648902876 ], [ 8.672791502459221, 49.418778795308064 ], [ 8.67277735617734, 49.418758749764137 ], [ 8.672760266277932, 49.41873970531956 ], [ 8.672740397348258, 49.418721845381469 ], [ 8.672717940738369, 49.41870534194949 ], [ 8.672693112718234, 49.418690353959249 ], [ 8.672666152394926, 49.418677025751883 ], [ 8.672637319409912, 49.41866548568391 ], [ 8.672606891438594, 49.418655844891191 ], [ 8.672575161516233, 49.418648196218719 ], [ 8.672542435215959, 49.418642613326433 ], [ 8.672509027706065, 49.418639149979938 ], [ 8.672475260714908, 49.418637839532693 ], [ 8.672440690371591, 49.418637606522118 ], [ 8.672475171176641, 49.418615270463015 ], [ 8.672500723200915, 49.418596775733434 ], [ 8.672527538969597, 49.418575060433398 ], [ 8.672767004740241, 49.418456117255509 ], [ 8.672770954553378, 49.418454125725916 ], [ 8.672948954802656, 49.418363025401746 ], [ 8.672955517218874, 49.418359581434792 ], [ 8.673109217394972, 49.418276881146127 ], [ 8.673114203940893, 49.418274146001508 ], [ 8.673276604093564, 49.418183345689506 ], [ 8.6732992240287, 49.418169499385328 ], [ 8.673319844392278, 49.418154382532308 ], [ 8.673338298204175, 49.418138117545425 ], [ 8.673354436029275, 49.418120836137135 ], [ 8.673368127187539, 49.418102678250577 ], [ 8.673379260812172, 49.418083790926367 ], [ 8.673397482592428, 49.418048172054 ], [ 8.673410457730901, 49.41803165336789 ], [ 8.673424522331727, 49.418011321772724 ], [ 8.673435430151329, 49.417990181150586 ], [ 8.673443073864709, 49.417968439517807 ], [ 8.673447378264855, 49.417946310804133 ], [ 8.673448301002617, 49.417924012747768 ], [ 8.673446500639361, 49.417872112752335 ], [ 8.67344649982833, 49.417872105386955 ], [ 8.673446500127055, 49.417872098005176 ], [ 8.673444548383548, 49.417815996674761 ], [ 8.673440681176194, 49.417569862030604 ], [ 8.673445393629502, 49.417512418544604 ], [ 8.673445651613882, 49.417492104907339 ], [ 8.673444863117671, 49.417478169961257 ], [ 8.673444874624716, 49.41747819330724 ], [ 8.673446307703085, 49.417481902044116 ], [ 8.673450049257081, 49.417488691823266 ], [ 8.673453434851393, 49.417495560662182 ], [ 8.673455767951221, 49.417499069508665 ], [ 8.67345775133589, 49.417502668746813 ], [ 8.673462494982708, 49.417509186572872 ], [ 8.673466896261337, 49.417515805840011 ], [ 8.67356391614746, 49.417644080979628 ], [ 8.673595313217648, 49.417713739309832 ], [ 8.673606436751784, 49.417734579918971 ], [ 8.673620637870401, 49.417754608869231 ], [ 8.673637779811848, 49.417773633269775 ], [ 8.673657697492038, 49.417791469903989 ], [ 8.673680199094196, 49.417807946993968 ], [ 8.673705067916115, 49.417822905854877 ], [ 8.673732064457107, 49.417836202423295 ], [ 8.673760928724514, 49.417847708644601 ], [ 8.673791382737646, 49.417857313706342 ], [ 8.673823133204964, 49.417864925105349 ], [ 8.673855874348726, 49.417870469538791 ], [ 8.673889290849948, 49.41787389361 ], [ 8.673923060885221, 49.417875164342867 ], [ 8.673956859226239, 49.41787426949935 ], [ 8.673990360372063, 49.417871217697417 ], [ 8.674023241684072, 49.417866038327951 ], [ 8.674055186493288, 49.417858781271754 ], [ 8.674085887150243, 49.417849516419153 ], [ 8.674115047987945, 49.417838332996816 ], [ 8.674142388169406, 49.417825338708468 ], [ 8.674167644392357, 49.41781065869759 ], [ 8.674190573425042, 49.41779443434212 ], [ 8.674210954448684, 49.417776821892915 ], [ 8.674228591184093, 49.417757990968859 ], [ 8.674243313781879, 49.417738122923339 ], [ 8.674254980458127, 49.417717409097641 ], [ 8.674263478859748, 49.417696048978144 ], [ 8.674268727146364, 49.417674248275176 ], [ 8.674269124321274, 49.417669755489605 ], [ 8.674639667042833, 49.417666552792895 ], [ 8.674676573580232, 49.417664938800065 ], [ 8.674696016314275, 49.417662705285458 ], [ 8.674696312941585, 49.417746519717852 ], [ 8.67469671216802, 49.417858622965163 ], [ 8.674697011682431, 49.417939344856762 ], [ 8.674697810254957, 49.418148154224909 ], [ 8.674698009852239, 49.418201746888641 ], [ 8.674699207645547, 49.418519952735075 ], [ 8.674699607133901, 49.418616494897826 ], [ 8.674700004772083, 49.418716777129283 ], [ 8.674699904951217, 49.418780872039932 ], [ 8.674699913337708, 49.418780985765991 ], [ 8.674699904773309, 49.418781099486495 ], [ 8.674699904552494, 49.418812627138607 ], [ 8.674698714226469, 49.418912654812395 ], [ 8.674698716688178, 49.418912693652842 ], [ 8.674698713322964, 49.418912732464456 ], [ 8.674698453090235, 49.418935618841509 ], [ 8.674692604329209, 49.419034250476436 ], [ 8.674678749152175, 49.419100684271179 ], [ 8.674675839742024, 49.419122655729183 ], [ 8.674666615489713, 49.419284705963705 ], [ 8.674635136435654, 49.419413223680486 ], [ 8.67221672148915, 49.41942252820045 ], [ 8.671896671418587, 49.419422727672618 ], [ 8.671402062710438, 49.419423121561103 ], [ 8.671022425775647, 49.419412234230478 ], [ 8.670804120925697, 49.419394656907663 ], [ 8.670634081751297, 49.419375733634823 ], [ 8.670390932837504, 49.419338156085175 ], [ 8.670247454707797, 49.41930989252247 ], [ 8.670184817287165, 49.419295937483092 ], [ 8.670185245735116, 49.419295395503056 ], [ 8.670459147039397, 49.418972468652406 ], [ 8.670505961864775, 49.418920915140653 ], [ 8.670525423757169, 49.418896091899619 ], [ 8.670644422798267, 49.418717841417809 ], [ 8.670744121658021, 49.418569090897442 ], [ 8.670756136495401, 49.418548461909019 ], [ 8.670764994074732, 49.418527163967866 ], [ 8.670770609096513, 49.418505402185509 ], [ 8.670772927489208, 49.418483386140302 ], [ 8.670771926929834, 49.418461327858985 ], [ 8.670767617058761, 49.418439439774815 ], [ 8.67076003938671, 49.418417932681635 ], [ 8.670749266894809, 49.41839701370391 ], [ 8.6707354033316, 49.418376884301942 ], [ 8.670718582213732, 49.418357738331821 ], [ 8.67069896554003, 49.418339760178483 ], [ 8.670676742231253, 49.418323122979984 ], [ 8.670652126310634, 49.418307986960258 ], [ 8.670625354842699, 49.418294497885988 ], [ 8.670596685650205, 49.418282785662939 ], [ 8.670566394831223, 49.418272963084931 ], [ 8.670534774100224, 49.418265124747599 ], [ 8.670502127978821, 49.418259346137475 ], [ 8.670468770863177, 49.418255682904977 ], [ 8.670435023996356, 49.418254170328566 ], [ 8.670401212374735, 49.41825482297498 ], [ 8.670367661618268, 49.418257634558948 ], [ 8.67033469483478, 49.418262578003727 ], [ 8.670302629508413, 49.418269605701852 ], [ 8.670271774442233, 49.418278649973637 ], [ 8.67024242678443, 49.418289623718849 ], [ 8.670214869166736, 49.418302421255575 ], [ 8.670189366982605, 49.41831691933789 ], [ 8.670166165831386, 49.41833297834274 ], [ 8.670145489153102, 49.418350443614585 ], [ 8.670127536076569, 49.41836914695471 ], [ 8.670112479501663, 49.418388908240999 ], [ 8.670012678731538, 49.418537807969138 ], [ 8.670012478324479, 49.418538107562405 ], [ 8.669901926738332, 49.418703701345443 ], [ 8.669863439307456, 49.418746083973353 ], [ 8.669858398828072, 49.418751825557678 ], [ 8.669666176436992, 49.418978450542248 ], [ 8.669668337138623, 49.418968069838137 ], [ 8.669669789669749, 49.418948796620789 ], [ 8.669669889596216, 49.41893829662034 ], [ 8.669669812303757, 49.418931938251703 ], [ 8.669666684494116, 49.41883949151709 ], [ 8.669666293649628, 49.418751982084594 ], [ 8.669665993318835, 49.418676232553508 ], [ 8.669665392256237, 49.418517146239459 ], [ 8.669665392158336, 49.41851712492771 ], [ 8.669665392173343, 49.418517124717447 ], [ 8.669665392156388, 49.418517124503467 ], [ 8.669664890991733, 49.418408026537897 ], [ 8.669664790947438, 49.418389334803486 ], [ 8.669664390639007, 49.418281754626875 ], [ 8.669663689303121, 49.418097143187801 ], [ 8.669661945796236, 49.418075104583245 ], [ 8.669656899538321, 49.418053283589572 ], [ 8.669648599131854, 49.418031890354527 ], [ 8.669637124518202, 49.418011130905938 ], [ 8.669622586207597, 49.417991205167745 ], [ 8.669605124214732, 49.417972305034603 ], [ 8.669584906710238, 49.41795461252385 ], [ 8.669562128401012, 49.417938298022634 ], [ 8.669537008655057, 49.417923518647136 ], [ 8.669509789388812, 49.417910416729377 ], [ 8.669480732737391, 49.417899118446584 ], [ 8.669450118530133, 49.417889732606149 ], [ 8.669418241595759, 49.417882349597726 ], [ 8.669385408923135, 49.417877040522832 ], [ 8.669351936704919, 49.417873856510049 ], [ 8.669318147292618, 49.417872828222748 ], [ 8.669284366092313, 49.417873965563764 ], [ 8.669250918431013, 49.417877257580017 ], [ 8.669218126423722, 49.417882672568012 ], [ 8.669186305871484, 49.417890158379109 ], [ 8.669155763220179, 49.417899642921789 ], [ 8.669126792609418, 49.417911034855813 ], [ 8.669099673039934, 49.417924224471918 ], [ 8.669074665686724, 49.417939084748241 ], [ 8.669052011383839, 49.417955472573659 ], [ 8.669031928305044, 49.417973230125845 ], [ 8.669014609862662, 49.417992186391267 ], [ 8.669000222844867, 49.418012158811997 ], [ 8.668988905809329, 49.418032955043827 ], [ 8.668980767748726, 49.418054374808534 ], [ 8.668975887040959, 49.418076211822836 ], [ 8.668974310694164, 49.418098255784706 ], [ 8.668975009379652, 49.418282850067257 ], [ 8.66897504849593, 49.418293402023728 ], [ 8.668538622542698, 49.418294128287229 ], [ 8.668161112998305, 49.418294786114799 ], [ 8.668150530080819, 49.418115454784136 ] ], [ [ 8.667451331126555, 49.417343420774287 ], [ 8.667448827339005, 49.417526696468414 ], [ 8.667448911320434, 49.417528059487395 ], [ 8.667448815425793, 49.417529422172926 ], [ 8.667449014475581, 49.417569886807271 ], [ 8.667449421688568, 49.417702369317858 ], [ 8.66743318546072, 49.417702566488472 ], [ 8.667424432318811, 49.417702745368246 ], [ 8.667389632477397, 49.417703745364051 ], [ 8.667356425018522, 49.417705753157087 ], [ 8.667323670404333, 49.41770984519566 ], [ 8.667291675255296, 49.417715983173608 ], [ 8.667261675369435, 49.417722783144754 ], [ 8.667230405329928, 49.417731009938741 ], [ 8.66720051691523, 49.417741190520204 ], [ 8.667172296110424, 49.417753227477306 ], [ 8.667146012944789, 49.417767005635618 ], [ 8.667127012958959, 49.417778005598358 ], [ 8.667101525759557, 49.41779438028216 ], [ 8.667078777054465, 49.417812390053847 ], [ 8.667059011846973, 49.417831840950832 ], [ 8.667043711781005, 49.417848740911758 ], [ 8.667028720374807, 49.417867209428977 ], [ 8.66701642171731, 49.417886506131545 ], [ 8.667006922031671, 49.417906464359426 ], [ 8.666999621916249, 49.417924764338309 ], [ 8.666992778841189, 49.417946121298918 ], [ 8.666989140529745, 49.417967810382322 ], [ 8.666988741237654, 49.417989627404893 ], [ 8.666989841100628, 49.41800922740785 ], [ 8.666992658442307, 49.418030839825505 ], [ 8.666998654380711, 49.418052174621522 ], [ 8.667007773134319, 49.418073033299144 ], [ 8.667019929866962, 49.41809322179104 ], [ 8.667035011477003, 49.418112552265072 ], [ 8.667049811407395, 49.418129452302921 ], [ 8.667066178696077, 49.418146351066802 ], [ 8.667084781642242, 49.418162234812286 ], [ 8.667105473246556, 49.418176978025237 ], [ 8.66712809000456, 49.418190464203924 ], [ 8.667153590031067, 49.418204364252297 ], [ 8.667179362568818, 49.418217122113475 ], [ 8.66720685502446, 49.418228247418185 ], [ 8.667235825207911, 49.418237642159539 ], [ 8.667266017910782, 49.418245223575731 ], [ 8.667291418008555, 49.418250723599591 ], [ 8.667319274519484, 49.418255918555417 ], [ 8.667347701354307, 49.418259568989605 ], [ 8.667376497678113, 49.418261649111919 ], [ 8.667407897820516, 49.418263049118544 ], [ 8.667431639108811, 49.418263572386572 ], [ 8.667469376374001, 49.418263555273406 ], [ 8.667478662512195, 49.418420949548555 ], [ 8.667478701924695, 49.418421593548103 ], [ 8.667495266274049, 49.418682860138951 ], [ 8.667499767481196, 49.418763080180021 ], [ 8.667467258833179, 49.418862163693312 ], [ 8.667377567881909, 49.418860157503318 ], [ 8.667236741117611, 49.418845019479733 ], [ 8.667226507646619, 49.418844253611283 ], [ 8.66721632680426, 49.418843231938503 ], [ 8.667209714089315, 49.418842996788875 ], [ 8.667203134709501, 49.418842504390994 ], [ 8.66719283544748, 49.41884239658058 ], [ 8.667182550127714, 49.418842030832295 ], [ 8.666955021760778, 49.418841233888344 ], [ 8.666836092074508, 49.418840425082756 ], [ 8.666834886071827, 49.418825932394313 ], [ 8.666832985986217, 49.418813532399703 ], [ 8.666827909595121, 49.418791499888293 ], [ 8.666819516107893, 49.418769903236992 ], [ 8.666813916035567, 49.418758003252648 ], [ 8.666802979204434, 49.41873813816769 ], [ 8.666789235522439, 49.418719029577204 ], [ 8.666780335473055, 49.418708029600339 ], [ 8.666763852786429, 49.418689792799796 ], [ 8.666744814292377, 49.418672648051682 ], [ 8.666732814272692, 49.41866284807935 ], [ 8.666711355651872, 49.418646925012801 ], [ 8.66668769373114, 49.418632391155775 ], [ 8.666673193744284, 49.418624291183669 ], [ 8.666646258063476, 49.418610689813598 ], [ 8.666617396206615, 49.418598889178412 ], [ 8.666600696252083, 49.418592789202627 ], [ 8.666572122192166, 49.418583459310675 ], [ 8.666542346613239, 49.418575895684981 ], [ 8.666524146682928, 49.418571895702307 ], [ 8.666493011110314, 49.418566099586414 ], [ 8.666461179270833, 49.418562234941156 ], [ 8.666442279354676, 49.418560534948966 ], [ 8.666408203433317, 49.418558587659064 ], [ 8.666373999455839, 49.418558853328527 ], [ 8.666354099546286, 49.418559653325119 ], [ 8.666320746166246, 49.418562061812608 ], [ 8.666287909822982, 49.418566574697287 ], [ 8.666268609902572, 49.418569874683001 ], [ 8.666235762391267, 49.418576652202717 ], [ 8.666204115976072, 49.418585534975371 ], [ 8.666186316031723, 49.418591234952302 ], [ 8.666156977420137, 49.418601814503326 ], [ 8.666129352787051, 49.418614203221814 ], [ 8.66611345281161, 49.418622103193407 ], [ 8.666087414228647, 49.418636419938551 ], [ 8.666063668069128, 49.418652342954822 ], [ 8.666050568058015, 49.418662042925746 ], [ 8.666029194915074, 49.418679554050918 ], [ 8.666010596238014, 49.418698364662518 ], [ 8.666000696192913, 49.418709564637069 ], [ 8.665985292789919, 49.418729146798121 ], [ 8.665972897582078, 49.418749617543945 ], [ 8.665970470102213, 49.41875428279748 ], [ 8.66594380816108, 49.41875432835424 ], [ 8.665283221697882, 49.41875542833813 ], [ 8.665280241358023, 49.418755441698337 ], [ 8.665066490228112, 49.418757002615514 ], [ 8.665043656351822, 49.418755519662561 ], [ 8.665045437689066, 49.418738292079297 ], [ 8.66504793706191, 49.418648692070562 ], [ 8.665046892276214, 49.418626634667945 ], [ 8.66504253851261, 49.418604750286043 ], [ 8.665034917704524, 49.418583249683067 ], [ 8.665024103248506, 49.418562339920953 ], [ 8.665010199297221, 49.418542222371279 ], [ 8.664993339756281, 49.418523090775963 ], [ 8.664973686994525, 49.418505129381508 ], [ 8.664951430280254, 49.418488511164604 ], [ 8.664926783958403, 49.418473396166299 ], [ 8.664899985386265, 49.418459929950913 ], [ 8.664871292647618, 49.418448242204057 ], [ 8.664840982067281, 49.418438445483787 ], [ 8.664809345550029, 49.418430634136755 ], [ 8.6647766877695, 49.418424883389541 ], [ 8.664743323234134, 49.418421248624242 ], [ 8.664709573258447, 49.418419764845176 ], [ 8.664675762868754, 49.418420446341756 ], [ 8.664642217673148, 49.418423286550819 ], [ 8.664609260725898, 49.418428258120016 ], [ 8.664577209416425, 49.418435313171017 ], [ 8.664546372412813, 49.418444383760686 ], [ 8.664517046689307, 49.418455382535356 ], [ 8.66448951466641, 49.418468203572068 ], [ 8.664464041491092, 49.418482723398569 ], [ 8.664440872483347, 49.41849880218242 ], [ 8.664420230773642, 49.418516285077587 ], [ 8.664402315154049, 49.418535003715604 ], [ 8.664387298163716, 49.41855477782709 ], [ 8.664375324427152, 49.418575416977653 ], [ 8.664366509261306, 49.418596722401958 ], [ 8.664362920486232, 49.418610742392232 ], [ 8.664294012647092, 49.418600915382683 ], [ 8.664260651716594, 49.418597266100591 ], [ 8.664226903145392, 49.418595767636432 ], [ 8.664193091946277, 49.418596434421005 ], [ 8.66415954373514, 49.418599260032906 ], [ 8.664126581595285, 49.418604217260302 ], [ 8.66409452296614, 49.418611258362986 ], [ 8.664063676586277, 49.418620315532166 ], [ 8.664034339520239, 49.418631301543421 ], [ 8.664006794297752, 49.418644110596709 ], [ 8.663981306192904, 49.418658619335169 ], [ 8.663958120669459, 49.418674688033185 ], [ 8.663937461016941, 49.418692161941792 ], [ 8.663919526200207, 49.418710872779137 ], [ 8.663904488943283, 49.418730640350901 ], [ 8.663899783268205, 49.418738735189166 ], [ 8.663648456176814, 49.418691549195273 ], [ 8.663345253188252, 49.418624491014853 ], [ 8.663230087526186, 49.418596540066076 ], [ 8.663228166310807, 49.418596078015078 ], [ 8.663021052040008, 49.418546722303539 ], [ 8.662903796192134, 49.418518680708516 ], [ 8.661594059860954, 49.418205096135452 ], [ 8.661443984344874, 49.418169180647041 ], [ 8.661249150479197, 49.418120694847765 ], [ 8.661245375300343, 49.418119891412836 ], [ 8.661241703237884, 49.418118905335334 ], [ 8.661166259962608, 49.418101417535965 ], [ 8.661188795613036, 49.418091003773256 ], [ 8.661214349492651, 49.41807654458453 ], [ 8.661237607913703, 49.418060520962761 ], [ 8.661258346885113, 49.418043087225684 ], [ 8.661276366680335, 49.41802441127107 ], [ 8.661291493760801, 49.41800467295986 ], [ 8.661303582447115, 49.417984062383987 ], [ 8.661329534885438, 49.417932342866109 ], [ 8.661664469608906, 49.417338673808082 ], [ 8.66166620009982, 49.417335534856299 ], [ 8.661678658149631, 49.417312399577725 ], [ 8.661907886827043, 49.417370710103221 ], [ 8.661927013559009, 49.417375156677082 ], [ 8.661943208518569, 49.417378574447362 ], [ 8.662005181410853, 49.417395757477991 ], [ 8.662037353385575, 49.417403469670035 ], [ 8.662076761585585, 49.417411489935418 ], [ 8.662129970137215, 49.417422409605628 ], [ 8.66216384844075, 49.417428146849687 ], [ 8.662198443926224, 49.417431613035838 ], [ 8.66223339986189, 49.417432772422437 ], [ 8.662292700132829, 49.417432772423034 ], [ 8.662326459262339, 49.417431691255423 ], [ 8.662359893768118, 49.417428458165553 ], [ 8.662392682149292, 49.417423104242339 ], [ 8.662424509118269, 49.417415680968183 ], [ 8.6624550686326, 49.417406259724082 ], [ 8.662484066837925, 49.417394931103154 ], [ 8.662511224893708, 49.41738180403938 ], [ 8.66253628165456, 49.417367004760244 ], [ 8.662567281655459, 49.417346804695491 ], [ 8.662588808806303, 49.417331412912226 ], [ 8.662608059837879, 49.417314787276489 ], [ 8.662624869470905, 49.417297070529337 ], [ 8.662639093387453, 49.417278414779503 ], [ 8.662658893236735, 49.417249114725649 ], [ 8.662670941102029, 49.417228633515414 ], [ 8.662679872643279, 49.417207483884617 ], [ 8.662685602861286, 49.417185867118526 ], [ 8.662688077224734, 49.417163988947905 ], [ 8.662687272189016, 49.417142057591128 ], [ 8.662683195420154, 49.417120281772448 ], [ 8.662675885721669, 49.417098868735572 ], [ 8.662667385595286, 49.417078668759522 ], [ 8.662657469842674, 49.417058778795493 ], [ 8.662644764422332, 49.417039575905697 ], [ 8.662629379251243, 49.417021226213095 ], [ 8.662611447428317, 49.417003888459575 ], [ 8.662591124082876, 49.416987712632597 ], [ 8.662565724064219, 49.416969312688323 ], [ 8.662541238250837, 49.416953277205032 ], [ 8.662514405614171, 49.416938928847074 ], [ 8.662485498008628, 49.416926412983528 ], [ 8.662454808310278, 49.416915856417702 ], [ 8.66242264744964, 49.416907366102322 ], [ 8.662234163437711, 49.416864674066886 ], [ 8.661830944704418, 49.416761934429204 ], [ 8.661882660767281, 49.416695627743557 ], [ 8.662135795733212, 49.416371436523178 ], [ 8.662245107216055, 49.416232004085167 ], [ 8.662265590000832, 49.416236507587129 ], [ 8.662309056554964, 49.416246674662368 ], [ 8.662662922260752, 49.416329476262675 ], [ 8.662664151980987, 49.416339050670111 ], [ 8.662670266712821, 49.416360755027057 ], [ 8.662679612823668, 49.41638196384806 ], [ 8.66269210030914, 49.416402472879838 ], [ 8.662707608911177, 49.416422084608193 ], [ 8.662725989276048, 49.416440610160315 ], [ 8.662747064392624, 49.416457871123676 ], [ 8.662770631297024, 49.41647370126438 ], [ 8.662796463027213, 49.416487948128115 ], [ 8.662824310808789, 49.416500474508339 ], [ 8.662853906450822, 49.416511159767815 ], [ 8.662884964928754, 49.416519901000427 ], [ 8.663383231581141, 49.416641584489454 ], [ 8.662991246090154, 49.417336097450459 ], [ 8.662981129435154, 49.417357155283923 ], [ 8.662974225235921, 49.417378758640879 ], [ 8.662970599987736, 49.417400699469738 ], [ 8.66297028860806, 49.417422766468647 ], [ 8.662973294100098, 49.417444747120378 ], [ 8.662979587523694, 49.417466429739008 ], [ 8.662989108273878, 49.417487605508533 ], [ 8.663001764664378, 49.417508070493966 ], [ 8.663017434810438, 49.417527627605281 ], [ 8.663035967802541, 49.417546088495676 ], [ 8.663057185159627, 49.417563275375336 ], [ 8.663080882547913, 49.417579022723835 ], [ 8.663106831748692, 49.417593178884161 ], [ 8.663134782856199, 49.417605607523321 ], [ 8.663164466684384, 49.417616188945388 ], [ 8.663195597359358, 49.417624821244253 ], [ 8.663227875072636, 49.417631421285165 ], [ 8.663260988968549, 49.417635925505238 ], [ 8.663294620138107, 49.417638290525822 ], [ 8.663328444690425, 49.417638493570152 ], [ 8.663362136872125, 49.417636532682749 ], [ 8.663395372204706, 49.417632426748291 ], [ 8.663427830609601, 49.417626215309689 ], [ 8.66345919949088, 49.417617958187257 ], [ 8.663489176745857, 49.417607734902596 ], [ 8.663517473674629, 49.417595643912691 ], [ 8.663543817760512, 49.417581801661704 ], [ 8.663567955294601, 49.417566341459477 ], [ 8.663589653819146, 49.417549412197658 ], [ 8.663608704366272, 49.417531176915674 ], [ 8.663624923470403, 49.417511811230646 ], [ 8.663638154935091, 49.417491501645905 ], [ 8.664068914682177, 49.416728271414868 ], [ 8.664086424657421, 49.41672677988204 ], [ 8.664105616990186, 49.416724784544542 ], [ 8.66436248853682, 49.4166932101299 ], [ 8.664436989706026, 49.416708415684795 ], [ 8.664449688060936, 49.416710567329247 ], [ 8.664462310669123, 49.416712900983569 ], [ 8.664466050778783, 49.416713339873503 ], [ 8.664469728879734, 49.416713963101124 ], [ 8.664482689351752, 49.416715292356955 ], [ 8.664495601786495, 49.416716807589978 ], [ 8.664499389824982, 49.41671700519592 ], [ 8.664503143848799, 49.416717390217244 ], [ 8.664516241620399, 49.416717884282804 ], [ 8.664529319525728, 49.416718566501807 ], [ 8.664533119011864, 49.41671852092071 ], [ 8.664536912804575, 49.416718664027677 ], [ 8.664550021733962, 49.416718318144724 ], [ 8.66456313916218, 49.416718160779567 ], [ 8.664566913504625, 49.416717872450391 ], [ 8.664570710529143, 49.416717772264782 ], [ 8.664583704368912, 49.416716589764427 ], [ 8.664596734989816, 49.416715594330583 ], [ 8.664600447838808, 49.416715066030143 ], [ 8.664604211527509, 49.416714723516819 ], [ 8.664616965138093, 49.416712715787369 ], [ 8.664629783458127, 49.416710891871517 ], [ 8.664633399056697, 49.416710128687654 ], [ 8.664637093162462, 49.416709547145281 ], [ 8.66464948371836, 49.416706733522503 ], [ 8.664661966288248, 49.41670409869019 ], [ 8.664665449815491, 49.416703107972936 ], [ 8.664669038761923, 49.416702293002118 ], [ 8.664680946934396, 49.416698700582934 ], [ 8.664692973538319, 49.416695280209495 ], [ 8.664696291445777, 49.416694071500075 ], [ 8.66469974066881, 49.41669303094956 ], [ 8.664711051774161, 49.416688694331427 ], [ 8.664722506588536, 49.416684521357276 ], [ 8.664725626922717, 49.41668310629634 ], [ 8.66472890320409, 49.416681850187338 ], [ 8.664739508309252, 49.416676811134757 ], [ 8.664750281017138, 49.416671925748368 ], [ 8.66475317372746, 49.416670317963792 ], [ 8.664755358054125, 49.416669280073386 ], [ 8.664746418312895, 49.416683552561295 ], [ 8.664736753624268, 49.416704700534666 ], [ 8.664730312715667, 49.416726364704182 ], [ 8.664727157620678, 49.416748336432597 ], [ 8.664727318728957, 49.416770404120413 ], [ 8.664730794493389, 49.416792355243722 ], [ 8.664737551444817, 49.416813978400931 ], [ 8.664747524514201, 49.416835065348671 ], [ 8.664760617659111, 49.416855413007312 ], [ 8.66477670478853, 49.416874825416741 ], [ 8.66479563097705, 49.416893115623644 ], [ 8.664817213956807, 49.416910107482011 ], [ 8.664841245872749, 49.416925637349543 ], [ 8.664867495284359, 49.416939555663681 ], [ 8.664895709394559, 49.416951728382053 ], [ 8.664925616484316, 49.416962038273418 ], [ 8.664956928529518, 49.416970386046643 ], [ 8.664989343974886, 49.416976691307127 ], [ 8.665022550638252, 49.41698089333098 ], [ 8.665056228717177, 49.416982951649835 ], [ 8.665090053868985, 49.416982846440696 ], [ 8.665123700334526, 49.416980578716817 ], [ 8.665156844075595, 49.416976170317866 ], [ 8.665189165895745, 49.416969663699717 ], [ 8.665220354514501, 49.416961121525404 ], [ 8.665272854681923, 49.416944721458776 ], [ 8.665307674286797, 49.416932184845685 ], [ 8.665472653537705, 49.416864403236666 ], [ 8.665489177274452, 49.416861738583705 ], [ 8.665714639910354, 49.41686423997654 ], [ 8.665743572344812, 49.416863768116414 ], [ 8.665772342111165, 49.416861714396433 ], [ 8.665852942467158, 49.416853714361366 ], [ 8.665866793668668, 49.416851857472452 ], [ 8.665853468008702, 49.416870416649012 ], [ 8.665842190756671, 49.416891222017576 ], [ 8.665834093587639, 49.416912648347981 ], [ 8.665829254485709, 49.416934489293617 ], [ 8.665827720058331, 49.41695653451464 ], [ 8.665829505087308, 49.416978571703673 ], [ 8.665861003700671, 49.417179571793312 ], [ 8.665866091033919, 49.417201388717963 ], [ 8.665874431660939, 49.417222775270105 ], [ 8.665885945260849, 49.417243525484878 ], [ 8.665900520954809, 49.417263439525456 ], [ 8.665918018373725, 49.417282325607623 ], [ 8.665938269009969, 49.417300001846833 ], [ 8.665961077840114, 49.417316298009837 ], [ 8.665986225203074, 49.417331057154271 ], [ 8.666013468915548, 49.417344137140056 ], [ 8.666042546604377, 49.417355411998408 ], [ 8.666073178233413, 49.417364773145017 ], [ 8.666105068800491, 49.417372130425818 ], [ 8.666137911178565, 49.417377412985253 ], [ 8.666171389073655, 49.417380569948705 ], [ 8.666205180071069, 49.417381570912497 ], [ 8.666238958740603, 49.417380406236617 ], [ 8.666272399770785, 49.41737708713773 ], [ 8.666305181101961, 49.417371645580943 ], [ 8.666336987028084, 49.417364133972136 ], [ 8.66636751123727, 49.417354624653093 ], [ 8.666396459761895, 49.417343209204894 ], [ 8.666423553809762, 49.417329997565794 ], [ 8.666448532449108, 49.417315116972475 ], [ 8.66647115512156, 49.417298710734627 ], [ 8.666491203958874, 49.417280936854709 ], [ 8.666508485881094, 49.417261966506295 ], [ 8.666522834455971, 49.417241982385463 ], [ 8.666534111501726, 49.41722117695133 ], [ 8.666542208417683, 49.417199750572522 ], [ 8.666547047230052, 49.417177909597441 ], [ 8.666548581342679, 49.417155864367054 ], [ 8.666546795985651, 49.41713382718909 ], [ 8.666515294599023, 49.416932827278792 ], [ 8.666510207005027, 49.416911010381135 ], [ 8.666501866153673, 49.416889623873224 ], [ 8.666490352375833, 49.416868873718116 ], [ 8.666475776558904, 49.416848959750268 ], [ 8.666458279078778, 49.416830073750944 ], [ 8.666438028447832, 49.416812397601383 ], [ 8.666415219691986, 49.41679610153119 ], [ 8.666390072472444, 49.416781342478991 ], [ 8.66636282897022, 49.416768262581094 ], [ 8.666333751553829, 49.416756987802728 ], [ 8.666303120252572, 49.416747626724835 ], [ 8.666271230059792, 49.416740269498654 ], [ 8.666238388092031, 49.416734986977382 ], [ 8.66620491063146, 49.416731830033896 ], [ 8.666171120080067, 49.416730829070865 ], [ 8.666146028858314, 49.416731694204252 ], [ 8.666153079472206, 49.416724904899986 ], [ 8.666205779264391, 49.416668804766779 ], [ 8.666221177631488, 49.416650568238296 ], [ 8.666233924683571, 49.416631480729293 ], [ 8.666243911148381, 49.416611705869343 ], [ 8.666251051419417, 49.416591413180186 ], [ 8.666255284289681, 49.416570776622542 ], [ 8.666256573476266, 49.416549973104715 ], [ 8.666253771307494, 49.416240273108379 ], [ 8.666251339706461, 49.416214903807784 ], [ 8.666243239403279, 49.416170703830922 ], [ 8.666236919218582, 49.416147031185218 ], [ 8.666226763419477, 49.416123933670583 ], [ 8.66621288797279, 49.416101675020364 ], [ 8.666195451316637, 49.416080509389232 ], [ 8.666176431447495, 49.416060115993623 ], [ 8.666186181087031, 49.416059059681245 ], [ 8.666218845195838, 49.41605332806008 ], [ 8.666250490907421, 49.41604553522324 ], [ 8.666280813452932, 49.416035756220914 ], [ 8.666309520806969, 49.416024085231392 ], [ 8.66633633650005, 49.416010634653979 ], [ 8.666361002281235, 49.415995534026443 ], [ 8.66638328060527, 49.415978928777534 ], [ 8.66640295692029, 49.415960978826341 ], [ 8.666419841734051, 49.415941857042 ], [ 8.666433772438779, 49.415921747579041 ], [ 8.666444614877102, 49.415900844103668 ], [ 8.666452264633934, 49.415879347928637 ], [ 8.666456648041917, 49.41585746607452 ], [ 8.666457722890732, 49.415835409275914 ], [ 8.666455478833427, 49.415813389951943 ], [ 8.666449937485913, 49.415791620160554 ], [ 8.666441152218605, 49.415770309556287 ], [ 8.666429207642283, 49.41574966337118 ], [ 8.666414218793093, 49.41572988043837 ], [ 8.666396330024558, 49.415711151277144 ], [ 8.666378877834632, 49.415696341403283 ], [ 8.66643506955756, 49.41569666383937 ], [ 8.666469799076411, 49.415695719500256 ], [ 8.666504206200575, 49.415692497813488 ], [ 8.666537940993271, 49.415687031545119 ], [ 8.666570660355923, 49.415679376289681 ], [ 8.666579599217506, 49.415676593467552 ], [ 8.666590188670684, 49.41568165875222 ], [ 8.666619296191636, 49.415692899720611 ], [ 8.666649952359922, 49.415702225169383 ], [ 8.666681861937038, 49.415709545288237 ], [ 8.666714717612853, 49.415714789579532 ], [ 8.666748202965312, 49.415717907537186 ], [ 8.666781995507906, 49.415718869133187 ], [ 8.667445353457618, 49.415716486632178 ], [ 8.667443359896925, 49.415728713282476 ], [ 8.667441428952596, 49.41575158397864 ], [ 8.667441028503745, 49.415815683976504 ], [ 8.667441029690835, 49.415817690631073 ], [ 8.667442125390103, 49.41596515122049 ], [ 8.667442422982917, 49.41617178775855 ], [ 8.667442021601534, 49.416420463710701 ], [ 8.667442033110826, 49.416422553366544 ], [ 8.667446515528905, 49.416777458734103 ], [ 8.667446319513642, 49.416831064055003 ], [ 8.667446338866107, 49.416831992531826 ], [ 8.667446320009928, 49.416832258849453 ], [ 8.667446353045797, 49.416832672833451 ], [ 8.667446469320753, 49.416838251378628 ], [ 8.667448541324228, 49.416883936690262 ], [ 8.667451607494749, 49.417324820752889 ], [ 8.667451331126555, 49.417343420774287 ] ], [ [ 8.668733841012385, 49.413914350948723 ], [ 8.668192291570067, 49.414020783750104 ], [ 8.66818682039896, 49.414021891444136 ], [ 8.667992192474962, 49.414062455565897 ], [ 8.667384270246233, 49.414188699450179 ], [ 8.666616869177449, 49.4143396880458 ], [ 8.666604100865138, 49.414342195791008 ], [ 8.66647199613336, 49.414109855229611 ], [ 8.666306844997704, 49.413817122505392 ], [ 8.666304359405958, 49.413812851098633 ], [ 8.666246958875925, 49.413717151255469 ], [ 8.666233805573428, 49.413697926082399 ], [ 8.666217954190962, 49.413679587759852 ], [ 8.666199543677209, 49.413662297032893 ], [ 8.666178735412487, 49.413646205463742 ], [ 8.666155711794113, 49.413631454103239 ], [ 8.666130674637555, 49.413618172254431 ], [ 8.666103843407413, 49.413606476339325 ], [ 8.666075453293699, 49.413596468878296 ], [ 8.666045753150321, 49.413588237591583 ], [ 8.665972953418605, 49.413570637666908 ], [ 8.66594170154357, 49.413564167390994 ], [ 8.665909648755852, 49.413559663928453 ], [ 8.665877085123826, 49.413557168034295 ], [ 8.665844305338668, 49.413556702295587 ], [ 8.665811606047594, 49.413558270927112 ], [ 8.665779283169394, 49.413561859733235 ], [ 8.665747629216577, 49.41356743623632 ], [ 8.665646373785698, 49.413588693491882 ], [ 8.665617395632694, 49.413530331946625 ], [ 8.665892005036502, 49.413473852946574 ], [ 8.666533515447355, 49.413361843144642 ], [ 8.666612085295245, 49.413348152118211 ], [ 8.666621112866279, 49.413348784048814 ], [ 8.666681608525355, 49.413372991866858 ], [ 8.666711273800404, 49.413383592387618 ], [ 8.6667423887429, 49.413392244715105 ], [ 8.666774653695875, 49.413398865521629 ], [ 8.666807757926552, 49.413403391044376 ], [ 8.666841382619031, 49.413405777699516 ], [ 8.666875203944805, 49.413406002501922 ], [ 8.666908896181575, 49.413404063286585 ], [ 8.666942134850304, 49.413399978729458 ], [ 8.666974599840296, 49.413393788167582 ], [ 8.667005978492199, 49.413385551220209 ], [ 8.667035968609223, 49.413375347214618 ], [ 8.667064281367594, 49.41336327442216 ], [ 8.667090644098176, 49.41334944911172 ], [ 8.667114802912486, 49.41333400443002 ], [ 8.667136525147837, 49.41331708911919 ], [ 8.667155601607988, 49.413298866084361 ], [ 8.667171848577803, 49.41327951082468 ], [ 8.667185109592465, 49.413259209743053 ], [ 8.66719525694422, 49.413238158351056 ], [ 8.667202192912159, 49.413216559385944 ], [ 8.667205850703184, 49.413194620858128 ], [ 8.667206195095106, 49.413172554047954 ], [ 8.667203222775687, 49.413150571470887 ], [ 8.667196962374364, 49.41312888483094 ], [ 8.667187474186369, 49.41310770298179 ], [ 8.667174849591891, 49.413087229915448 ], [ 8.667159210175896, 49.413067662797758 ], [ 8.667140706557062, 49.413049190069572 ], [ 8.667119516937154, 49.413031989632067 ], [ 8.667095845384759, 49.413016227133447 ], [ 8.667069919869977, 49.413002054373742 ], [ 8.667041990068922, 49.412989607842988 ], [ 8.666915290374762, 49.412938908039393 ], [ 8.666888570165552, 49.412929251715219 ], [ 8.666860644542201, 49.412921176872274 ], [ 8.666831732843866, 49.412914746933495 ], [ 8.666802062154435, 49.412910012402087 ], [ 8.666771865518951, 49.412907010464835 ], [ 8.666688670939543, 49.412901186845154 ], [ 8.666483146030011, 49.41247378312606 ], [ 8.666471449744396, 49.412453076698242 ], [ 8.666456699149652, 49.412433217985559 ], [ 8.666446066968648, 49.412421889404378 ], [ 8.666503469309651, 49.412403117432611 ], [ 8.666550535013696, 49.412390438754102 ], [ 8.666716908648263, 49.412358932244373 ], [ 8.666900527138569, 49.412341268321832 ], [ 8.66714875428301, 49.412323419371113 ], [ 8.66715213708577, 49.412323165082384 ], [ 8.667380338106616, 49.412305265004044 ], [ 8.667380758769522, 49.412305231835667 ], [ 8.667628059875311, 49.412285631749882 ], [ 8.667970583092631, 49.4122584242578 ], [ 8.668182171408668, 49.41224981109481 ], [ 8.668200845792642, 49.412250573312981 ], [ 8.668231773183518, 49.412259001399647 ], [ 8.66826731960632, 49.412267228929458 ], [ 8.668304031081343, 49.412272872863575 ], [ 8.668341467943861, 49.412275865608962 ], [ 8.668425768326177, 49.412279565626491 ], [ 8.66846186625056, 49.412279913486785 ], [ 8.66849782190155, 49.412277795678406 ], [ 8.66853324075224, 49.412273235439187 ], [ 8.668910342318826, 49.412211135169784 ], [ 8.668948080922258, 49.412203392524717 ], [ 8.669115135367189, 49.412162106335238 ], [ 8.669254158342115, 49.412138084895901 ], [ 8.669410782821645, 49.412117407195375 ], [ 8.669538803090228, 49.412103608072599 ], [ 8.670875421897623, 49.412010056781185 ], [ 8.670879131999554, 49.412146780016641 ], [ 8.670877056816414, 49.41236086322354 ], [ 8.670875956211583, 49.412472045677625 ], [ 8.670874755608246, 49.412592921202865 ], [ 8.670872354190491, 49.41282759917371 ], [ 8.670868847184972, 49.413188019966526 ], [ 8.670625175804869, 49.413182654428951 ], [ 8.670630838578814, 49.412780566732351 ], [ 8.67062948945191, 49.412758516336218 ], [ 8.670624834263863, 49.41273665839843 ], [ 8.67061691785096, 49.412715203422465 ], [ 8.670605816456552, 49.412694358030869 ], [ 8.670591636996626, 49.412674322975235 ], [ 8.67057451603003, 49.412655291203031 ], [ 8.670554618443205, 49.412637445999373 ], [ 8.670532135862176, 49.412620959221961 ], [ 8.670507284807018, 49.412605989646053 ], [ 8.670480304606638, 49.412592681435406 ], [ 8.670451455093913, 49.412581162753995 ], [ 8.670421014103415, 49.41257154453173 ], [ 8.670389274795779, 49.412563919396177 ], [ 8.670356542834512, 49.412558360780686 ], [ 8.670323133442421, 49.412554922216998 ], [ 8.670289368365992, 49.412553636819936 ], [ 8.670255572776956, 49.412554516968399 ], [ 8.670222072140881, 49.412557554186186 ], [ 8.670189189082919, 49.412562719223601 ], [ 8.670157240280938, 49.412569962339148 ], [ 8.670126533415869, 49.41257921377855 ], [ 8.670097364208711, 49.41259038444651 ], [ 8.670070013572701, 49.412603366764621 ], [ 8.670044744908028, 49.412618035707411 ], [ 8.670037236395437, 49.412623342051347 ], [ 8.670029902953798, 49.412623045673485 ], [ 8.669996102701957, 49.412623846824928 ], [ 8.669962585558386, 49.412626805721189 ], [ 8.669929674307209, 49.412631893866866 ], [ 8.669897685897791, 49.412639062260965 ], [ 8.669866928392484, 49.412648241868816 ], [ 8.669837697999961, 49.412659344286837 ], [ 8.669810276222673, 49.412672262593937 ], [ 8.669784927145916, 49.412686872381144 ], [ 8.669761894894593, 49.412703032949594 ], [ 8.669741401282183, 49.41272058866565 ], [ 8.669723643674542, 49.412739370459519 ], [ 8.669708793089121, 49.412759197453596 ], [ 8.669696992547898, 49.4127798787042 ], [ 8.669688355699884, 49.412801215040531 ], [ 8.669682965726508, 49.41282300098274 ], [ 8.669680874540374, 49.412845026720738 ], [ 8.669674570582911, 49.413166843312148 ], [ 8.669658616044041, 49.413166661607825 ], [ 8.669635395746958, 49.413166907681898 ], [ 8.669506596333342, 49.413171107664127 ], [ 8.669478142031066, 49.413172809262207 ], [ 8.669450001539992, 49.413176042821448 ], [ 8.669438823556328, 49.413177961540718 ], [ 8.669425934034685, 49.413173974484984 ], [ 8.669392929605568, 49.413166331630968 ], [ 8.669346229791357, 49.41315723167088 ], [ 8.669318072454933, 49.413152578346796 ], [ 8.66928941458729, 49.413149488452959 ], [ 8.669233411414153, 49.413145022383532 ], [ 8.669164425206574, 49.413133247928549 ], [ 8.669126181058802, 49.413128209795289 ], [ 8.669087309235744, 49.413126024104606 ], [ 8.668262212999441, 49.413110224184067 ], [ 8.668243069601145, 49.41311020456007 ], [ 8.668108570215049, 49.413112504550959 ], [ 8.668074843150904, 49.413114164467103 ], [ 8.668041527853081, 49.413117973290809 ], [ 8.668008945161924, 49.413123894341489 ], [ 8.667977408862745, 49.413131870596921 ], [ 8.667947222664056, 49.41314182524237 ], [ 8.667918677272802, 49.413153662410295 ], [ 8.667892047594806, 49.413167268103628 ], [ 8.667867590087345, 49.413182511293456 ], [ 8.667845540289369, 49.413199245180998 ], [ 8.667826110553136, 49.413217308611181 ], [ 8.667809487999126, 49.41323652762464 ], [ 8.667795832713908, 49.413256717133024 ], [ 8.667785276208324, 49.413277682701391 ], [ 8.667777920150868, 49.413299222420726 ], [ 8.66777383538841, 49.413321128852353 ], [ 8.667773061263757, 49.413343191025746 ], [ 8.667775605236594, 49.413365196470153 ], [ 8.667781442811464, 49.413386933260938 ], [ 8.667789925452114, 49.413406804501797 ], [ 8.667780635379309, 49.413411642484078 ], [ 8.667756395830233, 49.413427033248475 ], [ 8.667734585122561, 49.41344390005343 ], [ 8.667715413306068, 49.413462080463837 ], [ 8.667699065017395, 49.413481399393753 ], [ 8.667685697701859, 49.413501670792535 ], [ 8.66767544009706, 49.413522699436577 ], [ 8.66766839099296, 49.413544282809376 ], [ 8.667664618280334, 49.413566213051858 ], [ 8.667664158296802, 49.413588278964141 ], [ 8.667667015476697, 49.413610268039463 ], [ 8.667673162308198, 49.413631968510757 ], [ 8.667682539598115, 49.413653171390145 ], [ 8.667695057041788, 49.413673672481536 ], [ 8.667710594092629, 49.413693274347224 ], [ 8.667729001122924, 49.413711788209369 ], [ 8.667750100864735, 49.413729035768064 ], [ 8.667773690117015, 49.413744850918462 ], [ 8.667799541702504, 49.413759081350605 ], [ 8.667827406655567, 49.413771590016211 ], [ 8.667857016619898, 49.413782256448691 ], [ 8.667888086432997, 49.413790977923185 ], [ 8.667920316872539, 49.413797670446115 ], [ 8.667953397538149, 49.413802269563988 ], [ 8.66798700984088, 49.413804730984175 ], [ 8.668020830071557, 49.41380503100153 ], [ 8.668054532518422, 49.413803166726687 ], [ 8.668087792604108, 49.413799156113868 ], [ 8.66812029001165, 49.413793037787933 ], [ 8.668151711769481, 49.413784870672508 ], [ 8.668200036050301, 49.413770479673886 ], [ 8.668260582569529, 49.413755633716789 ], [ 8.668953847194608, 49.413769555380107 ], [ 8.668946594544526, 49.413871757088643 ], [ 8.668733841012385, 49.413914350948723 ] ], [ [ 8.660858379613469, 49.419349686598885 ], [ 8.660880273232779, 49.419333302477668 ], [ 8.660899639877867, 49.419315615958809 ], [ 8.660916298613158, 49.419296792283617 ], [ 8.660930093803046, 49.41927700731739 ], [ 8.660940896565858, 49.419256445906377 ], [ 8.660944530113635, 49.419248259648917 ], [ 8.660961163991585, 49.419246335362942 ], [ 8.660994876324649, 49.419240076976948 ], [ 8.661027440127691, 49.41923161746081 ], [ 8.661053710345401, 49.419223761151187 ], [ 8.661068238883791, 49.419226388260753 ], [ 8.661101565574301, 49.419230169930195 ], [ 8.661135299974072, 49.419231802341614 ], [ 8.661169117198003, 49.419231269773789 ], [ 8.661202691563295, 49.419228577355689 ], [ 8.661235699726141, 49.4192237510171 ], [ 8.661267823795864, 49.419216837238913 ], [ 8.661298754396526, 49.419207902605443 ], [ 8.661328193646538, 49.419197033163158 ], [ 8.661355858027525, 49.419184333591915 ], [ 8.661381481114864, 49.419169926196943 ], [ 8.661404816143543, 49.41915394973072 ], [ 8.661425638384683, 49.419136558056778 ], [ 8.661443747309781, 49.419117918667851 ], [ 8.661458968521869, 49.419098211072736 ], [ 8.661471155434992, 49.419077625067537 ], [ 8.661607787090963, 49.418808172606155 ], [ 8.661671609409115, 49.418702739754778 ], [ 8.66251639909375, 49.418905004375233 ], [ 8.66251004106697, 49.418924849153711 ], [ 8.662506399125759, 49.418946788807631 ], [ 8.662506071061339, 49.418968855697358 ], [ 8.662509060037593, 49.418990837306687 ], [ 8.662515337273422, 49.419012521940473 ], [ 8.662524842319762, 49.419033700763329 ], [ 8.662537483641572, 49.419054169810828 ], [ 8.662553139499225, 49.419073731953887 ], [ 8.662571659120809, 49.419092198797173 ], [ 8.662592864154039, 49.41910939249361 ], [ 8.662616550383813, 49.419125147457059 ], [ 8.6626424896989, 49.41913931195721 ], [ 8.66267043228874, 49.419151749580749 ], [ 8.662700109049315, 49.419162340545221 ], [ 8.662709909080005, 49.419165440557904 ], [ 8.662717176066929, 49.419167475292362 ], [ 8.662715518023326, 49.419277795790315 ], [ 8.66271550165391, 49.419280241567513 ], [ 8.662715998416237, 49.41958256273616 ], [ 8.662714806415613, 49.419739166581195 ], [ 8.662713913571991, 49.419800049266222 ], [ 8.662713899747491, 49.419801444285405 ], [ 8.662713102359104, 49.41995612652893 ], [ 8.662710511863299, 49.420129508796926 ], [ 8.662710505630031, 49.420133425295681 ], [ 8.662711288151796, 49.420199979271523 ], [ 8.6624453703055, 49.420130181415374 ], [ 8.662151903521263, 49.420053190179118 ], [ 8.662083492493597, 49.420035213571119 ], [ 8.662014112797175, 49.42001700251668 ], [ 8.662011225115675, 49.419999109973567 ], [ 8.662004402746632, 49.419977495516427 ], [ 8.661994365685558, 49.419956421380093 ], [ 8.66198121059851, 49.419936090519194 ], [ 8.661965064179277, 49.419916698730027 ], [ 8.661946081929138, 49.41989843276491 ], [ 8.661924446659196, 49.419881468533738 ], [ 8.661900366729752, 49.419865969409926 ], [ 8.661874074043643, 49.419852084657073 ], [ 8.661845821812902, 49.419839947991527 ], [ 8.661815882120209, 49.41982967629469 ], [ 8.661784543298662, 49.419821368487433 ], [ 8.661752107155072, 49.419815104577431 ], [ 8.661718886063511, 49.419810944888823 ], [ 8.661685199957125, 49.419808929481121 ], [ 8.661651373247166, 49.419809077763539 ], [ 8.661617731698893, 49.419811388308034 ], [ 8.661584599294459, 49.419815838863101 ], [ 8.661552295112937, 49.419822386568022 ], [ 8.661521130257587, 49.419830968365602 ], [ 8.661491404859886, 49.419841501609497 ], [ 8.661463405189233, 49.419853884859982 ], [ 8.661444599503257, 49.419864091769611 ], [ 8.661349938210773, 49.41983875624797 ], [ 8.661345923654975, 49.419837700928007 ], [ 8.661280969650752, 49.419820934372048 ], [ 8.661283387633681, 49.419642083743724 ], [ 8.66128202584532, 49.419620033709108 ], [ 8.661277357645345, 49.419598176928567 ], [ 8.661269427995355, 49.419576723894473 ], [ 8.661258313266178, 49.419555881210627 ], [ 8.661244120502227, 49.419535849602575 ], [ 8.661226986390471, 49.419516821984558 ], [ 8.661207075943945, 49.419498981601713 ], [ 8.661184580912519, 49.419482500265275 ], [ 8.661159717936167, 49.419467536698143 ], [ 8.661132726458598, 49.419454235006178 ], [ 8.661103866421302, 49.419442723290572 ], [ 8.661073415760194, 49.41943311241414 ], [ 8.661041667729044, 49.419425494933776 ], [ 8.661008928075367, 49.419419944209011 ], [ 8.66097551209605, 49.41941651369568 ], [ 8.660941741601015, 49.419415236431007 ], [ 8.660907941814171, 49.419416124715625 ], [ 8.660874438241517, 49.419419169994917 ], [ 8.660841553536487, 49.419424342941618 ], [ 8.660825843097919, 49.419427908395292 ], [ 8.66082436514545, 49.419369580590384 ], [ 8.660834163565093, 49.41936461524898 ], [ 8.660858379613469, 49.419349686598885 ] ], [ [ 8.664866511000527, 49.416565651367264 ], [ 8.664867547056799, 49.416563266052933 ], [ 8.664868858222688, 49.416560939067175 ], [ 8.664872156144982, 49.416552654540411 ], [ 8.664875733045871, 49.416544419434665 ], [ 8.664876405746609, 49.416541979353042 ], [ 8.664877360995035, 49.416539579726717 ], [ 8.664879398380329, 49.416531124198386 ], [ 8.664881720825383, 49.416522700013331 ], [ 8.664882023692552, 49.416520228663813 ], [ 8.664882613824419, 49.416517779506684 ], [ 8.664883371053188, 49.416509234408288 ], [ 8.664884319591053, 49.41650149448521 ], [ 8.665071590685955, 49.416497685441655 ], [ 8.664957181628434, 49.416544690240805 ], [ 8.664922646709078, 49.416555478278447 ], [ 8.664892891828188, 49.416565973658841 ], [ 8.664864857021565, 49.416578321241097 ], [ 8.664856178068804, 49.416583013443898 ], [ 8.664857187389844, 49.416581651825219 ], [ 8.66486171408976, 49.416573618084925 ], [ 8.664866511000527, 49.416565651367264 ] ], [ [ 8.664292772534621, 49.416131647520473 ], [ 8.664281288231992, 49.416129402160443 ], [ 8.664170488680027, 49.416109102249941 ], [ 8.664149513535097, 49.416105718255466 ], [ 8.663977114268828, 49.416081618363776 ], [ 8.663949596803079, 49.416078526286398 ], [ 8.663890997063776, 49.416073526309418 ], [ 8.663706626820478, 49.416057886837798 ], [ 8.663477959586569, 49.416033418576035 ], [ 8.663222195799678, 49.41598258798745 ], [ 8.662916623477749, 49.415911044127938 ], [ 8.662916591409436, 49.415911037759805 ], [ 8.662916560449794, 49.415911029375565 ], [ 8.66289661974287, 49.415906363423012 ], [ 8.662917654428242, 49.41590102568653 ], [ 8.662947825002508, 49.415891048735595 ], [ 8.662976351382195, 49.415879190463265 ], [ 8.663002958840782, 49.415865565072501 ], [ 8.663027391132829, 49.415850303784651 ], [ 8.663049412961799, 49.415833553575702 ], [ 8.663068812246102, 49.415815475760731 ], [ 8.663085402161533, 49.415796244440344 ], [ 8.663099022940431, 49.415776044823915 ], [ 8.663109543410243, 49.415755071445837 ], [ 8.66311686225667, 49.41573352629208 ], [ 8.663120908999241, 49.415711616854836 ], [ 8.663121644669932, 49.41568955413436 ], [ 8.663119062188267, 49.415667550606763 ], [ 8.663113186429353, 49.415645818177808 ], [ 8.663104073984144, 49.415624566142228 ], [ 8.663096456298026, 49.415611788389342 ], [ 8.663163270990289, 49.415587880424241 ], [ 8.663444259142125, 49.4155092290327 ], [ 8.663634806335883, 49.415468311122765 ], [ 8.663803254632848, 49.415432177108563 ], [ 8.663956603207843, 49.41541342285776 ], [ 8.663958260912411, 49.415413164611792 ], [ 8.663959947063386, 49.415413002741744 ], [ 8.663974707105249, 49.415410602537058 ], [ 8.663989502774658, 49.415408297589579 ], [ 8.663991113698907, 49.415407934578305 ], [ 8.663992767411747, 49.415407665659735 ], [ 8.664061267684589, 49.415394165601775 ], [ 8.664075443339344, 49.415391152084069 ], [ 8.664391244537502, 49.415319051778376 ], [ 8.66439538571802, 49.415318086912585 ], [ 8.664767287106342, 49.415229686539313 ], [ 8.664767895947758, 49.41522951930974 ], [ 8.664768526228443, 49.41522939024501 ], [ 8.664858326561982, 49.415207790153922 ], [ 8.664859873756669, 49.415207415251444 ], [ 8.665136862575558, 49.415139804541646 ], [ 8.665159977247955, 49.415134845946717 ], [ 8.665309896271948, 49.41510306907815 ], [ 8.665315786947682, 49.415101608363265 ], [ 8.665321804322549, 49.415100387104431 ], [ 8.665610033207123, 49.415031599505745 ], [ 8.665794202724456, 49.41498804268317 ], [ 8.66583373134528, 49.415030018320756 ], [ 8.665834001550467, 49.415030275988762 ], [ 8.665834232906713, 49.415030549278072 ], [ 8.665882283856629, 49.415081258523792 ], [ 8.665874609421754, 49.415084218038579 ], [ 8.665847923175324, 49.415096903574039 ], [ 8.66582321985787, 49.415111196893754 ], [ 8.665800726172723, 49.41512696682841 ], [ 8.665780648546066, 49.415144068657696 ], [ 8.665763171232561, 49.415162345438368 ], [ 8.665748454624374, 49.415181629444518 ], [ 8.66573663377919, 49.415201743706739 ], [ 8.665727817180684, 49.415222503636137 ], [ 8.665722085742853, 49.415243718718266 ], [ 8.66571949206733, 49.415265194261515 ], [ 8.665710190686568, 49.415462694231095 ], [ 8.665710844171663, 49.415485065739617 ], [ 8.665714902148048, 49.415507284128019 ], [ 8.665722324442539, 49.415529129413571 ], [ 8.665733037571815, 49.415550385307242 ], [ 8.665746935469807, 49.415570841355326 ], [ 8.665763880537694, 49.415590295023065 ], [ 8.665783705006145, 49.415608553700018 ], [ 8.665796257784972, 49.415617969519204 ], [ 8.665424840400929, 49.415622161101247 ], [ 8.66539048774815, 49.415623670807982 ], [ 8.665356537352233, 49.415627409030769 ], [ 8.665323327988192, 49.415633338467586 ], [ 8.665291191036932, 49.415641399951426 ], [ 8.66526044717866, 49.415651513040473 ], [ 8.665231403193081, 49.415663576820833 ], [ 8.665204348898246, 49.415677470913543 ], [ 8.665179554258637, 49.415693056675664 ], [ 8.665157266691343, 49.415710178583659 ], [ 8.665137708597157, 49.415728665785359 ], [ 8.665111908497874, 49.415755865720328 ], [ 8.665096086847093, 49.415774456307531 ], [ 8.665083027392317, 49.415793938775998 ], [ 8.665072846910132, 49.415814138920027 ], [ 8.665065636434685, 49.415834876116499 ], [ 8.66506146044356, 49.415855964939936 ], [ 8.665060356281119, 49.415877216820427 ], [ 8.665063865339897, 49.416047879275354 ], [ 8.664770960578158, 49.416053836689251 ], [ 8.664737244539321, 49.41605560574331 ], [ 8.664703956625146, 49.416059522344376 ], [ 8.664671417412269, 49.416065548773929 ], [ 8.66463994026731, 49.416073626994887 ], [ 8.664609828329118, 49.416083679210551 ], [ 8.664581371589508, 49.416095608613738 ], [ 8.664554844100577, 49.416109300319121 ], [ 8.664530501335506, 49.416124622469425 ], [ 8.664508577728256, 49.416141427505458 ], [ 8.664489284415849, 49.416159553586908 ], [ 8.664478752953208, 49.416171871708656 ], [ 8.664473284110326, 49.416170167794903 ], [ 8.664443771945466, 49.416163047383712 ], [ 8.664292772534621, 49.416131647520473 ] ], [ [ 8.664836913534305, 49.413958377542613 ], [ 8.66483497437086, 49.4139416950525 ], [ 8.664830793083134, 49.413919904080394 ], [ 8.664823373890599, 49.41389848312842 ], [ 8.664812787557706, 49.413877636498114 ], [ 8.664718825110102, 49.41371900811523 ], [ 8.6647120225955, 49.413707335268882 ], [ 8.66479714409496, 49.413684378626428 ], [ 8.664955501963666, 49.413656595425138 ], [ 8.665096615017587, 49.413940802540608 ], [ 8.665098325886682, 49.413943746917667 ], [ 8.665099674757869, 49.41394668639613 ], [ 8.665363179956906, 49.414431288626609 ], [ 8.665331070414307, 49.414438918117312 ], [ 8.665324771670564, 49.414432243833218 ], [ 8.665304299865166, 49.414414676946713 ], [ 8.665281287545183, 49.414398503821133 ], [ 8.665255956332182, 49.414383880211084 ], [ 8.66522855017906, 49.414370946948502 ], [ 8.665199333020682, 49.41435982858642 ], [ 8.665168586232074, 49.414350632199465 ], [ 8.665136605918732, 49.414343446352781 ], [ 8.665103700065062, 49.414338340249117 ], [ 8.66507018556846, 49.414335363062364 ], [ 8.665046011750432, 49.414334776890882 ], [ 8.664912303289276, 49.414085596010288 ], [ 8.664908358656335, 49.41407861701061 ], [ 8.664836913534305, 49.413958377542613 ] ], [ [ 8.660775736573076, 49.418739900660938 ], [ 8.660775217953828, 49.418739821233473 ], [ 8.660741687309478, 49.418736907784705 ], [ 8.660732404908202, 49.418736700393488 ], [ 8.66086350549217, 49.418508529342638 ], [ 8.660888260615943, 49.418514267602468 ], [ 8.660834301157891, 49.418624153822279 ], [ 8.660775736573076, 49.418739900660938 ] ], [ [ 8.65910208974945, 49.42008738257654 ], [ 8.659086587790661, 49.420106650414859 ], [ 8.659074013152532, 49.420126805501596 ], [ 8.659028412663938, 49.420211405373387 ], [ 8.659017011718685, 49.420237487344707 ], [ 8.659009749908245, 49.420258929057944 ], [ 8.658970777517174, 49.420249412756448 ], [ 8.659156551724799, 49.419893502517013 ], [ 8.659295459503115, 49.419919847107259 ], [ 8.659273080076286, 49.419932690562582 ], [ 8.659247782401154, 49.419950747898987 ], [ 8.659184782312927, 49.420000947754723 ], [ 8.659168745001676, 49.420014782616789 ], [ 8.65915438997707, 49.420029382710254 ], [ 8.65910208974945, 49.42008738257654 ] ], [ [ 8.664929126626889, 49.419645172347288 ], [ 8.66496291263342, 49.419644081423755 ], [ 8.664996372038384, 49.419640835353064 ], [ 8.665029182605162, 49.419635465397072 ], [ 8.665061028346136, 49.419628023272075 ], [ 8.665091602565964, 49.419618580650692 ], [ 8.66512061081537, 49.419607228471662 ], [ 8.665147773726947, 49.419594076063916 ], [ 8.665172829705707, 49.419579250093697 ], [ 8.665178147376515, 49.419575419690652 ], [ 8.6661723, 49.4195719 ], [ 8.6661723, 49.4194175 ], [ 8.665273646950212, 49.419419523830562 ], [ 8.665272027148157, 49.419398175934631 ], [ 8.665267051225625, 49.419376348063729 ], [ 8.665258819693614, 49.419354943478282 ], [ 8.665247884185359, 49.419335028533993 ], [ 8.665450411106466, 49.419341779433154 ], [ 8.665471394674293, 49.419342061474332 ], [ 8.66571891291518, 49.419340470856199 ], [ 8.665877847904158, 49.419359193567907 ], [ 8.665911565287423, 49.419362053789825 ], [ 8.665945550584846, 49.419362733004427 ], [ 8.666301792947865, 49.419358382566351 ], [ 8.666387647484003, 49.419358653402092 ], [ 8.666632565773956, 49.419364235303021 ], [ 8.666633274221363, 49.41936425097262 ], [ 8.666783242722245, 49.419367467137214 ], [ 8.666776083008868, 49.419371009410639 ], [ 8.666751263461522, 49.419386003603975 ], [ 8.666728816247028, 49.419402512645192 ], [ 8.666708957544847, 49.419420377544647 ], [ 8.666691878606505, 49.419439426254961 ], [ 8.666677743913681, 49.419459475327905 ], [ 8.666666689594075, 49.419480331681015 ], [ 8.666658822110321, 49.419501794457126 ], [ 8.666654217234537, 49.419523656958624 ], [ 8.666652919318482, 49.419545708638069 ], [ 8.666654940866222, 49.419567737125853 ], [ 8.666660262413561, 49.419589530275445 ], [ 8.666668832715327, 49.419610878206448 ], [ 8.666680569238707, 49.419631575325901 ], [ 8.666695358957952, 49.419651422308334 ], [ 8.666713059442735, 49.419670228015327 ], [ 8.666733500229739, 49.41968781133636 ], [ 8.666756484464223, 49.419704002933045 ], [ 8.666781790795801, 49.419718646870052 ], [ 8.666809175510146, 49.419731602116784 ], [ 8.666838374876127, 49.419742743905815 ], [ 8.666869107685717, 49.419751964934335 ], [ 8.666901077962278, 49.419759176397712 ], [ 8.66693397781108, 49.419764308844712 ], [ 8.666967490384639, 49.419767312846425 ], [ 8.667001292934273, 49.419768159472241 ], [ 8.667373194633431, 49.419765559464061 ], [ 8.667373772145368, 49.419765555110004 ], [ 8.6674461031921, 49.419764970224136 ], [ 8.667495940220418, 49.419764919794645 ], [ 8.667498516951678, 49.420117796863323 ], [ 8.666883883456329, 49.420125307967339 ], [ 8.666331324215193, 49.420121937488425 ], [ 8.666326573870462, 49.420121929855235 ], [ 8.665459877830756, 49.420124429852329 ], [ 8.665426311516896, 49.420125595729694 ], [ 8.665393078861054, 49.420128888840267 ], [ 8.665360495874161, 49.420134277869714 ], [ 8.665328872389658, 49.420141711573471 ], [ 8.665298509117386, 49.420151119264034 ], [ 8.665269694784209, 49.420162411483155 ], [ 8.665242703388566, 49.420175480852393 ], [ 8.665217791595053, 49.42019020309418 ], [ 8.6651951962938, 49.420206438213569 ], [ 8.665175132347859, 49.420224031829399 ], [ 8.665157790550015, 49.420242816642272 ], [ 8.665143335808468, 49.42026261402539 ], [ 8.665131905578606, 49.42028323572309 ], [ 8.665123608555815, 49.42030448564099 ], [ 8.66511852364175, 49.420326161710598 ], [ 8.6651166991939, 49.420348057810834 ], [ 8.665116421136426, 49.420380881156561 ], [ 8.665107096854758, 49.420380363165663 ], [ 8.665112512280862, 49.420092024637583 ], [ 8.66512157124871, 49.420086831370945 ], [ 8.66514467063085, 49.420070709556413 ], [ 8.665165236476623, 49.42005318833008 ], [ 8.66518307072684, 49.420034436432331 ], [ 8.66519800162988, 49.420014634455484 ], [ 8.66520988539569, 49.419993973104553 ], [ 8.665218607580446, 49.419972651360581 ], [ 8.665224084188589, 49.419950874564336 ], [ 8.665226262481598, 49.419928852438758 ], [ 8.665225121485728, 49.419906797069139 ], [ 8.665220672193827, 49.419884920860675 ], [ 8.665212957459307, 49.419863434492818 ], [ 8.66520205158327, 49.419842544890429 ], [ 8.66518805959879, 49.419822453230921 ], [ 8.665171116259268, 49.419803353006863 ], [ 8.66515138474055, 49.419785428162655 ], [ 8.66512905506938, 49.419768851322956 ], [ 8.665104342293288, 49.419753782130364 ], [ 8.66507748440953, 49.419740365708009 ], [ 8.665048740073063, 49.419728731261998 ], [ 8.665018386105599, 49.419718990837097 ], [ 8.664986714829736, 49.419711238237795 ], [ 8.664954031253835, 49.419705548124895 ], [ 8.66492065013475, 49.419701975296562 ], [ 8.664886892946699, 49.419700554160642 ], [ 8.664853084785449, 49.41970129840324 ], [ 8.664849051139358, 49.419701516831772 ], [ 8.664847056320474, 49.419652840282232 ], [ 8.664847273108354, 49.419641020830383 ], [ 8.66489533940093, 49.419644097617393 ], [ 8.664929126626889, 49.419645172347288 ] ], [ [ 8.663405396437703, 49.419584115056743 ], [ 8.663405400470131, 49.419582757408051 ], [ 8.663404900374463, 49.419280980322618 ], [ 8.66340742074534, 49.419113127113285 ], [ 8.663434730079546, 49.419119167013456 ], [ 8.663450067792095, 49.419122301050884 ], [ 8.663565441107577, 49.419143962096328 ], [ 8.663564399563709, 49.41914638979727 ], [ 8.663558519070722, 49.419168121716574 ], [ 8.663555932035319, 49.41919012501274 ], [ 8.663556663376454, 49.419212187782243 ], [ 8.663560706055359, 49.41923409754849 ], [ 8.663568021143146, 49.419255643308119 ], [ 8.663578538195557, 49.419276617563114 ], [ 8.663592155931225, 49.41929681831904 ], [ 8.663608743206924, 49.419316051030556 ], [ 8.663628140280444, 49.41933413047493 ], [ 8.663650160348899, 49.419350882535852 ], [ 8.663674591347686, 49.419366145880396 ], [ 8.663701197992751, 49.419379773512787 ], [ 8.663729724046519, 49.419391634190085 ], [ 8.663759894785633, 49.419401613686162 ], [ 8.663791419646765, 49.419409615891844 ], [ 8.663823995025007, 49.419415563740557 ], [ 8.66385730719786, 49.419419399950499 ], [ 8.663891035346722, 49.419421087576353 ], [ 8.663994155611931, 49.419422935391125 ], [ 8.664004539041983, 49.419437794195879 ], [ 8.664021493696687, 49.419456855914092 ], [ 8.664041227087145, 49.419474743395163 ], [ 8.664063549680465, 49.419491284832958 ], [ 8.664088247074265, 49.419506321349644 ], [ 8.664115082055922, 49.419519708521769 ], [ 8.664143796880959, 49.419531317767522 ], [ 8.664160375394562, 49.41953663261215 ], [ 8.664158453966461, 49.419606889072242 ], [ 8.664158423827596, 49.41960820794111 ], [ 8.664157623522305, 49.419651807938095 ], [ 8.664157721847372, 49.419660508200515 ], [ 8.664161874530656, 49.41976187450728 ], [ 8.664024052596167, 49.419762330549084 ], [ 8.663990274745322, 49.419763525086282 ], [ 8.663956839017525, 49.419766873725472 ], [ 8.663924067412864, 49.419772344217904 ], [ 8.6638922755359, 49.419779883880352 ], [ 8.66386176955637, 49.419789420102717 ], [ 8.663832843260737, 49.419800861047065 ], [ 8.66380577522297, 49.419814096532114 ], [ 8.663780826121812, 49.419828999094292 ], [ 8.663758236230334, 49.419845425215193 ], [ 8.663738223102014, 49.419863216703732 ], [ 8.66372097947553, 49.419882202219533 ], [ 8.663706671418558, 49.419902198922962 ], [ 8.663695436728352, 49.419923014235934 ], [ 8.663687383604577, 49.419944447696516 ], [ 8.66368258960715, 49.419966292889455 ], [ 8.66368110090915, 49.419988339433992 ], [ 8.663682931851984, 49.420010375009994 ], [ 8.663688064807092, 49.420032187402676 ], [ 8.663696450345556, 49.420053566546343 ], [ 8.663708007713961, 49.420074306547498 ], [ 8.663713281153365, 49.420081485921116 ], [ 8.663702565658784, 49.420081433904258 ], [ 8.663668767322807, 49.420082352636605 ], [ 8.663635269770568, 49.420085428094779 ], [ 8.663602395597524, 49.420090630660809 ], [ 8.663570461395974, 49.420097910231789 ], [ 8.663539774706253, 49.420107196702361 ], [ 8.663510631055074, 49.420118400639836 ], [ 8.663483311109559, 49.420131414145409 ], [ 8.663458077974351, 49.420146111893288 ], [ 8.663435174657824, 49.420162352337549 ], [ 8.663414821731788, 49.420179979075272 ], [ 8.663400661400413, 49.420195134085134 ], [ 8.663399917403098, 49.420131931943807 ], [ 8.663402486953359, 49.419959790165407 ], [ 8.663402501356686, 49.419958354691794 ], [ 8.66340329668231, 49.419803652210724 ], [ 8.663404186033327, 49.41974294970283 ], [ 8.663404197542887, 49.419741915062644 ], [ 8.663405396437703, 49.419584115056743 ] ], [ [ 8.665571509517065, 49.412828740945713 ], [ 8.665803241493835, 49.412694021053611 ], [ 8.665854494604334, 49.412668811548123 ], [ 8.666007992447831, 49.412988030141847 ], [ 8.665706503724543, 49.413040671004808 ], [ 8.665691980732511, 49.413043430915288 ], [ 8.665180635181146, 49.413148599476173 ], [ 8.665285141177831, 49.413039745297041 ], [ 8.665571509517065, 49.412828740945713 ] ], [ [ 8.675584932308125, 49.409249656726146 ], [ 8.675363686166914, 49.409069767328994 ], [ 8.675430112074997, 49.409068747938598 ], [ 8.675527697414546, 49.409077818614492 ], [ 8.67570670679688, 49.409096770241852 ], [ 8.67575143475891, 49.409099569170877 ], [ 8.675988535840181, 49.40910426919438 ], [ 8.675996802397568, 49.409104168211478 ], [ 8.676005066305732, 49.409104338038901 ], [ 8.676183885174972, 49.409102283694587 ], [ 8.676279380794929, 49.409108935132913 ], [ 8.676296542603204, 49.40911174493209 ], [ 8.67631257485793, 49.40911587488938 ], [ 8.676329433902511, 49.409121802892493 ], [ 8.676338363832759, 49.409129403256593 ], [ 8.676339085407172, 49.409130653484432 ], [ 8.6763404213209, 49.409132930632161 ], [ 8.676353991590949, 49.409155691598727 ], [ 8.676348395392116, 49.409458471155631 ], [ 8.676347776380952, 49.409491534062361 ], [ 8.676285720026831, 49.409488358932911 ], [ 8.676083587251926, 49.409468230598399 ], [ 8.6759612846941, 49.409444541062228 ], [ 8.675875841123522, 49.409416449160744 ], [ 8.675827070170579, 49.409395209221557 ], [ 8.675798502186817, 49.409380362904386 ], [ 8.675584932308125, 49.409249656726146 ] ], [ [ 8.67530783516294, 49.408183093375612 ], [ 8.675310100846565, 49.40818306012001 ], [ 8.675312362671882, 49.408183152549306 ], [ 8.675517363607877, 49.408184952559374 ], [ 8.675519489671897, 49.408184966945186 ], [ 8.675771736064597, 49.408186165381544 ], [ 8.675768891446609, 49.408232036137612 ], [ 8.675740408746659, 49.408261433913012 ], [ 8.675723760826525, 49.408280642984295 ], [ 8.675710078510741, 49.408300824328663 ], [ 8.675699493570464, 49.40832178358982 ], [ 8.67569210794802, 49.408343318919478 ], [ 8.675687992775005, 49.408365222921269 ], [ 8.675687187687094, 49.40838728464805 ], [ 8.675689700442158, 49.408409291633369 ], [ 8.67569550684539, 49.408431031937738 ], [ 8.67570455098214, 49.408452296189708 ], [ 8.67571674575624, 49.408472879602122 ], [ 8.675731973728649, 49.408492583944515 ], [ 8.675750088248318, 49.408511219452173 ], [ 8.67577091486443, 49.408528606653654 ], [ 8.675794253006371, 49.408544578099324 ], [ 8.675799545239236, 49.40854755247377 ], [ 8.675584578503575, 49.40854792791491 ], [ 8.675578367814948, 49.408547975273294 ], [ 8.675240660664983, 49.408552536211268 ], [ 8.675075075533998, 49.408552958467958 ], [ 8.675088796503211, 49.408179290619167 ], [ 8.67530783516294, 49.408183093375612 ] ], [ [ 8.675195098265812, 49.407004039065257 ], [ 8.675170900540742, 49.407006082290508 ], [ 8.675188554785645, 49.406605337878609 ], [ 8.675497641533491, 49.406608410459739 ], [ 8.675487145571976, 49.406980967146922 ], [ 8.675487241850121, 49.406983213357989 ], [ 8.675487087490195, 49.406985301827071 ], [ 8.675487640644736, 49.406992517410238 ], [ 8.675488038287144, 49.407001794580943 ], [ 8.675488572097683, 49.407004667678727 ], [ 8.675488713703389, 49.407006514843808 ], [ 8.675228901220182, 49.407003365851772 ], [ 8.675195098265812, 49.407004039065257 ] ], [ [ 8.67536828871517, 49.405542410191508 ], [ 8.675356461048501, 49.405537320652989 ], [ 8.675354030863813, 49.405536485364841 ], [ 8.675351714052692, 49.405535522617797 ], [ 8.67533907530423, 49.405531344931823 ], [ 8.675326540124267, 49.405527036416807 ], [ 8.675323996178502, 49.405526360589249 ], [ 8.67532154591539, 49.405525550664919 ], [ 8.675308340522571, 49.405522201489667 ], [ 8.675302319370758, 49.405520601903547 ], [ 8.675304984376437, 49.405457419914029 ], [ 8.675376256651075, 49.405444178960416 ], [ 8.675384093596962, 49.405442657193326 ], [ 8.675528194166095, 49.405413457068235 ], [ 8.675529021085691, 49.405413259986801 ], [ 8.675529872494483, 49.405413113908509 ], [ 8.675770779254522, 49.405363415644835 ], [ 8.67583788528032, 49.405349716481055 ], [ 8.675849279896527, 49.405347247342739 ], [ 8.675901386039952, 49.40533529467465 ], [ 8.676002175863614, 49.405313840512143 ], [ 8.676011661212549, 49.405319012877513 ], [ 8.676040907418322, 49.405331892694605 ], [ 8.676055907455453, 49.405337792717567 ], [ 8.676088334714199, 49.405349055618615 ], [ 8.676122414993413, 49.405358001990621 ], [ 8.676139015056631, 49.405361702006608 ], [ 8.676168938676485, 49.405367310551348 ], [ 8.676166638893568, 49.405383307696631 ], [ 8.676166716008355, 49.405394164212176 ], [ 8.676156458457951, 49.405394056238052 ], [ 8.676122919856123, 49.405394769469005 ], [ 8.676089646568593, 49.405397607977086 ], [ 8.676056954100499, 49.405402544846872 ], [ 8.676025152449737, 49.405409533265811 ], [ 8.675994543167594, 49.405418506968026 ], [ 8.675965416499452, 49.405429380862664 ], [ 8.675938048632696, 49.405442051840737 ], [ 8.675912699077884, 49.405456399752772 ], [ 8.675900103004253, 49.405465067093452 ], [ 8.67587369325317, 49.405459495256721 ], [ 8.675840650801522, 49.405454797345854 ], [ 8.675807061816059, 49.405452235506381 ], [ 8.675773249772757, 49.405451834409888 ], [ 8.675739540295636, 49.40545359791907 ], [ 8.675706258021002, 49.405457509050613 ], [ 8.675673723471183, 49.405463530138654 ], [ 8.675642249967895, 49.405471603197583 ], [ 8.675612140614913, 49.405481650480418 ], [ 8.675583685379152, 49.405493575227453 ], [ 8.675557158298231, 49.405507262598185 ], [ 8.675532814841397, 49.405522580777145 ], [ 8.675510889449276, 49.405539382243326 ], [ 8.675502330733291, 49.405547420581243 ], [ 8.675374394247982, 49.405544947335613 ], [ 8.67536828871517, 49.405542410191508 ] ], [ [ 8.67576661564557, 49.404592179550463 ], [ 8.675766664323129, 49.404591949175405 ], [ 8.675779330012997, 49.404498198288742 ], [ 8.67578179347097, 49.404480416072552 ], [ 8.675793314412754, 49.404477614781108 ], [ 8.675823693254948, 49.404467919914069 ], [ 8.675852469620011, 49.404456328594158 ], [ 8.675879366373815, 49.404442952453401 ], [ 8.675904124484724, 49.404427920312742 ], [ 8.675926505518261, 49.404411376941347 ], [ 8.675946293933377, 49.404393481662353 ], [ 8.675963299158203, 49.404374406818427 ], [ 8.675977357425312, 49.404354336112007 ], [ 8.675988333348801, 49.404333462836071 ], [ 8.675996121228028, 49.404311988012566 ], [ 8.67600064606542, 49.404290118456409 ], [ 8.676001864288601, 49.404268064783793 ], [ 8.675999764169845, 49.404246039383764 ], [ 8.675994365938852, 49.404224254372785 ], [ 8.675985721587757, 49.404202919551949 ], [ 8.67597391437026, 49.404182240386582 ], [ 8.675959057999684, 49.404162416027383 ], [ 8.67594129555374, 49.404143637392671 ], [ 8.675920798096493, 49.404126085329665 ], [ 8.675897763030855, 49.404109928872948 ], [ 8.675872412197434, 49.404095323616588 ], [ 8.675844989738076, 49.404082410215771 ], [ 8.675815759744671, 49.404071313032262 ], [ 8.675785003715848, 49.404062138936695 ], [ 8.675753017846086, 49.404054976279582 ], [ 8.675720110173293, 49.404049894040305 ], [ 8.675686597612385, 49.404046941162981 ], [ 8.67564349780697, 49.404044541174216 ], [ 8.675630265162589, 49.404043971447507 ], [ 8.675590865341881, 49.404042771453305 ], [ 8.67554998262796, 49.404043110878796 ], [ 8.675530882714547, 49.404044010874912 ], [ 8.675497818660173, 49.404046621916777 ], [ 8.675465295295378, 49.404051303748652 ], [ 8.67545289534608, 49.404053503739135 ], [ 8.67541015254832, 49.40406309164424 ], [ 8.67539625259675, 49.404066891628453 ], [ 8.675367132410196, 49.404075919564953 ], [ 8.67533943254559, 49.404086683932626 ], [ 8.675328532569162, 49.404091383914917 ], [ 8.675297696002886, 49.404106357048633 ], [ 8.675269606534979, 49.404123478110122 ], [ 8.675253906530809, 49.404134178076596 ], [ 8.675234876955765, 49.404148282593503 ], [ 8.675217718455244, 49.404163374724561 ], [ 8.675202318409434, 49.404178174686812 ], [ 8.675181583806909, 49.404200863493962 ], [ 8.675170283742791, 49.404215063464193 ], [ 8.675160870292759, 49.404227865407776 ], [ 8.675149570206994, 49.40424456537707 ], [ 8.675137418819521, 49.404265217212362 ], [ 8.675130018732537, 49.404279917191403 ], [ 8.67511790811418, 49.404311546584715 ], [ 8.675113908014007, 49.404326546572854 ], [ 8.675112751903189, 49.404331166000063 ], [ 8.675108751787759, 49.404348265988126 ], [ 8.675106205442447, 49.404361951662558 ], [ 8.6750929047792, 49.404457951622057 ], [ 8.675092889021089, 49.404458201801262 ], [ 8.675092836606973, 49.404458449844768 ], [ 8.675080167220031, 49.404552218423341 ], [ 8.675071098762549, 49.404617787043293 ], [ 8.675069715271313, 49.40463983656214 ], [ 8.67507165031968, 49.404661868398719 ], [ 8.675076885276495, 49.404683670374268 ], [ 8.675080611912154, 49.404693053293521 ], [ 8.675054655185139, 49.40468244748881 ], [ 8.675025943630065, 49.40467302156803 ], [ 8.674996011224467, 49.404665382251814 ], [ 8.674965118351079, 49.40465959599463 ], [ 8.674931518491762, 49.404654396017818 ], [ 8.67493036676361, 49.404654246848388 ], [ 8.674929534652668, 49.404654093034466 ], [ 8.674925765418196, 49.404653650891703 ], [ 8.674906560222198, 49.404651163474689 ], [ 8.674900261748379, 49.40465065923302 ], [ 8.674896251030578, 49.404650188763526 ], [ 8.674890906359733, 49.404649910261625 ], [ 8.674881304473029, 49.404649141556142 ], [ 8.67484180465136, 49.404646941566448 ], [ 8.674808745919831, 49.404646140310589 ], [ 8.674775721786093, 49.404647411387792 ], [ 8.674743036601656, 49.404650743083742 ], [ 8.674710991594383, 49.40465610469343 ], [ 8.674679882092477, 49.404663446804037 ], [ 8.674622182294053, 49.404679146738829 ], [ 8.674591871806935, 49.404688549597346 ], [ 8.67456310671829, 49.404699831958382 ], [ 8.674536159870543, 49.404712886806983 ], [ 8.674520314673259, 49.404722253586357 ], [ 8.674378635736529, 49.404751158988375 ], [ 8.674100899787252, 49.404807745919186 ], [ 8.674100547721705, 49.404807817784764 ], [ 8.674038447966293, 49.4048205177304 ], [ 8.674006713412183, 49.404828142464012 ], [ 8.67397860138734, 49.404837025776686 ], [ 8.673978727046839, 49.404836513614541 ], [ 8.673980774631769, 49.404814486111256 ], [ 8.673979503774035, 49.404792433707144 ], [ 8.673974926717129, 49.404770568778808 ], [ 8.67396708754489, 49.404749101897082 ], [ 8.673956061756806, 49.404728239799148 ], [ 8.673941955540748, 49.404708183397503 ], [ 8.673924904750196, 49.404689125845195 ], [ 8.67390507359578, 49.404671250675641 ], [ 8.67388847938448, 49.404659023178112 ], [ 8.673882753942422, 49.404639119045477 ], [ 8.673873287323634, 49.404617933361216 ], [ 8.673860684171817, 49.404597455204176 ], [ 8.673845065865434, 49.404577881789166 ], [ 8.673826582819867, 49.404559401617732 ], [ 8.673805413038753, 49.404542192662696 ], [ 8.673781760399633, 49.404526420654321 ], [ 8.673780833531877, 49.404525913241002 ], [ 8.673774320120627, 49.404515137242512 ], [ 8.673774290005085, 49.404513819201931 ], [ 8.673770473989771, 49.40449189216082 ], [ 8.673763382883186, 49.404470314788504 ], [ 8.673753084980619, 49.404449294886312 ], [ 8.673739679460128, 49.404429034886562 ], [ 8.673723295427262, 49.404409729903087 ], [ 8.673704090671579, 49.404391565852215 ], [ 8.673682250146969, 49.404374717662364 ], [ 8.673672386770139, 49.404368470194704 ], [ 8.673667338361545, 49.404359333811421 ], [ 8.673652804539447, 49.404339407879768 ], [ 8.673635369665458, 49.404320531177355 ], [ 8.673635437300604, 49.404316322325847 ], [ 8.67363247575325, 49.404294339120561 ], [ 8.673626226576827, 49.404272651200905 ], [ 8.673616749958471, 49.404251467432857 ], [ 8.673604137166944, 49.404230991826921 ], [ 8.673588509673538, 49.404211421573407 ], [ 8.673570017982117, 49.404192945143343 ], [ 8.673548840179576, 49.404175740473583 ], [ 8.673539421683074, 49.404169463900175 ], [ 8.673538133206826, 49.404166807271437 ], [ 8.673529661332525, 49.404153900553347 ], [ 8.673529700151429, 49.404152281379787 ], [ 8.673526912395927, 49.404130288498671 ], [ 8.673520834732132, 49.404108579834038 ], [ 8.673511525695433, 49.404087364451712 ], [ 8.673499074940718, 49.404066846666645 ], [ 8.673483602378807, 49.404047224075363 ], [ 8.673465257021524, 49.404028685652982 ], [ 8.673444215546528, 49.404011409933332 ], [ 8.673422104830442, 49.40399652226084 ], [ 8.674367998727911, 49.403579289723403 ], [ 8.67495542370164, 49.403323570220174 ], [ 8.674959429207817, 49.403321799873176 ], [ 8.675184671760686, 49.403220734582909 ], [ 8.675192816865422, 49.403221274760185 ], [ 8.675202402556165, 49.403222177013774 ], [ 8.675209628350309, 49.403222389685325 ], [ 8.675216824425942, 49.403222866923691 ], [ 8.675226509264361, 49.403222886529001 ], [ 8.675236184313862, 49.403223171287699 ], [ 8.675243407256172, 49.403222920736106 ], [ 8.675250640361112, 49.403222935378295 ], [ 8.675260281508237, 49.403222335396975 ], [ 8.675269952739749, 49.403221999918394 ], [ 8.675277103268986, 49.403221288556594 ], [ 8.675284303742938, 49.403220840461593 ], [ 8.67529380834821, 49.403219626671884 ], [ 8.675303382621006, 49.403218674186874 ], [ 8.67531039187223, 49.403217508865808 ], [ 8.675317490370283, 49.403216602349062 ], [ 8.675326766897976, 49.403214786440579 ], [ 8.675336152005359, 49.403213226122226 ], [ 8.67534295247499, 49.403211618064695 ], [ 8.675349880633666, 49.403210261856579 ], [ 8.675358839745138, 49.403207861317611 ], [ 8.675367945301815, 49.403205708192928 ], [ 8.675374471496646, 49.403203672885667 ], [ 8.675381162593427, 49.403201880047327 ], [ 8.675389718006349, 49.40319891799669 ], [ 8.67539845632013, 49.403196192801701 ], [ 8.675404645389175, 49.403193749845933 ], [ 8.675411034984023, 49.403191537643714 ], [ 8.675419104304032, 49.403188042608036 ], [ 8.675427391219717, 49.403184771588066 ], [ 8.676035092485336, 49.402917470587091 ], [ 8.676062994991947, 49.402903807753987 ], [ 8.676088637756239, 49.402888373915538 ], [ 8.676111757980756, 49.402871327245329 ], [ 8.676122971782036, 49.402861146629789 ], [ 8.676128981025053, 49.402874705097339 ], [ 8.676141515453249, 49.402895201103057 ], [ 8.676157067963034, 49.402914796644382 ], [ 8.676175488777812, 49.402933303004346 ], [ 8.676196600496882, 49.402950541955313 ], [ 8.676215128840417, 49.402962951223735 ], [ 8.676227257147957, 49.402982374717553 ], [ 8.676243025999328, 49.403001896495454 ], [ 8.676261651040276, 49.403020315610618 ], [ 8.676282952903232, 49.403037454675534 ], [ 8.676306726440542, 49.403053148630249 ], [ 8.676332742700112, 49.403067246331958 ], [ 8.676360751130336, 49.403079612010693 ], [ 8.676373363657911, 49.403084072535663 ], [ 8.676390579802886, 49.40310193282582 ], [ 8.67641130454359, 49.403119370644973 ], [ 8.676434548613926, 49.403135398833463 ], [ 8.676436688655281, 49.403136610835837 ], [ 8.676439033488872, 49.403141368908578 ], [ 8.676452492161195, 49.403161613803867 ], [ 8.676468926765866, 49.403180900328813 ], [ 8.676488179031013, 49.40319904274245 ], [ 8.67648908728277, 49.403199740955046 ], [ 8.676492260186484, 49.403206545147746 ], [ 8.676505228673909, 49.403226925844756 ], [ 8.676521195854916, 49.403246378873412 ], [ 8.676540007959291, 49.403264716889225 ], [ 8.676561483817894, 49.403281763285726 ], [ 8.67658541660734, 49.403297353895439 ], [ 8.676593777219054, 49.403301823462606 ], [ 8.676587795458659, 49.40331229670003 ], [ 8.676579147779936, 49.403333630923434 ], [ 8.676573746089058, 49.4033554155628 ], [ 8.676571642411472, 49.403377440820599 ], [ 8.676572857011152, 49.403399494581741 ], [ 8.676577378195269, 49.403421364456356 ], [ 8.676585162426633, 49.403442839825232 ], [ 8.676596134742821, 49.403463713868199 ], [ 8.676610189477946, 49.403483785555927 ], [ 8.67662719128014, 49.403502861586013 ], [ 8.676686691075696, 49.403562661733041 ], [ 8.676690356803023, 49.403565977559907 ], [ 8.676308452467579, 49.403735737440648 ], [ 8.676252049863008, 49.403758087268599 ], [ 8.67621347905299, 49.403775838909155 ], [ 8.676177679096588, 49.403794838842508 ], [ 8.676151468048314, 49.403810270702529 ], [ 8.676127813927843, 49.403827371595192 ], [ 8.676106964989085, 49.403845962045821 ], [ 8.676087464924878, 49.403865361997511 ], [ 8.676068971166298, 49.403886093611078 ], [ 8.676053966758381, 49.40390799286611 ], [ 8.676042622451957, 49.403930810555003 ], [ 8.676031722284526, 49.403957510523519 ], [ 8.676024837103519, 49.403978273630173 ], [ 8.676020985032217, 49.40399936807632 ], [ 8.676018684886449, 49.404020368069247 ], [ 8.676017850883865, 49.404039948871628 ], [ 8.676019631285131, 49.404059502749341 ], [ 8.67602183118934, 49.4040734027556 ], [ 8.676030490211373, 49.404105343281969 ], [ 8.676035790124191, 49.404119043296966 ], [ 8.676044698861844, 49.404138371409573 ], [ 8.676056227427022, 49.404157100389909 ], [ 8.67606542736009, 49.404170300414528 ], [ 8.676079326866258, 49.404188099969844 ], [ 8.676095592292542, 49.404205024268677 ], [ 8.676114095268504, 49.404220939738153 ], [ 8.676126195252428, 49.404230439765612 ], [ 8.676147619659062, 49.404245763846106 ], [ 8.676171116780646, 49.404259734404576 ], [ 8.676196486673115, 49.404272232560366 ], [ 8.676214386708635, 49.40428023259031 ], [ 8.67624295630409, 49.404291709425358 ], [ 8.676273100713779, 49.404301318897517 ], [ 8.676299500803816, 49.404308718928498 ], [ 8.676338442834135, 49.404317869105903 ], [ 8.676378785089721, 49.404323906451459 ], [ 8.67642378528657, 49.404328806473757 ], [ 8.676445447066563, 49.404330603563764 ], [ 8.676438402570895, 49.404394183789648 ], [ 8.676438394014687, 49.404394425560554 ], [ 8.676438349975847, 49.404394665682453 ], [ 8.676428199530999, 49.404489098493244 ], [ 8.675762078008567, 49.404625118768337 ], [ 8.675766601069489, 49.404592411910826 ], [ 8.67576661564557, 49.404592179550463 ] ], [ [ 8.67183838355599, 49.408644067805575 ], [ 8.671813252199026, 49.408646262401014 ], [ 8.671515653500851, 49.408679562255095 ], [ 8.671510622717133, 49.408680150258142 ], [ 8.671406423169216, 49.40869285020257 ], [ 8.671391774249123, 49.408694851345217 ], [ 8.670732877027154, 49.408794650910806 ], [ 8.670731858411619, 49.40879484000051 ], [ 8.670730817474325, 49.408794967204294 ], [ 8.670729152829839, 49.408795226370465 ], [ 8.670742884489446, 49.408283892189125 ], [ 8.671784883664353, 49.408264784077524 ], [ 8.671789635768134, 49.408264675496611 ], [ 8.672246062250631, 49.408252187905099 ], [ 8.672230694037635, 49.408622615021173 ], [ 8.672089702999164, 49.408628365064992 ], [ 8.672078082475698, 49.40862896787138 ], [ 8.67183838355599, 49.408644067805575 ] ], [ [ 8.672095531763748, 49.406984780499045 ], [ 8.672121379622423, 49.406970549912586 ], [ 8.672144965439335, 49.40695473461745 ], [ 8.672166062070279, 49.406937486925024 ], [ 8.672184466344138, 49.406918972941412 ], [ 8.672200001019494, 49.406899370967707 ], [ 8.672212516491483, 49.40687886978283 ], [ 8.672220888314047, 49.406859937156845 ], [ 8.67221486957879, 49.406988517535012 ], [ 8.672192205106247, 49.40699027885973 ], [ 8.672159177433986, 49.406995023856091 ], [ 8.672127021532095, 49.407001858442491 ], [ 8.672096047075886, 49.407010716798965 ], [ 8.672066552363287, 49.407021513615767 ], [ 8.672064773774533, 49.407022323754255 ], [ 8.672044843636705, 49.407005513677369 ], [ 8.67206767079308, 49.406997289327087 ], [ 8.672095531763748, 49.406984780499045 ] ], [ [ 8.672195991230232, 49.406707097637906 ], [ 8.672179644949903, 49.406687778767314 ], [ 8.672160475543693, 49.406669598432678 ], [ 8.672150914458536, 49.40666220368368 ], [ 8.672230300447188, 49.406658862414936 ], [ 8.672225294999645, 49.406765795567892 ], [ 8.672219613412937, 49.406748397613406 ], [ 8.672209356958691, 49.406727368994332 ], [ 8.672195991230232, 49.406707097637906 ] ], [ [ 8.672982010672774, 49.403553909525222 ], [ 8.672969108868745, 49.40357430825793 ], [ 8.672959379459659, 49.403595333707507 ], [ 8.672845674767181, 49.403644744646257 ], [ 8.672791596032747, 49.403594470713358 ], [ 8.67238087624809, 49.403202133164235 ], [ 8.672367675970813, 49.403189111584936 ], [ 8.672368297729353, 49.403188737131558 ], [ 8.672434527584386, 49.403149662719649 ], [ 8.67247784497976, 49.403174778878835 ], [ 8.67301533050369, 49.403517378204519 ], [ 8.672997914197888, 49.403534434272331 ], [ 8.672982010672774, 49.403553909525222 ] ], [ [ 8.673970250770605, 49.408341813398643 ], [ 8.67395838249919, 49.408321148895197 ], [ 8.673943467307808, 49.408301342968187 ], [ 8.67392564884063, 49.408282586358389 ], [ 8.673905098701221, 49.408265059700945 ], [ 8.673882014799833, 49.408248931785714 ], [ 8.673856619447378, 49.408234357931953 ], [ 8.673847222713512, 49.408229950982737 ], [ 8.674036717411804, 49.408224341866848 ], [ 8.674046022491773, 49.40822376685508 ], [ 8.674055357298135, 49.408223459093854 ], [ 8.67420415796809, 49.408213759051542 ], [ 8.674220379871429, 49.40821244734844 ], [ 8.674292602804552, 49.408205468885818 ], [ 8.674397907604272, 49.408200871189891 ], [ 8.674398565727548, 49.408200821193901 ], [ 8.674389741637265, 49.408441039087975 ], [ 8.674258721326842, 49.408442249653618 ], [ 8.674257838004849, 49.408442286155221 ], [ 8.674256953305967, 49.408442268947574 ], [ 8.674240963984845, 49.408442983442008 ], [ 8.674224969258898, 49.408443644393635 ], [ 8.674224095673111, 49.408443737214768 ], [ 8.674223212649601, 49.408443776673316 ], [ 8.674207407645714, 49.408445510368182 ], [ 8.674191589221129, 49.408447191123663 ], [ 8.674190733784902, 49.408447339370383 ], [ 8.674189860940292, 49.408447435115136 ], [ 8.674174392462099, 49.408450171314357 ], [ 8.674158902677329, 49.408452855687166 ], [ 8.674158073628602, 49.40845305793183 ], [ 8.674157219369027, 49.408453209040708 ], [ 8.674097719600832, 49.408465808986911 ], [ 8.674067028202403, 49.408473379868205 ], [ 8.674037579316918, 49.408482820993186 ], [ 8.674009639890153, 49.408494046781001 ], [ 8.6739888154978, 49.408504316051975 ], [ 8.673986584078698, 49.408406938489009 ], [ 8.673984419792108, 49.408384915744548 ], [ 8.673978957820747, 49.408363137469017 ], [ 8.673970250770605, 49.408341813398643 ] ], [ [ 8.672890292616898, 49.407461935253302 ], [ 8.672888915267581, 49.407440836520493 ], [ 8.672893445391681, 49.40722273876829 ], [ 8.672893873533825, 49.407213264656598 ], [ 8.672920911946404, 49.407205439015186 ], [ 8.672950333463916, 49.407194557366928 ], [ 8.672977978765887, 49.407181846319702 ], [ 8.673003581611439, 49.40716742828922 ], [ 8.673026895430507, 49.407151442130385 ], [ 8.673047695698481, 49.407134041800113 ], [ 8.673065782098469, 49.407115394874488 ], [ 8.673080980450449, 49.407095680934873 ], [ 8.673093144388611, 49.407075089838465 ], [ 8.673102156770874, 49.407053819889761 ], [ 8.67310793080687, 49.407032075930729 ], [ 8.673110410893656, 49.407010067368049 ], [ 8.673128507498406, 49.40652446730752 ], [ 8.673127750764422, 49.406503136650535 ], [ 8.673123899391548, 49.406481948808988 ], [ 8.673122206467163, 49.406476840576381 ], [ 8.673125858967136, 49.406463551672537 ], [ 8.673128506990354, 49.40644066520624 ], [ 8.673135769692948, 49.406245701245169 ], [ 8.673171597804542, 49.40624595927671 ], [ 8.673174299590945, 49.406245971818286 ], [ 8.673264448719157, 49.406246159629838 ], [ 8.673646202514874, 49.406255417852151 ], [ 8.673811206948294, 49.406259417961081 ], [ 8.673823380652184, 49.406259708802033 ], [ 8.673822836714983, 49.406265393825457 ], [ 8.673813364551593, 49.406650721913188 ], [ 8.673720939915015, 49.406774222348211 ], [ 8.673706162493806, 49.406797088856607 ], [ 8.673695336356056, 49.40682087866756 ], [ 8.67368859335782, 49.406845302047778 ], [ 8.673686015627505, 49.406870061547345 ], [ 8.673679328814076, 49.407215654742977 ], [ 8.67366995112927, 49.407524648025159 ], [ 8.673671205829619, 49.40754878052401 ], [ 8.673676418721595, 49.407572686111763 ], [ 8.673685870202636, 49.407603902251928 ], [ 8.673099395817941, 49.407607939395575 ], [ 8.672922441338173, 49.407609136653598 ], [ 8.672917975759482, 49.407590603058473 ], [ 8.672890292616898, 49.407461935253302 ] ], [ [ 8.673671794776791, 49.405805982074696 ], [ 8.673617796250806, 49.405804672513391 ], [ 8.673615852725719, 49.405795140413339 ], [ 8.673608128238378, 49.405773655814507 ], [ 8.67359721385399, 49.405752768738836 ], [ 8.673583214687572, 49.405732680339412 ], [ 8.67356626556168, 49.405713584077454 ], [ 8.673546529707885, 49.405695663859127 ], [ 8.673524197194677, 49.405679092264577 ], [ 8.673499483096945, 49.405664028885916 ], [ 8.673472625424678, 49.405650618790261 ], [ 8.673443882830787, 49.4056389911228 ], [ 8.673413532120206, 49.405629257862984 ], [ 8.673413285800553, 49.405629197617223 ], [ 8.673608450577985, 49.405596321911318 ], [ 8.673752351519191, 49.405574160772623 ], [ 8.673757992146713, 49.405573098957348 ], [ 8.673763725444003, 49.405572275173718 ], [ 8.673938037261426, 49.405541306061863 ], [ 8.674230133248257, 49.405493073569346 ], [ 8.674309132426911, 49.405482530010609 ], [ 8.674398514511171, 49.40547595534543 ], [ 8.674487949515699, 49.405470301943545 ], [ 8.674552464291004, 49.405467305610891 ], [ 8.67455255545404, 49.405467301327519 ], [ 8.674539739864768, 49.405689648554699 ], [ 8.674539662675965, 49.405691115144855 ], [ 8.674537662382502, 49.405733115138354 ], [ 8.674537644789657, 49.405733494863838 ], [ 8.674533442694337, 49.405826801902236 ], [ 8.674499252639581, 49.405825981041147 ], [ 8.674100536668089, 49.405816283088299 ], [ 8.673836700765937, 49.405809979794263 ], [ 8.673671794776791, 49.405805982074696 ] ], [ [ 8.673548775124173, 49.405117485012489 ], [ 8.67379913709385, 49.405011017418879 ], [ 8.67379826509835, 49.40501511182989 ], [ 8.673796915508124, 49.405037162241015 ], [ 8.673798884455266, 49.405059192796479 ], [ 8.673804152982155, 49.405080991329818 ], [ 8.673811075650244, 49.405098349325527 ], [ 8.673765966808146, 49.405105797944039 ], [ 8.673763002284318, 49.405106389853422 ], [ 8.673759974624765, 49.405106824884996 ], [ 8.673588337621077, 49.405137318761781 ], [ 8.673453272924032, 49.405158119088604 ], [ 8.673548775124173, 49.405117485012489 ] ], [ [ 8.673439452058444, 49.408228620392435 ], [ 8.673419417313264, 49.408238622308723 ], [ 8.673394700866139, 49.408253684942025 ], [ 8.673376337852345, 49.40826730903656 ], [ 8.673356143438246, 49.408251842270424 ], [ 8.673331793104236, 49.408236527843101 ], [ 8.673315028722655, 49.408227882474591 ], [ 8.673439452058444, 49.408228620392435 ] ], [ [ 8.674461190504694, 49.415746529279993 ], [ 8.674319196394421, 49.41574689311436 ], [ 8.674320041595989, 49.415731322810046 ], [ 8.674315355110538, 49.415507941779111 ], [ 8.674311760889882, 49.415186360791679 ], [ 8.674309857190558, 49.415036338698748 ], [ 8.674309751515681, 49.415035138182184 ], [ 8.674309807027244, 49.415033936234039 ], [ 8.674308782079676, 49.415024124930738 ], [ 8.674307917865351, 49.415014307047365 ], [ 8.674307632341414, 49.415013119069442 ], [ 8.674307507012475, 49.415011919359067 ], [ 8.67430501301323, 49.415002220844599 ], [ 8.674302677984471, 49.414992505502866 ], [ 8.674302215361472, 49.414991341504475 ], [ 8.674301910399247, 49.414990155585699 ], [ 8.674297971368816, 49.414980663261908 ], [ 8.674294188015075, 49.4149711440256 ], [ 8.674293552748546, 49.414970015216646 ], [ 8.674293071090208, 49.414968854510484 ], [ 8.674287724965385, 49.414959659793368 ], [ 8.674282529724097, 49.414950428337583 ], [ 8.674281727932208, 49.414949345589079 ], [ 8.674281074216584, 49.414948221273718 ], [ 8.674274372485128, 49.414939412713153 ], [ 8.674267815390653, 49.414930557941297 ], [ 8.674266854795242, 49.414929531680606 ], [ 8.674266035318157, 49.414928454583801 ], [ 8.674261791243209, 49.414924027436108 ], [ 8.674263064782291, 49.414577038987112 ], [ 8.674261512089508, 49.414555172835492 ], [ 8.674256708238749, 49.414533508774262 ], [ 8.674248698753113, 49.414512252081103 ], [ 8.674237559530409, 49.414491604173364 ], [ 8.674223396123855, 49.414471760699627 ], [ 8.674206342741751, 49.414452909685878 ], [ 8.674186560975707, 49.414435229753856 ], [ 8.674186005336242, 49.414434822998281 ], [ 8.674177897152317, 49.413928964236071 ], [ 8.674664961926341, 49.413935440689308 ], [ 8.674972156612007, 49.413946999675645 ], [ 8.674980353858338, 49.41394724426759 ], [ 8.67498174541935, 49.413947274963803 ], [ 8.674983531488799, 49.41408854194831 ], [ 8.674981292755962, 49.414426427893993 ], [ 8.674966061510004, 49.414554851684613 ], [ 8.674965109867932, 49.414576910904671 ], [ 8.674967476818082, 49.414598924760988 ], [ 8.674973139569834, 49.414620681247868 ], [ 8.674982043591992, 49.414641970838012 ], [ 8.674994103137792, 49.414662588500292 ], [ 8.675009202070539, 49.414682335674428 ], [ 8.67502719498194, 49.414701022183159 ], [ 8.675047908592369, 49.414718468063917 ], [ 8.675071143419553, 49.414734505301944 ], [ 8.675096675699674, 49.414748979448419 ], [ 8.675124259542306, 49.414761751107996 ], [ 8.675153629298515, 49.414772697281251 ], [ 8.675184502119247, 49.414781712549292 ], [ 8.675216580679411, 49.414788710089105 ], [ 8.675224931142214, 49.414789954078032 ], [ 8.675223805078181, 49.414790018483643 ], [ 8.675190593218659, 49.414794085227427 ], [ 8.675127093485131, 49.414803985184371 ], [ 8.675094621008334, 49.414810161116101 ], [ 8.675063232714825, 49.414818383905171 ], [ 8.675033230887811, 49.414828574362652 ], [ 8.675004904458723, 49.414840634349993 ], [ 8.674978526224757, 49.414854447724245 ], [ 8.674954350221752, 49.414869881456468 ], [ 8.674932609277718, 49.414886786912824 ], [ 8.674913512770592, 49.414905001285952 ], [ 8.674897244611776, 49.414924349162803 ], [ 8.674883961474904, 49.414944644213989 ], [ 8.674873791286913, 49.414965690988097 ], [ 8.674866831995907, 49.414987286794045 ], [ 8.67486315062772, 49.415009223652959 ], [ 8.674862782640284, 49.415031290301258 ], [ 8.674865731581958, 49.415053274225073 ], [ 8.674871969057202, 49.415074963706964 ], [ 8.674881434999868, 49.41509614986488 ], [ 8.674894038251509, 49.415116628663732 ], [ 8.674909657439143, 49.415136202880511 ], [ 8.674928142144017, 49.415154684003646 ], [ 8.674949314350119, 49.415171894048527 ], [ 8.674972970158505, 49.415187667271582 ], [ 8.674998881750923, 49.415201851766611 ], [ 8.675026799583813, 49.415214310927794 ], [ 8.675056454791585, 49.415224924765219 ], [ 8.675078353607768, 49.415231025697643 ], [ 8.675055566971304, 49.415512214766252 ], [ 8.675036863559475, 49.415512677181425 ], [ 8.675003351580278, 49.415515670297573 ], [ 8.674970450635907, 49.415520792041242 ], [ 8.674938477576472, 49.415527993087863 ], [ 8.674907740316506, 49.415537204088324 ], [ 8.674878534869716, 49.41554833633672 ], [ 8.67485114249833, 49.415561282624687 ], [ 8.674825827004454, 49.415575918273717 ], [ 8.67480283218959, 49.415592102335964 ], [ 8.674782379506693, 49.41560967895149 ], [ 8.674764665927462, 49.415628478849264 ], [ 8.674749862045344, 49.415648320977276 ], [ 8.674738110432546, 49.415669014246149 ], [ 8.674729524266887, 49.415690359369286 ], [ 8.674724186241701, 49.415712150782241 ], [ 8.674722147769307, 49.415734178622245 ], [ 8.674722823166819, 49.415745808013114 ], [ 8.674677584501756, 49.415745929296833 ], [ 8.674461190504694, 49.415746529279993 ] ], [ [ 8.675790348365251, 49.413476103999244 ], [ 8.675792035427783, 49.413471332138961 ], [ 8.675827334573091, 49.413343032034511 ], [ 8.675831690733071, 49.413320974326858 ], [ 8.675852389545422, 49.413149674263416 ], [ 8.67585326840476, 49.413139412579511 ], [ 8.675859667519987, 49.413012812558797 ], [ 8.675859779180152, 49.413010110647797 ], [ 8.675863785252069, 49.412885348950226 ], [ 8.675945787319762, 49.412886476731195 ], [ 8.676169816611395, 49.412892402224855 ], [ 8.676169469600731, 49.41294601515586 ], [ 8.676158115429514, 49.413170424752963 ], [ 8.676132465657227, 49.413520711686822 ], [ 8.676123911981378, 49.413518565818201 ], [ 8.676087031267459, 49.413512257269467 ], [ 8.676011831589662, 49.413502257314519 ], [ 8.675965673785141, 49.413498214432124 ], [ 8.675785773265513, 49.413490475797957 ], [ 8.675789063189139, 49.413480928848735 ], [ 8.675790348365251, 49.413476103999244 ] ], [ [ 8.672024970298477, 49.413142359920329 ], [ 8.672079260806234, 49.413143032206612 ], [ 8.67211306837943, 49.413142367768906 ], [ 8.672142106490741, 49.413139923781443 ], [ 8.672125709964069, 49.413151854363896 ], [ 8.67210635017468, 49.413168946504321 ], [ 8.672089549958017, 49.413187154785966 ], [ 8.672075459383032, 49.413206316565329 ], [ 8.672064204315571, 49.413226260681817 ], [ 8.672055885293977, 49.413246808986408 ], [ 8.672052944957208, 49.413258423165814 ], [ 8.672048391917707, 49.413256796628851 ], [ 8.672020351258279, 49.41324900160803 ], [ 8.672024970298477, 49.413142359920329 ] ], [ [ 8.673248717697707, 49.414333969887821 ], [ 8.673214784443335, 49.414337429612175 ], [ 8.673181547407829, 49.414343075558129 ], [ 8.673149336621698, 49.414350851663741 ], [ 8.67311847192561, 49.414360680715383 ], [ 8.673089259794597, 49.414372465114475 ], [ 8.673075345674905, 49.414379416042316 ], [ 8.672827886018249, 49.41438242736487 ], [ 8.672733600220161, 49.414382427365766 ], [ 8.672733600018912, 49.414382427372217 ], [ 8.672733599819553, 49.414382427365759 ], [ 8.672655700175435, 49.414382427366498 ], [ 8.672655699830644, 49.414382427377546 ], [ 8.672655699486288, 49.414382427366512 ], [ 8.67253079369544, 49.414382427367691 ], [ 8.672537293743503, 49.41437031654629 ], [ 8.672545289520672, 49.414348874064828 ], [ 8.672550025450258, 49.414327023502238 ], [ 8.672551455926941, 49.414304975291827 ], [ 8.672547695219704, 49.413943226927856 ], [ 8.673369524727102, 49.413933233594079 ], [ 8.673488033178222, 49.413931739842262 ], [ 8.673488581390774, 49.413931734435835 ], [ 8.673494991013365, 49.414331971900879 ], [ 8.673283010227539, 49.414332730738742 ], [ 8.673248717697707, 49.414333969887821 ] ], [ [ 8.673428201062327, 49.414806606669046 ], [ 8.673458334445764, 49.41479658282401 ], [ 8.673486816802241, 49.414784680218489 ], [ 8.673488364383275, 49.41478388380505 ], [ 8.673488161734218, 49.41481011432095 ], [ 8.673416941767465, 49.414809484054686 ], [ 8.673428201062327, 49.414806606669046 ] ], [ [ 8.67294308089923, 49.415409713896501 ], [ 8.672942440552426, 49.415408476379554 ], [ 8.672941966601838, 49.415407207376198 ], [ 8.672937032383228, 49.415398024697744 ], [ 8.672932261843465, 49.415388805281374 ], [ 8.672931438662516, 49.415387614672838 ], [ 8.672930776345948, 49.415386382088599 ], [ 8.672924486333384, 49.415377559165066 ], [ 8.672918353691193, 49.415368689212265 ], [ 8.672917355603905, 49.415367556978211 ], [ 8.672916511300087, 49.415366372683593 ], [ 8.672908926071418, 49.415357994484168 ], [ 8.672901490388476, 49.415349559416867 ], [ 8.672900327007167, 49.415348496461327 ], [ 8.67289930884732, 49.415347371861579 ], [ 8.672890501452832, 49.41533951907158 ], [ 8.672881834340382, 49.415331600124333 ], [ 8.672880516869274, 49.415330616684159 ], [ 8.672879334658827, 49.415329562609607 ], [ 8.672869389919134, 49.415322310855096 ], [ 8.672859574846862, 49.415314984291086 ], [ 8.672858115973852, 49.415314089837153 ], [ 8.672856781098321, 49.415313116439158 ], [ 8.672845794787561, 49.415306535558265 ], [ 8.672834926279609, 49.415299871935282 ], [ 8.672833340054391, 49.415299075081556 ], [ 8.672831865369426, 49.415298191734422 ], [ 8.672819943291161, 49.415292345103623 ], [ 8.672808126017543, 49.415286408595726 ], [ 8.6728064277165, 49.41528571701636 ], [ 8.672804827423867, 49.415284932226996 ], [ 8.672792084392706, 49.415279876151544 ], [ 8.672779432160715, 49.415274723930359 ], [ 8.672777638139198, 49.415274144285483 ], [ 8.672775927650616, 49.415273465611847 ], [ 8.672762486389463, 49.415269248784533 ], [ 8.67274912104471, 49.415264930467558 ], [ 8.672747248579796, 49.415264468339352 ], [ 8.672745444368259, 49.415263902317427 ], [ 8.67273457109262, 49.415261312476609 ], [ 8.673206974962515, 49.415258563664004 ], [ 8.6732832127576, 49.415258087228487 ], [ 8.673623236758662, 49.415261096287686 ], [ 8.673626036835342, 49.415511938186917 ], [ 8.673626059934913, 49.415513376152049 ], [ 8.673630758365931, 49.415737476162697 ], [ 8.673631755045301, 49.41574782268313 ], [ 8.672953552749547, 49.415743185818826 ], [ 8.672954466500464, 49.415645005614387 ], [ 8.67295616490162, 49.415472545312191 ], [ 8.672955528805145, 49.415462823548957 ], [ 8.672955065686088, 49.415453097629069 ], [ 8.672954807688745, 49.415451802386009 ], [ 8.672954722305988, 49.415450497440972 ], [ 8.6729526287239, 49.415440863168378 ], [ 8.672950706661526, 49.415431213697133 ], [ 8.672950255315961, 49.415429941189643 ], [ 8.672949974295992, 49.415428647988385 ], [ 8.672946443392521, 49.41541919398945 ], [ 8.67294308089923, 49.415409713896501 ] ], [ [ 8.674621889819228, 49.417209051892549 ], [ 8.674634689306433, 49.417208622698965 ], [ 8.67469630471993, 49.417205806363526 ], [ 8.674696223848802, 49.41721074442215 ], [ 8.674675835791563, 49.417210727637446 ], [ 8.67463641106723, 49.417212170703444 ], [ 8.674597498018795, 49.417216545996489 ], [ 8.674593386605805, 49.417217168320171 ], [ 8.674248734738006, 49.417220147186882 ], [ 8.674214974715456, 49.417221521841213 ], [ 8.674181583781404, 49.417225048702718 ], [ 8.674148883504579, 49.417230693806239 ], [ 8.674120270545924, 49.417237653226444 ], [ 8.674120228965819, 49.417219775798863 ], [ 8.674621889819228, 49.417209051892549 ] ], [ [ 8.676987280390355, 49.418318373043306 ], [ 8.677074999319881, 49.418346956713641 ], [ 8.677103280253393, 49.418368821189574 ], [ 8.677098913358872, 49.41837671177359 ], [ 8.677076684215724, 49.418406399123292 ], [ 8.677073381911777, 49.418410937234846 ], [ 8.676966407650164, 49.418562283844672 ], [ 8.676963700478765, 49.418562756285603 ], [ 8.676932239538832, 49.418570456152615 ], [ 8.67690207727434, 49.418580117859101 ], [ 8.676873500316232, 49.418591649590489 ], [ 8.676846780230909, 49.418604941761316 ], [ 8.676822170939609, 49.418619868056801 ], [ 8.676799906305417, 49.418636286632911 ], [ 8.676798577070226, 49.418637484109794 ], [ 8.676797593580439, 49.418606460770121 ], [ 8.676797530147237, 49.418289203119556 ], [ 8.676987280390355, 49.418318373043306 ] ], [ [ 8.677235897301697, 49.417849125350571 ], [ 8.677241643068276, 49.417827378098274 ], [ 8.677244093804545, 49.417805368147576 ], [ 8.677243225912967, 49.417783307466586 ], [ 8.677239047756254, 49.41776140851163 ], [ 8.677231599576654, 49.417739882181273 ], [ 8.677220953108227, 49.417718935785253 ], [ 8.677207210885857, 49.417698771047931 ], [ 8.677190505257647, 49.417679582165718 ], [ 8.677170997110217, 49.417661553936803 ], [ 8.677148874319194, 49.417644859981522 ], [ 8.677124349939803, 49.417629661070386 ], [ 8.677097660155011, 49.41761610357576 ], [ 8.677069062000962, 49.417604318062352 ], [ 8.677038830891611, 49.417594418029786 ], [ 8.677007257966425, 49.417586498819645 ], [ 8.676974647286643, 49.417580636697252 ], [ 8.676941312907125, 49.417576888117331 ], [ 8.676797331434051, 49.417565408476818 ], [ 8.67679735560346, 49.417544203252625 ], [ 8.676840963710458, 49.417545337821288 ], [ 8.67693737451382, 49.417550045378363 ], [ 8.67694966559316, 49.417550250834381 ], [ 8.676961943802789, 49.417550671294222 ], [ 8.677007644011582, 49.417550771295097 ], [ 8.677041873588054, 49.417549734971111 ], [ 8.677075776294144, 49.417546486477917 ], [ 8.67710901706525, 49.417541057920793 ], [ 8.677141267379014, 49.417533502950803 ], [ 8.677172208502265, 49.417523896234599 ], [ 8.677189205475971, 49.417517194199448 ], [ 8.677208317326095, 49.417521643829438 ], [ 8.677241136350368, 49.417526988111383 ], [ 8.677274600279901, 49.417530207999953 ], [ 8.677514510674721, 49.417545491598453 ], [ 8.677508294008687, 49.417670402959267 ], [ 8.677508390624576, 49.417686732877719 ], [ 8.677509694352995, 49.417707891237271 ], [ 8.677503255072473, 49.417754926267349 ], [ 8.677494518293358, 49.417779907508105 ], [ 8.677471555680469, 49.417819515916811 ], [ 8.677385421917275, 49.417945383786588 ], [ 8.677259421490241, 49.417904325996894 ], [ 8.677222726025997, 49.417894055179701 ], [ 8.677213761151982, 49.417892313903735 ], [ 8.677214773200808, 49.41789099855302 ], [ 8.677226911835495, 49.417870400466064 ], [ 8.677235897301697, 49.417849125350571 ] ], [ [ 8.676900301435079, 49.415525276190948 ], [ 8.676931599443588, 49.415238576094602 ], [ 8.67693165848485, 49.415236826677727 ], [ 8.67693193862268, 49.415235086409538 ], [ 8.676964915043898, 49.414848196000428 ], [ 8.676985641043593, 49.414845077438756 ], [ 8.677017696237728, 49.414838034390712 ], [ 8.677048538966906, 49.414828975330167 ], [ 8.677077872195825, 49.41481798750187 ], [ 8.677105413427205, 49.414805176725842 ], [ 8.677130897422467, 49.414790666378245 ], [ 8.677154078756191, 49.414774596203074 ], [ 8.677174734179717, 49.414757120966321 ], [ 8.677192664771143, 49.414738408965476 ], [ 8.677207697851003, 49.414718640408637 ], [ 8.677219688645199, 49.414698005678943 ], [ 8.677228521679146, 49.414676703501101 ], [ 8.67723411188973, 49.414654939027443 ], [ 8.677236405444365, 49.414632921862243 ], [ 8.677235380259265, 49.414610864043027 ], [ 8.677231046211967, 49.414588977998591 ], [ 8.677224826845819, 49.414571383577879 ], [ 8.677254830790634, 49.41455934914157 ], [ 8.677276405761091, 49.414548483524165 ], [ 8.677622675899352, 49.414555773423793 ], [ 8.677606449646765, 49.414959911862155 ], [ 8.677600462921864, 49.41510925456187 ], [ 8.677600106888049, 49.415117150505161 ], [ 8.677502723982554, 49.415115320580462 ], [ 8.677468906674388, 49.415115768321328 ], [ 8.677435319468939, 49.415118376489133 ], [ 8.677402285825043, 49.415123119966118 ], [ 8.677370123870697, 49.415129953070604 ], [ 8.677339143339511, 49.415138809996897 ], [ 8.677309642587907, 49.41514960544901 ], [ 8.677281905721925, 49.415162235462056 ], [ 8.677256199861196, 49.415176578403447 ], [ 8.67723277256651, 49.415192496144243 ], [ 8.67721184945569, 49.415209835389319 ], [ 8.677193632030757, 49.4152284291537 ], [ 8.677178295737326, 49.415248098370547 ], [ 8.677165988274893, 49.415268653615719 ], [ 8.677156828174308, 49.415289896931966 ], [ 8.677150903656134, 49.415311623735306 ], [ 8.677148271780883, 49.415333624785205 ], [ 8.677148957899346, 49.415355688199803 ], [ 8.677152955408266, 49.415377601496289 ], [ 8.677160225813768, 49.415399153637317 ], [ 8.67717069910192, 49.415420137063379 ], [ 8.677184274412831, 49.415440349691771 ], [ 8.677200821011853, 49.415459596862803 ], [ 8.677220179548529, 49.415477693214456 ], [ 8.67724216359111, 49.415494464467642 ], [ 8.677258645345848, 49.415504789878902 ], [ 8.677247711335177, 49.415515993659383 ], [ 8.677232407678369, 49.4155357159934 ], [ 8.67722014599526, 49.415556323350415 ], [ 8.677211044779723, 49.415577616592536 ], [ 8.677205191985024, 49.415599389953599 ], [ 8.677202644173754, 49.41562143302756 ], [ 8.677194842809856, 49.415816433001723 ], [ 8.677195620434382, 49.415838495122543 ], [ 8.677199708847242, 49.415860401280263 ], [ 8.677207068679101, 49.41588194050626 ], [ 8.677217629054786, 49.415902905365407 ], [ 8.677231288275696, 49.415923093953793 ], [ 8.67724791479907, 49.415942311843246 ], [ 8.677267348504706, 49.415960373953745 ], [ 8.677289402236921, 49.415977106335944 ], [ 8.6773138636069, 49.415992347846434 ], [ 8.677340497038085, 49.416005951699702 ], [ 8.67736904603492, 49.416017786881824 ], [ 8.677399235653088, 49.416027739412186 ], [ 8.677430775147432, 49.416035713441353 ], [ 8.677463360772109, 49.416041632174071 ], [ 8.677496678705943, 49.41604543860894 ], [ 8.677530408074835, 49.416047096087439 ], [ 8.677564224042138, 49.416046588646921 ], [ 8.677597800937157, 49.416043921174364 ], [ 8.677630815391721, 49.416039119359333 ], [ 8.677662949454554, 49.416032229446508 ], [ 8.677684339167568, 49.416026069397979 ], [ 8.677683759169055, 49.416112192396099 ], [ 8.677654605341294, 49.416514377544189 ], [ 8.677654281938258, 49.416520755939871 ], [ 8.677649047916649, 49.416701631564308 ], [ 8.677648158361439, 49.416716296942774 ], [ 8.677204345465471, 49.416703460287614 ], [ 8.6768899207941, 49.416689729523945 ], [ 8.676889192641067, 49.416689698229952 ], [ 8.676801344268116, 49.416685983609781 ], [ 8.676849599456402, 49.415944520397318 ], [ 8.676900104035914, 49.415526991785448 ], [ 8.676900301435079, 49.415525276190948 ] ], [ [ 8.677075625880304, 49.413743469164004 ], [ 8.677092307002356, 49.413724271692828 ], [ 8.677106023756448, 49.413704099884754 ], [ 8.677116644045711, 49.413683148006434 ], [ 8.677124065594517, 49.413661617836745 ], [ 8.677128216933301, 49.41363971672363 ], [ 8.677129058086713, 49.413617655587139 ], [ 8.677126580958422, 49.41359564688814 ], [ 8.677120809408924, 49.413573902582243 ], [ 8.677111799025591, 49.413552632078542 ], [ 8.677099636587155, 49.413532040222869 ], [ 8.677084439227857, 49.413512325325087 ], [ 8.677066353309231, 49.413493677249321 ], [ 8.677058502497271, 49.413487109209463 ], [ 8.677074607882441, 49.413210434897145 ], [ 8.677074579397541, 49.41320876457366 ], [ 8.677074764096565, 49.413207098500671 ], [ 8.67708629775626, 49.412881631260205 ], [ 8.677264926502017, 49.412858189352974 ], [ 8.67736573020804, 49.412864684267305 ], [ 8.67737113117248, 49.412865004280555 ], [ 8.677695189064501, 49.412882528524591 ], [ 8.677684228526008, 49.413101252060692 ], [ 8.677684229272858, 49.413101281764654 ], [ 8.677684225565724, 49.413101311374007 ], [ 8.677672625438912, 49.413334681069827 ], [ 8.67765722480811, 49.413641950753849 ], [ 8.6776426221798, 49.413933762464303 ], [ 8.677642468073952, 49.413938160956945 ], [ 8.677639102210495, 49.414106139795585 ], [ 8.677600310837036, 49.414105323135033 ], [ 8.677596028504004, 49.414096782094198 ], [ 8.677582412038996, 49.414076581353854 ], [ 8.677565826378602, 49.414057348664969 ], [ 8.677546431254118, 49.414039269247624 ], [ 8.677524413452725, 49.41402251721513 ], [ 8.677499985018585, 49.414007253897331 ], [ 8.677473381210689, 49.41399362628686 ], [ 8.677444858237212, 49.41398176562366 ], [ 8.677414690788115, 49.413971786131086 ], [ 8.677383169389811, 49.413963783915975 ], [ 8.677350597607326, 49.413957836043025 ], [ 8.677317289120946, 49.413953999792753 ], [ 8.677283564705426, 49.413952312109849 ], [ 8.677249749140934, 49.413952789247404 ], [ 8.677216168085403, 49.413955426610357 ], [ 8.677183144938432, 49.413960198799806 ], [ 8.677150997726946, 49.413967059857555 ], [ 8.677120036042565, 49.413975943708706 ], [ 8.677090558060229, 49.413986764797961 ], [ 8.677062847666699, 49.413999418913562 ], [ 8.677037171726676, 49.414013784190793 ], [ 8.677027173295309, 49.414020595958348 ], [ 8.677041797505481, 49.413772349188541 ], [ 8.677056141036351, 49.413761507414939 ], [ 8.677075625880304, 49.413743469164004 ] ], [ [ 8.676060204476819, 49.407557234930906 ], [ 8.676062955743804, 49.407541853620472 ], [ 8.676104077810917, 49.407499157013589 ], [ 8.676109495658981, 49.407492944921906 ], [ 8.67628109708752, 49.407495513807078 ], [ 8.676314904556087, 49.407494936729215 ], [ 8.676348462546288, 49.407492200119322 ], [ 8.676381447872028, 49.407487330332785 ], [ 8.676413542862569, 49.407480374268921 ], [ 8.67644443842204, 49.407471398919299 ], [ 8.676473837006331, 49.407460490722492 ], [ 8.676501455488717, 49.407447754731614 ], [ 8.676527027886623, 49.407433313602581 ], [ 8.676530992535469, 49.40743058753786 ], [ 8.676523122994157, 49.407595792036567 ], [ 8.676054873245278, 49.407591684586876 ], [ 8.6760552444829, 49.407577998303424 ], [ 8.676060204476819, 49.407557234930906 ] ], [ [ 8.67647100214713, 49.406865582563945 ], [ 8.676438332795035, 49.406859878487573 ], [ 8.676433255741092, 49.406859332714269 ], [ 8.676439091857452, 49.40668240671755 ], [ 8.676459388682112, 49.406683155379774 ], [ 8.676566235493981, 49.406684027599617 ], [ 8.676556429470617, 49.406892604240333 ], [ 8.676532993685321, 49.406883102104089 ], [ 8.676502657395227, 49.406873348699854 ], [ 8.67647100214713, 49.406865582563945 ] ], [ [ 8.677554498310355, 49.404828854328251 ], [ 8.677605964444281, 49.40483079644661 ], [ 8.677763324509508, 49.404846355635343 ], [ 8.677817830393964, 49.404852785966995 ], [ 8.677815845631228, 49.404866561606973 ], [ 8.677815995441097, 49.404888629386335 ], [ 8.677819459168324, 49.404910581320955 ], [ 8.677826203459675, 49.404932206001384 ], [ 8.67783308851514, 49.404946784458083 ], [ 8.677827174870099, 49.404947678148382 ], [ 8.677795135958167, 49.404954740255491 ], [ 8.677764312059535, 49.404963817640443 ], [ 8.677735000022251, 49.404974822884121 ], [ 8.677707482135011, 49.40498765000126 ], [ 8.677682023408657, 49.405002175461071 ], [ 8.677658869024036, 49.405018259376831 ], [ 8.67763824197079, 49.405035746853123 ], [ 8.677620340899844, 49.405054469477335 ], [ 8.677605338210236, 49.40507424694168 ], [ 8.677593378388751, 49.405094888779516 ], [ 8.677578786805686, 49.405124371376765 ], [ 8.677486106625922, 49.405311528839604 ], [ 8.677424318215889, 49.405436203781477 ], [ 8.677414042821145, 49.405462112322489 ], [ 8.677408556871962, 49.405488633970855 ], [ 8.677390156224442, 49.405649229842425 ], [ 8.677371262600765, 49.405814047005016 ], [ 8.677360667686003, 49.405883970225631 ], [ 8.677356972880748, 49.405908346788401 ], [ 8.677286048342234, 49.405900214528245 ], [ 8.67729239751972, 49.405733486858033 ], [ 8.677292327069241, 49.405731590864619 ], [ 8.677292492867986, 49.405729697404048 ], [ 8.677293633880513, 49.405636520007526 ], [ 8.677335106473366, 49.405417245699539 ], [ 8.677337521148344, 49.405396974981521 ], [ 8.677355118669665, 49.405042174924446 ], [ 8.677355238543274, 49.405039113333892 ], [ 8.677356186938631, 49.40500608388934 ], [ 8.677358209921305, 49.404985992184805 ], [ 8.677369042882129, 49.40491284311107 ], [ 8.67737456652981, 49.404882408780431 ], [ 8.677469310708533, 49.404850906114135 ], [ 8.677536139626595, 49.404829372934941 ], [ 8.677554498310355, 49.404828854328251 ] ], [ [ 8.678424092031946, 49.403433682208096 ], [ 8.678551409535443, 49.403312951346329 ], [ 8.678568768186995, 49.403313277061507 ], [ 8.678579931333235, 49.40331987893461 ], [ 8.678662175879568, 49.403379772733473 ], [ 8.678706015686616, 49.403411656411741 ], [ 8.679145017644208, 49.403779475832891 ], [ 8.679055911157995, 49.403824432178588 ], [ 8.679026583534119, 49.403820676519842 ], [ 8.678992921427049, 49.403818570079117 ], [ 8.678959105027051, 49.403818626937522 ], [ 8.678925460000102, 49.403820846547504 ], [ 8.678892310361853, 49.403825207533281 ], [ 8.678859975357337, 49.403831667896711 ], [ 8.678828766386639, 49.403840165421755 ], [ 8.678798984006068, 49.40385061827363 ], [ 8.678770915033773, 49.403862925786868 ], [ 8.678744829787608, 49.403876969434663 ], [ 8.678720979481895, 49.403892613970484 ], [ 8.678699593808124, 49.403909708730282 ], [ 8.678680878722901, 49.403928089083621 ], [ 8.678665014464436, 49.403947578018951 ], [ 8.678652153816685, 49.403967987848389 ], [ 8.678642420637864, 49.403989122015126 ], [ 8.678635908667504, 49.404010776986389 ], [ 8.678632680623544, 49.404032744213524 ], [ 8.678632767598174, 49.404054812140402 ], [ 8.678636168758221, 49.404076768240813 ], [ 8.678642851353011, 49.404098401065234 ], [ 8.678652751029606, 49.40411950227719 ], [ 8.678653451220496, 49.404120597422917 ], [ 8.678606417334853, 49.404113566467728 ], [ 8.678316800595001, 49.404060962033228 ], [ 8.678314582821153, 49.404060634779583 ], [ 8.678312415620702, 49.404060185852586 ], [ 8.678065214204567, 49.404017568342368 ], [ 8.677901875572465, 49.403987484676513 ], [ 8.678120040792614, 49.403731092984692 ], [ 8.67816009899134, 49.403686945220173 ], [ 8.678424092031946, 49.403433682208096 ] ], [ [ 8.675507149002035, 49.414756516043887 ], [ 8.675533888535339, 49.414743001646571 ], [ 8.6755584689881, 49.414727842332347 ], [ 8.67558065363686, 49.414711184095147 ], [ 8.675600228831929, 49.414693187364335 ], [ 8.67561700605493, 49.414674025459611 ], [ 8.675630823734281, 49.41465388292184 ], [ 8.675641548801128, 49.414632953735754 ], [ 8.675649077970757, 49.414611439461737 ], [ 8.675653338737146, 49.414589547294611 ], [ 8.675669537789675, 49.414452947244925 ], [ 8.675670561597411, 49.414436570554187 ], [ 8.675672295941403, 49.414174256296675 ], [ 8.67568432277305, 49.414166878910621 ], [ 8.675706575852603, 49.414150259714106 ], [ 8.675707307593754, 49.414149590794587 ], [ 8.675865511717252, 49.414145138502683 ], [ 8.675864358242688, 49.414160683868715 ], [ 8.675814232271062, 49.414807258783704 ], [ 8.675465106734595, 49.414792686193579 ], [ 8.675452413472899, 49.414792309468119 ], [ 8.675387490164226, 49.414791164438377 ], [ 8.675416640006409, 49.414785974774048 ], [ 8.6754482410775, 49.414778106573138 ], [ 8.675478507905636, 49.414768255371882 ], [ 8.675507149002035, 49.414756516043887 ] ], [ [ 8.67536413255227, 49.419150375569025 ], [ 8.67537795074802, 49.419084114672486 ], [ 8.675379381810124, 49.419073302196658 ], [ 8.675380839622001, 49.419062491246237 ], [ 8.675387538832524, 49.418949491224801 ], [ 8.675387786890258, 49.418942466509414 ], [ 8.675388086264487, 49.418916105330524 ], [ 8.675389285096367, 49.418815244155226 ], [ 8.675389295458608, 49.41881349948649 ], [ 8.675389295232479, 49.418781213209108 ], [ 8.675389394605219, 49.418716826931359 ], [ 8.675389393618499, 49.418716016756264 ], [ 8.675388992913211, 49.418615316755989 ], [ 8.675388592248089, 49.418518818815159 ], [ 8.675388183697388, 49.41841068560732 ], [ 8.675395628810339, 49.418409002102592 ], [ 8.675426350178562, 49.418399766027932 ], [ 8.675455535935837, 49.418388609942674 ], [ 8.67548290500519, 49.418375641287327 ], [ 8.675508193806124, 49.418360984958468 ], [ 8.675531158793129, 49.41834478210599 ], [ 8.67555157880116, 49.418327188773645 ], [ 8.675569257175569, 49.418308374396233 ], [ 8.675584023665948, 49.418288520167785 ], [ 8.675595736065665, 49.418267817296496 ], [ 8.675604281581277, 49.418246465163278 ], [ 8.675609577918673, 49.418224669401582 ], [ 8.675611574075447, 49.418202639916913 ], [ 8.675610250831934, 49.418180588865475 ], [ 8.675605620936123, 49.418158728610813 ], [ 8.675597728980726, 49.41813726967878 ], [ 8.675586650973559, 49.41811641872993 ], [ 8.675572493605381, 49.41809637656948 ], [ 8.67555539322229, 49.418077336213251 ], [ 8.675535514512507, 49.418059481029054 ], [ 8.675513048920264, 49.418042982970704 ], [ 8.675488212802032, 49.418028000922099 ], [ 8.675461245342873, 49.418014679167129 ], [ 8.675432406252968, 49.418003146000153 ], [ 8.675401973266514, 49.417993512490646 ], [ 8.675386586199439, 49.417989807489356 ], [ 8.675386388283778, 49.41793824575339 ], [ 8.675386087790516, 49.417857565064487 ], [ 8.675385687050275, 49.417745477609486 ], [ 8.675385286266133, 49.41763267925424 ], [ 8.675384486467847, 49.417435764435716 ], [ 8.675384881896434, 49.417256562631145 ], [ 8.675385288505527, 49.417231713488952 ], [ 8.67581113654067, 49.417234468732921 ], [ 8.675752830621722, 49.418114893902143 ], [ 8.675752887735158, 49.418121199473028 ], [ 8.67575253803048, 49.418127501029524 ], [ 8.675774743812889, 49.419250524320631 ], [ 8.67575311887065, 49.419275560517086 ], [ 8.675736579054881, 49.41928933741017 ], [ 8.675713766733795, 49.419304563894826 ], [ 8.675693732245575, 49.419313435456367 ], [ 8.675660386503463, 49.419323587641315 ], [ 8.675644299503826, 49.419326587712348 ], [ 8.675585770316875, 49.419331323833859 ], [ 8.675377082348444, 49.419336194143831 ], [ 8.675351539929549, 49.419336470222703 ], [ 8.675354761607528, 49.419315043277031 ], [ 8.67536413255227, 49.419150375569025 ] ], [ [ 8.676272340607325, 49.408542217191055 ], [ 8.676275502718845, 49.408544569379821 ], [ 8.676268456799011, 49.408544633596463 ], [ 8.676272340607325, 49.408542217191055 ] ], [ [ 8.677116068075264, 49.412375296346767 ], [ 8.677116715454275, 49.412367723024843 ], [ 8.677116716492028, 49.412367620877269 ], [ 8.677116732728662, 49.412367519278369 ], [ 8.677137031046753, 49.412126119215024 ], [ 8.677137084489773, 49.412102134743094 ], [ 8.677125683490925, 49.411958934774674 ], [ 8.677125454466818, 49.411957460105533 ], [ 8.677125418157734, 49.411955978075142 ], [ 8.67711145128037, 49.411816129081764 ], [ 8.677111466560701, 49.411792559468111 ], [ 8.677193661726333, 49.411795741534263 ], [ 8.677404499688945, 49.411806736746193 ], [ 8.677473367612212, 49.411811447273877 ], [ 8.677561399562325, 49.41181742541211 ], [ 8.677763387233703, 49.411833886537906 ], [ 8.678079402455541, 49.411863442628061 ], [ 8.678190020330906, 49.411875432677633 ], [ 8.678190391876498, 49.411875472813776 ], [ 8.678248895209176, 49.411881771177029 ], [ 8.678173802288148, 49.412459489743945 ], [ 8.67807967792878, 49.412454936033171 ], [ 8.677778862853801, 49.412435789669772 ], [ 8.677776355500395, 49.412435710824788 ], [ 8.677773867000784, 49.412435495615561 ], [ 8.677430770951187, 49.412416941845585 ], [ 8.6773094712893, 49.412409126351001 ], [ 8.677116068075264, 49.412375296346767 ] ], [ [ 8.677383596877926, 49.408644848255463 ], [ 8.677417396834285, 49.408644091930668 ], [ 8.677450920420748, 49.408641177468347 ], [ 8.677483844782566, 49.408636132936728 ], [ 8.677515852836146, 49.408629006918048 ], [ 8.677546636322912, 49.408619868040638 ], [ 8.67757589877813, 49.408608804317943 ], [ 8.677603358386133, 49.408595922300925 ], [ 8.677628750694462, 49.408581346051776 ], [ 8.677651831160723, 49.408565215949217 ], [ 8.677672377507701, 49.408547687336352 ], [ 8.677690191863991, 49.408528929024698 ], [ 8.677692686223256, 49.408525615544242 ], [ 8.677709200561292, 49.408542949952171 ], [ 8.677729785015591, 49.408560459517481 ], [ 8.677752900544208, 49.408576568226891 ], [ 8.677778324532277, 49.408591120943271 ], [ 8.677805812132323, 49.408603977514574 ], [ 8.677835098622321, 49.408615014123612 ], [ 8.677865901955155, 49.408624124480596 ], [ 8.677897925474971, 49.408631220846701 ], [ 8.677930860774255, 49.408636234879161 ], [ 8.677964390664085, 49.408639118289443 ], [ 8.677998192229014, 49.408639843308364 ], [ 8.678031939937053, 49.408638402953493 ], [ 8.678065308774922, 49.408634811096412 ], [ 8.678097977378258, 49.408629102329115 ], [ 8.678101364645492, 49.408628270786792 ], [ 8.67810866025477, 49.408635137265698 ], [ 8.678130560870178, 49.408651953248672 ], [ 8.678131113834644, 49.408652301888033 ], [ 8.678053220645433, 49.40866874521214 ], [ 8.678021443135663, 49.408676628912247 ], [ 8.677996379366697, 49.408674022601829 ], [ 8.677967075458437, 49.408672629029134 ], [ 8.67779917622414, 49.408669329045651 ], [ 8.677798816352992, 49.408669333501685 ], [ 8.677798457486821, 49.40866931540836 ], [ 8.6772009538965, 49.408658383538686 ], [ 8.677201465727975, 49.408643087910313 ], [ 8.677383596877926, 49.408644848255463 ] ], [ [ 8.677555636073089, 49.408223271101896 ], [ 8.677525281016139, 49.408213541494391 ], [ 8.677493610625884, 49.408205800187694 ], [ 8.677460929902157, 49.408200121733834 ], [ 8.67743169802401, 49.408197002989382 ], [ 8.677425966278694, 49.408181341472442 ], [ 8.677642046515524, 49.408178298556209 ], [ 8.677644315564514, 49.408269555655181 ], [ 8.67763596598922, 49.408263362574687 ], [ 8.677611246336692, 49.408248302172133 ], [ 8.677584383463648, 49.408234895309853 ], [ 8.677555636073089, 49.408223271101896 ] ], [ [ 8.677354001141195, 49.407427141304474 ], [ 8.677386994349343, 49.407422294429885 ], [ 8.677419100626951, 49.407415360660679 ], [ 8.677450010769441, 49.407406406773688 ], [ 8.677479427092253, 49.407395519000808 ], [ 8.677507066297824, 49.407382802198462 ], [ 8.677532662203992, 49.407368378837774 ], [ 8.677555968307527, 49.407352387824986 ], [ 8.67757676015812, 49.40733498316375 ], [ 8.677594837519953, 49.407316332471858 ], [ 8.677610026300044, 49.407296615366981 ], [ 8.677622180224777, 49.407276021736763 ], [ 8.677631182248495, 49.407254749910095 ], [ 8.677636945680598, 49.407233004747049 ], [ 8.677639415020264, 49.407210995665892 ], [ 8.677638566490796, 49.407188934626376 ], [ 8.677634408268435, 49.407167034088246 ], [ 8.677626980403444, 49.407145504965392 ], [ 8.677616354434248, 49.407124554594368 ], [ 8.67760263269831, 49.407104384737877 ], [ 8.67758594734644, 49.407085189641592 ], [ 8.677566459069988, 49.407067154163535 ], [ 8.677544355553218, 49.407050451993911 ], [ 8.677519849665739, 49.407035243982307 ], [ 8.677493177412435, 49.407021676588734 ], [ 8.677464595660611, 49.40700988047324 ], [ 8.677434379666277, 49.406999969237532 ], [ 8.677402820423332, 49.406992038331097 ], [ 8.677370221861255, 49.406986164131915 ], [ 8.67733689791821, 49.406982403211003 ], [ 8.677303169517808, 49.406980791787575 ], [ 8.677241877957238, 49.406979831738937 ], [ 8.677271237908766, 49.406355152462545 ], [ 8.677409166423269, 49.406370967454059 ], [ 8.677405547442952, 49.406387278206452 ], [ 8.677402349681429, 49.406409247319019 ], [ 8.677402467236528, 49.406431315175318 ], [ 8.677405898980565, 49.40645326924983 ], [ 8.677412611868331, 49.406474898112499 ], [ 8.677422541255137, 49.40649599346505 ], [ 8.677435591519249, 49.406516352146895 ], [ 8.677451636982621, 49.406535778091765 ], [ 8.677470523121119, 49.406554084215998 ], [ 8.677492068052594, 49.406571094220297 ], [ 8.677516064288426, 49.406586644287614 ], [ 8.677542280731728, 49.406600584660836 ], [ 8.67757046490294, 49.406612781085165 ], [ 8.677600345371369, 49.406623116101031 ], [ 8.677626609855498, 49.406630145432672 ], [ 8.677636065100145, 49.406644118527737 ], [ 8.677652692066435, 49.406663335131064 ], [ 8.677672125470853, 49.406681395731141 ], [ 8.677694178160612, 49.406698126393202 ], [ 8.677718637756936, 49.406713365990392 ], [ 8.677745268700349, 49.406726967755638 ], [ 8.677773814519254, 49.406738800695074 ], [ 8.677804000299934, 49.406748750849751 ], [ 8.6778154382162, 49.406751642168786 ], [ 8.677814397918549, 49.406842520814905 ], [ 8.677815804967162, 49.40686456969469 ], [ 8.677820517175569, 49.406886422407901 ], [ 8.677828489166901, 49.406907868500596 ], [ 8.677839644170479, 49.406928701434509 ], [ 8.677853874761009, 49.40694872057621 ], [ 8.677871043893001, 49.406967733129314 ], [ 8.677890986220495, 49.406985555991334 ], [ 8.677913509689342, 49.407002017516959 ], [ 8.67793839738674, 49.40701695917128 ], [ 8.6779654096302, 49.407030237056588 ], [ 8.677994286275842, 49.407041723298185 ], [ 8.678011130050074, 49.407047022534456 ], [ 8.67797991686888, 49.407083600220346 ], [ 8.677965644103915, 49.407102324839222 ], [ 8.677959400905941, 49.407112874363754 ], [ 8.677952038624314, 49.40711507963811 ], [ 8.677922834202491, 49.407126207471748 ], [ 8.677895441899453, 49.407139149622921 ], [ 8.677870125516655, 49.407153781452998 ], [ 8.677847128864149, 49.407169962050901 ], [ 8.677826673412593, 49.407187535590047 ], [ 8.677808956160344, 49.40720633282902 ], [ 8.677794147736218, 49.407226172741446 ], [ 8.677782390756166, 49.407246864259243 ], [ 8.677773798449687, 49.407268208112733 ], [ 8.677768453569257, 49.40728999874964 ], [ 8.677766407593211, 49.407312026314685 ], [ 8.677762750850707, 49.407520457212193 ], [ 8.677750761152021, 49.407537205284306 ], [ 8.677739868738064, 49.407557108382804 ], [ 8.677731887854382, 49.407577590837228 ], [ 8.677727316165212, 49.407596687394914 ], [ 8.677286453107914, 49.407601805958812 ], [ 8.677233235912205, 49.407601439574726 ], [ 8.677230873739806, 49.407601428594603 ], [ 8.677212423357041, 49.40760138408239 ], [ 8.677220614669208, 49.407429374155392 ], [ 8.677286630401726, 49.407430408202892 ], [ 8.677320438749158, 49.40742985460578 ], [ 8.677354001141195, 49.407427141304474 ] ], [ [ 8.678112801000605, 49.417984750045804 ], [ 8.678116839846217, 49.417977783247927 ], [ 8.679280339666661, 49.418158318171649 ], [ 8.679096588386775, 49.41849526382174 ], [ 8.678410283860634, 49.418392207836895 ], [ 8.678369650018851, 49.418385828762936 ], [ 8.67833082879292, 49.418379057620328 ], [ 8.678323784916937, 49.418377880825744 ], [ 8.677888807557968, 49.418308389917421 ], [ 8.677997581609404, 49.418154027918547 ], [ 8.677999148904119, 49.41815177106821 ], [ 8.678105148113715, 49.417996870780527 ], [ 8.678112801000605, 49.417984750045804 ] ], [ [ 8.678972292775553, 49.402944970313314 ], [ 8.67896977113101, 49.402943617397888 ], [ 8.679125894587198, 49.402813124186153 ], [ 8.679197646021944, 49.402867599973739 ], [ 8.679005782499907, 49.402964776009377 ], [ 8.678972292775553, 49.402944970313314 ] ], [ [ 8.678506824686547, 49.406539634403416 ], [ 8.678503646742698, 49.406476360684096 ], [ 8.678714412567464, 49.406495807153604 ], [ 8.67869994677511, 49.406929273311519 ], [ 8.678479825152431, 49.406925677325503 ], [ 8.678488017331444, 49.406911081283759 ], [ 8.678496479103853, 49.406889715244859 ], [ 8.678501690758956, 49.406867910873501 ], [ 8.678503602109895, 49.406845878158123 ], [ 8.678507000030024, 49.406548678143828 ], [ 8.678506824686547, 49.406539634403416 ] ], [ [ 8.678684941983917, 49.407378890520775 ], [ 8.678678085138388, 49.407584355276107 ], [ 8.678645321656283, 49.407584802915245 ], [ 8.678608339940711, 49.407460384324565 ], [ 8.678613776445072, 49.407377752566454 ], [ 8.678684176037299, 49.407378902548409 ], [ 8.678684941983917, 49.407378890520775 ] ], [ [ 8.678046532080932, 49.405928232361561 ], [ 8.678057532665328, 49.405855625169458 ], [ 8.678058244713823, 49.405850273232019 ], [ 8.678077443551885, 49.405682773173076 ], [ 8.678092769593269, 49.405548995415778 ], [ 8.678141881967832, 49.405449895114558 ], [ 8.678179700219216, 49.405373523259954 ], [ 8.678771579707787, 49.40546793802325 ], [ 8.678754368595373, 49.405750255993993 ], [ 8.678736461184444, 49.40604362204818 ], [ 8.678416946586811, 49.406014141799275 ], [ 8.678241116539919, 49.405997939029362 ], [ 8.67803879680242, 49.405979270728352 ], [ 8.678046532080932, 49.405928232361561 ] ], [ [ 8.678480605461875, 49.40495853419305 ], [ 8.678481402881589, 49.404957261969152 ], [ 8.67863834080199, 49.404983695469944 ], [ 8.678480605461875, 49.40495853419305 ] ], [ [ 8.679303824995412, 49.412420307479799 ], [ 8.679296031149985, 49.412441781552801 ], [ 8.679291500788631, 49.4124636506602 ], [ 8.679290619209759, 49.412479544415127 ], [ 8.679286756336358, 49.41247942828597 ], [ 8.678898289436905, 49.412478650772606 ], [ 8.678863290983747, 49.412477090425206 ], [ 8.678928966873109, 49.411971766463246 ], [ 8.678989983825643, 49.411980561964342 ], [ 8.679390878518301, 49.412046503726721 ], [ 8.679515900619014, 49.412070728504297 ], [ 8.679314807261953, 49.412399435247607 ], [ 8.679303824995412, 49.412420307479799 ] ], [ [ 8.678338219408223, 49.416712443051516 ], [ 8.678343425841575, 49.416532433728818 ], [ 8.678351731817578, 49.416417828349623 ], [ 8.678369523403614, 49.416420627941875 ], [ 8.678403024698458, 49.416423674459871 ], [ 8.678436822380384, 49.416424563971653 ], [ 8.678470590954806, 49.416423287910654 ], [ 8.678504005207479, 49.416419858566165 ], [ 8.678536743336647, 49.416414308965102 ], [ 8.67856849005234, 49.416406692553849 ], [ 8.678598939612936, 49.416397082683517 ], [ 8.678627798769751, 49.416385571903533 ], [ 8.678654789591292, 49.416372271070308 ], [ 8.678679652139962, 49.416357308279466 ], [ 8.678702146975454, 49.416340827632339 ], [ 8.678722057460703, 49.416322987847977 ], [ 8.678739191848207, 49.416303960734638 ], [ 8.678753385126598, 49.416283929535062 ], [ 8.678764500609716, 49.416263087161781 ], [ 8.678772431252856, 49.41624163433913 ], [ 8.678777100683545, 49.416219777670186 ], [ 8.678778463936879, 49.41619772764701 ], [ 8.6787774634159, 49.416123327648897 ], [ 8.678775594783678, 49.416101833917693 ], [ 8.6787705843482, 49.416080555264003 ], [ 8.678762478035413, 49.416059686712089 ], [ 8.678751350145523, 49.416039419527301 ], [ 8.67873730267187, 49.416019939463048 ], [ 8.678720464366023, 49.416001425058425 ], [ 8.678700989557637, 49.415984046001839 ], [ 8.678679056739906, 49.415967961575809 ], [ 8.678654866933575, 49.415953319197158 ], [ 8.67863144465062, 49.415941649508568 ], [ 8.678876107553124, 49.415943675704582 ], [ 8.678874210516947, 49.415981309004984 ], [ 8.67885279417483, 49.416408299117919 ], [ 8.678791632263184, 49.416799606550889 ], [ 8.678334911640418, 49.416768203917854 ], [ 8.678338011310171, 49.41671709036342 ], [ 8.678338219408223, 49.416712443051516 ] ], [ [ 8.678205058621685, 49.417529180910577 ], [ 8.678213969364656, 49.417350087109455 ], [ 8.678222102706044, 49.417212683503749 ], [ 8.679041966582028, 49.417269054776639 ], [ 8.679709064893467, 49.417363394191248 ], [ 8.679508094307446, 49.417731367030513 ], [ 8.678205058621685, 49.417529180910577 ] ], [ [ 8.678501522563453, 49.419514280352111 ], [ 8.678493096035673, 49.419515459638795 ], [ 8.678484592225784, 49.419516372805631 ], [ 8.678476568599814, 49.419517772641917 ], [ 8.678468447767594, 49.419518909146724 ], [ 8.678460238998941, 49.4195206215743 ], [ 8.678451913336398, 49.419522074105188 ], [ 8.678444138666144, 49.419523980257566 ], [ 8.67843622769303, 49.419525630562148 ], [ 8.678428315737227, 49.419527859639274 ], [ 8.678420248402002, 49.419529837545696 ], [ 8.678412797561109, 49.419532231657051 ], [ 8.67840517263306, 49.419534379868331 ], [ 8.678397633686025, 49.419537104127961 ], [ 8.678389902369872, 49.4195395883619 ], [ 8.678382847113332, 49.419542447375889 ], [ 8.678375581661827, 49.419545072805697 ], [ 8.678368488326957, 49.419548266012093 ], [ 8.678361767064882, 49.419550989680921 ], [ 8.678369351639319, 49.419542260932914 ], [ 8.67838306837387, 49.419522088669005 ], [ 8.6783936882139, 49.419501136442832 ], [ 8.678401108888108, 49.419479606036688 ], [ 8.678405258935355, 49.419457704800728 ], [ 8.678406098392726, 49.419435643656229 ], [ 8.678403619180227, 49.419413635064146 ], [ 8.678397845178429, 49.419391890979021 ], [ 8.678388831998319, 49.419370620807832 ], [ 8.678376666445573, 49.419350029393229 ], [ 8.678361465684416, 49.41933031504081 ], [ 8.678343376109149, 49.419311667609414 ], [ 8.678322571934189, 49.419294266682741 ], [ 8.67831060866815, 49.419286064803217 ], [ 8.678515245185105, 49.418869473855686 ], [ 8.678871949018347, 49.418923036797942 ], [ 8.678775489946736, 49.419106866245826 ], [ 8.678548028574465, 49.419511512805364 ], [ 8.678543438217954, 49.419511707631834 ], [ 8.678535133556295, 49.41951178875555 ], [ 8.678526570420564, 49.419512423544283 ], [ 8.678517970358453, 49.419512788552908 ], [ 8.678509775047695, 49.419513668592103 ], [ 8.678501522563453, 49.419514280352111 ] ], [ [ 8.669914676450174, 49.415751083204945 ], [ 8.669916809070848, 49.41575293282645 ], [ 8.669912094491275, 49.415752963341575 ], [ 8.669914676450174, 49.415751083204945 ] ], [ [ 8.669157492966608, 49.417030036163105 ], [ 8.66916066128614, 49.417027729979417 ], [ 8.669466251458603, 49.417026971278069 ], [ 8.669510667188131, 49.417026887946918 ], [ 8.669499989167104, 49.417029096650957 ], [ 8.669468230322115, 49.417029028709408 ], [ 8.669449471711308, 49.417029534561941 ], [ 8.669337261825133, 49.41702962768327 ], [ 8.669336879198079, 49.417029640264744 ], [ 8.669336496483636, 49.417029628872363 ], [ 8.669157492966608, 49.417030036163105 ] ], [ [ 8.668214978219494, 49.416192158051807 ], [ 8.668131743348027, 49.416192856771382 ], [ 8.668131746521828, 49.416190873231017 ], [ 8.668214978219494, 49.416192158051807 ] ], [ [ 8.668139405719206, 49.417098271253565 ], [ 8.668139071956967, 49.417050376104264 ], [ 8.668311740347466, 49.417042647249069 ], [ 8.668303536462536, 49.417099198972878 ], [ 8.668292897930501, 49.417099136597074 ], [ 8.668292830712346, 49.417099138356505 ], [ 8.668292763552239, 49.417099135826199 ], [ 8.668150266528277, 49.417098336405289 ], [ 8.668139405719206, 49.417098271253565 ] ] ], [ [ [ 8.643401406569595, 49.417979069864884 ], [ 8.643409261896757, 49.417974776196957 ], [ 8.643413933506972, 49.417971665890491 ], [ 8.64341888017282, 49.417968742192045 ], [ 8.643425763891667, 49.417963789351063 ], [ 8.643432936295113, 49.417959014044087 ], [ 8.643437118106078, 49.417955619985094 ], [ 8.643441601684593, 49.417952394046914 ], [ 8.643447708123395, 49.417947024870713 ], [ 8.643454128529527, 49.4179418139137 ], [ 8.643457780268642, 49.417938168788751 ], [ 8.643461757580253, 49.417934671678978 ], [ 8.643467027930946, 49.417928937876169 ], [ 8.643472634508136, 49.417923341453829 ], [ 8.64347572100724, 49.4179194803679 ], [ 8.643479153748784, 49.41791574576574 ], [ 8.643483537255866, 49.417909702556038 ], [ 8.64348827601002, 49.417903774565666 ], [ 8.643490767544877, 49.417899734703383 ], [ 8.643493622657648, 49.41789579857533 ], [ 8.643497077106179, 49.417889504158687 ], [ 8.643500902401499, 49.41788330169026 ], [ 8.643502774977891, 49.417879121957817 ], [ 8.643505024966156, 49.417875022211227 ], [ 8.64350751708893, 49.417868537206544 ], [ 8.643510392086714, 49.417862119993572 ], [ 8.643511627671353, 49.417857840644338 ], [ 8.643513250867267, 49.417853616762102 ], [ 8.643514756664917, 49.417847003623706 ], [ 8.643516653678548, 49.417840433467703 ], [ 8.643517240372866, 49.417836095714271 ], [ 8.643518221144967, 49.417831788374805 ], [ 8.643518726117069, 49.417825110791078 ], [ 8.643519626878584, 49.417818450966294 ], [ 8.643519559033237, 49.417814096583669 ], [ 8.643519887937018, 49.417809747269061 ], [ 8.643519387221737, 49.41780306954886 ], [ 8.643519283057651, 49.417796384193117 ], [ 8.643518561326903, 49.417792055116458 ], [ 8.643518235195719, 49.417787705712954 ], [ 8.643516733616575, 49.417781092166429 ], [ 8.643515625531386, 49.417774445663227 ], [ 8.643514256866764, 49.417770183583848 ], [ 8.643513278842303, 49.417765875978553 ], [ 8.643510790861656, 49.417759390297704 ], [ 8.643508689528103, 49.417752846656363 ], [ 8.643506687111444, 49.417748692620378 ], [ 8.643505066613418, 49.417744468297727 ], [ 8.643501616193099, 49.417738172942983 ], [ 8.643498541849386, 49.417731795182213 ], [ 8.643495924965844, 49.417727789195148 ], [ 8.643493677601247, 49.417723688837491 ], [ 8.64348929797179, 49.417717644436301 ], [ 8.643485280226582, 49.417711493977151 ], [ 8.643459980062131, 49.417677494044042 ], [ 8.643457915634151, 49.417674766837912 ], [ 8.642910023119907, 49.416963125013659 ], [ 8.642910023119907, 49.417647171922511 ], [ 8.642910023119907, 49.417952943319072 ], [ 8.642910023119907, 49.418144695840581 ], [ 8.642941650713416, 49.418140086720619 ], [ 8.642976989429457, 49.418132238161199 ], [ 8.643010819880372, 49.418121942441729 ], [ 8.643337620826394, 49.418008041988763 ], [ 8.643346411936271, 49.41800460605554 ], [ 8.643355400307232, 49.418001394682108 ], [ 8.643360912261073, 49.417998938722477 ], [ 8.643366638183382, 49.417996700792685 ], [ 8.643374870732886, 49.417992719250343 ], [ 8.643383333331782, 49.41798894857267 ], [ 8.643388449751024, 49.417986151973018 ], [ 8.643393811865096, 49.417983558671366 ], [ 8.643401406569595, 49.417979069864884 ] ] ], [ [ [ 8.672244043232981, 49.417473795651418 ], [ 8.672276280593223, 49.417467112378368 ], [ 8.672307358607759, 49.417458399821861 ], [ 8.672336977975249, 49.41744774188961 ], [ 8.672364853442607, 49.417435241224545 ], [ 8.672390716552242, 49.417421018216253 ], [ 8.672414318227499, 49.417405209841455 ], [ 8.672435431171452, 49.417387968344912 ], [ 8.672453852055874, 49.417369459773077 ], [ 8.672469403479372, 49.417349862374891 ], [ 8.672481935675794, 49.417329364885212 ], [ 8.67249132795645, 49.417308164707073 ], [ 8.672497489872301, 49.417286466010559 ], [ 8.672500362084868, 49.417264477766473 ], [ 8.672499916937554, 49.417242411733909 ], [ 8.67249615872182, 49.417220480420788 ], [ 8.672489123635673, 49.417198895037316 ], [ 8.672478879434902, 49.417177863461994 ], [ 8.672465524780403, 49.417157588239526 ], [ 8.672449188287871, 49.417138264630381 ], [ 8.672430027289037, 49.41712007873025 ], [ 8.672384227196495, 49.417080878837709 ], [ 8.672362426256905, 49.417064005776744 ], [ 8.672338195300137, 49.417048608057975 ], [ 8.672311767683448, 49.417034833968422 ], [ 8.672283397918266, 49.417022816158649 ], [ 8.672253359219146, 49.417012670365473 ], [ 8.672221940872623, 49.417004494297224 ], [ 8.672189445451336, 49.416998366692923 ], [ 8.672156185900199, 49.416994346563953 ], [ 8.672122482522735, 49.416992472625829 ], [ 8.672088659896506, 49.416992762925382 ], [ 8.672055043747449, 49.416995214666862 ], [ 8.67202195781312, 49.416999804238991 ], [ 8.671989720725083, 49.417006487442244 ], [ 8.671958642940487, 49.417015199914552 ], [ 8.671929023752307, 49.417025857751064 ], [ 8.671901148407139, 49.417038358312205 ], [ 8.67187528535819, 49.417052581212076 ], [ 8.671851683679991, 49.417068389477805 ], [ 8.671830570669709, 49.417085630868577 ], [ 8.671812149658139, 49.417104139341795 ], [ 8.671796598051493, 49.417123736652016 ], [ 8.671784065622795, 49.417144234067663 ], [ 8.671774673069402, 49.417165434188391 ], [ 8.671768510850487, 49.417187132846223 ], [ 8.671765638315735, 49.417209121071743 ], [ 8.671766083133603, 49.41723118710658 ], [ 8.671769841024696, 49.417253118442716 ], [ 8.671776875802809, 49.41727470386909 ], [ 8.67178711972325, 49.417295735505675 ], [ 8.6718004741351, 49.417316010805493 ], [ 8.671816810431146, 49.417335334505289 ], [ 8.67183597128631, 49.417353520506055 ], [ 8.671881771193767, 49.417392720613492 ], [ 8.671903572113186, 49.417409593764077 ], [ 8.671927803110702, 49.417424991573036 ], [ 8.671954230828465, 49.417438765749637 ], [ 8.671982600752138, 49.417450783639616 ], [ 8.672012639662046, 49.417460929502802 ], [ 8.672044058264518, 49.417469105627795 ], [ 8.672076553978018, 49.41747523327308 ], [ 8.67210981384731, 49.41747925342527 ], [ 8.672143517557524, 49.417481127367623 ], [ 8.672177340519131, 49.417480837052743 ], [ 8.672210956994073, 49.417478385276603 ], [ 8.672244043232981, 49.417473795651418 ] ] ] ] } },
{ "type": "Feature", "properties": { "klasse": "Wald" }, "geometry": { "type": "MultiPolygon", "coordinates": [ [ [ [ 8.647987, 49.409893 ], [ 8.6474794, 49.410013399999983 ], [ 8.6475486, 49.4101515 ], [ 8.6469958, 49.4104315 ], [ 8.6465876, 49.4106383 ], [ 8.6459798, 49.4109011 ], [ 8.6455299, 49.4110956 ], [ 8.644981, 49.4112852 ], [ 8.6444511, 49.41146830000001 ], [ 8.6439691, 49.4116348 ], [ 8.6433667, 49.4118098 ], [ 8.642910023119907, 49.411936023327087 ], [ 8.642910023119907, 49.41210747104865 ], [ 8.6429259, 49.4121322 ], [ 8.6436412, 49.4119397 ], [ 8.6442054, 49.411802 ], [ 8.644703, 49.4116206 ], [ 8.645205, 49.4114526 ], [ 8.6452954, 49.411334 ], [ 8.6454984, 49.4112612 ], [ 8.6457484, 49.4112775 ], [ 8.646527, 49.4110257 ], [ 8.6465356, 49.4109273 ], [ 8.6467604, 49.4107995 ], [ 8.6470187, 49.4106707 ], [ 8.6473395, 49.4105174 ], [ 8.647436, 49.410575 ], [ 8.6478902, 49.4103382 ], [ 8.648213, 49.4102003 ], [ 8.6491151, 49.409866299999983 ], [ 8.6492165, 49.4099447 ], [ 8.6503462, 49.4096141 ], [ 8.6504803, 49.4097657 ], [ 8.6505951, 49.4097404 ], [ 8.6507681, 49.4096872 ], [ 8.6510337, 49.4096104 ], [ 8.6513073, 49.4095537 ], [ 8.6515045, 49.4095281 ], [ 8.6514829, 49.409422 ], [ 8.6505228, 49.4095169 ], [ 8.6498075, 49.4096095 ], [ 8.6492262, 49.4096945 ], [ 8.6486144, 49.4097879 ], [ 8.648403, 49.4098233 ], [ 8.647987, 49.409893 ] ] ], [ [ [ 8.6435815, 49.4110982 ], [ 8.6446638, 49.4106823 ], [ 8.6456427, 49.410336 ], [ 8.6464588, 49.4100784 ], [ 8.6470685, 49.4099343 ], [ 8.648126, 49.4096958 ], [ 8.6484635, 49.4096471 ], [ 8.6487457, 49.409481199999988 ], [ 8.6481841, 49.4092624 ], [ 8.6466964, 49.4098161 ], [ 8.6461062, 49.4100497 ], [ 8.6451203, 49.4104348 ], [ 8.6439119, 49.4108997 ], [ 8.642910023119907, 49.41130017738864 ], [ 8.642910023119907, 49.411330937804273 ], [ 8.6435815, 49.4110982 ] ] ], [ [ [ 8.6431242, 49.4139902 ], [ 8.6444027, 49.4136248 ], [ 8.6435455, 49.4121848 ], [ 8.642910023119907, 49.412379500781562 ], [ 8.642910023119907, 49.413759976656472 ], [ 8.6431242, 49.4139902 ] ] ], [ [ [ 8.6490035, 49.4127323 ], [ 8.6488472, 49.4127847 ], [ 8.6469328, 49.4132838 ], [ 8.6467927, 49.4133274 ], [ 8.6466753, 49.4133763 ], [ 8.6465761, 49.41344260000001 ], [ 8.6464976, 49.4135193 ], [ 8.6464547, 49.4135961 ], [ 8.6464306, 49.4136624 ], [ 8.646503, 49.413660699999987 ], [ 8.6465191, 49.4136397 ], [ 8.6465639, 49.4135528 ], [ 8.6466485, 49.4134949 ], [ 8.6472937, 49.4132402 ], [ 8.6494923, 49.412639699999986 ], [ 8.6494878, 49.4125891 ], [ 8.6492046, 49.412660799999983 ], [ 8.6490035, 49.4127323 ] ] ], [ [ [ 8.642910023119907, 49.414361899718372 ], [ 8.642910023119907, 49.414404472369831 ], [ 8.6430913, 49.414343 ], [ 8.6430698, 49.4143186 ], [ 8.642910023119907, 49.414361899718372 ] ] ], [ [ [ 8.6465513, 49.4155452 ], [ 8.6466451, 49.4154981 ], [ 8.6465083, 49.4140586 ], [ 8.6465083, 49.4138561 ], [ 8.6465539, 49.4137427 ], [ 8.6464198, 49.4137305 ], [ 8.6463957, 49.413809 ], [ 8.6463984, 49.413978299999989 ], [ 8.6465513, 49.4155452 ] ] ], [ [ [ 8.6460524, 49.413784599999985 ], [ 8.6460068, 49.4138108 ], [ 8.645996, 49.4138352 ], [ 8.6460282, 49.4138666 ], [ 8.6460953, 49.4139451 ], [ 8.6461355, 49.4140149 ], [ 8.6461731, 49.4141457 ], [ 8.6463286, 49.4154597 ], [ 8.6463984, 49.415512 ], [ 8.6464171, 49.4154335 ], [ 8.646283, 49.4142644 ], [ 8.6462643, 49.4140306 ], [ 8.6462348, 49.4139277 ], [ 8.6461597, 49.4138195 ], [ 8.6461114, 49.4137828 ], [ 8.6460524, 49.413784599999985 ] ] ], [ [ [ 8.6437831, 49.415046 ], [ 8.6443767, 49.415489399999984 ], [ 8.6447272, 49.4157405 ], [ 8.6449847, 49.415922 ], [ 8.6450491, 49.4159325 ], [ 8.6449936, 49.4158419 ], [ 8.6448452, 49.4157161 ], [ 8.6444805, 49.4154369 ], [ 8.6440889, 49.4151089 ], [ 8.6436525, 49.4147845 ], [ 8.6431608, 49.4143969 ], [ 8.6430321, 49.4144318 ], [ 8.6430052, 49.4144667 ], [ 8.643075, 49.4145226 ], [ 8.6437831, 49.415046 ] ] ], [ [ [ 8.6459323, 49.4161874 ], [ 8.6459557, 49.4161558 ], [ 8.6458519, 49.4161176 ], [ 8.6457357, 49.4160337 ], [ 8.6455246, 49.4158768 ], [ 8.645235, 49.4156639 ], [ 8.6449453, 49.415465 ], [ 8.6446502, 49.4152207 ], [ 8.6444107, 49.4149972 ], [ 8.6439923, 49.4146133 ], [ 8.6436597, 49.4142887 ], [ 8.6435953, 49.4142748 ], [ 8.6434719, 49.4143097 ], [ 8.6438636, 49.4146866 ], [ 8.6442981, 49.41506 ], [ 8.6446199, 49.4153322 ], [ 8.644974, 49.415576499999986 ], [ 8.6452422, 49.415751 ], [ 8.6455319, 49.4159604 ], [ 8.645766, 49.4161141 ], [ 8.6459323, 49.4161874 ] ] ], [ [ [ 8.6466022, 49.4156551 ], [ 8.6465539, 49.4156551 ], [ 8.6465459, 49.4157528 ], [ 8.6465405, 49.415876699999984 ], [ 8.6465083, 49.4159727 ], [ 8.6464661, 49.4160775 ], [ 8.6463689, 49.416204799999988 ], [ 8.6462301, 49.4163619 ], [ 8.6463125, 49.4164002 ], [ 8.646391, 49.416328799999988 ], [ 8.6465063, 49.4161682 ], [ 8.6466002, 49.4160548 ], [ 8.6466431, 49.4159362 ], [ 8.6466619, 49.415789599999989 ], [ 8.6466485, 49.4157111 ], [ 8.6466022, 49.4156551 ] ] ], [ [ [ 8.6454463, 49.416292 ], [ 8.6453819, 49.4162362 ], [ 8.6452129, 49.41615250000001 ], [ 8.6451405, 49.4161543 ], [ 8.6452089, 49.4163165 ], [ 8.6452558, 49.416313 ], [ 8.6453604, 49.4163165 ], [ 8.6454463, 49.416292 ] ] ], [ [ [ 8.6435043, 49.4163078 ], [ 8.6433275, 49.4163636 ], [ 8.6433678, 49.4164172 ], [ 8.6438889, 49.416408 ], [ 8.6438772, 49.4163461 ], [ 8.6440676, 49.4162973 ], [ 8.643971, 49.416248399999986 ], [ 8.6437645, 49.4162606 ], [ 8.6435043, 49.4163078 ] ] ], [ [ [ 8.6462026, 49.416395 ], [ 8.6460604, 49.4165433 ], [ 8.6461704, 49.4165957 ], [ 8.6463018, 49.4164456 ], [ 8.6462026, 49.416395 ] ] ], [ [ [ 8.6455609, 49.4172763 ], [ 8.6455145, 49.4172547 ], [ 8.645509, 49.4172597 ], [ 8.6455553, 49.4172814 ], [ 8.6455609, 49.4172763 ] ] ], [ [ [ 8.645486, 49.4173441 ], [ 8.6454915, 49.417339 ], [ 8.6454451, 49.4173174 ], [ 8.6454396, 49.4173225 ], [ 8.645486, 49.4173441 ] ] ], [ [ [ 8.6453718, 49.4173838 ], [ 8.6454182, 49.4174054 ], [ 8.6454238, 49.4174004 ], [ 8.6453779, 49.4173786 ], [ 8.6453774, 49.4173787 ], [ 8.6453718, 49.4173838 ] ] ], [ [ [ 8.6453561, 49.4174623 ], [ 8.6453097, 49.4174406 ], [ 8.6453041, 49.4174456 ], [ 8.6453505, 49.4174673 ], [ 8.6453561, 49.4174623 ] ] ], [ [ [ 8.6452832, 49.4175303 ], [ 8.6452889, 49.4175253 ], [ 8.6452425, 49.4175035 ], [ 8.6452368, 49.4175086 ], [ 8.6452832, 49.4175303 ] ] ], [ [ [ 8.6452202, 49.4175874 ], [ 8.6451739, 49.4175658 ], [ 8.6451683, 49.4175707 ], [ 8.6452147, 49.4175925 ], [ 8.6452202, 49.4175874 ] ] ], [ [ [ 8.6451522, 49.4176496 ], [ 8.6451058, 49.417627899999985 ], [ 8.6451002, 49.417633 ], [ 8.6451465, 49.4176546 ], [ 8.6451522, 49.4176496 ] ] ], [ [ [ 8.6450784, 49.4177168 ], [ 8.6450841, 49.4177117 ], [ 8.6450377, 49.41769 ], [ 8.6450321, 49.4176951 ], [ 8.6450784, 49.4177168 ] ] ], [ [ [ 8.6450095, 49.417779 ], [ 8.6450151, 49.4177739 ], [ 8.6449687, 49.4177523 ], [ 8.6449631, 49.4177573 ], [ 8.6450095, 49.417779 ] ] ], [ [ [ 8.6449422, 49.417841100000011 ], [ 8.6449478, 49.4178361 ], [ 8.6449014, 49.4178144 ], [ 8.6448958, 49.4178194 ], [ 8.6449422, 49.417841100000011 ] ] ], [ [ [ 8.6448801, 49.4178988 ], [ 8.6448338, 49.4178771 ], [ 8.6448281, 49.4178821 ], [ 8.6448745, 49.4179038 ], [ 8.6448801, 49.4178988 ] ] ], [ [ [ 8.6448111, 49.4179601 ], [ 8.6447647, 49.4179384 ], [ 8.6447591, 49.4179435 ], [ 8.6448055, 49.4179652 ], [ 8.6448111, 49.4179601 ] ] ], [ [ [ 8.6447375, 49.4180287 ], [ 8.644743, 49.418023699999985 ], [ 8.6446967, 49.4180019 ], [ 8.6446911, 49.418007 ], [ 8.6447375, 49.4180287 ] ] ], [ [ [ 8.6446749, 49.4180856 ], [ 8.6446286, 49.4180638 ], [ 8.6446229, 49.4180689 ], [ 8.6446693, 49.4180905 ], [ 8.6446749, 49.4180856 ] ] ], [ [ [ 8.6446076, 49.4181477 ], [ 8.6445612, 49.4181259 ], [ 8.6445557, 49.418131 ], [ 8.6446021, 49.4181527 ], [ 8.6446076, 49.4181477 ] ] ], [ [ [ 8.652663820029622, 49.402390537699866 ], [ 8.652645, 49.4024549 ], [ 8.653029, 49.4025562 ], [ 8.6528193, 49.4031081 ], [ 8.6529543, 49.4031059 ], [ 8.6530027, 49.4030807 ], [ 8.653350468649853, 49.402390537699866 ], [ 8.652663820029622, 49.402390537699866 ] ] ], [ [ [ 8.6544436, 49.4033683 ], [ 8.6541032, 49.4033245 ], [ 8.6536966, 49.4045385 ], [ 8.6540837, 49.4045815 ], [ 8.6544248, 49.4034392 ], [ 8.6544436, 49.4033683 ] ] ], [ [ [ 8.6655313, 49.4043245 ], [ 8.6659473, 49.4042972 ], [ 8.6659723, 49.4044028 ], [ 8.6660235, 49.404393399999989 ], [ 8.6660212, 49.4043055 ], [ 8.6662546, 49.4042936 ], [ 8.6662223, 49.4042313 ], [ 8.6660868, 49.4042261 ], [ 8.6659762, 49.4041916 ], [ 8.6656573, 49.4042302 ], [ 8.6651244, 49.4041893 ], [ 8.6633149, 49.4045702 ], [ 8.6633271, 49.4046066 ], [ 8.6635251, 49.4045725 ], [ 8.6643198, 49.4044357 ], [ 8.665072, 49.4043535 ], [ 8.6654853, 49.4043723 ], [ 8.6655136, 49.4044157 ], [ 8.6655371, 49.40441 ], [ 8.6655313, 49.4043245 ] ] ], [ [ [ 8.6584061, 49.4053088 ], [ 8.6583629, 49.4051572 ], [ 8.65834, 49.4050198 ], [ 8.65811, 49.405131599999983 ], [ 8.6577123, 49.4053285 ], [ 8.6570898, 49.4056417 ], [ 8.6563001, 49.4060327 ], [ 8.6560926, 49.4060383 ], [ 8.656366, 49.4059282 ], [ 8.656716, 49.405766 ], [ 8.6572802, 49.4054767 ], [ 8.6576813, 49.4052758 ], [ 8.65801, 49.405108 ], [ 8.6583215, 49.4049418 ], [ 8.658304, 49.4049253 ], [ 8.6578662, 49.4051076 ], [ 8.6573092, 49.4053365 ], [ 8.6569638, 49.4054942 ], [ 8.6564522, 49.405741399999989 ], [ 8.6561869, 49.4058792 ], [ 8.6559244, 49.4059813 ], [ 8.6556972, 49.4060671 ], [ 8.6556652, 49.4060937 ], [ 8.6562338, 49.406095499999985 ], [ 8.6568347, 49.4060402 ], [ 8.6572944, 49.4059155 ], [ 8.6577785, 49.4057814 ], [ 8.6581878, 49.4056548 ], [ 8.6585029, 49.4054967 ], [ 8.6584061, 49.4053088 ] ] ], [ [ [ 8.652084, 49.4058146 ], [ 8.6519767, 49.405793600000017 ], [ 8.6518855, 49.4058949 ], [ 8.6518158, 49.4060153 ], [ 8.6517385, 49.4064271 ], [ 8.6526491, 49.4064966 ], [ 8.6527502, 49.4062609 ], [ 8.653373, 49.4063329 ], [ 8.6534781, 49.4060157 ], [ 8.6528726, 49.405935 ], [ 8.6524837, 49.405880899999985 ], [ 8.652084, 49.4058146 ] ] ], [ [ [ 8.651565, 49.407431 ], [ 8.6517984, 49.4075794 ], [ 8.6526459, 49.4073298 ], [ 8.6544645, 49.4069668 ], [ 8.655068, 49.4068848 ], [ 8.655819, 49.4067853 ], [ 8.6565904, 49.4066696 ], [ 8.656715, 49.4066468 ], [ 8.6567162, 49.4066018 ], [ 8.6566489, 49.406587 ], [ 8.6566704, 49.4064203 ], [ 8.6570738, 49.4064321 ], [ 8.6572443, 49.4064361 ], [ 8.6573832, 49.4064181 ], [ 8.6573368, 49.4063527 ], [ 8.6569813, 49.4063072 ], [ 8.6567231, 49.4063047 ], [ 8.6564851, 49.4063362 ], [ 8.656141, 49.4063606 ], [ 8.6561146, 49.4063881 ], [ 8.6563783, 49.406404699999989 ], [ 8.6563306, 49.4064848 ], [ 8.6565985, 49.4065146 ], [ 8.6565804, 49.4065911 ], [ 8.6560008, 49.40649890000001 ], [ 8.6559821, 49.4064363 ], [ 8.6557368, 49.4063775 ], [ 8.6556467, 49.4064259 ], [ 8.655319, 49.4063773 ], [ 8.6549913, 49.4063286 ], [ 8.6548886, 49.4064844 ], [ 8.6542182, 49.4067851 ], [ 8.653796, 49.406880899999983 ], [ 8.6528677, 49.4071597 ], [ 8.6520093, 49.4072971 ], [ 8.6515787, 49.4072807 ], [ 8.651565, 49.407431 ] ] ], [ [ [ 8.6556587, 49.4090539 ], [ 8.6546772, 49.4091563 ], [ 8.6537698, 49.4092374 ], [ 8.6522966, 49.4093468 ], [ 8.6518248, 49.4093904 ], [ 8.6516053, 49.4094075 ], [ 8.6516157, 49.4095136 ], [ 8.6518948, 49.409482 ], [ 8.652073, 49.4094664 ], [ 8.652411, 49.409442 ], [ 8.6532009, 49.4094068 ], [ 8.6541225, 49.4093527 ], [ 8.6548991, 49.4092859 ], [ 8.6557625, 49.4091945 ], [ 8.6567628, 49.409054 ], [ 8.6582565, 49.4088311 ], [ 8.6596987, 49.4086238 ], [ 8.6598803, 49.408409799999987 ], [ 8.6611348, 49.4081227 ], [ 8.6624882, 49.407772499999986 ], [ 8.6626415, 49.408141099999987 ], [ 8.6629912, 49.4080614 ], [ 8.6634589, 49.4079387 ], [ 8.6641947, 49.407709699999984 ], [ 8.6653065, 49.4073007 ], [ 8.6659757, 49.4070501 ], [ 8.666598, 49.4067848 ], [ 8.6670647, 49.4066172 ], [ 8.6676065, 49.4064497 ], [ 8.6675999, 49.406380199999987 ], [ 8.6662536, 49.4067663 ], [ 8.6657917, 49.4068847 ], [ 8.6642119, 49.407239 ], [ 8.6624455, 49.4076864 ], [ 8.6606689, 49.4081272 ], [ 8.6600477, 49.4082437 ], [ 8.6590951, 49.4084531 ], [ 8.6583468, 49.4086142 ], [ 8.6571339, 49.4088318 ], [ 8.6566529, 49.408909299999983 ], [ 8.6556587, 49.4090539 ] ] ], [ [ [ 8.6636495, 49.4086296 ], [ 8.663585, 49.408551399999986 ], [ 8.6631317, 49.4086495 ], [ 8.6629503, 49.4086976 ], [ 8.6627041, 49.4087481 ], [ 8.6625703, 49.4088922 ], [ 8.6636495, 49.4086296 ] ] ], [ [ [ 8.6502899, 49.4090415 ], [ 8.650269, 49.4091059 ], [ 8.6502044, 49.4092962 ], [ 8.6503348, 49.4092778 ], [ 8.6504412, 49.4092482 ], [ 8.6503951, 49.4092176 ], [ 8.6503737, 49.4091303 ], [ 8.6503978, 49.409057 ], [ 8.6504541, 49.4090239 ], [ 8.6505227, 49.4089993 ], [ 8.650637, 49.4089869 ], [ 8.6506392, 49.4089436 ], [ 8.6505855, 49.4089366 ], [ 8.6507626, 49.408811 ], [ 8.6511175, 49.4086076 ], [ 8.6510097, 49.4084831 ], [ 8.6489165, 49.4095817 ], [ 8.6489862, 49.4095712 ], [ 8.649365, 49.409522699999989 ], [ 8.6496788, 49.4094747 ], [ 8.6499897, 49.4094323 ], [ 8.649854, 49.409289 ], [ 8.6502899, 49.4090415 ] ] ], [ [ [ 8.6510703, 49.4090794 ], [ 8.6506285, 49.4091844 ], [ 8.6505802, 49.4091774 ], [ 8.6505614, 49.409153 ], [ 8.6505618, 49.4091102 ], [ 8.650588, 49.4090829 ], [ 8.6506532, 49.4090687 ], [ 8.6507804, 49.409077899999986 ], [ 8.6508404, 49.4090717 ], [ 8.6508832, 49.4089719 ], [ 8.6508392, 49.4089685 ], [ 8.6507567, 49.4090317 ], [ 8.6507027, 49.409041 ], [ 8.6505838, 49.4090537 ], [ 8.6505259, 49.40908 ], [ 8.6504895, 49.4091186 ], [ 8.6504809, 49.409167 ], [ 8.650519, 49.4092036 ], [ 8.6505727, 49.4092158 ], [ 8.6506478, 49.4092193 ], [ 8.6508913, 49.4091652 ], [ 8.651095, 49.4091216 ], [ 8.6512376, 49.409093400000017 ], [ 8.6513556, 49.4090896 ], [ 8.6514625, 49.4091094 ], [ 8.6515242, 49.4091722 ], [ 8.651557, 49.4092473 ], [ 8.6515671, 49.4092839 ], [ 8.6520258, 49.4092542 ], [ 8.6520252, 49.4092401 ], [ 8.6517003, 49.409261099999988 ], [ 8.6516405, 49.4090555 ], [ 8.6515037, 49.4090151 ], [ 8.6513898, 49.4089948 ], [ 8.651289, 49.4090257 ], [ 8.6510703, 49.4090794 ] ] ], [ [ [ 8.6503093, 49.4093397 ], [ 8.6503152, 49.4093782 ], [ 8.6514575, 49.4092989 ], [ 8.6514625, 49.4092856 ], [ 8.6514629, 49.409239 ], [ 8.6514387, 49.4092012 ], [ 8.6513833, 49.4091687 ], [ 8.6512977, 49.4091579 ], [ 8.6512092, 49.4091703 ], [ 8.6508135, 49.4092577 ], [ 8.6505426, 49.409306599999987 ], [ 8.6503093, 49.4093397 ] ] ], [ [ [ 8.6665542, 49.4100416 ], [ 8.6655622, 49.4102073 ], [ 8.6648691, 49.410366599999989 ], [ 8.6637416, 49.4106788 ], [ 8.6629996, 49.41084750000001 ], [ 8.6629734, 49.4109095 ], [ 8.6630489, 49.4109736 ], [ 8.6633969, 49.411041899999987 ], [ 8.6635479, 49.4110312 ], [ 8.6640388, 49.4108358 ], [ 8.6647479, 49.4106136 ], [ 8.6656212, 49.410382899999988 ], [ 8.6660743, 49.4103317 ], [ 8.6664814, 49.41024620000001 ], [ 8.6666784, 49.4101266 ], [ 8.6667489, 49.410071 ], [ 8.6665542, 49.4100416 ] ] ], [ [ [ 8.6636519, 49.4112367 ], [ 8.6627326, 49.4111043 ], [ 8.6625564, 49.411091099999986 ], [ 8.6620476, 49.4112297 ], [ 8.6611375, 49.4116604 ], [ 8.6603561, 49.4120569 ], [ 8.6604744, 49.4121117 ], [ 8.6607424, 49.4120602 ], [ 8.6614046, 49.4118956 ], [ 8.6619458, 49.4117681 ], [ 8.6625398, 49.4116032 ], [ 8.6628901, 49.4115293 ], [ 8.663612, 49.411344 ], [ 8.663665, 49.4112944 ], [ 8.6636519, 49.4112367 ] ] ], [ [ [ 8.6627128, 49.4127626 ], [ 8.6624651, 49.4128784 ], [ 8.6616686, 49.4132713 ], [ 8.6609735, 49.4136938 ], [ 8.6601349, 49.4143095 ], [ 8.6594072, 49.41487 ], [ 8.6588459, 49.4153434 ], [ 8.658438, 49.4157595 ], [ 8.6579061, 49.4163666 ], [ 8.6574916, 49.416925 ], [ 8.6571634, 49.4174635 ], [ 8.6569144, 49.4178944 ], [ 8.656635, 49.418556 ], [ 8.6564314, 49.4191672 ], [ 8.656346, 49.419424599999985 ], [ 8.656108154567466, 49.420480364711658 ], [ 8.656205532862765, 49.420480364711658 ], [ 8.6562128, 49.4204765 ], [ 8.6563333, 49.4199796 ], [ 8.6564164, 49.4196367 ], [ 8.6565651, 49.419194 ], [ 8.6565125, 49.4190746 ], [ 8.6566801, 49.4185286 ], [ 8.6569483, 49.4178999 ], [ 8.6571715, 49.417466 ], [ 8.6572222, 49.417477699999985 ], [ 8.6573363, 49.4172891 ], [ 8.6582298, 49.4160844 ], [ 8.6583645, 49.4159516 ], [ 8.6586328, 49.4156885 ], [ 8.6588348, 49.4155067 ], [ 8.6594517, 49.4149748 ], [ 8.6609837, 49.4138341 ], [ 8.661110676942821, 49.413756761991628 ], [ 8.6612718, 49.413861 ], [ 8.6614172, 49.4139333 ], [ 8.6614644, 49.4138816 ], [ 8.6615171, 49.4138585 ], [ 8.6615093, 49.4137962 ], [ 8.6615349, 49.4137754 ], [ 8.6615981, 49.413747 ], [ 8.6618477, 49.4137056 ], [ 8.6618625, 49.4136472 ], [ 8.6619176, 49.4135831 ], [ 8.6621294, 49.413491499999985 ], [ 8.6624352, 49.4134721 ], [ 8.6626939, 49.413487 ], [ 8.6626115, 49.4133269 ], [ 8.6621741, 49.4132092 ], [ 8.662138699246563, 49.413181694687331 ], [ 8.6627702, 49.4128793 ], [ 8.6639889, 49.4124076 ], [ 8.6650176, 49.4121601 ], [ 8.66619, 49.41198570000001 ], [ 8.6662347, 49.412189599999984 ], [ 8.6665801, 49.4121106 ], [ 8.6671065, 49.4120742 ], [ 8.6672199, 49.4119998 ], [ 8.66758, 49.4119728 ], [ 8.6681707, 49.4119335 ], [ 8.668213, 49.4118769 ], [ 8.6681965, 49.4117988 ], [ 8.6671943, 49.4118478 ], [ 8.6666949, 49.4118705 ], [ 8.6661743, 49.4118971 ], [ 8.6658615, 49.4119277 ], [ 8.6651032, 49.4120416 ], [ 8.6643221, 49.4122145 ], [ 8.6638003, 49.4123536 ], [ 8.6631246, 49.412599299999989 ], [ 8.6627128, 49.4127626 ] ], [ [ 8.661742512723448, 49.413324344008693 ], [ 8.661742512723444, 49.413324344008693 ], [ 8.6616686, 49.4132713 ], [ 8.661742512723448, 49.413324344008693 ] ] ], [ [ [ 8.6627181, 49.4135803 ], [ 8.6627311, 49.4136244 ], [ 8.6627077, 49.4136491 ], [ 8.6626289, 49.4136949 ], [ 8.6625883, 49.4137072 ], [ 8.6625373, 49.4136929 ], [ 8.6624733, 49.4136652 ], [ 8.6623593, 49.4137141 ], [ 8.6623396, 49.4137261 ], [ 8.6623033, 49.4137791 ], [ 8.6622051, 49.4138057 ], [ 8.6621477, 49.4138044 ], [ 8.6620837, 49.4137845 ], [ 8.6620553, 49.413728199999987 ], [ 8.6620439, 49.4136775 ], [ 8.6620562, 49.4136565 ], [ 8.6620254, 49.4136477 ], [ 8.6619677, 49.4136347 ], [ 8.6619221, 49.4137071 ], [ 8.6619972, 49.4138449 ], [ 8.6620616, 49.4139549 ], [ 8.6621135, 49.4138681 ], [ 8.6624777, 49.4137513 ], [ 8.6627026, 49.4138065 ], [ 8.6628548, 49.4137698 ], [ 8.6627945, 49.4136724 ], [ 8.662762, 49.4136131 ], [ 8.6627288, 49.4135555 ], [ 8.6627181, 49.4135803 ] ] ], [ [ [ 8.6627462, 49.4143726 ], [ 8.6627201, 49.4143776 ], [ 8.6627211, 49.414400499999985 ], [ 8.6627452, 49.4144114 ], [ 8.6627492, 49.414440399999989 ], [ 8.6627905, 49.414445 ], [ 8.6627965, 49.4144686 ], [ 8.6628565, 49.4144555 ], [ 8.662883, 49.4144132 ], [ 8.6629658, 49.4144084 ], [ 8.6630064, 49.4143841 ], [ 8.663005, 49.4143508 ], [ 8.6628666, 49.414356 ], [ 8.6627898, 49.4143503 ], [ 8.6627462, 49.4143726 ] ] ], [ [ [ 8.6642603, 49.4151874 ], [ 8.6642638, 49.415192 ], [ 8.664124, 49.415221399999986 ], [ 8.6641408, 49.4152496 ], [ 8.6640019, 49.4152812 ], [ 8.6639648, 49.4152133 ], [ 8.6639267, 49.4152202 ], [ 8.6639807, 49.4153112 ], [ 8.6650646, 49.4150556 ], [ 8.665015, 49.4149629 ], [ 8.6649894, 49.414966399999983 ], [ 8.6650124, 49.4150113 ], [ 8.6642603, 49.4151874 ] ] ], [ [ [ 8.6601073, 49.4154039 ], [ 8.6601958, 49.4153707 ], [ 8.6602789, 49.4153253 ], [ 8.660346, 49.4152503 ], [ 8.660346, 49.41517 ], [ 8.6603272, 49.4150898 ], [ 8.6601582, 49.4150653 ], [ 8.6600724, 49.4151194 ], [ 8.6599866, 49.4152137 ], [ 8.6599275, 49.4152573 ], [ 8.6598283, 49.4153009 ], [ 8.6596915, 49.4153236 ], [ 8.659595, 49.4153253 ], [ 8.6595413, 49.4153149 ], [ 8.6594823, 49.41528 ], [ 8.6594447, 49.4152276 ], [ 8.6594139, 49.4152183 ], [ 8.6593549, 49.4153606 ], [ 8.659347, 49.415419 ], [ 8.659349, 49.4154681 ], [ 8.6593684, 49.415481199999988 ], [ 8.6594341, 49.4154449 ], [ 8.6594707, 49.415491099999983 ], [ 8.6594779, 49.4155003 ], [ 8.659515, 49.4155473 ], [ 8.6594335, 49.4155635 ], [ 8.6595333, 49.4156045 ], [ 8.6596191, 49.4156115 ], [ 8.6597049, 49.415597599999984 ], [ 8.6597854, 49.4155644 ], [ 8.6598712, 49.4155086 ], [ 8.659957, 49.4154492 ], [ 8.6601073, 49.4154039 ] ] ], [ [ [ 8.6590344, 49.4154597 ], [ 8.6589968, 49.4155121 ], [ 8.6591443, 49.4155522 ], [ 8.6593294, 49.4155644 ], [ 8.6592892, 49.415489399999984 ], [ 8.6592784, 49.4153498 ], [ 8.6593428, 49.4152259 ], [ 8.6591738, 49.4153358 ], [ 8.6591014, 49.4153969 ], [ 8.6590344, 49.4154597 ] ] ], [ [ [ 8.6605632, 49.4134539 ], [ 8.661335, 49.4129698 ], [ 8.6621592, 49.412571 ], [ 8.6635619, 49.4120341 ], [ 8.6641557, 49.4118923 ], [ 8.6648653, 49.4117296 ], [ 8.6652697, 49.4116698 ], [ 8.6657793, 49.4115932 ], [ 8.6661053, 49.4115619 ], [ 8.6670023, 49.4115125 ], [ 8.667015, 49.411482 ], [ 8.6670315, 49.4114526 ], [ 8.6670331, 49.4114416 ], [ 8.6665841, 49.4114482 ], [ 8.6657878, 49.411502 ], [ 8.6648652, 49.411603899999989 ], [ 8.6640702, 49.411756 ], [ 8.6634066, 49.4119073 ], [ 8.6625529, 49.4120674 ], [ 8.6617385, 49.4123295 ], [ 8.6607861, 49.41266 ], [ 8.6599181, 49.4130346 ], [ 8.6590654, 49.4134529 ], [ 8.6582533, 49.4140208 ], [ 8.6575216, 49.4146737 ], [ 8.6569623, 49.4155276 ], [ 8.6564726, 49.4162044 ], [ 8.6556534, 49.4175436 ], [ 8.6550258, 49.4185119 ], [ 8.6545475, 49.4197483 ], [ 8.65425601642642, 49.420480364711658 ], [ 8.655582794286172, 49.420480364711658 ], [ 8.655829, 49.4194005 ], [ 8.6561384, 49.4184717 ], [ 8.6564098, 49.417787 ], [ 8.6569494, 49.416843299999989 ], [ 8.6574561, 49.416128199999989 ], [ 8.6582417, 49.4152777 ], [ 8.6589302, 49.414665 ], [ 8.6605632, 49.4134539 ] ] ], [ [ [ 8.6546248, 49.4159431 ], [ 8.6547106, 49.4158261 ], [ 8.6547965, 49.4157162 ], [ 8.6548904, 49.4156237 ], [ 8.6548823, 49.415585299999989 ], [ 8.6548609, 49.4155644 ], [ 8.6548072, 49.415547 ], [ 8.6547536, 49.4155539 ], [ 8.654716, 49.4155784 ], [ 8.6546597, 49.4156202 ], [ 8.6546168, 49.4156604 ], [ 8.6545819, 49.415718 ], [ 8.6545417, 49.415791199999987 ], [ 8.6544532, 49.415855799999989 ], [ 8.6543807, 49.415957 ], [ 8.654303, 49.4160425 ], [ 8.6542815, 49.4161071 ], [ 8.65426, 49.4161612 ], [ 8.6542279, 49.4162135 ], [ 8.6541903, 49.4162676 ], [ 8.6541474, 49.4163304 ], [ 8.6541125, 49.4163898 ], [ 8.6540723, 49.4164543 ], [ 8.6540562, 49.4165241 ], [ 8.6540803, 49.4165765 ], [ 8.6541554, 49.4165939 ], [ 8.6541823, 49.4165834 ], [ 8.6542064, 49.4165241 ], [ 8.6542627, 49.4164247 ], [ 8.6543512, 49.4163095 ], [ 8.6544344, 49.4162031 ], [ 8.6545417, 49.4160565 ], [ 8.6546248, 49.4159431 ] ] ], [ [ [ 8.653630119060965, 49.420480364711658 ], [ 8.6536338, 49.4202267 ], [ 8.6535113, 49.4202473 ], [ 8.653332161096341, 49.420480364711658 ], [ 8.653630119060965, 49.420480364711658 ] ] ], [ [ [ 8.6563389, 49.4204763 ], [ 8.6562397, 49.4204624 ], [ 8.65620582903321, 49.420480364711658 ], [ 8.656337712732727, 49.420480364711658 ], [ 8.6563389, 49.4204763 ] ] ], [ [ [ 8.6792233, 49.4024511 ], [ 8.6788237, 49.4027617 ], [ 8.6788854, 49.4027669 ], [ 8.6792126, 49.4025662 ], [ 8.679502002119907, 49.402390537699866 ], [ 8.679307765934785, 49.402390537699866 ], [ 8.6792233, 49.4024511 ] ] ], [ [ [ 8.678939, 49.4024981 ], [ 8.679080036703274, 49.402390537699866 ], [ 8.679007346312979, 49.402390537699866 ], [ 8.678681, 49.4026598 ], [ 8.6784831, 49.4028263 ], [ 8.678939, 49.4024981 ] ] ], [ [ [ 8.6777616, 49.4031298 ], [ 8.6775549, 49.403232099999983 ], [ 8.6776152, 49.4032646 ], [ 8.6776738, 49.4032639 ], [ 8.6777176, 49.403267599999985 ], [ 8.677807, 49.403202799999988 ], [ 8.6778756, 49.403143 ], [ 8.6779439, 49.4030776 ], [ 8.678432, 49.402590099999983 ], [ 8.6784649, 49.40257 ], [ 8.6784999, 49.4025561 ], [ 8.6785244, 49.4025502 ], [ 8.678551, 49.4025497 ], [ 8.6786014, 49.402556099999984 ], [ 8.6786358, 49.4025475 ], [ 8.678830631336346, 49.402390537699866 ], [ 8.678777990197784, 49.402390537699866 ], [ 8.6786003, 49.4025172 ], [ 8.6785489, 49.4024863 ], [ 8.6783409, 49.4026448 ], [ 8.6781719, 49.4027495 ], [ 8.6780108, 49.402861199999982 ], [ 8.6780415, 49.4028923 ], [ 8.6777895, 49.4031116 ], [ 8.6777616, 49.4031298 ] ] ], [ [ [ 8.6779842, 49.403117799999983 ], [ 8.6783436, 49.4028018 ], [ 8.6785903, 49.4025837 ], [ 8.6784862, 49.4025978 ], [ 8.6784535, 49.4026168 ], [ 8.6782497, 49.402829799999985 ], [ 8.6779868, 49.4030933 ], [ 8.6779842, 49.403117799999983 ] ] ], [ [ [ 8.6743556, 49.4037798 ], [ 8.6742636, 49.403819 ], [ 8.6742822, 49.4038376 ], [ 8.6743742, 49.4037983 ], [ 8.6743556, 49.4037798 ] ] ], [ [ [ 8.6651792, 49.4039161 ], [ 8.6651719, 49.403897399999984 ], [ 8.6651154, 49.4039086 ], [ 8.6651224, 49.4039271 ], [ 8.6651792, 49.4039161 ] ] ], [ [ [ 8.664923, 49.4039505 ], [ 8.6649312, 49.4039713 ], [ 8.6649904, 49.4039589 ], [ 8.6649824, 49.4039407 ], [ 8.664923, 49.4039505 ] ] ], [ [ [ 8.6745612, 49.4039821 ], [ 8.6745426, 49.4039635 ], [ 8.6744506, 49.4040027 ], [ 8.6744692, 49.404021299999989 ], [ 8.6745612, 49.4039821 ] ] ], [ [ [ 8.6747157, 49.4041285 ], [ 8.6746971, 49.404109899999987 ], [ 8.6746051, 49.4041492 ], [ 8.6746237, 49.4041677 ], [ 8.6747157, 49.4041285 ] ] ], [ [ [ 8.6755756, 49.4042555 ], [ 8.675646, 49.4042589 ], [ 8.6756577, 49.4041604 ], [ 8.6753023, 49.4043188 ], [ 8.6754168, 49.4044372 ], [ 8.6754213, 49.4043977 ], [ 8.6754324, 49.4043642 ], [ 8.6754465, 49.4043337 ], [ 8.6754743, 49.4042923 ], [ 8.6754964, 49.404274899999983 ], [ 8.675531, 49.4042612 ], [ 8.6755533, 49.4042567 ], [ 8.6755756, 49.4042555 ] ] ], [ [ [ 8.6754677, 49.4043869 ], [ 8.6754638, 49.4044252 ], [ 8.6756305, 49.4044316 ], [ 8.6756507, 49.404286299999988 ], [ 8.6755813, 49.4042819 ], [ 8.6755563, 49.4042823 ], [ 8.6755394, 49.4042896 ], [ 8.6755128, 49.4043072 ], [ 8.6754914, 49.4043313 ], [ 8.6754779, 49.404355899999985 ], [ 8.6754677, 49.4043869 ] ] ], [ [ [ 8.6796901, 49.4056845 ], [ 8.6796739, 49.4056764 ], [ 8.6796545, 49.405672099999983 ], [ 8.679634, 49.4056721 ], [ 8.6796146, 49.4056764 ], [ 8.6795984, 49.4056845 ], [ 8.6795871, 49.4056956 ], [ 8.6795818, 49.4057085 ], [ 8.6795832, 49.4057217 ], [ 8.6795913, 49.4057342 ], [ 8.6796053, 49.4057443 ], [ 8.6796235, 49.405750899999987 ], [ 8.6796441, 49.4057532 ], [ 8.6796646, 49.405751 ], [ 8.679683, 49.4057445 ], [ 8.679697, 49.4057344 ], [ 8.6797052, 49.405722 ], [ 8.6797067, 49.4057084 ], [ 8.6797015, 49.4056956 ], [ 8.6796901, 49.4056845 ] ] ], [ [ [ 8.6655937, 49.4075897 ], [ 8.6656199, 49.407564899999983 ], [ 8.6655924, 49.4075225 ], [ 8.6655086, 49.407506 ], [ 8.6654616, 49.407509 ], [ 8.6653825, 49.4075234 ], [ 8.6652839, 49.4075627 ], [ 8.6652464, 49.4076019 ], [ 8.6652511, 49.407629 ], [ 8.6652987, 49.4076273 ], [ 8.6653744, 49.407603699999989 ], [ 8.6654415, 49.4076046 ], [ 8.6655407, 49.4076168 ], [ 8.6655937, 49.4075897 ] ] ], [ [ [ 8.6782779, 49.4089074 ], [ 8.6783047, 49.4089104 ], [ 8.6783469, 49.40892310000001 ], [ 8.6783946, 49.408949299999989 ], [ 8.6784475, 49.4089977 ], [ 8.6784911, 49.4090614 ], [ 8.6785213, 49.4091033 ], [ 8.6785474, 49.4091879 ], [ 8.6785716, 49.4092891 ], [ 8.678587, 49.4093912 ], [ 8.6786044, 49.4094776 ], [ 8.6786111, 49.4095252 ], [ 8.6786199, 49.4095867 ], [ 8.6786427, 49.409626799999984 ], [ 8.6786681, 49.4096539 ], [ 8.6787245, 49.4096918 ], [ 8.6787768, 49.4097141 ], [ 8.6788371, 49.4097311 ], [ 8.6789002, 49.409742 ], [ 8.6794413, 49.4097808 ], [ 8.679778070863627, 49.409809157472843 ], [ 8.679778070863627, 49.409787456869999 ], [ 8.6796357, 49.4097719 ], [ 8.6792975, 49.4097315 ], [ 8.6792381, 49.4097219 ], [ 8.6791141, 49.4096842 ], [ 8.6789753, 49.409622 ], [ 8.6789283, 49.4096246 ], [ 8.6788224, 49.4095704 ], [ 8.6787647, 49.409567899999985 ], [ 8.6787699, 49.4095395 ], [ 8.6788267, 49.4095455 ], [ 8.6788401, 49.4095311 ], [ 8.678927, 49.4095513 ], [ 8.6790188, 49.409588399999983 ], [ 8.6791657, 49.4096604 ], [ 8.6792609, 49.4096975 ], [ 8.6794869, 49.4097298 ], [ 8.6797363, 49.4097551 ], [ 8.679778070863627, 49.409758888820257 ], [ 8.679778070863627, 49.409723580190388 ], [ 8.6793478, 49.4096964 ], [ 8.6792287, 49.4096643 ], [ 8.6788188, 49.4094603 ], [ 8.6787486, 49.4093886 ], [ 8.6786, 49.4089615 ], [ 8.6792824, 49.4089427 ], [ 8.6792837, 49.4089157 ], [ 8.6786092, 49.4089298 ], [ 8.6786065, 49.408873 ], [ 8.6782779, 49.4088773 ], [ 8.6782604, 49.4088847 ], [ 8.6782598, 49.4088978 ], [ 8.6782779, 49.4089074 ] ] ], [ [ [ 8.6769993, 49.4093846 ], [ 8.6770646, 49.4093677 ], [ 8.6770748, 49.4093579 ], [ 8.677022, 49.4093234 ], [ 8.6769622, 49.4093229 ], [ 8.6769625, 49.409386499999982 ], [ 8.6769993, 49.4093846 ] ] ], [ [ [ 8.6780543, 49.4091965 ], [ 8.678034, 49.4092459 ], [ 8.6780648, 49.4092752 ], [ 8.6781267, 49.4092803 ], [ 8.6781374, 49.4093134 ], [ 8.6781213, 49.4093592 ], [ 8.6781321, 49.409380099999986 ], [ 8.6781405, 49.4094008 ], [ 8.6781311, 49.409441699999981 ], [ 8.6781212, 49.409455799999989 ], [ 8.6780874, 49.4094881 ], [ 8.6781607, 49.4094938 ], [ 8.6781554, 49.4095237 ], [ 8.6781213, 49.4095218 ], [ 8.6780328, 49.4095665 ], [ 8.6779953, 49.4096014 ], [ 8.6779256, 49.4096084 ], [ 8.6778692, 49.4095839 ], [ 8.6777834, 49.409575199999985 ], [ 8.6777244, 49.4095874 ], [ 8.6776257, 49.4095861 ], [ 8.6775716, 49.4095737 ], [ 8.6772221, 49.4095586 ], [ 8.6771295, 49.4095471 ], [ 8.676954, 49.4095615 ], [ 8.6769596, 49.4096854 ], [ 8.6776687, 49.4096766 ], [ 8.6779001, 49.4096717 ], [ 8.6780121, 49.4096691 ], [ 8.6781187, 49.4096485 ], [ 8.6782059, 49.4096128 ], [ 8.6782722, 49.4095674 ], [ 8.6782926, 49.4095361 ], [ 8.6783213, 49.409502 ], [ 8.6783433, 49.4094329 ], [ 8.6783574, 49.409344 ], [ 8.678352, 49.4092593 ], [ 8.6782769, 49.4092541 ], [ 8.6782421, 49.4092349 ], [ 8.6781777, 49.4091895 ], [ 8.6780543, 49.4091965 ] ] ], [ [ [ 8.676432, 49.4095807 ], [ 8.6763707, 49.4095929 ], [ 8.6763357, 49.4096044 ], [ 8.6763237, 49.4096401 ], [ 8.6763179, 49.4096782 ], [ 8.6765713, 49.40968 ], [ 8.6765654, 49.4095593 ], [ 8.6764943, 49.409561899999986 ], [ 8.6764729, 49.40957490000001 ], [ 8.676432, 49.4095807 ] ] ], [ [ [ 8.6683761, 49.4117823 ], [ 8.6683772, 49.4118497 ], [ 8.668804, 49.411833799999989 ], [ 8.6688106, 49.411909500000014 ], [ 8.6688164, 49.4119754 ], [ 8.6690827, 49.4119125 ], [ 8.6694994, 49.4118414 ], [ 8.6704045, 49.4117792 ], [ 8.6716067, 49.4116436 ], [ 8.6725016, 49.4114992 ], [ 8.673241, 49.4113862 ], [ 8.6732389, 49.4113605 ], [ 8.672439, 49.4114578 ], [ 8.6718593, 49.4115416 ], [ 8.6711737, 49.4116092 ], [ 8.6702034, 49.4116822 ], [ 8.6690369, 49.4117529 ], [ 8.6683761, 49.4117823 ] ] ], [ [ [ 8.6701391, 49.4150922 ], [ 8.6701883, 49.4151109 ], [ 8.6702296, 49.4151192 ], [ 8.6702584, 49.415119 ], [ 8.6702893, 49.4151118 ], [ 8.6703047, 49.4151039 ], [ 8.6703037, 49.4150619 ], [ 8.6700383, 49.4150623 ], [ 8.6700277, 49.4150672 ], [ 8.6700235, 49.4150721 ], [ 8.6700241, 49.4150784 ], [ 8.6700298, 49.4150829 ], [ 8.6700401, 49.4150868 ], [ 8.6701082, 49.4150856 ], [ 8.6701391, 49.4150922 ] ] ], [ [ [ 8.6712392, 49.4160212 ], [ 8.6713205, 49.4160791 ], [ 8.6713771, 49.4160414 ], [ 8.6714148, 49.4160131 ], [ 8.6714133, 49.415951 ], [ 8.6713532, 49.4159516 ], [ 8.6713523, 49.4159159 ], [ 8.6714124, 49.4159153 ], [ 8.6714116, 49.4158815 ], [ 8.6713515, 49.4158821 ], [ 8.6713506, 49.415843 ], [ 8.6714107, 49.4158424 ], [ 8.6714102, 49.4158217 ], [ 8.6713372, 49.4157731 ], [ 8.6712865, 49.4157722 ], [ 8.6712869, 49.4158295 ], [ 8.6712385, 49.4158419 ], [ 8.6712368, 49.4159058 ], [ 8.6712013, 49.4159272 ], [ 8.6712821, 49.4159871 ], [ 8.6712392, 49.4160212 ] ] ], [ [ [ 8.6700945, 49.4176352 ], [ 8.670112, 49.417635199999985 ], [ 8.6701119, 49.4176548 ], [ 8.6701501, 49.4176539 ], [ 8.6701535, 49.4176219 ], [ 8.6700938, 49.4175815 ], [ 8.6699487, 49.4175823 ], [ 8.6699485, 49.4176349 ], [ 8.6699481, 49.4177453 ], [ 8.6700941, 49.4177456 ], [ 8.6700945, 49.4176352 ] ] ], [ [ [ 8.6702152, 49.4177582 ], [ 8.6701115, 49.417758 ], [ 8.6699481, 49.41775770000001 ], [ 8.669948, 49.4177819 ], [ 8.6702151, 49.4177824 ], [ 8.6702152, 49.4177582 ] ] ], [ [ [ 8.673375, 49.4193458 ], [ 8.6733273, 49.4193441 ], [ 8.6733085, 49.4193088 ], [ 8.67337, 49.4192499 ], [ 8.6732863, 49.4192204 ], [ 8.6732942, 49.4191983 ], [ 8.6732716, 49.4191637 ], [ 8.673301, 49.419148199999988 ], [ 8.6733078, 49.419100399999984 ], [ 8.6732308, 49.4190643 ], [ 8.6732602, 49.4190525 ], [ 8.6732421, 49.4190186 ], [ 8.6731957, 49.4190127 ], [ 8.6731176, 49.4190039 ], [ 8.673108, 49.4189855 ], [ 8.673075, 49.4189849 ], [ 8.6730564, 49.4189914 ], [ 8.6730678, 49.4190164 ], [ 8.6730403, 49.4190419 ], [ 8.6730394, 49.4191406 ], [ 8.6730542, 49.4191585 ], [ 8.673078, 49.4191806 ], [ 8.6730836, 49.4192197 ], [ 8.6731255, 49.4192484 ], [ 8.6731051, 49.4192734 ], [ 8.6731085, 49.4193066 ], [ 8.6731448, 49.4193434 ], [ 8.67313, 49.4193596 ], [ 8.6731266, 49.419360299999987 ], [ 8.6731221, 49.4193847 ], [ 8.6731606, 49.419411199999985 ], [ 8.673147, 49.4194281 ], [ 8.6731799, 49.4194465 ], [ 8.6731583, 49.419470099999984 ], [ 8.6731504, 49.4194966 ], [ 8.6731617, 49.4195194 ], [ 8.6731934, 49.4195239 ], [ 8.6732229, 49.4195069 ], [ 8.6732467, 49.419498099999984 ], [ 8.6732602, 49.4195157 ], [ 8.6732738, 49.4195356 ], [ 8.6732885, 49.4195496 ], [ 8.6733361, 49.4195467 ], [ 8.6733723, 49.4195261 ], [ 8.6733972, 49.4195062 ], [ 8.6734346, 49.41949730000001 ], [ 8.6734357, 49.41952160000001 ], [ 8.6734301, 49.4195496 ], [ 8.6734618, 49.4195621 ], [ 8.6735059, 49.4195518 ], [ 8.6735127, 49.4195327 ], [ 8.6735637, 49.4195327 ], [ 8.6735806, 49.4195423 ], [ 8.6736214, 49.419557699999984 ], [ 8.6736531, 49.4195664 ], [ 8.6736984, 49.4195682 ], [ 8.673729, 49.419557699999984 ], [ 8.673729, 49.419532 ], [ 8.6737844, 49.419532 ], [ 8.6738127, 49.4195585 ], [ 8.6738501, 49.4195703 ], [ 8.6738977, 49.419554 ], [ 8.6738965, 49.41952830000001 ], [ 8.6738818, 49.4195091 ], [ 8.673849, 49.4195099 ], [ 8.6738275, 49.419511299999989 ], [ 8.6738048, 49.4194708 ], [ 8.6737856, 49.419450199999986 ], [ 8.6738082, 49.4194311 ], [ 8.6738286, 49.4193707 ], [ 8.673806, 49.4193515 ], [ 8.6737573, 49.419320599999985 ], [ 8.6736952, 49.419282599999988 ], [ 8.6736982, 49.4193837 ], [ 8.6736765, 49.4194206 ], [ 8.6736256, 49.4194194 ], [ 8.6736173, 49.4193574 ], [ 8.6735673, 49.4192786 ], [ 8.6735063, 49.4192843 ], [ 8.6734474, 49.419315 ], [ 8.673375, 49.4193458 ] ] ] ] } }
]
}
