{"type": "FeatureCollection", "features": [{"type": "Feature", "properties": {"klasse": "Acker"}, "geometry": {"type": "Polygon", "coordinates": [[[8.2939777, 49.0239091], [8.2926882, 49.02422610000001], [8.2924039, 49.0243141], [8.2922135, 49.02441869999999], [8.2920854, 49.02453349999998], [8.2921096, 49.024688399999995], [8.2923434, 49.025794999999995], [8.2899085, 49.026142], [8.2895491, 49.0261913], [8.289297, 49.02620890000001], [8.2891146, 49.02620889999999], [8.2888625, 49.02618069999999], [8.288031, 49.0261209], [8.2876179, 49.0260752], [8.2872424, 49.026008399999995], [8.287001, 49.02596969999999], [8.2868632, 49.02596969999998], [8.28687, 49.02600369999999], [8.287125400000003, 49.0260679], [8.28742, 49.02615939999999], [8.2875463, 49.026233500000004], [8.2876123, 49.026292500000004], [8.2879018, 49.026322], [8.2878904, 49.0263916], [8.2877563, 49.02638439999998], [8.2877019, 49.0264153], [8.2877865, 49.0266938], [8.2878326, 49.026723100000005], [8.2884791, 49.026562899999995], [8.2896823, 49.0263165], [8.2915175, 49.02634509999999], [8.2897952, 49.026476800000005], [8.2877045, 49.02686619999999], [8.2879073, 49.027355299999996], [8.2880892, 49.028143199999995], [8.2902711, 49.0279261], [8.2907908, 49.0277967], [8.2910871, 49.027764700000006], [8.2921067, 49.027838200000005], [8.2924571, 49.02793219999999], [8.293568, 49.0287184], [8.2928405, 49.0297048], [8.2927817, 49.029816], [8.2922911, 49.0308467], [8.2921709, 49.03101099999999], [8.2920079, 49.0311192], [8.2919751, 49.031148400000006], [8.2919917, 49.0312896], [8.2921242, 49.03147580000001], [8.2924059, 49.03161550000001], [8.2940149, 49.032286], [8.2939923, 49.0323106], [8.2938696, 49.0322679], [8.2937254, 49.0324588], [8.2936998, 49.03255759999999], [8.2943383, 49.03275579999999], [8.2943978, 49.03300099999999], [8.2945018, 49.033086899999994], [8.2945691, 49.0333548], [8.2948167, 49.03333729999999], [8.2952257, 49.03349399999999], [8.2954372, 49.03334649999999], [8.2955678, 49.033199], [8.2957117, 49.0332265], [8.2959902, 49.032814], [8.2964743, 49.03290499999999], [8.2963042, 49.03154249999999], [8.2960972, 49.0315759], [8.2961028, 49.0320989], [8.2957927, 49.032086899999996], [8.2939684, 49.0315466], [8.294055, 49.0314243], [8.2958009, 49.031940899999995], [8.2960746, 49.03154769999999], [8.2959929, 49.0308134], [8.2958292, 49.03043499999999], [8.2955422, 49.0302221], [8.2946671, 49.031331699999996], [8.2944818, 49.0312731], [8.2954243, 49.030140100000004], [8.2941741, 49.02923349999998], [8.2935197, 49.0300602], [8.294175, 49.0292292], [8.294196, 49.0292101], [8.2943939, 49.02935899999999], [8.2945133, 49.029278999999995], [8.2945512, 49.0293132], [8.294873, 49.029099], [8.294918, 49.0291176], [8.2949511, 49.0292356], [8.294892, 49.02956300000001], [8.2947784, 49.02961889999999], [8.2947372, 49.02963900000001], [8.2957244, 49.030322199999986], [8.2957828, 49.03028279999999], [8.2956478, 49.030038899999994], [8.2951916, 49.0297836], [8.2952548, 49.0295811], [8.2958618, 49.029834199999996], [8.2960114, 49.02983149999999], [8.295344, 49.0259559], [8.2958908, 49.0259223], [8.2959558, 49.02600929999999], [8.2963323, 49.02813679999999], [8.2969168, 49.0280779], [8.2969929, 49.02833929999999], [8.2963984, 49.0283721], [8.2962513, 49.02845730000001], [8.2962288, 49.0287914], [8.2963432, 49.0289122], [8.2966292, 49.0292081], [8.2966483, 49.0297791], [8.2968276, 49.03009349999999], [8.2975136, 49.0300141], [8.2970536, 49.028804799999996], [8.2981712, 49.02864869999999], [8.298184, 49.02851429999999], [8.2983311, 49.028492799999995], [8.2987991, 49.0284346], [8.298674, 49.02780400000001], [8.298476, 49.0277966], [8.298458, 49.0276253], [8.2989678, 49.02750139999999], [8.2989384, 49.02778369999999], [8.299007900000001, 49.02804780000001], [8.2990472, 49.0283614], [8.2990977, 49.028525300000005], [8.2991288, 49.02873189999999], [8.299355, 49.0297944], [8.2993979, 49.0297876], [8.2996645, 49.0314037], [8.2993973, 49.03184900000001], [8.299692, 49.031942699999995], [8.2997152, 49.0319501], [8.2998831, 49.0319173], [8.3002263, 49.03330739999999], [8.3005924, 49.0345663], [8.3004976, 49.03480150000001], [8.3005196, 49.0350015], [8.3007453, 49.03587430000001], [8.3008148, 49.03604899999999], [8.3008176, 49.03609970000001], [8.3009958, 49.03630129999999], [8.3011982, 49.0363902], [8.3012249, 49.03638359999999], [8.3011745, 49.0361943], [8.3008825, 49.0351232], [8.3006307, 49.03402129999999], [8.3002995, 49.032278599999984], [8.3001551, 49.03158199999999], [8.3000929, 49.0311871], [8.2999647, 49.0304723], [8.2997708, 49.0291255], [8.2996365, 49.02828130000001], [8.2995535, 49.0277155], [8.2994933, 49.027271299999995], [8.2994454, 49.02689389999998], [8.2990486, 49.02660860000001], [8.2986704, 49.02618759999999], [8.2985687, 49.0260584], [8.2982382, 49.025831299999986], [8.297524600000001, 49.0255083], [8.2973865, 49.0254458], [8.2971259, 49.0255083], [8.2969511, 49.025451999999994], [8.2969046, 49.0252553], [8.2967155, 49.02447659999999], [8.2964147, 49.023238], [8.2963442, 49.02294770000001], [8.2949802, 49.0235899], [8.2939777, 49.0239091]], [[8.2954027, 49.02708009999999], [8.2954378, 49.0274017], [8.2946878, 49.02744309999999], [8.2943402, 49.02744189999999], [8.2939382, 49.027408099999995], [8.2935358, 49.027471999999996], [8.292899100000001, 49.0278677], [8.292617300000002, 49.0279356], [8.2925311, 49.027898700000016], [8.293006, 49.027553399999995], [8.2931236, 49.0273822], [8.2920117, 49.027213599999996], [8.291773300000001, 49.02740279999999], [8.2917332, 49.02696089999999], [8.2920943, 49.02685559999999], [8.2924404, 49.02688599999998], [8.2933281, 49.0270179], [8.2936764, 49.0270182], [8.2938092, 49.0269694], [8.2937962, 49.026850399999994], [8.2935968, 49.02632870000001], [8.2937897, 49.0263047], [8.2938564, 49.026499300000005], [8.2941715, 49.026662699999996], [8.2943049, 49.0268346], [8.2944892, 49.026988100000004], [8.2948475, 49.0270791], [8.2954027, 49.02708009999999]]]}}, {"type": "Feature", "properties": {"klasse": "Acker"}, "geometry": {"type": "Polygon", "coordinates": [[[8.288077, 49.02814149999999], [8.2878921, 49.0273581], [8.287472800000002, 49.027394], [8.2877073, 49.0281785], [8.288077, 49.02814149999999]]]}}, {"type": "Feature", "properties": {"klasse": "Acker"}, "geometry": {"type": "Polygon", "coordinates": [[[8.2908986, 49.028292699999994], [8.2910471, 49.02837300000001], [8.2919689, 49.027849100000005], [8.291737, 49.0278294], [8.2915503, 49.027817299999995], [8.290794, 49.02822709999999], [8.2908986, 49.028292699999994]]]}}, {"type": "Feature", "properties": {"klasse": "Acker"}, "geometry": {"type": "Polygon", "coordinates": [[[8.291437100000001, 49.02845320000001], [8.2917875, 49.0282018], [8.2920358, 49.0281284], [8.2921723, 49.0281264], [8.2924751, 49.0279961], [8.292326, 49.0279293], [8.2921606, 49.0278871], [8.2916289, 49.02812819999999], [8.2910989, 49.0284195], [8.291272, 49.028554099999994], [8.291437100000001, 49.02845320000001]]]}}, {"type": "Feature", "properties": {"klasse": "Acker"}, "geometry": {"type": "Polygon", "coordinates": [[[8.2837272, 49.02827509999999], [8.2827891, 49.0286985], [8.2827964, 49.02870699999999], [8.2823535, 49.0289193], [8.2825088, 49.02911379999999], [8.2831674, 49.0289532], [8.2831531, 49.028932000000005], [8.2840401, 49.028711499999986], [8.2843515, 49.0286401], [8.2843875, 49.0286155], [8.2843262, 49.028187299999985], [8.2843124, 49.0281554], [8.2842728, 49.02810370000001], [8.2842426, 49.028082999999995], [8.2841992, 49.0280722], [8.2841503, 49.028076799999994], [8.2837211, 49.02826569999999], [8.2837272, 49.02827509999999]]]}}, {"type": "Feature", "properties": {"klasse": "Acker"}, "geometry": {"type": "Polygon", "coordinates": [[[8.287611, 49.02823579999999], [8.2874268, 49.0282588], [8.2875986, 49.029024100000015], [8.2877726, 49.0290004], [8.287611, 49.02823579999999]]]}}, {"type": "Feature", "properties": {"klasse": "Acker"}, "geometry": {"type": "Polygon", "coordinates": [[[8.2923812, 49.0293929], [8.292465600000002, 49.02949799999999], [8.2926096, 49.029645699999996], [8.2927, 49.0296638], [8.2930983, 49.029030999999996], [8.2931793, 49.028876600000004], [8.2930738, 49.028828600000004], [8.2929727, 49.0287826], [8.2927841, 49.02869679999999], [8.2930369, 49.0283894], [8.2925482, 49.0280469], [8.2922326, 49.0282819], [8.292159, 49.02854010000001], [8.2920748, 49.0287179], [8.2920993, 49.0289047], [8.2922341, 49.02894189999999], [8.2923321, 49.02905239999999], [8.2922509, 49.0293256], [8.2923812, 49.0293929]]]}}, {"type": "Feature", "properties": {"klasse": "Acker"}, "geometry": {"type": "Polygon", "coordinates": [[[8.2906524, 49.0292308], [8.2897409, 49.02978579999999], [8.290156, 49.0300408], [8.2908757, 49.0293707], [8.2906524, 49.0292308]]]}}, {"type": "Feature", "properties": {"klasse": "Acker"}, "geometry": {"type": "Polygon", "coordinates": [[[8.2927539, 49.02976759999999], [8.2918491, 49.02943239999999], [8.2911378, 49.0292172], [8.2905099, 49.02978290000001], [8.2901666, 49.03011169999999], [8.2910842, 49.03044369999999], [8.291187400000002, 49.0303876], [8.29214, 49.0306656], [8.292313, 49.0307055], [8.2927539, 49.02976759999999]]]}}, {"type": "Feature", "properties": {"klasse": "Acker"}, "geometry": {"type": "Polygon", "coordinates": [[[8.2783132, 49.0308824], [8.2780541, 49.0308625], [8.2775847, 49.0307998], [8.277426951540438, 49.03077716957507], [8.277426951540438, 49.031246453859964], [8.277724800000001, 49.031158000000005], [8.2783226, 49.0309498], [8.2783132, 49.0308824]]]}}, {"type": "Feature", "properties": {"klasse": "Acker"}, "geometry": {"type": "Polygon", "coordinates": [[[8.2803421, 49.03116790000001], [8.2799772, 49.030911], [8.279912100000002, 49.0309351], [8.2801303, 49.0312407], [8.2803421, 49.03116790000001]]]}}, {"type": "Feature", "properties": {"klasse": "Acker"}, "geometry": {"type": "Polygon", "coordinates": [[[8.2806636, 49.0319059], [8.2810232, 49.0317464], [8.2813295, 49.032040599999995], [8.2814533, 49.03193799999999], [8.2810074, 49.0316489], [8.280611, 49.03186339999999], [8.2806636, 49.0319059]]]}}, {"type": "Feature", "properties": {"klasse": "Acker"}, "geometry": {"type": "Polygon", "coordinates": [[[8.2820652, 49.03230539999999], [8.2818594, 49.032174799999986], [8.2816196, 49.032308500000006], [8.2818064, 49.0324831], [8.2820652, 49.03230539999999]]]}}, {"type": "Feature", "properties": {"klasse": "Acker"}, "geometry": {"type": "Polygon", "coordinates": [[[8.2792693, 49.0353315], [8.2791957, 49.0351293], [8.2790304, 49.03480089999999], [8.2775469, 49.0338325], [8.277426951540438, 49.03397897708766], [8.277426951540438, 49.0386005175067], [8.277426951540438, 49.039074268756515], [8.2774807, 49.0390636], [8.2777637, 49.039038999999995], [8.2780333, 49.039035500000004], [8.2784022, 49.039051900000004], [8.2786596, 49.0390619], [8.2790056, 49.039108399999996], [8.2791846, 49.0391432], [8.2796684, 49.039210499999996], [8.2800168, 49.039242300000005], [8.2803055, 49.0392511], [8.2809048, 49.039243400000004], [8.2815886, 49.03924819999999], [8.2821338, 49.0392752], [8.2823329, 49.0392315], [8.2827124, 49.039140999999994], [8.2827593, 49.039108399999996], [8.2827821, 49.0390451], [8.282760700000003, 49.0388245], [8.2826775, 49.03841649999999], [8.2824658, 49.037792200000005], [8.28221, 49.037845999999995], [8.2822846, 49.0377141], [8.2823423, 49.03756810000001], [8.2821746, 49.03764199999999], [8.2819426, 49.03759449999999], [8.2816784, 49.0375119], [8.2817564, 49.03740080000001], [8.2818675, 49.037301799999995], [8.2814263, 49.0370846], [8.2812318, 49.036971699999995], [8.2812846, 49.0368716], [8.2811076, 49.0367777], [8.2807148, 49.0365478], [8.2804315, 49.0367299], [8.2798124, 49.0370927], [8.280353, 49.0366902], [8.2803033, 49.0366138], [8.2806667, 49.0364759], [8.2808249, 49.03628340000001], [8.2809542, 49.036216799999984], [8.2810615, 49.036128899999994], [8.2807875, 49.03594710000001], [8.280521, 49.035770199999995], [8.2801951, 49.03555659999999], [8.2795105, 49.03517459999999], [8.2792693, 49.0353315]]]}}, {"type": "Feature", "properties": {"klasse": "Acker"}, "geometry": {"type": "Polygon", "coordinates": [[[8.2811941, 49.0363232], [8.2811237, 49.036315699999996], [8.2810636, 49.0363209], [8.2809496, 49.0363617], [8.2808155, 49.036441599999996], [8.2806981, 49.03653069999999], [8.2812238, 49.036795299999994], [8.281488, 49.03687969999999], [8.2821096, 49.03716459999999], [8.2821297, 49.0371435], [8.2820351, 49.03700369999999], [8.2818668, 49.036815100000005], [8.281716, 49.036651199999994], [8.2815906, 49.0365452], [8.2814337, 49.03645389999999], [8.2811941, 49.0363232]]]}}, {"type": "Feature", "properties": {"klasse": "Acker"}, "geometry": {"type": "Polygon", "coordinates": [[[8.2824526, 49.0397673], [8.2824858, 49.039737], [8.2824925, 49.0397203], [8.2824381, 49.0396879], [8.2822612, 49.0396199], [8.282257, 49.0395932], [8.2822504, 49.039559000000004], [8.2820611, 49.0395527], [8.2814235, 49.03956300000001], [8.279639, 49.039630900000006], [8.2788211, 49.0397908], [8.2775279, 49.04027829999999], [8.277426951540438, 49.04039707075244], [8.277426951540438, 49.04119545184033], [8.277477, 49.0412443], [8.2780485, 49.041829299999996], [8.277426951540438, 49.04120471831009], [8.277426951540438, 49.041529542920124], [8.2777717, 49.0419806], [8.2778365, 49.041938099999996], [8.2778605, 49.041958099999995], [8.2778153, 49.04198790000001], [8.2777869, 49.042031900000005], [8.2777634, 49.042084899999985], [8.2777638, 49.04215359999999], [8.2778151, 49.0424641], [8.2778311, 49.0426354], [8.2778283, 49.04275379999999], [8.277811300000002, 49.042854299999995], [8.2777852, 49.042938299999996], [8.2778587, 49.042954599999995], [8.2781771, 49.0428185], [8.2783722, 49.04275440000001], [8.278585, 49.0427082], [8.2786295, 49.04267349999999], [8.2791746, 49.04238719999999], [8.2801375, 49.0419478], [8.2803553, 49.0419912], [8.2809233, 49.041745899999995], [8.2813686, 49.0415175], [8.2816807, 49.0411898], [8.2818031, 49.04101790000001], [8.2817508, 49.04096330000001], [8.2820177, 49.0408052], [8.282125, 49.0406557], [8.2823396, 49.04031019999999], [8.2824536, 49.04020830000001], [8.2825434, 49.0400579], [8.282566200000002, 49.0398689], [8.282475, 49.039808199999996], [8.2822014, 49.03994980000001], [8.2816382, 49.04020120000001], [8.2812117, 49.0404008], [8.2811811, 49.0403699], [8.2824526, 49.0397673]]]}}, {"type": "Feature", "properties": {"klasse": "Acker"}, "geometry": {"type": "Polygon", "coordinates": [[[8.2829726, 49.039976200000005], [8.2828411, 49.0402381], [8.2827312, 49.040466699999996], [8.2825327, 49.040813099999994], [8.281991700000003, 49.04142639999999], [8.2820436, 49.0415259], [8.2828463, 49.04122919999998], [8.2834791, 49.0409897], [8.2839813, 49.0407856], [8.2851542, 49.04025509999999], [8.284765100000001, 49.039902299999994], [8.283728, 49.0397452], [8.2832884, 49.03979389999999], [8.2831576, 49.0398346], [8.283053000000002, 49.03989699999999], [8.2829726, 49.039976200000005]]]}}, {"type": "Feature", "properties": {"klasse": "Acker"}, "geometry": {"type": "Polygon", "coordinates": [[[8.3016795, 49.0473369], [8.3010757, 49.047432999999984], [8.3010099, 49.04745770000001], [8.3010174, 49.0475662], [8.3010927, 49.047764699999995], [8.3011416, 49.04783369999999], [8.3012206, 49.0478768], [8.3018413, 49.0477942], [8.3016795, 49.0473369]]]}}, {"type": "Feature", "properties": {"klasse": "Acker"}, "geometry": {"type": "Polygon", "coordinates": [[[8.3013339, 49.0448333], [8.3005489, 49.04503499999999], [8.2997526, 49.045050100000005], [8.29992, 49.0455962], [8.2975904, 49.0459822], [8.2969537, 49.046099], [8.2990325, 49.05074989999999], [8.2993666, 49.05111939999998], [8.3023917, 49.050771600000004], [8.3046714, 49.05048339999998], [8.304747, 49.0508782], [8.3046128, 49.051008], [8.3043487, 49.0511218], [8.3040855, 49.0512782], [8.3040104, 49.05136550000001], [8.3041933, 49.051573399999995], [8.3045398, 49.051737300000006], [8.305072300000003, 49.051849600000004], [8.3056473, 49.051920599999995], [8.3058666, 49.05230509999999], [8.306177900000002, 49.0522181], [8.3047967, 49.049791800000015], [8.3037072, 49.0477574], [8.3012019, 49.04812619999999], [8.3008617, 49.047414299999986], [8.3022069, 49.0471966], [8.3021715, 49.04712120000001], [8.3032628, 49.0469475], [8.3020966, 49.04458600000001], [8.3013339, 49.0448333]]]}}, {"type": "Feature", "properties": {"klasse": "Acker"}, "geometry": {"type": "Polygon", "coordinates": [[[8.303904, 49.0528239], [8.3044714, 49.052032399999995], [8.302278, 49.05202090000001], [8.299798500000001, 49.0524424], [8.3000364, 49.052926899999996], [8.3001314, 49.0529286], [8.3002721, 49.05308159999999], [8.3020505, 49.0529958], [8.303904, 49.0528239]]]}}, {"type": "Feature", "properties": {"klasse": "Acker"}, "geometry": {"type": "Polygon", "coordinates": [[[8.3057033, 49.0221161], [8.3062522, 49.0220677], [8.3062383, 49.021348], [8.303856, 49.01972229999999], [8.3037734, 49.01972380000001], [8.3038342, 49.020009], [8.303859700000002, 49.02028010000001], [8.3040547, 49.0205096], [8.3041696, 49.02065209999999], [8.3043756, 49.0208886], [8.3045975, 49.0211198], [8.3048926, 49.0213822], [8.3054595, 49.02181159999999], [8.3057033, 49.0221161]]]}}, {"type": "Feature", "properties": {"klasse": "Acker"}, "geometry": {"type": "Polygon", "coordinates": [[[8.3143459, 49.02138189999999], [8.3145263, 49.0213203], [8.3144578, 49.021241], [8.3145092, 49.02122399999999], [8.3143103, 49.02106409999998], [8.3141243, 49.0209046], [8.3138941, 49.02075789999999], [8.313857500000001, 49.0207041], [8.3137536, 49.0207475], [8.3139543, 49.02094679999999], [8.3143459, 49.02138189999999]]]}}, {"type": "Feature", "properties": {"klasse": "Acker"}, "geometry": {"type": "Polygon", "coordinates": [[[8.314565, 49.020967999999996], [8.314354, 49.0210609], [8.3145902, 49.021258], [8.3147972, 49.0211604], [8.314565, 49.020967999999996]]]}}, {"type": "Feature", "properties": {"klasse": "Acker"}, "geometry": {"type": "Polygon", "coordinates": [[[8.3151161, 49.0213196], [8.3148987, 49.0214195], [8.3148936, 49.0215464], [8.3149959, 49.0216141], [8.315178, 49.021760699999994], [8.3152266, 49.021825500000006], [8.3155184, 49.02171359999999], [8.3151161, 49.0213196]]]}}, {"type": "Feature", "properties": {"klasse": "Acker"}, "geometry": {"type": "Polygon", "coordinates": [[[8.3155672, 49.0221345], [8.3157561, 49.02228589999999], [8.3158125, 49.022327999999995], [8.316004, 49.02226350000001], [8.3155738, 49.0217956], [8.3153127, 49.02190219999999], [8.3155672, 49.0221345]]]}}, {"type": "Feature", "properties": {"klasse": "Acker"}, "geometry": {"type": "Polygon", "coordinates": [[[8.317382, 49.0237892], [8.3171436, 49.02352559999999], [8.3171776, 49.02343179999999], [8.316564400000003, 49.02283309999999], [8.3163645, 49.0228658], [8.3160861, 49.0225894], [8.3158324, 49.0226951], [8.3163399, 49.023123799999986], [8.3165221, 49.023040400000006], [8.3170159, 49.023537700000006], [8.3169922, 49.023593399999996], [8.3173433, 49.02395539999999], [8.3175721, 49.02401429999999], [8.3177735, 49.0241856], [8.3178995, 49.0241172], [8.3176023, 49.0238503], [8.317382, 49.0237892]]]}}, {"type": "Feature", "properties": {"klasse": "Acker"}, "geometry": {"type": "Polygon", "coordinates": [[[8.3045075, 49.02481759999998], [8.3045123, 49.024727199999994], [8.3045829, 49.0245021], [8.304773, 49.024336899999994], [8.3049602, 49.0241736], [8.305172, 49.024190299999994], [8.3052836, 49.0242575], [8.3060284, 49.024674499999996], [8.3060429, 49.024238700000005], [8.3060892, 49.02360599999999], [8.3061177, 49.02298], [8.3061367, 49.02261659999999], [8.3060678, 49.02252849999999], [8.3058844, 49.022400499999996], [8.305751, 49.022274599999996], [8.3056812, 49.0221742], [8.3055515, 49.0222117], [8.3052604, 49.022305900000006], [8.3048301, 49.02249369999999], [8.303808, 49.0230447], [8.3037619, 49.0231064], [8.3036275, 49.024542100000005], [8.303586, 49.0251166], [8.303532, 49.025662600000004], [8.3039979, 49.02562840000001], [8.3039966, 49.0256645], [8.304033400000002, 49.0258673], [8.304055000000002, 49.02600069999999], [8.3050237, 49.02578359999999], [8.3045456, 49.0249125], [8.3045075, 49.02481759999998]]]}}, {"type": "Feature", "properties": {"klasse": "Acker"}, "geometry": {"type": "Polygon", "coordinates": [[[8.3062291, 49.0285023], [8.3062317, 49.028356], [8.3059321, 49.02785919999999], [8.305887, 49.0278736], [8.3058058, 49.0277385], [8.3058484, 49.0277195], [8.3053932, 49.027011599999994], [8.3049155, 49.0258573], [8.3048693, 49.02586809999999], [8.3048455, 49.0258737], [8.3035822, 49.0261693], [8.3040677, 49.0293429], [8.3042713, 49.030688], [8.3054478, 49.030667], [8.3054927, 49.0306662], [8.3055008, 49.03076699999999], [8.307373, 49.030746399999984], [8.3073573, 49.03059450000001], [8.3072592, 49.0300003], [8.30716, 49.02991419999999], [8.3069931, 49.029503199999986], [8.3063641, 49.0285093], [8.306285600000002, 49.02851830000001], [8.306242400000002, 49.0287352], [8.3061558, 49.028940799999994], [8.3058865, 49.02927470000001], [8.3057099, 49.029565999999996], [8.3056668, 49.029715100000004], [8.3056857, 49.0303391], [8.3056535, 49.03033979999999], [8.3056544, 49.0303191], [8.3056287, 49.029696599999994], [8.3056686, 49.02956579999999], [8.3058265, 49.02929170000001], [8.3061085, 49.0289366], [8.306149, 49.02885989999999], [8.3061903, 49.02874679999999], [8.3062232, 49.0286102], [8.3062291, 49.0285023]], [[8.3056365, 49.030319399999996], [8.3054856, 49.030321799999996], [8.3056544, 49.0303191], [8.3056365, 49.030319399999996]]]}}, {"type": "Feature", "properties": {"klasse": "Acker"}, "geometry": {"type": "Polygon", "coordinates": [[[8.3208913, 49.03067039999999], [8.3207519, 49.030626399999996], [8.3200753, 49.0311828], [8.3202174, 49.031225], [8.3208913, 49.03067039999999]]]}}, {"type": "Feature", "properties": {"klasse": "Acker"}, "geometry": {"type": "Polygon", "coordinates": [[[8.3049904, 49.0338035], [8.3050308, 49.033991699999994], [8.3050512, 49.0340947], [8.3051531, 49.03445870000001], [8.3052953, 49.0351034], [8.3056677, 49.0350906], [8.3060776, 49.03508029999999], [8.3061341, 49.03506749999998], [8.3065342, 49.03420619999999], [8.3066112, 49.034039899999996], [8.3068002, 49.0337605], [8.3069968, 49.03347959999999], [8.3072151, 49.0330302], [8.3073511, 49.03273579999999], [8.3074602, 49.03246769999999], [8.3075308, 49.032076599999996], [8.3075863, 49.03158909999999], [8.3075382, 49.03159010000001], [8.3075815, 49.031043399999994], [8.3073596, 49.0310531], [8.3073596, 49.0307763], [8.3057099, 49.0307951], [8.3057309, 49.030910600000006], [8.3057926, 49.0312831], [8.3057942, 49.0315979], [8.3072031, 49.031597299999994], [8.3070717, 49.0316001], [8.3045305, 49.0316247], [8.3048346, 49.03306659999999], [8.3049904, 49.0338035]]]}}, {"type": "Feature", "properties": {"klasse": "Acker"}, "geometry": {"type": "Polygon", "coordinates": [[[8.315774200000002, 49.0333547], [8.3157755, 49.03333969999999], [8.3159643, 49.03452999999999], [8.3179787, 49.03410619999999], [8.3175951, 49.0335683], [8.3185625, 49.03341549999999], [8.3196986, 49.0332098], [8.3200275, 49.03379819999999], [8.3206504, 49.0337509], [8.3202781, 49.03311229999999], [8.3204069, 49.033091], [8.3208011, 49.03374649999999], [8.3213631, 49.033767899999994], [8.3224063, 49.033849800000006], [8.3227985, 49.033834399999996], [8.323346, 49.0337661], [8.3227706, 49.03276429999999], [8.3229918, 49.03272449999999], [8.323625, 49.0337375], [8.3250562, 49.03355289999999], [8.3248618, 49.033432], [8.3255048, 49.03288329999999], [8.3255231, 49.032882999999984], [8.3254488, 49.03271409999999], [8.3253768, 49.0325405], [8.3253596, 49.03246749999999], [8.3253618, 49.03243200000001], [8.3253823, 49.0323828], [8.325406, 49.03235539999999], [8.3254457, 49.0323324], [8.3254888, 49.03231399999999], [8.325543, 49.032297699999994], [8.3256101, 49.0322818], [8.3256929, 49.03226299999999], [8.3257603, 49.0322422], [8.3258378, 49.032214399999994], [8.3259441, 49.0321709], [8.3261054, 49.03210020000001], [8.3262403, 49.032045], [8.3263495, 49.03200340000001], [8.3264494, 49.031970599999994], [8.3265321, 49.0319505], [8.3266535, 49.031925199999996], [8.3267448, 49.0319107], [8.3268304, 49.0319046], [8.3269118, 49.031902300000006], [8.3269932, 49.03190560000001], [8.3270667, 49.03191209999999], [8.327143, 49.0319248], [8.3272922, 49.0319491], [8.3273864, 49.0319636], [8.327428500000002, 49.03196639999999], [8.327494100000001, 49.0319664], [8.3275667, 49.031961599999995], [8.3275797, 49.031943699999985], [8.3275231, 49.031946], [8.3274428, 49.031944499999994], [8.3273368, 49.03193649999999], [8.3272811, 49.03192699999999], [8.327200800000002, 49.0319102], [8.3270246, 49.031887499999996], [8.3268719, 49.031878], [8.3267113, 49.0318941], [8.326544, 49.0319197], [8.3262853, 49.03200379999999], [8.3260623, 49.032088599999994], [8.3258516, 49.03218139999999], [8.3256988, 49.0322304], [8.3255606, 49.0322684], [8.325419, 49.0323028], [8.325371, 49.03229979999999], [8.3253242, 49.0322889], [8.3253119, 49.03227350000001], [8.3253086, 49.0322574], [8.3253212, 49.032213099999986], [8.3252745, 49.032131199999995], [8.3251662, 49.0320696], [8.324819, 49.03195270000001], [8.3245223, 49.0319034], [8.3242047, 49.031814000000004], [8.3237452, 49.0316208], [8.3234446, 49.031528099999996], [8.3230566, 49.03136779999999], [8.3225576, 49.0311165], [8.3224916, 49.031056400000004], [8.322392500000001, 49.031000500000005], [8.3222257, 49.03096759999999], [8.3220366, 49.03087390000001], [8.3218262, 49.030744199999994], [8.321515100000001, 49.030533399999996], [8.3212101, 49.0303972], [8.320924, 49.03027699999999], [8.3206288, 49.0301114], [8.3203789, 49.030075299999986], [8.3197252, 49.0298644], [8.3193345, 49.0297249], [8.3190579, 49.029675899999994], [8.3187573, 49.029449], [8.3180202, 49.02885529999999], [8.3180408, 49.028754199999995], [8.318146800000001, 49.02865229999999], [8.3181717, 49.0285567], [8.3181188, 49.0285258], [8.3180205, 49.028501199999994], [8.3180797, 49.0284202], [8.3183004, 49.02847270000001], [8.3185099, 49.0284818], [8.318683, 49.028406099999984], [8.3188891, 49.028247199999996], [8.3191843, 49.0283661], [8.3197363, 49.028577699999985], [8.3201368, 49.02869140000001], [8.3203183, 49.0287028], [8.3204874, 49.028829099999996], [8.320767, 49.02892099999999], [8.3210738, 49.0290034], [8.3213632, 49.029088], [8.3214019, 49.0291393], [8.3214693, 49.0292242], [8.3215832, 49.02928699999999], [8.3217029, 49.02933910000001], [8.3218629, 49.0293524], [8.3220215, 49.0293406], [8.3221994, 49.029340000000005], [8.3223518, 49.0294252], [8.3231331, 49.029756], [8.3238736, 49.0300339], [8.3252565, 49.0305252], [8.3258177, 49.03070479999999], [8.3260787, 49.0306508], [8.3267513, 49.0308605], [8.3270597, 49.0309723], [8.327284, 49.03102369999999], [8.32748, 49.0310366], [8.3278415, 49.0310023], [8.3284949, 49.0309052], [8.3285589, 49.0309057], [8.3285344, 49.0309364], [8.3284943, 49.030986099999986], [8.3283767, 49.0311493], [8.3283863, 49.0311641], [8.3284399, 49.03110749999999], [8.3285482, 49.0309768], [8.3286338, 49.0308985], [8.3286993, 49.0308425], [8.3288147, 49.03077729999999], [8.3293362, 49.03069719999999], [8.3298575, 49.030602], [8.3300066, 49.03056660000001], [8.3301241, 49.0305214], [8.3302192, 49.03046640000001], [8.3301884, 49.03042669999999], [8.330158, 49.0303352], [8.3301353, 49.030271199999994], [8.329771, 49.0300969], [8.330097, 49.029383200000005], [8.3303014, 49.0294279], [8.3303348, 49.0294352], [8.3303663, 49.0294421], [8.33049, 49.02946920000001], [8.3306179, 49.02923539999999], [8.3306247, 49.029237200000004], [8.3309392, 49.02932109999999], [8.3309179, 49.0293663], [8.3310815, 49.0294567], [8.3312568, 49.02924240000001], [8.3313411, 49.02919719999999], [8.3313149, 49.029141], [8.3312606, 49.0290953], [8.3311815, 49.029028399999994], [8.3305227, 49.028541100000005], [8.3303149, 49.0289473], [8.3302344, 49.02910459999999], [8.3301411, 49.02928699999999], [8.3301389, 49.02929129999999], [8.3300316, 49.0292638], [8.3299341, 49.0294859], [8.3298158, 49.0294654], [8.330073, 49.0288499], [8.3299882, 49.0288193], [8.3299972, 49.0288027], [8.330008, 49.02878659999999], [8.3301147, 49.02861089999998], [8.3302822, 49.02817120000001], [8.3290489, 49.02771690000001], [8.3281335, 49.028850999999996], [8.3281029, 49.028887000000005], [8.3280468, 49.028953], [8.3245945, 49.027683499999995], [8.3239125, 49.02801829999999], [8.3236181, 49.0279125], [8.3235779, 49.02790029999999], [8.3236129, 49.02786270000001], [8.324215, 49.0276544], [8.3245186, 49.0275224], [8.3270389, 49.026314000000006], [8.3268057, 49.026187], [8.3250514, 49.0255311], [8.322805, 49.024707], [8.3226575, 49.0246532], [8.3221138, 49.0250976], [8.3207822, 49.0262652], [8.3203197, 49.0266459], [8.3202287, 49.026686899999994], [8.3196054, 49.027212399999996], [8.3250029, 49.02920280000001], [8.324573, 49.02984679999999], [8.3249458, 49.02927069999999], [8.319827200000002, 49.027392299999995], [8.3194732, 49.0272807], [8.318817, 49.0278182], [8.3183091, 49.0276548], [8.3155321, 49.0298346], [8.3154334, 49.0307646], [8.3157485, 49.030812899999994], [8.3167449, 49.03162579999999], [8.3159095, 49.031972], [8.3157632, 49.03202789999999], [8.3156128, 49.0320731], [8.3154148, 49.03208359999999], [8.3152806, 49.0320902], [8.3150129, 49.0328672], [8.3149175, 49.03312369999999], [8.3150329, 49.0334429], [8.3154493, 49.03340039999999], [8.315774200000002, 49.0333547]], [[8.3269277, 49.03072199999999], [8.3268466, 49.0307644], [8.3244992, 49.0299151], [8.3222284, 49.029091900000005], [8.3221385, 49.029145], [8.3220844, 49.029181599999994], [8.3219973, 49.029201], [8.3218963, 49.029212400000006], [8.3218144, 49.0292022], [8.3217238, 49.029189599999995], [8.3216576, 49.029154199999994], [8.3216018, 49.0291073], [8.3215652, 49.02905479999998], [8.3215565, 49.029001099999995], [8.3215809, 49.028949699999984], [8.3215767, 49.02891759999999], [8.3188965, 49.027959499999994], [8.318957, 49.0278953], [8.3197079, 49.0281458], [8.3209881, 49.0285843], [8.3214375, 49.02871489999998], [8.3215345, 49.0287394], [8.3217031, 49.028747299999985], [8.3219839, 49.02881420000001], [8.3220223, 49.0288292], [8.3222869, 49.0289325], [8.3223295, 49.0289815], [8.322378, 49.029037200000005], [8.324573, 49.02984679999999], [8.3269277, 49.03072199999999]], [[8.3184864, 49.0308094], [8.3178197, 49.030514700000005], [8.3178514, 49.0304875], [8.318225, 49.0301627], [8.3186117, 49.0299026], [8.3172653, 49.0287765], [8.3159075, 49.029930199999995], [8.3173836, 49.0286532], [8.3179378, 49.0291554], [8.3187264, 49.029790199999994], [8.3190846, 49.0299231], [8.3198273, 49.030170899999995], [8.3201302, 49.0302088], [8.3206315, 49.0304151], [8.3211965, 49.0306079], [8.3219083, 49.03106609999999], [8.3217787, 49.031144000000005], [8.3211578, 49.0307837], [8.3208913, 49.03067039999999], [8.3202142, 49.0312318], [8.3200592, 49.0311891], [8.3207519, 49.030626399999996], [8.3202657, 49.0304728], [8.3197786, 49.03028489999999], [8.31929, 49.0301276], [8.3190158, 49.03003929999999], [8.3182679, 49.0306721], [8.318517, 49.0307838], [8.3184864, 49.0308094]], [[8.3205222, 49.031342599999995], [8.321469, 49.03168310000001], [8.3217006, 49.03177839999999], [8.3217066, 49.0317915], [8.3209061, 49.03193799999998], [8.3206492, 49.0314447], [8.3204771, 49.031373499999994], [8.3211578, 49.0307837], [8.3205222, 49.031342599999995]], [[8.3189362, 49.03100890000001], [8.3189751, 49.03097549999999], [8.3190934, 49.0310263], [8.3195189, 49.031096000000005], [8.3194705, 49.0311363], [8.319122, 49.0310771], [8.3189362, 49.03100890000001]], [[8.3253912, 49.0323413], [8.3253029, 49.03243539999999], [8.325001900000002, 49.0323663], [8.324561, 49.032306299999995], [8.3242098, 49.03222259999999], [8.3239819, 49.0321965], [8.3238548, 49.032143000000005], [8.3238473, 49.032139799999996], [8.3232442, 49.03184499999999], [8.3225851, 49.0315553], [8.3219826, 49.0312649], [8.322102, 49.03119350000001], [8.3222793, 49.03131049999999], [8.3226475, 49.0314977], [8.3234292, 49.031792], [8.32393, 49.03208349999999], [8.3242145, 49.03216760000001], [8.3253912, 49.0323413]], [[8.3280871, 49.03027250000001], [8.3280693, 49.030324699999994], [8.3276417, 49.0302646], [8.3277179, 49.030174699999996], [8.3280871, 49.03027250000001]], [[8.3242334, 49.0330438], [8.3244626, 49.0331681], [8.3244374, 49.03318999999999], [8.3242016, 49.0330718], [8.3242334, 49.0330438]], [[8.3220948, 49.031971299999995], [8.3227499, 49.0322794], [8.3227086, 49.03231569999999], [8.3223457, 49.0321434], [8.322056, 49.03200139999999], [8.3220948, 49.031971299999995]], [[8.3239792, 49.03220029999999], [8.3241865, 49.0322237], [8.3236457, 49.03271000000001], [8.3233898, 49.03258259999999], [8.3236894, 49.03233309999999], [8.3238627, 49.03215039999999], [8.3239792, 49.03220029999999]]]}}, {"type": "Feature", "properties": {"klasse": "Acker"}, "geometry": {"type": "Polygon", "coordinates": [[[8.3197152, 49.033255999999994], [8.3194119, 49.0333052], [8.3197124, 49.0338443], [8.3200186, 49.03380150000001], [8.3197152, 49.033255999999994]]]}}, {"type": "Feature", "properties": {"klasse": "Acker"}, "geometry": {"type": "Polygon", "coordinates": [[[8.3195452, 49.033863499999995], [8.3192303, 49.033331000000004], [8.3190489, 49.033373699999984], [8.3193718, 49.03389209999999], [8.3195452, 49.033863499999995]]]}}, {"type": "Feature", "properties": {"klasse": "Acker"}, "geometry": {"type": "Polygon", "coordinates": [[[8.3193623, 49.03390009999999], [8.3190362, 49.033366599999994], [8.3177009, 49.0335738], [8.3179007, 49.0338675], [8.3186677, 49.0337606], [8.3190745, 49.0336733], [8.3191014, 49.0337105], [8.3191411, 49.0337067], [8.3192843, 49.033915900000004], [8.3193623, 49.03390009999999]]]}}, {"type": "Feature", "properties": {"klasse": "Acker"}, "geometry": {"type": "Polygon", "coordinates": [[[8.3143106, 49.0346924], [8.3153744, 49.0346564], [8.3154493, 49.03340039999999], [8.3147891, 49.0334748], [8.3143106, 49.0346924]]]}}, {"type": "Feature", "properties": {"klasse": "Acker"}, "geometry": {"type": "Polygon", "coordinates": [[[8.3157904, 49.034521399999996], [8.315832, 49.03459620000001], [8.315966, 49.03456339999999], [8.315828600000001, 49.03371039999999], [8.3155972, 49.03375619999999], [8.3156322, 49.03388940000001], [8.3156796, 49.0339554], [8.3157154, 49.03406569999999], [8.3157487, 49.03426869999999], [8.315762, 49.03444660000001], [8.3157904, 49.034521399999996]]]}}, {"type": "Feature", "properties": {"klasse": "Acker"}, "geometry": {"type": "Polygon", "coordinates": [[[8.3185526, 49.03439699999999], [8.3191074, 49.03428199999999], [8.319619, 49.0341773], [8.3200489, 49.03409699999999], [8.3204368, 49.0340419], [8.3206625, 49.0340199], [8.3208919, 49.034001], [8.3211068, 49.03399389999999], [8.321362600000002, 49.033993899999984], [8.321586, 49.0339986], [8.321879, 49.034024599999995], [8.3221408, 49.0340639], [8.3222044, 49.03407940000001], [8.3222193, 49.03407210000001], [8.322357, 49.0341065], [8.322706400000001, 49.0340481], [8.3227026, 49.03401740000001], [8.3227182, 49.033964600000004], [8.3226725, 49.0338875], [8.322553600000003, 49.0338938], [8.3224312, 49.033892200000004], [8.3222654, 49.033885899999994], [8.3220433, 49.033862299999996], [8.3217335, 49.03383230000001], [8.3214536, 49.03380789999999], [8.3211883, 49.033795299999994], [8.3209601, 49.03379379999999], [8.3207667, 49.03380009999999], [8.3203476, 49.033822099999995], [8.3201255, 49.0338402], [8.3199153, 49.03386539999999], [8.3195839, 49.033912699999995], [8.319184, 49.03397640000001], [8.3186364, 49.034066200000005], [8.3181909, 49.03414329999998], [8.317827, 49.034211800000016], [8.3174079, 49.0342953], [8.3170837, 49.03436299999999], [8.3167258, 49.034433799999995], [8.3163139, 49.03451730000001], [8.3160377, 49.034577899999995], [8.3158636, 49.0346204], [8.3156642, 49.0346732], [8.3154301, 49.034729899999995], [8.315107, 49.03480309999999], [8.3146771, 49.0348999], [8.3144069, 49.034962099999994], [8.3142604, 49.03498569999999], [8.3141571, 49.0350046], [8.3140707, 49.0350267], [8.314034700000002, 49.0350582], [8.3140046, 49.03509600000001], [8.3140151, 49.0351311], [8.3140421, 49.0351299], [8.3143772, 49.0350929], [8.3150737, 49.03500160000001], [8.3156393, 49.03493629999999], [8.3162085, 49.03485909999999], [8.316702, 49.0347741], [8.3170611, 49.03471029999999], [8.3174358, 49.0346347], [8.3177108, 49.03457329999999], [8.3181635, 49.03447959999999], [8.3185526, 49.03439699999999]]]}}, {"type": "Feature", "properties": {"klasse": "Acker"}, "geometry": {"type": "Polygon", "coordinates": [[[8.315596, 49.03431069999999], [8.3154001, 49.03432629999999], [8.3153738, 49.034700699999995], [8.315558000000001, 49.034659000000005], [8.315596, 49.03431069999999]]]}}, {"type": "Feature", "properties": {"klasse": "Acker"}, "geometry": {"type": "Polygon", "coordinates": [[[8.3060171, 49.0359344], [8.3060162, 49.03594389999999], [8.3061066, 49.035942299999995], [8.3061416, 49.035927699999995], [8.3061584, 49.03584060000001], [8.3060834, 49.0358379], [8.3055478, 49.0358837], [8.3055617, 49.03601820000001], [8.3055979, 49.036130299999996], [8.3067866, 49.0359913], [8.3067789, 49.035986099999995], [8.3062432, 49.0359722], [8.3060169, 49.0359734], [8.3060162, 49.03598269999999], [8.3058156, 49.035984799999994], [8.3058161, 49.0359344], [8.3058161, 49.0359254], [8.306018, 49.0359247], [8.3060171, 49.0359344]]]}}, {"type": "Feature", "properties": {"klasse": "Acker"}, "geometry": {"type": "Polygon", "coordinates": [[[8.3139883, 49.036471599999985], [8.3139402, 49.0362622], [8.3140279, 49.0361291], [8.3140099, 49.035944099999995], [8.3139426, 49.035696099999996], [8.3139138, 49.0356418], [8.3138386, 49.035647100000006], [8.3137543, 49.03561069999999], [8.3135078, 49.0357063], [8.3134347, 49.03574479999999], [8.3133101, 49.0359059], [8.312923, 49.03642349999999], [8.3129824, 49.03645920000001], [8.3131908, 49.0365074], [8.3136851, 49.03667599999999], [8.313819, 49.0366469], [8.313925, 49.036632399999995], [8.3139584, 49.03666869999999], [8.3142261, 49.036695], [8.3142789, 49.03661089999999], [8.3143077, 49.03657079999999], [8.3142873, 49.0364991], [8.3142609, 49.03646449999999], [8.3140423, 49.0364944], [8.3139883, 49.036471599999985]]]}}, {"type": "Feature", "properties": {"klasse": "Acker"}, "geometry": {"type": "Polygon", "coordinates": [[[8.3123736, 49.0357556], [8.3123536, 49.03569819999999], [8.3123104, 49.03564939999998], [8.3122458, 49.0356062], [8.312216, 49.03559329999999], [8.3121799, 49.0355857], [8.3121103, 49.0355785], [8.3119792, 49.0355755], [8.3116636, 49.035608499999995], [8.3111047, 49.035695100000005], [8.3110739, 49.0357463], [8.3109997, 49.0358404], [8.3109159, 49.03598889999999], [8.3107567, 49.0360755], [8.3105713, 49.036071899999996], [8.31035, 49.0359536], [8.310195800000002, 49.035809300000004], [8.309600900000001, 49.035882699999995], [8.3093987, 49.0359163], [8.3091923, 49.035959799999986], [8.3090109, 49.03601249999999], [8.3088838, 49.03605769999999], [8.3087198, 49.03613389999999], [8.3086111, 49.0361948], [8.3086266, 49.036210100000005], [8.3086299, 49.03622239999998], [8.3086321, 49.03624789999999], [8.3086377, 49.03627259999998], [8.308651, 49.0363132], [8.3086709, 49.03633940000001], [8.3092372, 49.0363968], [8.3096771, 49.03645339999999], [8.3104605, 49.03657479999999], [8.3110068, 49.036667], [8.3111298, 49.036680100000005], [8.3113138, 49.03670189999998], [8.3114423, 49.036716399999996], [8.3115409, 49.036731], [8.3115863, 49.0367469], [8.3116118, 49.0367767], [8.3116096, 49.0368167], [8.3115852, 49.03685659999999], [8.3116141, 49.0368617], [8.3118437, 49.0365142], [8.3119738, 49.03630259999999], [8.3120506, 49.03618], [8.3121382, 49.03605980000001], [8.3122282, 49.03597899999999], [8.3122974, 49.0359154], [8.3123418, 49.03585369999998], [8.3123681, 49.035810999999995], [8.3123736, 49.0357556]]]}}, {"type": "Feature", "properties": {"klasse": "Acker"}, "geometry": {"type": "Polygon", "coordinates": [[[8.3197916, 49.03889430000001], [8.3194139, 49.03873490000001], [8.31831, 49.03838760000001], [8.3185129, 49.038987199999994], [8.3189896, 49.0391435], [8.3199591, 49.03903369999999], [8.3197916, 49.03889430000001]]]}}, {"type": "Feature", "properties": {"klasse": "Acker"}, "geometry": {"type": "Polygon", "coordinates": [[[8.3202169, 49.039971099999995], [8.3200093, 49.039108199999994], [8.3192224, 49.03918949999999], [8.3192152, 49.039164099999994], [8.3187378, 49.03922609999999], [8.3189644, 49.04005969999999], [8.3194195, 49.040008500000006], [8.3194301, 49.040052499999994], [8.3202169, 49.039971099999995]]]}}, {"type": "Feature", "properties": {"klasse": "Acker"}, "geometry": {"type": "Polygon", "coordinates": [[[8.3200672, 49.0434107], [8.3199488, 49.04371220000001], [8.3200003, 49.04370130000001], [8.3202941, 49.04353450000001], [8.3203439, 49.043470899999996], [8.3202994, 49.043336800000006], [8.3206068, 49.042851199999994], [8.3204012, 49.0427285], [8.320337400000001, 49.04294469999999], [8.3202901, 49.04306199999999], [8.3202508, 49.04319399999999], [8.3200672, 49.0434107]]]}}, {"type": "Feature", "properties": {"klasse": "Acker"}, "geometry": {"type": "Polygon", "coordinates": [[[8.3123423, 49.04641199999998], [8.3123136, 49.04641409999999], [8.3123023, 49.046421499999994], [8.3123, 49.046428799999994], [8.3123185, 49.046464099999994], [8.3117374, 49.046590499999986], [8.311663, 49.0465862], [8.3115938, 49.04657309999999], [8.311538, 49.04653729999999], [8.3115167, 49.046506799999996], [8.3115114, 49.04649549999999], [8.3121949, 49.0463456], [8.3122161, 49.04638829999998], [8.312272, 49.04637519999999], [8.3123216, 49.0463651], [8.3124166, 49.0463596], [8.3125398, 49.046347899999994], [8.3125019, 49.0462767], [8.3124907, 49.0462494], [8.3124555, 49.04625649999999], [8.3124347, 49.046212399999995], [8.3124295, 49.04619869999999], [8.3124499, 49.0461758], [8.3123841, 49.046059899999996], [8.3123655, 49.04603949999999], [8.3123415, 49.0460273], [8.3123143, 49.046022], [8.3122817, 49.046022400000005], [8.3113394, 49.046224499999994], [8.3107064, 49.0449114], [8.3106593, 49.0449201], [8.3104979, 49.04459219999999], [8.310459, 49.0445785], [8.3102211, 49.04414599999999], [8.3096098, 49.0427704], [8.3090315, 49.04141299999999], [8.3088414, 49.04094519999999], [8.3088188, 49.04086], [8.308809500000002, 49.040755399999995], [8.3088148, 49.0406281], [8.3088281, 49.04052000000001], [8.3088111, 49.040511499999994], [8.3087793, 49.0404969], [8.3087623, 49.0404892], [8.3087423, 49.0404802], [8.3087072, 49.04046429999999], [8.3090001, 49.040227599999994], [8.3093598, 49.0398739], [8.3096778, 49.03953309999999], [8.3096483, 49.03952309999999], [8.3095725, 49.039492599999996], [8.3094562, 49.039618999999995], [8.3087971, 49.04021509999999], [8.3077674, 49.0410905], [8.3074228, 49.0414024], [8.3072388, 49.041571999999995], [8.3070994, 49.04172689999999], [8.3070091, 49.041907800000004], [8.3069551, 49.04207389999999], [8.3069435, 49.042213], [8.3069623, 49.0423647], [8.3073859, 49.043383899999995], [8.307575400000001, 49.0437776], [8.3076366, 49.04376570000001], [8.3076638, 49.04382489999999], [8.3076084, 49.043835900000005], [8.3086405, 49.04596419999999], [8.3092577, 49.0472032], [8.3102546, 49.0469899], [8.311415, 49.0467242], [8.3117096, 49.0466641], [8.3120689, 49.04659079999999], [8.3123358, 49.046530799999985], [8.3125511, 49.04648519999999], [8.3125703, 49.04647759999999], [8.3125844, 49.046468999999995], [8.3125943, 49.0464567], [8.312599, 49.0464413], [8.3125929, 49.0464295], [8.312576, 49.04641849999999], [8.3125496, 49.046410099999996], [8.312514400000001, 49.0464021], [8.3124744, 49.046403], [8.3123423, 49.04641199999998]]]}}, {"type": "Feature", "properties": {"klasse": "Acker"}, "geometry": {"type": "Polygon", "coordinates": [[[8.3194434, 49.04443269999999], [8.3190802, 49.044678299999994], [8.318861400000001, 49.0448022], [8.3180379, 49.0451848], [8.31486, 49.04652360000001], [8.3142779, 49.046808500000004], [8.3139357, 49.046980100000006], [8.3135225, 49.0472934], [8.3132857, 49.047527599999995], [8.3131249, 49.047728199999995], [8.3132433, 49.047747199999996], [8.3133728, 49.04755539999999], [8.3135917, 49.04733000000002], [8.3138307, 49.0471382], [8.3142283, 49.04688929999998], [8.3158474, 49.0462091], [8.3178835, 49.045327999999984], [8.3189083, 49.0448549], [8.3194704, 49.0444877], [8.3199939, 49.04405], [8.3203006, 49.0437937], [8.3209077, 49.0441136], [8.3209628, 49.04408140000001], [8.3207743, 49.04395419999999], [8.3206195, 49.0438047], [8.3205318, 49.04374639999999], [8.320442600000002, 49.043705800000005], [8.3203095, 49.04370479999999], [8.3201886, 49.043748799999996], [8.3200545, 49.043902300000006], [8.3197976, 49.044159], [8.3194434, 49.04443269999999]]]}}, {"type": "Feature", "properties": {"klasse": "Acker"}, "geometry": {"type": "Polygon", "coordinates": [[[8.3037128, 49.045671299999995], [8.3037075, 49.0455307], [8.3037266, 49.045229799999994], [8.303805300000002, 49.04465760000001], [8.3035778, 49.0441799], [8.3034143, 49.044108999999985], [8.3033026, 49.044139], [8.3031479, 49.04408409999999], [8.3024771, 49.0444205], [8.3026717, 49.0449297], [8.3037391, 49.047061899999996], [8.3039198, 49.047377000000004], [8.3040168, 49.04749720000001], [8.3040685, 49.0475381], [8.304118, 49.04755619999999], [8.3046167, 49.0475201], [8.3045919, 49.047421899999996], [8.3045996, 49.047159099999995], [8.3044904, 49.04694119999999], [8.3041991, 49.04663670000001], [8.304098600000001, 49.0464986], [8.3037926, 49.0459616], [8.3037301, 49.04581579999999], [8.3037128, 49.045671299999995]]]}}, {"type": "Feature", "properties": {"klasse": "Acker"}, "geometry": {"type": "Polygon", "coordinates": [[[8.303306900000003, 49.047102499999994], [8.3031397, 49.04711709999999], [8.3033142, 49.04766039999999], [8.3030393, 49.047703300000016], [8.3030864, 49.0478461], [8.3037386, 49.0477463], [8.3036702, 49.04759049999999], [8.3035597, 49.047382799999994], [8.3034889, 49.0472955], [8.3033746, 49.04718119999999], [8.303347, 49.047126999999996], [8.303306900000003, 49.047102499999994]]]}}, {"type": "Feature", "properties": {"klasse": "Acker"}, "geometry": {"type": "Polygon", "coordinates": [[[8.3031298, 49.04711970000001], [8.3016964, 49.0473339], [8.3019299, 49.0480123], [8.3030756, 49.04783079999999], [8.3030354, 49.0477013], [8.3033089, 49.047657799999996], [8.3031298, 49.04711970000001]]]}}, {"type": "Feature", "properties": {"klasse": "Acker"}, "geometry": {"type": "Polygon", "coordinates": [[[8.3096064, 49.0471824], [8.309278, 49.04725379999999], [8.3100478, 49.0486129], [8.3100768, 49.048620899999996], [8.3101282, 49.0486066], [8.310154, 49.04866189999999], [8.3103242, 49.048551399999994], [8.3102476, 49.048415899999995], [8.3105897, 49.04833599999999], [8.3105144, 49.0481607], [8.3101044, 49.0480495], [8.3096064, 49.0471824]]]}}, {"type": "Feature", "properties": {"klasse": "Acker"}, "geometry": {"type": "Polygon", "coordinates": [[[8.3045852, 49.047622899999986], [8.3045114, 49.04760739999999], [8.3040541, 49.0476933], [8.3054724, 49.05034500000001], [8.3055858, 49.050318499999996], [8.3048041, 49.04790979999999], [8.3046605, 49.0476732], [8.3045852, 49.047622899999986]]]}}, {"type": "Feature", "properties": {"klasse": "Acker"}, "geometry": {"type": "Polygon", "coordinates": [[[8.3108759, 49.04954559999999], [8.3107863, 49.0494065], [8.3107951, 49.0492316], [8.3108772, 49.0491251], [8.3110346, 49.049058], [8.3108234, 49.0487733], [8.3107103, 49.04875799999999], [8.3104425, 49.0488196], [8.310315, 49.0488799], [8.310267, 49.048977100000016], [8.310384, 49.049216799999996], [8.3105491, 49.0495017], [8.3111656, 49.05048109999999], [8.3125951, 49.05275329999999], [8.3126933, 49.0527383], [8.3111742, 49.0503521], [8.3111489, 49.050125099999995], [8.3110815, 49.049873299999994], [8.310953700000002, 49.04967549999999], [8.3108759, 49.04954559999999]]]}}, {"type": "Feature", "properties": {"klasse": "Acker"}, "geometry": {"type": "Polygon", "coordinates": [[[8.3125825, 49.05239749999999], [8.312519, 49.0524129], [8.3130161, 49.053141199999985], [8.313244901059008, 49.053453775110945], [8.314691082305705, 49.053453775110945], [8.3141068, 49.05250079999998], [8.312600500000002, 49.05063299999999], [8.3122765, 49.05069309999999], [8.3121376, 49.0507884], [8.3120877, 49.05089279999999], [8.312333, 49.05173989999999], [8.3124649, 49.05207969999999], [8.3126494, 49.052317], [8.3125825, 49.05239749999999]]]}}, {"type": "Feature", "properties": {"klasse": "Acker"}, "geometry": {"type": "Polygon", "coordinates": [[[8.3197965, 49.0200536], [8.3193164, 49.020049900000004], [8.3190582, 49.020135199999984], [8.3189873, 49.020202299999994], [8.3190088, 49.0202241], [8.3189639, 49.02026399999999], [8.3189359, 49.020289], [8.3187163, 49.0201825], [8.3185805, 49.0202025], [8.3190917, 49.0205287], [8.3207805, 49.02187319999999], [8.3211647, 49.02278239999999], [8.3223363, 49.0231116], [8.322575900000002, 49.02343090000001], [8.3222754, 49.0241755], [8.3218684, 49.02466059999998], [8.3193903, 49.02676820000001], [8.3195405, 49.0268916], [8.3201428, 49.0264124], [8.3213746, 49.0253924], [8.3222697, 49.0245048], [8.3228172, 49.02334939999999], [8.3225804, 49.023084399999995], [8.322248, 49.02292769999999], [8.3213203, 49.022667], [8.3210141, 49.02190619999999], [8.320896, 49.0217199], [8.3198684, 49.020887399999985], [8.3218242, 49.0210556], [8.3235746, 49.02121999999999], [8.3263087, 49.021457000000005], [8.3286216, 49.021663399999994], [8.3287248, 49.0216715], [8.3286092, 49.022346399999996], [8.3295455, 49.0223247], [8.3296354, 49.0217425], [8.3296637, 49.0217447], [8.329534, 49.021544000000006], [8.3196071, 49.0206608], [8.3295322, 49.021538799999995], [8.3297583, 49.0211621], [8.329852, 49.020994400000006], [8.3298771, 49.020934499999996], [8.3292685, 49.0208476], [8.3278068, 49.020635699999985], [8.3261808, 49.0203654], [8.3248779, 49.020199899999994], [8.3218085, 49.020115], [8.3197965, 49.0200536]]]}}, {"type": "Feature", "properties": {"klasse": "Acker"}, "geometry": {"type": "Polygon", "coordinates": [[[8.3223187, 49.02199950000001], [8.3240302, 49.022248399999995], [8.3257833, 49.0224341], [8.3272299, 49.0223896], [8.3285513, 49.02237160000001], [8.3286387, 49.02167099999999], [8.3198899, 49.0208952], [8.32091, 49.02172579999999], [8.3210117, 49.0218404], [8.3223187, 49.02199950000001]]]}}, {"type": "Feature", "properties": {"klasse": "Acker"}, "geometry": {"type": "Polygon", "coordinates": [[[8.3230367, 49.0240608], [8.3225927, 49.02452059999999], [8.3250124, 49.025417], [8.3249772, 49.02536599999999], [8.3245351, 49.0249924], [8.3241651, 49.02474740000001], [8.3230367, 49.0240608]]]}}, {"type": "Feature", "properties": {"klasse": "Acker"}, "geometry": {"type": "Polygon", "coordinates": [[[8.3250067, 49.0254236], [8.3227315, 49.0245847], [8.3226667, 49.0246452], [8.3250391, 49.02551809999999], [8.3250067, 49.0254236]]]}}, {"type": "Feature", "properties": {"klasse": "Acker"}, "geometry": {"type": "Polygon", "coordinates": [[[8.3250523, 49.0255255], [8.326861, 49.02620639999999], [8.3269175, 49.026112399999995], [8.3251196, 49.0254279], [8.3244787, 49.0248644], [8.3233827, 49.024219099999996], [8.3233435, 49.02424119999999], [8.3241713, 49.02474409999999], [8.3245385, 49.024987], [8.324980600000002, 49.025360199999994], [8.3250197, 49.0254172], [8.3250523, 49.0255255]]]}}, {"type": "Feature", "properties": {"klasse": "Acker"}, "geometry": {"type": "Polygon", "coordinates": [[[8.3252039, 49.033530999999996], [8.3257078, 49.033455700000005], [8.3255086, 49.0328943], [8.324916, 49.033406799999995], [8.3250964, 49.0335044], [8.3252039, 49.033530999999996]]]}}, {"type": "Feature", "properties": {"klasse": "Acker"}, "geometry": {"type": "Polygon", "coordinates": [[[8.3229879, 49.03273029999998], [8.3227763, 49.0327702], [8.3233542, 49.0337738], [8.3236206, 49.0337382], [8.3229879, 49.03273029999998]]]}}, {"type": "Feature", "properties": {"klasse": "Acker"}, "geometry": {"type": "Polygon", "coordinates": [[[8.3204189, 49.033131299999994], [8.3203137, 49.033149400000006], [8.3206601, 49.0337546], [8.320797, 49.03374989999999], [8.3204189, 49.033131299999994]]]}}, {"type": "Feature", "properties": {"klasse": "Acker"}, "geometry": {"type": "Polygon", "coordinates": [[[8.3224704, 49.0353879], [8.322408, 49.0354162], [8.3223898, 49.03543629999999], [8.3223898, 49.03546589999999], [8.3224082, 49.035539299999996], [8.3224993, 49.0355361], [8.3226394, 49.03552609999999], [8.3228158, 49.03551350000001], [8.323084400000003, 49.035494], [8.323226400000001, 49.035484600000004], [8.3237156, 49.0354588], [8.3238518, 49.035449400000005], [8.3240858, 49.035429900000004], [8.324223, 49.03541229999999], [8.3242994, 49.035403599999995], [8.3242323, 49.035228], [8.3242151, 49.0352083], [8.3241451, 49.0351737], [8.3240021, 49.0351109], [8.3236534, 49.03496359999998], [8.3234496, 49.03489309999999], [8.3232255, 49.0348243], [8.3229665, 49.034749899999994], [8.322743, 49.0347201], [8.3225411, 49.0346979], [8.3224226, 49.0346899], [8.3222396, 49.034667000000006], [8.3221163, 49.034660499999994], [8.3221232, 49.0347163], [8.3221759, 49.03486409999999], [8.3222651, 49.0350936], [8.3223399, 49.03526969999999], [8.3223869, 49.0352609], [8.3224387, 49.03526529999999], [8.3224857, 49.0352942], [8.3224915, 49.0353345], [8.3224819, 49.03536590000001], [8.3224704, 49.0353879]]]}}, {"type": "Feature", "properties": {"klasse": "Acker"}, "geometry": {"type": "Polygon", "coordinates": [[[8.3198545, 49.034879800000006], [8.3197463, 49.03490499999999], [8.3195989, 49.03494769999999], [8.3194739, 49.03499], [8.3194379, 49.035013199999995], [8.3194393, 49.035039399999995], [8.3194444, 49.0350956], [8.319523, 49.0352846], [8.319648800000001, 49.035549599999996], [8.3196659, 49.035553699999994], [8.3196985, 49.035549999999986], [8.3199105, 49.0354997], [8.3200908, 49.0354437], [8.3201647, 49.03542480000001], [8.3202481, 49.03540720000001], [8.3203661, 49.035405999999995], [8.3205589, 49.0354129], [8.3206203, 49.035419199999986], [8.320777, 49.03544960000001], [8.321049, 49.0354821], [8.321284, 49.035506], [8.3213761, 49.03551100000001], [8.3217924, 49.03553990000001], [8.3219257, 49.03554559999999], [8.3221358, 49.0355493], [8.3222269, 49.03554429999999], [8.3222587, 49.035543399999995], [8.3222047, 49.03538100000001], [8.3221068, 49.035111199999996], [8.3219822, 49.03479050000001], [8.3219364, 49.03466209999999], [8.3216436, 49.03468099999999], [8.321487, 49.0346923], [8.3210954, 49.0347167], [8.3209311, 49.03472889999999], [8.3207285, 49.03475509999999], [8.3205267, 49.03477569999999], [8.3203494, 49.0347938], [8.3200478, 49.0348391], [8.3198545, 49.034879800000006]]]}}, {"type": "Feature", "properties": {"klasse": "Acker"}, "geometry": {"type": "Polygon", "coordinates": [[[8.3208799, 49.035533999999984], [8.320914, 49.035644999999995], [8.3207957, 49.036115699999996], [8.3211216, 49.036146499999994], [8.3212209, 49.03564180000001], [8.3214755, 49.0355715], [8.3211581, 49.03553949999999], [8.3208973, 49.03551290000001], [8.3207756, 49.03549760000001], [8.3207115, 49.0354874], [8.3208799, 49.035533999999984]]]}}, {"type": "Feature", "properties": {"klasse": "Acker"}, "geometry": {"type": "Polygon", "coordinates": [[[8.3240069, 49.0361089], [8.323908600000001, 49.035485599999994], [8.3235737, 49.0355071], [8.3232061, 49.035527], [8.322555, 49.0355715], [8.3222693, 49.03558999999999], [8.3220141, 49.0355992], [8.3217261, 49.0355869], [8.3214755, 49.0355715], [8.3214052, 49.03592929999999], [8.3213771, 49.036224], [8.3215621, 49.0362286], [8.3219111, 49.036244], [8.3222155, 49.0362486], [8.3224965, 49.036243999999996], [8.3230047, 49.03621789999999], [8.323442600000002, 49.0361856], [8.3237704, 49.0361427], [8.3240069, 49.0361089]]]}}, {"type": "Feature", "properties": {"klasse": "Acker"}, "geometry": {"type": "Polygon", "coordinates": [[[8.3247185, 49.03957259999999], [8.3253169, 49.04], [8.326274, 49.03889269999999], [8.3259529, 49.038671399999984], [8.3254407, 49.0392596], [8.3251703, 49.03914399999999], [8.3257123, 49.0384946], [8.325485, 49.0383433], [8.3254312, 49.03834139999999], [8.3245357, 49.03942579999999], [8.3245631, 49.0394854], [8.3247185, 49.03957259999999]]]}}, {"type": "Feature", "properties": {"klasse": "Acker"}, "geometry": {"type": "Polygon", "coordinates": [[[8.3260732, 49.036868299999995], [8.3258892, 49.036872699999996], [8.3257592, 49.03689619999999], [8.3256582, 49.03694769999999], [8.3256044, 49.0369874], [8.3255708, 49.03703740000001], [8.325508, 49.0371844], [8.3253689, 49.037266800000005], [8.3251042, 49.0373021], [8.324893800000002, 49.0373104], [8.324602, 49.0372356], [8.3243895, 49.03724599999999], [8.3242023, 49.03725849999999], [8.3240691, 49.03730209999999], [8.3238027, 49.03740610000001], [8.3236219, 49.03747469999999], [8.3235838, 49.03752049999999], [8.3233776, 49.037562], [8.3232317, 49.0374955], [8.3231239, 49.0374102], [8.3230763, 49.03731249999999], [8.3230573, 49.037264699999994], [8.3229399, 49.037268899999994], [8.3228035, 49.0373208], [8.3226164, 49.0374581], [8.3225656, 49.0375121], [8.3224705, 49.0375808], [8.3223404, 49.03761399999999], [8.3222611, 49.0375704], [8.3221977, 49.037482999999995], [8.3220581, 49.0374394], [8.3219757, 49.037443499999995], [8.3219027, 49.0374934], [8.3218075, 49.03758489999999], [8.3217473, 49.03767429999999], [8.321687, 49.0377762], [8.3215919, 49.0379051], [8.3215403, 49.038062899999986], [8.3213766, 49.03827309999999], [8.3212667, 49.038336300000005], [8.3210917, 49.0383819], [8.3208487, 49.03847769999998], [8.3206776, 49.038613000000005], [8.320626000000003, 49.038653200000006], [8.3205755, 49.038712700000005], [8.3205329, 49.0388634], [8.320552, 49.03891709999999], [8.3205542, 49.03895459999999], [8.3205318, 49.03897740000001], [8.3204869, 49.0389854], [8.3204432, 49.038959699999985], [8.3204308, 49.038918499999994], [8.3204219, 49.03888839999998], [8.3203837, 49.0388686], [8.3203893, 49.038944799999996], [8.320406, 49.0390109], [8.3204361, 49.039086199999986], [8.3205323, 49.03927469999999], [8.3206203, 49.03948309999999], [8.320652, 49.0395778], [8.3206885, 49.039690599999986], [8.3207654, 49.0398631], [8.3208995, 49.04013809999999], [8.321016, 49.04036889999999], [8.3210826, 49.040484299999996], [8.3211548, 49.04058570000001], [8.321233300000001, 49.0406735], [8.3213213, 49.040757199999994], [8.3214759, 49.040880399999985], [8.3216361, 49.04099790000001], [8.32179, 49.041106], [8.321993, 49.0412531], [8.3221777, 49.0413888], [8.322478300000002, 49.04160349999999], [8.32251, 49.04160399999999], [8.3225409, 49.04159719999999], [8.322565500000001, 49.0415842], [8.3227122, 49.041450100000006], [8.3229239, 49.04124579999999], [8.3232376, 49.0409552], [8.3235583, 49.0406377], [8.3236559, 49.0405259], [8.32374, 49.04041049999999], [8.324027100000002, 49.0400187], [8.324327, 49.039583], [8.324475, 49.039391099999996], [8.3247531, 49.03904339999999], [8.3250222, 49.0387096], [8.3253295, 49.0383391], [8.3256502, 49.03798110000001], [8.325962, 49.03763630000001], [8.3261728, 49.0374011], [8.3261629, 49.03735939999999], [8.326118, 49.03739620000001], [8.3260687, 49.037403499999996], [8.3260552, 49.037384399999986], [8.3260821, 49.03733439999999], [8.3261337, 49.0372535], [8.3261786, 49.037181499999996], [8.3261898, 49.0370786], [8.326201, 49.03697420000001], [8.3261875, 49.0368889], [8.3260732, 49.036868299999995]], [[8.3238778, 49.03935169999999], [8.3237821, 49.0393606], [8.3236219, 49.03941739999999], [8.3234095, 49.03944619999999], [8.3232225, 49.039488999999996], [8.3230651, 49.0394718], [8.3229322, 49.03948359999999], [8.3227266, 49.03948669999999], [8.322631, 49.0394799], [8.3225348, 49.0394649], [8.3224753, 49.039439400000006], [8.3224395, 49.03939429999999], [8.322425, 49.0393343], [8.3224324, 49.039249399999996], [8.3224276, 49.03918449999999], [8.3224038, 49.03914319999999], [8.3224002, 49.03910859999999], [8.3224152, 49.0388754], [8.3224397, 49.038821199999994], [8.3224818, 49.038776999999996], [8.3225566, 49.038741], [8.3227409, 49.038708], [8.3229697, 49.038708099999994], [8.3231024, 49.038737999999995], [8.323241, 49.0387863], [8.3233157, 49.038786800000004], [8.3233934, 49.0387647], [8.323456, 49.038742400000004], [8.3236164, 49.038750699999994], [8.3237142, 49.03875949999998], [8.3243621, 49.0387345], [8.3245348, 49.038747699999995], [8.3246303, 49.038782899999994], [8.3247007, 49.038837699999995], [8.3247071, 49.0388889], [8.3246936, 49.038953299999996], [8.3246517, 49.03903780000001], [8.3245292, 49.03912769999999], [8.3244003, 49.0392125], [8.3243367, 49.03924799999999], [8.324295200000002, 49.0392865], [8.3242395, 49.0392938], [8.3241865, 49.0392914], [8.3241349, 49.03930489999999], [8.3239959, 49.0392937], [8.3239345, 49.03932029999999], [8.3238778, 49.03935169999999]], [[8.3232188, 49.0379626], [8.3232622, 49.038001699999995], [8.3232733, 49.0381155], [8.3232471, 49.03821809999999], [8.3232643, 49.0383174], [8.3232501, 49.0384379], [8.3232713, 49.03854109999999], [8.3233137, 49.0386265], [8.3227473, 49.038650999999994], [8.3226696, 49.03861260000001], [8.3226706, 49.03844449999998], [8.3226393, 49.0383631], [8.3226716, 49.038213500000005], [8.3226373, 49.038093], [8.3226473, 49.03798449999999], [8.3228089, 49.03795869999999], [8.3228887, 49.03792949999999], [8.323117900000002, 49.03793019999999], [8.3232188, 49.0379626]]]}}, {"type": "Feature", "properties": {"klasse": "Acker"}, "geometry": {"type": "Polygon", "coordinates": [[[8.3257103, 49.0419748], [8.3259303, 49.04212630000001], [8.326078, 49.0422284], [8.3262637, 49.0423637], [8.3282788, 49.0437974], [8.3290442, 49.0432844], [8.3290334, 49.0432752], [8.3291368, 49.043176399999986], [8.3292107, 49.0431316], [8.3293076, 49.0430865], [8.3294487, 49.04300409999999], [8.3272947, 49.04146279999999], [8.32707, 49.0412955], [8.3269245, 49.0411894], [8.3266872, 49.0410245], [8.3265951, 49.040951699999994], [8.3260945, 49.0414025], [8.3258913, 49.041305099999995], [8.3263632, 49.040801900000005], [8.3253933, 49.04010710000001], [8.3251426, 49.03990679999999], [8.324951, 49.03977399999999], [8.3248194, 49.0396871], [8.3245159, 49.0395175], [8.3237717, 49.0405492], [8.3240328, 49.0407346], [8.3240125, 49.0407594], [8.3241336, 49.04084960000001], [8.3243183, 49.0409842], [8.3245312, 49.0411292], [8.3257103, 49.0419748]]]}}, {"type": "Feature", "properties": {"klasse": "Acker"}, "geometry": {"type": "Polygon", "coordinates": [[[8.3254373, 49.04181890000001], [8.3237194, 49.04061459999999], [8.3236902, 49.0406205], [8.3235933, 49.04071110000001], [8.324926200000002, 49.04163359999999], [8.3239095, 49.04253630000001], [8.3242727, 49.04279569999999], [8.3254373, 49.04181890000001]]]}}, {"type": "Feature", "properties": {"klasse": "Acker"}, "geometry": {"type": "Polygon", "coordinates": [[[8.3256446, 49.04379209999999], [8.3257136, 49.04374550000001], [8.3258648, 49.043845999999995], [8.3258036, 49.0438919], [8.3258255, 49.04392970000001], [8.3268638, 49.04466519999999], [8.3269316, 49.0446516], [8.3282413, 49.04381959999999], [8.327082200000001, 49.04298549999999], [8.3269139, 49.042870199999996], [8.3267163, 49.04272579999999], [8.3254377, 49.04365219999999], [8.3256446, 49.04379209999999]]]}}, {"type": "Feature", "properties": {"klasse": "Acker"}, "geometry": {"type": "Polygon", "coordinates": [[[8.3264253, 49.04494209999999], [8.326609, 49.0448297], [8.3266178, 49.0448145], [8.3266167, 49.0447929], [8.3265881, 49.04476189999999], [8.326224, 49.0444987], [8.3254592, 49.04394739999999], [8.3250478, 49.04365899999998], [8.3249642, 49.0435883], [8.3245001, 49.0432595], [8.3235057, 49.0425356], [8.3228303, 49.0420569], [8.3225509, 49.041844899999994], [8.3225091, 49.0418463], [8.3224585, 49.04185639999999], [8.3224035, 49.041892499999996], [8.3220955, 49.0421246], [8.3217721, 49.042382800000006], [8.3215983, 49.04254280000001], [8.3216027, 49.0425659], [8.3216335, 49.04258899999999], [8.3224035, 49.0430317], [8.3232923, 49.0435552], [8.3244231, 49.04422139999999], [8.3250323, 49.0445907], [8.3254107, 49.044830100000006], [8.3256637, 49.0450003], [8.3258309, 49.04510839999999], [8.3259127, 49.04515120000001], [8.3259457, 49.04516919999999], [8.3259798, 49.04517209999999], [8.3260161, 49.04517], [8.3260601, 49.04515630000001], [8.3261272, 49.045121699999996], [8.3264253, 49.04494209999999]], [[8.324309300000001, 49.04335369999998], [8.3243299, 49.0434702], [8.3241577, 49.043483300000005], [8.3241371, 49.04336669999999], [8.324309300000001, 49.04335369999998]], [[8.3235955, 49.043456799999994], [8.3236222, 49.0435735], [8.3234526, 49.04359019999999], [8.3234259, 49.04347349999999], [8.3235955, 49.043456799999994]], [[8.321980700000001, 49.0425027], [8.3220495, 49.0424517], [8.3221323, 49.0424996], [8.3220635, 49.04255069999999], [8.321980700000001, 49.0425027]]]}}, {"type": "Feature", "properties": {"klasse": "Acker"}, "geometry": {"type": "Polygon", "coordinates": [[[8.3224194, 49.04415029999999], [8.322203, 49.0438626], [8.3220837, 49.043773099999996], [8.3220255, 49.043794799999986], [8.3217782, 49.043952999999995], [8.3214948, 49.04378079999999], [8.3216936, 49.0436436], [8.3217701, 49.0436418], [8.3219705, 49.0437616], [8.3220068, 49.04372200000001], [8.3217954, 49.04360069999999], [8.3217523, 49.04358810000001], [8.3217229, 49.043585500000006], [8.3216927, 49.0435838], [8.3216587, 49.0435849], [8.3216302, 49.04359219999999], [8.3215948, 49.04360340000001], [8.3210894, 49.04398479999999], [8.3210829, 49.0439934], [8.3210841, 49.0440009], [8.3210892, 49.044006599999996], [8.3220947, 49.044702300000004], [8.3226524, 49.045182200000006], [8.3234867, 49.0460026], [8.3241749, 49.0457098], [8.3235253, 49.0450426], [8.3228061, 49.04429809999999], [8.3226213, 49.0443971], [8.3225834, 49.0443797], [8.3225358, 49.0443579], [8.3224194, 49.04415029999999]]]}}, {"type": "Feature", "properties": {"klasse": "Acker"}, "geometry": {"type": "Polygon", "coordinates": [[[8.3272406, 49.0263927], [8.326512, 49.02674669999999], [8.3302816, 49.0280954], [8.3305149, 49.02758560000001], [8.3303172, 49.0274939], [8.3302416, 49.0275128], [8.3272406, 49.0263927]]]}}, {"type": "Feature", "properties": {"klasse": "Acker"}, "geometry": {"type": "Polygon", "coordinates": [[[8.3267475, 49.026886499999996], [8.3289494, 49.027708899999986], [8.3289921, 49.0277624], [8.3290071, 49.02775950000001], [8.3290438, 49.02770989999999], [8.3302792, 49.0281658], [8.330286, 49.028113700000006], [8.3265055, 49.026748], [8.3264171, 49.02678929999999], [8.3267475, 49.026886499999996]]]}}, {"type": "Feature", "properties": {"klasse": "Acker"}, "geometry": {"type": "Polygon", "coordinates": [[[8.328556, 49.0282045], [8.3286531, 49.02819639999999], [8.3289795, 49.027793700000004], [8.3289866, 49.027763300000004], [8.3289444, 49.0277109], [8.3267453, 49.0268894], [8.3264099, 49.026793299999994], [8.3256679, 49.0271108], [8.325679, 49.02716469999999], [8.325859, 49.027231699999994], [8.3259923, 49.02725259999999], [8.326258400000002, 49.0271033], [8.3264583, 49.02712549999998], [8.3265867, 49.0272915], [8.326532, 49.0274715], [8.3266065, 49.0274973], [8.3268706, 49.02753219999999], [8.327330500000002, 49.0277237], [8.3274416, 49.027809500000004], [8.328556, 49.0282045]]]}}, {"type": "Feature", "properties": {"klasse": "Acker"}, "geometry": {"type": "Polygon", "coordinates": [[[8.3253763, 49.027323899999985], [8.3249054, 49.0276455], [8.3249724, 49.0277351], [8.3279281, 49.02879589999999], [8.3281614, 49.0287666], [8.3285056, 49.02836369999999], [8.3285173, 49.028305], [8.3267789, 49.02763439999999], [8.326539, 49.027598], [8.326034, 49.02757449999999], [8.325684000000003, 49.027473599999986], [8.3255376, 49.02734989999999], [8.3253763, 49.027323899999985]]]}}, {"type": "Feature", "properties": {"klasse": "Acker"}, "geometry": {"type": "Polygon", "coordinates": [[[8.326453000000003, 49.033386400000005], [8.3266371, 49.0333378], [8.3268626, 49.033302199999994], [8.327038200000002, 49.033258700000005], [8.3271987, 49.033226], [8.3273816, 49.033170199999994], [8.3276748, 49.03309099999999], [8.3276921, 49.0330432], [8.3275419, 49.032475699999985], [8.3275029, 49.0322102], [8.3275375, 49.0320018], [8.327427, 49.032000999999994], [8.3273329, 49.031991], [8.3271617, 49.031957], [8.3270582, 49.03193769999999], [8.3269404, 49.03193069999999], [8.3267986, 49.03193129999999], [8.3266907, 49.0319465], [8.3265997, 49.0319635], [8.3265167, 49.0319863], [8.3263178, 49.03204710000001], [8.3261635, 49.03210680000001], [8.3259369, 49.0322103], [8.3258191, 49.0322536], [8.325705, 49.032285699999996], [8.3255569, 49.0323243], [8.3255167, 49.03233949999999], [8.3254757, 49.0323612], [8.3254436, 49.0323916], [8.3254231, 49.03241560000001], [8.3254079, 49.03245299999999], [8.3254142, 49.0325179], [8.3254516, 49.0326185], [8.3255328, 49.03278460000001], [8.3255746, 49.03291610000001], [8.3256524, 49.033137399999994], [8.3257373, 49.0333648], [8.3257673, 49.0334523], [8.3257987, 49.033457899999995], [8.3258637, 49.033451899999996], [8.325880100000001, 49.0334729], [8.3258529, 49.033501], [8.3258173, 49.03355760000001], [8.3258258, 49.03359269999999], [8.3258468, 49.033643099999985], [8.3258747, 49.033638499999995], [8.3258865, 49.0336366], [8.3258706, 49.0335965], [8.3258699, 49.03356840000001], [8.3258885, 49.03352769999999], [8.3259206, 49.03350249999999], [8.3260084, 49.0334781], [8.3262617, 49.03342760000001], [8.326453000000003, 49.033386400000005]]]}}, {"type": "Feature", "properties": {"klasse": "Acker"}, "geometry": {"type": "Polygon", "coordinates": [[[8.3259886, 49.0338657], [8.3259608, 49.03387959999999], [8.3259429, 49.03390149999999], [8.3259541, 49.03393440000001], [8.3260912, 49.0342948], [8.326161500000001, 49.03447830000001], [8.3261793, 49.03448920000001], [8.3262172, 49.03449139999999], [8.3268665, 49.0344014], [8.3273989, 49.03432009999999], [8.327775200000001, 49.0342497], [8.3283481, 49.0341538], [8.3276623, 49.0335571], [8.327201, 49.033643], [8.3267592, 49.0337234], [8.3265121, 49.03377379999999], [8.3261798, 49.0338291], [8.3260126, 49.0338557], [8.3259886, 49.0338657]]]}}, {"type": "Feature", "properties": {"klasse": "Acker"}, "geometry": {"type": "Polygon", "coordinates": [[[8.3269902, 49.03441120000001], [8.3267326, 49.034444799999996], [8.3263903, 49.0344887], [8.3262984, 49.0345054], [8.3262633, 49.034514299999984], [8.3262354, 49.03452570000001], [8.3262176, 49.034539500000015], [8.3262062, 49.034555700000006], [8.3261989, 49.0345745], [8.3262011, 49.03459130000001], [8.3262331, 49.034675099999994], [8.3263211, 49.0349181], [8.326363, 49.035029800000004], [8.3263827, 49.0350632], [8.3264005, 49.03508070000001], [8.3264335, 49.0351059], [8.3264629, 49.035119899999984], [8.3264977, 49.035128699999994], [8.3265316, 49.03513340000001], [8.3265735, 49.0351357], [8.3266752, 49.0351263], [8.3273229, 49.0350725], [8.3277163, 49.035050299999995], [8.3278081, 49.0350462], [8.3278822, 49.035041], [8.3280906, 49.03501349999999], [8.3282077, 49.0350003], [8.3283437, 49.0349806], [8.3285531, 49.0349468], [8.3287734, 49.0349117], [8.3288725, 49.0348936], [8.3288573, 49.034871399999986], [8.3290553, 49.0348164], [8.3284184, 49.03419240000001], [8.328124, 49.03422749999999], [8.3277237, 49.03429559999999], [8.3275007, 49.0343271], [8.3269902, 49.03441120000001]]]}}, {"type": "Feature", "properties": {"klasse": "Acker"}, "geometry": {"type": "Polygon", "coordinates": [[[8.3277924, 49.0368876], [8.3277339, 49.0369033], [8.3277092, 49.03694459999999], [8.3277137, 49.036957300000005], [8.3287424, 49.038141], [8.3288615, 49.0380884], [8.3284135, 49.037665100000005], [8.32886, 49.037450899999996], [8.328794, 49.037388099999994], [8.328337, 49.0375605], [8.3282239, 49.037428799999994], [8.3283797, 49.03737039999999], [8.3280246, 49.0369338], [8.3280426, 49.03691359999999], [8.3277924, 49.0368876]]]}}, {"type": "Feature", "properties": {"klasse": "Acker"}, "geometry": {"type": "Polygon", "coordinates": [[[8.3282321, 49.0376281], [8.3269836, 49.03813399999999], [8.3273543, 49.03843539999999], [8.3280344, 49.0381518], [8.3282771, 49.037997], [8.3284927, 49.037918499999996], [8.3282321, 49.0376281]]]}}, {"type": "Feature", "properties": {"klasse": "Acker"}, "geometry": {"type": "Polygon", "coordinates": [[[8.3261922, 49.037470799999994], [8.326268, 49.03754609999999], [8.3264157, 49.037640599999996], [8.3265235, 49.03774630000001], [8.3255015, 49.0382899], [8.3269385, 49.03934499999999], [8.327911, 49.03889240000001], [8.3276301, 49.038652099999986], [8.3271505, 49.038310800000005], [8.3269424, 49.03814599999999], [8.3282304, 49.0376232], [8.3275595, 49.0368486], [8.3274138, 49.03684679999999], [8.3266272, 49.03716059999999], [8.3263162, 49.0373261], [8.3261922, 49.037470799999994]]]}}, {"type": "Feature", "properties": {"klasse": "Acker"}, "geometry": {"type": "Polygon", "coordinates": [[[8.3276929, 49.0386956], [8.327941, 49.038585899999994], [8.3282129, 49.0384872], [8.327947, 49.03819789999999], [8.3273694, 49.0384405], [8.3276929, 49.0386956]]]}}, {"type": "Feature", "properties": {"klasse": "Acker"}, "geometry": {"type": "Polygon", "coordinates": [[[8.327948500000002, 49.03892], [8.3289681, 49.0384852], [8.3288194, 49.03828550000001], [8.3279471, 49.0385881], [8.3276962, 49.0386992], [8.327948500000002, 49.03892]]]}}, {"type": "Feature", "properties": {"klasse": "Acker"}, "geometry": {"type": "Polygon", "coordinates": [[[8.3285744, 49.0386641], [8.3288236, 49.03890659999998], [8.3282436, 49.03917080000001], [8.3284804, 49.03936589999999], [8.3294107, 49.038993899999994], [8.3289765, 49.0384935], [8.3285744, 49.0386641]]]}}, {"type": "Feature", "properties": {"klasse": "Acker"}, "geometry": {"type": "Polygon", "coordinates": [[[8.325961, 49.0392614], [8.3262764, 49.039418999999995], [8.3263616, 49.039413999999994], [8.3267057, 49.03920769999999], [8.3262727, 49.0388966], [8.325961, 49.0392614]]]}}, {"type": "Feature", "properties": {"klasse": "Acker"}, "geometry": {"type": "Polygon", "coordinates": [[[8.3278855, 49.0389139], [8.326962200000002, 49.03933850000001], [8.327469, 49.0396995], [8.328358, 49.039304099999995], [8.3278855, 49.0389139]]]}}, {"type": "Feature", "properties": {"klasse": "Acker"}, "geometry": {"type": "Polygon", "coordinates": [[[8.3283551, 49.0402096], [8.3282495, 49.04027049999999], [8.328316, 49.0403173], [8.3294726, 49.03971479999999], [8.3292624, 49.039529599999995], [8.3291949, 49.039534800000006], [8.3291284, 49.03947449999999], [8.3291607, 49.0393784], [8.3289466, 49.039201500000004], [8.3282769, 49.039461700000004], [8.3285467, 49.03969750000001], [8.328053, 49.039973100000005], [8.3283551, 49.0402096]]]}}, {"type": "Feature", "properties": {"klasse": "Acker"}, "geometry": {"type": "Polygon", "coordinates": [[[8.3253984, 49.0400585], [8.3260348, 49.04053329999999], [8.326093, 49.0404783], [8.3259929, 49.04042059999999], [8.3269728, 49.03945559999999], [8.3270858, 49.03952400000001], [8.3271166, 49.0394982], [8.3267093, 49.039208400000014], [8.3263626, 49.0394163], [8.3262744, 49.0394213], [8.326063900000001, 49.039322000000006], [8.3253984, 49.0400585]]]}}, {"type": "Feature", "properties": {"klasse": "Acker"}, "geometry": {"type": "Polygon", "coordinates": [[[8.3270809, 49.039528], [8.3269726, 49.0394622], [8.3260007, 49.0404197], [8.3260902, 49.04047239999999], [8.3270809, 49.039528]]]}}, {"type": "Feature", "properties": {"klasse": "Acker"}, "geometry": {"type": "Polygon", "coordinates": [[[8.3284022, 49.040381999999994], [8.3288489, 49.040125799999984], [8.329538, 49.039778], [8.329471, 49.0397202], [8.3283229, 49.040319800000006], [8.3284022, 49.040381999999994]]]}}, {"type": "Feature", "properties": {"klasse": "Acker"}, "geometry": {"type": "Polygon", "coordinates": [[[8.3272143, 49.03956989999999], [8.327116, 49.0395033], [8.326045, 49.0405356], [8.3261343, 49.0406051], [8.3272143, 49.03956989999999]]]}}, {"type": "Feature", "properties": {"klasse": "Acker"}, "geometry": {"type": "Polygon", "coordinates": [[[8.3300508, 49.0423134], [8.3302602, 49.0425099], [8.3308229, 49.04214939999999], [8.3283324, 49.0403997], [8.3280647, 49.04020059999999], [8.3276016, 49.0398514], [8.3272234, 49.0395722], [8.3266437, 49.0401266], [8.3261409, 49.0406118], [8.3265098, 49.04086100000001], [8.3269652, 49.0411723], [8.3272094, 49.041349], [8.328599, 49.042353199999994], [8.3291245, 49.041950899999996], [8.3297146, 49.042116199999995], [8.3300508, 49.0423134]]]}}, {"type": "Feature", "properties": {"klasse": "Acker"}, "geometry": {"type": "Polygon", "coordinates": [[[8.328857700000002, 49.04012719999999], [8.3284109, 49.0403861], [8.3285752, 49.0405072], [8.3286612, 49.0404309], [8.3289428, 49.040620000000004], [8.3297797, 49.0401316], [8.3297122, 49.0400791], [8.3292214, 49.04035849999999], [8.3291051, 49.040272], [8.3292038, 49.04021749999999], [8.3291197, 49.04014959999999], [8.3289829, 49.0402252], [8.328857700000002, 49.04012719999999]]]}}, {"type": "Feature", "properties": {"klasse": "Acker"}, "geometry": {"type": "Polygon", "coordinates": [[[8.3278207, 49.0444623], [8.3276754, 49.04433909999999], [8.3269508, 49.044795], [8.328046, 49.0457043], [8.3286077, 49.0462669], [8.3293051, 49.0459557], [8.3321214, 49.048877499999996], [8.332174, 49.04891899999999], [8.3324471, 49.0491695], [8.3328145, 49.0495029], [8.332852118624178, 49.04953422365923], [8.332852118624178, 49.047830257445504], [8.332852118624178, 49.047672946941276], [8.332852118624178, 49.04550300793368], [8.332852118624178, 49.045417711096356], [8.332852118624178, 49.0436094272047], [8.332852118624178, 49.04350191062257], [8.332852118624178, 49.042717329043306], [8.3321885, 49.042024], [8.3318259, 49.0416524], [8.3301369, 49.04275919999999], [8.3302045, 49.04284289999999], [8.3302271, 49.04317079999999], [8.3301413, 49.04335329999999], [8.3297704, 49.0435204], [8.3294403, 49.043196899999984], [8.3291327, 49.0433653], [8.3290877, 49.043321299999995], [8.3276431, 49.044247899999995], [8.3278771, 49.04443469999998], [8.3278207, 49.0444623]]]}}, {"type": "Feature", "properties": {"klasse": "Acker"}, "geometry": {"type": "Polygon", "coordinates": [[[8.3277712, 49.04583610000001], [8.3278085, 49.0458392], [8.3278381, 49.045831], [8.327849, 49.04581369999999], [8.3278318, 49.0457831], [8.3276404, 49.04561], [8.3273962, 49.0453908], [8.3270178, 49.0450808], [8.3267459, 49.0448936], [8.3261425, 49.0452641], [8.3262218, 49.0452947], [8.3263774, 49.0453314], [8.3265656, 49.045364], [8.3269234, 49.0454568], [8.3271256, 49.045523100000004], [8.3273558, 49.04562099999998], [8.3276965, 49.04580349999999], [8.3277712, 49.04583610000001]]]}}, {"type": "Feature", "properties": {"klasse": "Acker"}, "geometry": {"type": "Polygon", "coordinates": [[[8.3317706, 49.0251027], [8.332361, 49.02477849999999], [8.3306128, 49.023403699999996], [8.3305077, 49.02348759999999], [8.3305134, 49.02383499999999], [8.3305385, 49.023954799999984], [8.330656200000002, 49.02441379999999], [8.3307338, 49.024559100000005], [8.3308765, 49.0246901], [8.3315537, 49.02501810000001], [8.3317706, 49.0251027]]]}}, {"type": "Feature", "properties": {"klasse": "Acker"}, "geometry": {"type": "Polygon", "coordinates": [[[8.3300589, 49.02443619999999], [8.3313076, 49.0250391], [8.3316399, 49.0251681], [8.3317487, 49.02510650000001], [8.3315431, 49.025023499999996], [8.3308695, 49.02469709999999], [8.3307205, 49.0245613], [8.3306475, 49.02441569999999], [8.3305611, 49.024110799999995], [8.3303793, 49.02400819999999], [8.3300589, 49.02443619999999]]]}}, {"type": "Feature", "properties": {"klasse": "Acker"}, "geometry": {"type": "Polygon", "coordinates": [[[8.329821300000003, 49.024784700000005], [8.3314702, 49.02535829999999], [8.3316118, 49.0251696], [8.331295500000001, 49.0250445], [8.3300531, 49.02444700000001], [8.329821300000003, 49.024784700000005]]]}}, {"type": "Feature", "properties": {"klasse": "Acker"}, "geometry": {"type": "Polygon", "coordinates": [[[8.3301808, 49.024998499999995], [8.3301286, 49.025057000000004], [8.3297074, 49.0249025], [8.3295269, 49.02485899999999], [8.3291508, 49.025168099999995], [8.3290776, 49.02523729999999], [8.3291473, 49.02532109999999], [8.3309943, 49.02603989999999], [8.3311611, 49.0260343], [8.3313739, 49.025562199999996], [8.3313398, 49.0254997], [8.3313722, 49.0254151], [8.3315099, 49.0254227], [8.331524, 49.02539960000001], [8.3314679, 49.0253687], [8.329803, 49.02478289999999], [8.3297893, 49.02481499999999], [8.3298911, 49.0248907], [8.3301808, 49.024998499999995]]]}}, {"type": "Feature", "properties": {"klasse": "Acker"}, "geometry": {"type": "Polygon", "coordinates": [[[8.3309946, 49.026044000000006], [8.329165, 49.025333399999994], [8.3290601, 49.0254183], [8.3309576, 49.0261423], [8.3311119, 49.02615529999999], [8.3311594, 49.02603849999999], [8.3309946, 49.026044000000006]]]}}, {"type": "Feature", "properties": {"klasse": "Acker"}, "geometry": {"type": "Polygon", "coordinates": [[[8.3294759, 49.0262107], [8.3296342, 49.026275399999996], [8.3298163, 49.02627539999999], [8.3299559, 49.026302199999996], [8.3300614, 49.02635349999999], [8.3301432, 49.02639820000002], [8.3302572, 49.0263759], [8.3304172, 49.02637360000001], [8.3305466, 49.0264584], [8.3305534, 49.026649299999995], [8.3306759, 49.0267085], [8.330853, 49.02672630000001], [8.3311134, 49.02615930000001], [8.3309551, 49.0261459], [8.3290469, 49.0254182], [8.3288461, 49.02539920000001], [8.3284545, 49.0257006], [8.3283967, 49.02576199999999], [8.3284239, 49.025840099999996], [8.3291082, 49.02609009999999], [8.329366900000002, 49.02615930000001], [8.3294759, 49.0262107]]]}}, {"type": "Feature", "properties": {"klasse": "Acker"}, "geometry": {"type": "Polygon", "coordinates": [[[8.328045, 49.02588179999999], [8.3275324, 49.02616030000001], [8.3277499, 49.0262834], [8.3279679, 49.026366199999984], [8.3280877, 49.026421600000006], [8.3282729, 49.02642219999999], [8.3284398, 49.026440699999995], [8.3288422, 49.0265824], [8.3289346, 49.0267231], [8.3289867, 49.0267554], [8.3293905, 49.026808100000004], [8.3298361, 49.0270133], [8.3298867, 49.0271579], [8.3305126, 49.027390499999996], [8.330605, 49.027437400000004], [8.3308181, 49.026875499999996], [8.3308452, 49.02682469999999], [8.330813, 49.0267917], [8.3308417, 49.0267285], [8.3307572, 49.02672079999999], [8.330729, 49.0268083], [8.3306072, 49.02679129999999], [8.3282446, 49.025918999999995], [8.328045, 49.02588179999999]]]}}, {"type": "Feature", "properties": {"klasse": "Acker"}, "geometry": {"type": "Polygon", "coordinates": [[[8.3314132, 49.028590599999994], [8.3315308, 49.02824869999999], [8.3312373, 49.02798800000001], [8.331154200000002, 49.02790519999999], [8.3310719, 49.0278296], [8.3310149, 49.02778680000001], [8.3309531, 49.02775710000001], [8.3308763, 49.02773099999999], [8.330774, 49.027939399999994], [8.330665, 49.02818609999999], [8.3309788, 49.0283512], [8.3314132, 49.028590599999994]]]}}, {"type": "Feature", "properties": {"klasse": "Acker"}, "geometry": {"type": "Polygon", "coordinates": [[[8.3328311, 49.02878649999999], [8.332852118624178, 49.02879495740904], [8.332852118624178, 49.02875892428365], [8.3328311, 49.02878649999999]]]}}, {"type": "Feature", "properties": {"klasse": "Acker"}, "geometry": {"type": "Polygon", "coordinates": [[[8.332852118624178, 49.028855203521154], [8.3325847, 49.02917289999999], [8.3326798, 49.0292976], [8.332713900000002, 49.02933440000001], [8.3327975, 49.029438999999996], [8.332852118624178, 49.0295082857497], [8.332852118624178, 49.028855203521154]]]}}, {"type": "Feature", "properties": {"klasse": "Acker"}, "geometry": {"type": "Polygon", "coordinates": [[[8.3313582, 49.0292238], [8.3313145, 49.029248999999986], [8.3312797, 49.0292858], [8.331165500000001, 49.029413899999994], [8.3309688, 49.02964029999999], [8.3311291, 49.0296182], [8.3312484, 49.02963209999999], [8.33138, 49.029652600000006], [8.3315171, 49.02966579999999], [8.3315673, 49.0296833], [8.3314324, 49.02989459999999], [8.3312562, 49.0301805], [8.3311068, 49.03052769999999], [8.330963, 49.03081869999999], [8.3307823, 49.031231], [8.3306284, 49.031576099999995], [8.3305437, 49.03183119999999], [8.3304735, 49.03200449999999], [8.3303497, 49.0323028], [8.3302794, 49.0324673], [8.3302393, 49.03263729999999], [8.3303012, 49.032617999999985], [8.330427, 49.032208100000005], [8.3306274, 49.031650699999986], [8.3307807, 49.031280599999995], [8.331002, 49.0307917], [8.331211, 49.03039189999999], [8.3313609, 49.0301268], [8.3316013, 49.02973840000001], [8.3319184, 49.0292609], [8.3321745, 49.028923899999995], [8.3324794, 49.028556099999996], [8.332852118624178, 49.028132506133204], [8.332852118624178, 49.02808963095195], [8.3328313, 49.0281117], [8.3325596, 49.0284122], [8.3323435, 49.02866229999999], [8.3321691, 49.02888589999999], [8.3320864, 49.0290016], [8.331890800000002, 49.029251], [8.3316852, 49.029118999999994], [8.3315305, 49.029167400000006], [8.3314348, 49.0291927], [8.3313582, 49.0292238]]]}}, {"type": "Feature", "properties": {"klasse": "Acker"}, "geometry": {"type": "Polygon", "coordinates": [[[8.3297877, 49.035323600000005], [8.3298492, 49.035665300000005], [8.3300318, 49.03570560000001], [8.3301259, 49.035727099999995], [8.3302288, 49.0357528], [8.3302481, 49.0356733], [8.3302824, 49.0352188], [8.3302704, 49.0351973], [8.330222300000003, 49.03519589999999], [8.3301794, 49.03520749999999], [8.3299677, 49.03528680000001], [8.3299207, 49.03529609999999], [8.3297877, 49.035323600000005]]]}}, {"type": "Feature", "properties": {"klasse": "Acker"}, "geometry": {"type": "Polygon", "coordinates": [[[8.3303449, 49.0354624], [8.3303396, 49.0355642], [8.3304775, 49.03557820000001], [8.330875, 49.0356203], [8.331124, 49.03549309999999], [8.331124, 49.03544740000001], [8.3303449, 49.0354624]]]}}, {"type": "Feature", "properties": {"klasse": "Acker"}, "geometry": {"type": "Polygon", "coordinates": [[[8.3282602, 49.036219700000004], [8.3282682, 49.0363059], [8.3282998, 49.03645929999999], [8.3283195, 49.036522100000006], [8.3283636, 49.03657210000001], [8.3285185, 49.03672610000001], [8.3292702, 49.03681129999999], [8.3298844, 49.03684759999999], [8.3301168, 49.03685399999999], [8.3302921, 49.03685339999999], [8.330316, 49.0368217], [8.3301955, 49.0366899], [8.3301312, 49.036583199999995], [8.3301017, 49.03648770000001], [8.330099, 49.036354], [8.3300534, 49.03632940000001], [8.329651, 49.03641259999999], [8.329561, 49.036426899999995], [8.329553, 49.0364022], [8.3295277, 49.036324199999996], [8.3293821, 49.03589569999999], [8.3293149, 49.0358824], [8.3291575, 49.035851099999995], [8.3291441, 49.03581950000001], [8.328951, 49.035787799999994], [8.3285674, 49.0357562], [8.3283916, 49.03585800000001], [8.3284467, 49.03592319999999], [8.3284453, 49.0360034], [8.3283353, 49.0361247], [8.3282602, 49.036219700000004]]]}}, {"type": "Feature", "properties": {"klasse": "Acker"}, "geometry": {"type": "Polygon", "coordinates": [[[8.3314888, 49.03672590000001], [8.3319174, 49.036688199999986], [8.3320254, 49.0366642], [8.3320725, 49.03663679999998], [8.3321387, 49.036560300000005], [8.3311299, 49.036264499999994], [8.3303598, 49.0363204], [8.3303825, 49.03655], [8.3302553, 49.0365523], [8.3302588, 49.036577400000006], [8.3302901, 49.0366197], [8.3303581, 49.0366905], [8.330433, 49.036751], [8.3304975, 49.0367762], [8.3305811, 49.03678190000001], [8.3309592, 49.036759], [8.3314888, 49.03672590000001]]]}}, {"type": "Feature", "properties": {"klasse": "Acker"}, "geometry": {"type": "Polygon", "coordinates": [[[8.332852118624178, 49.03791556547305], [8.332852118624178, 49.037019843114535], [8.332852118624178, 49.036884795928906], [8.3328074, 49.03691299999999], [8.3327445, 49.03698270000001], [8.3321015, 49.0376864], [8.3323786, 49.0377751], [8.3327301, 49.0378602], [8.332852118624178, 49.03791556547305]]]}}, {"type": "Feature", "properties": {"klasse": "Acker"}, "geometry": {"type": "Polygon", "coordinates": [[[8.3328442, 49.0368273], [8.332852118624178, 49.03682506799402], [8.332852118624178, 49.0367531952974], [8.3325215, 49.03681599999999], [8.3317409, 49.036917], [8.331409, 49.0369714], [8.3308704, 49.037020000000005], [8.3308305, 49.037039799999995], [8.3308445, 49.0370953], [8.3308942, 49.03712989999999], [8.3315526, 49.03741339999999], [8.3317135, 49.0374892], [8.3317922, 49.0375493], [8.3318583, 49.03760849999999], [8.3319567, 49.0376425], [8.3320635, 49.03766540000001], [8.3328442, 49.0368273]]]}}, {"type": "Feature", "properties": {"klasse": "Acker"}, "geometry": {"type": "Polygon", "coordinates": [[[8.328829, 49.0373315], [8.328835, 49.03735509999999], [8.3289084, 49.037417999999995], [8.3296327, 49.0370821], [8.3294932, 49.0370746], [8.3288373, 49.0373254], [8.328829, 49.0373315]]]}}, {"type": "Feature", "properties": {"klasse": "Acker"}, "geometry": {"type": "Polygon", "coordinates": [[[8.3310852, 49.0394044], [8.331722, 49.0390297], [8.3323918, 49.03862600000001], [8.3323895, 49.0386137], [8.3309556, 49.03928559999999], [8.3310852, 49.0394044]]]}}, {"type": "Feature", "properties": {"klasse": "Acker"}, "geometry": {"type": "Polygon", "coordinates": [[[8.3309054, 49.0393396], [8.3306686, 49.0394717], [8.3308095, 49.0395704], [8.331026, 49.0394398], [8.3309054, 49.0393396]]]}}, {"type": "Feature", "properties": {"klasse": "Acker"}, "geometry": {"type": "Polygon", "coordinates": [[[8.3299143, 49.040061900000005], [8.3288388, 49.040686099999995], [8.328917, 49.040743199999994], [8.3299534, 49.0401439], [8.3299759, 49.0401132], [8.3299143, 49.040061900000005]]]}}, {"type": "Feature", "properties": {"klasse": "Acker"}, "geometry": {"type": "Polygon", "coordinates": [[[8.3308869, 49.0403304], [8.3304646, 49.04004179999999], [8.3303374, 49.039967499999996], [8.3289465, 49.04076919999999], [8.3290689, 49.040855900000004], [8.3294816, 49.0411551], [8.3303973, 49.04180589999999], [8.3308518, 49.04211349999999], [8.3322048, 49.04125470000001], [8.3315544, 49.04081849999999], [8.3308869, 49.0403304]]]}}, {"type": "Feature", "properties": {"klasse": "Acker"}, "geometry": {"type": "Polygon", "coordinates": [[[8.3327003, 49.0408523], [8.3324074, 49.041032999999985], [8.3323398, 49.0410777], [8.3323285, 49.0411141], [8.3323779, 49.0411419], [8.3328158, 49.04086469999999], [8.3327743, 49.04082940000001], [8.3327003, 49.0408523]]]}}, {"type": "Feature", "properties": {"klasse": "Acker"}, "geometry": {"type": "Polygon", "coordinates": [[[8.332497, 49.0411873], [8.3324719, 49.0412011], [8.3324379, 49.04119849999999], [8.3324152, 49.04117780000001], [8.3318407, 49.0415548], [8.3318463, 49.0415986], [8.3319761, 49.04175330000001], [8.3324026, 49.0421751], [8.332852118624178, 49.04190731251296], [8.332852118624178, 49.04123890714275], [8.3328206, 49.041259], [8.3327488, 49.041300400000004], [8.3326181, 49.04121680000001], [8.332852118624178, 49.04106799780271], [8.332852118624178, 49.040900985509474], [8.3324929, 49.0411268], [8.3325067, 49.041154999999996], [8.332497, 49.0411873]]]}}, {"type": "Feature", "properties": {"klasse": "Acker"}, "geometry": {"type": "Polygon", "coordinates": [[[8.328201, 49.0465063], [8.328179, 49.0465308], [8.328212, 49.0468553], [8.3282626, 49.0472734], [8.3282538, 49.047409], [8.328225, 49.0475161], [8.3286517, 49.04795589999999], [8.3293843, 49.04870139999999], [8.3300135, 49.04932569999999], [8.3300817, 49.04935309999998], [8.3301477, 49.0493819], [8.3302401, 49.049449700000004], [8.3304139, 49.0495853], [8.3306034, 49.04950259999999], [8.3308849, 49.0493829], [8.3309773, 49.04933530000001], [8.3309949, 49.0493209], [8.3309575, 49.049261800000004], [8.3301304, 49.048390899999994], [8.3295606, 49.04779539999999], [8.3288214, 49.0470643], [8.3282758, 49.04654089999998], [8.328201, 49.0465063]]]}}, {"type": "Feature", "properties": {"klasse": "Fluss"}, "geometry": {"type": "Polygon", "coordinates": [[[8.304007617092521, 49.012273738812276], [8.304040777587497, 49.01280426525365], [8.304055802550367, 49.01325869032186], [8.304055938182408, 49.01325994775301], [8.304055907250365, 49.01326120818208], [8.304182899687323, 49.01579559258652], [8.3033174, 49.01581449999999], [8.3029699, 49.015824499999994], [8.3029628, 49.015757900000004], [8.3023287, 49.0157761], [8.3022463, 49.0157464], [8.3021862, 49.01570319999999], [8.3020922, 49.01568329999999], [8.3019759, 49.015640499999996], [8.3018309, 49.01554639999999], [8.3017624, 49.01548689999999], [8.301713, 49.0154221], [8.3016684, 49.01532799999999], [8.3011622, 49.01393259999998], [8.3011278, 49.0138862], [8.3011063, 49.0138721], [8.3010795, 49.01386419999999], [8.3009434, 49.0138682], [8.3009152, 49.0138646], [8.300879, 49.01385230000001], [8.3008455, 49.0138409], [8.3007999, 49.0138361], [8.3007013, 49.01383909999999], [8.3006735, 49.013836899999994], [8.3006597, 49.013833899999995], [8.300648, 49.01382660000001], [8.3005823, 49.01383390000001], [8.3005695, 49.01382509999999], [8.3005484, 49.013817399999986], [8.3005336, 49.0138145], [8.3004116, 49.013835], [8.3002668, 49.0138671], [8.3000764, 49.0139194], [8.2999191, 49.01398100000001], [8.2998018, 49.01403750000001], [8.2996938, 49.014105], [8.2996455, 49.0141437], [8.299614300000002, 49.0141784], [8.2995939, 49.014219099999984], [8.2995922, 49.01425319999999], [8.2995969, 49.0142855], [8.2996058, 49.0143171], [8.3003646, 49.0162657], [8.3005207, 49.0165154], [8.3005286, 49.0165361], [8.3005309, 49.0165571], [8.3005247, 49.01657819999999], [8.300514, 49.0165922], [8.3004847, 49.01660809999999], [8.3004531, 49.0166129], [8.3004109, 49.0166088], [8.3003822, 49.01659589999999], [8.3003647, 49.0165834], [8.2998558, 49.01526049999998], [8.2995977, 49.01457919999999], [8.2993356, 49.01392779999999], [8.2993421, 49.01391869999999], [8.2993045, 49.0138229], [8.2992864, 49.0138211], [8.2991672, 49.0135525], [8.2991869, 49.013485499999994], [8.299141, 49.01337959999999], [8.2991278, 49.013349399999996], [8.299093600000003, 49.013272], [8.299173, 49.01325829999999], [8.2994071, 49.013072599999994], [8.2996459, 49.01302919999999], [8.2996477, 49.0130126], [8.3004968, 49.01287449999999], [8.3006318, 49.0128655], [8.3008122, 49.0128652], [8.3009164, 49.01274860000001], [8.3009303, 49.01274299999999], [8.3008344, 49.012493199999994], [8.300704, 49.012449999999994], [8.3006064, 49.012533600000005], [8.3004941, 49.01257050000001], [8.3003323, 49.0126011], [8.2998037, 49.01270089999999], [8.299243, 49.01279100000001], [8.2992297, 49.012831], [8.2989833, 49.0128219], [8.2989034, 49.012838899999984], [8.2988928, 49.0128126], [8.2988602, 49.012817399999996], [8.2987332, 49.0125351], [8.2986917, 49.012535099999994], [8.2986555, 49.0125148], [8.2986152, 49.0124392], [8.2985455, 49.0122501], [8.29850730525517, 49.012154796766495], [8.30058103965818, 49.01211106754872], [8.300747426278358, 49.01210756783374], [8.300780865696485, 49.01210578102704], [8.300813877843142, 49.0121018467817], [8.300846144789235, 49.012095802987105], [8.300877355782719, 49.01208770784905], [8.30090721024147, 49.012077639329085], [8.300935420648168, 49.012065694393684], [8.300961715319348, 49.01205198808041], [8.300985841021925, 49.012036652389924], [8.301007565412023, 49.01201983501471], [8.301026679272555, 49.0120016979167], [8.301042998528096, 49.0119824157674], [8.301056366017557, 49.01196217426565], [8.30106665300765, 49.01194116834923], [8.30107376043255, 49.01191960031745], [8.301077619847815, 49.01189767788283], [8.301077948227508, 49.01188505961887], [8.300911638604706, 49.01188505961887], [8.300228625221516, 49.01188505961887], [8.298803774365439, 49.01188505961887], [8.29846556077753, 49.01188505961887], [8.298134919993805, 49.01188505961887], [8.297849607263325, 49.01188505961887], [8.297196360382298, 49.01188505961887], [8.297107636458561, 49.01188505961887], [8.2948025653348, 49.01188505961887], [8.2950482, 49.012408799999996], [8.2952646, 49.0128703], [8.295503, 49.01339539999999], [8.2958628, 49.014187899999996], [8.2959558, 49.01441189999999], [8.2963722, 49.01541499999999], [8.2967621, 49.0163945], [8.2971467, 49.01742629999999], [8.2973698, 49.0180622], [8.2974817, 49.01842909999999], [8.2978221, 49.01946120000001], [8.2981322, 49.0204828], [8.298385, 49.0213929], [8.2984395, 49.02157830000001], [8.2984563, 49.02168029999999], [8.2986457, 49.022373599999995], [8.2986689, 49.02241939999999], [8.2986966, 49.0225681], [8.2987848, 49.0226274], [8.2988024, 49.02268419999999], [8.2988157, 49.02273310000001], [8.2987902, 49.022817199999984], [8.2989239, 49.0233388], [8.2989693, 49.023474300000004], [8.2990381, 49.0235293], [8.299001, 49.02356919999998], [8.2989442, 49.023630200000014], [8.2991182, 49.0243246], [8.299276, 49.0251882], [8.2993952, 49.02586959999999], [8.299422, 49.026052799999995], [8.2994921, 49.026503700000006], [8.299613, 49.0271727], [8.2997162, 49.0278332], [8.299801, 49.02851389999999], [8.2999329, 49.02940079999999], [8.2999687, 49.0296671], [8.3000271, 49.0299373], [8.3000958, 49.030473699999995], [8.3001814, 49.03100820000001], [8.3002891, 49.0315721], [8.3004554, 49.0324429], [8.3008532, 49.034316999999994], [8.3013304, 49.0361613], [8.3017237, 49.037532000000006], [8.3022011, 49.0390916], [8.3021123, 49.0391577], [8.3022193, 49.03949], [8.3022633, 49.0395262], [8.3023068, 49.03953289999998], [8.3023551, 49.03952940000001], [8.3023773, 49.039552799999996], [8.3027349, 49.040542400000014], [8.3029983, 49.041212099999996], [8.303502, 49.0425008], [8.3035749, 49.0427018], [8.3036533, 49.04288030000001], [8.303835765527303, 49.04330323181839], [8.303614782134414, 49.043357762414274], [8.303599767769725, 49.04336203099353], [8.30358473721971, 49.0433662748896], [8.303584362399347, 49.04336641073557], [8.30358396955269, 49.043366522421756], [8.3035696639329, 49.04337173789406], [8.303555338522662, 49.043376929845955], [8.303554985761835, 49.04337708918927], [8.303554611459234, 49.043377225650666], [8.303541152354251, 49.04338333778845], [8.303527670044065, 49.04338942779569], [8.30213986772091, 49.04408456978186], [8.301755946951259, 49.04425252888979], [8.301360488026344, 49.04440209273238], [8.300414125139234, 49.044693903268744], [8.300384467279116, 49.04470424414551], [8.300356494097278, 49.0447164461758], [8.300330474989034, 49.04473039184868], [8.300306660531712, 49.04474594686109], [8.300285280071499, 49.04476296141118], [8.300266539514704, 49.04478127164092], [8.300250619344746, 49.044800701214115], [8.300237672883936, 49.044821063014545], [8.300227824816808, 49.044842160947965], [8.300221169989218, 49.04486379183057], [8.300217772494797, 49.044885747345674], [8.30021766505753, 49.04490781605], [8.300220848716451, 49.0449297854099], [8.30022729281547, 49.044951443848134], [8.30023693529843, 49.04497258278162], [8.300249683306605, 49.04499299863009], [8.30026541407283, 49.045012494776806], [8.300283976103692, 49.04503088346202], [8.300305190638406, 49.04504798759139], [8.300328853370315, 49.04506364244136], [8.30035473641443, 49.04507769724577], [8.3003825905021, 49.04509001664778], [8.300412147381614, 49.04510048200349], [8.3004431224017, 49.04510899252461], [8.300475217252941, 49.04511546624914], [8.30050812284079, 49.045119840830765], [8.300541522262444, 49.04512207413929], [8.300575093858958, 49.045122144666436], [8.300608514313147, 49.045120051732965], [8.300641461763488, 49.04511581549522], [8.300673618903977, 49.045109476751], [8.300704676040121, 49.04510109654663], [8.301663979120455, 49.04480529536337], [8.301689296447671, 49.04479662370664], [8.302106797552453, 49.044638723099766], [8.302116166452452, 49.04463476528479], [8.302125729260203, 49.04463101322809], [8.302528030115539, 49.04445501257691], [8.302536821006383, 49.04445074317751], [8.302545829286567, 49.04444667431079], [8.30390231524434, 49.043767215789444], [8.304023084903466, 49.043737414239324], [8.30405, 49.0437998], [8.3050966, 49.04610110000001], [8.3061128, 49.048032299999996], [8.3065846, 49.0489189], [8.3067762, 49.04926689999999], [8.3069588, 49.04959329999999], [8.3073379, 49.050271], [8.3074671, 49.050501999999994], [8.3077315, 49.0509319], [8.3081898, 49.0516773], [8.3085693, 49.052346299999996], [8.308623, 49.05242390000001], [8.309033, 49.053061500000005], [8.309329006677926, 49.053453775110945], [8.310960937306609, 49.053453775110945], [8.311741144922916, 49.053453775110945], [8.313044854269027, 49.053453775110945], [8.3127126, 49.05295139999999], [8.3125801, 49.052759900000005], [8.3122112, 49.0521736], [8.3117766, 49.0514812], [8.3113388, 49.0507986], [8.3109118, 49.050117500000006], [8.3104432, 49.04935909999998], [8.3102397, 49.0489821], [8.310225, 49.0489459], [8.3102389, 49.048914], [8.3103062, 49.04886200000001], [8.3101462, 49.048682299999996], [8.3101241, 49.0486351], [8.3100804, 49.048634699999994], [8.3100423, 49.0486201], [8.3099528, 49.04847639999999], [8.3094086, 49.0475098], [8.3092579, 49.047241099999994], [8.3089477, 49.04663349999999], [8.3088603, 49.04646749999999], [8.3086518, 49.04607149999999], [8.3083071, 49.045358400000005], [8.3078161, 49.0443426], [8.3074056, 49.04349340000001], [8.3073487, 49.043359499999994], [8.3069623, 49.0423647], [8.3067703, 49.041931999999996], [8.3064598, 49.041315], [8.306448100000003, 49.041292999999996], [8.3060812, 49.040339800000005], [8.3059392, 49.03993210000001], [8.305736, 49.039308000000005], [8.3056332, 49.0389907], [8.305625, 49.0389663], [8.3056959, 49.03895510000001], [8.305704, 49.0389538], [8.3057135, 49.038952299999984], [8.3057122, 49.0389488], [8.3057109, 49.038945299999995], [8.3057014, 49.0389469], [8.3056933, 49.03894819999999], [8.3056224, 49.0389593], [8.3056056, 49.0389087], [8.305393, 49.03825439999999], [8.3050605, 49.0372331], [8.3047833, 49.036209], [8.3047499, 49.03608549999999], [8.3046969, 49.03586459999998], [8.3045242, 49.03514550000001], [8.304275, 49.0341077], [8.3041658, 49.0336532], [8.3040449, 49.033073599999994], [8.303824, 49.0320155], [8.3037151, 49.0314937], [8.3036465, 49.0310526], [8.3035017, 49.0301227], [8.303381, 49.029347099999995], [8.3033559, 49.02917020000001], [8.3032264, 49.0282579], [8.3031359, 49.02761949999999], [8.3030387, 49.0269344], [8.3029421, 49.02625350000001], [8.3028728, 49.0257652], [8.3028484, 49.0255937], [8.3027094, 49.0249283], [8.3025919, 49.0243657], [8.3024704, 49.023784500000005], [8.3023872, 49.023398], [8.3023098, 49.0231943], [8.3022785, 49.0231786], [8.3022243, 49.0231512], [8.3022967, 49.02297209999999], [8.3022623, 49.0228245], [8.3022163, 49.0226094], [8.3022433, 49.022545799999996], [8.3022703, 49.0224609], [8.3022629, 49.0223842], [8.3022482, 49.0223361], [8.3022403, 49.0223104], [8.302232, 49.022276899999994], [8.3021825, 49.0222141], [8.302116, 49.022155], [8.3020642, 49.02209520000001], [8.3020274, 49.02192169999999], [8.301997000000002, 49.0218086], [8.3019347, 49.0215703], [8.3017904, 49.021016599999996], [8.3016357, 49.02049980000001], [8.3014808, 49.0199989], [8.3013049, 49.01942999999999], [8.3009821, 49.018384299999994], [8.300947, 49.0182854], [8.300935400000002, 49.01807079999999], [8.3009985, 49.0178684], [8.3011292, 49.01763189999999], [8.3012619, 49.01739109999999], [8.3013645, 49.01726639999999], [8.3014932, 49.0171426], [8.3017, 49.0169761], [8.3018446, 49.01688469999999], [8.3020008, 49.0168136], [8.3022503, 49.01673079999999], [8.302483, 49.01667], [8.3026716, 49.016643800000004], [8.3030362, 49.01662939999999], [8.303483022695007, 49.01662162866241], [8.303537045967001, 49.01672537074546], [8.303537368620676, 49.01672591805415], [8.303537864170178, 49.016734172991804], [8.303538007280002, 49.01673630119393], [8.303538701337098, 49.01674562224576], [8.303567992810434, 49.017144743287666], [8.303568045595688, 49.01714509890295], [8.303568046856407, 49.01714545620836], [8.303617542536808, 49.01777815633386], [8.303620066140189, 49.01779620343307], [8.3036247910334, 49.017814058268854], [8.30371958918409, 49.01810285853267], [8.303728790523364, 49.01812523084509], [8.303741443925887, 49.01814686146138], [8.303757414998833, 49.01816752063352], [8.30377653411037, 49.01818698893125], [8.303878233858395, 49.01827968917238], [8.303897450434642, 49.01829563238048], [8.303918779164547, 49.018310368035266], [8.304003079182646, 49.01836356820684], [8.304027240215234, 49.01837744433182], [8.304053271963461, 49.01838977024237], [8.304080945325964, 49.018400437459434], [8.304110016753226, 49.01840935210187], [8.304258617264818, 49.01844945226993], [8.304295256087162, 49.01845777714988], [8.30433309212591, 49.01846332087175], [8.304574761966794, 49.01848937560593], [8.304906124166164, 49.018530602537204], [8.304953552506515, 49.01854223593027], [8.304928065517917, 49.01864975906625], [8.304925932511155, 49.01866042942367], [8.304903031566633, 49.018800929352466], [8.3049010960025, 49.01882682062841], [8.304903703496738, 49.01885268639053], [8.304935602367124, 49.01902118647838], [8.304942459071299, 49.01904597895198], [8.30495349005049, 49.019070111228345], [8.30505958896905, 49.01926241151642], [8.305070977927342, 49.01928054460181], [8.305166877261904, 49.019416144854254], [8.305186037480922, 49.01943951948045], [8.305209253511213, 49.019461245657176], [8.3052810533905, 49.01952064582172], [8.305301948836615, 49.01953637400036], [8.305324972826966, 49.0195507593024], [8.305349926751893, 49.019563677636185], [8.30537659535306, 49.019575017564435], [8.305404748580337, 49.0195846812656], [8.305560349075153, 49.01963218146031], [8.305589840876104, 49.019640108149574], [8.305620326425135, 49.019646195042746], [8.305651541043302, 49.0196503892927], [8.305683213721535, 49.01965265448439], [8.30589660024252, 49.019661325853825], [8.306033661233233, 49.01968051968882], [8.306099187444342, 49.01970310863983], [8.306100355551612, 49.019704171903015], [8.306142887871482, 49.019788445938325], [8.30615675503677, 49.0198115635989], [8.306174415949794, 49.01983353373956], [8.306238815682695, 49.01990393390047], [8.306255853827595, 49.019920792239446], [8.306275127931212, 49.01993657458724], [8.306296481819778, 49.01995115306134], [8.306319742466824, 49.01996440953396], [8.306344721395158, 49.01997623658928], [8.306371216204088, 49.019986538393766], [8.306481631244562, 49.020025169539615], [8.306659800569152, 49.02009411970605], [8.306678624532156, 49.020100890730625], [8.306776981878913, 49.02013367660217], [8.306834530631939, 49.020193765883086], [8.306882968375934, 49.020294567948255], [8.306892750175123, 49.02031229935991], [8.306904756907656, 49.02032942925732], [8.306918904103982, 49.020345837125355], [8.308883971677309, 49.022417229233724], [8.310151241053967, 49.02410700148896], [8.310913241139504, 49.02577257466786], [8.311637434353862, 49.027671927763556], [8.312199872598752, 49.02992649018492], [8.312251875544924, 49.03135727710884], [8.311791325222318, 49.032551311325676], [8.311442660111283, 49.033451605828056], [8.311436286503552, 49.03347195032974], [8.31143279498904, 49.03349259471927], [8.31143221535959, 49.033513362866636], [8.311434552564014, 49.03353407758574], [8.311504350012488, 49.03391387777788], [8.311510275948987, 49.03393642204793], [8.311519654944759, 49.03395845376321], [8.311532389930228, 49.03397974489205], [8.311548349100327, 49.03400007506761], [8.31156736727856, 49.03401923386885], [8.311589247626467, 49.034037022998426], [8.311983636235864, 49.03432624269426], [8.312047859109462, 49.03446130572207], [8.312050660293004, 49.03446631853607], [8.312053071584163, 49.03447141823466], [8.31205644460697, 49.034476669764246], [8.312059434705724, 49.03448202064849], [8.312062969686925, 49.03448682879737], [8.312066129604645, 49.034491748539196], [8.31207026925843, 49.03449675740081], [8.312074042642749, 49.034501889816674], [8.312078277378388, 49.03450644699487], [8.312082155491757, 49.03451113940013], [8.312087021910228, 49.034515857355565], [8.312091542240847, 49.0345207218746], [8.312096435948629, 49.03452498419369], [8.312100994909839, 49.03452940407166], [8.31210654122712, 49.034533785683955], [8.312111764971332, 49.034538335458], [8.312117270522657, 49.03454226186929], [8.312122466426631, 49.0345463666537], [8.312128639228796, 49.03455036972506], [8.312134516079478, 49.034554560937075], [8.312140580453054, 49.03455811362671], [8.31214636326051, 49.034561863785925], [8.312153103100137, 49.03456544976422], [8.31215957646006, 49.034569242050175], [8.312166141252375, 49.034572386803326], [8.312172455271874, 49.03457574622108], [8.312179697240648, 49.034578880571104], [8.312186704767438, 49.03458223740874], [8.31219370675555, 49.03458494393933], [8.312200491179508, 49.034587880262315], [8.31220816553284, 49.03459053279814], [8.31221563973988, 49.03459342185902], [8.31222301149025, 49.034595664101346], [8.312230200980602, 49.03459814905088], [8.312356901383499, 49.034636849209555], [8.312383581844486, 49.034644114767914], [8.312411099386582, 49.03464987457683], [8.313020739480423, 49.03475907280766], [8.31340061532299, 49.03483261253512], [8.313484161420138, 49.03485482676051], [8.313530787364918, 49.03487458097583], [8.313560565052608, 49.03489968080514], [8.313586247838703, 49.03493868910633], [8.313609509809202, 49.03502123351735], [8.31372155924612, 49.035474401618835], [8.313760042123503, 49.03564331474352], [8.313761115916522, 49.03564772811697], [8.313799925340266, 49.035797668957215], [8.31381702173481, 49.03591912462826], [8.313822269723785, 49.03594270487899], [8.313880768485582, 49.036134105041995], [8.313884458048749, 49.036144815689404], [8.313973756594843, 49.03637751593731], [8.313979817707658, 49.03639141122071], [8.314022317197345, 49.036478211337304], [8.314032293203294, 49.03649598248063], [8.314044508614028, 49.03651313856897], [8.314111808233474, 49.03659813874268], [8.314134436788565, 49.03662273896235], [8.314225236534847, 49.03670853918023], [8.31423864037326, 49.036720358773465], [8.314327840225836, 49.0367938589777], [8.31433117279719, 49.03679656183637], [8.314391172712764, 49.0368444619721], [8.314417828254937, 49.03686341191171], [8.314447610967946, 49.0368802288167], [8.314544211108617, 49.036928728989615], [8.314574509545983, 49.03694231448678], [8.314606846177284, 49.036953689087134], [8.314714446517664, 49.03698678922266], [8.314749731091448, 49.036996109184265], [8.314786371116842, 49.03700279648473], [8.316178300554292, 49.0372027933215], [8.31675855150288, 49.037308151614496], [8.31699524919588, 49.037356869440806], [8.31701444689019, 49.0373612550114], [8.317015765199677, 49.037367405890805], [8.317045560734003, 49.037522229355005], [8.31709817083975, 49.03779499144342], [8.317100457059933, 49.037805025250144], [8.317146755903483, 49.037981025379054], [8.317149697080401, 49.03799088807175], [8.317213895849871, 49.03818328825052], [8.317217038240198, 49.038191893197286], [8.317362735962343, 49.03855889360139], [8.317366038904751, 49.038566643138935], [8.317520506349071, 49.03890559438861], [8.317564622039773, 49.03908972725802], [8.317566343023408, 49.03947975287143], [8.317567252703777, 49.039495503299285], [8.317594151057149, 49.03973730337079], [8.317597948973217, 49.03975808698165], [8.31767254704597, 49.040050587189256], [8.31768198781779, 49.040077411593344], [8.317784286453962, 49.04030391187546], [8.317787241779124, 49.04031012430433], [8.317901740441679, 49.04053912461806], [8.317903168008804, 49.04054191794859], [8.318019666725421, 49.04076501826669], [8.318031122441154, 49.040784079909834], [8.318195921225731, 49.04102548034626], [8.318201623461869, 49.041033414877234], [8.31835782249619, 49.041240215284084], [8.31837683143739, 49.04126218780178], [8.318575530747562, 49.041464488289286], [8.318591092460519, 49.04147903557568], [8.318820992000736, 49.041676836110504], [8.318845932027337, 49.04169596887054], [8.319025831970595, 49.04181926925184], [8.319044058817399, 49.04183086828108], [8.319943259361226, 49.042362070049876], [8.319948083591663, 49.042364866468894], [8.324153497396502, 49.044756570587424], [8.324513500672076, 49.04496643322245], [8.324824176069333, 49.04515664320316], [8.32508058636377, 49.04532606618021], [8.325242092870827, 49.045450630885625], [8.325431930686504, 49.045608055829796], [8.332852118624178, 49.053233109866646], [8.332852118624178, 49.052987092740025], [8.332852118624178, 49.052639766774966], [8.332852118624178, 49.05239838263897], [8.325999018618788, 49.04535615680805], [8.325978884873058, 49.04533760171295], [8.325774484524745, 49.0451681021822], [8.32576675961705, 49.045161925113256], [8.325592759417367, 49.04502772550159], [8.325574918721951, 49.045014992740434], [8.325304618701471, 49.04483639330353], [8.325295253453186, 49.04483043656566], [8.324976753579364, 49.044635437204214], [8.324970573441824, 49.04463174500142], [8.324605873689995, 49.04441914571368], [8.324602711438764, 49.04441732498039], [8.320398146987669, 49.04202611637723], [8.319510780392669, 49.041501908428856], [8.319352952963985, 49.041393736923105], [8.319142924781312, 49.04121303495574], [8.31896201240892, 49.04102884595276], [8.318817344237667, 49.04083731497341], [8.318661665690522, 49.04060927825158], [8.318550958771281, 49.04039727472612], [8.318438703399666, 49.04017276692078], [8.31834378312676, 49.039962609306855], [8.318275286104045, 49.03969404565204], [8.31825042207443, 49.03947056041462], [8.31824865418485, 49.039071146107446], [8.318247573224589, 49.03905392439008], [8.318244489166368, 49.039036807688625], [8.318192687735005, 49.03882060783261], [8.318182462379173, 49.03879105548216], [8.318023117250965, 49.038441411253665], [8.31788066105035, 49.03808258798463], [8.317819540586989, 49.037899420684155], [8.317775857786005, 49.037733373701165], [8.317724232930669, 49.037465738670996], [8.3176941378433, 49.03730936972834], [8.317693497106776, 49.03730621947098], [8.317666026638685, 49.03717805778598], [8.317665956216183, 49.03710908751817], [8.317672331052488, 49.03707521998169], [8.317704847013914, 49.037007206491786], [8.31775158354867, 49.0369392053256], [8.31787065573847, 49.036808444756645], [8.318012164867072, 49.036675678889566], [8.318110119154438, 49.03660127571826], [8.318228887058687, 49.036526913872], [8.318406140051032, 49.03645656432957], [8.31866781441915, 49.03638524603473], [8.318935766475704, 49.03633119361021], [8.319070835188025, 49.03630774116646], [8.31920180195834, 49.036292588624555], [8.319313564546093, 49.03629148931601], [8.319429609558505, 49.03629635348419], [8.319745754977918, 49.036335371721684], [8.32104504276089, 49.03659842376445], [8.32105078915242, 49.03659955096914], [8.321379390451344, 49.03666195124287], [8.321401032946588, 49.03666556228138], [8.321616733847936, 49.03669666242114], [8.321665279780511, 49.03670129409263], [8.321877280727804, 49.03671139414186], [8.321906485807157, 49.036711962850866], [8.322532488629047, 49.036706562839264], [8.322554912273455, 49.03670588501823], [8.32289021377258, 49.03668848494735], [8.32290595285138, 49.03668742684024], [8.323359754852595, 49.03664992668279], [8.32339591015365, 49.03664563129226], [8.32388601218996, 49.03656933096943], [8.323909649992766, 49.03656505731856], [8.324265251377978, 49.03649165701167], [8.32428875797681, 49.03648617834646], [8.324650859264464, 49.036391877960284], [8.324664490371761, 49.036388101862144], [8.325421492883358, 49.03616560096537], [8.325438771364006, 49.03616013526507], [8.32622454963603, 49.03589348173533], [8.326829120013242, 49.035691695890705], [8.32719915709098, 49.035586122712516], [8.327475534367327, 49.035512170539995], [8.32772632403992, 49.03546034614847], [8.327981210769208, 49.03541846205776], [8.32824958406198, 49.035388485685154], [8.329231876694262, 49.03529211995635], [8.329239547187303, 49.035291308767796], [8.329593948718435, 49.035251108597464], [8.329632818514161, 49.0352451456178], [8.329923319665008, 49.03518864538069], [8.329961591410601, 49.03517954143373], [8.330158292078615, 49.035123841208005], [8.330188063409626, 49.035114260992756], [8.330216284548419, 49.03510283103478], [8.330405684928756, 49.03501753072191], [8.330437213734438, 49.03500147846785], [8.330712213968884, 49.034843777937695], [8.33072985342814, 49.03483291761383], [8.33087755342971, 49.034735317306165], [8.3308974463545, 49.0347209852249], [8.330915386221642, 49.03470557900946], [8.330980586048883, 49.0346442788517], [8.330983945419549, 49.03464076623497], [8.330987607192048, 49.034637412022185], [8.33099281526554, 49.03463149176887], [8.33099839807151, 49.0346256542893], [8.33107479771075, 49.03453635409203], [8.331090142944346, 49.0345160946506], [8.33110231330447, 49.03449492365794], [8.331166312542042, 49.03436402347557], [8.33117798891263, 49.03433248816685], [8.331223238133827, 49.03415553880315], [8.331278920997939, 49.03399538037484], [8.33137600353764, 49.03381343635626], [8.331503600966942, 49.03364396262097], [8.331665585515696, 49.03346260392548], [8.33187564326772, 49.033231921929605], [8.332153622204123, 49.03294971065139], [8.332382538289533, 49.03275538872899], [8.332654561941396, 49.03256887056966], [8.33275291319231, 49.03251703667467], [8.332852118624178, 49.03246679811114], [8.332852118624178, 49.032330160011085], [8.332852118624178, 49.03206485695855], [8.332852118624178, 49.03189395292661], [8.332664927929933, 49.03199389900465], [8.332332915449001, 49.032162032542175], [8.332327700881777, 49.032164726580724], [8.33228660754554, 49.0321863838323], [8.332284764250383, 49.03218651982819], [8.332242418638776, 49.03219143254356], [8.332117419156052, 49.032211332459404], [8.332088162317707, 49.0322169078304], [8.33205977595657, 49.03222417274345], [8.33192197641739, 49.03226417258194], [8.331890927821997, 49.03227445513789], [8.331754426567203, 49.03232553780479], [8.33154600849454, 49.03239244790966], [8.331455192951541, 49.03242090169084], [8.331416081884921, 49.03237546248033], [8.331376945189596, 49.03232111323452], [8.33137407274367, 49.03231070646536], [8.331432277406922, 49.03228749208393], [8.331458306887317, 49.03228548088567], [8.331491238788374, 49.032280738972176], [8.331523300694098, 49.03227388823794], [8.331554181078374, 49.032264995247424], [8.331662881411052, 49.032229395106455], [8.331694210518057, 49.032217743270486], [8.331723503768059, 49.03220399099217], [8.331750436715428, 49.03218829058958], [8.33177471105769, 49.032170815957706], [8.33179605793946, 49.032151760642435], [8.331814240930195, 49.03213133569679], [8.332037564671735, 49.03184715422317], [8.332444525470867, 49.03185214352472], [8.332494263880898, 49.031850367612996], [8.332738164955417, 49.031829867526824], [8.332773378099187, 49.031825666557715], [8.332807730815029, 49.03181906902689], [8.332840846942098, 49.031810147177104], [8.332852118624178, 49.03180616004671], [8.332852118624178, 49.03128083612118], [8.33257934872624, 49.03138979145407], [8.332432306877923, 49.03140215041635], [8.331967876665628, 49.031396456502364], [8.331957565583558, 49.03139643229166], [8.331825579702365, 49.03139743067477], [8.33160329422518, 49.031398929232786], [8.33156707231907, 49.03140043979366], [8.331531297830091, 49.031404465881174], [8.331496373654176, 49.03141096215316], [8.331462693111314, 49.031419855447865], [8.331430635516098, 49.03143104560805], [8.331400561905967, 49.031444406608856], [8.331077462415552, 49.03160500603857], [8.331051846150617, 49.03161908169925], [8.331028438899299, 49.03163473246109], [8.331007463679061, 49.03165180920966], [8.330989120336529, 49.03167014924405], [8.33097358364336, 49.03168957782709], [8.330961001631012, 49.03170990985007], [8.330951494180258, 49.03173095159647], [8.330885200153432, 49.03190910145351], [8.330469185715852, 49.03183911347505], [8.32990732711146, 49.03164755813869], [8.329889881084688, 49.03164201665156], [8.328435185827333, 49.03121291842203], [8.328405246376388, 49.0312051772419], [8.328315746712487, 49.03118517732802], [8.328285831772396, 49.03117947731817], [8.3282552522706, 49.03117559044157], [8.328224261814084, 49.031173548933495], [8.3280899624163, 49.03116874895755], [8.328079468057862, 49.031168480062746], [8.326887573423935, 49.03114998016905], [8.32684029773127, 49.03115139975882], [8.326139218567521, 49.03120458974925], [8.324616975784883, 49.03102386148019], [8.324437043487823, 49.03098637261936], [8.32429277655458, 49.0309213841593], [8.323833143517215, 49.03070218241768], [8.323364604466741, 49.030422652563104], [8.323334220260575, 49.030406506258224], [8.32330123399397, 49.03039274378387], [8.323032334716222, 49.0302942441716], [8.323026814278622, 49.03029226548895], [8.322354568885778, 49.030056554940074], [8.322265926695069, 49.030021411012456], [8.322202420508832, 49.0299510396863], [8.322090075434186, 49.029798816197584], [8.322072264344522, 49.02977766047027], [8.322051101751397, 49.02975788459523], [8.322026832347126, 49.02973971722726], [8.321999736745035, 49.02972336842289], [8.321970128234845, 49.029709027211666], [8.321808028576738, 49.029639027474666], [8.321798211218677, 49.02963494324011], [8.32005041539435, 49.02893484593046], [8.320047922687438, 49.02893385695981], [8.318455560351635, 49.02830813724778], [8.319033778796864, 49.027851910403754], [8.320135368828208, 49.02698953202321], [8.323509844360416, 49.0282446441101], [8.32353974987002, 49.028254529058366], [8.323570981642659, 49.02826244422995], [8.323603240498606, 49.028268313802606], [8.323636217418946, 49.02827208154955], [8.323669596505898, 49.028273711378176], [8.323703058009018, 49.02827318767573], [8.323736281388328, 49.02827051545893], [8.32376894838501, 49.028265720325884], [8.323800746070251, 49.02825884821091], [8.323831369842997, 49.02824996494443], [8.323860526347945, 49.02823915562239], [8.323887936285763, 49.028226523791005], [8.32469434157597, 49.02781476694318], [8.324724837007363, 49.027800216237935], [8.324725068279855, 49.0278000940611], [8.324725316368433, 49.027799987096465], [8.324836616562848, 49.02774668690481], [8.32483684510007, 49.02774656574336], [8.324837090320122, 49.0277464596192], [8.325076924434832, 49.027631191070434], [8.325253058388547, 49.02754662262445], [8.32715084304633, 49.026634716238675], [8.327205373402007, 49.02665154086412], [8.330074407183861, 49.027708974123755], [8.330104452833973, 49.02771880602258], [8.330135819302674, 49.02772665396349], [8.330168204510489, 49.027732442365576], [8.330201296566432, 49.02773611548263], [8.33023477677181, 49.02773763794005], [8.330268322689637, 49.02773699507549], [8.330301611250045, 49.02773419308018], [8.33033432186178, 49.0277292589392], [8.33036613949984, 49.02772224017163], [8.330396757739495, 49.02771320437288], [8.33042588170744, 49.02770223856365], [8.330453230921718, 49.027689448351914], [8.330478541992989, 49.02767495691576], [8.330501571161172, 49.02765890381699], [8.330522096643016, 49.02764144365718], [8.330539920767974, 49.027622744588555], [8.330554871881851, 49.02760298669469], [8.33056680599985, 49.02758236025601], [8.330575608193115, 49.027561063917396], [8.330581193695458, 49.027539302774926], [8.330583508719533, 49.02751728640079], [8.3305825309747, 49.027495226824904], [8.33057826988152, 49.02747333649304], [8.33057076648087, 49.02745182622068], [8.330560093038523, 49.02743090316287], [8.330546352349057, 49.02741076881931], [8.33052967674573, 49.027391617093684], [8.33051022682595, 49.02737363242634], [8.330488189904532, 49.02735698801812], [8.330463778209701, 49.0273418441624], [8.3304372268392, 49.02732834670137], [8.330408791496174, 49.02731662562155], [8.329940464591868, 49.02714401587484], [8.329941859148963, 49.027141052025485], [8.32994858885467, 49.02711943135122], [8.329952063536123, 49.02709748101475], [8.329952249734495, 49.027075412410106], [8.329949145660938, 49.027053438070055], [8.329942781213665, 49.02703176961927], [8.329933217689828, 49.027010615736245], [8.329920547195044, 49.02699018014371], [8.329904891756243, 49.0269706596466], [8.329886402146336, 49.026952242236796], [8.329865256432107, 49.026935105282746], [8.329841658259275, 49.02691941382131], [8.329815834891214, 49.02690531896841], [8.329788035020304, 49.02689295646378], [8.32878913741965, 49.0264942579972], [8.32796025694363, 49.02616340615184], [8.328335930284755, 49.02597318154592], [8.328343094716296, 49.025969452424064], [8.328787995259347, 49.02573145160153], [8.328807094259364, 49.02572043442754], [8.328824896769259, 49.02570851519045], [8.329180796565826, 49.02545181441684], [8.329205620119279, 49.02543169440025], [8.329226759785177, 49.02540983022731], [8.329584100225214, 49.024988436011434], [8.329600372038163, 49.02499077788932], [8.329633699831408, 49.02499336016245], [8.329667252021178, 49.02499378171494], [8.329700705477196, 49.02499203848696], [8.329733738020098, 49.024988147266924], [8.329766031524343, 49.02498214552991], [8.329797274982113, 49.02497409107664], [8.32982716749862, 49.02496406147687], [8.329855421190011, 49.02495215332225], [8.32988176395595, 49.02493848129609], [8.329905942100162, 49.02492317706887], [8.329927722773705, 49.024906388030054], [8.329946896217443, 49.02488827586869], [8.329963277782118, 49.024869015016115], [8.329976709706552, 49.02484879096611], [8.32998706263691, 49.02482779848835], [8.329994236872317, 49.02480623975277], [8.329998163324902, 49.02478432238233], [8.329998804185008, 49.024762257453666], [8.329996153285144, 49.02474025746418], [8.329990236159228, 49.0247185342856], [8.329981109796504, 49.02469729712351], [8.329968862092555, 49.02467675050268], [8.329953611002678, 49.02465709229734], [8.32993550340578, 49.024638511825636], [8.329914713689766, 49.02462118802637], [8.329891442071998, 49.024605287735845], [8.32986591267108, 49.0245909640811], [8.329838371348433, 49.024578355005396], [8.329809083340573, 49.02456758193966], [8.329778330704773, 49.024558748633204], [8.329542331550812, 49.02449984888295], [8.329510226129358, 49.02449300752699], [8.32947725162431, 49.0244882807221], [8.329443729215361, 49.02448571450846], [8.329409985418696, 49.024485333881564], [8.329376348906774, 49.02448714254882], [8.329343147307108, 49.024491122893316], [8.329310704011235, 49.024497236145585], [8.329279335024914, 49.02450542276104], [8.329249345890267, 49.02451560300005], [8.329221028709808, 49.02452767770452], [8.329194659301367, 49.02454152926375], [8.329170494511585, 49.024557022759915], [8.329148769714184, 49.02457400728215], [8.329129696517338, 49.02459231739643], [8.329113460702507, 49.024611774756934], [8.329066062908302, 49.02467588984654], [8.328648727124088, 49.02516802702435], [8.328336657252446, 49.0253931128156], [8.327915051115026, 49.02561865115146], [8.327147672351686, 49.02600721670095], [8.32707931008021, 49.0260418481689], [8.32705538152009, 49.02605516254564], [8.327033407310168, 49.02606986181951], [8.327013572069196, 49.026085822494096], [8.326983272004755, 49.026112622422374], [8.326980858417988, 49.02611499172556], [8.32697818907014, 49.02611723925813], [8.326882268404782, 49.02620672986081], [8.324849694643673, 49.02718340027819], [8.324673543382007, 49.027267976719976], [8.324433747734208, 49.02738322632027], [8.324322924530307, 49.027436297891214], [8.324288164516295, 49.02745288335314], [8.32427926402861, 49.027457277284824], [8.32364833515187, 49.027779434290515], [8.320561364084833, 49.026631256041576], [8.32088989723048, 49.02633963274489], [8.32221222448623, 49.02528909392642], [8.322226743003478, 49.0252767062352], [8.322823441550097, 49.02472920480374], [8.32284162876834, 49.02471065800043], [8.322856964085373, 49.02469102816617], [8.322869299816217, 49.02467050434818], [8.322878517164193, 49.02464928420299], [8.322884527364879, 49.02462757209298], [8.322887272540822, 49.02460557711818], [8.322886726258758, 49.024583511102435], [8.322882893784035, 49.02456158655351], [8.32287581202972, 49.02454001461654], [8.322865549200953, 49.024519003040446], [8.322852204137938, 49.024498754177436], [8.322835905363924, 49.02447946303406], [8.322816809847335, 49.02446131539341], [8.322795101489996, 49.02444448602586], [8.322770989355996, 49.02442913700601], [8.322744705658248, 49.02441541615192], [8.322716503522178, 49.0244034556015], [8.322686654547999, 49.02439337054011], [8.322655446195146, 49.024385258091236], [8.32262317901396, 49.02437919638122], [8.322590163751356, 49.02437524378686], [8.322556718358301, 49.024373438373296], [8.322523164927931, 49.02437379752738], [8.322489826593769, 49.024376317790306], [8.322457024417956, 49.024380974890875], [8.322425074299403, 49.0243877239792], [8.322394283931665, 49.02439650005871], [8.322364949839818, 49.02440721861197], [8.32233735452488, 49.02441977641465], [8.322311763743256, 49.02443405252956], [8.322288423947432, 49.0244499094713], [8.322267559912504, 49.02446719453028], [8.321677790031625, 49.02500833317834], [8.320357175338444, 49.02605750246165], [8.320345823354222, 49.026067031795534], [8.319787737600766, 49.026562413338446], [8.31850965030704, 49.02756295428081], [8.31850879711698, 49.02756362481813], [8.31767649610028, 49.028220322934935], [8.317656300425377, 49.02823794870291], [8.31763882920734, 49.02825679130307], [8.317624250705517, 49.02827666927214], [8.317612705321535, 49.028297391175535], [8.317604304247054, 49.02831875745092], [8.317599128392805, 49.02834056233007], [8.317597227609228, 49.02836259582055], [8.31759862020623, 49.02838464572799], [8.317603292776676, 49.02840649969962], [8.317611200325347, 49.028427947269385], [8.31762226670211, 49.0284487818848], [8.317636385335131, 49.028468802896285], [8.31765342025709, 49.02848781748949], [8.317673207414508, 49.02850564254226], [8.317695556247598, 49.02852210638821], [8.317720251525401, 49.02853705047013], [8.317747055418561, 49.02855033086692], [8.317775709789764, 49.028561819679744], [8.317805938679788, 49.028571406263765], [8.317837450965204, 49.02857899829384], [8.31786122177044, 49.02858303983279], [8.317871609527298, 49.02859134092573], [8.317895371696222, 49.028606925482144], [8.317921342444174, 49.028620903414904], [8.317949271657817, 49.02863314010743], [8.319695826390326, 49.02931945176052], [8.321437425950487, 49.03001706917093], [8.321515878355344, 49.03005094754824], [8.321593322597295, 49.03015588328511], [8.32160689011423, 49.03017246197979], [8.321721589622832, 49.030299562267444], [8.321740184670697, 49.03031803029084], [8.321761452382615, 49.03033520591053], [8.321785186451587, 49.030350922512625], [8.321811156644792, 49.03036502763645], [8.321839111036974, 49.03037738445348], [8.322009111449258, 49.03044478471323], [8.322024782519085, 49.03045063332521], [8.322702210370942, 49.0306881616095], [8.322934068672826, 49.030773093127095], [8.323387394263046, 49.0310435479213], [8.323416405190953, 49.031059042494306], [8.323894906001385, 49.03128724332342], [8.32390240897616, 49.03129072144059], [8.324092209344162, 49.03137622175745], [8.324120721459517, 49.03138775962596], [8.324150812592638, 49.031397409153996], [8.324182194391021, 49.03140507787336], [8.324431295349326, 49.031456978098674], [8.324473827703082, 49.03146390356992], [8.3260674345241, 49.03165310443214], [8.326100598713088, 49.03165594892167], [8.326134026861043, 49.031656649831675], [8.326167399285241, 49.031655200459156], [8.326895139417967, 49.03159998800057], [8.328058081492953, 49.03161803846129], [8.328140179277067, 49.031620972724724], [8.328169905675798, 49.03162761549439], [8.329601075281847, 49.032049774933256], [8.330189073351693, 49.032250242448654], [8.330193973199377, 49.03225171710462], [8.330198712727086, 49.032253403152325], [8.330209224347074, 49.0322563070832], [8.330219591677045, 49.03225942723019], [8.33022468775601, 49.03226057899093], [8.330229655799059, 49.032261951458125], [8.330240549688945, 49.03226416393374], [8.330251332214324, 49.0322666008837], [8.330256575446246, 49.03226741865704], [8.330261724158929, 49.03226846432589], [8.33068696629824, 49.032340004774944], [8.330711986537938, 49.032430656645865], [8.330714556863423, 49.03243792003498], [8.330716774135935, 49.03244523356131], [8.330718358066505, 49.032448661716245], [8.33071959296225, 49.032452151363124], [8.33072323365616, 49.03245921412115], [8.330726530470498, 49.032466349528804], [8.330728617805693, 49.03246965909296], [8.330730366952713, 49.032473052347775], [8.330735042954414, 49.03247984645623], [8.33073938756162, 49.03248673502704], [8.33080318713227, 49.0325753351946], [8.330814651214437, 49.032589863730315], [8.330863298955773, 49.032646383437594], [8.33082718987922, 49.032673329248986], [8.330806283803533, 49.03269056458854], [8.330788044747402, 49.03270906307423], [8.330772647997126, 49.03272864692956], [8.33076024152406, 49.03274912794708], [8.330737841279179, 49.03279212788374], [8.330729303757751, 49.032811238800726], [8.330723371533757, 49.032830771479276], [8.330720091148637, 49.0328505726853], [8.330719488340243, 49.03287048707792], [8.330721088044944, 49.03291358708132], [8.33072165213234, 49.0329221266865], [8.330725032138883, 49.03295768974312], [8.330700658664547, 49.033184653259774], [8.330696955816364, 49.033198659330225], [8.330664028613816, 49.03323545295146], [8.330649190759363, 49.03325395045774], [8.330637030348232, 49.0332732742654], [8.330621030185254, 49.03330247422044], [8.330610713644424, 49.033324903291955], [8.330604002652386, 49.033347916454765], [8.330600970077205, 49.03337126384875], [8.330599369859652, 49.033403063843096], [8.330599782587758, 49.033423812870296], [8.330603102312171, 49.03344444854941], [8.330611786425735, 49.03348183959307], [8.330610553088212, 49.03349358019881], [8.330604526274143, 49.033517065025016], [8.330587182548053, 49.03355396720901], [8.330546365468429, 49.03360828664185], [8.330535276841474, 49.03362465501168], [8.330526205421917, 49.03364155190396], [8.330500705101603, 49.03369585183095], [8.330490703063692, 49.03372305090297], [8.33047930278707, 49.03376545086878], [8.330477907912618, 49.03377104979112], [8.33046760861288, 49.03381593237662], [8.330404542298428, 49.03390540396413], [8.33027155094829, 49.03403912024279], [8.330252425194242, 49.034060923856], [8.330237124970552, 49.03408399619874], [8.330195324562126, 49.03415809608179], [8.330185205766332, 49.034179151022805], [8.330178276210068, 49.03420075695185], [8.330174602706485, 49.03422270556261], [8.330170402395826, 49.034268305548935], [8.330169824332039, 49.034285648048936], [8.330171281041999, 49.034302968250785], [8.330179080672824, 49.034357468271985], [8.330184364180337, 49.034380980368326], [8.330193392257867, 49.034403994510065], [8.330206064067205, 49.03442625363002], [8.330258963658032, 49.03450605377074], [8.330259148018685, 49.034506298643386], [8.33025347589705, 49.03451004676252], [8.330002639350077, 49.034653889776], [8.329857159153734, 49.03471940953686], [8.329709732800545, 49.034761156565025], [8.329457952017751, 49.03481012596519], [8.329127081526877, 49.034847656964864], [8.328145228051707, 49.03494397960646], [8.328138415723283, 49.03494469413245], [8.32785371695492, 49.034976493997746], [8.327828068802367, 49.03498002828779], [8.327550569944243, 49.0350256280951], [8.327530948446478, 49.03502926409053], [8.327257049513003, 49.03508586385388], [8.327230673100072, 49.03509210612253], [8.326937674127523, 49.03517050580249], [8.326930448684964, 49.03517250289941], [8.32654734998015, 49.03528180245698], [8.32652867735, 49.03528757589033], [8.325913879201307, 49.035492775080705], [8.325911827552739, 49.035493465570454], [8.325133552522946, 49.035757572417076], [8.324392064170699, 49.035975513016744], [8.32404844428662, 49.036065000288104], [8.323716453142149, 49.036133527124235], [8.323256192330836, 49.03620518169212], [8.322828498374884, 49.036240524393115], [8.322512282756103, 49.03625693404266], [8.321912135119995, 49.03626211105609], [8.32173924596934, 49.03625387436684], [8.321558477238886, 49.03622781081486], [8.321243490703964, 49.036167995978104], [8.31992856147877, 49.035901777298335], [8.319891001610957, 49.03589567802075], [8.319535303127404, 49.03585177822036], [8.31949396097394, 49.03584837343068], [8.319343661646796, 49.03584207346179], [8.31931678333782, 49.0358416429993], [8.319164284025208, 49.03584314299566], [8.319137100958706, 49.035844122769866], [8.319110122511574, 49.03584652085267], [8.318938123253403, 49.035866420768386], [8.318910066621298, 49.03587047209402], [8.318754567254224, 49.03589747198018], [8.318741574639542, 49.03589990939389], [8.318451575776932, 49.035958409148996], [8.318420923056408, 49.03596565936404], [8.318120424099835, 49.03604755903053], [8.318097096957477, 49.036054602253174], [8.318074638886086, 49.036062775862206], [8.31784333946081, 49.03615457551351], [8.317812552006567, 49.03616835159362], [8.317784224989397, 49.036184246715024], [8.317626425044052, 49.03628304639546], [8.317603689268868, 49.036298721845874], [8.317483489155755, 49.036390021578306], [8.317461994159595, 49.03640814241434], [8.317303393742343, 49.03655694203079], [8.317290037063808, 49.036570482347294], [8.31715453650933, 49.036719282003155], [8.31713630608819, 49.036742196044145], [8.31707300563375, 49.036834295872595], [8.317058399542569, 49.03685946560433], [8.317041374880562, 49.036895075036696], [8.316957387246706, 49.03687778846783], [8.316951766755846, 49.036876827946024], [8.316946251632183, 49.03687563220399], [8.316351454010059, 49.03676763267996], [8.316333422373054, 49.03676470255255], [8.31496974988598, 49.036568766188005], [8.314930114047078, 49.0365565733899], [8.314894144126189, 49.03653851399635], [8.314860907883624, 49.036511980495256], [8.314780354877817, 49.03644560584279], [8.314708474409235, 49.03637768392179], [8.314664629384586, 49.03632230802193], [8.314634351842555, 49.03626047140596], [8.31454978501908, 49.03604010904143], [8.314496505335546, 49.03586579270624], [8.314479877111484, 49.03574767441481], [8.314476484625533, 49.03573067078115], [8.314436053862883, 49.035574474070685], [8.314397756303562, 49.03540638437039], [8.314397336758065, 49.035405007912615], [8.314397097948017, 49.03540361289622], [8.31428409493019, 49.03494661321043], [8.314283307264748, 49.03494418648441], [8.314282802564335, 49.03494172740301], [8.314251801846366, 49.03483172748938], [8.314242663961812, 49.03480712830676], [8.314229377879398, 49.03478336053285], [8.314170977422599, 49.034694660688295], [8.314158367207172, 49.03467753428317], [8.314143600152663, 49.03466117009588], [8.314126781981734, 49.03464568528126], [8.31403448181258, 49.034567885494354], [8.314009285513704, 49.03454893748252], [8.313981026739787, 49.03453195938852], [8.31395005946875, 49.03451716388327], [8.313866157946405, 49.034481617091004], [8.31387586190855, 49.03435267503286], [8.313924305461816, 49.03417008195689], [8.314019511553498, 49.03400390368461], [8.314220647657553, 49.03376291105446], [8.314454533587261, 49.03350674861669], [8.314473451025679, 49.03348290508981], [8.314487904361538, 49.03345774722983], [8.314646531131983, 49.03312217464349], [8.31487047368266, 49.03271881662316], [8.314883596931315, 49.03268888939293], [8.314973095183497, 49.03241468912795], [8.314978068021961, 49.032395396350715], [8.314980471352168, 49.03237589236157], [8.314980286980452, 49.03235632483391], [8.3149775163058, 49.03233684192207], [8.314922661235721, 49.03207474293887], [8.314870247486633, 49.03181207991035], [8.314917737100581, 49.03168231166199], [8.315030204728902, 49.03154661140476], [8.315043704604317, 49.03152841885976], [8.315054661830027, 49.031509501790715], [8.315062987626407, 49.03149001347601], [8.315113286732844, 49.031348013328056], [8.315119562265341, 49.031324888356735], [8.31512213500677, 49.03130145910043], [8.31512097689111, 49.031277981196226], [8.31507459708307, 49.03091867881925], [8.315070026326646, 49.03049443991824], [8.315128941104298, 49.03013349931547], [8.31513087078264, 49.03011212602978], [8.315129700550978, 49.030090728944046], [8.315125441021241, 49.0300695020193], [8.31511813080921, 49.03004863767382], [8.315059825153673, 49.0299122627988], [8.31519361103197, 49.02954199687557], [8.315284371329458, 49.02931672346774], [8.31531304241083, 49.02926000214218], [8.315692109476961, 49.029094571722794], [8.315715809580642, 49.029083237650006], [8.316988711282145, 49.02841783533016], [8.31701386805046, 49.0284033076948], [8.317036743968895, 49.02838723207054], [8.317057119781262, 49.02836976253715], [8.317074800194703, 49.028351066534455], [8.317357861212798, 49.028016232093364], [8.3176128, 49.0278076], [8.3183849, 49.02727349999999], [8.3188039, 49.0267821], [8.3191115, 49.02618729999999], [8.3192684, 49.02560469999999], [8.319257199351457, 49.02510004855729], [8.319351743428482, 49.024857552639574], [8.319357944813275, 49.02483811555986], [8.319361514329579, 49.024818394464646], [8.319362424140433, 49.02479854316663], [8.31936066715304, 49.02477871649386], [8.319287700187717, 49.0243116636147], [8.3193037, 49.02400579999998], [8.319268174967052, 49.0236731327226], [8.319269168034769, 49.023659325957496], [8.31926953856599, 49.02364686614604], [8.319260297768189, 49.02290185382939], [8.319378964734684, 49.022598415798214], [8.31938586020868, 49.022576191020065], [8.319389316356576, 49.02255362246729], [8.319389298021218, 49.022530939745636], [8.319385805393868, 49.02250837362204], [8.31933320389596, 49.02228237376813], [8.319327498357577, 49.02226337239123], [8.319319327919258, 49.02224476436324], [8.31930875318981, 49.02222668771342], [8.319295852612175, 49.02220927652929], [8.319092051548303, 49.02196187705101], [8.319068420607799, 49.02193716776308], [8.318920385235918, 49.02180262138612], [8.318624546136888, 49.0212566122557], [8.318562698418686, 49.021051012416436], [8.318488860022718, 49.020798870067885], [8.318481845397134, 49.02077955338176], [8.318472266862697, 49.020760719046606], [8.318470057052744, 49.02075738538112], [8.31852558011925, 49.020731015491286], [8.318551474304948, 49.020717414613735], [8.318748674461798, 49.02060311423138], [8.31878021217591, 49.02058227197062], [8.318965855684672, 49.02044237614227], [8.31910639183165, 49.0203428215604], [8.31924247594076, 49.020256004262414], [8.319327089157627, 49.02020625381747], [8.31935283442999, 49.02018941557369], [8.319375719778538, 49.02017087678123], [8.319414423282701, 49.02013587877284], [8.325744142011857, 49.02031956473097], [8.325745123734725, 49.02031959226367], [8.329382140070848, 49.020418092775316], [8.329415694244123, 49.02041791719064], [8.32944906067479, 49.02041557937303], [8.329481918021628, 49.020411101837226], [8.32951394984642, 49.0204045277049], [8.329544847661595, 49.0203959202893], [8.329574313901249, 49.02038536248557], [8.329602064787007, 49.02037295597233], [8.329627833061044, 49.02035882023237], [8.329651370559981, 49.02034309140199], [8.329672450604878, 49.02032592095985], [8.32969087018427, 49.02030747426809], [8.329706451909237, 49.020287928979705], [8.3297190457217, 49.02026747332772], [8.329728530339459, 49.020246304312245], [8.329734814424107, 49.020224625803245], [8.329737837460499, 49.02020264657717], [8.329737570339422, 49.02018057830621], [8.329734015637737, 49.02015863351995], [8.329727207593432, 49.02013702355832], [8.329717211775693, 49.020115956536564], [8.329704124453297, 49.0200956353408], [8.32968807166737, 49.020076255674276], [8.32966920801739, 49.020058004172576], [8.32964771517225, 49.020041056606345], [8.329623800120604, 49.02002557618849], [8.329597693177433, 49.020011712002486], [8.329569645765984, 49.01999959756665], [8.329539927996462, 49.01998934954832], [8.329508826064782, 49.0199810666403], [8.329476639496441, 49.019974828610565], [8.329443678262056, 49.019970695533914], [8.329410259792297, 49.01996870721366], [8.325773767014832, 49.01987022102765], [8.319347686695647, 49.019683736218184], [8.319318429676935, 49.01968371040964], [8.319289276406097, 49.01968532967664], [8.319215476731115, 49.01969152965063], [8.319179428970973, 49.01969585998115], [8.319144292819558, 49.01970270265202], [8.319110471830383, 49.01971197907233], [8.319078354452348, 49.01972358269854], [8.319048309568375, 49.01973738025805], [8.318986609656088, 49.01976908014685], [8.318958819772313, 49.01978501695824], [8.318933800539508, 49.01980282913519], [8.318911842877023, 49.01982230956293], [8.318874570989307, 49.01985940162213], [8.31884412906038, 49.01988692877285], [8.31878151243637, 49.01992374555888], [8.318771331671503, 49.0199299812235], [8.31862383170598, 49.02002408092192], [8.318617723563555, 49.020028379900786], [8.318611322224596, 49.02003249021664], [8.318461122157618, 49.02013888989294], [8.318457737584616, 49.02014153688762], [8.318454089518463, 49.02014402787658], [8.318279720090308, 49.02027542690467], [8.318129108831085, 49.02036272316019], [8.317983792011736, 49.020133013903546], [8.317965760371626, 49.020108735825616], [8.31794343169136, 49.02008605531386], [8.31722543003651, 49.019444757005076], [8.317194703221956, 49.01942096603847], [8.316064952373699, 49.01866021342834], [8.314966399764842, 49.01783160424554], [8.314963133873437, 49.01782917636508], [8.314720333686228, 49.01765127689506], [8.314699634315968, 49.01763737096297], [8.31467718454902, 49.01762469417531], [8.314423784882429, 49.01749369463684], [8.314395561832315, 49.017480566060144], [8.31436546754569, 49.01746937898219], [8.314024468566384, 49.017357179434974], [8.313986177354517, 49.017346443758676], [8.313946186475938, 49.01733884809371], [8.313590287957394, 49.01728644832878], [8.313561676309545, 49.01728306863365], [8.313532731596105, 49.017281299704486], [8.313503663045896, 49.017281154328096], [8.309854079465623, 49.01736495402814], [8.309816034423044, 49.01736723159264], [8.30919643712982, 49.01742743133889], [8.309183014475105, 49.0174289155653], [8.30816271884303, 49.017555515029414], [8.308137508283215, 49.01755929754238], [8.307065002042, 49.01774853488092], [8.30646590706358, 49.0177795509407], [8.305825884907248, 49.017752570299194], [8.305618259782944, 49.0177085354465], [8.305240382350439, 49.01757775419376], [8.30507958385064, 49.01746173302969], [8.30499190813983, 49.01728718149185], [8.304951490099421, 49.017078139170586], [8.304920377746111, 49.01685931338074], [8.30490728966556, 49.01659818629174], [8.3073071, 49.0165419], [8.3085269, 49.01651129999999], [8.3085242, 49.0164563], [8.308517987155959, 49.01632918323859], [8.308628433332768, 49.01632787776629], [8.3086375, 49.0165125], [8.3092845, 49.0164965], [8.3118978, 49.0164487], [8.3118939, 49.0163639], [8.3143787, 49.01631480000001], [8.3143841, 49.0164339], [8.3178264, 49.01636739999999], [8.3179001, 49.0163291], [8.3185611, 49.0163161], [8.3235156, 49.0162182], [8.3235131, 49.0161106], [8.3243856, 49.0160916], [8.3243897, 49.0162027], [8.3263257, 49.0161603], [8.326775, 49.0161505], [8.3267755, 49.0161598], [8.3268099, 49.01615989999999], [8.326822000000002, 49.01617089999999], [8.3268388, 49.0161757], [8.326864900000002, 49.0161766], [8.3276773, 49.01616889999998], [8.327915700000002, 49.0161757], [8.3280989, 49.01619070000001], [8.3283111, 49.01621660000001], [8.3285368, 49.0162559], [8.3287378, 49.016298], [8.3289706, 49.0163571], [8.3291441, 49.016410599999986], [8.3292772, 49.01646070000001], [8.3294304, 49.01653670000001], [8.3297874, 49.01670779999999], [8.330441, 49.01701919999999], [8.3317264, 49.0176305], [8.331829, 49.017671799999995], [8.3319397, 49.0177105], [8.3320805, 49.017751], [8.3322186, 49.0177867], [8.3323581, 49.01781479999998], [8.3325707, 49.017847], [8.332703400000002, 49.01786269999999], [8.332852118624178, 49.01787329620197], [8.332852118624178, 49.01770212542752], [8.332852118624178, 49.01725220869711], [8.332852118624178, 49.01706019360421], [8.3325911, 49.017010499999984], [8.332064500000001, 49.0168296], [8.3308757, 49.01623849999999], [8.3308854, 49.0162156], [8.3309125, 49.01619819999999], [8.3307736, 49.01614060000001], [8.3307132, 49.01610800000001], [8.3306765, 49.016072099999995], [8.330677, 49.0158967], [8.3306837, 49.01586439999999], [8.3307058, 49.01584499999999], [8.3307414, 49.01583269999999], [8.3307762, 49.015831500000004], [8.3307897, 49.01580150000001], [8.3308008, 49.0157893], [8.3308185, 49.01577379999999], [8.3308437, 49.015759900000006], [8.330872800000002, 49.01574999999999], [8.3309016, 49.0157442], [8.332852118624178, 49.015701388283844], [8.332852118624178, 49.015573628303756], [8.332852118624178, 49.0151236054493], [8.332852118624178, 49.01490718809764], [8.3326883, 49.0149109], [8.3326343, 49.0149007], [8.3325668, 49.0148736], [8.3324958, 49.014823699999994], [8.3324548, 49.0147613], [8.3324506, 49.014703600000004], [8.3324644, 49.01465460000001], [8.3325105, 49.01459849999999], [8.332852118624178, 49.014408592386594], [8.332852118624178, 49.0141727300006], [8.332852118624178, 49.01360598784987], [8.332852118624178, 49.013399171683524], [8.3318389, 49.0139495], [8.331275, 49.014208399999994], [8.3309962, 49.01432279999999], [8.330364000000001, 49.01456750000001], [8.3295251, 49.0148103], [8.3286277, 49.015025900000005], [8.3275531, 49.01519609999999], [8.3268442, 49.015260599999976], [8.3262168, 49.015296500000005], [8.3250004, 49.01532179999999], [8.3246023, 49.015336999999995], [8.3244835, 49.01529099999999], [8.3244157, 49.0152305], [8.3243841, 49.015132400000006], [8.3244513, 49.0150297], [8.3309125, 49.0120997], [8.331388939167404, 49.01188505961887], [8.331117303514302, 49.01188505961887], [8.329918562473651, 49.01188505961887], [8.329297158609165, 49.01188505961887], [8.3219389, 49.015200599999986], [8.3216037, 49.0153031], [8.3211955, 49.01538140000001], [8.3208091, 49.015412600000005], [8.3168075, 49.01549339999999], [8.316658, 49.01545599999999], [8.3165696, 49.0153954], [8.3165372, 49.0153487], [8.316548, 49.0152766], [8.3166073, 49.0152169], [8.3167316, 49.0151365], [8.323961311006702, 49.01188505961887], [8.3235474724687, 49.01188505961887], [8.322330771435965, 49.01188505961887], [8.321728029577775, 49.01188505961887], [8.3147834, 49.0149942], [8.3144689, 49.0151451], [8.3142072, 49.0152516], [8.3139229, 49.0153413], [8.3135823, 49.0154363], [8.3132523, 49.015492599999995], [8.3128918, 49.01554029999999], [8.312524900000001, 49.01556149999999], [8.3124625, 49.015563099999994], [8.3104402, 49.0156019], [8.3092299, 49.015622999999984], [8.3086085, 49.0156336], [8.3086011, 49.0156476], [8.308597, 49.0156625], [8.30860649998936, 49.01587829877787], [8.308496143764735, 49.015879603185574], [8.3084916, 49.0156354], [8.3071912, 49.015668299999994], [8.3071921, 49.015685399999995], [8.3071946, 49.015729799999995], [8.304866314171756, 49.01578066294481], [8.304739355737505, 49.013247649319936], [8.30472429426789, 49.01279230869542], [8.304724086432282, 49.01278796009478], [8.304690797228922, 49.012255491105], [8.304672008780372, 49.01193912209866], [8.304672008102466, 49.01193911705203], [8.30467200817946, 49.01193911198597], [8.304668794460149, 49.01188505961887], [8.30465822177536, 49.01188505961887], [8.30449480074389, 49.01188505961887], [8.304135369018516, 49.01188505961887], [8.304002499351913, 49.01188505961887], [8.30398453403782, 49.01188505961887], [8.303988791410896, 49.01195668195441], [8.304007588946034, 49.0122732769347], [8.304007617092521, 49.012273738812276]], [[8.312601574996842, 49.03412285937199], [8.312585224612091, 49.03410135008149], [8.312565474737285, 49.03408111164445], [8.31254255118842, 49.03406237545892], [8.31217051644211, 49.03378955140767], [8.312121317242358, 49.03352185550332], [8.312454235062328, 49.032662192204654], [8.31292640824881, 49.03143798184272], [8.312932663625899, 49.031417997955465], [8.312936138758646, 49.03139772352342], [8.312936805045489, 49.03137732543203], [8.312883094925349, 49.02990012554422], [8.312878681176675, 49.02986909367079], [8.312310066141753, 49.02758989525178], [8.31230430783524, 49.02757160466014], [8.311574695871709, 49.025658106685604], [8.311570462455952, 49.025648006950746], [8.310797952333623, 49.023959509078544], [8.310788659269127, 49.0239418822182], [8.310777176519801, 49.023924822591084], [8.309489768466017, 49.02220822594701], [8.309473202007636, 49.022188657249814], [8.307521993938753, 49.02013190146763], [8.307473329988829, 49.02003063129513], [8.307463361443219, 49.02001260199576], [8.30745109276304, 49.01999519709592], [8.307436613235831, 49.01997854325957], [8.307305212749183, 49.019841343584], [8.307283900756914, 49.019821545654594], [8.30725947047745, 49.019803372667454], [8.307232206169175, 49.01978703607188], [8.30720242506448, 49.01977272594989], [8.307170473678628, 49.01976060880458], [8.306997347725725, 49.019702900226], [8.30682209854157, 49.01963508029773], [8.306809282182467, 49.01963036120733], [8.30677813879701, 49.01961946504928], [8.3067328105349, 49.01952965330565], [8.306720192430538, 49.019508343199405], [8.306704348899709, 49.01948798613785], [8.306685443791583, 49.01946879264282], [8.306606343596535, 49.0193967928303], [8.306586670033779, 49.019380525424694], [8.306564796830756, 49.01936552221824], [8.306540910858338, 49.019351911387595], [8.306515216182547, 49.01933980921385], [8.306487932321158, 49.019329319089096], [8.306309532832323, 49.019267819334736], [8.306281356489361, 49.01925915652774], [8.306252099842519, 49.01925221355931], [8.306222004979489, 49.01924704787976], [8.306014205850978, 49.01921794801087], [8.305989272206393, 49.01921508626468], [8.305964085009856, 49.01921344545407], [8.305789753419852, 49.01920636123156], [8.305768018537098, 49.01919972623394], [8.305697317367466, 49.019099757537255], [8.305609440548505, 49.01894048789065], [8.30558719070316, 49.01882296550263], [8.305604995550112, 49.018713721549666], [8.305653533576786, 49.01850893979568], [8.305657286044458, 49.018484148857496], [8.305656846158376, 49.01845923704841], [8.305652219323601, 49.018434510115846], [8.305631418825852, 49.01835841017372], [8.305623606848414, 49.01833630269212], [8.305612446594179, 49.0183148257157], [8.305598051748008, 49.01829419801334], [8.305580568942466, 49.018274629702745], [8.305560176264052, 49.01825632011022], [8.305537081439082, 49.01823945574032], [8.305511519717664, 49.01822420837615], [8.305483751477373, 49.0182107333296], [8.305454059570998, 49.018199167859336], [8.305332359918486, 49.01815706802734], [8.305292671325383, 49.01814539269588], [8.305117771957187, 49.018102492878306], [8.305090142225984, 49.018096582307834], [8.305061849312304, 49.018092235923675], [8.304697750862179, 49.018046936129565], [8.304689506311222, 49.01804597896932], [8.30448214556051, 49.0180236231945], [8.30442966111715, 49.018009460182924], [8.304414608439268, 49.01799996077089], [8.304372915824437, 49.017961957981676], [8.304299037695046, 49.01773689911802], [8.304250980882367, 49.01712269918629], [8.3042217043253, 49.01672385577441], [8.304221692627289, 49.016723776971], [8.304221692644306, 49.01672369779293], [8.304221071812314, 49.0167153616724], [8.304217935354613, 49.01666312600383], [8.304217066177538, 49.01665668748697], [8.304216595940913, 49.01665023104696], [8.30421558326921, 49.01664570269395], [8.304214967801778, 49.01664114355687], [8.304213143337735, 49.01663479207899], [8.304211713221633, 49.016628397044414], [8.304210030608393, 49.01662395578346], [8.30420873869876, 49.01661945827884], [8.304206584746773, 49.0166146209578], [8.304223919028257, 49.01661421439133], [8.30423728248947, 49.01688090860165], [8.304238127044925, 49.01688766482019], [8.304238581915245, 49.01689443723547], [8.304271180363154, 49.01712373732375], [8.304272426627401, 49.017131168701475], [8.304317725058333, 49.01736546882634], [8.304323443221563, 49.0173867862776], [8.304332251053864, 49.01740764336219], [8.304453149652081, 49.01764834369306], [8.304466181617718, 49.01767033933832], [8.304482647472721, 49.01769131525155], [8.30450236577515, 49.01771104028785], [8.304525119241834, 49.0177292970861], [8.30477541907573, 49.01790989762878], [8.304796340602284, 49.017923736210626], [8.304819007531574, 49.01793632963931], [8.304843249157951, 49.01794758307244], [8.304868882916168, 49.017957411759255], [8.305325984220701, 49.01811561239057], [8.305352633440897, 49.01812389140155], [8.305380267677455, 49.01813063017772], [8.305656568733705, 49.01818923043165], [8.30568378815904, 49.018194196943256], [8.305711538006003, 49.01819766870635], [8.305739628868317, 49.018199622024454], [8.306446532030682, 49.01822942217167], [8.306495228580063, 49.01822918923064], [8.307150031505984, 49.01819528909299], [8.3071811535976, 49.01819272864812], [8.307211788007045, 49.01818830320418], [8.30830219590688, 49.01799590739707], [8.309303097153919, 49.017871714394644], [8.309897040201282, 49.0178140072519], [8.313483707998381, 49.01773165272549], [8.313755965463667, 49.01777173784741], [8.314028496323798, 49.01786140937387], [8.31423128564114, 49.01796624543247], [8.31425719283281, 49.01798522774285], [8.3142575, 49.0179871], [8.314261588422882, 49.017988448410534], [8.31445261835008, 49.01812841685699], [8.315321767276076, 49.01878399792523], [8.3154889, 49.0189771], [8.3158677, 49.01926439999999], [8.3161449, 49.01938229999999], [8.3163598, 49.019568699999994], [8.3166186, 49.01977180000001], [8.3167113, 49.019904800000006], [8.3168324, 49.02000799999999], [8.316896, 49.0200745], [8.317029648517405, 49.02002841430434], [8.317359340125506, 49.02032288829185], [8.3173511, 49.0203494], [8.317452623048053, 49.0204642048859], [8.317543705310452, 49.02060818573836], [8.317554386273263, 49.020623437801596], [8.317566767892139, 49.020638123170485], [8.317725565047226, 49.02081092117994], [8.317828884791762, 49.02092335593029], [8.317891337773432, 49.021136629158384], [8.317891668526988, 49.02113774350186], [8.317958567086785, 49.02136014368823], [8.31797190370655, 49.02139198408208], [8.318292600353178, 49.02198388495466], [8.31830489551556, 49.022003576053535], [8.318305619005631, 49.0220044803949], [8.3183322, 49.0220703], [8.3184817, 49.0223312], [8.3185704, 49.0227003], [8.3185665, 49.023860800000016], [8.318568833695988, 49.0238771396914], [8.318558529512076, 49.02402037293969], [8.318558277198157, 49.02403719488856], [8.318559937749074, 49.024053982173186], [8.31861351449784, 49.02439695090544], [8.3185057, 49.025226299999986], [8.3183825, 49.0257685], [8.3179198, 49.026675999999995], [8.3177073, 49.02701789999999], [8.317479811998036, 49.027231860107264], [8.317463890672252, 49.02724444614751], [8.316904268701883, 49.02764053051279], [8.316878074257632, 49.0276614716216], [8.316855902954634, 49.027684333676405], [8.316791771674373, 49.02776019396649], [8.316713, 49.027818799999984], [8.316156277409952, 49.028278423002156], [8.315872391358084, 49.02842682210996], [8.315597, 49.028552], [8.3150126, 49.028843699999996], [8.314961723604311, 49.0288735186344], [8.314836592958374, 49.02892812719662], [8.31481045557757, 49.02894074703066], [8.31478625331961, 49.02895493796782], [8.31476420377308, 49.02897057242652], [8.314744505173477, 49.028987509847326], [8.314727334620974, 49.02900559795652], [8.314712846488177, 49.0290246741351], [8.31470117103218, 49.0290445668808], [8.31463197024419, 49.02918146668431], [8.314625917121505, 49.02919480779265], [8.314531315680675, 49.02942960751748], [8.314530399046864, 49.02943243682202], [8.314529173304399, 49.0294352150641], [8.314373870609383, 49.02986501460802], [8.314367573961563, 49.02988744377663], [8.314364764709413, 49.02991017698107], [8.31436547175513, 49.029932980375776], [8.314369687830457, 49.02995561939289], [8.314377369571277, 49.02997786115507], [8.3144418210322, 49.030128615817084], [8.314387856719335, 49.03045919949436], [8.3143859119195, 49.03048479161725], [8.314390708863678, 49.030930591617626], [8.314391925357771, 49.03094801766832], [8.314434851752637, 49.03128060210082], [8.314407356305457, 49.031358221975076], [8.314295495894852, 49.0314931874685], [8.31428232781141, 49.03151087777757], [8.314271564237318, 49.031529257846714], [8.31426328773802, 49.03154818669029], [8.314190386491662, 49.03174738647641], [8.314184458697461, 49.031767618050026], [8.314181371824958, 49.03178812144652], [8.314181151789294, 49.03180872455748], [8.31418380044102, 49.031829254437355], [8.31424459840198, 49.032133954605335], [8.314244885042205, 49.03213535692884], [8.314291683899333, 49.032358977812784], [8.31421978577245, 49.032579246558015], [8.314001125051702, 49.032973081849555], [8.31399579852713, 49.03298345231001], [8.313846902029864, 49.033298432159256], [8.313630766813866, 49.03353515003976], [8.313624163481375, 49.033542710513224], [8.313408162406045, 49.03380150995195], [8.31338793645891, 49.03383042441787], [8.313272835359546, 49.034031324096404], [8.313262951477483, 49.03405137845518], [8.3132559670721, 49.034071953238254], [8.313198365653957, 49.03428905306514], [8.313193695149765, 49.03431658436463], [8.313193152002546, 49.034323800159854], [8.312653182816383, 49.03422708148645], [8.31261433894316, 49.0341453935872], [8.312601574996842, 49.03412285937199]], [[8.2989774, 49.013007599999995], [8.299028, 49.012997999999996], [8.2990314, 49.013005699999994], [8.2989808, 49.0130152], [8.2989774, 49.013007599999995]], [[8.2990165, 49.0130966], [8.2990672, 49.01308699999999], [8.2990704, 49.01309429999999], [8.2990197, 49.0131039], [8.2990165, 49.0130966]], [[8.2990539, 49.01318169999999], [8.2991045, 49.0131721], [8.2991081, 49.01318020000001], [8.2990574, 49.0131897], [8.2990539, 49.01318169999999]], [[8.2989401, 49.0129226], [8.2989907, 49.012913], [8.2989946, 49.0129219], [8.298944, 49.01293139999999], [8.2989401, 49.0129226]], [[8.3038396, 49.036988], [8.3038299, 49.03699739999999], [8.3038143, 49.03700229999999], [8.303797, 49.0370015], [8.3037827, 49.03699509999999], [8.3037752, 49.0369848], [8.3037457, 49.03688280000001], [8.3037456, 49.0368727], [8.3037524, 49.03686359999999], [8.3037646, 49.03685750000001], [8.3037797, 49.0368556], [8.3037946, 49.0368584], [8.3038059, 49.0368652], [8.3038114, 49.0368746], [8.3038408, 49.036976599999996], [8.3038396, 49.036988]], [[8.3037028, 49.03651839999999], [8.3036931, 49.036527799999995], [8.3036775, 49.0365327], [8.3036602, 49.0365319], [8.3036459, 49.036525499999996], [8.3036384, 49.036515200000004], [8.303609, 49.0364132], [8.3036088, 49.0364031], [8.3036156, 49.0363941], [8.3036278, 49.0363879], [8.303643, 49.03638599999999], [8.3036578, 49.0363888], [8.3036692, 49.036395599999985], [8.3036747, 49.036405], [8.3037041, 49.036507099999994], [8.3037028, 49.03651839999999]]]}}, {"type": "Feature", "properties": {"klasse": "Fluss"}, "geometry": {"type": "Polygon", "coordinates": [[[8.281259547339765, 49.01195729946693], [8.28127762788339, 49.01188505961887], [8.280584686517697, 49.01188505961887], [8.280408644358218, 49.01258838871374], [8.28012697907764, 49.01308101338767], [8.279446843548886, 49.01349613682259], [8.278111506399846, 49.0139578115279], [8.277426951540438, 49.01416321173644], [8.277426951540438, 49.014658982741686], [8.277433373330908, 49.014655633770325], [8.278403991328574, 49.01436439980726], [8.2784211626658, 49.0143588607007], [8.279805166701419, 49.013880358828104], [8.27983115472254, 49.01387038993323], [8.27985570978901, 49.013858956849504], [8.279878641761956, 49.013846148107916], [8.280651142150504, 49.01337464656614], [8.280673320895538, 49.01335979480448], [8.280693316629272, 49.01334365756598], [8.280710957986347, 49.013326373150086], [8.280726093779363, 49.013308089687655], [8.280738594294537, 49.01328896387134], [8.281036409885361, 49.01276808145695], [8.281471808968487, 49.012463535534515], [8.282306420217335, 49.01188505961887], [8.28136377400639, 49.01188505961887], [8.281259547339765, 49.01195729946693]]]}}, {"type": "Feature", "properties": {"klasse": "Fluss"}, "geometry": {"type": "Polygon", "coordinates": [[[8.28543679369509, 49.01230223748587], [8.28524359146063, 49.01268923693617], [8.285235040279007, 49.01270952379321], [8.285229410537676, 49.01273024775172], [8.285226751577278, 49.01275122719453], [8.285205348933113, 49.01313832711929], [8.285207040817944, 49.01317028659718], [8.285282137686561, 49.013634686801886], [8.28528721148689, 49.01365614754725], [8.285295408910132, 49.01367718625805], [8.285306653499884, 49.013697606698734], [8.285521251725447, 49.014035407272104], [8.28553508275396, 49.01405458129799], [8.285827981177528, 49.014415582049736], [8.285845211431898, 49.01443451844683], [8.285865180524057, 49.01445225277447], [8.285887696142032, 49.014468614240016], [8.285912541448571, 49.01448344527223], [8.285939477169403, 49.01449660303872], [8.285968243897589, 49.014507960821646], [8.285998564591786, 49.01451740923811], [8.286030147244409, 49.01452485729356], [8.286062687693908, 49.01453023325826], [8.286095872554153, 49.01453348535802], [8.286129382232646, 49.01453458227292], [8.286162894008546, 49.01453351343892], [8.2861960851408, 49.01453028914957], [8.286228635976487, 49.014524940456944], [8.286260233029417, 49.01451751887252], [8.286290571999313, 49.01450809587109], [8.286319360702525, 49.0144967622024], [8.28634632188602, 49.014483627017114], [8.286371195897566, 49.01446881681559], [8.286393743186373, 49.01445247422959], [8.286413746610114, 49.01443475664852], [8.28643101352611, 49.01441583470378], [8.286445377646539, 49.0143958906253], [8.286456700639798, 49.01437511648655], [8.286464873462608, 49.014353712354755], [8.286469817410037, 49.0143318843641], [8.286471484873317, 49.0143098427305], [8.286469859798187, 49.01428779972711], [8.286464957839339, 49.01426596763995], [8.286456826209488, 49.01424455672361], [8.286445543224527, 49.01422377317624], [8.286431217549149, 49.014203817153884], [8.286145920081298, 49.01385218999406], [8.285956783922202, 49.01355447550441], [8.285889536686351, 49.01313865245964], [8.285908291979922, 49.012799350113994], [8.286060898568609, 49.012493659170254], [8.286401492222819, 49.01227023578199], [8.287132056304634, 49.01204048824398], [8.287139754403965, 49.01203798872238], [8.287596210348568, 49.01188505961887], [8.286042741122763, 49.01188505961887], [8.286020198921316, 49.011893204556095], [8.285988749059454, 49.01190781756597], [8.285959996729906, 49.011924664245115], [8.285520196757597, 49.012213163332945], [8.285498562997391, 49.012228753541144], [8.285479246712443, 49.01224560934954], [8.28546241809047, 49.01226358225076], [8.28544822540222, 49.012282513895144], [8.28543679369509, 49.01230223748587]]]}}, {"type": "Feature", "properties": {"klasse": "Fluss"}, "geometry": {"type": "Polygon", "coordinates": [[[8.293965026327188, 49.01891942735775], [8.293997348499083, 49.01891350226129], [8.294028632017824, 49.0189055219761], [8.29405857560279, 49.0188955633576], [8.294086890878287, 49.01888372231389], [8.294113305150859, 49.01887011288193], [8.294137564035555, 49.01885486612939], [8.294159433905822, 49.01883812889223], [8.29417870414348, 49.018820062360604], [8.29419518916706, 49.01880084052644], [8.29420873021899, 49.01878064850772], [8.294219196894453, 49.018759680765676], [8.29422648839712, 49.01873813923201], [8.294230534509767, 49.01871623136405], [8.294231296270326, 49.01869416814693], [8.294228766346972, 49.01867216206156], [8.294222969108551, 49.01865042503838], [8.29421396038974, 49.01862916641635], [8.29420182695316, 49.018608590926895], [8.294186685653672, 49.0185888967223], [8.29416868231287, 49.01857027346738], [8.294147990314638, 49.01855290051298], [8.2941248089353, 49.01853694516879], [8.29409936142444, 49.01852256109208], [8.29407189285488, 49.018509886807934], [8.29400029301678, 49.01848018692091], [8.29397106795747, 49.01846934447028], [8.29394036782486, 49.01846043828761], [8.2939084882751, 49.01845355414324], [8.2938757363222, 49.01844875833437], [8.293842427381444, 49.01844609704667], [8.293808882231923, 49.01844559590943], [8.293775423927427, 49.01844725974878], [8.293742374685412, 49.01845107254123], [8.293710052784046, 49.01845699756798], [8.293678769497172, 49.018464977768495], [8.29364882609671, 49.01847493629001], [8.293620510951376, 49.01848677722767], [8.293594096749624, 49.018500386548034], [8.293569837873587, 49.018515633187285], [8.293547967949271, 49.018532370313366], [8.29352869759663, 49.01855043673999], [8.293512212401142, 49.018569658478974], [8.293498671126475, 49.018589850415644], [8.293488204185419, 49.0186108180917], [8.293480912383817, 49.01863235957781], [8.293476865949632, 49.01865426741829], [8.29347610385645, 49.01867633062904], [8.29347863344799, 49.018698336729365], [8.293484430367206, 49.018720073788295], [8.293493438790692, 49.01874133246557], [8.293505571966149, 49.01876190802784], [8.29352071304769, 49.01878160232023], [8.29353871622103, 49.0188002256748], [8.29355940810764, 49.018817598737215], [8.293582589434408, 49.01883355419398], [8.293608036952717, 49.01884793838394], [8.29363550558843, 49.01886061277808], [8.29370710575033, 49.01889031289103], [8.293736330997087, 49.01890115540861], [8.293767031362933, 49.01891006164597], [8.293798911183652, 49.01891694583015], [8.293831663435663, 49.018921741661806], [8.29386497269295, 49.01892440295388], [8.293898518164939, 49.018924904076265], [8.293931976786057, 49.018923240202824], [8.293965026327188, 49.01891942735775]]]}}, {"type": "Feature", "properties": {"klasse": "Fluss"}, "geometry": {"type": "Polygon", "coordinates": [[[8.27898194203042, 49.022078020625955], [8.279008808345141, 49.022091243196726], [8.279037515960644, 49.022102670212526], [8.279067788404909, 49.02211219162367], [8.279099334135042, 49.02211971573265], [8.279131849345099, 49.02212517007727], [8.279165020892032, 49.02212850212847], [8.279198529311566, 49.02212967979639], [8.279232051894985, 49.02212869173925], [8.279265265797148, 49.02212554747267], [8.279297851145843, 49.02212027727805], [8.279329494122479, 49.02211293191089], [8.279359889984487, 49.02210358211196], [8.27938874600029, 49.022092317926024], [8.279415784268572, 49.02207924783455], [8.279440744394698, 49.02206449771103], [8.279463385998513, 49.022048209608634], [8.279483491029358, 49.022030540392095], [8.279500865865987, 49.022011660227], [8.27951534318122, 49.02199175094091], [8.2795267835533, 49.021971004272274], [8.279535076808507, 49.02194962002375], [8.279540143082064, 49.02192780413807], [8.27954193358713, 49.02190576671455], [8.279540431084481, 49.02188371998582], [8.279535650048375, 49.021861876273796], [8.279527636526982, 49.021840445945024], [8.279516467698764, 49.021819635384624], [8.279502251129047, 49.0217996450088], [8.27948512373398, 49.0217806673347], [8.27946525046185, 49.021762885126506], [8.27944282270446, 49.021746469635225], [8.27941805645387, 49.02173157894963], [8.279080721792806, 49.0215479037988], [8.278672965159592, 49.021241461812885], [8.278354651247394, 49.02093166726692], [8.277876076501446, 49.020440391757276], [8.277592757954736, 49.02003690321956], [8.277428953696164, 49.01945252903359], [8.277426951540438, 49.01944614894749], [8.277426951540438, 49.020813073513445], [8.277781090058829, 49.02117661482845], [8.27778569016718, 49.02118121218147], [8.278118289150926, 49.02150491298633], [8.278144281813333, 49.02152709558507], [8.278584181392707, 49.021857696555706], [8.278603045322514, 49.02187077613987], [8.27862344165383, 49.02188281995246], [8.27898194203042, 49.022078020625955]]]}}, {"type": "Feature", "properties": {"klasse": "Fluss"}, "geometry": {"type": "Polygon", "coordinates": [[[8.29385140163659, 49.03259980968923], [8.293883897889605, 49.03260533019534], [8.293917060605711, 49.032608729755225], [8.293950570405691, 49.0326099756288], [8.293984104567532, 49.03260905581746], [8.294017340134582, 49.03260597917957], [8.294049957025974, 49.0326007753452], [8.294081641119332, 49.03259349443077], [8.29411208727609, 49.03258420655633], [8.294141002280288, 49.03257300117026], [8.294168107662486, 49.03255998618777], [8.294193142381687, 49.0325452869516], [8.29421586533934, 49.03252904502487], [8.294236057701267, 49.0325114168276], [8.294253525005166, 49.032492572130344], [8.294268099033312, 49.03247269241909], [8.294279639432535, 49.03245196914749], [8.294288035065783, 49.03243060189285], [8.294293205082317, 49.03240879643426], [8.29429509969618, 49.032386762770656], [8.29429370066553, 49.03236471309842], [8.294289021468135, 49.032342859767866], [8.294281107171413, 49.03232141323814], [8.29427003399825, 49.0323005800504], [8.294255908592783, 49.032280560838814], [8.294238866993219, 49.032261548398196], [8.294183766811148, 49.03220644853265], [8.29416253878954, 49.03218746711771], [8.294138406965143, 49.03217005027721], [8.294111636232172, 49.0321543891931], [8.294082520450898, 49.03214065577455], [8.2921454247173, 49.03132445886545], [8.292116312009528, 49.03131347787893], [8.292085702617207, 49.031304426097314], [8.292053891322658, 49.031297390693155], [8.29202118448259, 49.03129243942033], [8.291987897077846, 49.03128961996168], [8.29195434968013, 49.03128895946977], [8.291920865364887, 49.031290464305386], [8.291887766600052, 49.031294119976295], [8.291855372140708, 49.031299891276845], [8.291823993959433, 49.031307722626956], [8.29179393424199, 49.03131753860737], [8.291765482477238, 49.03132924468595], [8.291738912669292, 49.031342728128024], [8.291714480698795, 49.03135785908203], [8.29169242185869, 49.03137449183004], [8.291672948588225, 49.03139246619102], [8.291656248427033, 49.03141160906335], [8.291642482208966, 49.03143173609198], [8.291631782513091, 49.031452653443665], [8.29162425238678, 49.03147415967378], [8.291619964353167, 49.03149604766618], [8.291618959712556, 49.03151810662794], [8.291621248144532, 49.031540124119296], [8.291626807614557, 49.03156188809958], [8.291635584586016, 49.031583188969336], [8.291647494535654, 49.03160382158883], [8.291662422767416, 49.031623587253755], [8.291680225516926, 49.031642295608826], [8.2917007313359, 49.03165976648107], [8.291723742743233, 49.03167583161511], [8.291749038126778, 49.031690336293465], [8.291776373877601, 49.031703140826785], [8.293652210243055, 49.0324935294601], [8.293667331595701, 49.032508650884914], [8.293687125173289, 49.032526473548955], [8.293709480255526, 49.032542934707585], [8.293734181551272, 49.032557875829454], [8.293760991173215, 49.032571153021976], [8.293789650928867, 49.032582638417146], [8.293819884807148, 49.03259222140306], [8.29385140163659, 49.03259980968923]]]}}, {"type": "Feature", "properties": {"klasse": "Fluss"}, "geometry": {"type": "Polygon", "coordinates": [[[8.281980423270001, 49.04284234191326], [8.281991243544327, 49.04282145090571], [8.281998896863659, 49.04279996328071], [8.282003309526235, 49.04277808597646], [8.282004439039898, 49.04275602968374], [8.282002274531155, 49.04273400681685], [8.281996836849736, 49.04271222946787], [8.28198817836761, 49.04269090736413], [8.281976382474495, 49.04267024584845], [8.281961562774582, 49.04265044390162], [8.281943861992366, 49.04263169222609], [8.281923450598017, 49.04261417140948], [8.281900525165586, 49.04259805018549], [8.281875306479844, 49.04258348380888], [8.281848037409992, 49.042570612560425], [8.281818980570712, 49.04255956039592], [8.28178841579311, 49.042550433752524], [8.281756637429865, 49.042543320523706], [8.281723951520553, 49.042538289212885], [8.281690672844462, 49.04253538827368], [8.28165712188924, 49.04253464564331], [8.28162362176458, 49.04253606847362], [8.281590495090677, 49.04253964306213], [8.281558060891378, 49.042545334984034], [8.281526631521956, 49.042553089423706], [8.281104132954468, 49.0426731889376], [8.28107401093951, 49.04268293110525], [8.281045486508132, 49.042694567295484], [8.281018834364243, 49.04270798544667], [8.28099431118139, 49.04272305633609], [8.280972153130909, 49.0427396348242], [8.280952573607468, 49.04275756125254], [8.28093576117394, 49.042776662981154], [8.280921877745394, 49.04279675605117], [8.28091105702968, 49.04281764695647], [8.280903403239636, 49.04283913450705], [8.28089899008933, 49.04286101176672], [8.280897860084007, 49.04288306804589], [8.28090002411058, 49.04290509093065], [8.28090546133261, 49.04292686832844], [8.280914119390811, 49.042948190510565], [8.280925914907147, 49.04296885213206], [8.28094073428764, 49.042988654209324], [8.28095843481624, 49.043007406036374], [8.28097884602914, 49.04302492702165], [8.281001771356369, 49.043041048427064], [8.281026990014816, 49.043055614993314], [8.281054259134482, 49.04306848643496], [8.281083316097481, 49.04307953879162], [8.281113881067231, 49.043088665621866], [8.28114565968352, 49.043095779028214], [8.281178345897477, 49.04310081050379], [8.281211624919097, 49.04310371159211], [8.281245176249021, 49.04310445435369], [8.281278676765258, 49.04310303163522], [8.281311803835196, 49.043099457138425], [8.281344238422916, 49.043093765288106], [8.281375668161807, 49.04308601090059], [8.28179816959433, 49.04296591041448], [8.2818282916414, 49.04295616805843], [8.281856816042525, 49.042944531675076], [8.281883468090163, 49.04293111333043], [8.281907991109366, 49.042916042251825], [8.281930148929723, 49.04289946358343], [8.281949728159844, 49.04288153698828], [8.281966540242404, 49.042862435110635], [8.281980423270001, 49.04284234191326]]]}}, {"type": "Feature", "properties": {"klasse": "Fluss"}, "geometry": {"type": "Polygon", "coordinates": [[[8.27838294154598, 49.04445950588252], [8.278387951036434, 49.044481327576285], [8.278396190129186, 49.04450272141245], [8.27840757948111, 49.044523481356045], [8.278422009409896, 49.04454340747653], [8.278439340950209, 49.04456230787344], [8.278459407191905, 49.04458000052432], [8.278482014887379, 49.04459631503796], [8.278506946312604, 49.04461109429521], [8.278533961363902, 49.044624195962406], [8.278562799870311, 49.044635493861904], [8.278593184099204, 49.04464487918752], [8.278624821431091, 49.04465226155236], [8.278657407177812, 49.04465756985926], [8.278690627516974, 49.044660752985656], [8.278724162514392, 49.044661780275895], [8.278757689205369, 49.04466064183643], [8.278790884705215, 49.044657348631205], [8.278823429318946, 49.04465193237598], [8.278855009620298, 49.04464444523288], [8.27888532147033, 49.04463495930814], [8.278914072946593, 49.04462356595743], [8.278940987154586, 49.04461037490621], [8.278965804894503, 49.044595513192874], [8.279328904899444, 49.04435561243637], [8.279351386934874, 49.04433922311625], [8.279371316979468, 49.04432146410867], [8.279388503097257, 49.04430250644392], [8.279402779778579, 49.04428253269593], [8.27941400953394, 49.044261735223955], [8.279422084218021, 49.0442403143199], [8.279426926071036, 49.04421847627945], [8.279428488467454, 49.04419643141533], [8.27942675636488, 49.04417439203174], [8.27942174644874, 49.044152570379914], [8.279413506971443, 49.04413117661387], [8.279402117287491, 49.04411041676661], [8.27938768708915, 49.04409049076592], [8.279370355349883, 49.04407159050899], [8.279350288985874, 49.044053898014376], [8.279327681248452, 49.04403758366914], [8.279302749862923, 49.044022804587925], [8.27927573493174, 49.044009703099945], [8.279246896622205, 49.04399840537831], [8.279216512660959, 49.04398902022505], [8.279184875659398, 49.04398163802316], [8.279152290295787, 49.043976329866396], [8.279119070381151, 49.04397314687452], [8.279085535837266, 49.043972119701074], [8.279052009615787, 49.04397325823814], [8.279018814588222, 49.04397655152109], [8.27898627043666, 49.04398196783424], [8.278954690575228, 49.043989455016174], [8.278924379131883, 49.04399894096213], [8.278895628019624, 49.044010334318344], [8.27886871412532, 49.044023525361816], [8.278843896643208, 49.04403838705696], [8.27848079664817, 49.04427828630046], [8.278458314356168, 49.044294675449926], [8.278438383998976, 49.04431243429842], [8.278421197518087, 49.044331391819924], [8.278406920430745, 49.04435136544438], [8.278395690235868, 49.04437216281596], [8.278387615089724, 49.04439358364552], [8.278382772764228, 49.04441542163947], [8.278381209897782, 49.04443746648639], [8.27838294154598, 49.04445950588252]]]}}, {"type": "Feature", "properties": {"klasse": "Fluss"}, "geometry": {"type": "Polygon", "coordinates": [[[8.27820475141679, 49.044555994285616], [8.278212577913662, 49.044534533607276], [8.27821716682522, 49.044512671978794], [8.278218473961921, 49.04449061993999], [8.278216486739664, 49.04446858986419], [8.278211224300811, 49.04444679391291], [8.278202737329678, 49.044425441992665], [8.278191107564247, 49.04440473973342], [8.278176447008848, 49.0443848865084], [8.278158896855361, 49.04436607351385], [8.278138626123361, 49.04434848192797], [8.278115830032286, 49.04433228116597], [8.278090728121327, 49.04431762724865], [8.278063562135124, 49.04430466129981], [8.278034593695656, 49.04429350818731], [8.278004101782729, 49.044284275320415], [8.277972380047325, 49.044277051615644], [8.277939733983697, 49.04427190664029], [8.277906477987415, 49.04426888994262], [8.277872932327718, 49.044268030574706], [8.277839420063312, 49.04426933681258], [8.277806263931291, 49.044272796076605], [8.277773783239187, 49.0442783750526], [8.277742290790002, 49.04428602001265], [8.27771208986991, 49.044295657332526], [8.277426951540438, 49.044398301848815], [8.277426951540438, 49.04491108509999], [8.278040711423888, 49.044690142432934], [8.278069330105295, 49.04467860547762], [8.278096090743686, 49.04466528007186], [8.27812073561828, 49.04465029454792], [8.27814302738509, 49.04463379322604], [8.2781627513627, 49.04461593502435], [8.278179717599741, 49.044596891928464], [8.27819376270418, 49.04457684733505], [8.27820475141679, 49.044555994285616]]]}}, {"type": "Feature", "properties": {"klasse": "See"}, "geometry": {"type": "Polygon", "coordinates": [[[8.2896716, 49.0203937], [8.2891712, 49.020428], [8.288129, 49.02056650000001], [8.2879073, 49.020370400000004], [8.2872947, 49.0202395], [8.2864068, 49.02012859999999], [8.2854992, 49.02019309999999], [8.28487, 49.0201843], [8.2845422, 49.0202121], [8.2843936, 49.0202617], [8.2841978, 49.02036019999999], [8.2839988, 49.0203735], [8.2830622, 49.0200918], [8.2820783, 49.019647799999994], [8.2818879, 49.01931249999999], [8.2817865, 49.0190237], [8.2820612, 49.018503], [8.282287, 49.01805199999999], [8.282397, 49.0176052], [8.282414, 49.017227299999995], [8.2826566, 49.01660389999999], [8.2826979, 49.016236599999985], [8.2826765, 49.01600930000001], [8.2827387, 49.0159084], [8.2829603, 49.0158767], [8.2832473, 49.01577639999999], [8.2834232, 49.01564590000001], [8.2834447, 49.0154834], [8.2835418, 49.015308899999994], [8.2837483, 49.0151604], [8.2837488, 49.01503060000001], [8.2836147, 49.01471289999999], [8.2832124, 49.013916699999996], [8.2826872, 49.0132661], [8.2825493, 49.0129674], [8.2821614, 49.01266100000001], [8.2817973, 49.0125348], [8.2810317, 49.01317149999999], [8.280505, 49.0137805], [8.2800999, 49.0149085], [8.279761500000001, 49.01620849999999], [8.2796965, 49.01686219999999], [8.2798092, 49.0179841], [8.2800769, 49.01887910000001], [8.2804958, 49.019860599999994], [8.2810999, 49.02065150000001], [8.281573, 49.02102120000001], [8.2828025, 49.02178980000001], [8.2847815, 49.0225082], [8.2862985, 49.022900099999994], [8.2869423, 49.02296940000001], [8.2877206, 49.0230161], [8.2885752, 49.022939100000016], [8.289097700000001, 49.022866999999984], [8.2892404, 49.0227171], [8.2893605, 49.0224572], [8.2891771, 49.022117], [8.2888799, 49.021617500000005], [8.2886149, 49.021167199999994], [8.2882688, 49.0206952], [8.2892101, 49.02052520000001], [8.289717, 49.02046849999999], [8.2896716, 49.0203937]]]}}, {"type": "Feature", "properties": {"klasse": "See"}, "geometry": {"type": "Polygon", "coordinates": [[[8.294676, 49.0273557], [8.2951398, 49.027299], [8.2951156, 49.02720819999998], [8.2945652, 49.02713789999999], [8.294174, 49.026999399999994], [8.2938936, 49.0269881], [8.2937759, 49.027074299999995], [8.2930525, 49.027040299999996], [8.2925921, 49.02701979999999], [8.2921109, 49.02707199999999], [8.2925332, 49.027160599999995], [8.2928933, 49.0271379], [8.2933467, 49.027212799999994], [8.2935717, 49.02725819999999], [8.2940667, 49.027228599999994], [8.2944406, 49.027269499999996], [8.294676, 49.0273557]]]}}, {"type": "Feature", "properties": {"klasse": "See"}, "geometry": {"type": "Polygon", "coordinates": [[[8.2917583, 49.0283458], [8.2918485, 49.028457100000004], [8.2919546, 49.0284797], [8.2920634, 49.028451900000015], [8.2920607, 49.028351], [8.2920077, 49.028291900000006], [8.2918724, 49.028236199999995], [8.2917663, 49.0282501], [8.2917583, 49.0283458]]]}}, {"type": "Feature", "properties": {"klasse": "See"}, "geometry": {"type": "Polygon", "coordinates": [[[8.2857566, 49.0310554], [8.2857866, 49.031043100000005], [8.2857764, 49.03103269999999], [8.2857574, 49.031040499999996], [8.2857458, 49.031045299999995], [8.2857566, 49.0310554]]]}}, {"type": "Feature", "properties": {"klasse": "See"}, "geometry": {"type": "Polygon", "coordinates": [[[8.294458700000002, 49.0327097], [8.2944968, 49.0329215], [8.2946229, 49.033001599999984], [8.2946373, 49.0332323], [8.2947358, 49.03322800000001], [8.2950471, 49.0327846], [8.29503, 49.03271749999999], [8.2939636, 49.032354100000006], [8.293898, 49.032371299999994], [8.2938152, 49.03244879999999], [8.2938192, 49.0325074], [8.294458700000002, 49.0327097]]]}}, {"type": "Feature", "properties": {"klasse": "See"}, "geometry": {"type": "Polygon", "coordinates": [[[8.2945495, 49.03559729999999], [8.2953968, 49.034931900000004], [8.2960827, 49.03446799999999], [8.2963354, 49.03429319999999], [8.2963523, 49.0342139], [8.2963485, 49.03409679999999], [8.2963327, 49.03404999999999], [8.2962753, 49.03401009999999], [8.2961787, 49.03402049999999], [8.2960596, 49.03408499999998], [8.2958029, 49.03422249999999], [8.2935534, 49.0360608], [8.2934482, 49.0361872], [8.293427, 49.03627159999999], [8.2934595, 49.036348799999985], [8.2935188, 49.0363835], [8.2936303, 49.0363808], [8.293699, 49.0363451], [8.2945495, 49.03559729999999]]]}}, {"type": "Feature", "properties": {"klasse": "See"}, "geometry": {"type": "Polygon", "coordinates": [[[8.283262, 49.03780849999998], [8.2832208, 49.03783829999999], [8.2831977, 49.0378755], [8.2831954, 49.0379156], [8.2832141, 49.03795389999999], [8.2832517, 49.03798570000001], [8.2833036, 49.0380071], [8.2833636, 49.0380155], [8.2834243, 49.0380101], [8.2834736, 49.0379937], [8.2835128, 49.0379682], [8.283538, 49.03793599999999], [8.2835469, 49.037900199999996], [8.2835384, 49.037864400000004], [8.2835135, 49.03783210000001], [8.2834745, 49.037806399999994], [8.2834253, 49.0377899], [8.2833708, 49.03778409999999], [8.2833162, 49.0377897], [8.283262, 49.03780849999998]]]}}, {"type": "Feature", "properties": {"klasse": "See"}, "geometry": {"type": "Polygon", "coordinates": [[[8.2835172, 49.038430999999996], [8.2834261, 49.03844399999999], [8.2833474, 49.038475299999995], [8.283288200000001, 49.038521499999995], [8.283255, 49.0385778], [8.2832513, 49.0386381], [8.2832775, 49.038696], [8.2833307, 49.0387452], [8.2834054, 49.0387806], [8.2834934, 49.038798199999995], [8.2835854, 49.0387963], [8.2836726, 49.0387747], [8.2837442, 49.0387356], [8.2837924, 49.0386833], [8.283811900000002, 49.0386235], [8.2838005, 49.0385629], [8.2837596, 49.038508], [8.2836936, 49.0384649], [8.2836097, 49.03843820000001], [8.2835172, 49.038430999999996]]]}}, {"type": "Feature", "properties": {"klasse": "See"}, "geometry": {"type": "Polygon", "coordinates": [[[8.284731, 49.041694799999995], [8.2849338, 49.0417358], [8.2849113, 49.041852199999994], [8.2849354, 49.0419371], [8.2848887, 49.0420927], [8.2849829, 49.0421551], [8.285025, 49.04222949999999], [8.2850907, 49.0422362], [8.285193, 49.04218409999999], [8.2852925, 49.04210439999999], [8.2853874, 49.042068400000005], [8.2854494, 49.042024299999994], [8.2854853, 49.041953899999996], [8.2855547, 49.0418984], [8.2857293, 49.04182769999999], [8.2858044, 49.041698], [8.2857181, 49.041634900000005], [8.2856947, 49.041568399999996], [8.2854254, 49.0415807], [8.2852699, 49.04160809999998], [8.2851322, 49.0415886], [8.2847313, 49.041594200000006], [8.284731, 49.041694799999995]]]}}, {"type": "Feature", "properties": {"klasse": "See"}, "geometry": {"type": "Polygon", "coordinates": [[[8.2898448, 49.04279519999999], [8.2903184, 49.04277529999999], [8.290593, 49.042841100000004], [8.2908178, 49.042841100000004], [8.2907757, 49.04273939999999], [8.2903472, 49.04268540000001], [8.2897443, 49.0424594], [8.2892022, 49.04231559999999], [8.2886361, 49.0421516], [8.2884384, 49.0422805], [8.2882227, 49.042324199999996], [8.2877552, 49.042254099999994], [8.287056, 49.0421189], [8.2862172, 49.04200410000001], [8.2860834, 49.0420187], [8.2859069, 49.04207039999999], [8.285516, 49.04233429999999], [8.28521, 49.042485799999994], [8.2849665, 49.04262980000001], [8.2848252, 49.0427109], [8.2846506, 49.04271599999999], [8.2846355, 49.04275959999999], [8.2848493, 49.0428055], [8.2849499, 49.0428434], [8.2850102, 49.042819899999984], [8.2850981, 49.0428124], [8.2854031, 49.0429195], [8.2857259, 49.0429345], [8.2862387, 49.04287209999998], [8.2867549, 49.0427671], [8.2874493, 49.0427148], [8.2881145, 49.0427433], [8.2891541, 49.0427914], [8.2898448, 49.04279519999999]]]}}, {"type": "Feature", "properties": {"klasse": "See"}, "geometry": {"type": "Polygon", "coordinates": [[[8.2793321, 49.043916599999996], [8.2792457, 49.0440005], [8.279132, 49.04406149999999], [8.2790989, 49.04413910000001], [8.2790864, 49.044197], [8.279143, 49.044210899999996], [8.2792854, 49.04417629999998], [8.279360500000001, 49.044123500000005], [8.2793766, 49.0440743], [8.2794088, 49.04403909999999], [8.2795019, 49.044021699999995], [8.2795965, 49.0439864], [8.2796502, 49.04392659999999], [8.2796877, 49.04385629999999], [8.2797736, 49.043743799999994], [8.279897, 49.04363119999999], [8.2800954, 49.0434765], [8.2802135, 49.04337809999999], [8.2803441, 49.0433185], [8.2805139, 49.04322690000001], [8.280660600000001, 49.04316730000001], [8.2808215, 49.0430969], [8.2808894, 49.04303699999999], [8.2809591, 49.042994799999995], [8.2810629, 49.042984399999995], [8.2811541, 49.04296329999999], [8.2812346, 49.042917599999996], [8.2812541, 49.0428999], [8.2812399, 49.0428796], [8.2812232, 49.0428618], [8.2811582, 49.0428688], [8.2810195, 49.0428352], [8.2806222, 49.04298120000001], [8.2801396, 49.0432185], [8.2797393, 49.04351530000001], [8.2794562, 49.043806599999996], [8.2793321, 49.043916599999996]]]}}, {"type": "Feature", "properties": {"klasse": "See"}, "geometry": {"type": "Polygon", "coordinates": [[[8.2835407, 49.04268239999999], [8.2836614, 49.04270770000001], [8.2837821, 49.04279319999999], [8.2838691, 49.0428108], [8.2839399, 49.04287750000001], [8.2842311, 49.043013599999995], [8.2848073, 49.0432088], [8.2856788, 49.0434012], [8.2861112, 49.04342340000001], [8.286497, 49.0433836], [8.2867849, 49.04335549999999], [8.2870597, 49.0432803], [8.2874376, 49.04314310000001], [8.2878754, 49.04306189999999], [8.2882994, 49.0431392], [8.28883, 49.0433398], [8.2905908, 49.044390299999996], [8.2917906, 49.04481009999999], [8.2923804, 49.04499289999999], [8.2933255, 49.04513670000001], [8.2945994, 49.045010899999994], [8.2957654, 49.0450668], [8.2961937, 49.0452174], [8.2957981, 49.04498220000001], [8.2945916, 49.04492909999999], [8.2933572, 49.045039599999996], [8.2924131, 49.04491169999999], [8.2918413, 49.04471779999999], [8.2908006, 49.0443376], [8.2889343, 49.043255499999994], [8.2883558, 49.0430338], [8.2878756, 49.0429494], [8.2873821, 49.04303899999999], [8.2864907, 49.0432695], [8.2857098, 49.0432766], [8.2848549, 49.043093699999986], [8.2843003, 49.04290009999999], [8.2839855, 49.0427633], [8.2838704, 49.0427859], [8.2837902, 49.04277869999999], [8.2837554, 49.04274379999999], [8.2836531, 49.0426521], [8.2834552, 49.042539799999986], [8.2833202, 49.0424953], [8.283192, 49.04246940000001], [8.283086, 49.04247719999999], [8.2829484, 49.04250449999999], [8.2826264, 49.042538], [8.2820549, 49.04259249999999], [8.281775900000001, 49.04268759999999], [8.281721100000002, 49.042706300000006], [8.2816728, 49.042735099999994], [8.2816624, 49.042759499999995], [8.2818293, 49.042796700000004], [8.282051500000001, 49.04277369999999], [8.2824147, 49.04269970000001], [8.2827151, 49.042661], [8.2831547, 49.042652200000006], [8.2835407, 49.04268239999999]]]}}, {"type": "Feature", "properties": {"klasse": "See"}, "geometry": {"type": "Polygon", "coordinates": [[[8.2779604, 49.04484789999999], [8.2779676, 49.04490430000001], [8.2780535, 49.0449043], [8.2781178, 49.04489019999999], [8.2782198, 49.044897299999995], [8.2783144, 49.044918199999984], [8.278359200000002, 49.0449641], [8.2784539, 49.044960399999994], [8.2784182, 49.044907800000004], [8.2784378, 49.0448514], [8.2785041, 49.0448691], [8.2785827, 49.04482329999999], [8.2786095, 49.0447635], [8.2786436, 49.04469329999999], [8.2786846, 49.04461579999999], [8.2787455, 49.04450349999999], [8.2787233, 49.0444369], [8.2785763, 49.044491300000004], [8.278509, 49.0445776], [8.278356, 49.04467090000001], [8.2783537, 49.0447321], [8.2782434, 49.0448009], [8.2781201, 49.04482729999999], [8.2780421, 49.0448133], [8.2780549, 49.044723899999994], [8.2781446, 49.044614300000006], [8.2782302, 49.044524700000004], [8.278259, 49.044442300000014], [8.2781933, 49.0443306], [8.278099, 49.0442557], [8.2779659, 49.04428519999999], [8.2778679, 49.044366399999994], [8.2778249, 49.0444563], [8.2778764, 49.044492899999995], [8.2779175, 49.0445068], [8.2779604, 49.044534899999995], [8.2779979, 49.04457359999999], [8.2780033, 49.0446263], [8.2779658, 49.044714199999994], [8.2779711, 49.0447775], [8.2779604, 49.04484789999999]]]}}, {"type": "Feature", "properties": {"klasse": "See"}, "geometry": {"type": "Polygon", "coordinates": [[[8.2967732, 49.045609299999995], [8.296784, 49.045732300000004], [8.2973059, 49.0457126], [8.297295, 49.0455896], [8.2967732, 49.045609299999995]]]}}, {"type": "Feature", "properties": {"klasse": "See"}, "geometry": {"type": "Polygon", "coordinates": [[[8.277436, 49.04847240000001], [8.2775776, 49.048448], [8.2776818, 49.04840889999999], [8.2777204, 49.0483361], [8.2777042, 49.04826250000001], [8.2776873, 49.0481444], [8.2776246, 49.0479572], [8.277577, 49.04791479999999], [8.277502, 49.0479282], [8.277426951540438, 49.047952906305134], [8.277426951540438, 49.04847337821185], [8.277436, 49.04847240000001]]]}}, {"type": "Feature", "properties": {"klasse": "See"}, "geometry": {"type": "Polygon", "coordinates": [[[8.2774901, 49.05345299999999], [8.2774673, 49.0533358], [8.2775212, 49.0531846], [8.2774321, 49.0531164], [8.277426951540438, 49.05311520002607], [8.277426951540438, 49.053453775110945], [8.27749094207605, 49.053453775110945], [8.2774901, 49.05345299999999]]]}}, {"type": "Feature", "properties": {"klasse": "See"}, "geometry": {"type": "Polygon", "coordinates": [[[8.3023311, 49.0220308], [8.3024341, 49.022074999999994], [8.3025156, 49.02207939999999], [8.3026559, 49.02205719999999], [8.3027299, 49.0219891], [8.3027222, 49.0219188], [8.3027205, 49.0218795], [8.3027425, 49.021844099999996], [8.3027091, 49.02169450000001], [8.302752, 49.02154060000001], [8.3028335, 49.02145469999999], [8.3028966, 49.021402999999985], [8.3029755, 49.0213009], [8.3029586, 49.02123250000001], [8.3029738, 49.02107029999999], [8.3029984, 49.02088229999999], [8.3029563, 49.0204761], [8.3029171, 49.0201843], [8.3028721, 49.0200912], [8.3027932, 49.0199006], [8.3025873, 49.0196949], [8.3024883, 49.01953759999999], [8.3025341, 49.0194986], [8.3023921, 49.019266599999995], [8.3023555, 49.0191003], [8.302297, 49.01895330000001], [8.30204, 49.0189708], [8.3021464, 49.01917099999999], [8.3021015, 49.019208899999995], [8.3018881, 49.01916789999999], [8.3018491, 49.019273999999996], [8.301932500000001, 49.019331699999995], [8.3020651, 49.019433299999996], [8.302156, 49.019508200000004], [8.3021105, 49.019568099999994], [8.3021699, 49.019746500000004], [8.3022039, 49.0198827], [8.3023483, 49.02012989999999], [8.3024498, 49.020417499999986], [8.3025304, 49.02068660000001], [8.3025507, 49.021029999999996], [8.3026592, 49.021204999999995], [8.3026476, 49.0213137], [8.3025408, 49.02138709999999], [8.3025048, 49.0214388], [8.3024147, 49.021489], [8.3024063, 49.0216368], [8.30233, 49.021676799999995], [8.3022647, 49.021708499999995], [8.3021394, 49.021742100000004], [8.302122, 49.02178190000001], [8.3021074, 49.02181959999999], [8.3020815, 49.0218307], [8.3020465, 49.021831399999996], [8.3020172, 49.021824], [8.301997000000002, 49.0218086], [8.3020274, 49.02192169999999], [8.3020451, 49.02190569999999], [8.302062600000001, 49.02189739999999], [8.3020945, 49.021892699999995], [8.3021287, 49.02189680000001], [8.3022095, 49.021882399999996], [8.3022439, 49.02193030000001], [8.3022616, 49.021972600000005], [8.3023311, 49.0220308]]]}}, {"type": "Feature", "properties": {"klasse": "See"}, "geometry": {"type": "Polygon", "coordinates": [[[8.3093063, 49.0310733], [8.3093116, 49.0311542], [8.309317, 49.0311893], [8.3093277, 49.031238599999995], [8.3093545, 49.03129130000001], [8.3093706, 49.03133], [8.3093814, 49.0313617], [8.3093975, 49.0314004], [8.3094189, 49.03145310000001], [8.309435, 49.031505900000006], [8.3094672, 49.0315375], [8.3095221, 49.0315907], [8.3095927, 49.03168780000001], [8.3097727, 49.0318234], [8.3098856, 49.0318791], [8.310023600000001, 49.03191879999999], [8.3101066, 49.0319237], [8.310178, 49.03191], [8.3102518, 49.031867599999984], [8.3103325, 49.031793], [8.3103927, 49.0317321], [8.3104364, 49.03165400000001], [8.310471, 49.0315949], [8.310511, 49.03154309999999], [8.3105794, 49.03149590000001], [8.310601, 49.0314691], [8.3106277, 49.0313701], [8.3106962, 49.031221099999996], [8.310739, 49.0311231], [8.3107219, 49.0310252], [8.3107049, 49.030969299999995], [8.3106818, 49.0309219], [8.3106426, 49.03086809999999], [8.3104676, 49.030577900000004], [8.3103409, 49.03049409999999], [8.3101927, 49.03040190000001], [8.3100327, 49.03027010000001], [8.3099622, 49.030246500000004], [8.3099088, 49.03025409999999], [8.3097724, 49.030381999999996], [8.3096645, 49.0304699], [8.3095016, 49.030602], [8.3094189, 49.03073559999999], [8.3093599, 49.0308482], [8.3093277, 49.03099939999999], [8.3093063, 49.0310733]], [[8.3097912, 49.0312224], [8.30977, 49.03119309999999], [8.3097861, 49.03114819999999], [8.309781, 49.031112199999995], [8.309763100000001, 49.0310682], [8.3097697, 49.0310432], [8.3097912, 49.03102259999999], [8.3098359, 49.0310074], [8.309879, 49.0310041], [8.3099353, 49.0310041], [8.3099718, 49.0310063], [8.3100297, 49.0310161], [8.3100662, 49.0310193], [8.3101026, 49.0310226], [8.310149, 49.031041000000016], [8.3101672, 49.0310508], [8.3101887, 49.03106929999999], [8.3102086, 49.0310975], [8.3102169, 49.0311203], [8.3102169, 49.03115069999999], [8.310202, 49.03118], [8.310185400000002, 49.03120609999999], [8.3101672, 49.03123320000001], [8.3101523, 49.03124739999999], [8.3101291, 49.03126040000001], [8.3100744, 49.0312799], [8.3100065, 49.0312832], [8.3099486, 49.0312778], [8.3099022, 49.03125929999999], [8.309860800000001, 49.03124739999999], [8.309821, 49.0312343], [8.3097912, 49.0312224]], [[8.3100456, 49.031496199999985], [8.3100414, 49.031521899999994], [8.3100244, 49.0315379], [8.3100085, 49.03155249999999], [8.3100011, 49.03156919999999], [8.3100053, 49.031581700000004], [8.3100191, 49.03159769999999], [8.3100202, 49.031617100000005], [8.310011700000002, 49.03163169999999], [8.3099894, 49.0316491], [8.3099704, 49.03165539999999], [8.3099439, 49.0316554], [8.3099301, 49.031652599999994], [8.3099163, 49.03164699999999], [8.309903600000002, 49.0316373], [8.3098866, 49.0316025], [8.3098813, 49.0315838], [8.3098866, 49.0315678], [8.3099078, 49.0315462], [8.3099089, 49.031536499999994], [8.3099099, 49.0315136], [8.3099216, 49.0314934], [8.3099513, 49.0314719], [8.309982, 49.0314642], [8.3100064, 49.031462899999994], [8.310035, 49.03146490000001], [8.3100414, 49.0314747], [8.3100456, 49.031496199999985]]]}}, {"type": "Feature", "properties": {"klasse": "See"}, "geometry": {"type": "Polygon", "coordinates": [[[8.3107161, 49.0380555], [8.3107174, 49.03802410000001], [8.310704700000002, 49.0379869], [8.310678, 49.03795850000001], [8.310635, 49.037933299999985], [8.3105761, 49.0379155], [8.3088172, 49.03765059999999], [8.3086426, 49.0376253], [8.308405, 49.037591799999994], [8.3082617, 49.037574000000006], [8.3078695, 49.03755650000001], [8.3074785, 49.037557], [8.3070533, 49.03759449999999], [8.306642, 49.037646499999994], [8.3065749, 49.037662999999995], [8.3065229, 49.0376863], [8.3064904, 49.0377158], [8.3064617, 49.03777479999999], [8.306524600000001, 49.03821189999999], [8.3065833, 49.03864460000001], [8.3067397, 49.0397051], [8.3067362, 49.03973460000001], [8.3067205, 49.03975439999999], [8.3067017, 49.03976899999999], [8.3066725, 49.039779100000004], [8.3066291, 49.0397863], [8.306586, 49.0397876], [8.3065559, 49.03979819999999], [8.3065152, 49.03979929999999], [8.3064869, 49.0398089], [8.3064636, 49.0398238], [8.3064577, 49.0398419], [8.3064558, 49.03985980000001], [8.3064613, 49.039899599999984], [8.3064795, 49.039998099999984], [8.3064838, 49.04001699999999], [8.3064804, 49.0400297], [8.306472, 49.0400411], [8.3064512, 49.040056599999986], [8.3064233, 49.0400745], [8.3063928, 49.0400838], [8.306265, 49.04010349999999], [8.3062555, 49.04011320000001], [8.3062545, 49.040128499999994], [8.3063522, 49.040382999999984], [8.3064277, 49.04057709999999], [8.3064911, 49.0407083], [8.3065751, 49.040871700000004], [8.3065072, 49.04088999999999], [8.306594, 49.0410448], [8.3066335, 49.04112620000001], [8.3066815, 49.041223499999994], [8.3066981, 49.04126829999999], [8.3066875, 49.0412941], [8.3066366, 49.041329000000005], [8.306598, 49.0413431], [8.3065671, 49.0413458], [8.3065373, 49.0413417], [8.3064897, 49.0413298], [8.3064598, 49.041315], [8.3067703, 49.041931999999996], [8.3069623, 49.0423647], [8.3069435, 49.042213], [8.3069551, 49.04207389999999], [8.3070091, 49.041907800000004], [8.3070994, 49.04172689999999], [8.3072388, 49.041571999999995], [8.3074228, 49.0414024], [8.3077674, 49.0410905], [8.3087971, 49.04021509999999], [8.3094562, 49.039618999999995], [8.3095725, 49.039492599999996], [8.3097641, 49.0392841], [8.3097811, 49.0392656], [8.3099466, 49.0390526], [8.310705400000002, 49.03807599999999], [8.3107161, 49.0380555]], [[8.3074254, 49.0398916], [8.307348000000001, 49.0397786], [8.3073304, 49.0396633], [8.3074429, 49.03956649999999], [8.3075766, 49.0395111], [8.3076892, 49.03946040000001], [8.3076646, 49.039416599999996], [8.3076224, 49.039393499999996], [8.3074676, 49.0394765], [8.3074465, 49.03944419999999], [8.3075942, 49.03934039999999], [8.3076769, 49.0393301], [8.3076804, 49.0393566], [8.3077332, 49.0394027], [8.3078124, 49.039326599999995], [8.3080621, 49.0393474], [8.3081536, 49.03941659999999], [8.3081853, 49.0395019], [8.3083049, 49.0395757], [8.308333, 49.03972099999999], [8.3082768, 49.0398386], [8.308122, 49.0400185], [8.3079601, 49.04022369999999], [8.3077772, 49.04042900000001], [8.3075942, 49.04061579999999], [8.3074324, 49.040685], [8.3072741, 49.040687299999995], [8.3071298, 49.0405628], [8.3070384, 49.040442799999994], [8.3070278, 49.0403252], [8.3070841, 49.040172999999996], [8.3071721, 49.040057700000006], [8.3074183, 49.040000000000006], [8.3074641, 49.03993779999999], [8.3074254, 49.0398916]]]}}, {"type": "Feature", "properties": {"klasse": "See"}, "geometry": {"type": "Polygon", "coordinates": [[[8.2985977, 49.043664199999995], [8.2990068, 49.044150099999996], [8.2990381, 49.04415149999999], [8.2994179, 49.0439936], [8.2996942, 49.04386310000001], [8.3001843, 49.04361000000001], [8.3005888, 49.04336419999999], [8.3010847, 49.0430173], [8.3015581, 49.04260149999999], [8.3019181, 49.0422363], [8.3022107, 49.04192429999999], [8.3023129, 49.041842700000004], [8.3024218, 49.04177549999999], [8.3025455, 49.04174329999999], [8.3026364, 49.0417395], [8.3027882, 49.0417648], [8.3029802, 49.0418529], [8.3032004, 49.042007600000005], [8.3033241, 49.0421954], [8.303502, 49.0425008], [8.3029983, 49.041212099999996], [8.3029875, 49.0412602], [8.3029478, 49.041280300000004], [8.3029257, 49.041282], [8.3028768, 49.0412859], [8.3028167, 49.041273999999994], [8.3027483, 49.0412486], [8.3026938, 49.04120379999999], [8.3026274, 49.04113499999999], [8.3025401, 49.04103329999998], [8.302473000000003, 49.0408988], [8.302426, 49.040775399999994], [8.302002, 49.0396624], [8.30078, 49.039845], [8.3008779, 49.04019310000001], [8.3009477, 49.0404465], [8.3010488, 49.040921499999996], [8.3010595, 49.041188299999995], [8.3009908, 49.04160069999998], [8.3008819, 49.0419007], [8.3008145, 49.042073099999996], [8.300689500000002, 49.0422767], [8.300335, 49.04269289999999], [8.299918100000001, 49.0430521], [8.2994451, 49.04332939999999], [8.2992268, 49.04342950000001], [8.2985977, 49.043664199999995]]]}}, {"type": "Feature", "properties": {"klasse": "See"}, "geometry": {"type": "Polygon", "coordinates": [[[8.3106904, 49.043169199999994], [8.3109792, 49.04388600000001], [8.3111795, 49.04385129999999], [8.311203400000002, 49.0439107], [8.3115319, 49.0438539], [8.3115075, 49.043793300000004], [8.3117213, 49.0437563], [8.311433, 49.04304069999999], [8.3106904, 49.043169199999994]]]}}, {"type": "Feature", "properties": {"klasse": "See"}, "geometry": {"type": "Polygon", "coordinates": [[[8.3111411, 49.04407189999999], [8.3111517, 49.044080599999994], [8.3111663, 49.0440892], [8.3111825, 49.0440959], [8.3112021, 49.0441009], [8.3112196, 49.0441032], [8.3112387, 49.04410359999999], [8.3112608, 49.0441013], [8.3112869, 49.0440943], [8.3112986, 49.04408929999999], [8.3113199, 49.04407549999999], [8.3113324, 49.044062000000004], [8.3113398, 49.04404829999999], [8.3113428, 49.0440341], [8.3113416, 49.044024399999984], [8.311369, 49.0440205], [8.3113804, 49.044034599999996], [8.311391, 49.044043399999985], [8.3114056, 49.04405199999999], [8.3114219, 49.04405859999999], [8.3114415, 49.04406360000001], [8.311459, 49.0440659], [8.311478, 49.04406629999999], [8.3115002, 49.04406399999999], [8.3115263, 49.044057], [8.311538, 49.04405199999999], [8.3115593, 49.0440382], [8.3115718, 49.04402470000001], [8.3115792, 49.044011], [8.311582100000003, 49.0439968], [8.3115805, 49.043981099999996], [8.3115744, 49.0439673], [8.3115631, 49.0439534], [8.3115503, 49.0439432], [8.3115361, 49.04393519999999], [8.3115104, 49.043926199999994], [8.3114886, 49.0439225], [8.3114542, 49.0439226], [8.3114278, 49.0439277], [8.3114031, 49.0439374], [8.3113859, 49.0439486], [8.3113757, 49.0439584], [8.3113682, 49.043969], [8.3113642, 49.04397779999999], [8.3113614, 49.04400019999999], [8.311335, 49.04400449999999], [8.3113238, 49.0439906], [8.311311, 49.04398040000001], [8.3112967, 49.043972499999995], [8.311271, 49.0439635], [8.3112492, 49.0439598], [8.3112148, 49.04395990000001], [8.3111884, 49.0439649], [8.3111638, 49.0439746], [8.3111465, 49.043985899999996], [8.3111363, 49.0439957], [8.3111288, 49.0440063], [8.3111249, 49.044015099999996], [8.311122, 49.0440309], [8.3111242, 49.04404569999999], [8.3111297, 49.04405779999999], [8.3111411, 49.04407189999999]]]}}, {"type": "Feature", "properties": {"klasse": "See"}, "geometry": {"type": "Polygon", "coordinates": [[[8.2990043, 49.045199499999995], [8.2990048, 49.04516919999999], [8.2989908, 49.0451404], [8.298961, 49.045114], [8.2989193, 49.04509590000001], [8.2988708, 49.04508799999999], [8.298821, 49.0450913], [8.2987759, 49.04510549999999], [8.2987407, 49.04512879999999], [8.2987196, 49.04515850000001], [8.2987151, 49.0451912], [8.2987277, 49.0452229], [8.2987533, 49.045248199999996], [8.2987896, 49.04526690000001], [8.298833, 49.045277199999994], [8.2988792, 49.0452782], [8.2989235, 49.04526959999999], [8.2989615, 49.0452523], [8.2989894, 49.0452282], [8.2990043, 49.045199499999995]]]}}, {"type": "Feature", "properties": {"klasse": "See"}, "geometry": {"type": "Polygon", "coordinates": [[[8.2994948, 49.0455619], [8.2995639, 49.04554429999999], [8.29962, 49.045512499999994], [8.2996553, 49.04547289999999], [8.2996697, 49.045427899999986], [8.2996616, 49.04538229999999], [8.2996319, 49.04534069999998], [8.2995837, 49.045307400000006], [8.2995219, 49.0452858], [8.2994528, 49.04527809999998], [8.2993836, 49.0452851], [8.299321300000003, 49.04530619999999], [8.2992723, 49.04533899999999], [8.2992406, 49.045382899999986], [8.2992331, 49.04543129999999], [8.2992506, 49.0454785], [8.2992912, 49.04551909999999], [8.2993502, 49.045548499999995], [8.2994208, 49.045563399999985], [8.2994948, 49.0455619]]]}}, {"type": "Feature", "properties": {"klasse": "See"}, "geometry": {"type": "Polygon", "coordinates": [[[8.2990665, 49.04558889999999], [8.2990853, 49.045604299999994], [8.299111, 49.045615000000005], [8.2991406, 49.045619699999996], [8.2991709, 49.04561770000001], [8.2991986, 49.04560939999999], [8.2992206, 49.0455956], [8.299234500000003, 49.04557789999999], [8.2992388, 49.0455581], [8.2992331, 49.0455385], [8.2992179, 49.045521199999996], [8.2991952, 49.04550820000001], [8.2991673, 49.0455007], [8.299137200000002, 49.045499499999984], [8.2991082, 49.0455048], [8.2990833, 49.04551589999999], [8.2990652, 49.04553169999999], [8.2990559, 49.0455505], [8.2990563, 49.045570299999994], [8.2990665, 49.04558889999999]]]}}, {"type": "Feature", "properties": {"klasse": "See"}, "geometry": {"type": "Polygon", "coordinates": [[[8.2986498, 49.04568299999999], [8.298687, 49.0456823], [8.2987213, 49.0456738], [8.2987497, 49.045658499999995], [8.298769, 49.045638], [8.2987772, 49.0456146], [8.2987734, 49.0455907], [8.298758, 49.0455688], [8.2987327, 49.045551399999994], [8.2987002, 49.04554019999999], [8.2986639, 49.0455366], [8.2986273, 49.0455409], [8.2985949, 49.0455528], [8.2985701, 49.045570899999994], [8.2985558, 49.04559340000001], [8.2985535, 49.045617699999994], [8.2985634, 49.04564119999999], [8.2985845, 49.045661300000006], [8.2986144, 49.04567569999999], [8.2986498, 49.04568299999999]]]}}, {"type": "Feature", "properties": {"klasse": "See"}, "geometry": {"type": "Polygon", "coordinates": [[[8.298174000000001, 49.0454846], [8.297446900000002, 49.045598299999995], [8.2975524, 49.0458882], [8.2982795, 49.045774599999994], [8.298174000000001, 49.0454846]]]}}, {"type": "Feature", "properties": {"klasse": "See"}, "geometry": {"type": "Polygon", "coordinates": [[[8.2971395, 49.04591339999999], [8.29718, 49.045917900000006], [8.2972174, 49.045913899999995], [8.2972511, 49.0459025], [8.2972776, 49.0458847], [8.2972943, 49.0458624], [8.2972995, 49.04583769999999], [8.2972927, 49.0458133], [8.297274500000002, 49.04579149999999], [8.2972469, 49.045774400000006], [8.2972126, 49.04576389999999], [8.2971749, 49.045761], [8.2971347, 49.0457667], [8.2970998, 49.0457809], [8.2970744, 49.04580209999999], [8.2970613, 49.045827599999996], [8.2970622, 49.0458545], [8.2970769, 49.04587969999999], [8.2971037, 49.04590009999998], [8.2971395, 49.04591339999999]]]}}, {"type": "Feature", "properties": {"klasse": "See"}, "geometry": {"type": "Polygon", "coordinates": [[[8.3111113, 49.048842400000005], [8.3112724, 49.048804], [8.311232, 49.0487211], [8.3112312, 49.0486965], [8.3112403, 49.048668899999996], [8.311257900000001, 49.048648899999996], [8.3113066, 49.0486176], [8.3117144, 49.0485223], [8.3115429, 49.04818379999998], [8.3111476, 49.0482647], [8.3111104, 49.04826820000001], [8.3110889, 49.0482562], [8.3110729, 49.0482344], [8.3110352, 49.04818089999999], [8.3109043, 49.048211300000006], [8.3106165, 49.04827780000001], [8.3106448, 49.04834679999999], [8.3106374, 49.0483618], [8.3106243, 49.0483772], [8.3102959, 49.0484562], [8.3103445, 49.048554800000005], [8.3101462, 49.048682299999996], [8.3103062, 49.04886200000001], [8.3104208, 49.0488141], [8.3106887, 49.04875160000001], [8.3107716, 49.04873919999999], [8.3108093, 49.04874499999999], [8.3108369, 49.0487566], [8.3108716, 49.048785899999984], [8.3109418, 49.048883499999995], [8.3111113, 49.048842400000005]]]}}, {"type": "Feature", "properties": {"klasse": "See"}, "geometry": {"type": "Polygon", "coordinates": [[[8.3003504, 49.0520076], [8.3009062, 49.0517965], [8.3003351, 49.05180339999999], [8.3002389, 49.05178069999999], [8.3002812, 49.0517152], [8.3023466, 49.0513623], [8.3024581, 49.0514101], [8.3026428, 49.051367299999995], [8.3025069, 49.050976], [8.3024581, 49.0508354], [8.2994208, 49.0513319], [8.2995412, 49.05165159999999], [8.2998136, 49.05212490000001], [8.2999043, 49.052242], [8.3003428, 49.0521664], [8.3003504, 49.0520076]]]}}, {"type": "Feature", "properties": {"klasse": "See"}, "geometry": {"type": "Polygon", "coordinates": [[[8.3068068, 49.051184], [8.3067907, 49.0512648], [8.3067907, 49.051306999999994], [8.306839, 49.05133159999999], [8.3068819, 49.0513563], [8.3069302, 49.051405499999994], [8.3069838, 49.0514828], [8.3070267, 49.051627], [8.3071394, 49.0518379], [8.3072091, 49.0520453], [8.3072789, 49.0522106], [8.3073325, 49.052270299999996], [8.3073862, 49.052354699999995], [8.3073754, 49.0523864], [8.3073969, 49.0524285], [8.3074613, 49.0524637], [8.3075149, 49.05254459999999], [8.3075685, 49.052607800000004], [8.30759, 49.052664099999994], [8.307649, 49.05269220000001], [8.3076705, 49.0527098], [8.3077563, 49.0526852], [8.3078475, 49.05267109999999], [8.3079333, 49.0526571], [8.3079816, 49.052681699999994], [8.308040600000002, 49.05271679999999], [8.308105, 49.0526782], [8.3081318, 49.0526254], [8.3082766, 49.052607800000004], [8.3083786, 49.0526465], [8.3084215, 49.0527379], [8.3084483, 49.05281169999999], [8.3084966, 49.05289609999999], [8.3085771, 49.05295589999999], [8.3086092, 49.0530438], [8.3087273, 49.0531879], [8.3086897, 49.0532723], [8.3086629, 49.0533461], [8.308719074814622, 49.053453775110945], [8.309099879001236, 49.053453775110945], [8.3086361, 49.05270629999999], [8.308502, 49.05252], [8.3084322, 49.05244959999999], [8.3083517, 49.052418], [8.3081157, 49.0524602], [8.3079601, 49.052474199999985], [8.307826, 49.052439099999994], [8.3077241, 49.0522106], [8.3075149, 49.05190470000001], [8.3072359, 49.05156019999999], [8.3071126, 49.0512156], [8.3070965, 49.05084999999999], [8.3071233, 49.050196], [8.306957, 49.0499992], [8.3069087, 49.0501081], [8.306860400000001, 49.0501749], [8.306871200000002, 49.05028039999999], [8.3068819, 49.0503543], [8.3068926, 49.0504879], [8.3068819, 49.0506215], [8.3068336, 49.05084299999999], [8.3068068, 49.051184]]]}}, {"type": "Feature", "properties": {"klasse": "See"}, "geometry": {"type": "Polygon", "coordinates": [[[8.296602800000002, 49.0519573], [8.2989759, 49.05171779999999], [8.2989298, 49.05159929999999], [8.2967682, 49.051785900000006], [8.296549, 49.0518766], [8.296602800000002, 49.0519573]]]}}, {"type": "Feature", "properties": {"klasse": "See"}, "geometry": {"type": "Polygon", "coordinates": [[[8.3210168, 49.02397109999998], [8.321285, 49.02400269999999], [8.3215773, 49.0238527], [8.321859, 49.02361230000001], [8.3217445, 49.02356759999999], [8.3214773, 49.02363929999999], [8.3213456, 49.0236186], [8.3213708, 49.0235067], [8.3212636, 49.02350669999999], [8.3210624, 49.023662399999985], [8.3210565, 49.02381980000001], [8.3210168, 49.02397109999998]]]}}, {"type": "Feature", "properties": {"klasse": "See"}, "geometry": {"type": "Polygon", "coordinates": [[[8.3300812, 49.0241688], [8.3300792, 49.02408609999999], [8.3302171, 49.02407389999999], [8.3302014, 49.02401489999999], [8.3298749, 49.024031599999994], [8.3298935, 49.02409439999999], [8.3298622, 49.0241559], [8.3300812, 49.0241688]]]}}, {"type": "Feature", "properties": {"klasse": "See"}, "geometry": {"type": "Polygon", "coordinates": [[[8.3214755, 49.02423], [8.3214074, 49.024357900000005], [8.3214916, 49.0245642], [8.3215434, 49.024776499999994], [8.3216684, 49.02474299999999], [8.3216686, 49.024560599999994], [8.3220318, 49.02437299999999], [8.3216544, 49.02439319999999], [8.3214755, 49.02423]]]}}, {"type": "Feature", "properties": {"klasse": "See"}, "geometry": {"type": "Polygon", "coordinates": [[[8.3251289, 49.0273851], [8.3250514, 49.027365], [8.3248752, 49.0274496], [8.3248825, 49.02748330000001], [8.3249317, 49.02750710000001], [8.3249861, 49.027509], [8.3250826, 49.027463499999996], [8.325131900000002, 49.0274095], [8.3251289, 49.0273851]]]}}, {"type": "Feature", "properties": {"klasse": "See"}, "geometry": {"type": "Polygon", "coordinates": [[[8.307871, 49.035477799999995], [8.3080338, 49.0355464], [8.3082377, 49.0355256], [8.3083809, 49.03547249999999], [8.308478, 49.0354027], [8.3084997, 49.0353097], [8.3087124, 49.0352186], [8.3090751, 49.035160199999986], [8.3092894, 49.035154600000006], [8.3093553, 49.0351671], [8.3094256, 49.0351184], [8.3094806, 49.03506620000001], [8.309307600000002, 49.03442939999999], [8.309314, 49.0343433], [8.3094436, 49.03428029999999], [8.3095986, 49.0342599], [8.3099765, 49.034304399999996], [8.3101203, 49.03433869999999], [8.3101758, 49.034390599999995], [8.3101898, 49.0344349], [8.3101034, 49.03485509999999], [8.3100822, 49.03503890000001], [8.3101061, 49.03510119999999], [8.3102029, 49.03511149999999], [8.3103665, 49.0351045], [8.3104419, 49.03506989999999], [8.3104473, 49.0350004], [8.3104559, 49.03484619999999], [8.3104795, 49.034710099999984], [8.3105183, 49.03462849999998], [8.3105843, 49.03457379999999], [8.310651400000001, 49.03459000000001], [8.3106747, 49.0347231], [8.3107364, 49.03477719999999], [8.3107828, 49.034886399999984], [8.3107992, 49.03501669999999], [8.3109027, 49.035068599999995], [8.3110151, 49.0350639], [8.3111345, 49.035041400000004], [8.311341, 49.0350377], [8.3115019, 49.03504770000001], [8.311636, 49.03491999999999], [8.3115692, 49.03473559999999], [8.3115462, 49.03463059999999], [8.3115215, 49.03435609999999], [8.3115805, 49.0343267], [8.3117152, 49.034333099999984], [8.3123413, 49.0344397], [8.3123743, 49.0343942], [8.3124124, 49.034314699999996], [8.31341, 49.031068499999996], [8.3136007, 49.03057630000001], [8.3136745, 49.030403899999996], [8.3136882, 49.0302524], [8.3137273, 49.03002649999999], [8.3138378, 49.029822899999985], [8.3138816, 49.029756799999994], [8.3139288, 49.029724599999994], [8.3142716, 49.029646699999994], [8.3143504, 49.0295907], [8.3143397, 49.029537100000006], [8.3142538, 49.029518599999996], [8.3141734, 49.0295028], [8.3141559, 49.029473800000005], [8.31416, 49.029429799999996], [8.3141895, 49.02939730000001], [8.3142672, 49.0293744], [8.3143625, 49.0293867], [8.3144966, 49.0293902], [8.3145314, 49.0294061], [8.3145502, 49.0294535], [8.3145636, 49.0295186], [8.3146627, 49.029473100000004], [8.3147729, 49.02894899999999], [8.3147139, 49.02891189999999], [8.3147291, 49.0288045], [8.31483, 49.02874869999999], [8.3148753, 49.0286991], [8.3148933, 49.028646900000005], [8.314889, 49.02838779999999], [8.3149225, 49.02834949999999], [8.3150145, 49.0283319], [8.3150934, 49.0282835], [8.3151122, 49.0282447], [8.315091, 49.0281715], [8.3150658, 49.028087400000004], [8.3153858, 49.0274132], [8.3156363, 49.02699249999999], [8.3156977, 49.0269532], [8.3158061, 49.0268565], [8.3158568, 49.0267947], [8.3164026, 49.0257179], [8.316479, 49.02558299999999], [8.3164847, 49.0254993], [8.3164436, 49.0254534], [8.3164066, 49.0253966], [8.3164222, 49.02531389999999], [8.316467, 49.025215800000005], [8.3165227, 49.0251345], [8.3166158, 49.02504849999999], [8.3167387, 49.0249836], [8.3170232, 49.024873899999996], [8.3172056, 49.024729300000004], [8.3172722, 49.02466629999999], [8.3173269, 49.024560799999996], [8.3173392, 49.024485500000004], [8.3168768, 49.023919299999996], [8.3160778, 49.0233315], [8.3148152, 49.02255959999998], [8.3144757, 49.0225168], [8.3143206, 49.022453799999994], [8.3141785, 49.0223856], [8.314039, 49.0223357], [8.3138156, 49.022326], [8.3136209, 49.02233789999999], [8.3134988, 49.02236340000001], [8.3133325, 49.02235060000001], [8.3130748, 49.02228529999999], [8.3130082, 49.0222118], [8.3128316, 49.0220417], [8.3127341, 49.021947799999985], [8.3124941, 49.02181259999999], [8.3122701, 49.0217223], [8.3121902, 49.0217154], [8.3119895, 49.0216982], [8.3118436, 49.021710899999995], [8.3117428, 49.021694], [8.3116516, 49.021609700000006], [8.311603, 49.0215257], [8.3115384, 49.021474299999994], [8.3114432, 49.021460100000006], [8.3113498, 49.02142239999999], [8.3113322, 49.021378399999996], [8.3112984, 49.02132039999999], [8.3112715, 49.02127119999999], [8.3116631, 49.02101819999999], [8.3117259, 49.0209494], [8.3117109, 49.0208965], [8.3116253, 49.020743999999986], [8.311374, 49.020532199999984], [8.3112096, 49.0203825], [8.3110108, 49.0203475], [8.3107758, 49.0203591], [8.3105985, 49.0204181], [8.310488800000002, 49.020466400000004], [8.3103604, 49.02046589999999], [8.3102649, 49.02037570000001], [8.310245, 49.02019849999999], [8.3102555, 49.02010219999999], [8.3099149, 49.01987439999999], [8.3098084, 49.0198559], [8.3097601, 49.0199], [8.3096498, 49.0199066], [8.3090152, 49.0197062], [8.3087492, 49.01963580000001], [8.3085874, 49.01962629999999], [8.3084694, 49.019685100000004], [8.3083766, 49.01971829999999], [8.3079638, 49.0197852], [8.3078514, 49.0197716], [8.3077795, 49.01970779999999], [8.3076358, 49.0196397], [8.3074295, 49.0196388], [8.3072573, 49.01976419999999], [8.3070273, 49.0198513], [8.3068766, 49.01988269999999], [8.3068332, 49.01990029999999], [8.3067951, 49.0199284], [8.3067276, 49.0199913], [8.306576, 49.0201261], [8.3065039, 49.02018819999999], [8.3064679, 49.0203931], [8.3064556, 49.020630399999995], [8.3064083, 49.0208691], [8.306637, 49.021962699999996], [8.3066356, 49.02202609999999], [8.306565, 49.022112099999994], [8.3064397, 49.02224999999999], [8.3062657, 49.02490960000001], [8.3062343, 49.0261008], [8.3062858, 49.02691949999999], [8.306322, 49.0270619], [8.3064628, 49.0274344], [8.3065361, 49.02764969999999], [8.3065221, 49.0277164], [8.3064771, 49.0279174], [8.3065511, 49.0282695], [8.3072672, 49.02946419999999], [8.3076425, 49.03029209999998], [8.307871, 49.0311065], [8.3078809, 49.031197799999994], [8.3078847, 49.0312964], [8.3077734, 49.03254549999999], [8.307794, 49.035347699999996], [8.307871, 49.035477799999995]], [[8.3096441, 49.0327353], [8.3096607, 49.032678800000006], [8.3096788, 49.0325614], [8.3096947, 49.0324242], [8.3096796, 49.03227290000002], [8.309681, 49.032123099999986], [8.3096643, 49.0320012], [8.3096121, 49.031928599999986], [8.309499, 49.031845999999994], [8.3093994, 49.03176100000001], [8.3092918, 49.031630299999996], [8.3092124, 49.03150039999999], [8.3091451, 49.031397000000005], [8.3090903, 49.03127939999999], [8.3090954, 49.0311923], [8.3090981, 49.031059199999994], [8.3091147, 49.03094029999999], [8.3091392, 49.0308413], [8.3091976, 49.03076799999999], [8.3092727, 49.0306799], [8.3093124, 49.03061039999999], [8.3092953, 49.03055500000001], [8.3092304, 49.03050749999999], [8.3091587, 49.030519], [8.3090898, 49.03053529999999], [8.3090163, 49.0305225], [8.309004500000002, 49.03048169999999], [8.3089782, 49.030444900000006], [8.3089243, 49.0304316], [8.3088669, 49.0304481], [8.3088143, 49.030443], [8.3087671, 49.0304154], [8.3087698, 49.03035930000001], [8.308795, 49.0302893], [8.3088342, 49.03022329999999], [8.3088653, 49.0301426], [8.3089133, 49.030065099999995], [8.3089139, 49.02999739999999], [8.3088846, 49.02994279999999], [8.308799100000002, 49.0298684], [8.308725, 49.02982539999999], [8.3086456, 49.02982149999998], [8.3085587, 49.029814599999995], [8.3084767, 49.02982919999999], [8.3084332, 49.02988289999999], [8.3083817, 49.02992950000001], [8.3083664, 49.029974700000004], [8.3083074, 49.03001859999999], [8.3082127, 49.0300445], [8.3081628, 49.0300971], [8.3081188, 49.0300788], [8.3081116, 49.03001789999998], [8.3080282, 49.0299764], [8.3079448, 49.02996459999999], [8.3078799, 49.0299363], [8.3078954, 49.02985629999999], [8.3079732, 49.0298319], [8.3080708, 49.02983199999999], [8.3081628, 49.02980719999999], [8.3083141, 49.029780200000005], [8.3083428, 49.02972189999999], [8.3084488, 49.0297137], [8.3085239, 49.02971699999999], [8.308817, 49.029641099999985], [8.3088801, 49.02957], [8.3089436, 49.029481], [8.3089657, 49.029386800000005], [8.3090573, 49.029304999999994], [8.3092212, 49.02918589999999], [8.3093846, 49.0291326], [8.3096515, 49.029122099999995], [8.3100846, 49.0292098], [8.310174200000002, 49.02924959999999], [8.3103065, 49.029478], [8.3103195, 49.02964200000001], [8.3103671, 49.029762899999994], [8.3103334, 49.0298459], [8.3101925, 49.02994880000001], [8.3101213, 49.030055399999995], [8.3101015, 49.030139399999996], [8.3101063, 49.03023309999999], [8.31032, 49.030376], [8.3105904, 49.030507899999996], [8.3107003, 49.0306042], [8.3107492, 49.0306839], [8.3108415, 49.03071500000001], [8.3109691, 49.03072699999999], [8.3110903, 49.0307245], [8.3111882, 49.030702699999985], [8.311246700000002, 49.03066389999999], [8.3113059, 49.030585699999996], [8.3113633, 49.03046249999999], [8.3114159, 49.030408400000006], [8.3115657, 49.030421699999984], [8.3116304, 49.03048129999999], [8.3115006, 49.0308172], [8.3114217, 49.03109], [8.311339, 49.03128179999999], [8.3111567, 49.0315325], [8.3111036, 49.03165479999999], [8.3109723, 49.032088899999984], [8.3109137, 49.032175499999994], [8.3108561, 49.0321985], [8.3107942, 49.0322086], [8.3105489, 49.03224869999999], [8.3104495, 49.03229530000001], [8.3102654, 49.032323], [8.310044100000002, 49.0323248], [8.309936400000002, 49.0323486], [8.3098761, 49.0324002], [8.3098656, 49.032463400000005], [8.3098518, 49.03257579999999], [8.3096735, 49.03287879999999], [8.3095481, 49.03304839999999], [8.3094445, 49.0332347], [8.3093668, 49.03344119999999], [8.3093484, 49.0335383], [8.3093276, 49.033666999999994], [8.3093447, 49.03374740000001], [8.3093439, 49.0337899], [8.309296700000003, 49.03381439999999], [8.309248, 49.03379809999999], [8.3092149, 49.03372939999999], [8.3091847, 49.033641599999996], [8.3091817, 49.033576100000005], [8.3091882, 49.03351490000001], [8.3091941, 49.03343459999999], [8.30923, 49.03335080000001], [8.3092749, 49.03325879999999], [8.3092996, 49.0331801], [8.3093387, 49.03306630000001], [8.3093931, 49.0329882], [8.3094372, 49.032929599999996], [8.3094822, 49.0328725], [8.3095506, 49.0328136], [8.3096441, 49.0327353]], [[8.3110278, 49.0204465], [8.3110467, 49.020460099999994], [8.3110588, 49.02047599999999], [8.3111104, 49.020524900000005], [8.3111843, 49.020613600000004], [8.3112312, 49.0206665], [8.3112691, 49.020694600000006], [8.3113102, 49.0207179], [8.3113708, 49.0207436], [8.3114086, 49.0207717], [8.3114421, 49.02079690000001], [8.3114936, 49.02084489999999], [8.3115162, 49.02088539999999], [8.3115201, 49.02092510000001], [8.3114981, 49.02095409999998], [8.3114495, 49.02098909999999], [8.3113797, 49.0210284], [8.3113161, 49.02106189999999], [8.3112733, 49.021076099999995], [8.3111966, 49.0210774], [8.3111328, 49.021061], [8.3110999, 49.0211009], [8.3110166, 49.0211141], [8.3109637, 49.0211061], [8.310889600000001, 49.0210722], [8.3108332, 49.021051799999995], [8.3107781, 49.021043399999996], [8.3107467, 49.02102349999999], [8.3107301, 49.021011599999994], [8.3106997, 49.02100519999999], [8.31064, 49.0209935], [8.3105782, 49.02097289999999], [8.3105552, 49.020933299999996], [8.3106117, 49.0209074], [8.3106666, 49.0209063], [8.3106996, 49.02088510000001], [8.3107091, 49.02083959999999], [8.3107044, 49.02080829999999], [8.310718, 49.02077799999999], [8.3107326, 49.02073119999999], [8.3106966, 49.02070629999999], [8.3105874, 49.02070700000001], [8.310457, 49.0207331], [8.3104019, 49.02073659999999], [8.3103718, 49.020702899999996], [8.3103563, 49.0206584], [8.3104988, 49.02057239999999], [8.3105282, 49.02055210000001], [8.3105669, 49.02054520000001], [8.3106318, 49.02054119999998], [8.3106631, 49.0205328], [8.3107579, 49.02049619999999], [8.3108431, 49.02046049999999], [8.3108807, 49.02044299999999], [8.3109116, 49.02043669999999], [8.310942, 49.02043319999999], [8.3109692, 49.0204327], [8.3110033, 49.020437199999996], [8.3110278, 49.0204465]], [[8.3080499, 49.019929600000005], [8.3081558, 49.0199383], [8.3082309, 49.019948899999996], [8.3082631, 49.019944499999994], [8.3083208, 49.019928699999994], [8.3084173, 49.01992779999999], [8.3084884, 49.0199084], [8.308581, 49.01989789999999], [8.3086668, 49.0199243], [8.3087352, 49.019957699999985], [8.308766, 49.0199797], [8.3087727, 49.02000249999998], [8.3087446, 49.02001309999999], [8.3087084, 49.0200087], [8.308646700000002, 49.02000170000001], [8.3085622, 49.0200069], [8.3083865, 49.02000780000001], [8.3082457, 49.020022799999985], [8.3081585, 49.0200439], [8.3080955, 49.020049199999995], [8.3080365, 49.020048300000006], [8.3079842, 49.020036], [8.307952, 49.020005199999986], [8.3079587, 49.0199832], [8.3079895, 49.01995589999999], [8.3080499, 49.019929600000005]], [[8.3075389, 49.01993920000001], [8.3076194, 49.01993569999999], [8.3077173, 49.019944499999994], [8.3078541, 49.019925199999996], [8.3078849, 49.01992779999999], [8.307897, 49.01995149999999], [8.3078822, 49.01997699999999], [8.3078729, 49.0199955], [8.3078474, 49.02004649999999], [8.3078299, 49.020072899999995], [8.3077776, 49.020094900000004], [8.3077548, 49.0200879], [8.3077347, 49.0200641], [8.3077039, 49.02004920000001], [8.3076744, 49.0200483], [8.3076328, 49.0200518], [8.3075899, 49.020065900000006], [8.3075698, 49.0200808], [8.3075523, 49.020094900000004], [8.3074906, 49.020094], [8.307466500000002, 49.020080799999995], [8.3074611, 49.0200588], [8.3074692, 49.0200333], [8.307475900000002, 49.0200025], [8.3074652, 49.0199779], [8.3074719, 49.0199551], [8.3075389, 49.01993920000001]], [[8.3073498, 49.019943600000005], [8.3073592, 49.0199603], [8.3073418, 49.0200025], [8.307327, 49.0200237], [8.3073056, 49.02007989999999], [8.3073042, 49.0201028], [8.3073083, 49.02011950000001], [8.3072814, 49.0201239], [8.3072533, 49.020114199999995], [8.3072345, 49.0200967], [8.307213, 49.02008519999999], [8.307152700000001, 49.020004300000004], [8.3071272, 49.019962099999994], [8.3070964, 49.01992520000001], [8.3071044, 49.019909299999995], [8.3071607, 49.019925199999996], [8.3072479, 49.0199331], [8.3073163, 49.0199322], [8.3073498, 49.019943600000005]], [[8.3069944, 49.02001400000001], [8.3070293, 49.0200668], [8.3070561, 49.020128299999996], [8.3070052, 49.0202145], [8.3069488, 49.02029890000001], [8.3069274, 49.02036400000001], [8.3069327, 49.020427299999994], [8.306922, 49.02045720000001], [8.3069006, 49.020478399999995], [8.3068697, 49.0204845], [8.3068483, 49.0204819], [8.3068389, 49.0204594], [8.3068308, 49.0204221], [8.3068308, 49.0203271], [8.3068603, 49.020277799999995], [8.3068845, 49.02018809999999], [8.3069032, 49.02011950000001], [8.3069167, 49.0200404], [8.3069381, 49.0200017], [8.3069944, 49.02001400000001]]]}}, {"type": "Feature", "properties": {"klasse": "See"}, "geometry": {"type": "Polygon", "coordinates": [[[8.3182612, 49.0356118], [8.3181758, 49.0356979], [8.3182229, 49.0357992], [8.3183869, 49.03580939999999], [8.3185561, 49.035812], [8.3187437, 49.0357538], [8.3186904, 49.035627700000006], [8.318568800000001, 49.0355997], [8.3184514, 49.035527599999995], [8.3183245, 49.035547099999995], [8.3182612, 49.0356118]]]}}, {"type": "Feature", "properties": {"klasse": "See"}, "geometry": {"type": "Polygon", "coordinates": [[[8.3187232, 49.036787800000006], [8.3186149, 49.0369109], [8.3188884, 49.0369067], [8.3189458, 49.0368026], [8.3190091, 49.03661829999998], [8.3187645, 49.0366183], [8.3187232, 49.036787800000006]]]}}, {"type": "Feature", "properties": {"klasse": "See"}, "geometry": {"type": "Polygon", "coordinates": [[[8.3323581, 49.03793329999999], [8.3323258, 49.03794659999999], [8.3323055, 49.037964499999994], [8.3322954, 49.0380152], [8.3323011, 49.0380634], [8.3323167, 49.03810709999999], [8.332793, 49.03869989999998], [8.332852118624178, 49.038764913400286], [8.332852118624178, 49.038060931498556], [8.3327153, 49.03799829999999], [8.3326012, 49.0379555], [8.3325019, 49.0379289], [8.3324458, 49.0379226], [8.3323919, 49.0379246], [8.3323581, 49.03793329999999]]]}}, {"type": "Feature", "properties": {"klasse": "See"}, "geometry": {"type": "Polygon", "coordinates": [[[8.3236164, 49.038750699999994], [8.323456, 49.038742400000004], [8.3233934, 49.0387647], [8.3233157, 49.038786800000004], [8.323241, 49.0387863], [8.3231024, 49.038737999999995], [8.3229697, 49.038708099999994], [8.3227409, 49.038708], [8.3225566, 49.038741], [8.3224818, 49.038776999999996], [8.3224397, 49.038821199999994], [8.3224152, 49.0388754], [8.3224002, 49.03910859999999], [8.3224038, 49.03914319999999], [8.3224276, 49.03918449999999], [8.3224324, 49.039249399999996], [8.322425, 49.0393343], [8.3224395, 49.03939429999999], [8.3224753, 49.039439400000006], [8.3225348, 49.0394649], [8.322631, 49.0394799], [8.3227266, 49.03948669999999], [8.3229322, 49.03948359999999], [8.3230651, 49.0394718], [8.3232225, 49.039488999999996], [8.3234095, 49.03944619999999], [8.3236219, 49.03941739999999], [8.3237821, 49.0393606], [8.3238778, 49.03935169999999], [8.3239345, 49.03932029999999], [8.3239959, 49.0392937], [8.3241349, 49.03930489999999], [8.3241865, 49.0392914], [8.3242395, 49.0392938], [8.324295200000002, 49.0392865], [8.3243367, 49.03924799999999], [8.3244003, 49.0392125], [8.3245292, 49.03912769999999], [8.3246517, 49.03903780000001], [8.3246936, 49.038953299999996], [8.3247071, 49.0388889], [8.3247007, 49.038837699999995], [8.3246303, 49.038782899999994], [8.3245348, 49.038747699999995], [8.3243621, 49.0387345], [8.3237142, 49.03875949999998], [8.3236164, 49.038750699999994]]]}}, {"type": "Feature", "properties": {"klasse": "See"}, "geometry": {"type": "Polygon", "coordinates": [[[8.3328454, 49.0393703], [8.3328394, 49.039352799999996], [8.3328293, 49.039331000000004], [8.3328066, 49.0393125], [8.3327762, 49.03929989999999], [8.3327353, 49.0392808], [8.3327012, 49.03925199999999], [8.3326669, 49.039218899999995], [8.3325292, 49.03908349999998], [8.3324567, 49.039034], [8.3323991, 49.038997499999994], [8.3323263, 49.0389773], [8.3322575, 49.03897229999999], [8.3321773, 49.03899400000001], [8.3321039, 49.039022], [8.3320151, 49.0390604], [8.3316736, 49.039268199999995], [8.3316048, 49.0393221], [8.331554600000002, 49.0393737], [8.3315249, 49.03941129999999], [8.3315166, 49.03943769999999], [8.3315242, 49.03945319999999], [8.3315539, 49.0394855], [8.3316605, 49.03956409999999], [8.3319113, 49.039728999999994], [8.3323077, 49.0399782], [8.3325527, 49.0401119], [8.3326097, 49.040127], [8.3326842, 49.040101], [8.3327282, 49.04006700000001], [8.3328074, 49.040028799999995], [8.332852118624178, 49.04001476642024], [8.332852118624178, 49.039376687521546], [8.3328454, 49.0393703]]]}}, {"type": "Feature", "properties": {"klasse": "See"}, "geometry": {"type": "Polygon", "coordinates": [[[8.3321267, 49.041061], [8.3322172, 49.0410848], [8.3323398, 49.0410777], [8.3324074, 49.041032999999985], [8.3327003, 49.0408523], [8.3327287, 49.0407885], [8.33276, 49.0407595], [8.3327738, 49.040723599999986], [8.3327552, 49.0406863], [8.3326468, 49.0406317], [8.3325871, 49.0405944], [8.3326139, 49.0405214], [8.3326533, 49.0404764], [8.3326409, 49.04044110000001], [8.3325453, 49.0403574], [8.3324961, 49.0403143], [8.3323655, 49.0401926], [8.3322162, 49.04010029999999], [8.3315723, 49.0397223], [8.3313414, 49.0395567], [8.3311937, 49.0395335], [8.331139, 49.03954869999999], [8.3309601, 49.0396367], [8.3308419, 49.039707899999996], [8.3307143, 49.039770399999995], [8.3306365, 49.03982189999999], [8.3306307, 49.03985779999999], [8.330658, 49.0399206], [8.3307171, 49.0399987], [8.3308406, 49.0401297], [8.3311779, 49.040396799999996], [8.3312858, 49.0404819], [8.3315033, 49.04061989999999], [8.3316246, 49.040719399999986], [8.3317083, 49.040803999999994], [8.331853, 49.04090380000001], [8.3320545, 49.041022299999995], [8.3321267, 49.041061]]]}}, {"type": "Feature", "properties": {"klasse": "See"}, "geometry": {"type": "Polygon", "coordinates": [[[8.31183, 49.044202899999995], [8.3118388, 49.044154899999995], [8.3118204, 49.044112299999995], [8.3117781, 49.044076499999996], [8.3117197, 49.044053999999996], [8.311645300000002, 49.04404749999999], [8.3115791, 49.0440595], [8.3115314, 49.04408219999999], [8.3114884, 49.044128099999995], [8.3114798, 49.04417389999998], [8.311497, 49.044216199999994], [8.3115399, 49.044253499999996], [8.3116011, 49.0442769], [8.3116718, 49.0442829], [8.3117409, 49.0442704], [8.3117957, 49.04424229999999], [8.31183, 49.044202899999995]]]}}, {"type": "Feature", "properties": {"klasse": "See"}, "geometry": {"type": "Polygon", "coordinates": [[[8.3172215, 49.0465012], [8.3171383, 49.0466343], [8.3170583, 49.0467326], [8.3170051, 49.046808999999996], [8.3168352, 49.046841699999995], [8.3167586, 49.04687439999999], [8.3167619, 49.046900599999994], [8.3170217, 49.04702939999999], [8.317075, 49.0470294], [8.3171716, 49.04694209999999], [8.317408, 49.046782799999995], [8.3175679, 49.046669299999984], [8.3175179, 49.04649460000001], [8.3174413, 49.0463964], [8.317388, 49.046403], [8.3173148, 49.046420399999995], [8.3172215, 49.0465012]]]}}, {"type": "Feature", "properties": {"klasse": "See"}, "geometry": {"type": "Polygon", "coordinates": [[[8.3144536, 49.04894490000001], [8.3143193, 49.0489341], [8.314253, 49.0489653], [8.3139944, 49.04908689999999], [8.3139685, 49.04923809999998], [8.3140038, 49.049372399999996], [8.3141215, 49.04950670000001], [8.3142416, 49.04961629999999], [8.3143806, 49.049608500000005], [8.3144559, 49.0495514], [8.31447, 49.0494558], [8.3144488, 49.04939399999999], [8.314357, 49.0493091], [8.3142722, 49.0491641], [8.3143052, 49.04911619999999], [8.3144536, 49.04899739999999], [8.3144536, 49.04894490000001]]]}}, {"type": "Feature", "properties": {"klasse": "Siedlung"}, "geometry": {"type": "Polygon", "coordinates": [[[8.30051980596367, 49.01188505961887], [8.3005228, 49.01194479999999], [8.3007866, 49.01193909999999], [8.300783891320256, 49.01188505961887], [8.30051980596367, 49.01188505961887]]]}}, {"type": "Feature", "properties": {"klasse": "Siedlung"}, "geometry": {"type": "Polygon", "coordinates": [[[8.3111982, 49.01196660000001], [8.3112677, 49.01188609999999], [8.31126881120123, 49.01188505961887], [8.310442143504996, 49.01188505961887], [8.3105224, 49.0136197], [8.3115246, 49.01360079999999], [8.3113327, 49.012805699999994], [8.3111892, 49.0123102], [8.3111483, 49.01215799999999], [8.3111616, 49.01205039999999], [8.3111982, 49.01196660000001]]]}}, {"type": "Feature", "properties": {"klasse": "Siedlung"}, "geometry": {"type": "Polygon", "coordinates": [[[8.3020841, 49.015321], [8.3022124, 49.0156782], [8.3022369, 49.0157091], [8.3022557, 49.015725499999995], [8.3022852, 49.015740300000004], [8.3023219, 49.0157489], [8.3028716, 49.015732699999994], [8.3028721, 49.01576], [8.3029628, 49.015757900000004], [8.3029699, 49.015824499999994], [8.3033174, 49.01581449999999], [8.3071946, 49.015729799999995], [8.3071921, 49.015685399999995], [8.3071912, 49.015668299999994], [8.3084916, 49.0156354], [8.3084941, 49.015578999999995], [8.3084924, 49.01554819999999], [8.308787900000002, 49.01554350000001], [8.3088002, 49.015543300000004], [8.3090716, 49.01553919999999], [8.309296, 49.015535699999994], [8.3092954, 49.015516899999994], [8.3092938, 49.01547379999999], [8.3092929, 49.01545019999999], [8.3098663, 49.0154413], [8.3098637, 49.0153675], [8.3098955, 49.01536699999999], [8.3098832, 49.014980400000006], [8.3099811, 49.01488189999999], [8.3099737, 49.014873400000006], [8.3098751, 49.014761400000005], [8.3097772, 49.0146242], [8.3097214, 49.01450559999999], [8.3096935, 49.014403400000006], [8.3096424, 49.01440339999999], [8.309631000000001, 49.01440349999999], [8.3096152, 49.014403800000004], [8.3095995, 49.014404], [8.3095837, 49.014404199999994], [8.3095804, 49.01440429999999], [8.3095787, 49.014352800000005], [8.3095781, 49.0143339], [8.3096701, 49.0143295], [8.3096069, 49.01412400000001], [8.3095948, 49.0140289], [8.309578200000002, 49.01391319999999], [8.3092959, 49.013913099999996], [8.3092932, 49.0138617], [8.3092067, 49.0138636], [8.3092058, 49.013845999999994], [8.3091547, 49.0138472], [8.3091513, 49.013782799999994], [8.3091658, 49.0137824], [8.3091918, 49.0137819], [8.3091891, 49.0137297], [8.309296700000003, 49.01372879999999], [8.3093352, 49.01372150000001], [8.309371, 49.0137075], [8.3094063, 49.0136823], [8.3094204, 49.0136646], [8.3094312, 49.01363779999999], [8.3096512, 49.013671499999994], [8.3095648, 49.01202179999999], [8.309549, 49.0119078], [8.309542632693283, 49.01188505961887], [8.300907924594803, 49.01188505961887], [8.3009108, 49.011946900000005], [8.3013011, 49.01302770000001], [8.3015845, 49.013740999999996], [8.3015201, 49.013751299999996], [8.3017007, 49.0141305], [8.3021257, 49.0152808], [8.3020841, 49.015321]]]}}, {"type": "Feature", "properties": {"klasse": "Siedlung"}, "geometry": {"type": "Polygon", "coordinates": [[[8.278969800000002, 49.0297224], [8.2789386, 49.029739799999994], [8.2785606, 49.0294374], [8.2776185, 49.0299412], [8.2781448, 49.030363799999996], [8.2785347, 49.030228], [8.2792868, 49.029868699999994], [8.2791869, 49.0297809], [8.2790852, 49.02982819999999], [8.278969800000002, 49.0297224]]]}}, {"type": "Feature", "properties": {"klasse": "Siedlung"}, "geometry": {"type": "Polygon", "coordinates": [[[8.299692, 49.031942699999995], [8.2993973, 49.03184900000001], [8.2996645, 49.0314037], [8.2993979, 49.0297876], [8.299355, 49.0297944], [8.2975136, 49.0300141], [8.2968276, 49.03009349999999], [8.2961899, 49.03019780000001], [8.2966809, 49.033206699999994], [8.2974467, 49.035639199999984], [8.2979964, 49.036477], [8.2982919, 49.03683099999999], [8.2992053, 49.0367031], [8.2992661, 49.03669489999999], [8.2994222, 49.03667299999999], [8.2995414, 49.036563399999984], [8.299662, 49.03646650000001], [8.2997539, 49.036425000000015], [8.3007245, 49.036184], [8.3008176, 49.03609970000001], [8.3008148, 49.03604899999999], [8.3007453, 49.03587430000001], [8.3005196, 49.0350015], [8.3004976, 49.03480150000001], [8.3005924, 49.0345663], [8.3002263, 49.03330739999999], [8.2998831, 49.0319173], [8.2997152, 49.0319501], [8.299692, 49.031942699999995]]]}}, {"type": "Feature", "properties": {"klasse": "Siedlung"}, "geometry": {"type": "Polygon", "coordinates": [[[8.2829079, 49.033757], [8.2832715, 49.034018499999995], [8.2837211, 49.0337457], [8.2833304, 49.033477], [8.2829079, 49.033757]]]}}, {"type": "Feature", "properties": {"klasse": "Siedlung"}, "geometry": {"type": "Polygon", "coordinates": [[[8.3060407, 49.03540109999999], [8.3060783, 49.03517670000001], [8.3056246, 49.035165], [8.3052629, 49.0351706], [8.3050199, 49.035181099999996], [8.3050817, 49.0354643], [8.3050887, 49.0357803], [8.3052202, 49.035776], [8.3053608, 49.03578139999999], [8.3060277, 49.03571959999999], [8.3060784, 49.03570030000001], [8.3060601, 49.0356103], [8.3060484, 49.0355176], [8.3060407, 49.03540109999999]]]}}, {"type": "Feature", "properties": {"klasse": "Siedlung"}, "geometry": {"type": "Polygon", "coordinates": [[[8.300191, 49.0384625], [8.3004231, 49.038732], [8.30071, 49.0391818], [8.3008013, 49.03937380000001], [8.3008264, 49.03943869999999], [8.3008341, 49.039558799999995], [8.3008585, 49.039628799999996], [8.3008827, 49.0396249], [8.3019912, 49.03945719999999], [8.3020066, 49.0394379], [8.3020348, 49.03940279999999], [8.3018515, 49.0388944], [8.3017888, 49.03822709999999], [8.3017867, 49.0382049], [8.301654, 49.03780909999999], [8.3015421, 49.037828999999995], [8.3014279, 49.0374847], [8.3013886, 49.03746470000001], [8.3007783, 49.0375412], [8.2995083, 49.0378981], [8.2989629, 49.0380514], [8.2990394, 49.038148799999995], [8.2991421, 49.038236899999994], [8.2992555, 49.038369800000005], [8.2993655, 49.038444999999996], [8.2994455, 49.03846779999999], [8.3007358, 49.0382687], [8.3007918, 49.03837399999999], [8.300191, 49.0384625]]]}}, {"type": "Feature", "properties": {"klasse": "Siedlung"}, "geometry": {"type": "Polygon", "coordinates": [[[8.2888084, 49.0380503], [8.2881726, 49.0378691], [8.2880888, 49.0380056], [8.288057300000002, 49.038327599999995], [8.2881112, 49.0383708], [8.2887964, 49.03838399999999], [8.2888084, 49.0380503]]]}}, {"type": "Feature", "properties": {"klasse": "Siedlung"}, "geometry": {"type": "Polygon", "coordinates": [[[8.2979289, 49.0381594], [8.2979395, 49.038124], [8.2979241, 49.038084399999995], [8.2978507, 49.03800619999999], [8.2977932, 49.03797219999999], [8.2977402, 49.0379467], [8.2974092, 49.03802240000001], [8.2973955, 49.03799810000001], [8.2973527, 49.03790579999999], [8.2971521, 49.03794070000001], [8.2969186, 49.03802670000001], [8.2964789, 49.038135800000006], [8.2962797, 49.0381605], [8.2960804, 49.03819930000001], [8.2954836, 49.0384018], [8.2947205, 49.0386954], [8.2942688, 49.038900299999995], [8.294179, 49.03899129999999], [8.2941798, 49.03904109999999], [8.2942177, 49.0390968], [8.2942683, 49.0391362], [8.2943213, 49.03915450000001], [8.2943789, 49.0391549], [8.2946784, 49.039102799999995], [8.2950692, 49.038998500000005], [8.295093, 49.039006699999995], [8.2960294, 49.03873769999999], [8.2965453, 49.03859850000001], [8.2965877, 49.038574700000005], [8.2974399, 49.0383434], [8.2979063, 49.03821139999999], [8.2979289, 49.0381594]]]}}, {"type": "Feature", "properties": {"klasse": "Siedlung"}, "geometry": {"type": "Polygon", "coordinates": [[[8.2854946, 49.03957379999999], [8.2864864, 49.03927869999998], [8.2862519, 49.03890929999999], [8.2862119, 49.0388495], [8.286109, 49.03880629999999], [8.2859219, 49.03876619999999], [8.285768, 49.038819700000005], [8.2857255, 49.0387328], [8.2857866, 49.03845229999999], [8.285519, 49.0384195], [8.2847945, 49.03827739999999], [8.284722900000002, 49.03820429999999], [8.2844518, 49.0381205], [8.2840697, 49.037984900000005], [8.2840309, 49.0381628], [8.2846195, 49.03872869999999], [8.284569400000002, 49.0387492], [8.2845287, 49.03876650000001], [8.284088, 49.038950299999996], [8.2839403, 49.0388058], [8.2834886, 49.039007600000005], [8.2836664, 49.03918749999999], [8.2837319, 49.03925379999999], [8.2843123, 49.03935130000001], [8.2843888, 49.039312899999985], [8.2845526, 49.039406199999995], [8.2845749, 49.03943429999999], [8.2854946, 49.03957379999999]]]}}, {"type": "Feature", "properties": {"klasse": "Siedlung"}, "geometry": {"type": "Polygon", "coordinates": [[[8.2903236, 49.03856510000001], [8.2900117, 49.0385342], [8.289942300000002, 49.0385716], [8.2898583, 49.0387724], [8.2898089, 49.0388553], [8.2897363, 49.03890999999999], [8.2891813, 49.03913959999999], [8.2894361, 49.0394139], [8.2906191, 49.039081799999984], [8.2909592, 49.03900219999999], [8.2908816, 49.0388681], [8.290784, 49.038728199999994], [8.2906476, 49.03860759999999], [8.2904226, 49.038562600000006], [8.2903236, 49.03856510000001]]]}}, {"type": "Feature", "properties": {"klasse": "Siedlung"}, "geometry": {"type": "Polygon", "coordinates": [[[8.2937704, 49.0416605], [8.2965424, 49.040881999999996], [8.296763, 49.040783], [8.2968502, 49.0406562], [8.2968494, 49.0404687], [8.2969024, 49.0403847], [8.2970081, 49.04030689999999], [8.2984279, 49.039919], [8.2984759, 49.039833699999996], [8.2983336, 49.03961249999998], [8.2984346, 49.0395884], [8.2988352, 49.0394928], [8.298935, 49.03967279999999], [8.2990292, 49.039654], [8.2992312, 49.0396138], [8.2992817, 49.039727899999995], [8.299300100000002, 49.0397308], [8.2993121, 49.03975909999998], [8.299322100000001, 49.03978300000001], [8.2993136, 49.0398023], [8.2993458, 49.0398786], [8.2999545, 49.03978109999999], [8.300153, 49.0397157], [8.3001827, 49.039710799999995], [8.3002468, 49.0397002], [8.300275, 49.039701400000006], [8.3005597, 49.0396487], [8.3006207, 49.039608699999995], [8.3006912, 49.0394994], [8.3006884, 49.039444700000004], [8.300246, 49.03873889999999], [8.3001498, 49.0386752], [8.2998365, 49.038620599999994], [8.2996612, 49.0386671], [8.2996252, 49.03861590000001], [8.299397000000003, 49.0385746], [8.2992756, 49.038540499999996], [8.2991946, 49.03849749999999], [8.2991761, 49.038451], [8.2990817, 49.0383619], [8.2982515, 49.03858489999998], [8.298181, 49.0384735], [8.2978232, 49.03856660000001], [8.2977544, 49.03846459999998], [8.29771, 49.03844029999999], [8.2975579, 49.03848099999999], [8.2958839, 49.03893939999999], [8.2943265, 49.0393656], [8.294241400000002, 49.0395274], [8.2942516, 49.0395776], [8.2941066, 49.03961509999999], [8.294046800000002, 49.039606299999996], [8.2937553, 49.0395069], [8.293591, 49.0395248], [8.2934044, 49.03957], [8.293093300000002, 49.039693], [8.2927725, 49.0399013], [8.2925984, 49.0402979], [8.2926022, 49.040389499999996], [8.2925994, 49.040672900000004], [8.2929754, 49.041306500000005], [8.2931322, 49.0415128], [8.2932081, 49.0415824], [8.2933168, 49.04163710000001], [8.2934298, 49.04166819999999], [8.2935715, 49.0416827], [8.2936808, 49.0416802], [8.2937704, 49.0416605]]]}}, {"type": "Feature", "properties": {"klasse": "Siedlung"}, "geometry": {"type": "Polygon", "coordinates": [[[8.2884478, 49.041009599999995], [8.2885795, 49.04098239999999], [8.288634, 49.04095279999999], [8.2886463, 49.04093990000001], [8.2888024, 49.0409152], [8.2888268, 49.040929399999996], [8.288871, 49.040942999999984], [8.2889237, 49.0409787], [8.2889468, 49.041025299999994], [8.2889228, 49.041102599999995], [8.2888823, 49.0411302], [8.2888855, 49.0411796], [8.2909626, 49.041208999999995], [8.2910272, 49.04117529999999], [8.2910068, 49.041127200000005], [8.2909724, 49.0410461], [8.2908811, 49.0409898], [8.2908206, 49.04091470000001], [8.2907469, 49.04077459999999], [8.2903148, 49.04057619999999], [8.2900793, 49.0405602], [8.2900837, 49.04049839999999], [8.2891445, 49.04046540000001], [8.2882832, 49.04062249999999], [8.2874171, 49.0407744], [8.2873536, 49.0408048], [8.2872845, 49.040826499999994], [8.2872892, 49.0408887], [8.2873202, 49.0409454], [8.287419, 49.04103109999999], [8.2875168, 49.041078000000006], [8.2876748, 49.0411131], [8.2878328, 49.0411137], [8.2884478, 49.041009599999995]]]}}, {"type": "Feature", "properties": {"klasse": "Siedlung"}, "geometry": {"type": "Polygon", "coordinates": [[[8.2957107, 49.05208749999999], [8.2956723, 49.0520529], [8.2956483, 49.0520291], [8.297109, 49.0513151], [8.297340100000001, 49.051133699999994], [8.2976341, 49.05067369999999], [8.2977905, 49.050390699999994], [8.298013, 49.050421599999986], [8.2980582, 49.0503271], [8.2981129, 49.050176199999996], [8.2981392, 49.04998390000001], [8.2981605, 49.049811], [8.2981573, 49.049636799999995], [8.2980938, 49.0493594], [8.2979114, 49.0488639], [8.2976528, 49.0482771], [8.2973113, 49.0475195], [8.2968061, 49.046358299999994], [8.2965035, 49.04549509999998], [8.2955363, 49.0451535], [8.2933015, 49.0452305], [8.2917162, 49.0451652], [8.2912441, 49.04494749999999], [8.2896832, 49.044096399999994], [8.2888544, 49.04386639999999], [8.2888116, 49.0435243], [8.2860031, 49.04363680000001], [8.2835466, 49.04319719999999], [8.2829769, 49.0433017], [8.2821371, 49.0432526], [8.2820403, 49.04338990000001], [8.2817541, 49.0433511], [8.2815872, 49.043395399999994], [8.2815413, 49.043435499999994], [8.281488, 49.04348209999999], [8.2813116, 49.04357269999999], [8.280742, 49.0438652], [8.2797911, 49.044283500000006], [8.2795905, 49.04446029999999], [8.2794889, 49.0446627], [8.2794637, 49.0449436], [8.2794598, 49.0454464], [8.2793654, 49.04569630000001], [8.2791834, 49.045862899999996], [8.2786682, 49.04606199999999], [8.2783833, 49.046196099999996], [8.278419, 49.04664120000001], [8.2785566, 49.046634], [8.2785624, 49.04675530000001], [8.2780096, 49.04685859999999], [8.2783066, 49.04905810000001], [8.2779834, 49.0491061], [8.2778775, 49.04914120000001], [8.2777455, 49.049208199999995], [8.2776408, 49.0493375], [8.2774317, 49.0497127], [8.277426951540438, 49.04972912728259], [8.277426951540438, 49.052528219183664], [8.2776725, 49.05278359999999], [8.2775473, 49.0530074], [8.2777703, 49.053199299999996], [8.277997343980662, 49.053453775110945], [8.29482922100612, 49.053453775110945], [8.294836, 49.0533812], [8.2948781, 49.0532358], [8.2949325, 49.053066599999994], [8.2950096, 49.05287160000001], [8.2951525, 49.0526552], [8.2953201, 49.05245029999999], [8.2955468, 49.0522074], [8.2957107, 49.05208749999999]]]}}, {"type": "Feature", "properties": {"klasse": "Siedlung"}, "geometry": {"type": "Polygon", "coordinates": [[[8.295076057105657, 49.053453775110945], [8.296701310777834, 49.053453775110945], [8.2966922, 49.053387199999996], [8.2966737, 49.05328219999999], [8.2957553, 49.0533201], [8.2950991, 49.053337799999994], [8.295076057105657, 49.053453775110945]]]}}, {"type": "Feature", "properties": {"klasse": "Siedlung"}, "geometry": {"type": "Polygon", "coordinates": [[[8.310829, 49.0139157], [8.3108445, 49.01440869999999], [8.3111631, 49.0144036], [8.3112443, 49.01440229999999], [8.3114012, 49.014399700000006], [8.3113755, 49.013784699999995], [8.3110916, 49.013790099999994], [8.3110608, 49.01379819999999], [8.310829, 49.0139157]]]}}, {"type": "Feature", "properties": {"klasse": "Siedlung"}, "geometry": {"type": "Polygon", "coordinates": [[[8.3235156, 49.0162182], [8.3185611, 49.0163161], [8.3185664, 49.0164302], [8.318568400000002, 49.0164712], [8.3185694, 49.0164945], [8.3185959, 49.01705979999999], [8.31866, 49.01709929999999], [8.3196062, 49.01707639999999], [8.3196043, 49.0170347], [8.3196468, 49.01703389999999], [8.3197095, 49.0170327], [8.3197107, 49.01706020000001], [8.3197114, 49.01707389999999], [8.3202144, 49.017063], [8.3202329, 49.01706], [8.3203172, 49.01705799999999], [8.3204015, 49.01705609999999], [8.3204276, 49.01705840000001], [8.3231427, 49.0170082], [8.3241275, 49.01699659999999], [8.3240973, 49.0163589], [8.3240952, 49.0163179], [8.3240901, 49.0162075], [8.3243897, 49.0162027], [8.3243856, 49.0160916], [8.3235131, 49.0161106], [8.3235156, 49.0162182]]]}}, {"type": "Feature", "properties": {"klasse": "Siedlung"}, "geometry": {"type": "Polygon", "coordinates": [[[8.3168557, 49.0182554], [8.3177438, 49.0188238], [8.3190554, 49.0188042], [8.319035, 49.01838789999999], [8.3190268, 49.017972300000004], [8.3188689, 49.0179751], [8.3188616, 49.017397399999986], [8.3157114, 49.0174873], [8.3156759, 49.01752069999999], [8.3156792, 49.0175557], [8.3157153, 49.0175982], [8.3165221, 49.01804239999999], [8.3168557, 49.0182554]]]}}, {"type": "Feature", "properties": {"klasse": "Siedlung"}, "geometry": {"type": "Polygon", "coordinates": [[[8.3322532, 49.0232133], [8.3322215, 49.0232492], [8.332194600000001, 49.02328539999999], [8.3321728, 49.02332059999999], [8.332161100000002, 49.023348199999994], [8.3321505, 49.023377], [8.3321446, 49.0234038], [8.3321371, 49.02343119999999], [8.3321347, 49.02347759999999], [8.3321361, 49.023516599999994], [8.3321381, 49.023544900000005], [8.3321439, 49.02357099999999], [8.3321536, 49.02360050000001], [8.3321669, 49.023627499999996], [8.3321807, 49.0236543], [8.3321982, 49.023680799999994], [8.3322184, 49.023704499999994], [8.3322435, 49.0237285], [8.332269900000002, 49.02375169999999], [8.3322999, 49.02377490000001], [8.3323876, 49.023835399999996], [8.3323962, 49.02383429999999], [8.332576, 49.02395489999999], [8.3327606, 49.024073699999995], [8.332852118624178, 49.02413232576543], [8.332852118624178, 49.022845892392894], [8.3326992, 49.02292219999999], [8.332495, 49.0230312], [8.3324274, 49.023072299999995], [8.3323626, 49.023114199999995], [8.3323214, 49.02314729999999], [8.3322719, 49.023191600000004], [8.3322532, 49.0232133]]]}}, {"type": "Feature", "properties": {"klasse": "Siedlung"}, "geometry": {"type": "Polygon", "coordinates": [[[8.3312957, 49.03397009999999], [8.3311789, 49.034185199999996], [8.3311785, 49.03432169999999], [8.3310418, 49.0344982], [8.3310021, 49.0345853], [8.3310436, 49.03466879999999], [8.3311868, 49.034671200000005], [8.3312762, 49.0346669], [8.3314232, 49.034640499999995], [8.3315443, 49.034604], [8.3315899, 49.034697699999995], [8.3309431, 49.0348843], [8.3310528, 49.035060499999986], [8.3314868, 49.03499029999999], [8.3315421, 49.03509799999999], [8.3319116, 49.03501500000001], [8.3320768, 49.03501229999999], [8.3322045, 49.03501379999999], [8.3325396, 49.0351603], [8.3327681, 49.0352601], [8.3321177, 49.03555209999999], [8.33208, 49.0356928], [8.3321814, 49.0356826], [8.3322632, 49.0356944], [8.3327803, 49.0360194], [8.3327975, 49.036015600000006], [8.332852118624178, 49.036047682674635], [8.332852118624178, 49.03408335933325], [8.332811200000002, 49.0340931], [8.332575, 49.03418009999999], [8.3326029, 49.034262299999995], [8.3325039, 49.0343314], [8.3324467, 49.0343029], [8.3323739, 49.0343077], [8.3322588, 49.0343692], [8.3321918, 49.0344797], [8.3320824, 49.03445289999999], [8.3320296, 49.0344818], [8.3319678, 49.03443109999999], [8.332139, 49.034347], [8.3323957, 49.03407180000001], [8.3325359, 49.03411749999999], [8.3326063, 49.034095199999996], [8.332789500000002, 49.034033599999994], [8.332852118624178, 49.03399502893845], [8.332852118624178, 49.032546987266635], [8.3326202, 49.0326673], [8.3323678, 49.0328322], [8.3321895, 49.032961199999995], [8.3318563, 49.033257699999986], [8.3316028, 49.0335288], [8.3313791, 49.0338072], [8.3312957, 49.03397009999999]]]}}, {"type": "Feature", "properties": {"klasse": "Siedlung"}, "geometry": {"type": "Polygon", "coordinates": [[[8.3131912, 49.0379413], [8.3132165, 49.0380244], [8.3125832, 49.038045600000004], [8.3122184, 49.03802299999999], [8.3120447, 49.03805599999999], [8.3117724, 49.03814289999999], [8.3115816, 49.03821640000001], [8.3114107, 49.03829449999999], [8.3112277, 49.038394499999995], [8.3110639, 49.03850930000001], [8.3108412, 49.03868279999999], [8.3106817, 49.0388064], [8.310572, 49.03891219999999], [8.3113605, 49.039149], [8.3116828, 49.0387253], [8.3119385, 49.03880119999999], [8.312256, 49.03890249999999], [8.3122223, 49.03894789999999], [8.3126006, 49.039068500000006], [8.3127556, 49.03910050000001], [8.3127313, 49.0391266], [8.3123911, 49.03951469999999], [8.3121099, 49.039425], [8.3118978, 49.03971879999999], [8.3119108, 49.039747999999996], [8.3112802, 49.039859], [8.3110644, 49.039789500000005], [8.3110235, 49.03984439999999], [8.3108014, 49.03977379999999], [8.3110587, 49.0394792], [8.3112279, 49.0392853], [8.3112495, 49.039260600000006], [8.3105771, 49.0390083], [8.3104969, 49.0389772], [8.3104679, 49.0389667], [8.3104062, 49.03894579999999], [8.3103546, 49.038929], [8.3102606, 49.0390254], [8.310229000000001, 49.0390172], [8.310198, 49.039009199999995], [8.3101194, 49.03911490000001], [8.3100771, 49.03910019999999], [8.3100329, 49.039084899999985], [8.3099277, 49.0392646], [8.3098723, 49.039324699999995], [8.3096778, 49.03953309999999], [8.3093598, 49.0398739], [8.3090001, 49.040227599999994], [8.3087072, 49.04046429999999], [8.3087423, 49.0404802], [8.3087623, 49.0404892], [8.3087793, 49.0404969], [8.3088111, 49.040511499999994], [8.3088281, 49.04052000000001], [8.3088148, 49.0406281], [8.308809500000002, 49.040755399999995], [8.3088188, 49.04086], [8.3088414, 49.04094519999999], [8.3090315, 49.04141299999999], [8.3096098, 49.0427704], [8.3102211, 49.04414599999999], [8.310459, 49.0445785], [8.3104979, 49.04459219999999], [8.3106593, 49.0449201], [8.3107064, 49.0449114], [8.3113394, 49.046224499999994], [8.3122817, 49.046022400000005], [8.3123143, 49.046022], [8.3123415, 49.0460273], [8.3123655, 49.04603949999999], [8.3123841, 49.046059899999996], [8.3124499, 49.0461758], [8.3124295, 49.04619869999999], [8.3124347, 49.046212399999995], [8.3124555, 49.04625649999999], [8.3124907, 49.0462494], [8.3125019, 49.0462767], [8.3125398, 49.046347899999994], [8.3126403, 49.0463262], [8.3127292, 49.0463069], [8.3126972, 49.046239899999996], [8.313122, 49.0461528], [8.3130488, 49.0460101], [8.3136896, 49.045882099999986], [8.3139753, 49.045962], [8.3141645, 49.0459239], [8.314333900000001, 49.045876799999995], [8.3155277, 49.0456162], [8.315815300000002, 49.045497399999995], [8.3159029, 49.0454335], [8.3160666, 49.0453547], [8.3169127, 49.04500019999998], [8.3175423, 49.044728500000005], [8.3180753, 49.0437862], [8.3175389, 49.0416139], [8.3171309, 49.04038229999999], [8.3165746, 49.03811790000001], [8.3167264, 49.0380988], [8.3167012, 49.038008100000006], [8.3162731, 49.038041799999995], [8.3156853, 49.0380794], [8.3153437, 49.038087999999995], [8.3150379, 49.0380775], [8.3148164, 49.038052], [8.3148256, 49.03802980000001], [8.3147049, 49.038016199999994], [8.3145827, 49.037989999999986], [8.314067, 49.03787809999999], [8.3140576, 49.03795139999999], [8.3140493, 49.0379777], [8.3140427, 49.037998699999996], [8.3139817, 49.0379911], [8.3139758, 49.03799229999999], [8.3139237, 49.0380029], [8.3138724, 49.0380134], [8.3138494, 49.0380181], [8.313781100000002, 49.03801479999999], [8.3137843, 49.0379736], [8.3136389, 49.03796239999999], [8.3131912, 49.0379413]]]}}, {"type": "Feature", "properties": {"klasse": "Siedlung"}, "geometry": {"type": "Polygon", "coordinates": [[[8.3293179, 49.03879709999999], [8.3298586, 49.03852580000001], [8.3295458, 49.03824190000001], [8.3290157, 49.03847119999999], [8.3293179, 49.03879709999999]]]}}, {"type": "Feature", "properties": {"klasse": "Siedlung"}, "geometry": {"type": "Polygon", "coordinates": [[[8.3251771, 49.03914329999999], [8.3254384, 49.0392524], [8.3259511, 49.03867029999999], [8.3257143, 49.0384968], [8.3251771, 49.03914329999999]]]}}, {"type": "Feature", "properties": {"klasse": "Siedlung"}, "geometry": {"type": "Polygon", "coordinates": [[[8.3289859, 49.04021869999999], [8.3291228, 49.04014140000002], [8.3291871, 49.04019699999999], [8.3292136, 49.04021749999999], [8.3291441, 49.0402548], [8.3291728, 49.04027779999999], [8.3292517, 49.040336], [8.3298206, 49.040011699999994], [8.3295285, 49.03978730000001], [8.3295122, 49.0397955], [8.329449, 49.039827200000005], [8.3292004, 49.0399519], [8.3291511, 49.039976599999996], [8.3288616, 49.040121799999994], [8.3289859, 49.04021869999999]]]}}, {"type": "Feature", "properties": {"klasse": "Siedlung"}, "geometry": {"type": "Polygon", "coordinates": [[[8.332852118624178, 49.04106799780271], [8.3326181, 49.04121680000001], [8.3327488, 49.041300400000004], [8.3328206, 49.041259], [8.332852118624178, 49.04123890714275], [8.332852118624178, 49.04106799780271]]]}}, {"type": "Feature", "properties": {"klasse": "Siedlung"}, "geometry": {"type": "Polygon", "coordinates": [[[8.3226064, 49.0416613], [8.3227297, 49.0417846], [8.3236868, 49.0424425], [8.3238766, 49.042553299999994], [8.3239095, 49.04253630000001], [8.324926200000002, 49.04163359999999], [8.3235933, 49.04071110000001], [8.3226064, 49.0416613]]]}}, {"type": "Feature", "properties": {"klasse": "Siedlung"}, "geometry": {"type": "Polygon", "coordinates": [[[8.3242727, 49.04279569999999], [8.324414, 49.042899599999984], [8.3252717, 49.04353019999999], [8.325381000000002, 49.043610599999994], [8.3254377, 49.04365219999999], [8.3267163, 49.04272579999999], [8.3254373, 49.04181890000001], [8.3242727, 49.04279569999999]]]}}, {"type": "Feature", "properties": {"klasse": "Siedlung"}, "geometry": {"type": "Polygon", "coordinates": [[[8.3219705, 49.0437616], [8.3217701, 49.0436418], [8.3216936, 49.0436436], [8.3214948, 49.04378079999999], [8.3217782, 49.043952999999995], [8.3220255, 49.043794799999986], [8.321998, 49.04377819999999], [8.3219705, 49.0437616]]]}}, {"type": "Feature", "properties": {"klasse": "Siedlung"}, "geometry": {"type": "Polygon", "coordinates": [[[8.3234867, 49.0460026], [8.3234452, 49.0460209], [8.3233969, 49.046040100000006], [8.323341, 49.0460704], [8.32074, 49.0471387], [8.3201789, 49.04678990000001], [8.3183741, 49.047542699999994], [8.31868, 49.047812099999994], [8.3167127, 49.048652799999985], [8.3144787, 49.0495649], [8.3134162, 49.0500541], [8.3135118, 49.050214399999994], [8.313889500000002, 49.0508481], [8.3142998, 49.051480500000004], [8.3147118, 49.0521141], [8.3151524, 49.052745099999996], [8.315653170663465, 49.053453775110945], [8.332822923281908, 49.053453775110945], [8.3262642, 49.046721999999995], [8.3257004, 49.0461378], [8.324958600000002, 49.045381], [8.3242638, 49.045675599999996], [8.3242111, 49.045695900000005], [8.3241749, 49.0457098], [8.3234867, 49.0460026]]]}}, {"type": "Feature", "properties": {"klasse": "Siedlung"}, "geometry": {"type": "Polygon", "coordinates": [[[8.3311113, 49.0500323], [8.332852118624178, 49.05182007534458], [8.332852118624178, 49.05098574992287], [8.3321706, 49.05028699999998], [8.3320593, 49.050171899999995], [8.3312319, 49.04932539999999], [8.3311579, 49.04935700000001], [8.3306548, 49.0495664], [8.3311113, 49.0500323]]]}}, {"type": "Feature", "properties": {"klasse": "Straße"}, "geometry": {"type": "Polygon", "coordinates": [[[8.281282016618043, 49.029092283242164], [8.281261881154558, 49.02910986393443], [8.281201880980245, 49.029167963787756], [8.281201347085569, 49.029168538058926], [8.281200752622528, 49.02916906337061], [8.281024352089888, 49.02934206293757], [8.281006547691712, 49.02936159421768], [8.280991838335137, 49.02938220936015], [8.280980850339173, 49.0294028057048], [8.280211972121252, 49.0297825122212], [8.279892116941582, 49.029939642522045], [8.279881802228601, 49.02994491445138], [8.279261289077658, 49.0302747519851], [8.278718565129775, 49.030521007414656], [8.27871819313575, 49.0305211945622], [8.278717795713032, 49.03052135754862], [8.278603857624539, 49.0305733582972], [8.278517333136133, 49.030600052703214], [8.278437726768866, 49.03061766034099], [8.278359099094088, 49.03062485697178], [8.278266559522221, 49.03062539813196], [8.278077219093502, 49.03061036326584], [8.277845164272634, 49.03057533957904], [8.277519603111411, 49.03052150820402], [8.277498147945607, 49.030518438481124], [8.277426951540438, 49.03050981577509], [8.277426951540438, 49.030969953301856], [8.27758168723185, 49.030995538779365], [8.277426951540438, 49.031039572277855], [8.277426951540438, 49.031529648396614], [8.277916337218885, 49.03139038254041], [8.277952903050663, 49.031378217695725], [8.2783617041132, 49.031221317095195], [8.278366103985382, 49.03121959923553], [8.278539604416446, 49.03115069897402], [8.278569508085935, 49.031137357000574], [8.27859710378189, 49.031122014688016], [8.27862208339035, 49.031104843338966], [8.278644168007775, 49.03108603467768], [8.278677267916706, 49.03105453459721], [8.278695347287721, 49.03103533436645], [8.278695462118408, 49.03103517961056], [8.278753936693276, 49.03102224597739], [8.278790168024663, 49.031012686351744], [8.27892046844289, 49.030972486191104], [8.278945939267867, 49.03096375164451], [8.278970205458073, 49.03095364235204], [8.279107421894697, 49.030891017302416], [8.279386502021076, 49.03076438713023], [8.279490339102095, 49.030857797967435], [8.279544876420402, 49.030923752134285], [8.279588405764935, 49.03100768500349], [8.279600784202863, 49.03102819799138], [8.279616160798726, 49.03104781439711], [8.279634387470047, 49.031066345302804], [8.279655288685833, 49.03108361224444], [8.279678663156954, 49.031099448930526], [8.279704285774642, 49.03111370284373], [8.279727738642011, 49.03112434413592], [8.279725437351363, 49.03112549155533], [8.279700810451954, 49.031140485143666], [8.279678537135293, 49.03115699375766], [8.279658831906085, 49.031174858411745], [8.27964188453778, 49.031193907060874], [8.279627858244904, 49.0312139562574], [8.279616888111134, 49.0312348129177], [8.279609079788257, 49.0312562761816], [8.279604508478556, 49.031278139346824], [8.279603218210422, 49.03130019185953], [8.279605221414181, 49.0313222213421], [8.279610498802212, 49.03134401563842], [8.279618999554527, 49.031365364857066], [8.279637185340057, 49.0314033269613], [8.279649620284582, 49.03142948677725], [8.279373332092476, 49.03148550137867], [8.27936891512847, 49.031486418449326], [8.27912918613205, 49.0315373682138], [8.278529796588371, 49.03165289879715], [8.278526837528318, 49.0316534786888], [8.278305444796647, 49.03169758159315], [8.278241404830485, 49.03170880698788], [8.27823772084168, 49.03170946724849], [8.27800952175962, 49.03175126707287], [8.277999146675729, 49.03175328430076], [8.277834836828765, 49.031787098208014], [8.27760038454793, 49.03183390914189], [8.277426951540438, 49.031868495725384], [8.277426951540438, 49.03213825740902], [8.277426951540438, 49.032284304736855], [8.277426951540438, 49.0323386295148], [8.277426951540438, 49.03281847408933], [8.277426951540438, 49.03307231221558], [8.277426951540438, 49.03315675788664], [8.277426951540438, 49.03367756653012], [8.277439976349026, 49.033685300242915], [8.27747163066406, 49.0337019656854], [8.277506062395423, 49.03371605059541], [8.277575562587524, 49.03374085069373], [8.277601391520866, 49.03374916294046], [8.27762819115587, 49.033756019145876], [8.27770659144969, 49.033773619221705], [8.277738462960949, 49.033779656651014], [8.277771074025617, 49.03378363582999], [8.277804117948392, 49.03378551933587], [8.277904218398392, 49.03378801934917], [8.27794296054168, 49.033787542611705], [8.27798132856317, 49.03378419133647], [8.278111415950443, 49.03391091267978], [8.278125412917046, 49.03392357374593], [8.278512412212626, 49.034249174638674], [8.278512952101444, 49.034249593383606], [8.27851334059699, 49.03424995219741], [8.27851605830585, 49.03425200259695], [8.278530018459355, 49.03426283027721], [8.279834217661067, 49.03519633309596], [8.27983477468843, 49.03519673082646], [8.280678674200306, 49.03579783264648], [8.280683443110476, 49.035800908069284], [8.280688012330643, 49.03580422642286], [8.280695706691537, 49.035808816730906], [8.28070291192796, 49.03581346331631], [8.281426089542927, 49.03623562352085], [8.281738517411183, 49.036438907369394], [8.281970434965261, 49.03663634921184], [8.282181465666621, 49.03688274243455], [8.28218306746894, 49.036884592112], [8.282495466033778, 49.03724139290093], [8.282510237874519, 49.03725678759778], [8.282526855036613, 49.03727134640562], [8.282757254694966, 49.03745704692868], [8.28277259738072, 49.03746858663924], [8.282945597297386, 49.03759008701002], [8.282947159058994, 49.03759117656192], [8.283080059006998, 49.03768327684503], [8.28308769491327, 49.037688096121926], [8.283094185303264, 49.03769251222046], [8.283098600504093, 49.03769497900656], [8.283103117120953, 49.037697829595146], [8.283457117389855, 49.037901230281], [8.283479924770068, 49.037913244645985], [8.2839082254735, 49.03811974539363], [8.28394082614677, 49.03813366266845], [8.28423182690485, 49.03824296309623], [8.284261709197446, 49.03825294346753], [8.284552810147426, 49.03833864382162], [8.284563567526666, 49.0383416666681], [8.284864168566257, 49.03842216700623], [8.284889079852423, 49.038428109399256], [8.28512278074899, 49.03847720961251], [8.285124143794732, 49.03847749392159], [8.28536174471053, 49.03852669413567], [8.285375592342401, 49.03852935188149], [8.28553178353477, 49.03855699308992], [8.285522979969604, 49.0386083727635], [8.285516055332275, 49.038612568113614], [8.285188001343007, 49.03872001615022], [8.285059516087523, 49.038596942835916], [8.285039185668404, 49.03857938218142], [8.285016335095102, 49.038563216200565], [8.284991184431478, 49.03854860057915], [8.284963975891664, 49.038535676072215], [8.284934971507438, 49.03852456714845], [8.284904450604753, 49.03851538079163], [8.284872707113765, 49.038508205470315], [8.284840046738235, 49.038503110285866], [8.284806784011556, 49.038500144307044], [8.28477323926778, 49.03849933609746], [8.28473973555679, 49.038500693440476], [8.284706595533315, 49.03850420326429], [8.284674138349752, 49.03850983176782], [8.28464267658272, 49.038517524746176], [8.284612513222918, 49.03852720811268], [8.284583938757292, 49.03853878861232], [8.284557228371579, 49.03855215471982], [8.284532639300208, 49.03856717771363], [8.284510408349028, 49.0385837129155], [8.284490749614754, 49.0386016010838], [8.284473852423082, 49.03862066994708], [8.284459879505324, 49.03864073586298], [8.284448965431139, 49.03866160558687], [8.28444121531244, 49.03868307813275], [8.28443670379098, 49.038704946708954], [8.28443547431937, 49.03872700070953], [8.284437538742427, 49.03874902774251], [8.284442877182958, 49.038770815675385], [8.284451438232999, 49.03879215467801], [8.284463139448766, 49.038812839243455], [8.284477868144466, 49.03883267016714], [8.28449548247741, 49.0388514564653], [8.284595269428303, 49.03894704131796], [8.284416548594693, 49.039024669726714], [8.284390856375321, 49.03903699425614], [8.284367016333567, 49.039050834349894], [8.28434523457289, 49.039066070357606], [8.284325699403007, 49.03908257056084], [8.284273599269572, 49.039131070435126], [8.284257824658685, 49.03914716825686], [8.28424419035251, 49.03916409002422], [8.284232795215123, 49.03918171303811], [8.284193594839243, 49.0392503129285], [8.284183345629165, 49.03927132788193], [8.284176278864107, 49.03929290210537], [8.284172462604834, 49.03931482782782], [8.28417193360824, 49.03933689389299], [8.284172901796753, 49.03934459980272], [8.28359867877054, 49.03926121207048], [8.283586332740644, 49.039259575263074], [8.283163934546785, 49.0392088754945], [8.28315832890002, 49.03920838806908], [8.283152783389646, 49.039207661822026], [8.28272498525128, 49.039165862015594], [8.282716473280969, 49.03916510199354], [8.282497674243519, 49.03914740207659], [8.282492946694765, 49.039147041564796], [8.282312847491148, 49.03913414162585], [8.28229698730976, 49.03913325054324], [8.282007788604972, 49.039121450601975], [8.282004014076291, 49.03912131034997], [8.281565416044621, 49.03910661042484], [8.281551226111148, 49.039106328744396], [8.281099828145777, 49.03910352876648], [8.281088366019645, 49.03910358391647], [8.280456568866683, 49.03911358388519], [8.280450430147006, 49.03911387964851], [8.280444275334563, 49.039113923969595], [8.279748988297882, 49.0391413997643], [8.27886140224871, 49.03917437697106], [8.278699458493012, 49.039180404166345], [8.278454251630071, 49.039187645312936], [8.278451218631302, 49.03918774374736], [8.277803921539325, 49.03921064365889], [8.277802490586225, 49.03921069625556], [8.277426951540438, 49.03922501714054], [8.277426951540438, 49.03932664990496], [8.277426951540438, 49.03967553544028], [8.277426951540438, 49.03975553008346], [8.277426951540438, 49.039777253153865], [8.277426951540438, 49.04033945543284], [8.277568507120904, 49.04024527941001], [8.277744117438468, 49.04015519887878], [8.277952258135901, 49.04007158894836], [8.27811006527785, 49.040018198794044], [8.278278405896414, 49.03997132360804], [8.278452696363816, 49.03993017421354], [8.278682225734892, 49.03988360433852], [8.278990160646378, 49.03984589437478], [8.279754606188094, 49.03980484637302], [8.280617162960423, 49.03977169791738], [8.28065053735416, 49.039769330480055], [8.280683398073329, 49.03976482379542], [8.280715428647241, 49.03975822126583], [8.280746320600363, 49.03974958647807], [8.28077577642326, 49.03973900259084], [8.280803512437878, 49.039726571533976], [8.280829261529613, 49.03971241302662], [8.280852775719834, 49.0396966634244], [8.280873828554087, 49.03967947440598], [8.280892217282968, 49.03966101151237], [8.280902250049472, 49.03964839018575], [8.2810800482081, 49.039643511098696], [8.281542442979639, 49.039645445004155], [8.281973811343757, 49.039659830433216], [8.282228286668923, 49.039673097380835], [8.282612346699008, 49.03970114945276], [8.282935301222762, 49.03973093421993], [8.283333859903067, 49.03978438411016], [8.284238603879645, 49.03992122531538], [8.285032599629416, 49.04004199428861], [8.285036333651531, 49.040042547777595], [8.285652136224153, 49.04013144817778], [8.285665320026036, 49.04013317363228], [8.2860517216819, 49.04017857383982], [8.286059951584773, 49.040179472851136], [8.286395553041782, 49.04021337300774], [8.286405432230758, 49.04021427420294], [8.286718433607312, 49.04023977432249], [8.286732014021892, 49.04024070018813], [8.28705601546576, 49.04025850027417], [8.287060585826177, 49.04025860332138], [8.287065133334137, 49.0402589206172], [8.287692836148384, 49.04028232073477], [8.287703562497224, 49.04028237399066], [8.287714279232569, 49.04028267719652], [8.288139481149754, 49.04028097719785], [8.288155889238299, 49.0402806526079], [8.288378792629429, 49.040272719588174], [8.28836816564342, 49.040274896062634], [8.288080513120345, 49.040328883367586], [8.287713851195994, 49.04037158465288], [8.287657627242988, 49.040363460868015], [8.287615616912536, 49.04035916916661], [8.287489952435898, 49.040351549123805], [8.287437111319116, 49.040334597342834], [8.28740625702209, 49.04032590397587], [8.287374255192425, 49.04031924068199], [8.287341414021693, 49.040314671631485], [8.287308049784356, 49.04031224082627], [8.287274483792011, 49.04031197167594], [8.287241039299168, 49.04031386677254], [8.287208038390279, 49.04031790786548], [8.287175798878064, 49.0403240560373], [8.287144631242956, 49.0403322520785], [8.287114835643143, 49.040342417057666], [8.287105029554354, 49.040346611816084], [8.28707373606563, 49.040338774863976], [8.287041346274284, 49.04033297810014], [8.287008248201582, 49.04032929640627], [8.286974760595955, 49.04032776523861], [8.286941205957048, 49.040328399342926], [8.286907907430022, 49.0403311926125], [8.286875185693681, 49.04033611814694], [8.286843355872293, 49.04034312851129], [8.286812724500948, 49.040352156192725], [8.286783586573577, 49.04036311425079], [8.286773097718154, 49.04036752146384], [8.286723133410861, 49.04037368512951], [8.286536033498537, 49.0403859235694], [8.286498212798374, 49.04038981258723], [8.28646128989477, 49.040396455456055], [8.28642572720341, 49.04040576898188], [8.286387922190531, 49.04041732050467], [8.286260896366722, 49.0404277532606], [8.286252855383927, 49.04042847745948], [8.286030456355773, 49.04045027736764], [8.286011274849555, 49.04045252639609], [8.285747875965498, 49.04048852624374], [8.285743537521071, 49.040489266874935], [8.285739129288471, 49.04048980045518], [8.285727299653113, 49.04049203889882], [8.285715384907885, 49.04049407290713], [8.285711177775966, 49.040495089534986], [8.28570687032201, 49.040495904606004], [8.285472378683696, 49.0405485940036], [8.285209979784572, 49.04059302636985], [8.285179263245928, 49.04059925287434], [8.285149571320863, 49.040607347372486], [8.284920872053165, 49.04067814708958], [8.284889946070278, 49.04068902779603], [8.284691446564535, 49.04076772749706], [8.28466834190557, 49.04077774756465], [8.284646545165428, 49.040788962906525], [8.28452934528196, 49.040854462683974], [8.28450643503734, 49.04086850390086], [8.284485574446729, 49.04088386393702], [8.284466938412447, 49.04090041401013], [8.284367236411178, 49.04099800165011], [8.284099530157954, 49.041193570772954], [8.284094416679405, 49.04119769671739], [8.284088990791822, 49.04120164645032], [8.283766590351853, 49.04146084571473], [8.283765290450154, 49.041462002249666], [8.283763845235086, 49.04146308168138], [8.283597737647874, 49.041600162738206], [8.283520897453831, 49.04163760645795], [8.283323279861875, 49.041706128778166], [8.283088469853606, 49.04177743228243], [8.282577697689351, 49.04191880220067], [8.281567430987325, 49.042197765221964], [8.281565103789223, 49.04219849809409], [8.28156269208874, 49.04219910144782], [8.281262193099751, 49.042285601098314], [8.28125383957496, 49.042288093955364], [8.281113440025052, 49.042331493781916], [8.281111914336948, 49.04233202698629], [8.281110323214614, 49.04233246989285], [8.28066462461556, 49.042473869330095], [8.280641591878625, 49.04248190177502], [8.280352492635712, 49.042592201352086], [8.280335380966171, 49.04259918042058], [8.280105581459816, 49.042699180050114], [8.280079690133721, 49.04271163282606], [8.279588390757217, 49.04297203192268], [8.279587546197002, 49.042972526414566], [8.279586636392713, 49.042972968066174], [8.279068037015463, 49.04325156710463], [8.279040627062855, 49.04326799960132], [8.278897727054325, 49.04336349930185], [8.278875074637561, 49.04338022818018], [8.278715474399862, 49.04351062781359], [8.278698882087873, 49.04352537796916], [8.278649981945167, 49.04357277784954], [8.278649779348843, 49.04357297445333], [8.278621679266266, 49.043600274384545], [8.278604252785069, 49.04361913689085], [8.278589722645258, 49.043639031437856], [8.278580230963001, 49.043656154486726], [8.278573683094702, 49.04365560413165], [8.278540126491707, 49.043654964382306], [8.278506636083623, 49.043656489913175], [8.278473534397065, 49.04366016603272], [8.278431403490796, 49.043666256045114], [8.27828937301073, 49.04368674601532], [8.278262355620601, 49.04369141123506], [8.278236007312811, 49.04369750998233], [8.278027308053039, 49.04375220975865], [8.277994273734736, 49.04376223744492], [8.277963046470607, 49.043774514970515], [8.277813034223298, 49.04384085745141], [8.277810510113254, 49.04383368009931], [8.277721708852047, 49.04362698034453], [8.277711010482383, 49.04360606219674], [8.27769724469763, 49.04358593412077], [8.277680544072734, 49.04356678995992], [8.277661069446067, 49.043548814081745], [8.277639008370384, 49.04353217960244], [8.27761457330653, 49.0435170467197], [8.277587999577296, 49.04350356117006], [8.277559543101152, 49.043491852825376], [8.277529477927644, 49.04348203444208], [8.277498093598219, 49.04347420057546], [8.277472393910552, 49.04346962088679], [8.27747034427782, 49.0434654382323], [8.277426951540438, 49.04338870679529], [8.277426951540438, 49.04346451469921], [8.277426951540438, 49.04401160139713], [8.277426951540438, 49.04417898261437], [8.277426951540438, 49.04422390389808], [8.277426951540438, 49.04447332332261], [8.277426951540438, 49.04455367066302], [8.277426951540438, 49.044571021965126], [8.277426951540438, 49.04462270289463], [8.277426951540438, 49.044672879444086], [8.277426951540438, 49.044845210585336], [8.277426951540438, 49.044918175422936], [8.277426951540438, 49.044990929522314], [8.277426951540438, 49.04529055994077], [8.277426951540438, 49.046407607778654], [8.277426951540438, 49.04645857422035], [8.277426951540438, 49.04662846972381], [8.277426951540438, 49.04685991057831], [8.278159672688483, 49.04680863924414], [8.278433331576519, 49.046791349254846], [8.278433820544175, 49.04679131812794], [8.27908821465592, 49.046749346800674], [8.279803506877526, 49.046709059892585], [8.279836776140282, 49.046706099150164], [8.279869443715826, 49.046701009092814], [8.279901194993641, 49.04669383874117], [8.27993172418811, 49.0466846571505], [8.27996073728353, 49.04667355274562], [8.279987954865756, 49.04666063246922], [8.28001311481319, 49.04664602075197], [8.28003597482122, 49.04662985831413], [8.280056314735758, 49.046612300810175], [8.280073938673432, 49.04659351732987], [8.280088676908017, 49.04657368876968], [8.280100387504913, 49.046553006090605], [8.280108957687942, 49.046531668479076], [8.280114304925325, 49.04650988142871], [8.280116377724372, 49.04648785476117], [8.280115156127211, 49.046465800605475], [8.280110651902836, 49.04644393135513], [8.2801029084336, 49.04642245762262], [8.280092000297245, 49.046401586211104], [8.280078032548545, 49.046381518122836], [8.280061139707428, 49.046362446623405], [8.28004148446336, 49.04634455538055], [8.28001925610849, 49.0463280166954], [8.279994668714595, 49.04631298984311], [8.279967959071428, 49.04629961953906], [8.279939384406331, 49.04628803454524], [8.27990921990702, 49.046278346430164], [8.27987775607146, 49.04627064849457], [8.279845295910318, 49.04626501487283], [8.279812152028914, 49.046261499819096], [8.279778643616819, 49.046260137184774], [8.279745093374043, 49.04626094009257], [8.279027796577363, 49.0463013399277], [8.279023776820889, 49.04630158202878], [8.278488066266839, 49.04633594129469], [8.278489609488124, 49.04633275835926], [8.27853564899738, 49.046294642773994], [8.278567141411287, 49.04627641868476], [8.278645221686544, 49.04623447280715], [8.279108527440794, 49.04605990179725], [8.279143613631874, 49.04604472808763], [8.279283213857868, 49.04597592784257], [8.279305178241973, 49.04596413732061], [8.279325581646646, 49.04595119150839], [8.279344283877995, 49.0459371793587], [8.279468083695926, 49.045836279074614], [8.279486663837664, 49.04581962509457], [8.279502841362106, 49.04580192084488], [8.279516479826391, 49.045783315647796], [8.279584079292455, 49.04567911546251], [8.279598843115348, 49.04565150232124], [8.279645542450288, 49.045541802185916], [8.279653742548328, 49.0455173779291], [8.279657765786595, 49.04549250613419], [8.279718746761683, 49.04469614163509], [8.279740634107943, 49.04461131591753], [8.279776204395464, 49.04451548685126], [8.27982513129374, 49.044469310016616], [8.279937232012916, 49.04439353592398], [8.280097289107257, 49.044315561411295], [8.281172682655265, 49.04382813907192], [8.28119065246566, 49.04381941150282], [8.281530652930286, 49.04364271088527], [8.281555438700545, 49.04362850501416], [8.281578035082104, 49.04361280032912], [8.281598233279459, 49.04359574194637], [8.28170335292598, 49.04349756869638], [8.28173679774383, 49.043502509407865], [8.281754210944111, 49.04350477152713], [8.28265741483188, 49.043606171992266], [8.282685252221995, 49.043608157983165], [8.282686081120605, 49.04361579831384], [8.282690109492941, 49.043637707637515], [8.28269738520142, 49.04365925189433], [8.282707838180947, 49.043680223600724], [8.282721367767147, 49.04370042078688], [8.28273784366567, 49.0437196489418], [8.282757107206889, 49.04373772288666], [8.28277897287389, 49.043754468558156], [8.282803230089035, 49.04376972468491], [8.282829645241923, 49.043783344340675], [8.282857963939183, 49.04379519635933], [8.282887913454465, 49.04380516659819], [8.282919205355013, 49.0438131590372], [8.282951538279528, 49.04381909670385], [8.282984600840566, 49.04382292241445], [8.283018074623504, 49.04382459932474], [8.283051637253218, 49.043824111284984], [8.283084965498883, 49.04382146299529], [8.28311773838704, 49.04381667996045], [8.283118529436553, 49.04381650956725], [8.283130825017963, 49.043817784998744], [8.283164338761926, 49.0438190715154], [8.283197882950908, 49.04381819238672], [8.283231134531691, 49.043815156079326], [8.283263773269175, 49.04380999183486], [8.283295484830584, 49.04380274938843], [8.283325963812812, 49.04379349848966], [8.283354916683749, 49.0437823282308], [8.283382064609274, 49.04376934618878], [8.283407146138652, 49.04375467738912], [8.2834299197225, 49.04373846310176], [8.283450166039083, 49.043720859480615], [8.283467690106452, 49.043702036059486], [8.283482323160218, 49.043682174119525], [8.283493924278746, 49.043661464943185], [8.283502381740218, 49.043640107972095], [8.283507614098447, 49.043618308886266], [8.283509570967091, 49.04359627762329], [8.283508233504758, 49.04357422635641], [8.28347493183863, 49.043328726446084], [8.283473585399308, 49.04332235439458], [8.283472637047591, 49.04331595144396], [8.283471277316904, 49.04331143134761], [8.283470312966335, 49.04330686753891], [8.283468022931302, 49.0433006129285], [8.283466124459334, 49.043294301916845], [8.28346409732583, 49.04328989120042], [8.283462457150412, 49.04328541150553], [8.283459245575136, 49.04327933457138], [8.283456415267374, 49.043273176276976], [8.283453740254258, 49.04326891741793], [8.283451440050547, 49.04326456497862], [8.283447337865343, 49.043258724244765], [8.283443602980176, 49.04325277797505], [8.283440305849934, 49.043248711988255], [8.283437367770874, 49.0432445287208], [8.283432414483025, 49.04323898043648], [8.28342781099018, 49.04323330345687], [8.283423923496551, 49.043229469499785], [8.283420375837986, 49.043225495691075], [8.283414619151024, 49.04322029328887], [8.283409191385335, 49.04321494027155], [8.283404750967392, 49.043211375266985], [8.283400627895636, 49.04320764918673], [8.283394123250051, 49.043202842768174], [8.283387923484318, 49.04319786526529], [8.283382972906008, 49.04319460354594], [8.283378314128674, 49.04319116107801], [8.283371124167822, 49.043186796931], [8.28336421210953, 49.04318224287836], [8.283358799047702, 49.04317931585605], [8.283353649431412, 49.043176190153005], [8.283345843398628, 49.04317231030631], [8.283338285614517, 49.04316822356143], [8.28333246219965, 49.0431656594246], [8.28332687133805, 49.043162880588476], [8.283318524409374, 49.04315952240669], [8.283310393684785, 49.04315594232682], [8.283304215999095, 49.043153765769176], [8.283298237735112, 49.04315136056147], [8.283289430295394, 49.043148556385276], [8.28328080493324, 49.043145517448224], [8.283274332470944, 49.04314374943101], [8.283268024377888, 49.043141741014836], [8.2832588412465, 49.043139517849546], [8.283249804313344, 49.0431370493217], [8.283243099407313, 49.04313570687167], [8.283236522234855, 49.04313411458894], [8.283227051849423, 49.0431324938446], [8.28321769037497, 49.04313061949892], [8.283210817595913, 49.043129715544325], [8.283204034685575, 49.04312855472953], [8.283194368250168, 49.04312755201462], [8.283184772389294, 49.0431262899018], [8.283177797925191, 49.04312583314812], [8.28317087459912, 49.043125114980356], [8.28316110520549, 49.043124739951416], [8.283151367370513, 49.04312410222615], [8.28314435838816, 49.043124097072095], [8.283137361321117, 49.04312382846764], [8.283127583052691, 49.04312408473635], [8.283117797022953, 49.04312407754019], [8.28311082102188, 49.04312452403539], [8.283103817598432, 49.04312470758101], [8.283094124624068, 49.043125592679374], [8.28308438464306, 49.043126216081625], [8.28307750880486, 49.043127109926175], [8.28307056647111, 49.043127743854214], [8.2830610521384, 49.043129249258314], [8.283051452006037, 49.04313049725539], [8.282947816632095, 49.04314748151738], [8.282731213933822, 49.043158183546616], [8.281896236285856, 49.0430644426008], [8.281895997481621, 49.04306176048082], [8.281892101123683, 49.04303862152872], [8.28185060002142, 49.042871721643934], [8.281844162584994, 49.0428516385074], [8.281834966699298, 49.042832024844074], [8.281823088965472, 49.042813044027675], [8.281779856133703, 49.04275203048714], [8.281784962032605, 49.042740688074765], [8.281790925242943, 49.042721340034966], [8.281796970486415, 49.042696072106615], [8.281918556094897, 49.042588636221545], [8.282842773591023, 49.04233343349007], [8.282842901308593, 49.04233339326808], [8.282843034368518, 49.04233336139704], [8.283359336146724, 49.042190460816585], [8.28337004553326, 49.04218735380472], [8.283618346339495, 49.04211195350249], [8.283634486375567, 49.04210670922145], [8.283863187040804, 49.04202740891098], [8.2838857730083, 49.04201883852601], [8.283907300190126, 49.042009161906726], [8.284041100413624, 49.04194396167361], [8.284064144685944, 49.041931679602115], [8.284085483570385, 49.041918131127176], [8.28410495657483, 49.04190341814933], [8.284297594721536, 49.041744441335844], [8.284613486327519, 49.04149047282352], [8.284857922350431, 49.041311902142084], [8.284953333276237, 49.04127408092704], [8.284980100141572, 49.04126230652229], [8.285119387241963, 49.04119458469255], [8.285281842652804, 49.041130135075946], [8.285509266659224, 49.04104912002781], [8.285520473354422, 49.04104494654763], [8.285714406891987, 49.040969518243365], [8.285907977010549, 49.04092602372729], [8.286140983655331, 49.040894177727246], [8.286349731063583, 49.04087371597379], [8.286470554271647, 49.040863792647116], [8.286522975018787, 49.04087074292569], [8.286559072043735, 49.040874224066236], [8.286595527716889, 49.04087515796898], [8.286728141403218, 49.04087390182926], [8.286752533431594, 49.04087509609957], [8.286762894092828, 49.040876743667106], [8.286774523233992, 49.04088001818927], [8.28680524576054, 49.04088754525222], [8.286836923320877, 49.04089310404893], [8.286869264891639, 49.040896643510365], [8.286933965176877, 49.04090164353391], [8.28696745665093, 49.04090314141214], [8.287001010178948, 49.04090247393496], [8.28703430261777, 49.04089964753062], [8.287067013338792, 49.0408946894193], [8.287098827315962, 49.04088764735088], [8.287129438159797, 49.0408785891452], [8.287143593647933, 49.04087324691513], [8.28714469635243, 49.04087366518114], [8.287175277005257, 49.04088276734983], [8.287207067491483, 49.0408898551149], [8.28723976164791, 49.040894860216454], [8.287273044608048, 49.04089773445197], [8.287306595834602, 49.040898450140574], [8.28734009220657, 49.04089700038975], [8.28737321113126, 49.04089339916149], [8.287405633651197, 49.04088768113806], [8.287437047516, 49.040879901387854], [8.287495947715268, 49.040863101319886], [8.287502590625472, 49.0408611441179], [8.287550739572318, 49.04085976961068], [8.287567560444911, 49.040859016007495], [8.28762156068557, 49.0408557159939], [8.287654399698233, 49.04085264736867], [8.287686632242556, 49.040847502210056], [8.287717955247272, 49.04084032889617], [8.2878015873663, 49.04081813200284], [8.288217167621886, 49.04076973368514], [8.288251401404883, 49.040764542170756], [8.288559902638822, 49.04070664192763], [8.288567739781675, 49.040705104172986], [8.288929172984803, 49.040631080340994], [8.289145201406557, 49.04059902052268], [8.289360132340818, 49.040580425059055], [8.289603205610913, 49.04056673601924], [8.28977906742929, 49.04056498718905], [8.289884249638288, 49.04059038921905], [8.28989073313465, 49.04059172156624], [8.289897087115538, 49.040593300728005], [8.2900044875262, 49.04061610082691], [8.290037533345357, 49.04062193387532], [8.290071300248533, 49.04062556733159], [8.290248669845425, 49.04063870587377], [8.290273609252106, 49.04064720692428], [8.290307574241682, 49.04066495616397], [8.290345190063391, 49.0406951757373], [8.290394727938075, 49.040743814458715], [8.290464223287211, 49.04083737670063], [8.290479532011624, 49.04085576109034], [8.290497377712201, 49.04087312866587], [8.290517605379186, 49.04088932856803], [8.290560927374468, 49.040920901230784], [8.290614973758364, 49.04098062980411], [8.290631996517762, 49.041003177678064], [8.290645747998196, 49.041019630037106], [8.290661538847266, 49.041035271050575], [8.290714738717835, 49.04108347117651], [8.290745058470165, 49.041107289495805], [8.290806358451832, 49.04114918962558], [8.290809336833123, 49.04115120016195], [8.2908576368266, 49.041183400262994], [8.290859190346174, 49.041184339004516], [8.290860615708446, 49.041185361859895], [8.29087154452844, 49.041191804236426], [8.290882351734897, 49.04119833468099], [8.290884037736458, 49.04119916879638], [8.290885608738426, 49.04120009487863], [8.290897445465552, 49.04120580200092], [8.290909174293493, 49.04121160460284], [8.290910976539454, 49.04121232605884], [8.290912678051876, 49.04121314644942], [8.291019078273822, 49.04125934662279], [8.291044342934377, 49.041269316843035], [8.291070819085622, 49.04127782060969], [8.2911496193473, 49.0413004207035], [8.291177420732314, 49.041307463541465], [8.291206048874297, 49.04131288925654], [8.291308649296175, 49.04132918932934], [8.291345170546196, 49.04133362776822], [8.291444070980264, 49.04134202780747], [8.291448979642906, 49.041342284555675], [8.291453849406853, 49.04134276446431], [8.291465703010765, 49.0413431592735], [8.2914775344292, 49.04134377811731], [8.291482457735357, 49.04134371732482], [8.291487375602454, 49.04134388112472], [8.29149923099172, 49.04134351021033], [8.291511097705751, 49.041343363681335], [8.291515988240699, 49.041342985933596], [8.291520906848517, 49.04134283204726], [8.29165270743527, 49.04133443201262], [8.291680437882048, 49.041331908020695], [8.291707761516403, 49.041327901756624], [8.291860774492164, 49.041301101943816], [8.291942769441084, 49.04129801309478], [8.291975601303761, 49.04129572709979], [8.292007945016714, 49.0412913709433], [8.292165287324424, 49.04126491999242], [8.292243702416174, 49.04125684786323], [8.292249457837176, 49.04125733747268], [8.292310222709077, 49.0412633096839], [8.292343626440672, 49.04126549782042], [8.292377195565415, 49.04126552294748], [8.292410606789929, 49.041263384823104], [8.29244353834158, 49.04125910403883], [8.292475673067488, 49.04125272182148], [8.292506701489028, 49.04124429963607], [8.292536324782438, 49.04123391859381], [8.292564257656748, 49.041221678671015], [8.292590231101412, 49.04120769774611], [8.292613994977069, 49.041192110464436], [8.292635320424566, 49.04117506694147], [8.29265400206899, 49.04115673131703], [8.292669859997527, 49.04113728017453], [8.29268274149204, 49.041116900840315], [8.292692522499745, 49.0410957895795], [8.292699108827787, 49.0410741497059], [8.292702437050234, 49.04105218962387], [8.292702475118748, 49.04103012082134], [8.292699222671061, 49.041008155832934], [8.29269651910421, 49.04099916711776], [8.2926988, 49.0409965], [8.2927102, 49.040964499999994], [8.2927092, 49.040931500000006], [8.2926958, 49.040899800000005], [8.2926641, 49.04086559999999], [8.29262221180475, 49.040841363380466], [8.29261233620496, 49.04082725891667], [8.292595378540993, 49.04080821296983], [8.2925756629154, 49.04079035145585], [8.292553379201813, 49.04077384638954], [8.29252874200512, 49.040758856722334], [8.29250198859469, 49.04074552681145], [8.292473376619341, 49.040733985029895], [8.292443181626094, 49.040724342530034], [8.292411694406573, 49.04071669217329], [8.292379218196624, 49.040711107635836], [8.292346065756126, 49.04070764269913], [8.29231255635707, 49.04070633073193], [8.292279012708969, 49.040707184369005], [8.292245757851148, 49.04071019538946], [8.292213112041871, 49.040715334795884], [8.292181389674225, 49.04072255309363], [8.292150896248515, 49.04073178076736], [8.29212078321276, 49.04074209921259], [8.292049597722906, 49.04076167701027], [8.291833499974105, 49.040806393311556], [8.291803120674336, 49.04081373494188], [8.291773932846322, 49.04082293135633], [8.2917461978122, 49.04083390021851], [8.291663548161273, 49.040870194691884], [8.29155875856246, 49.04088854831805], [8.291493380142095, 49.04089271506953], [8.291451273043485, 49.040889138738045], [8.291395793269187, 49.04088032470588], [8.291371463752707, 49.04087334695692], [8.291319610112765, 49.0408508315878], [8.291297960357497, 49.04083639846529], [8.291254553819572, 49.040806729179494], [8.291245300255973, 49.04079834535458], [8.291221097252551, 49.04068226168143], [8.291216236433986, 49.040664361274764], [8.291181887527328, 49.040561985071356], [8.29128070791889, 49.04056451156796], [8.29132488654195, 49.04056376279812], [8.291512787379839, 49.040552562752154], [8.291549800682356, 49.04054900635417], [8.291586001982234, 49.040542814209644], [8.291803102823684, 49.04049721401938], [8.29183119038024, 49.04049041052155], [8.291858265657403, 49.04048201874171], [8.291884121320358, 49.040472102941905], [8.291908559374102, 49.04046073905465], [8.291988269120488, 49.04042011997818], [8.292177332596948, 49.040349580528606], [8.292183654868838, 49.040346943982634], [8.292190185892514, 49.04034453738872], [8.292476986567252, 49.04022633694416], [8.29249918195416, 49.0402163699776], [8.29277868241906, 49.04007996949015], [8.292790376456786, 49.04007365461363], [8.292802162778052, 49.04006741433273], [8.292914662861817, 49.04000161411336], [8.29292546565083, 49.03999501598675], [8.293145465702596, 49.039854715536805], [8.293150039366868, 49.03985174339541], [8.29328333274702, 49.03976348009637], [8.293341857058094, 49.03973333313004], [8.293398243270417, 49.03971005860348], [8.293451409797308, 49.03970546087019], [8.2934888161183, 49.03970082151296], [8.293670978167444, 49.03967124344423], [8.293782558760618, 49.03966383828891], [8.293850865348515, 49.03966445995993], [8.293884412574196, 49.03966368229507], [8.293917682315463, 49.0396607465856], [8.29395035416231, 49.03965568110434], [8.293982113463091, 49.03964853463529], [8.294012654354912, 49.0396393760037], [8.294041682709413, 49.03962829341327], [8.294068918965491, 49.03961539359659], [8.294094100821702, 49.03960080078731], [8.294116985762429, 49.03958465552356], [8.294132026652964, 49.039571701108436], [8.294143389859387, 49.039573254284086], [8.294176766576479, 49.03957560697939], [8.29421033333994, 49.03957579754012], [8.294243766879138, 49.03957382413102], [8.29427674520652, 49.03956970575732], [8.29430895071871, 49.03956348208173], [8.294340073255338, 49.03955521304242], [8.294369813086213, 49.03954497827568], [8.294397883798, 49.0395328763491], [8.294424015052636, 49.039519023812126], [8.2944479551909, 49.039503554073654], [8.294469327600563, 49.039486731082704], [8.294470505879527, 49.039486413700374], [8.294694229970816, 49.039426234084125], [8.294732690573538, 49.03941399257867], [8.294868341383742, 49.039363711727546], [8.29505303964507, 49.039323247481526], [8.29508068881275, 49.039316302559904], [8.29521538395634, 49.03927800106644], [8.295887468948198, 49.03909388036243], [8.295917234400527, 49.039084595811836], [8.295977234572598, 49.03906349572946], [8.296018865864943, 49.039046213305994], [8.296066171507285, 49.03902328646335], [8.296103742263043, 49.039008836155894], [8.296240967266238, 49.03897102271523], [8.296321996632752, 49.03896140089437], [8.29637061049354, 49.03895316710122], [8.296453510808979, 49.03893476702475], [8.296472945755559, 49.03893001728037], [8.296542145998426, 49.03891151720487], [8.296548812921083, 49.03890968065116], [8.297222158549316, 49.038718666157834], [8.297397302523327, 49.038669550097374], [8.297398573219255, 49.03866914420452], [8.297399894222693, 49.038668814973754], [8.297671775493825, 49.038590820294104], [8.297819956351729, 49.03854832575501], [8.297822944379238, 49.038547351474406], [8.297826039649395, 49.03854653462995], [8.297918831391218, 49.0385184968189], [8.298044565054042, 49.038483372423926], [8.298078564422681, 49.038472375269755], [8.298110505050362, 49.03845897320195], [8.298182205179716, 49.03842507307954], [8.29821196366286, 49.03840927096852], [8.298229076005438, 49.038397886842844], [8.298238809514745, 49.03839686567221], [8.298242330533634, 49.038396258733954], [8.298245912073295, 49.03839583144595], [8.298342012473816, 49.03838113138378], [8.29836746061344, 49.03837655179675], [8.298392296140321, 49.038370696238616], [8.298486549732647, 49.03834573648457], [8.298614076336504, 49.038320139473676], [8.298707616644581, 49.03831131268034], [8.298715602087464, 49.0383149588724], [8.298764671691288, 49.03835000178325], [8.298890564226022, 49.03849575020314], [8.298915622209352, 49.038520728967896], [8.298966922104228, 49.038565129087466], [8.298997541099157, 49.03858818619024], [8.29905874109678, 49.038628386317356], [8.299090165966618, 49.03864663945795], [8.299124751895384, 49.038662227428965], [8.299204752091237, 49.038693727550644], [8.299233637034375, 49.03870389826682], [8.29926386969603, 49.038712205225735], [8.29929517264048, 49.03871857219686], [8.299511873520402, 49.038755272359765], [8.299519874305407, 49.03875656001965], [8.300010547374235, 49.03883142345217], [8.300014849200167, 49.03883356496028], [8.300061277695539, 49.038883710114526], [8.300097595042777, 49.03893289683997], [8.300306526661533, 49.03924277803231], [8.300403167683482, 49.03942244419584], [8.300412833825213, 49.0394424523458], [8.300423497776558, 49.03948389503391], [8.300423160124375, 49.03949246990618], [8.30041834805729, 49.03949455204474], [8.300391247342782, 49.039507574624594], [8.30036621864429, 49.03952228086431], [8.300343503001349, 49.039538529136166], [8.30032331917835, 49.03955616296184], [8.300305861557725, 49.03957501251933], [8.300291298267869, 49.039594896278345], [8.300279769563916, 49.039615622748535], [8.300271386476899, 49.0396369923236], [8.300266229744318, 49.03965879920357], [8.300264349032469, 49.03968083337669], [8.300265762457958, 49.03970288264205], [8.300270456413065, 49.039724734653014], [8.300278385696624, 49.03974617896245], [8.300289473949189, 49.039767009049264], [8.300303614388241, 49.03978702430748], [8.30032067083646, 49.03980603197814], [8.300340479033052, 49.03982384900578], [8.30036284821561, 49.039840303801306], [8.300387562957194, 49.039855237894635], [8.300414385240996, 49.03986850746089], [8.300443056752583, 49.03987998470552], [8.300473301367655, 49.03988955909511], [8.300504827811343, 49.039897138421935], [8.300537332463454, 49.039902649691996], [8.300570502282625, 49.039906039828054], [8.300604017821223, 49.0399072761808], [8.30063755630197, 49.0399063468433], [8.30067079472662, 49.039903260765676], [8.300703412986783, 49.03989804766892], [8.3007350969469, 49.03989075775865], [8.300765541469696, 49.039881461241535], [8.300794453354937, 49.039870247649176], [8.300867253512862, 49.039838747532286], [8.300891487972962, 49.03982723284909], [8.300914100262334, 49.03981437075241], [8.300934917593507, 49.03980025952624], [8.300974917563408, 49.03977065943823], [8.300996612995448, 49.03975286350829], [8.301015455176282, 49.039733714430284], [8.301031250313576, 49.03971340915643], [8.30106485006974, 49.03966420906524], [8.301076599137483, 49.03964459201929], [8.301085502211027, 49.03962433781907], [8.3010914810414, 49.03960362448631], [8.301102980686785, 49.03955022445122], [8.301106243683009, 49.039524518240036], [8.301108243335102, 49.03947371823254], [8.301107499418116, 49.03945197873051], [8.301103565294921, 49.03943038809667], [8.301083364778062, 49.03935188815284], [8.301072107636706, 49.039321323962625], [8.301053507409343, 49.039282824013696], [8.301049985485909, 49.039275923238925], [8.300947084397665, 49.03908462351904], [8.300937309440483, 49.03906846727843], [8.300720607808998, 49.038747067853166], [8.30071561315198, 49.03873999373377], [8.30066961285561, 49.03867769385403], [8.300654076999466, 49.038658969261895], [8.300565376641476, 49.038563169482934], [8.300551000428035, 49.038549168554795], [8.300714508449792, 49.0385258851992], [8.300746926850612, 49.038520160748554], [8.300778335698727, 49.03851237476748], [8.30080843250647, 49.03850260224015], [8.300836927422456, 49.03849093728247], [8.300863546023127, 49.03847749223561], [8.30088803195565, 49.03846239658411], [8.300910149406802, 49.038445795708746], [8.30092968537398, 49.038427849486425], [8.300946451716518, 49.03840873075044], [8.300960286967527, 49.038388623625885], [8.300971057888823, 49.03836772175648], [8.30097866075399, 49.0383462264395], [8.300983022347173, 49.03832434468724], [8.30098410066804, 49.03830228723335], [8.300981885336117, 49.03828026650326], [8.300976397690576, 49.03825849456845], [8.30096769058458, 49.03823718110416], [8.300955847876098, 49.038216531369976], [8.300940983620174, 49.038196744233225], [8.300923240970395, 49.03817801025371], [8.300902790800118, 49.03816050984866], [8.300879830056815, 49.03814441155515], [8.300854579865309, 49.038129870407154], [8.3008272833982, 49.03811702644247], [8.300798203534015, 49.03810600335412], [8.300767620325585, 49.03809690729927], [8.300735828303077, 49.03808982587679], [8.30070313363761, 49.038084827283804], [8.300669851192788, 49.03808195965881], [8.300636301492554, 49.038081250618255], [8.300602807634519, 49.03808270699046], [8.300569692178525, 49.03808631474993], [8.29963569611334, 49.03821931418693], [8.299600893331657, 49.03822554937486], [8.299567282822, 49.038234159532884], [8.299535238375938, 49.038245048905274], [8.299505116369094, 49.03825809638844], [8.29948341908763, 49.03826861375311], [8.2994741720029, 49.03826061046621], [8.29935699337103, 49.03812495208011], [8.299591427419573, 49.038059482668174], [8.299592756359226, 49.038059059789134], [8.299594137496499, 49.03805871674257], [8.299803238202635, 49.0379989165007], [8.299809376563635, 49.03799711362581], [8.300009956695154, 49.037936640167615], [8.300223336313632, 49.03787276595958], [8.300235217505069, 49.037869026127254], [8.30040584564557, 49.03781263698651], [8.300567113566302, 49.03776325713734], [8.300756430675396, 49.037727708490955], [8.301255671765507, 49.03766290586575], [8.301391588308148, 49.03765770126655], [8.301424962129909, 49.037655338568904], [8.30145782300156, 49.03765083654605], [8.30148985445094, 49.03764423855544], [8.301520747994088, 49.03763560814014], [8.301550206106254, 49.03762502841678], [8.301577945087335, 49.037612601275036], [8.30160369779416, 49.037598446396416], [8.301627216213285, 49.03758270010153], [8.301648273849523, 49.03756551403722], [8.301666667907222, 49.03754705371606], [8.301682221243267, 49.03752749692235], [8.301694784072984, 49.03750703199989], [8.30170423541257, 49.03748585603807], [8.301710484244104, 49.03746417297374], [8.30171267482972, 49.03744804784405], [8.303460710031503, 49.0372358431489], [8.303461999297655, 49.03723568494374], [8.305006668133437, 49.037044112480146], [8.305044467604121, 49.037165873028506], [8.305045937775338, 49.03716965175633], [8.305047040256989, 49.037173484209774], [8.30505009467854, 49.03718033609405], [8.305052785991768, 49.03718725347895], [8.305054812428457, 49.03719091926862], [8.30505648095516, 49.037194662220166], [8.305060542169988, 49.037201284274055], [8.30506425178936, 49.0372079949127], [8.305066814976492, 49.03721151246055], [8.305069033480011, 49.03721512986334], [8.305074062377463, 49.0372214583125], [8.305078754578359, 49.0372278975775], [8.305081829831598, 49.03723123300746], [8.305084576947017, 49.03723469002372], [8.305090525096938, 49.03724066392137], [8.305096154691729, 49.03724676979873], [8.30509971239506, 49.03724989098849], [8.305102961666606, 49.03725315432514], [8.305109771785807, 49.03725871613903], [8.305116284558903, 49.03726442982531], [8.305120290449981, 49.03726730671589], [8.305124010585647, 49.03727034494497], [8.305131617088994, 49.03727544111106], [8.305138950319506, 49.03728070758021], [8.305143365819776, 49.03728331246544], [8.305147520992504, 49.03728609632675], [8.305155850625376, 49.03729067776581], [8.305163933690293, 49.037295446298295], [8.3051687162756, 49.03729775409119], [8.305173266469215, 49.03730025677469], [8.305182239012728, 49.03730427936459], [8.305190994067303, 49.03730850403628], [8.305196097678694, 49.03731049251136], [8.305200999072026, 49.0373126899145], [8.30521052811532, 49.03731611491506], [8.305219870843034, 49.037319755039626], [8.305225246329202, 49.03732140504642], [8.305230451719257, 49.037323276006944], [8.305240445491432, 49.03732607043298], [8.305250285916289, 49.0373290909538], [8.305255881508392, 49.03733038660179], [8.305261340763485, 49.03733191310092], [8.305271703017965, 49.0373340500402], [8.305281946370513, 49.037336421867685], [8.305287708178993, 49.03733735067882], [8.305293368723332, 49.03733851801548], [8.305303999664684, 49.03733997688782], [8.305314547294852, 49.03734167717973], [8.305320419829744, 49.03734223020894], [8.305326227148479, 49.03734302714088], [8.3053370243938, 49.03734379389636], [8.305347774720737, 49.03734480627771], [8.3053537014255, 49.03734497819894], [8.305359599590354, 49.03734539705116], [8.305370459154787, 49.03734546430538], [8.305381308645725, 49.037345779026275], [8.305387232442225, 49.0373455681838], [8.305393164649853, 49.03734560492248], [8.305403981948341, 49.03734497202773], [8.30541482611545, 49.03734458605718], [8.305420689953657, 49.03734399448155], [8.305426599072753, 49.03734364875286], [8.305639236954887, 49.03732425474931], [8.305669171170273, 49.03732166208475], [8.305676188967944, 49.0373341772735], [8.305701788760892, 49.03737387734184], [8.305717775212765, 49.03739540089916], [8.305737152973016, 49.03741568444512], [8.305824552738871, 49.03749718465398], [8.305853166604306, 49.03752041855129], [8.305945166553455, 49.0375857187494], [8.30596993503322, 49.037601605588044], [8.305997018195336, 49.0376157658256], [8.306082018344222, 49.037655765971664], [8.306111270229202, 49.03766810402073], [8.306142275434631, 49.037678426803105], [8.30619707561451, 49.03769442686929], [8.306219552989383, 49.037700372315705], [8.306322153365272, 49.037724772419985], [8.306355691107997, 49.037731491942544], [8.306390098910752, 49.037735918977404], [8.306458199207869, 49.037742319007066], [8.306508088381586, 49.037744579710676], [8.306577988696727, 49.037744379711214], [8.306603311741082, 49.037743689890064], [8.30662848757524, 49.0377417691619], [8.306968324931526, 49.03770741025414], [8.307269446263758, 49.03768217717306], [8.30730249531484, 49.03767831608237], [8.307334809590815, 49.037672343811955], [8.307366077883808, 49.03766431787878], [8.307395999059844, 49.03765431557788], [8.307424284959053, 49.03764243323804], [8.307450663170906, 49.03762878529394], [8.307474879657748, 49.03761350318415], [8.30749670120137, 49.037596734085135], [8.307515917649017, 49.037578639493894], [8.307532343937266, 49.03755939367259], [8.307545821874225, 49.037539181970196], [8.307556221662919, 49.03751819903753], [8.3075634431512, 49.03749664695254], [8.307567416796124, 49.037474733274216], [8.307568104333543, 49.03745266904361], [8.30756549914644, 49.0374306667514], [8.3075596263285, 49.03740893829147], [8.307550542442264, 49.03738769292032], [8.307538334974256, 49.03736713524175], [8.307523121492286, 49.03734746323652], [8.307505048513091, 49.03732886635564], [8.307484290091198, 49.037311523695955], [8.30746104614261, 49.03729560227541], [8.307435540519464, 49.037281255424524], [8.30740801885421, 49.03726862130997], [8.30737874619406, 49.0372578216038], [8.307348004448489, 49.03724896031187], [8.307316089674389, 49.03724212277222], [8.307283309224974, 49.03723737483323], [8.307249978789963, 49.03723476221956], [8.307216419355434, 49.037234310091726], [8.307182954112744, 49.03723602280389], [8.306877455459183, 49.03726162269649], [8.306868711377195, 49.03726243095516], [8.306549614683636, 49.03729469295107], [8.306530181999275, 49.03729474855283], [8.306521745474, 49.03729395569349], [8.306463644859583, 49.03728013839492], [8.306451809624381, 49.03727668285622], [8.30642342670598, 49.03726332621409], [8.306415499837449, 49.037257699879916], [8.307509209658669, 49.03716483153683], [8.30823418526051, 49.037106702801815], [8.308513445438567, 49.03709078545497], [8.308704099216273, 49.03708825305373], [8.308874781958199, 49.037091767877975], [8.30907776358371, 49.0371113791822], [8.309258613369641, 49.03713043979149], [8.309433352560047, 49.037161052258874], [8.309574416729651, 49.03719802685445], [8.309712027547945, 49.037234769331725], [8.309926313435602, 49.03731411433071], [8.310726893046, 49.037621063417575], [8.310759984766447, 49.03763221261407], [8.310957285412647, 49.03769001285299], [8.310963197464096, 49.037691701098375], [8.311012797631953, 49.03770550115593], [8.311054713310373, 49.03771510690161], [8.311132613621503, 49.037729306964174], [8.311162616270822, 49.037733831008914], [8.311286016798539, 49.03774863107638], [8.311320895436562, 49.037751605775156], [8.311522413323123, 49.03776190301595], [8.31175416798318, 49.037780861248905], [8.312102641984568, 49.03780929186982], [8.312062119333332, 49.03785541217511], [8.312002020201659, 49.03792381072843], [8.311992936654956, 49.037934848730124], [8.311800335524271, 49.03818534821988], [8.311796177445265, 49.038190947591794], [8.311445987606069, 49.03867957342746], [8.311366623774425, 49.03878680760159], [8.311193402862695, 49.039021033914786], [8.311112575236217, 49.03913023523042], [8.311093093489154, 49.03915651272016], [8.310979379224163, 49.03930017652835], [8.31087328931735, 49.03943416275873], [8.31075854673475, 49.039579215444746], [8.31065756646728, 49.039706789541505], [8.310643550374108, 49.03972684258483], [8.31063259147891, 49.03974770226053], [8.31062479532524, 49.03976916767945], [8.31062023699819, 49.039791032118515], [8.310618960401127, 49.03981308501161], [8.310620977832718, 49.03983511397748], [8.310626269868319, 49.039856906864955], [8.31063478554688, 49.03987825379622], [8.31064644286157, 49.03989894918795], [8.310661129549398, 49.03991879373133], [8.310678704172242, 49.03993759631144], [8.310698997478871, 49.0399551758479], [8.310721814034848, 49.0399713630388], [8.310746934104628, 49.03998600199123], [8.310774115767712, 49.03999895172268], [8.310803097248503, 49.040010087518766], [8.310833599437382, 49.040019302134475], [8.310865328578787, 49.04002650682692], [8.310897979100334, 49.04003163221008], [8.310931236555778, 49.04003462892307], [8.310964780653462, 49.04003546810547], [8.310998288341047, 49.04003414167539], [8.31103143691686, 49.04003066240725], [8.31106390713785, 49.04002506380869], [8.311095386294227, 49.04001739979797], [8.311125571221186, 49.04000774418461], [8.311154171218671, 49.039996189958536], [8.311180910851078, 49.039982848394544], [8.31120553259993, 49.03996784798055], [8.31122779934396, 49.03995133318011], [8.31124749664275, 49.03993346304123], [8.31126443480187, 49.03991440966446], [8.311365434241353, 49.039786809398635], [8.31148014306892, 49.03964179714779], [8.311586211363581, 49.039507836168134], [8.311702032097704, 49.03936150886057], [8.31170607784668, 49.039356229124095], [8.311727577711569, 49.0393272290667], [8.311808573685285, 49.03921779860225], [8.31198179969084, 49.03898356152478], [8.312062076939357, 49.03887509136792], [8.312063926095409, 49.03887255252625], [8.312413003739366, 49.03838547021776], [8.312599157195198, 49.038143352842766], [8.31265448087209, 49.038080388361074], [8.312702962078285, 49.03802520938135], [8.312710889495566, 49.0380161918838], [8.312721137897604, 49.03800455041722], [8.312721658008579, 49.03800395752822], [8.312734306087634, 49.03798948879495], [8.312740047991403, 49.0379830177176], [8.31274133293749, 49.03798155703055], [8.312748832903551, 49.03797295701127], [8.31276634971061, 49.037949902126904], [8.312793349500017, 49.03790860205306], [8.312804012845508, 49.03789008318458], [8.312810143560856, 49.037875732505746], [8.312883426183493, 49.037883715559836], [8.313555018118093, 49.03798285116366], [8.313824650184483, 49.03802697278543], [8.314100715502066, 49.03808041089745], [8.314518911170095, 49.03817874662454], [8.314519663718512, 49.038178922927756], [8.314563363879877, 49.03818912297145], [8.314567233556367, 49.03818988786419], [8.3145710058114, 49.03819084015698], [8.314627006024269, 49.038202940209324], [8.314655798910865, 49.03820825670339], [8.31468518810535, 49.038211899317965], [8.314752988401088, 49.038218299347626], [8.314796854423921, 49.03822056034552], [8.314884554819121, 49.03822136035086], [8.314917118328411, 49.038220637036794], [8.314949429422185, 49.038217879984835], [8.31498119491879, 49.03821311421168], [8.315012126587355, 49.03820638296053], [8.31514732707501, 49.038172182820055], [8.315185301072264, 49.038160782403516], [8.315220879872811, 49.03814642553645], [8.315279879985598, 49.03811922543742], [8.315306384776852, 49.038105683673656], [8.315330743043935, 49.03809049909219], [8.31535272020316, 49.0380738179303], [8.315372104603057, 49.03805580083806], [8.315388709562685, 49.0380366213313], [8.3154023751694, 49.03801646412037], [8.315412969818826, 49.03799552333129], [8.315420391482169, 49.03797400063617], [8.315424568688666, 49.03795210331097], [8.315425461213746, 49.037930042239275], [8.315423644902568, 49.03791338855459], [8.315467291963653, 49.03791561078095], [8.315481037606013, 49.03791612786911], [8.315686338529213, 49.03792112789557], [8.315691974242718, 49.03792108319969], [8.31569760240016, 49.03792128014255], [8.316181904583386, 49.03792258015817], [8.316187817402788, 49.03792256241633], [8.316429618492824, 49.03792046241182], [8.316434620536032, 49.037920257270514], [8.316439632192669, 49.03792027898053], [8.3166542331581, 49.03791427895806], [8.316663930689808, 49.037913917062085], [8.316818131380426, 49.037906717033074], [8.316819262133903, 49.037906627399565], [8.316820400615203, 49.03790660608626], [8.317227502435925, 49.037885806001704], [8.317232849151583, 49.03788535840946], [8.317238229345927, 49.03788514602009], [8.31760773098448, 49.03785854590922], [8.31761375017884, 49.03785791477337], [8.317619817609145, 49.037857532246925], [8.317722118056746, 49.03784773220556], [8.31773017149197, 49.03784669315363], [8.317738294082808, 49.037845921086145], [8.318618757190634, 49.037732987594204], [8.318712620465949, 49.03772233140334], [8.318897180231106, 49.03770739814765], [8.31891754185915, 49.037705339656604], [8.319382944604882, 49.037648807420446], [8.320187518588778, 49.03756885653424], [8.320197116375002, 49.03756781076575], [8.321498304368784, 49.03741349522123], [8.32253479117092, 49.03729355875436], [8.322953894384554, 49.03724623743324], [8.323630229733357, 49.03716985134151], [8.323789437372449, 49.037154214003934], [8.323795455145268, 49.0371534227572], [8.323801536177246, 49.037152879401766], [8.324840940635559, 49.03702557886212], [8.32485301906993, 49.037023692108065], [8.324865166935885, 49.03702200903226], [8.325153044916489, 49.03697231054801], [8.325658983143787, 49.03689610309054], [8.32567292349819, 49.03689379955915], [8.32604331655112, 49.03682712400124], [8.326022064182002, 49.03702855953593], [8.325947008556037, 49.03724092967844], [8.325847719796577, 49.03735424241219], [8.325129247938133, 49.03817577585446], [8.324947625209115, 49.03838134746287], [8.324941621957423, 49.03838843349805], [8.324164817857076, 49.03934553146585], [8.32415857774683, 49.03935360721363], [8.324130077564659, 49.03939240713739], [8.324128023723345, 49.03939525397695], [8.323386070211566, 49.04044254115814], [8.32335679310749, 49.040470531196185], [8.32323464245477, 49.04058718344734], [8.322450050686657, 49.04133665168271], [8.322428349869568, 49.041323212127615], [8.322367849926861, 49.04128961224261], [8.322364159292405, 49.04128775869002], [8.32236067808183, 49.04128573760373], [8.322350827866108, 49.04128106322884], [8.32234117421235, 49.04127621486059], [8.322337224995598, 49.04127460804875], [8.322333459215745, 49.04127282101512], [8.322241470460192, 49.041233532250764], [8.32214054525939, 49.041186776025015], [8.322115519938825, 49.04117622158064], [8.322000220232553, 49.04113212175235], [8.32197542133184, 49.04112351106689], [8.32185132171884, 49.04108461122558], [8.32182034828266, 49.041076102027894], [8.32178825532628, 49.04106962966334], [8.32175535191883, 49.0410652564635], [8.321751283328496, 49.04106498455974], [8.321749052338575, 49.04105013788275], [8.321742493631804, 49.041028494324834], [8.321732739581332, 49.04100737761645], [8.321719884127628, 49.04098699112226], [8.32154942699424, 49.04075023613478], [8.321465701348117, 49.04062730207515], [8.32145842655077, 49.04061729029641], [8.321384723202456, 49.04052197687454], [8.321323116267802, 49.04042970069018], [8.32126423238736, 49.040326360190754], [8.321211508864854, 49.04021938356166], [8.321211200779599, 49.040218761538576], [8.320949359422691, 49.03969269901989], [8.320857796812291, 49.03949006179255], [8.320855745234386, 49.039486222590014], [8.320854059425958, 49.03948230719515], [8.320715054317413, 49.03921102807356], [8.320616300197928, 49.03899928974403], [8.3206028832372, 49.038967922299925], [8.320592221440606, 49.0389469961948], [8.3205784911603, 49.03892685790797], [8.320561824629308, 49.03890770138106], [8.320542382357665, 49.03888971110074], [8.320520351586534, 49.03887306032188], [8.320495944484922, 49.0388579093992], [8.320469396106333, 49.03884440424292], [8.320440962125106, 49.038832674913735], [8.320410916374154, 49.038822834370194], [8.320379548207884, 49.03881497738096], [8.320347159715658, 49.03880917961217], [8.32031406281262, 49.0388054968988], [8.320280576235943, 49.03880396470688], [8.320247022475355, 49.038804597792065], [8.320213724667566, 49.03880739005745], [8.320181003484446, 49.038812314612315], [8.320149174044946, 49.038819324031124], [8.32011854288047, 49.03882835081017], [8.320089404982964, 49.03883930801768], [8.320062040964073, 49.03885209013099], [8.320036714352797, 49.038866574052655], [8.32001366905762, 49.038882620296036], [8.319993127017547, 49.03890007432844], [8.31997528606472, 49.03891876805936], [8.319960318019135, 49.03893852145925], [8.31994836703385, 49.03895914429321], [8.319939548206621, 49.038980437953015], [8.319933946471307, 49.03900219736985], [8.319931615779787, 49.039024212989105], [8.319932578582197, 49.03904627278853], [8.319936825610572, 49.03906816432017], [8.319944315967932, 49.039089676756255], [8.31995881576098, 49.039123576796364], [8.319960087427914, 49.03912607278102], [8.319961071901492, 49.03912862425345], [8.320062370605395, 49.03934582453228], [8.3200639638707, 49.0393487246141], [8.320065241237124, 49.03935169150497], [8.320203764296727, 49.039622036739566], [8.320294901116705, 49.03982373752752], [8.320296459916827, 49.039826654622], [8.320297701411198, 49.03982963681899], [8.320560843589718, 49.040358326674934], [8.320615789583082, 49.040469815666995], [8.320620871968341, 49.04047938680155], [8.320685771335764, 49.040593286977355], [8.320692876461473, 49.04060478098612], [8.320762175931314, 49.040708581170264], [8.320770472671443, 49.040720108687985], [8.32084474695589, 49.04081616199148], [8.320926496877517, 49.04093619729938], [8.320928132754226, 49.04093831418313], [8.32092951584483, 49.04094050759073], [8.321101514686157, 49.041179408042474], [8.321117347565412, 49.0411988680716], [8.321136005608498, 49.04121721415499], [8.321157309129951, 49.04123426960853], [8.321162771520317, 49.041237858598834], [8.321152738638263, 49.04125062853838], [8.321140331064765, 49.04127113463483], [8.321092316560636, 49.04136343892561], [8.320945452308745, 49.04163015478925], [8.320943289334766, 49.041634780491364], [8.320940741802684, 49.041639320783794], [8.320662946564463, 49.042220828216664], [8.320490935724084, 49.04256197372099], [8.320343516126288, 49.04283971164044], [8.320339283738893, 49.0428491510504], [8.32033489899802, 49.042858560362724], [8.320226697257874, 49.04313926004671], [8.320225973444481, 49.043141618338254], [8.320224976547445, 49.04314393317649], [8.320222654990825, 49.043152430353146], [8.320220057622858, 49.04316089296377], [8.320219688917486, 49.04316328653857], [8.320219041964148, 49.04316565446567], [8.320174340447144, 49.04339285432864], [8.320171813295909, 49.04341230281852], [8.320171852100389, 49.04342813672246], [8.320167446404175, 49.04342959718361], [8.320094846597561, 49.04345689707852], [8.320069937494742, 49.043467223655576], [8.320046471707144, 49.04347892029629], [8.320024623132433, 49.043491900320994], [8.32000455368405, 49.04350606753926], [8.319883691733086, 49.04359911246632], [8.319690482788413, 49.04373784617209], [8.31966822790514, 49.043755564666874], [8.319648839584326, 49.043774683559874], [8.319632520245635, 49.043795003247624], [8.319619440268852, 49.04381631159003], [8.319573053029156, 49.04390463696142], [8.319407264219674, 49.0440407850303], [8.319208987394976, 49.044201052530035], [8.31895526351533, 49.044377677424755], [8.318701223815024, 49.0445291564408], [8.318520069136534, 49.044628645113335], [8.31832869466682, 49.04472494462788], [8.318102801090498, 49.044828655378176], [8.317627124875976, 49.045037940676686], [8.317015640512588, 49.04530166714721], [8.316310364872677, 49.04559617960751], [8.316307420238669, 49.04559742316865], [8.31591977480693, 49.045762977777294], [8.315022122343207, 49.04612022763362], [8.315021269684559, 49.04612060575233], [8.315020367703386, 49.04612093067986], [8.314784368276486, 49.04621613031963], [8.314761170758759, 49.04622636789329], [8.314100171897985, 49.04654456675054], [8.314081948606947, 49.04655397874206], [8.313936148759092, 49.046634678466724], [8.313916262447334, 49.04664659485979], [8.313544862495773, 49.04688739409346], [8.31352874789602, 49.046898583409366], [8.313342547748672, 49.04703708299863], [8.313323918475227, 49.04705221175455], [8.31315591811153, 49.04720141135602], [8.313142286762863, 49.047214452869284], [8.312971486164347, 49.047390852443094], [8.312953575527972, 49.04741172874445], [8.312781874481635, 49.04763942828757], [8.312778661998486, 49.047644272299806], [8.312775076658273, 49.04764900192125], [8.312771957851162, 49.04765438129343], [8.312768458116349, 49.0476596584443], [8.312765983411698, 49.04766468610943], [8.312763120587435, 49.04766962395799], [8.312570618334664, 49.04805792340989], [8.31256865299411, 49.04806266614449], [8.312566297742872, 49.04806733151359], [8.31256424381196, 49.048073306326245], [8.312561794716684, 49.04807921645152], [8.312560546054234, 49.04808406297317], [8.312558897821686, 49.04808885762357], [8.312502596438733, 49.04830045745434], [8.312498001454195, 49.04832680051326], [8.312476199683163, 49.048586300441315], [8.312475749702708, 49.04860326623081], [8.312480448659446, 49.048755366239945], [8.312482330755401, 49.04877479248641], [8.312518929241207, 49.04899899258655], [8.312524358915075, 49.04902146465043], [8.312614957100829, 49.04930346490284], [8.312620593808404, 49.049318446797805], [8.312718992420884, 49.04954614706976], [8.312724200276183, 49.04955712270974], [8.31287769856341, 49.04985372312919], [8.312878150045524, 49.04985458971725], [8.313046448201346, 49.050175490176635], [8.313051726294061, 49.050184871512755], [8.313701020443881, 49.051264473261355], [8.313704553009499, 49.05127012129556], [8.3141373495479, 49.05193622244996], [8.314139705477675, 49.051939763752365], [8.314588702149292, 49.052599164942094], [8.314590738965778, 49.0526020995607], [8.315193145260418, 49.053453775110945], [8.315947786745175, 49.053453775110945], [8.315212294294641, 49.052413962101646], [8.3147654945127, 49.051757799387104], [8.314335670536794, 49.05109628608335], [8.31369087049967, 49.050024179671034], [8.313525276100252, 49.04970844236117], [8.313374816273507, 49.049417720414226], [8.31328201512402, 49.04920297958379], [8.313197421352136, 49.0489396799933], [8.313164250250376, 49.048736492827516], [8.313160112602874, 49.04860262123225], [8.313180084819807, 49.048364859200824], [8.31322871473193, 49.04818208205668], [8.313405973456014, 49.04782452119837], [8.313558517885548, 49.04762222277399], [8.313713048217862, 49.04746262491512], [8.313865066865318, 49.04732761723043], [8.31403368809033, 49.047202192265814], [8.314387152683848, 49.04697302012847], [8.314513783874776, 49.046902929856934], [8.31515415016673, 49.046594662190756], [8.315377358779434, 49.04650462196396], [8.316278781252585, 49.0461458707306], [8.31628798029647, 49.04614207715463], [8.316678713681634, 49.04597520326665], [8.317384638148722, 49.04568041899337], [8.317388863574854, 49.04567862569713], [8.318003764915984, 49.0454134247117], [8.318006380218629, 49.045412285432704], [8.318486181227573, 49.045201184652846], [8.318491781487166, 49.045198667440246], [8.31872658194003, 49.04509086704712], [8.318738639074043, 49.04508506990289], [8.31894173938271, 49.04498286954144], [8.3189531310345, 49.04497687974677], [8.319145231242821, 49.044871379385704], [8.319155737894006, 49.044865366205414], [8.319424738064274, 49.044704965674995], [8.319443622121286, 49.04469279836192], [8.319715122031292, 49.044503797781374], [8.31972334701337, 49.044497477627026], [8.319731802156905, 49.04449129011672], [8.319938901865077, 49.04432388964318], [8.319940564737573, 49.0443225348442], [8.320144164425633, 49.044155334375645], [8.320166786005705, 49.04413441284702], [8.32018563351202, 49.04411193299584], [8.320200461401745, 49.044088187692886], [8.320243014013998, 49.04400716193611], [8.320392318642025, 49.043899952851135], [8.320400147970958, 49.04389413215668], [8.320406080799122, 49.043889564768655], [8.320436553718904, 49.04393034715266], [8.320453859244648, 49.04395075443552], [8.32047429227821, 49.04396987123887], [8.320575692095742, 49.044054971472654], [8.320579014809622, 49.04405771571181], [8.320639914715413, 49.044107215850566], [8.320641137193938, 49.044108115374094], [8.320642235479673, 49.04410908165391], [8.320652317759187, 49.04411634225192], [8.320662281090996, 49.044123673465656], [8.320663631806047, 49.044124489888176], [8.32066486887985, 49.044125380747786], [8.320742838892265, 49.04417627266925], [8.32117925157515, 49.04447669627507], [8.32177472875141, 49.0449032398382], [8.32231447301676, 49.045375177784194], [8.322839387206631, 49.04588372508467], [8.32310847646706, 49.046161036230345], [8.32312789804335, 49.04617903747402], [8.32314991027708, 49.04619570067322], [8.323174301179051, 49.04621086535082], [8.323200835851328, 49.04622438546126], [8.323229258749453, 49.04623613079712], [8.32325929614352, 49.04624598824311], [8.323290658754411, 49.04625386286546], [8.323323044539812, 49.046259678826324], [8.323356141603169, 49.046263380114084], [8.323389631197568, 49.04626493108279], [8.323423190795602, 49.04626431679558], [8.323456497195645, 49.04626154316844], [8.323489229634635, 49.04625663691324], [8.323521072877352, 49.04624964528048], [8.323551720252464, 49.046240635604285], [8.32358087660607, 49.04622969465375], [8.323608261144303, 49.04621692779747], [8.323633610137627, 49.046202457988564], [8.323656679460738, 49.046186424580604], [8.323677246943658, 49.046168981985495], [8.323695114511338, 49.04615029818633], [8.323710110091197, 49.04613055311962], [8.323722089270197, 49.04610993694228], [8.32373093668552, 49.04608864820032], [8.323736567135459, 49.04606689191673], [8.323738926399802, 49.046044877616865], [8.32373799176185, 49.04602281731071], [8.32373377222703, 49.046000923451004], [8.323726308435992, 49.04597940688726], [8.32371567227306, 49.045958474835125], [8.323701966173797, 49.0459383288809], [8.323685322138356, 49.04591916304007], [8.323413621163896, 49.04563916370901], [8.323408286592635, 49.04563383443269], [8.322875984986153, 49.045118135720195], [8.322866338575748, 49.04510926117474], [8.32231153739233, 49.04462416247283], [8.322290141765352, 49.044607245430264], [8.321681041390127, 49.044170946747535], [8.321676403235212, 49.04416768984514], [8.321234503082819, 49.04386349078376], [8.321228129577328, 49.043859218569374], [8.321160159638435, 49.04381485409473], [8.321112661324017, 49.04377624725973], [8.321034911587537, 49.0437109960809], [8.320930289424753, 49.04357098088374], [8.320892266212223, 49.04350521954905], [8.320860556771747, 49.04341142229923], [8.320894932461064, 49.04323669225988], [8.320994421238217, 49.042978587081244], [8.321137783260893, 49.04270848704036], [8.321139507520478, 49.0427051548355], [8.321313205534024, 49.04236065434211], [8.321313928193009, 49.04235894426375], [8.321314862511407, 49.04235727909277], [8.32159125377234, 49.04177869479838], [8.321719812859078, 49.04154521695145], [8.32175861680438, 49.04156005872348], [8.321852653477919, 49.04160362380688], [8.321863339161151, 49.04160837851463], [8.321942742683657, 49.04164229218902], [8.321972695982488, 49.04165892745516], [8.322243647294224, 49.04184591860951], [8.322383732831169, 49.04194571528152], [8.3225459830912, 49.04206470585255], [8.322548515751794, 49.04206654276701], [8.322688584448274, 49.04216701434981], [8.323065995576922, 49.04244796047224], [8.32307126627404, 49.042451794271344], [8.323368108130394, 49.042662785076026], [8.323427557536943, 49.04270567162131], [8.323429740652875, 49.04270723167693], [8.323962877480685, 49.04308462201571], [8.325002183967817, 49.043831323568384], [8.325165750903457, 49.043949937444985], [8.32516727132381, 49.04395103272645], [8.325508972464426, 49.04419556193399], [8.326525520534636, 49.04493317154738], [8.327001907908294, 49.04530502592227], [8.327425916225659, 49.045671136486696], [8.327711885891427, 49.04593719700547], [8.327865870012632, 49.04609186251016], [8.328787801698947, 49.04704156766688], [8.330601890968376, 49.048910367775065], [8.330601915543635, 49.0489103905438], [8.330601936614428, 49.048910414782775], [8.330811801471947, 49.04912647989212], [8.330976319618621, 49.04929599656528], [8.33099704864316, 49.049317379336394], [8.331048608620621, 49.04937242867754], [8.331060459127684, 49.04938516070746], [8.331062377672897, 49.04938701140368], [8.331064070186043, 49.04938895504095], [8.331297362718846, 49.049628746009155], [8.331578840311769, 49.04991879975789], [8.331679423753902, 49.050033161208376], [8.331700143857102, 49.05005677033231], [8.331707739651115, 49.05006501205052], [8.331914438902444, 49.050278812560016], [8.331916239719282, 49.05028048759065], [8.331917831263377, 49.05028225180296], [8.332852118624178, 49.051210780372934], [8.332852118624178, 49.05039545377537], [8.332787443776073, 49.05033117830894], [8.332852118624178, 49.050359251123936], [8.332852118624178, 49.05004830480419], [8.332852118624178, 49.049873893189684], [8.332852118624178, 49.04982564378679], [8.332719392163407, 49.04977075647893], [8.332716227691948, 49.04976958619795], [8.332713209482698, 49.04976825945339], [8.332543904330269, 49.04970149651402], [8.332421797623635, 49.049642020304084], [8.332404443031065, 49.049634100797235], [8.33231828508039, 49.04959732197904], [8.332245623150357, 49.04955864174701], [8.332238230220954, 49.04955481569581], [8.332115493527672, 49.04949307386212], [8.331951116805332, 49.049398886039896], [8.33191412096702, 49.049380435678536], [8.331834575655744, 49.04934609433832], [8.331642362461233, 49.04914852933958], [8.331632039454918, 49.049137438576274], [8.331631539423723, 49.049136903037976], [8.331578339214914, 49.049080103170226], [8.331575525943919, 49.04907715100543], [8.331553325864089, 49.04905425106011], [8.331388631491517, 49.048884554780805], [8.331178686344689, 49.04866840956176], [8.329364601136607, 49.0467996359619], [8.328441589450023, 49.04584882960162], [8.328439448623275, 49.045846652041895], [8.328281048093185, 49.04568755242911], [8.32827746530736, 49.04568431270477], [8.32827419769655, 49.045680932058275], [8.327981196917248, 49.045408332758164], [8.3279739928537, 49.045401877243094], [8.327541191975422, 49.04502817825131], [8.327530665668581, 49.045019538992], [8.327044865067608, 49.04464034008147], [8.327040648494691, 49.04463735881879], [8.32703672095792, 49.04463421157559], [8.326015220236856, 49.04389301379736], [8.326014383926179, 49.04389246379309], [8.326013627348633, 49.04389186597239], [8.325671890097125, 49.04364731270228], [8.325508547447235, 49.04352886234446], [8.325507478827493, 49.0435280910195], [8.32446677816503, 49.042780393273134], [8.324465875764576, 49.04277980561941], [8.324465058094628, 49.04277916661902], [8.32393215496139, 49.042401944408866], [8.32387294088808, 49.04235922794474], [8.323872044353656, 49.04235864174801], [8.323871232356316, 49.04235800452973], [8.323576201045073, 49.042148302152505], [8.323199302556828, 49.04186773978195], [8.323197099139838, 49.04186625339673], [8.32319508280144, 49.04186465636337], [8.32305415674608, 49.0417635705341], [8.322929408756458, 49.041672083942544], [8.323798171934818, 49.04084220350574], [8.32392035864894, 49.040725515570955], [8.323965957855512, 49.04068192054434], [8.32398109889538, 49.04066607030922], [8.323994182603656, 49.04064944722498], [8.324747165724878, 49.039586573348565], [8.32477162716839, 49.03955327117724], [8.3255422749351, 49.03860374434376], [8.325721175335715, 49.038401251316714], [8.325721928603029, 49.03840039437112], [8.326440553507028, 49.03757867470051], [8.326545856234711, 49.03745849694264], [8.326572003594883, 49.03743992847133], [8.326709359598166, 49.03737524323408], [8.327249630027678, 49.03714483342809], [8.327455212276552, 49.03706229903211], [8.327507382351184, 49.03704798168149], [8.327609983502068, 49.03706335825155], [8.327615529063351, 49.037064157574484], [8.327754229646379, 49.03708335766103], [8.327761823036115, 49.03708434992753], [8.328104224496565, 49.03712645011893], [8.328114322623936, 49.03712758908623], [8.328363269010786, 49.0371531501099], [8.328658917333689, 49.03718510402628], [8.328664755092516, 49.037185700972174], [8.328979956465458, 49.03721610111265], [8.328983117497607, 49.0372163960777], [8.329471019631786, 49.037260396281916], [8.329489985357393, 49.03726175354153], [8.329810386786232, 49.037278753623546], [8.329820505629309, 49.037279191347686], [8.33025171097083, 49.037293626621434], [8.330304212725437, 49.03731794375203], [8.330334278658285, 49.03733038558317], [8.330366145277608, 49.037340709975226], [8.330399468818902, 49.03734880555238], [8.330433889800322, 49.03735458498244], [8.330469036900764, 49.037357985918916], [8.330504530965698, 49.03735897167371], [8.330598231388118, 49.03735837167288], [8.330632861872509, 49.0373569930221], [8.330667101790215, 49.03735331500685], [8.330700598867494, 49.03734737546795], [8.330733008473542, 49.03733923551372], [8.330733327154492, 49.037339130036855], [8.331349071803384, 49.03763455652214], [8.331357072119816, 49.03763828060147], [8.33146089558689, 49.03768515561986], [8.331473871919595, 49.03769345171581], [8.331518568964817, 49.03775390981272], [8.33153470670832, 49.03777326094055], [8.3315536517113, 49.03779147893007], [8.331575221524632, 49.03780838833082], [8.331599208420009, 49.0378238262946], [8.331625381390452, 49.03783764414398], [8.331653488375037, 49.0378497088041], [8.331683258686411, 49.037859904084435], [8.331714405617731, 49.037868131797644], [8.3317466292039, 49.037874312705355], [8.331779619110513, 49.03787838728129], [8.33181305762269, 49.03788031628452], [8.331846622704996, 49.037880081137416], [8.331879991102989, 49.037877684104586], [8.331912841456498, 49.037873148271046], [8.331944857394664, 49.03786651731992], [8.33197573058292, 49.03785785511169], [8.33200516369255, 49.03784724506915], [8.332032873264254, 49.037834789374], [8.3320585924381, 49.03782060798273], [8.332082073523603, 49.03780483747128], [8.332103090385134, 49.037787629719695], [8.332121440619742, 49.03776915044943], [8.332136947506358, 49.037749577627245], [8.332149461707658, 49.03772909975133], [8.332158862708168, 49.03770791403579], [8.332165059974768, 49.03768622451143], [8.332167993828437, 49.037664240060785], [8.332167636018841, 49.03764217240636], [8.332163989996237, 49.03762023407174], [8.332157090878074, 49.03759863633477], [8.33214700511062, 49.03757758719296], [8.332133829828923, 49.03755728936021], [8.332062929373397, 49.037461389545605], [8.33204881945812, 49.03744423824576], [8.33203250273595, 49.0374279550444], [8.332014101885159, 49.03741266236563], [8.331993755253004, 49.03739847518632], [8.331916955263301, 49.03734937534371], [8.33189532039793, 49.03733667165646], [8.331872126190664, 49.037325218847705], [8.331748367167368, 49.03726934339821], [8.331406393671964, 49.037105269467546], [8.331499588906528, 49.037100365510575], [8.331506971829244, 49.03709973606429], [8.33151439602865, 49.03709937273217], [8.331816097359912, 49.03707477262888], [8.331833743757246, 49.03707302533999], [8.332135545057918, 49.03703782519077], [8.332137106302488, 49.03703759062333], [8.33213869304001, 49.03703744803194], [8.332480994507554, 49.0369953478534], [8.332500757729658, 49.03699251708396], [8.332852118624178, 49.036934985274804], [8.332852118624178, 49.03681042470724], [8.332852118624178, 49.03675587466801], [8.332852118624178, 49.03646793202684], [8.332852118624178, 49.03637896971469], [8.332852118624178, 49.036359134950416], [8.332831004264323, 49.036357990823525], [8.33274334151244, 49.03634808299078], [8.332509097369668, 49.03630273392699], [8.332454199799633, 49.03628989634629], [8.332317955357823, 49.03625729470756], [8.331792717738981, 49.036095630766674], [8.331778521430103, 49.03609151663813], [8.331306023050102, 49.03596291717629], [8.331290273760972, 49.03595892699425], [8.330874775291335, 49.03586132741175], [8.330867531428087, 49.03585968574891], [8.330612574644718, 49.035803997648166], [8.330615250820804, 49.035780833512796], [8.330615396438224, 49.035779522360194], [8.33061749630427, 49.03575982235345], [8.330617911726002, 49.03575526098395], [8.330619211608587, 49.035738060979604], [8.330619277996664, 49.03573714484771], [8.330620477878488, 49.03571984484365], [8.330620471653175, 49.03571868119086], [8.330620620707743, 49.035717521665966], [8.330622920414287, 49.03567462165794], [8.330622916988268, 49.03567445910525], [8.330622937455987, 49.03567429709503], [8.33062687708946, 49.03559766101222], [8.330643599387402, 49.03534875702497], [8.330653034938715, 49.03527472026929], [8.330661971388151, 49.03522230713907], [8.330670021744499, 49.035209413165084], [8.331206036244277, 49.035013570568445], [8.331224944912591, 49.035006127815336], [8.331334645159934, 49.03495972764202], [8.331348481276182, 49.03495355583893], [8.331405783051718, 49.03492662766679], [8.331503033133362, 49.03490965826545], [8.33152905378609, 49.034904380441276], [8.331554353387993, 49.03489775831498], [8.33167705379626, 49.034861858170174], [8.331712892031138, 49.034849659055695], [8.33181769229661, 49.03480865889939], [8.331831660460466, 49.03480288990741], [8.331933160677966, 49.034758689743654], [8.331939852133248, 49.03475545440844], [8.331946779398377, 49.03475244125852], [8.332078879624044, 49.0346886410297], [8.332087546478805, 49.03468431396453], [8.33212625894233, 49.03466433976099], [8.332588597569051, 49.0347888123427], [8.332624157921362, 49.034796914797056], [8.332660856931316, 49.03480239935501], [8.332739557270155, 49.03481119939529], [8.332771802923034, 49.034813776249166], [8.332804274946351, 49.03481433019711], [8.332836680449354, 49.034812856242624], [8.332852118624178, 49.03481117566252], [8.332852118624178, 49.03474494876513], [8.332852118624178, 49.03430385798709], [8.332852118624178, 49.034297521815425], [8.332852118624178, 49.03417878667112], [8.332852118624178, 49.034050419086846], [8.332852118624178, 49.03374095911895], [8.332852118624178, 49.03320071817737], [8.3326764671372, 49.03336193403994], [8.332667782895728, 49.03337029592242], [8.332558982536394, 49.03348029565284], [8.332554998302616, 49.033484421194025], [8.33246119795037, 49.0335839209582], [8.332454525898207, 49.03359131002507], [8.332342625381298, 49.03372080973691], [8.332336955861626, 49.03372764365646], [8.332216555200569, 49.03387894334008], [8.33220597735637, 49.03389348139074], [8.33215257694802, 49.03397418124505], [8.332143282278349, 49.033989794136666], [8.33208370380645, 49.034102029387036], [8.332082889690565, 49.034102801749306], [8.332082349188816, 49.034103316055386], [8.332065155385326, 49.034119725266855], [8.332039084320108, 49.034140198788336], [8.331985915072728, 49.03417176062699], [8.331921386279921, 49.03419942636608], [8.331909266839952, 49.034205198767026], [8.331897054691911, 49.03421088606936], [8.331669536076722, 49.03432827679976], [8.331548515964682, 49.03438672545993], [8.331460819185486, 49.03442491454456], [8.331380480089669, 49.03445634488194], [8.331301185510597, 49.0344795451571], [8.33116996826296, 49.03450244154705], [8.331159114964489, 49.034504715575395], [8.331148157932795, 49.03450676328579], [8.331143133270881, 49.03450806412648], [8.331137988059607, 49.034509142172595], [8.331127526019758, 49.034512104706245], [8.33111692700735, 49.03451484869714], [8.331112120461093, 49.03451646709508], [8.33110716073323, 49.03451787154019], [8.331097190705947, 49.034521494048676], [8.331087051786222, 49.03452490789427], [8.33108250964508, 49.034526828263516], [8.331077783164831, 49.03452854558227], [8.331068401165654, 49.03453279317944], [8.331058819981553, 49.03453684400276], [8.330957523460285, 49.034584446729156], [8.330864128337721, 49.03462395016992], [8.330311866606365, 49.034825728396136], [8.330273238953186, 49.03484216981842], [8.330226639029133, 49.03486506973676], [8.330204910999434, 49.03487668844038], [8.330184701573927, 49.034889437019636], [8.330151401566596, 49.03491223694902], [8.330132643574556, 49.03492619376386], [8.330115706489913, 49.03494112331094], [8.330100706494898, 49.03495692318046], [8.330066406336396, 49.03499662309212], [8.330047394532894, 49.0350222986402], [8.330010994227461, 49.03508059853991], [8.330000336061751, 49.03510020771969], [8.329992482277193, 49.03512038103494], [8.32998750021884, 49.0351409455113], [8.329972699635743, 49.03522774546553], [8.329971764914326, 49.03523402060614], [8.329961364361347, 49.03531562057326], [8.329960502963951, 49.03532447453264], [8.32994340122514, 49.03557897447482], [8.329943409973541, 49.03558014018412], [8.329943263190676, 49.03558130190687], [8.329939271003122, 49.035658939609675], [8.329937041708266, 49.035700515492614], [8.32993595393351, 49.035716196031004], [8.329934860934902, 49.035730655934245], [8.329933073690192, 49.03574742091605], [8.329930641151519, 49.0357684737138], [8.329925488657457, 49.03580029128374], [8.329925181366955, 49.03580227211161], [8.329922140890698, 49.03582276986418], [8.32991916455178, 49.03584211521029], [8.329917641476383, 49.03585116370375], [8.329917601339426, 49.0358514033295], [8.329917111117952, 49.03585434453854], [8.329901507760606, 49.03591659116752], [8.329889191472459, 49.035951542134924], [8.329888149952996, 49.03595459411284], [8.329853449283997, 49.03605969401026], [8.329853096412467, 49.03606077559485], [8.32981889573477, 49.03616687549356], [8.329816539700042, 49.03617490098339], [8.329794439155098, 49.03625830091702], [8.3297907009327, 49.03627702947423], [8.329789366431342, 49.036295898226776], [8.329788765823892, 49.03638449822235], [8.329789860289463, 49.03640350407769], [8.329803859510417, 49.03651810411527], [8.329806803714222, 49.03653457104422], [8.329811585250008, 49.036550850593095], [8.32983568481621, 49.036619250660195], [8.32984299459348, 49.03663675213729], [8.329865452204174, 49.03668310757516], [8.329797543683327, 49.0366801461838], [8.329445050410587, 49.0366605310317], [8.329066485049848, 49.03662585329139], [8.3277682502026, 49.03647964626049], [8.327737069833269, 49.03647709722186], [8.32743162232527, 49.036461449302145], [8.327481442903993, 49.03644475107997], [8.32750020850629, 49.036437966663925], [8.327765109182838, 49.03633496627065], [8.327778554774627, 49.03632945800055], [8.328024655311626, 49.036223357606346], [8.32803533442257, 49.036218561302064], [8.32829153489667, 49.0360987608678], [8.32830240588172, 49.036093129636704], [8.328313422823456, 49.03608762239273], [8.328616223141317, 49.035920221821456], [8.328633628770287, 49.03590990987105], [8.32889852884021, 49.03574180933075], [8.328912843937655, 49.035732163980505], [8.329188043795261, 49.03553526338439], [8.32920530603083, 49.03552190262902], [8.329462905595125, 49.035306002031504], [8.329479157732866, 49.035291177670395], [8.329659757162847, 49.03511147722511], [8.32966758847923, 49.03510330883613], [8.329834887800141, 49.03492020841172], [8.329845126554167, 49.03490818250292], [8.33001752559669, 49.034690282049276], [8.330025853047346, 49.034678998885674], [8.330150352151417, 49.03449759854826], [8.33015436120301, 49.03449089823113], [8.330158715736259, 49.034484291790655], [8.330259714769713, 49.034307791508645], [8.330261784675852, 49.03430407535404], [8.330369183564411, 49.034105875051885], [8.330371441454574, 49.03410095713724], [8.330374088729265, 49.03409612390548], [8.330440087888995, 49.033954123716306], [8.330444148344089, 49.03394465048095], [8.330491847594821, 49.03382325034193], [8.330492001301316, 49.0338228576787], [8.330625999177371, 49.03347925728797], [8.330627898970256, 49.033474137120116], [8.330753496723704, 49.0331175367507], [8.330754956581588, 49.03311319718792], [8.331034284047501, 49.032242123654264], [8.331055464211923, 49.03218472815303], [8.331056019841014, 49.032182817725015], [8.331056808419207, 49.032180943065946], [8.331165513509392, 49.031862437869584], [8.331261350422379, 49.03161830595981], [8.33134150293766, 49.031413414162316], [8.331497194389652, 49.03107295089715], [8.331654209664345, 49.03074925049713], [8.33178306250982, 49.03050515165875], [8.33192049216295, 49.03026339455686], [8.332066271137363, 49.03002010002157], [8.332220891163772, 49.029781415274044], [8.332245889701486, 49.02974516554527], [8.332351744025225, 49.029816432395904], [8.332353246389957, 49.02981734920318], [8.332354623142201, 49.02981834765841], [8.332441730344186, 49.02987560370126], [8.332852118624178, 49.03015392765467], [8.332852118624178, 49.02980830334192], [8.332852118624178, 49.02951038673857], [8.332852118624178, 49.02950941677774], [8.33283962463857, 49.02950120446517], [8.332555259106412, 49.02930975549796], [8.332852118624178, 49.02893140063064], [8.332852118624178, 49.02871762852403], [8.332852118624178, 49.02802616553227], [8.332852118624178, 49.02783754348102], [8.332594767082076, 49.02810743228262], [8.332587538770275, 49.028115370972024], [8.332183236924624, 49.028580869932355], [8.332176260454998, 49.02858931649957], [8.331937434828864, 49.02889380557973], [8.331885727497308, 49.02885899364191], [8.331834684478101, 49.02882382862812], [8.331833153330553, 49.02882287245154], [8.331831752481097, 49.028821833476755], [8.33078396843448, 49.028117573239584], [8.331003480193546, 49.027656141062934], [8.331008398184103, 49.027644760486105], [8.331167195661974, 49.027236760023044], [8.331301728556204, 49.026890911504815], [8.331555399591505, 49.026311964032004], [8.331932430232333, 49.025451365677185], [8.331964987862904, 49.02541022288026], [8.332020141043408, 49.025360584780806], [8.332088366295975, 49.02532069143886], [8.332149667610475, 49.025284879319834], [8.332690996409493, 49.02503998276658], [8.332717394991874, 49.02502804275221], [8.332852118624178, 49.02496883863787], [8.332852118624178, 49.02474683011923], [8.332852118624178, 49.02442710629147], [8.332852118624178, 49.02387414643953], [8.332553342458855, 49.02367860760588], [8.33247648113376, 49.02362501839463], [8.33243913007105, 49.023582458128544], [8.332422009984791, 49.02354680694221], [8.332411748715069, 49.02349396914762], [8.332413240920383, 49.02345120333142], [8.33242281600992, 49.02341085001949], [8.332439541589606, 49.023374854333795], [8.332464973590211, 49.02333914226298], [8.332499558690351, 49.023300830355254], [8.332573112959047, 49.02323688589627], [8.33265386495337, 49.02318394335016], [8.332852118624178, 49.0230755740662], [8.332852118624178, 49.02307550165538], [8.332852118624178, 49.022720598281104], [8.332852118624178, 49.02252273316592], [8.332737511134013, 49.02257226451266], [8.332721969160266, 49.02257939465617], [8.332438869634965, 49.022717094163646], [8.332431373891405, 49.022721128841965], [8.332423629929005, 49.022724955396086], [8.332204830171815, 49.02284455498626], [8.332181983910546, 49.02285823694385], [8.332073383917294, 49.0229294367186], [8.332042095669944, 49.02295302592808], [8.331942595472542, 49.02303952569406], [8.331921267267433, 49.02306039768535], [8.331868367046603, 49.023118997550746], [8.331852732980838, 49.02313841931115], [8.33180993269205, 49.023198519195994], [8.3317925807539, 49.02322817869485], [8.331761680360618, 49.02329467860631], [8.331750840984029, 49.023325725577315], [8.331734040517393, 49.02339652552649], [8.331730041224628, 49.023426039445994], [8.33172744071473, 49.02350053943612], [8.331727813472904, 49.02351739687398], [8.331730105500633, 49.023534188574246], [8.331747504900552, 49.02362378862232], [8.331752729455197, 49.02364359828174], [8.331760623467968, 49.023663021892986], [8.331798223005244, 49.02374132199632], [8.331811329567556, 49.02376420232881], [8.331828135710213, 49.02378601167249], [8.331904135363526, 49.02387261186438], [8.331925985400837, 49.023894466610486], [8.33195154624386, 49.02391450507185], [8.332059546197744, 49.02398980530246], [8.332067088290907, 49.02399489999994], [8.332419588286834, 49.02422560073051], [8.332422232716084, 49.02422731273789], [8.332782935779061, 49.02445830972022], [8.332779914117829, 49.024459658228004], [8.33256015101298, 49.02455620255297], [8.332335509641037, 49.024654920574314], [8.332331720425946, 49.02465660996431], [8.332303420482281, 49.024669409917415], [8.331744590721666, 49.024922222956874], [8.331711293065228, 49.02493937444712], [8.331634093123148, 49.02498447429673], [8.331538377433136, 49.02504044176833], [8.331512502379944, 49.02505727617115], [8.3314894947159, 49.025075823829646], [8.331397494506843, 49.02515862361048], [8.331383045768291, 49.02517271605077], [8.331370256743522, 49.02518748587556], [8.33130995640899, 49.02526368571694], [8.331295754479834, 49.02528404962215], [8.331284704087048, 49.025305241752285], [8.330898200010383, 49.02618743783508], [8.33064309773645, 49.026769634299576], [8.330640396300213, 49.026776167553656], [8.330504599613636, 49.02712525309208], [8.330348033928146, 49.02752750573911], [8.330068517209106, 49.02811505721032], [8.33006723604049, 49.02811830100408], [8.33006562079427, 49.028121479649734], [8.330063019965031, 49.0281289756952], [8.33006008075885, 49.02813641747807], [8.330059289263842, 49.028139728229554], [8.330058155588752, 49.02814299567976], [8.33005668460843, 49.028150623265766], [8.330054868791931, 49.028158218660685], [8.33005457459366, 49.02816156448562], [8.330053933408237, 49.02816488927311], [8.330053606444618, 49.02817257494196], [8.330052931506577, 49.02818025080127], [8.330053137438972, 49.02818359947766], [8.33005299491884, 49.02818694958291], [8.33005381512226, 49.028194619317524], [8.33005428756422, 49.02820230171849], [8.330054991644703, 49.02820562099673], [8.330055349163068, 49.02820896415638], [8.330057308636043, 49.02821654409305], [8.330058923909624, 49.02822415904983], [8.330060119358158, 49.02822741696342], [8.330060973472573, 49.028230720981], [8.330064053345797, 49.0282381381207], [8.330066795896437, 49.0282456122969], [8.330068471200837, 49.02824877747032], [8.330069813686299, 49.02825201052619], [8.330073984300203, 49.02825919343744], [8.330077827717014, 49.02826645485257], [8.330079966743803, 49.028269496803425], [8.330081784671913, 49.02827262776126], [8.330087005862485, 49.028279507268564], [8.330091913132316, 49.02828648599073], [8.330094495281795, 49.02828937542299], [8.330096771145543, 49.0282923741301], [8.330102992631005, 49.02829888397978], [8.330108916494936, 49.02830551279956], [8.330111916900135, 49.028308221886434], [8.330114628781898, 49.0283110594632], [8.330121790646468, 49.02831713696115], [8.330128674055338, 49.02832335203923], [8.330132063820828, 49.02832585469039], [8.330135185604087, 49.02832850380936], [8.33014321887561, 49.02833409042551], [8.330150995538778, 49.02833983190677], [8.330154742019602, 49.02834210402023], [8.330158243639792, 49.02834453916858], [8.3302635830038, 49.02841094268687], [8.331341369416744, 49.02913537352811], [8.33139231396453, 49.02917047094192], [8.331395044211705, 49.02917233038569], [8.3316179298423, 49.02932238903595], [8.331461348129034, 49.029554220450386], [8.331459351702941, 49.029557235534725], [8.331300550450003, 49.02980193510007], [8.33129765212302, 49.02980654195609], [8.331148450824005, 49.03005134154346], [8.33114555412558, 49.03005626052523], [8.331006052778, 49.03030166013533], [8.331002958034956, 49.03030733491564], [8.330874956641447, 49.03055233455383], [8.330873461575983, 49.03055526138625], [8.330681459352093, 49.030939860840476], [8.330677721874435, 49.03094784477197], [8.330509419558881, 49.03133264428654], [8.330506206644928, 49.031340525683675], [8.330357904206574, 49.03173262525008], [8.330357440515716, 49.03173417164347], [8.330356780751666, 49.03173568693098], [8.330217278285142, 49.03212788652102], [8.330214820277305, 49.03213536906363], [8.330092748133735, 49.03254024591295], [8.329939101203406, 49.03299700352894], [8.329788204737751, 49.03343738249086], [8.329717941671632, 49.033618482679586], [8.32960527389643, 49.03387227282496], [8.329522368019557, 49.03403712841585], [8.329420810501816, 49.03421538810945], [8.329345814832982, 49.03434504951874], [8.329272056813847, 49.034440072793394], [8.329271239378983, 49.03444113280985], [8.329122424738872, 49.03463537964736], [8.32896553294285, 49.034806771372644], [8.328809731032836, 49.03496005046603], [8.328573231179178, 49.035161439573834], [8.328312373392482, 49.03534810258222], [8.32805021078928, 49.03551740566248], [8.327772898771382, 49.035666556437164], [8.327455621332264, 49.035811079180355], [8.327056589648748, 49.0359642157245], [8.32683094330083, 49.03603971421641], [8.326693360174408, 49.036082310437365], [8.326324285011342, 49.036184219201246], [8.326180903287911, 49.03621507463511], [8.326179034310945, 49.03621554476039], [8.326177110556607, 49.03621590698781], [8.325890739987148, 49.036279978971436], [8.325561465710159, 49.03634360079005], [8.325432129016518, 49.03636530028797], [8.325432103957052, 49.03636530536537], [8.325432078262015, 49.036365308806005], [8.325164302751846, 49.03641026311025], [8.324764521837665, 49.03646596313828], [8.324414566220497, 49.036506120369424], [8.323994442381059, 49.036552180460255], [8.323994056953152, 49.036552235616725], [8.32399366526488, 49.03655226626258], [8.323410867787274, 49.03661706598819], [8.323410192681488, 49.03661714150674], [8.32239718952235, 49.03673113931023], [8.320665591046675, 49.03691354955515], [8.320662478403033, 49.03691398135795], [8.320659323397198, 49.03691424909156], [8.319266988531526, 49.037078406053304], [8.31758850937359, 49.03727384882986], [8.317136152570964, 49.037312316519724], [8.316614544588763, 49.03733843080146], [8.31596788121648, 49.03734902070895], [8.31533271131023, 49.037334511983104], [8.315009468691903, 49.037318479472034], [8.314777731695655, 49.037301092075495], [8.314452080478537, 49.0372694180949], [8.314144991122367, 49.0372335170255], [8.313727518975767, 49.037174196132604], [8.313103374501734, 49.037065347389245], [8.31256562897547, 49.036956807214864], [8.31224002297297, 49.03687744418295], [8.312298790915246, 49.03683306344087], [8.312358916875116, 49.0368050665903], [8.312435822533525, 49.03678047036434], [8.31253629817934, 49.036764643797284], [8.31261785259733, 49.03675720423958], [8.312677636710697, 49.03675599313986], [8.312773096806572, 49.03676529506733], [8.312849509293219, 49.0367786422321], [8.312984260885772, 49.036813753019686], [8.313077092118945, 49.03684469680056], [8.31315933663902, 49.03688156782796], [8.31323788062926, 49.03691839343845], [8.313365092118982, 49.03698762941163], [8.313391967765904, 49.03700085092062], [8.313420685104418, 49.037012276800255], [8.313450967568867, 49.03702179701178], [8.313482523519854, 49.03702931986925], [8.313515049052995, 49.03703477292248], [8.313548230925823, 49.037038103654936], [8.313581749574617, 49.03703927998938], [8.313615282192139, 49.037038290596875], [8.313648505836614, 49.037035145005966], [8.313681100542002, 49.037029873510754], [8.313712752399601, 49.037022526879284], [8.313743156581312, 49.037013175864516], [8.313772020275433, 49.037001910522875], [8.3137990655067, 49.03698883934702], [8.313824031813425, 49.03697408822085], [8.313846678755931, 49.03695779920721], [8.313866788232145, 49.0369401291796], [8.313884166578017, 49.03692124831142], [8.31389864643257, 49.03690133843702], [8.313910088349594, 49.03688059130048], [8.3139183821405, 49.03685920670901], [8.313923447935354, 49.03683739060858], [8.313925236951928, 49.03681535310063], [8.313923731965337, 49.03679330641859], [8.313918947473764, 49.03677146288393], [8.313910929558665, 49.03675003286144], [8.313899755440811, 49.036729222733314], [8.313885532736476, 49.03670923291162], [8.313868398420885, 49.03669025590816], [8.313848517508976, 49.03667247448063], [8.31382608146613, 49.036656059872534], [8.313801306364194, 49.03664117016411], [8.313664606508238, 49.03656677042093], [8.313654749516386, 49.036561921255505], [8.313645088970015, 49.036556904105886], [8.3135535891318, 49.036514004262735], [8.31354769145696, 49.03651130015139], [8.313444191659634, 49.036464900323665], [8.313406167117073, 49.03645012314842], [8.313279567491744, 49.03640792331834], [8.313250914799816, 49.03639943661818], [8.31308281538986, 49.03635563680284], [8.313044622580378, 49.036347357286445], [8.31293012304223, 49.03632735737492], [8.31289244434912, 49.0363222478045], [8.312747744978914, 49.03630814786967], [8.31273417222998, 49.03630727007956], [8.312720626358349, 49.03630622816412], [8.312717476037786, 49.03630619028707], [8.31271434032395, 49.03630598749112], [8.312700702070746, 49.036305988609705], [8.31268706609789, 49.036305824661184], [8.312578466586983, 49.036308024653565], [8.312541993924082, 49.036310051776866], [8.312425794433956, 49.03632065173222], [8.312393110535375, 49.03632470665404], [8.312240111169839, 49.03634880655214], [8.312204464457437, 49.036355788766436], [8.31217018163834, 49.03636527458031], [8.312034482061957, 49.03640867440778], [8.31200986816319, 49.03641738144104], [8.311986417722743, 49.036427380733265], [8.311870017940343, 49.03648158053654], [8.311838248180107, 49.036498326326104], [8.311809730270916, 49.03651743569442], [8.311684330158235, 49.03661213541597], [8.311662699812329, 49.036630268346826], [8.311644005505132, 49.03664976148015], [8.311592205259213, 49.036710461346296], [8.311583656358946, 49.03672235396587], [8.31116380701088, 49.03661636244271], [8.311156526880279, 49.03661458662032], [8.310700428558226, 49.036507187079806], [8.310681319078446, 49.03650309949904], [8.31029012061856, 49.03642769982941], [8.310281470894127, 49.036426113428334], [8.309913372379896, 49.036362013712015], [8.309881278541745, 49.03635749596113], [8.309460280359698, 49.03631199616999], [8.309444498190782, 49.03631053786385], [8.308943400400292, 49.036272038044764], [8.308937399780296, 49.036271772342126], [8.308931436525592, 49.03627125868762], [8.308297739350941, 49.03623735885143], [8.308280999208346, 49.03623673438349], [8.307893400952205, 49.036228534428034], [8.307892895819892, 49.03622854004749], [8.307892392163671, 49.03622851406413], [8.307616593404916, 49.036223214093425], [8.307596551707931, 49.03622321515135], [8.307022054295544, 49.0362343151135], [8.307001647186818, 49.03623511119432], [8.306673248651444, 49.036254411115046], [8.306659489178978, 49.03625540462837], [8.30622659108478, 49.03629250447262], [8.306215604982617, 49.03629356547979], [8.305861206520769, 49.036331665318684], [8.305853559547929, 49.03633254609585], [8.30551431245651, 49.036374233993406], [8.305459080245992, 49.036168348812026], [8.305404308006349, 49.03589149077019], [8.305400895437693, 49.035738894295726], [8.305400834115522, 49.03573826310099], [8.305400861783529, 49.03573763088209], [8.305391059610097, 49.035420530900986], [8.305388731756986, 49.035398515174926], [8.30538313306946, 49.03537675547986], [8.305374317470054, 49.03535546137309], [8.305362369861582, 49.03533483792784], [8.30534740530931, 49.0353150837582], [8.305329567932706, 49.035296389106485], [8.305309029517378, 49.035278934011174], [8.305285987860616, 49.035262886573], [8.30526066486645, 49.03524840133614], [8.305233304408583, 49.03523561779995], [8.30520416998178, 49.03522465907551], [8.305173542164317, 49.035215630700115], [8.305141715915944, 49.03520861962088], [8.30510899773738, 49.035203693357424], [8.30507570271866, 49.03520089935177], [8.305042151504813, 49.03520026451133], [8.305008667208025, 49.03520179494984], [8.304975572296064, 49.03520547592854], [8.3049431854869, 49.03521127199804], [8.304911818679447, 49.03521912733972], [8.304881773949939, 49.03522896630327], [8.304853340642895, 49.03524069413522], [8.304826792584688, 49.0352541978914], [8.304802385446504, 49.035269347524626], [8.30478035428215, 49.03528599713707], [8.304760911264353, 49.03530398638526], [8.304744243641405, 49.03532314202424], [8.304730511933807, 49.035343279576004], [8.304719848388283, 49.03536420510596], [8.304712355704062, 49.035385717090676], [8.304708106043693, 49.035407608358646], [8.304707140337932, 49.03542966808535], [8.30471691864659, 49.03574613642021], [8.304720603393045, 49.0359110046962], [8.304720783061088, 49.03591285428929], [8.304720732537195, 49.0359147073546], [8.304721852397432, 49.035923862574776], [8.304722742786192, 49.03593302868396], [8.30472319732485, 49.035934857792085], [8.304723423297336, 49.035936705190345], [8.304781721323865, 49.03623140535126], [8.304783094730933, 49.0362364123901], [8.304784063253381, 49.036241460198084], [8.304842159949843, 49.03645803403332], [8.304469450732107, 49.036504858420116], [8.303886798607722, 49.03657700296613], [8.303886316641847, 49.03657706287761], [8.303285424851898, 49.036652049377615], [8.301261439188398, 49.03690373517085], [8.301259864359455, 49.03690398416786], [8.301258262170332, 49.036904140452556], [8.299852968155344, 49.03708793967421], [8.29888837321769, 49.03721429491101], [8.298285984101007, 49.03729024224987], [8.298279932041964, 49.03729104255091], [8.297884033716237, 49.037345842318906], [8.29786531483475, 49.037348797310784], [8.297705884156416, 49.03737710742759], [8.297336456183245, 49.037441021945895], [8.297332233644374, 49.037441900214674], [8.297327925645725, 49.037442575662254], [8.297291060292283, 49.03744962903793], [8.296996548351817, 49.03735051824875], [8.296995116160872, 49.03735009322166], [8.29699374709442, 49.03734958618767], [8.296979822181138, 49.03734555447235], [8.296965954140125, 49.03734143889467], [8.29696446548199, 49.037341108208444], [8.296963027417824, 49.0373406918421], [8.296962397729043, 49.03734053329467], [8.297004874223836, 49.03726702638808], [8.297132984144058, 49.037052479774395], [8.297144005995955, 49.037030857198474], [8.297151640432451, 49.03700861189456], [8.297245938087812, 49.03665001161069], [8.297249715102957, 49.03663070068948], [8.297250937416198, 49.03661124734558], [8.297249595868236, 49.03659179739842], [8.297245700518094, 49.03657249664183], [8.297189099139835, 49.036362296799275], [8.29718858900702, 49.03636044737505], [8.296969983954869, 49.03558634798341], [8.296969881376842, 49.035586062481144], [8.296969821287135, 49.03558577607689], [8.296689396070908, 49.03460684902008], [8.296713323412282, 49.03459654379235], [8.296739462788466, 49.034582699971594], [8.296763412514675, 49.034567238215836], [8.296784941941846, 49.0345503074317], [8.296803843730563, 49.03453207067329], [8.296819935847836, 49.03451270357186], [8.296833063320099, 49.034492392644424], [8.29684309972562, 49.03447133349731], [8.296849948411882, 49.03444972894248], [8.296853543426273, 49.03442778704418], [8.296853850151082, 49.034405719115185], [8.296850865636733, 49.0343837376818], [8.29684461863002, 49.03436205443698], [8.296835169297093, 49.03434087820174], [8.296822608643875, 49.03432041291405], [8.296807057639475, 49.03430085566484], [8.296788666051075, 49.03428239479997], [8.296767611001492, 49.034265208106376], [8.29674409526332, 49.03424946109991], [8.296718345306086, 49.034235305431444], [8.296690609115206, 49.0342228774264], [8.296661153803806, 49.03421229677195], [8.296630263040305, 49.034203665364345], [8.296598234316642, 49.03419706632775], [8.296565376083384, 49.034192563213665], [8.2965320047793, 49.03419019938894], [8.296498441784042, 49.034189997618185], [8.296465010323255, 49.034191959844534], [8.296432032355893, 49.03419606717088], [8.296399825473745, 49.03420228004193], [8.296368699843013, 49.03421053862511], [8.296338955217387, 49.0342207633867], [8.296156555687963, 49.03429116311753], [8.296128521751863, 49.034303234826886], [8.296102419080125, 49.03431705241377], [8.296078498254092, 49.03433248323256], [8.296056988910511, 49.03434937915071], [8.29603809753705, 49.03436757797102], [8.296022005490025, 49.03438690498845], [8.296008867253327, 49.03440717466732], [8.295998808955325, 49.034428192422354], [8.295991927157917, 49.034449756486616], [8.295988287929433, 49.03447165984842], [8.295982687510405, 49.034533159830055], [8.29598216022574, 49.03455158861639], [8.295983930086434, 49.03456998389263], [8.295987985205114, 49.03458822207956], [8.296226073197307, 49.035419396372674], [8.296019657213897, 49.03542818151219], [8.295268917380904, 49.035446065733026], [8.295254242990508, 49.035446623060224], [8.294897744584274, 49.03546522298471], [8.294867080770194, 49.035467743543684], [8.29483688812207, 49.0354720735149], [8.294723088584627, 49.03549197343108], [8.294690634677421, 49.035498803425014], [8.294659375475927, 49.03550772275509], [8.294629621249213, 49.035518642891], [8.294601667329008, 49.03553145544303], [8.294511067462071, 49.035577555280696], [8.294484470777489, 49.0355925830605], [8.294460354250246, 49.03560932243336], [8.294390054177473, 49.035663422275924], [8.294369647697632, 49.03568077274296], [8.294351908950437, 49.03569934770534], [8.294337006674434, 49.03571897047328], [8.29432508262745, 49.03573945438979], [8.294290982231733, 49.03580785429275], [8.294282127329115, 49.03582907092319], [8.29425722686243, 49.035902670849616], [8.294250116557903, 49.03593389259824], [8.294164625384177, 49.03664955702858], [8.293921950789514, 49.03659536687288], [8.293697737223074, 49.036533155807945], [8.293528454578158, 49.03647580846871], [8.293374153173357, 49.036409785780485], [8.293345221543026, 49.03639375835525], [8.293953015898726, 49.03592828499543], [8.29396725137392, 49.03591661920594], [8.294657952432665, 49.03531033663392], [8.294749224331783, 49.0352472909959], [8.294783679575326, 49.03523505139606], [8.294815048603077, 49.03522243054386], [8.294844175312683, 49.03520766818405], [8.294994075451905, 49.03512286789741], [8.295015442505099, 49.035109692177045], [8.295035016445969, 49.03509536264619], [8.295682715597083, 49.034578261173046], [8.29570372193032, 49.03455960578514], [8.296264420181517, 49.03400380440396], [8.29627766751082, 49.03398955012416], [8.29660086597745, 49.03361084928884], [8.296615834946955, 49.0335910967494], [8.29662778727626, 49.03357047460527], [8.296636607861121, 49.03354918145992], [8.296642211758225, 49.033527422378725], [8.296644545003073, 49.03350540691402], [8.296643585129553, 49.033483347086985], [8.296639341386117, 49.03346145534573], [8.29663185464655, 49.03343994251939], [8.296621197016185, 49.03341901578761], [8.296607471137316, 49.033398876685425], [8.296590809200582, 49.033379719162355], [8.296571371671774, 49.03336172771464], [8.296549345746383, 49.03334507560839], [8.296524943546743, 49.03332992321108], [8.296498400079159, 49.03331641644718], [8.296469970970673, 49.033304685392835], [8.296439930007272, 49.03329484302323], [8.296408566497261, 49.033286984124594], [8.296376182485162, 49.03328118438147], [8.296343089842974, 49.03327749964786], [8.296309607266835, 49.0332759654092], [8.296276057207951, 49.033276596440885], [8.296242762767381, 49.033279386665775], [8.296210044584573, 49.03328430921282], [8.296178217749576, 49.0332913166758], [8.296147588768717, 49.03330034156987], [8.29611845261291, 49.03331129698138], [8.296091089877024, 49.03332407740497], [8.296065764077706, 49.033338559759486], [8.296042719115615, 49.03335460457335], [8.296022176926549, 49.033372057327654], [8.29600433534408, 49.03339074994418], [8.295687354655442, 49.03376216013299], [8.295149209624025, 49.03429559932052], [8.29523774775741, 49.03419697898635], [8.29543512282519, 49.03399950501748], [8.295452157732873, 49.033980489759735], [8.295466275936674, 49.03396046821003], [8.295477341473358, 49.03393963318796], [8.29548524777915, 49.03391818534706], [8.295489918715852, 49.03389633124243], [8.29549130930397, 49.033874281341454], [8.295489406155712, 49.03385224799689], [8.295484227603763, 49.03383044340173], [8.29547582352457, 49.03380907754573], [8.295464274857821, 49.03378835619309], [8.295449692826837, 49.0337684789009], [8.295432217867281, 49.03374963709718], [8.295412018274583, 49.03373201223763], [8.295389288583094, 49.03371577405786], [8.295364247692559, 49.03370107893904], [8.295337136759978, 49.03368806840178], [8.295308216877158, 49.03367686774331], [8.295277766556293, 49.03366758483084], [8.295246079047834, 49.03366030906278], [8.295213459516418, 49.03365511050788], [8.295180222102113, 49.033652039230404], [8.295146686895212, 49.03365112480799], [8.295113176853755, 49.033652376046916], [8.295080014693433, 49.033655780897185], [8.295047519779823, 49.033661306568675], [8.295016005052886, 49.03366889984679], [8.29498577401333, 49.03367848760501], [8.294957117799857, 49.03368997750909], [8.29493031238545, 49.033703258906236], [8.294905615919673, 49.033718203890665], [8.294883266242598, 49.033734668535445], [8.294863478594301, 49.033752494278446], [8.294661577947512, 49.03395449377964], [8.294652866002101, 49.03396368476393], [8.294468368531218, 49.034169189062474], [8.29441692167682, 49.03415015335502], [8.294021547540721, 49.03391073784817], [8.294051759060924, 49.03387625613376], [8.29406185027731, 49.033863857774975], [8.294178149568879, 49.03370955746551], [8.294182544049548, 49.0337035016262], [8.294230436384666, 49.03363488768372], [8.294584231029404, 49.03363377919616], [8.294625268239944, 49.03363202488845], [8.294815169077342, 49.03361632482271], [8.29484822527714, 49.03361250047202], [8.294880552191673, 49.03360656412887], [8.294911838491352, 49.0335985729642], [8.294941782868774, 49.03358860393825], [8.294970096940613, 49.033576753059315], [8.294996508025013, 49.03356313445912], [8.295020761767724, 49.0335478792936], [8.295042624591721, 49.03353113447975], [8.295061885946689, 49.03351306128067], [8.295078360336703, 49.03349383375252], [8.295091889106613, 49.033473637068134], [8.295102341969887, 49.03345266573365], [8.295109618263224, 49.03343112171534], [8.29511364791587, 49.03340921249451], [8.295114392124288, 49.033387149069306], [8.295111843725692, 49.03336514392262], [8.29510602726686, 49.03334340897589], [8.295096998767566, 49.033322153548035], [8.295084845180934, 49.03330158233975], [8.295069683555884, 49.03328189346207], [8.295051659909745, 49.033263276528494], [8.295030947821958, 49.03324591082904], [8.295007746762316, 49.03322996360346], [8.294982280169927, 49.03321558843087], [8.294954793301374, 49.03320292375064], [8.294925550868767, 49.0331920915292], [8.294894834490488, 49.03318319608556], [8.294862939979136, 49.03317632308664], [8.294830174492803, 49.03317153872232], [8.294796853577104, 49.03316888906803], [8.294763298126453, 49.03316839964102], [8.294729831293836, 49.03317007515467], [8.294560370207211, 49.033184085384214], [8.29432216498431, 49.033184831702854], [8.294319544450383, 49.03315502312361], [8.294316281758919, 49.033134428557716], [8.294297981229827, 49.03305472860848], [8.294292277798522, 49.03303556737348], [8.294284068116895, 49.0330168036466], [8.29427341407309, 49.032998578870604], [8.294251113900053, 49.032964878929874], [8.294238169625443, 49.03294741994129], [8.294222982425408, 49.03293076049734], [8.294205665595072, 49.03291502487354], [8.29418634831573, 49.03290033045381], [8.294136448294148, 49.03286553056039], [8.294112018090841, 49.032850101016805], [8.29408538638294, 49.03283633620586], [8.294004286528343, 49.032798536344366], [8.293962223518045, 49.032781780967746], [8.293419274600623, 49.03259920782864], [8.29268293885617, 49.032289637064366], [8.29267164643711, 49.03228508950485], [8.292545546754953, 49.032236489693695], [8.292508709718458, 49.03222419399072], [8.291864553829946, 49.032040452043034], [8.29182959589675, 49.03202568182504], [8.291816201799865, 49.03201910554603], [8.291788110332602, 49.03199060245816], [8.291781123711376, 49.03198378950729], [8.291739476437009, 49.03194473614383], [8.291717510554093, 49.03191584430549], [8.291712922526989, 49.03191002337809], [8.291663522264155, 49.03184952350477], [8.291644514670809, 49.03182896574732], [8.291621104589135, 49.03180645453023], [8.291621404964308, 49.03180299949442], [8.29162140442825, 49.03172479949195], [8.291619728113908, 49.03170256237169], [8.2916147159103, 49.031680543229236], [8.291580722622454, 49.031569188367335], [8.291530932100391, 49.03138304552453], [8.29152573781875, 49.031367057273634], [8.291482937120762, 49.031255357392354], [8.291478723900543, 49.03124628295709], [8.291681738877141, 49.03130266325933], [8.291788354063314, 49.031332267499685], [8.291819876162721, 49.03133984487383], [8.291852376004893, 49.0313453541291], [8.291885540594789, 49.03134874220763], [8.291919050535144, 49.03134997647995], [8.291952583102589, 49.03134904505913], [8.291985815355833, 49.03134595691537], [8.292018427245921, 49.03134074178957], [8.292050104698646, 49.03133344990685], [8.292080542639399, 49.03132415149294], [8.29210944793134, 49.03131293609767], [8.29213654219858, 49.031299911732695], [8.292161564507163, 49.03128520383108], [8.29218427387806, 49.03126895403941], [8.292204451607956, 49.03125131885344], [8.292221903375454, 49.031232468111035], [8.292236461112466, 49.03121258335643], [8.292247984622717, 49.031191856091766], [8.292256362931807, 49.0311704859329], [8.292261515355838, 49.031148678686826], [8.292263392278283, 49.03112664436971], [8.292261975627675, 49.03110459518424], [8.292257279051471, 49.03108274347602], [8.292249347784459, 49.03106129968857], [8.292238258212954, 49.03104047033667], [8.29222411713901, 49.031020456017494], [8.292207060751734, 49.03100144947879], [8.292187253315587, 49.030983633762695], [8.292164885588354, 49.03096718044295], [8.292140172983999, 49.0309522479726], [8.292113353498067, 49.03093898015808], [8.292084685415697, 49.030927504774354], [8.29205444482422, 49.03091793233437], [8.291947852624844, 49.030888334523674], [8.291254991342585, 49.030695916913096], [8.29097256136327, 49.03059944006775], [8.290936228820264, 49.03058874556973], [8.290898252561405, 49.03058089954244], [8.290529775416283, 49.030520009926626], [8.29052650158429, 49.03051318631988], [8.290513294460869, 49.030492867072276], [8.290497118372421, 49.03047349823616], [8.29027911751428, 49.03024039877783], [8.290256473541513, 49.03021906002934], [8.290230232638844, 49.03019958406433], [8.290184232635287, 49.03016918416012], [8.290164844181254, 49.030157326532404], [8.29014411874664, 49.03014649077205], [8.289799548601088, 49.02998023821275], [8.289804374909139, 49.029643419307426], [8.289804383129614, 49.029642735145224], [8.28980448305903, 49.0296324351446], [8.289804345352207, 49.02963031617408], [8.28980446343616, 49.0296281966932], [8.28980362917293, 49.029619295930075], [8.289803050164778, 49.02961038641354], [8.289802597267668, 49.02960828652205], [8.289802398853215, 49.029606169636175], [8.289800241861313, 49.02959736550346], [8.289798337590176, 49.02958853620722], [8.289797573864824, 49.02958647561782], [8.289797060863226, 49.02958438171373], [8.289771860360847, 49.02950618178382], [8.289762647663665, 49.029483503432495], [8.28974989014553, 49.029461580107984], [8.289733726810296, 49.02944065067539], [8.289714333769199, 49.02942094317067], [8.289337358531567, 49.02907846740038], [8.289303367957286, 49.02904757048585], [8.289334095875802, 49.02902330626967], [8.289352832338523, 49.029007067409076], [8.28936925570811, 49.02898977963049], [8.2893832310513, 49.02897158497165], [8.289421230776133, 49.02891598486851], [8.289433923739669, 49.02889454082917], [8.289484823157819, 49.02879354068447], [8.289492743038505, 49.02877527537701], [8.289498290781534, 49.028756635749744], [8.289516690256498, 49.02867713569386], [8.289519831366757, 49.0286582044177], [8.289520525443955, 49.028639166262806], [8.289514824046822, 49.02843526627305], [8.289512029281594, 49.02841041520203], [8.289464372991565, 49.02816930656147], [8.28947379340144, 49.028083152203465], [8.289491018929633, 49.028034073348415], [8.289496522144269, 49.02801446141817], [8.28949936146274, 49.02799460599452], [8.289499514558294, 49.02797466323129], [8.289496980230119, 49.02795478996901], [8.289429877934337, 49.02761199015388], [8.289426009222602, 49.027596511490025], [8.289329707178423, 49.02728051175795], [8.289322030503557, 49.02726025373837], [8.289283729997837, 49.027176053843824], [8.289271529644147, 49.02715363224228], [8.289255792184774, 49.02713218475023], [8.289181491807973, 49.02704328493981], [8.289167415174557, 49.02702792670717], [8.289151522453123, 49.02701335485902], [8.289063945755853, 49.026939465459456], [8.288894062481852, 49.02679407951197], [8.288885141442865, 49.026786765650996], [8.288849115945242, 49.02675846002022], [8.28938713326148, 49.026640176623225], [8.289687210284397, 49.02658089497564], [8.289795831138264, 49.026562109518444], [8.290615079348978, 49.02642890813156], [8.290615082117196, 49.0264289075854], [8.290615084953608, 49.02642890722025], [8.291436688340724, 49.026295306656515], [8.291464316842964, 49.02628999315598], [8.291491167907742, 49.02628317043017], [8.291663268488234, 49.026233870230925], [8.291693921109212, 49.02622386101153], [8.291722898875989, 49.02621188709789], [8.291898299212109, 49.026131086803744], [8.291921439231519, 49.02611942952297], [8.291942985513169, 49.02610651863786], [8.291962781501253, 49.026092447959975], [8.29210738134494, 49.025980447635376], [8.292128792362595, 49.025962015397454], [8.292147202365108, 49.02594223086375], [8.292245401865811, 49.02582333060788], [8.292258797536544, 49.0258052218712], [8.292269676092785, 49.0257863976787], [8.292277950303358, 49.02576700897969], [8.292327849417083, 49.02562610883279], [8.292335479141238, 49.02559456366481], [8.292357078034838, 49.02543106359646], [8.292358327948255, 49.02540846531304], [8.292356120457393, 49.02538589873103], [8.292260757370022, 49.02484076921763], [8.292277873503664, 49.02472457714862], [8.29232097620552, 49.02462502730754], [8.292366063404971, 49.02456975872733], [8.292411165147096, 49.02453809747229], [8.292555546251641, 49.024465792730524], [8.292795148578946, 49.02438292391895], [8.294077129011162, 49.024088833794465], [8.294119958965467, 49.02407679889576], [8.295099761901618, 49.02374789760053], [8.295133108203984, 49.023735093889826], [8.29613141034442, 49.023300292280126], [8.29614422394603, 49.023294430311495], [8.296539124631956, 49.023104829630505], [8.296539138232266, 49.023104822401976], [8.296539152843403, 49.023104816084], [8.296883872163207, 49.02293927063888], [8.296985471834098, 49.02292179463621], [8.297098437798502, 49.022912996168486], [8.29723478626418, 49.02290630902086], [8.297346333545665, 49.02290654369703], [8.297495437257227, 49.022917081867284], [8.297805432680388, 49.02297991760232], [8.297976651360436, 49.02302569678593], [8.298038711298698, 49.023052974894625], [8.298050245503847, 49.023062003694], [8.298060987196715, 49.023078524694576], [8.298142630921891, 49.023224738628414], [8.298241508036616, 49.02343147562078], [8.298256212473424, 49.0234567817795], [8.298281212291903, 49.02349308184558], [8.298296397492923, 49.023512550822765], [8.298314387848936, 49.02353095710735], [8.29833501304457, 49.02354812644329], [8.298358077819303, 49.0235638962848], [8.298416277837855, 49.02359999640221], [8.298441790291234, 49.023614332626586], [8.298469316606926, 49.02362695525831], [8.298498591689995, 49.023637742733214], [8.298529333603138, 49.023646591160784], [8.298561246282, 49.02365341532479], [8.298594022386538, 49.023658149503916], [8.298627346261009, 49.02366074810486], [8.298660896974067, 49.02366118610128], [8.298694351409658, 49.02365945927499], [8.298727387378976, 49.02365558425647], [8.29875968672349, 49.023649598364706], [8.298790938379124, 49.02364155924786], [8.298820841372143, 49.02363154432797], [8.298849107717787, 49.023619650055295], [8.298875465193849, 49.023605990979505], [8.298899659962379, 49.0235906986463], [8.298921459014325, 49.023573920330676], [8.298940652413552, 49.02355581761832], [8.298957055318606, 49.02353656484964], [8.298970509762793, 49.02351634744053], [8.298980886175386, 49.02349536009672], [8.298988084629359, 49.023473804938675], [8.298992035803602, 49.02345188955496], [8.298992701650374, 49.02342982500307], [8.298990075761543, 49.02340782377674], [8.29898418343016, 49.023386097759634], [8.29897508140669, 49.023364856184706], [8.298962857352317, 49.02334430361919], [8.298947628994584, 49.02332463799458], [8.298929542993482, 49.023306048700476], [8.298908773528943, 49.023288714760646], [8.298885520623303, 49.02327280310903], [8.298881291127678, 49.02327017966944], [8.298792589836715, 49.02308472373041], [8.298787385919345, 49.023074677962974], [8.298699885042241, 49.02291797820028], [8.298693306553995, 49.022907083444984], [8.298659106281233, 49.02285448353611], [8.298644406241529, 49.0228346319784], [8.29862681685906, 49.02281582419574], [8.298606507708806, 49.02279824150602], [8.298531007613972, 49.02273914167545], [8.298509134392075, 49.02272357280192], [8.298485129422401, 49.02270942751216], [8.298459205983825, 49.02269683148296], [8.2983277062518, 49.02263903169887], [8.298297918276084, 49.02262733101756], [8.29826648071239, 49.022617675825614], [8.29804918146436, 49.02255957606954], [8.298021114679578, 49.02255299350458], [8.297665416059134, 49.02248089381875], [8.297633643465469, 49.02247553613271], [8.297601236503272, 49.022472205175994], [8.297401737385393, 49.022458105242684], [8.297366293501037, 49.02245681891295], [8.297223694143545, 49.02245651891726], [8.297197170234185, 49.0224571405067], [8.297040170936473, 49.02246484047563], [8.297025385019666, 49.02246577842091], [8.296881585655168, 49.02247697837417], [8.296835276557147, 49.02248273611345], [8.29664807732038, 49.022514935977775], [8.296634971371274, 49.02251764859123], [8.296621794109866, 49.02252020741527], [8.296618972691475, 49.02252095992976], [8.296616068508275, 49.02252156102521], [8.296603429948206, 49.02252510541185], [8.296590697498047, 49.02252850134675], [8.296588001818165, 49.022529432111874], [8.296585201204923, 49.022530217522245], [8.296573151748582, 49.02253455954816], [8.296560986729146, 49.02253875988957], [8.296558442748589, 49.022539859941595], [8.296555772676298, 49.0225408221031], [8.296544428365458, 49.022545919952734], [8.296532947931619, 49.02255088424951], [8.296135862708153, 49.02274157679953], [8.295747282550689, 49.02292814218301], [8.294771615788035, 49.023353083908006], [8.293829832528052, 49.023669222144804], [8.29254587684661, 49.02396376485115], [8.292522229258338, 49.02396984609597], [8.292499333011124, 49.02397706455004], [8.292211933848835, 49.02407646416087], [8.29218729517295, 49.02408586729364], [8.292163932090844, 49.02409658647616], [8.291974032384184, 49.0241916861395], [8.291952039464935, 49.02420368700389], [8.291931647065095, 49.02421685364323], [8.29183634702858, 49.02428375343871], [8.29181702125758, 49.024298558016994], [8.29179971958083, 49.02431440854571], [8.291784572245772, 49.02433118570348], [8.29170087180927, 49.02443378548476], [8.291685265243956, 49.02445566212744], [8.291673318129858, 49.02447851373055], [8.291611617270663, 49.02462101355221], [8.291608419570213, 49.02463006334159], [8.291605008627316, 49.02463907939913], [8.291604623007844, 49.024640807965845], [8.29160402170902, 49.02464250969739], [8.291602188229838, 49.02465172203146], [8.291600137507162, 49.02466091454174], [8.291576536426291, 49.024821114467706], [8.291574956496905, 49.02484481846291], [8.291577183030459, 49.024868499994405], [8.291672734532739, 49.02541474959454], [8.291656228563673, 49.02553968414124], [8.291622336160936, 49.025635382561205], [8.291563100569892, 49.025707104147614], [8.29146988311578, 49.02577930549304], [8.291358638577604, 49.025830551455755], [8.291244493994109, 49.025863249443034], [8.290450919095429, 49.02599229217325], [8.289629224747136, 49.02612589124141], [8.289624323680867, 49.02612671342455], [8.289507524156607, 49.02614691333949], [8.289501869176544, 49.02614808922178], [8.28949611212197, 49.026149026738096], [8.28918531334803, 49.026210426481065], [8.289175270978289, 49.02621252182328], [8.288064975215855, 49.026456620808645], [8.288064782482257, 49.026456670218025], [8.288064583379892, 49.02645670712475], [8.288056126336187, 49.026458882926484], [8.288047528809633, 49.02646080594794], [8.287648030230697, 49.02656480552252], [8.287646077769475, 49.02656538820106], [8.287644056670569, 49.02656585891249], [8.287454357332836, 49.02661705870394], [8.28734838855141, 49.02664567725703], [8.287341184205548, 49.02664768655352], [8.286689386397766, 49.026835285795855], [8.286678823238598, 49.026838467704394], [8.2860982250737, 49.027021266976256], [8.286092573250341, 49.02702308864353], [8.285786074183184, 49.027124188244095], [8.285772770035212, 49.02712882039152], [8.284790272728792, 49.02748931899747], [8.284774272810692, 49.02749557095865], [8.284089574402229, 49.027779969891675], [8.284078373914204, 49.02778482680479], [8.281991378072332, 49.02872892334867], [8.281982025957193, 49.02873330774751], [8.281476126810189, 49.02897900686835], [8.28144994133754, 49.028993092086715], [8.281426000304585, 49.02900880965363], [8.281393241408908, 49.02903255711686], [8.281356635136959, 49.029048418131815], [8.281329621597665, 49.02906141249689], [8.28130466909027, 49.029076081033324], [8.281282016618043, 49.029092283242164]], [[8.291386442059421, 49.03991604508539], [8.291396172302193, 49.03991385666264], [8.292044874714158, 49.03976075602967], [8.292050725865089, 49.03975915791123], [8.292056714621584, 49.039757797837964], [8.292497121529891, 49.03964158187697], [8.292454429097068, 49.03966880792642], [8.292358756226166, 49.03972476577475], [8.292102219117645, 49.039849959341296], [8.291833158071736, 49.039960848337095], [8.291690667983547, 49.04001401116455], [8.291653945793595, 49.04001665626222], [8.291623995968676, 49.04001970142173], [8.29159457365986, 49.04002447739351], [8.291422511342994, 49.04005778787894], [8.291309049368927, 49.04006374233946], [8.29123262146831, 49.040060512182976], [8.291169088168061, 49.04004993146924], [8.291153798304675, 49.040044926802295], [8.29112430897175, 49.040030076083376], [8.291096690960895, 49.040017531793886], [8.291067335706446, 49.04000682759007], [8.291036525913272, 49.03999806655808], [8.29101900515068, 49.03999437607875], [8.29103164069231, 49.039991945401695], [8.291386442059421, 49.03991604508539]], [[8.291393417661281, 49.03933413620658], [8.291414839777948, 49.03931714559192], [8.291433625609555, 49.03929885633997], [8.291449594239873, 49.03927944458755], [8.291462591884619, 49.03925909728163], [8.291472493372394, 49.03923801037893], [8.29147920335004, 49.03921638695868], [8.291482657200794, 49.039194435266765], [8.29148282166644, 49.03917236671033], [8.29147969516744, 49.03915039382168], [8.291473307817968, 49.039128728211466], [8.291463721135745, 49.03910757853086], [8.291386720317005, 49.03896387874048], [8.291386657350966, 49.03896377739814], [8.291386609641906, 49.03896367251675], [8.291378043464585, 49.038947735634736], [8.291328076791059, 49.038854598879844], [8.291322097150134, 49.03884498511089], [8.291316201972002, 49.03883534882674], [8.291207301202423, 49.03867984911386], [8.291203110878122, 49.03867408283029], [8.29109831022709, 49.038534983103254], [8.291088354454095, 49.038523368859856], [8.291117380497013, 49.038521284423744], [8.291150231380085, 49.03851674931727], [8.291730033744876, 49.038416948896675], [8.291731284633707, 49.038416731916996], [8.29303908995046, 49.03818813095408], [8.293047140846642, 49.038186654151566], [8.294355646048787, 49.03793525309701], [8.294387536701523, 49.03792798512116], [8.294418182563046, 49.03791868609555], [8.29447258272257, 49.0378999860222], [8.294498857867746, 49.03788995262157], [8.29452367497371, 49.03787842572314], [8.294546838194366, 49.03786549629283], [8.294568164735857, 49.03785126636469], [8.294606964710658, 49.0378229662799], [8.294627464688947, 49.03780651152919], [8.294645508402093, 49.0377888570214], [8.294660934433173, 49.0377701606942], [8.294673604783597, 49.03775058980536], [8.294683406107572, 49.037730319436236], [8.294690250725989, 49.0377095309255], [8.294694077410687, 49.03768841024694], [8.294730075156457, 49.03735681013101], [8.29473008550259, 49.03735650328023], [8.294730140281361, 49.0373561984747], [8.29473925896479, 49.03726884541695], [8.295081493421309, 49.037358582633715], [8.29508915836832, 49.03736052263996], [8.296341656801669, 49.03766622156296], [8.296285620676207, 49.03768048325501], [8.29627687208038, 49.03768280152374], [8.295942673233965, 49.037774901149376], [8.295925349386277, 49.037780051983795], [8.295543650578711, 49.03790205149885], [8.295535881803605, 49.03790461529952], [8.295235182693178, 49.03800701489718], [8.295229047644645, 49.03800915632417], [8.294961748398062, 49.03810475595226], [8.294948334902083, 49.03810981488731], [8.294151436881162, 49.03842631368549], [8.294151025787373, 49.03842649563169], [8.294150590229757, 49.038426651039885], [8.293902690839829, 49.038525750664206], [8.29356139236548, 49.03866223031032], [8.293119829907338, 49.03882850475707], [8.292664691730037, 49.03899107490368], [8.292363758074123, 49.039087265419376], [8.292222479322303, 49.03912967728895], [8.291881028448266, 49.03922382692056], [8.291538655056016, 49.03931105453118], [8.291365646152205, 49.03935175820756], [8.291369565565471, 49.03934966455364], [8.291393417661281, 49.03933413620658]], [[8.292079590730875, 49.03761187508869], [8.292102084186617, 49.037624065266364], [8.292200584335172, 49.03767296544148], [8.292223792252916, 49.03768352749191], [8.292248245712756, 49.03769279552805], [8.292273778195227, 49.037700706437576], [8.292353478465442, 49.03772280652984], [8.292393451151979, 49.03773201912408], [8.292430481084066, 49.03773889363858], [8.292482694937233, 49.03781999963701], [8.291758156601439, 49.03794664700146], [8.2915355993602, 49.03782001411301], [8.291904636527613, 49.037508519410224], [8.292079590730875, 49.03761187508869]], [[8.297560266879762, 49.03806126332156], [8.297609952235586, 49.03808400424165], [8.297645478750537, 49.0381061928764], [8.297637661196905, 49.03810846530936], [8.297543389927727, 49.03813695013178], [8.297398245270841, 49.03817857390893], [8.297127600319005, 49.03825621381901], [8.296953099183016, 49.038305149544335], [8.296952455793832, 49.03830535505757], [8.296951785905957, 49.03830551996171], [8.296281106872899, 49.038495777760005], [8.296224863184351, 49.038510813999686], [8.29617563641711, 49.03852174008538], [8.296082504403945, 49.03853279900835], [8.29604621427298, 49.038538466969705], [8.296011078624689, 49.03854669912618], [8.295818379289894, 49.03859979891033], [8.295777879715224, 49.03861309412557], [8.295705079903893, 49.03864109401842], [8.295674835500112, 49.03865418644561], [8.295632802750452, 49.03867455769891], [8.29560910906717, 49.03868288996774], [8.294950134474306, 49.038863418733825], [8.294945911840019, 49.03886459743557], [8.2948227080593, 49.03889963124612], [8.294643908548037, 49.03893880313656], [8.294434269716653, 49.03896386311995], [8.294844494691137, 49.0388009505991], [8.295355108714105, 49.038601785174194], [8.295614122758643, 49.038508157306126], [8.295885323397743, 49.038412244793484], [8.296288765400986, 49.038283378078724], [8.296695743371629, 49.03817304390079], [8.297026984935266, 49.03808938822513], [8.297408949306192, 49.03800669685654], [8.297424891036691, 49.03800363687528], [8.297457829699319, 49.03801515362814], [8.297560266879762, 49.03806126332156]], [[8.284834006184461, 49.03940848618667], [8.284853831794848, 49.03937379100598], [8.285245472934035, 49.039203678789086], [8.285864628909211, 49.0390008850498], [8.28589272960875, 49.03899056884242], [8.285919231084875, 49.03897856188611], [8.285941886780698, 49.03896607901873], [8.28598054844092, 49.038972875081804], [8.286044470023214, 49.03900693375066], [8.2860855686547, 49.039044084226916], [8.286266173271144, 49.03933266777241], [8.286282284679766, 49.03935487444154], [8.286301989629772, 49.03937579107374], [8.286345189510069, 49.03941649117728], [8.286366159947539, 49.039434280142984], [8.286389729944645, 49.03945060197149], [8.286415663426059, 49.03946529318286], [8.286443700643007, 49.03947820662937], [8.286473560774944, 49.039489212969336], [8.286504944742285, 49.039498201962644], [8.28653753820207, 49.039505083574994], [8.286591138418066, 49.03951448361661], [8.286619005358965, 49.0395185601025], [8.286647292301193, 49.03952109464904], [8.286675802203227, 49.039522069601006], [8.287484939165992, 49.03952750673472], [8.288097494498492, 49.039553707030585], [8.288101588679336, 49.03955386593746], [8.288414290082196, 49.03956476599265], [8.28844094440788, 49.03956501122318], [8.288467546840689, 49.03956389111423], [8.28862804755387, 49.03955299106908], [8.288657958559057, 49.03955007636319], [8.288687361158408, 49.03954543639592], [8.288716025582863, 49.03953910742674], [8.288866626125516, 49.03950090726994], [8.2889002189605, 49.039490989541015], [8.28893199542868, 49.0394787551194], [8.28983049736642, 49.03908865367327], [8.289867676071047, 49.03906999169186], [8.289946676135708, 49.03902439153899], [8.28997359854746, 49.03900703298115], [8.289997451046665, 49.03898783159256], [8.290045550936307, 49.03894443147777], [8.2900620540426, 49.03892808789111], [8.290076327855513, 49.03891086091683], [8.290088263757964, 49.03889288164705], [8.290132763347108, 49.038816981523134], [8.290142894610709, 49.038796945216625], [8.290172461829247, 49.03872777892434], [8.290181466084894, 49.03872843070712], [8.29020053589307, 49.03872945712928], [8.290288236286454, 49.038732557144954], [8.290319830369237, 49.03873271318037], [8.290386630669893, 49.03873101317419], [8.290423182289203, 49.03872878700384], [8.290463580194123, 49.038724879907825], [8.290501532132081, 49.0387561762499], [8.29058793044989, 49.03887085276912], [8.290688182629685, 49.03901400567926], [8.290732921719151, 49.03909740034909], [8.290741533899778, 49.039113423322604], [8.290818477906127, 49.03925702056172], [8.2908311713751, 49.03927745069848], [8.290846849643081, 49.039296964484244], [8.290865361722256, 49.03931537398944], [8.290886529332923, 49.03933250191918], [8.290910148620336, 49.03934818332077], [8.29093599211792, 49.03936226717228], [8.290963810937887, 49.03937461783715], [8.290993337168198, 49.039385116370404], [8.291024286452757, 49.03939366166422], [8.291056360730009, 49.03940017142171], [8.291089251103552, 49.03940458294956], [8.291118714235884, 49.039406586717575], [8.290921676715865, 49.039445257625395], [8.29063601162003, 49.03949905481857], [8.290061037274578, 49.03958574417072], [8.289674516813298, 49.03963384148641], [8.289107556929018, 49.03968971691836], [8.288874124255853, 49.03970629595431], [8.288525043283222, 49.03972297427345], [8.288144278240333, 49.03973389747829], [8.287700801001085, 49.039732639255604], [8.28712474998894, 49.03971654844051], [8.286823621799622, 49.03969867677297], [8.286508239695694, 49.03967483246856], [8.286183068092381, 49.039641070961295], [8.285838241013808, 49.039598623246924], [8.28548439425747, 49.0395472997134], [8.285001508062354, 49.03947748243021], [8.284807102884097, 49.03944481672231], [8.284820673443749, 49.039428739558254], [8.284834006184461, 49.03940848618667]], [[8.286777028020786, 49.038631568151665], [8.286770304994945, 49.038652421354], [8.28676659687413, 49.03867435509943], [8.286766176649163, 49.03869642218355], [8.28676904837139, 49.03871841008829], [8.286775184388848, 49.03874010705791], [8.286784525612411, 49.038761304138234], [8.286796982084688, 49.03878179718907], [8.286812433846212, 49.03880138885013], [8.286830732090605, 49.03881989044191], [8.28685170059757, 49.038837123782635], [8.286875137429906, 49.03885292290447], [8.286900816878246, 49.0388671356518], [8.286928491634754, 49.038879625146684], [8.286955572504185, 49.03888943015238], [8.286990005582535, 49.03896931400755], [8.286991260879404, 49.03897215489045], [8.287037694397354, 49.03907471547251], [8.286843676371008, 49.03907341188652], [8.286702623988083, 49.0388480318796], [8.286684894488083, 49.03882389955688], [8.286662924274463, 49.03880132523957], [8.286571324053432, 49.038718525456254], [8.286552803519777, 49.03870322910141], [8.286532332155653, 49.03868904814429], [8.286510064691843, 49.03867608976912], [8.286413113415055, 49.038624432451975], [8.286483631706423, 49.03862786693802], [8.286502975511377, 49.03862844765528], [8.286777028020786, 49.038631568151665]], [[8.287577755831693, 49.03866380038747], [8.287571682450183, 49.03864205833809], [8.287570898047525, 49.038640264687054], [8.287817802774672, 49.03864289615548], [8.287815820316753, 49.03864749702218], [8.287809880818125, 49.03866921761796], [8.287807208179846, 49.03869121637138], [8.287788641028934, 49.039089783093104], [8.287757689090169, 49.03908845921249], [8.287647580163341, 49.038845261897144], [8.287585204877765, 49.038700557074776], [8.287577755831693, 49.03866380038747]], [[8.28882176768173, 49.03865772690558], [8.289338956817707, 49.03866521528826], [8.289484797270795, 49.03867166031864], [8.289466341983179, 49.038703137659404], [8.289433942053986, 49.03872183933922], [8.288585868834183, 49.039090045149294], [8.288512355293186, 49.039108692004305], [8.288472063303377, 49.03911142834251], [8.288490991925428, 49.03870498261613], [8.288490371657913, 49.03868291756707], [8.28848646476061, 49.03866099873787], [8.288483467586905, 49.03865196791809], [8.28851432899619, 49.03865241617228], [8.28882031315279, 49.03865770380728], [8.28882176768173, 49.03865772690558]], [[8.289377140691517, 49.03821612488889], [8.289361729875433, 49.03821567303991], [8.2888375595327, 49.03820808361696], [8.288531588136088, 49.03820279621301], [8.28853015362866, 49.03820277340131], [8.288329648315914, 49.03819986112013], [8.288332616575055, 49.03811598438696], [8.288344634771514, 49.038073413645485], [8.288363567438799, 49.03802396179907], [8.288751748265819, 49.03777426639503], [8.288794657986822, 49.0377942395703], [8.288812418278287, 49.03780197209994], [8.289911334934608, 49.038248685575354], [8.289736539269997, 49.03823259186136], [8.28971203919328, 49.038230924815906], [8.289377140691517, 49.03821612488889]], [[8.28594736782358, 49.03815075389658], [8.285748398869542, 49.03812955582663], [8.285560373266108, 49.0380962808891], [8.28533033728142, 49.038048647191346], [8.285109949989074, 49.038002344207335], [8.284827049359764, 49.03792658410379], [8.284556603019626, 49.03784696463809], [8.284297075141946, 49.03774948574239], [8.283896268110064, 49.03755624153419], [8.283749067059134, 49.037471663525835], [8.283871312325276, 49.037302841279896], [8.284389098443487, 49.03746704943316], [8.284420010797877, 49.037475650431574], [8.28445205657809, 49.037482217927995], [8.284484927162174, 49.03748668867301], [8.284518305984458, 49.03748901961032], [8.284551871584382, 49.03748918829142], [8.284585300702522, 49.037487193091735], [8.284618271393908, 49.03748305322642], [8.2846504661287, 49.03747680856512], [8.28468157485033, 49.037468519248065], [8.284711297961655, 49.03745826510692], [8.28473934921037, 49.03744614489582], [8.284765458445854, 49.037432275340294], [8.284789374220956, 49.037416790013154], [8.284810866213592, 49.03739983804795], [8.284829727444873, 49.03738158270281], [8.284845776272409, 49.03736219978801], [8.284858858139556, 49.03734187597277], [8.284868847063786, 49.03732080698764], [8.284875646849866, 49.03729919573923], [8.284879192016122, 49.03727725035628], [8.284879448424913, 49.037255182185184], [8.284876413611233, 49.03723320375447], [8.284870116806287, 49.03721152672822], [8.284860618655806, 49.03719035986757], [8.28484801063584, 49.03716990702019], [8.284832414171664, 49.0371503651572], [8.28481397946825, 49.03713192247629], [8.284792884063627, 49.03711475658925], [8.284769331119016, 49.03709903281156], [8.284743547462247, 49.037084902570406], [8.284715781403278, 49.0370725019463], [8.284686300342859, 49.03706195036274], [8.284220404736658, 49.03691419882296], [8.284440148311946, 49.0366960694769], [8.284599063809026, 49.03658647216868], [8.284602557798621, 49.03658402622178], [8.28475123179095, 49.03647837897087], [8.285241058981393, 49.036165169559894], [8.285390213341703, 49.03642232910618], [8.285403697865735, 49.03644253877686], [8.28542013033829, 49.03646178213224], [8.285439352507968, 49.03647987384709], [8.28546117925629, 49.036496639686995], [8.285485400380443, 49.03651191818633], [8.28551178261761, 49.03652556220339], [8.285540071891432, 49.03653744033744], [8.285569995758934, 49.036547438194276], [8.285601266034371, 49.0365554594879], [8.28563358156472, 49.03656142696789], [8.285666631130052, 49.03656528316342], [8.285700096440914, 49.03656699093669], [8.285733655203773, 49.03656653384067], [8.285766984225045, 49.03656391627749], [8.285799762523798, 49.03655916345603], [8.285831674423136, 49.036552321149124], [8.28586241259049, 49.036543455252776], [8.285891680997533, 49.036532651151404], [8.285919197771216, 49.03652001289566], [8.285944697908436, 49.03650566220013], [8.28596793582823, 49.036489737271296], [8.285988687736877, 49.03647239147633], [8.28600675378315, 49.03645379186609], [8.286021959982946, 49.03643411756631], [8.286034159894795, 49.03641355805239], [8.286043236030054, 49.03639231132468], [8.286049100984279, 49.036370582001524], [8.286051698278834, 49.03634857934869], [8.286051002904646, 49.036326515264], [8.2860470215629, 49.036304602236626], [8.286039792600327, 49.03628305130066], [8.286029385639754, 49.03626207000283], [8.285866554624155, 49.03598133651561], [8.28629345888513, 49.0360316068025], [8.287206851617785, 49.036153368992], [8.287196967061824, 49.0361629687509], [8.287091897201053, 49.03624810802302], [8.287071914787191, 49.03626604428476], [8.2870547238318, 49.03628519020856], [8.287040492371599, 49.03630535865208], [8.287029359516172, 49.03632635247813], [8.287021434088116, 49.0363479664815], [8.287016793559209, 49.03636998939478], [8.28701548329301, 49.03639220595339], [8.287017516101272, 49.036414398999604], [8.287022872118545, 49.036436351605325], [8.28703149899617, 49.03645784919231], [8.287043312413822, 49.03647868162968], [8.287058196903534, 49.0364986452879], [8.287076006978223, 49.03651754502924], [8.28709656855367, 49.03653519611509], [8.287300687488493, 49.0366935459897], [8.288270966112934, 49.03745430573257], [8.288043339689665, 49.03760072426123], [8.288022353920539, 49.037592851894374], [8.287927454202382, 49.03756135202138], [8.287819372749453, 49.03752555874385], [8.287792045220058, 49.037517475024075], [8.287763746426569, 49.03751099486639], [8.287734693569154, 49.03750616800751], [8.287705109635377, 49.03750303149468], [8.287591610135882, 49.03749433153564], [8.287433824595299, 49.03748231734545], [8.286911901257737, 49.03744242321702], [8.286911429803355, 49.03744238739742], [8.286867944202676, 49.03743910358879], [8.286434274770006, 49.03740598992672], [8.285868642731073, 49.03736076732684], [8.285538095763414, 49.03733427158547], [8.28538090241527, 49.037321720572116], [8.285346476777255, 49.037307726414426], [8.285317094941119, 49.037297055698026], [8.285286263774076, 49.03728832980883], [8.285254280194144, 49.03728163278088], [8.285221452217154, 49.03727702910938], [8.285188095990508, 49.03727456312962], [8.285154532748663, 49.03727425858998], [8.285121085719638, 49.037276118423264], [8.28508807701231, 49.03728012471852], [8.285055824514496, 49.03728623889341], [8.28502463883168, 49.03729440206581], [8.284994820295855, 49.037304535620876], [8.28496665607328, 49.03731654196807], [8.284940417399005, 49.03733030548103], [8.284916356964812, 49.037345693610916], [8.284894706485685, 49.03736255816311], [8.284875674468273, 49.0373807367241], [8.284859444202834, 49.0374000542258], [8.284846171997986, 49.03742032463126], [8.284835985675286, 49.03744135272647], [8.284828983338125, 49.037462936000196], [8.284825232426797, 49.03748486659435], [8.284824769068868, 49.03750693330561], [8.284827597731077, 49.03752892361957], [8.284833691176157, 49.03755062575726], [8.284842990724979, 49.03757183071475], [8.284855406821505, 49.03759233427596], [8.28487081989512, 49.037611938979424], [8.284889081512043, 49.03763045602001], [8.284910015804723, 49.03764770706717], [8.284933421165478, 49.037663525982545], [8.28495907218804, 49.03767776041989], [8.284986721838335, 49.03769027329241], [8.285085122068091, 49.03773027344556], [8.28511759918725, 49.03774192859525], [8.285151801151343, 49.03775120914934], [8.285187327738916, 49.03775800650924], [8.285223763227522, 49.03776224113401], [8.2854553840289, 49.03778073481594], [8.285785905310373, 49.037807228513714], [8.286352610960602, 49.037852536984516], [8.286354439342555, 49.037852679877886], [8.28678924126023, 49.03788588003427], [8.286789669643523, 49.03788591256357], [8.286833134089209, 49.03788919477673], [8.287354900679986, 49.03792907694709], [8.287512519779357, 49.03794107842682], [8.287565724020846, 49.03794515665282], [8.28761928540572, 49.03796289451397], [8.287674985842534, 49.03798138309877], [8.287673996818254, 49.03798435986435], [8.287654996381333, 49.0380516598074], [8.287651078889871, 49.038069489319234], [8.287649344639668, 49.038087467780194], [8.287645670902792, 49.03819123967305], [8.287111833923298, 49.038185550154466], [8.286524508745503, 49.038178862630126], [8.28594736782358, 49.03815075389658]], [[8.285658699647056, 49.035499940903954], [8.285621203273738, 49.035496918862485], [8.285583428725442, 49.03549663405183], [8.285486229162638, 49.035499434041384], [8.285454166388424, 49.03550135489396], [8.28542252035594, 49.03550524939848], [8.28539157146519, 49.03551108304767], [8.285309909679757, 49.035529250915616], [8.285228377431123, 49.035397595445836], [8.285219591559976, 49.03538460057817], [8.284983290023407, 49.03506290119627], [8.284971210973682, 49.035047925753325], [8.284924310761532, 49.034994725871584], [8.284908978050268, 49.03497889531975], [8.284891691097727, 49.03496396051347], [8.28479896553062, 49.03489043246443], [8.284981865918704, 49.03477979973236], [8.284984560034173, 49.03477815243205], [8.28511445266198, 49.034697869292934], [8.285168342420938, 49.03466551654038], [8.285387225443381, 49.0345373704762], [8.285381974706103, 49.03461990159093], [8.285382219062877, 49.034641969832194], [8.285385752070084, 49.03466391606077], [8.285392539707203, 49.034685528922246], [8.285402516609583, 49.034706600272365], [8.285415586697802, 49.034726927181744], [8.285431624102818, 49.03474631389012], [8.285450474378047, 49.03476457369171], [8.285471955986667, 49.03478153073334], [8.285495862049865, 49.034797021708044], [8.285521962339152, 49.03481089742784], [8.285550005493588, 49.03482302426057], [8.285579721440573, 49.034833285416894], [8.285610823996851, 49.03484158207508], [8.2856430136247, 49.03484783433279], [8.285675980316771, 49.03485198197657], [8.285709406581763, 49.034853985061794], [8.285742970502197, 49.03485382429738], [8.28577634883482, 49.03485150123158], [8.285809220123783, 49.03484703823708], [8.285841267796588, 49.03484047829547], [8.285872183213032, 49.03483188458339], [8.285901668637699, 49.034821339863974], [8.28592944010744, 49.03480894568982], [8.285955230166183, 49.0347948214249], [8.285978790440748, 49.034779103095005], [8.285999894032843, 49.03476194207766], [8.286018337704222, 49.03474350364426], [8.286033943833944, 49.03472396536827], [8.286046562128892, 49.03470351541517], [8.286056071071087, 49.034682350730165], [8.286062379087854, 49.034660675141566], [8.28606542543358, 49.03463869739767], [8.286091822597498, 49.034223697306906], [8.286091822397784, 49.03422367929355], [8.286091824879987, 49.0342236613538], [8.286091700062817, 49.03421264520427], [8.286091577926852, 49.0342016290641], [8.286091575042784, 49.034201611150365], [8.286091574838686, 49.03420159313703], [8.286089808405864, 49.03419063808748], [8.286088044639445, 49.03417968285406], [8.28608803909879, 49.03417966521242], [8.286088036210366, 49.03417964729901], [8.286084645180479, 49.034168858857655], [8.28608125676702, 49.03415807003053], [8.286081248623141, 49.034158052830904], [8.286081243078215, 49.03415803518992], [8.286078895691057, 49.03415308037341], [8.286129174870489, 49.034124969310604], [8.286166112135508, 49.03457803189209], [8.286156313178832, 49.034705223837385], [8.286156262032069, 49.03472729263914], [8.286159501047646, 49.034749258469695], [8.286165999036351, 49.03477090978583], [8.286175693423036, 49.03479203807301], [8.286188490849103, 49.03481243985351], [8.286204268071456, 49.03483191864608], [8.286222873149265, 49.03485028685809], [8.286244126907173, 49.03486736759235], [8.286267824660762, 49.03488299635063], [8.286293738187757, 49.034897022618054], [8.286321617925918, 49.03490931131262], [8.286351195376506, 49.034919744086096], [8.286382185690119, 49.034928220464046], [8.286414290410052, 49.034934658813256], [8.286436301685479, 49.03493756042454], [8.286060364779045, 49.034916993143405], [8.286047313228282, 49.034916701784866], [8.286034274436226, 49.03491622345673], [8.286030547450473, 49.03491632751114], [8.28602681925437, 49.03491624428411], [8.286013787114682, 49.03491679544606], [8.286000739801338, 49.03491715971642], [8.285997046273906, 49.0349175034583], [8.285993323622593, 49.034917660898586], [8.285980436399813, 49.03491904927311], [8.285967506215366, 49.03492025263385], [8.285806706902937, 49.03494055254798], [8.285774094389664, 49.034945772291444], [8.285742417044546, 49.034953068639034], [8.285711979934314, 49.03496237132381], [8.28568307618215, 49.034973590756884], [8.285655984144853, 49.03498661889022], [8.28563096473221, 49.03500133025712], [8.285608258894325, 49.035017583180476], [8.285588085301164, 49.035035221137186], [8.28557063823664, 49.03505407426544], [8.28555608572749, 49.035073961000585], [8.28554456792503, 49.035094689823595], [8.285536195755295, 49.03511606110551], [8.285531049850656, 49.03513786902991], [8.285529179773123, 49.03515990357503], [8.285530603536891, 49.035181952536284], [8.285535307434673, 49.03520380357007], [8.285543246169551, 49.03522524623859], [8.28555434329105, 49.035246074036586], [8.285568491931244, 49.035266086380126], [8.28558555583382, 49.035285090538316], [8.285605370666202, 49.035302903489516], [8.285627745602067, 49.03531935368387], [8.285652465159068, 49.03533428269566], [8.28567929127402, 49.0353475467489], [8.285707965595591, 49.035359018102156], [8.285738211972422, 49.035368586278736], [8.285769739112672, 49.03537615913076], [8.28580224338944, 49.0353816637266], [8.285835411764978, 49.03538504705326], [8.285868924805557, 49.03538627652702], [8.285902459757956, 49.035385340307215], [8.285935693657912, 49.03538224741022], [8.28605040620788, 49.035367765664816], [8.287434841332773, 49.0354435072183], [8.287472259375605, 49.03544420263513], [8.28755835976348, 49.03544270263024], [8.287587924164445, 49.03544088486997], [8.287431730860176, 49.035724432492195], [8.286425567957442, 49.03559030339803], [8.286417896394818, 49.03558934049542], [8.285658699647056, 49.035499940903954]], [[8.286503122084566, 49.03494121612822], [8.286514163388851, 49.03494122715824], [8.286547571595033, 49.03493909739676], [8.286580501430372, 49.03493482485431], [8.286612635758514, 49.034928450678294], [8.286643665104673, 49.034920036256324], [8.286673290636172, 49.03490966262484], [8.286701227040492, 49.03489742968877], [8.286727205273083, 49.03488345525925], [8.286750975148472, 49.03486787391907], [8.286772307749718, 49.03485083572648], [8.286790997633021, 49.03483250476999], [8.286806864806207, 49.03481305758803], [8.286819756462108, 49.034792681468815], [8.286829548450077, 49.03477157264651], [8.286836146471511, 49.03474993441143], [8.286839486987859, 49.03472797515218], [8.286850186039892, 49.034589075116344], [8.286850133313994, 49.03456566087364], [8.286792328471071, 49.033856761020616], [8.286789097334275, 49.033835715875426], [8.286782873262363, 49.033814963432], [8.28677926424898, 49.033805339567365], [8.286927438544884, 49.03373324133462], [8.286959219800808, 49.03371917021995], [8.287051321930702, 49.033809145090565], [8.287085440269896, 49.03385094439918], [8.287088754319305, 49.033854908325935], [8.287093164160504, 49.033860059515305], [8.287115385497442, 49.03390909135483], [8.28715372539346, 49.03399861499241], [8.287244631395602, 49.03424893047754], [8.287245253249235, 49.034250614048126], [8.287397550705347, 49.03465611447073], [8.287399712813578, 49.03466118592288], [8.287400512809825, 49.03466346492594], [8.287401533696368, 49.03466545699489], [8.287403309496604, 49.034669622321026], [8.287556147685331, 49.034989382596855], [8.287517383625453, 49.03499349556748], [8.287472878530133, 49.03499427091774], [8.286503122084566, 49.03494121612822]], [[8.286136254481827, 49.03355868959783], [8.285785261965318, 49.033727648715], [8.285765742672405, 49.033737781567154], [8.285455242980618, 49.0339113809775], [8.285454655801962, 49.033911710016305], [8.285104960491024, 49.03410811648046], [8.284976663367742, 49.03417590142848], [8.284963455204222, 49.03418324895873], [8.284711855390444, 49.03433054846791], [8.284708680720856, 49.03433243059122], [8.284651380755058, 49.03436683047786], [8.284647741447877, 49.034369047359775], [8.284517381823415, 49.034449618686345], [8.284354192249978, 49.03454832821028], [8.283579616265499, 49.03396967150449], [8.283529005248193, 49.03392986525174], [8.283527730920234, 49.033928868849685], [8.283378676799353, 49.03381300498646], [8.283224222660174, 49.03369284115732], [8.283223919023394, 49.033692605259034], [8.283169972468473, 49.033650751975564], [8.283003085376675, 49.03351352597763], [8.28286304956406, 49.03337919431868], [8.283022554852986, 49.03326651249651], [8.28318701431339, 49.03315027007586], [8.283208641606262, 49.03313339367271], [8.283227648968305, 49.033115204686354], [8.28324385334977, 49.03309587828799], [8.283257098695895, 49.033075600602615], [8.283257168623518, 49.03307545581757], [8.283270729605839, 49.033069889489504], [8.283297321699486, 49.03305642430281], [8.28332177847007, 49.03304131012878], [8.283680180162932, 49.03279695799107], [8.284274702179067, 49.03242748496878], [8.284302384665729, 49.03241125878566], [8.284386220732216, 49.032462103479475], [8.284394934293895, 49.03246688970391], [8.284403412198415, 49.032471855539434], [8.284407806541246, 49.03247396022996], [8.284411978818317, 49.03247625199711], [8.28442136390201, 49.03248045358966], [8.284430541238034, 49.032484849116564], [8.284435228166448, 49.03248666045921], [8.28443972198547, 49.032488672289595], [8.284449688208053, 49.03249224878652], [8.284459476591485, 49.03249603167262], [8.284464410967205, 49.032497532222884], [8.284469183050241, 49.03249924474136], [8.284479634430165, 49.03250216169835], [8.284489939593405, 49.03250529551229], [8.284495073895624, 49.032506470818966], [8.284500078284148, 49.03250786753272], [8.284510914168095, 49.03251009685757], [8.284521636865636, 49.032512551418584], [8.28452692164719, 49.032513390162585], [8.284532110146195, 49.03251445762047], [8.284543226177279, 49.03251597784321], [8.284554263142732, 49.032517729512314], [8.28455964750814, 49.03251822361604], [8.284564970148484, 49.03251895153761], [8.284576259271644, 49.032519748017435], [8.284587504211947, 49.032520779924894], [8.284592936305955, 49.03252092462974], [8.284598341827248, 49.03252130600468], [8.284609695320558, 49.03252137107097], [8.28462103993944, 49.03252167327881], [8.284626467447247, 49.03252146719117], [8.284631903790737, 49.032521498346576], [8.284643212313151, 49.03252083137267], [8.284654547353485, 49.0325204009704], [8.284659918004268, 49.03251984607507], [8.28466533281454, 49.03251952671087], [8.284676487456805, 49.032518134120174], [8.284687703755042, 49.03251697525288], [8.284692965826178, 49.032516076893835], [8.284698306954601, 49.03251541008574], [8.284709200290052, 49.032513305289825], [8.284720189825686, 49.032511429118166], [8.284725292640024, 49.032510195947175], [8.284730508647861, 49.03250918811702], [8.28474103576619, 49.03250639138656], [8.284751692702983, 49.03250381597926], [8.284756587116958, 49.032502259872594], [8.284761627770738, 49.03250092072645], [8.284771687289533, 49.03249745899566], [8.284781908993667, 49.032494209155736], [8.284786547871013, 49.032492345099705], [8.284791364625912, 49.032490687534455], [8.284800859665623, 49.032486594142064], [8.284810547695615, 49.03248270116766], [8.284814886360916, 49.032480547114396], [8.284819432828707, 49.03247858709346], [8.284828271946484, 49.03247390146136], [8.284837333000457, 49.032469402844505], [8.284841329669966, 49.03246697953885], [8.284845562065225, 49.03246473593858], [8.28485366013494, 49.03245950319253], [8.284862006949844, 49.03245444225775], [8.285038106938439, 49.03233664188865], [8.285041484291138, 49.03233435033606], [8.285242260527793, 49.032196173079576], [8.285244229802132, 49.03219789737081], [8.2865559134458, 49.033355508504414], [8.28653907125138, 49.03336296534188], [8.286526649610105, 49.03336873293], [8.286136254481827, 49.03355868959783]], [[8.286304267652744, 49.03146402638152], [8.286443734754736, 49.031379228409136], [8.286459992034164, 49.031396539689965], [8.286529505356123, 49.03147984596264], [8.286573494493721, 49.03156526866639], [8.28660924730663, 49.0316622748627], [8.286643776658352, 49.03175668342519], [8.286651936197254, 49.03177539119967], [8.286662525128495, 49.031793565028316], [8.286675464146573, 49.031811068794234], [8.286735663830868, 49.031884268948374], [8.286759646288942, 49.03190933195954], [8.286814246155922, 49.03195883208879], [8.286838735808402, 49.03197857609323], [8.28690383576664, 49.03202537623419], [8.2869240301519, 49.03203872593255], [8.286945852183957, 49.03205091801061], [8.287093252383286, 49.03212651827795], [8.287103383148883, 49.03213151861538], [8.28746004985588, 49.032300862366384], [8.287575296073975, 49.03236283188069], [8.28773359984293, 49.0324480802603], [8.287738417523366, 49.03245062714725], [8.287764817557548, 49.03246432719546], [8.287807457718577, 49.03248644808257], [8.287837422634794, 49.03250034676718], [8.28786947844574, 49.03251205606018], [8.287903256633337, 49.032521441349374], [8.287938368878015, 49.03252839473971], [8.28802266922403, 49.032541894799955], [8.288058197433099, 49.032546291281776], [8.288094232950005, 49.0325481973], [8.288130373130267, 49.032547591557595], [8.288166214159887, 49.03254448082285], [8.288210096461835, 49.032539107480076], [8.288452707390633, 49.0326868083195], [8.288537980495622, 49.03275186437458], [8.288557903842621, 49.03277935807002], [8.288580153283254, 49.032833242349525], [8.288665521026637, 49.03322343347051], [8.288233585386395, 49.03347182999526], [8.288182382685031, 49.033493488490414], [8.287687407896122, 49.0336372853418], [8.287686531726989, 49.033636261892816], [8.287645958226635, 49.03358655491408], [8.287628334414835, 49.03356733240618], [8.287601675808716, 49.03354128982058], [8.287941544144907, 49.033311780834545], [8.287970766151787, 49.03328925327211], [8.288170865730066, 49.0331126527986], [8.288189573046042, 49.03309432980981], [8.288205458851735, 49.03307488939135], [8.288218370160523, 49.03305451876627], [8.288228182632492, 49.033033414115856], [8.28823480177176, 49.03301177869023], [8.288238163836398, 49.03298982085094], [8.288238236452148, 49.03296775206428], [8.288235018924027, 49.03294578486477], [8.288228542242873, 49.03292413080829], [8.288218868786702, 49.03290299843469], [8.288206091719829, 49.03288259125958], [8.28819033409551, 49.03286310581417], [8.288171747670736, 49.032844729752824], [8.288150511444652, 49.032827640045724], [8.288126829934619, 49.03281200127473], [8.288100931206575, 49.03279796404834], [8.288073064678628, 49.032785663551316], [8.288043498719057, 49.03277521824284], [8.288012518061839, 49.03276672871575], [8.287980421064596, 49.03276027672783], [8.287947516835368, 49.0327559244144], [8.287914122255868, 49.0327537136901], [8.287880558929894, 49.032753665845085], [8.28784715008627, 49.0327557813401], [8.287814217466147, 49.032760039802014], [8.28778207822462, 49.03276640022006], [8.287751041876508, 49.03277480134068], [8.287721407315695, 49.032785162257476], [8.287693459936747, 49.03279738319032], [8.287667468886486, 49.032811346446245], [8.28764368447204, 49.03282691755287], [8.287622335750267, 49.03284394655331], [8.287435716185353, 49.03300864853969], [8.287197876670822, 49.03316925760049], [8.285792357537414, 49.03192884512199], [8.28579157792193, 49.03192815979029], [8.285718060712544, 49.031863789013414], [8.285956105896812, 49.031702127314674], [8.285956933782915, 49.03170156311086], [8.286304267652744, 49.03146402638152]], [[8.288272243655351, 49.031937132938026], [8.28810834366344, 49.032044832597606], [8.288101878375656, 49.03204919766148], [8.288089012280508, 49.03205812303884], [8.288008598819012, 49.03201481961621], [8.287885106087167, 49.03194841606123], [8.287868814759662, 49.03194018039383], [8.287508951178754, 49.03176931948331], [8.287389184980308, 49.03170789274081], [8.287356559359027, 49.03168443845983], [8.287326601025251, 49.031657278570194], [8.287298379134793, 49.03162296251382], [8.287274222054284, 49.0315569157089], [8.287274081435235, 49.031556532724025], [8.287234680762444, 49.0314496328334], [8.287226235155975, 49.03143047448459], [8.287198033856898, 49.03137571162791], [8.287407726140998, 49.0312966479443], [8.287644456729808, 49.031224550370844], [8.28784325939295, 49.03133256079896], [8.287848340736161, 49.031335268167744], [8.288255641249851, 49.03154806891471], [8.288280421389178, 49.03155986639864], [8.288288257844505, 49.031562935518814], [8.288301941851, 49.03157996015974], [8.288428758028253, 49.031721483177755], [8.288447735260744, 49.03176104535492], [8.288449849557324, 49.03176530468063], [8.288465119781119, 49.03179505887914], [8.28846525335335, 49.031817034002906], [8.28845792444422, 49.03182217298129], [8.28845507333502, 49.03182437986728], [8.288451986793309, 49.0318264452846], [8.288444213786526, 49.03183278564331], [8.288436195213482, 49.03183899237733], [8.288433686804513, 49.03184137239023], [8.288430923008006, 49.03184362678956], [8.288424132561511, 49.031850437587295], [8.288417077811607, 49.03185713123096], [8.288414936260342, 49.03185966145015], [8.288412521826098, 49.03186208312055], [8.288406779336157, 49.03186929876608], [8.28840113555137, 49.03187596683554], [8.288326546269762, 49.031908106128206], [8.288298262870669, 49.031921703848056], [8.288272243655351, 49.031937132938026]], [[8.286790188654507, 49.03089394302802], [8.286789151207424, 49.03089294379927], [8.286784383490675, 49.03088920052053], [8.286773793089404, 49.03088054873069], [8.2867702200273, 49.030878080356665], [8.286767601942502, 49.03087602481904], [8.286762265234744, 49.03087258495727], [8.286754226076592, 49.0308670312757], [8.286611311961497, 49.030776168262584], [8.286625392431217, 49.03076479342096], [8.286644524346022, 49.030745644910056], [8.28672602399587, 49.03065424470182], [8.286742879577204, 49.03063277526371], [8.286846478828476, 49.0304813749826], [8.286851343256732, 49.03047390855228], [8.287043724864647, 49.030163235083585], [8.287075326149761, 49.030112240294066], [8.28708381026799, 49.03010602999217], [8.287316694732592, 49.029988460461595], [8.287389888989239, 49.02995171586858], [8.28742262235419, 49.03001264288839], [8.287431601249512, 49.030058014001085], [8.287424416464525, 49.03010155199636], [8.287408345546705, 49.03013662689651], [8.287400584978213, 49.03015694769576], [8.287395734153277, 49.03017765522408], [8.28738913387945, 49.0302183552035], [8.287387208743048, 49.030241276905514], [8.287388847485383, 49.03026420823224], [8.287415646273082, 49.030443408304926], [8.287416082599629, 49.030446152939994], [8.287452881126935, 49.030664653040596], [8.287457210552278, 49.03068322722578], [8.287463883152776, 49.03070149889257], [8.287495407099987, 49.030774280121676], [8.28710676673914, 49.03089264292269], [8.287080376701713, 49.03090161517457], [8.286872655989495, 49.030979935317774], [8.286807489047332, 49.03091054426738], [8.286791588262156, 49.0308950864324], [8.286790188654507, 49.03089394302802]], [[8.287732984465102, 49.029494497872385], [8.287726427018267, 49.02949002803988], [8.287720167448771, 49.02948537720753], [8.287714783415383, 49.02948209126877], [8.287709683436667, 49.029478614908044], [8.287702491298806, 49.029474589245766], [8.287695568623587, 49.02947036425584], [8.287689720718596, 49.02946744115657], [8.287684127115883, 49.02946431024392], [8.287676369551114, 49.02946076752079], [8.287668850439147, 49.02945700906186], [8.287662594980821, 49.02945447695278], [8.28765656162342, 49.02945172164033], [8.287648313340757, 49.029448695974224], [8.287640270205038, 49.02944544024204], [8.287633667436435, 49.029443323508445], [8.287627252428555, 49.0294409703311], [8.28761859286287, 49.02943849086048], [8.287610103162608, 49.02943576920918], [8.28760321667138, 49.02943408823609], [8.287596481792592, 49.02943215985599], [8.287587494339238, 49.02943025045915], [8.287578639834312, 49.02942808909946], [8.287571535940714, 49.0294268600754], [8.287564546050636, 49.02942537506362], [8.287555317262452, 49.02942405412882], [8.28754618322592, 49.0294224738756], [8.287538930343123, 49.02942170863648], [8.28753175275783, 49.029420681294425], [8.287522371512614, 49.02941996154291], [8.287513045908545, 49.02941897761455], [8.2875057138846, 49.02941868352993], [8.28749841772757, 49.029418123751356], [8.287488974370483, 49.02941801211457], [8.287479547008543, 49.02941763398677], [8.287472206454144, 49.02941781388884], [8.287464861990188, 49.0294177270646], [8.287455447464511, 49.029418224617636], [8.287446009134321, 49.02941845593193], [8.287438730741984, 49.02941910808817], [8.28743140870143, 49.0294194950544], [8.287422113673184, 49.029420597005576], [8.287412755269596, 49.02942143553433], [8.287368755458267, 49.02942683551148], [8.28733763978713, 49.029431653627135], [8.287307344182928, 49.0294383611273], [8.287278133342046, 49.02944689940784], [8.287250262483514, 49.02945719386878], [8.287223975119216, 49.02946915456617], [8.28690127561401, 49.02963115399309], [8.286900538655496, 49.0296315249957], [8.28664223904471, 49.02976192453531], [8.286618179559333, 49.029775271563736], [8.286596088244963, 49.02979001669021], [8.286526688198277, 49.02984081653829], [8.286507949315423, 49.02985578355811], [8.286491240444066, 49.02987175623551], [8.286476685763875, 49.029888615864024], [8.286464393445238, 49.0299062371455], [8.286410292986327, 49.02999353699612], [8.28622018753034, 49.03030052849123], [8.286126671210843, 49.03043719108273], [8.286072169719981, 49.030498312611904], [8.286062390170866, 49.030505438338494], [8.285963093111116, 49.03047027578304], [8.285876714654796, 49.03042306280436], [8.285867137422677, 49.03041801633918], [8.285788619999225, 49.03037814356104], [8.285698054006112, 49.03032884564175], [8.285501819300233, 49.03014717709809], [8.285489787412974, 49.030136700062876], [8.285172786901327, 49.02987680078713], [8.284999599235103, 49.02973481798802], [8.28493598282455, 49.02965539882954], [8.284933849088064, 49.029652777235015], [8.284824948523333, 49.02952107751351], [8.284806053115071, 49.02950084924256], [8.284791918192695, 49.02948878469746], [8.28479319479048, 49.029473182180496], [8.284793221884971, 49.029472846351574], [8.28480368576687, 49.02934128909206], [8.284972469574758, 49.02933580795389], [8.284977228273668, 49.029335631541564], [8.285620331157322, 49.02930883143555], [8.28563671956264, 49.02930788771794], [8.28586574971495, 49.02929103998515], [8.286211949743855, 49.02926837745503], [8.2875889280084, 49.029178378904135], [8.287623118340317, 49.02917498895399], [8.287656613355747, 49.02916934610052], [8.287689070652638, 49.02916150802768], [8.287720158437404, 49.029151554859986], [8.28774955891679, 49.029139588343455], [8.28777697154657, 49.029125730805404], [8.287802116103924, 49.02911012390397], [8.287824735552007, 49.029092927179946], [8.2878445986675, 49.02907431642586], [8.28786150240421, 49.02905448188887], [8.28787527396864, 49.02903362632591], [8.28788577258622, 49.029011962931094], [8.287892890940238, 49.02898971315618], [8.287896556268711, 49.02896710444685], [8.287896731108003, 49.028944367917646], [8.287893413675597, 49.02892173598945], [8.287774856870122, 49.02839399719686], [8.287796966564297, 49.02838131578418], [8.287819973959635, 49.028365249108404], [8.287840475715575, 49.028347776861516], [8.287858274390075, 49.028329067312164], [8.287873198574044, 49.02830930064484], [8.287885104542035, 49.02828866722448], [8.287893877636307, 49.02826736576317], [8.287899433370905, 49.02824560140634], [8.287901718245172, 49.02822358375713], [8.287900710258821, 49.028201524857785], [8.28789641912366, 49.02817963714747], [8.287888886169881, 49.02815813141646], [8.287878183947875, 49.02813721477611], [8.28786441552937, 49.02811708866425], [8.287847713514676, 49.02809794690531], [8.287828238755546, 49.028079973843646], [8.287806178806006, 49.02806334256836], [8.28778174611605, 49.0280482132463], [8.28775517598561, 49.028034731579716], [8.287726724298492, 49.02802302740304], [8.287696665058121, 49.02801321343261], [8.287665287748808, 49.028005384181185], [8.28763289454796, 49.02799961504776], [8.287599797416068, 49.02799596159153], [8.287566315092505, 49.02799445899679], [8.28753277002604, 49.027995121734136], [8.287499485269661, 49.0279979434211], [8.287336926723235, 49.028017096848686], [8.286001788414755, 49.028158615658086], [8.285883816469502, 49.028165099608096], [8.285858024948064, 49.02816716847372], [8.285832546727896, 49.028170519021394], [8.285415513581238, 49.028236286014135], [8.284724748847362, 49.028289231586044], [8.284721891072909, 49.0282667598915], [8.284721742543008, 49.02826562647127], [8.284694112425562, 49.028060839059975], [8.28513165798176, 49.0278790979637], [8.286099456698748, 49.027523991764625], [8.286396414796535, 49.02742603909495], [8.286968937446478, 49.0272457820825], [8.287611832203101, 49.027060745043265], [8.28771407833162, 49.02703313181184], [8.287901762873943, 49.026982475754025], [8.288147350458983, 49.02691854303194], [8.288195480512384, 49.026945651695456], [8.28835608058359, 49.02707183795231], [8.28852233569821, 49.02721412023652], [8.28852377621755, 49.027215344296366], [8.288595272460347, 49.02727566701933], [8.288638890722126, 49.02732785668111], [8.288662214682875, 49.02737913358347], [8.288753045217948, 49.027677192578615], [8.288810791311098, 49.02797221584687], [8.288801381339189, 49.02799902562367], [8.28879642581509, 49.02801614757841], [8.288793501668412, 49.028033470481546], [8.288779700811059, 49.02815967043712], [8.288778961068896, 49.02818225964812], [8.288781672099573, 49.02820478365571], [8.288831324600638, 49.02845600923957], [8.288836140930897, 49.02862834093528], [8.288826467364027, 49.028670135830964], [8.288790188474488, 49.028742122474355], [8.288789489767687, 49.0287431447842], [8.288700328382841, 49.02878169145407], [8.28867072296146, 49.02879604743779], [8.288643633628883, 49.02881241134457], [8.288619373796404, 49.02883059385297], [8.288598224140461, 49.02885038460112], [8.288567324027088, 49.02888288452361], [8.288567255086175, 49.028882965634274], [8.288567174482736, 49.02888304195478], [8.28855906837668, 49.02889259749702], [8.288550950285527, 49.028902148628625], [8.2885508937667, 49.02890223379224], [8.288550824927507, 49.028902314940424], [8.288544182178649, 49.028912346936906], [8.288537526841417, 49.028922375321805], [8.288537483288998, 49.0289224637182], [8.288537426877015, 49.028922548912576], [8.288532311458827, 49.028932960751], [8.288527182972796, 49.02894336981012], [8.288527152806246, 49.02894346058799], [8.288527109364756, 49.02894354900809], [8.288523570542884, 49.028954240416574], [8.288520018300284, 49.02896492990599], [8.288520001810138, 49.02896502219111], [8.288519971757518, 49.028965112985404], [8.288518043613626, 49.02897598100228], [8.28851610182753, 49.02898684797453], [8.288516099172622, 49.02898694087811], [8.288516082798308, 49.02898703317222], [8.288515783903508, 49.02899797313403], [8.288515471276536, 49.029008912933115], [8.288515482482449, 49.02900900556045], [8.288515479944154, 49.02900909846552], [8.288516813179212, 49.02902000501225], [8.288518132724198, 49.02903091228418], [8.288518157683034, 49.02903100374324], [8.288518169005222, 49.02903109636454], [8.288521121532783, 49.0290418644623], [8.288524060543624, 49.02905263416177], [8.28852409901502, 49.02905272357171], [8.28852412408868, 49.029052815017295], [8.288528667477015, 49.02906334096393], [8.288533197650757, 49.02907386937184], [8.288533249264244, 49.02907395587163], [8.288533287847907, 49.02907404526077], [8.28855608759108, 49.029118445323036], [8.28856865789643, 49.02913939855765], [8.288584352772029, 49.02915941978696], [8.288603014761238, 49.029178308146115], [8.288783214318313, 49.02934210857307], [8.28911776465827, 49.02964604541081], [8.289120217483982, 49.029653657108646], [8.289115145149337, 49.03000730730662], [8.288930181340982, 49.03011261287764], [8.288925119770537, 49.030110659283885], [8.288895377055116, 49.030100435227325], [8.288864253557271, 49.030092177382045], [8.288832049010196, 49.030085965274644], [8.288799073557632, 49.0300818587303], [8.28876564476718, 49.03007989729676], [8.288732084572088, 49.030080099863405], [8.288698716171028, 49.03008246447944], [8.288665860915687, 49.03008696837259], [8.288633835216135, 49.03009356816846], [8.288602947493771, 49.030102200308185], [8.288573495211208, 49.030112781660556], [8.28854576200765, 49.03012521032256], [8.288520014967391, 49.03013936660067], [8.288496502047696, 49.03015511416363], [8.288475449690889, 49.030172301355165], [8.288457060643568, 49.03019076265464], [8.288441512004026, 49.03021032027097], [8.288428953516616, 49.03023078585476], [8.28841950612955, 49.030251962312285], [8.288413260829973, 49.03027364570344], [8.288410277767571, 49.03029562720587], [8.28841058567515, 49.030317695125945], [8.288414181591733, 49.03033963693755], [8.288421030890943, 49.03036124132873], [8.288431067614281, 49.030382300236866], [8.288444195106207, 49.030402610852356], [8.288460286944838, 49.03042197757187], [8.28847918815935, 49.03044021388212], [8.288500716722334, 49.03045714415616], [8.28852466530276, 49.03047260534482], [8.288550803262655, 49.03048644854696], [8.288578878878287, 49.030498540443595], [8.288795479423145, 49.03058214076833], [8.288824461243832, 49.03059213298286], [8.288854762770308, 49.03060025804381], [8.288886106568368, 49.03060644155974], [8.288918205660611, 49.03061062691554], [8.288950766154024, 49.03061277579088], [8.288983489930924, 49.03061286851104], [8.289016077378568, 49.0306109042271], [8.289048230132458, 49.03060690092363], [8.289079653808233, 49.030600895254096], [8.289110060697082, 49.03059294220523], [8.289139172400047, 49.03058311459356], [8.289166722377068, 49.03057150239869], [8.28919245838743, 49.03055821193947], [8.28949007213175, 49.03038877107296], [8.289717548251994, 49.03049852710608], [8.289834963260896, 49.030624075793106], [8.289769270091377, 49.0306643859036], [8.289764305450205, 49.03066749404829], [8.28955780549704, 49.030799393625706], [8.28953392558456, 49.03081629645101], [8.289303225311924, 49.03099739593006], [8.289287477665187, 49.03101074612485], [8.289273298730155, 49.03102483604907], [8.289198098435154, 49.031106035858954], [8.289179347418207, 49.031129232942995], [8.28916483841674, 49.03115370961912], [8.289036225731335, 49.03141482127056], [8.288988695608015, 49.031452549661395], [8.288984374357835, 49.03145555406146], [8.288964103130999, 49.031432932310494], [8.288970310677879, 49.0314220895629], [8.288985310499887, 49.03139148952013], [8.288993455130473, 49.03137187923813], [8.288998873311316, 49.03135186546027], [8.289001520771281, 49.031331611728255], [8.289001375880165, 49.03131128354434], [8.288998439825345, 49.03129104701901], [8.288989739555388, 49.031250547043065], [8.288983812350923, 49.03122994461796], [8.288974992694834, 49.031209794743994], [8.288963357264663, 49.031190272595026], [8.288949007216678, 49.03117154788754], [8.288915307054749, 49.03113224797306], [8.288899572884562, 49.031115633471636], [8.288881701273084, 49.031099981498436], [8.288861827598506, 49.031085410616086], [8.28884010240412, 49.03107203119795], [8.28845366546917, 49.030854005852206], [8.288174736168255, 49.0306950002984], [8.288169833335955, 49.03068938811905], [8.288129564561046, 49.0305964199994], [8.288096148060834, 49.030398017493035], [8.28807320974153, 49.03024464594943], [8.288088454987273, 49.030211372105086], [8.288096152260774, 49.03019125581364], [8.288100997929591, 49.03017075872721], [8.288115997318412, 49.03007985868054], [8.288117973422048, 49.03005320198144], [8.288115133072319, 49.030026579063716], [8.288096232433004, 49.0299310791158], [8.288089731511732, 49.029907846046186], [8.288079560083057, 49.02988518959258], [8.288017559426596, 49.0297697897613], [8.28800551170631, 49.02975031581252], [8.287990751015233, 49.029731666779895], [8.287973406363408, 49.02971400565423], [8.287753805799356, 49.029511806176735], [8.287747946195477, 49.02950693522053], [8.287742410014861, 49.029501903335415], [8.287737541704228, 49.02949828620222], [8.287732984465102, 49.029494497872385]], [[8.27999704111856, 49.034566509707155], [8.28003038835117, 49.03456400218382], [8.280063201193666, 49.034559357611826], [8.280095163636464, 49.03455262072147], [8.280125967860199, 49.0345438563935], [8.280155317200364, 49.034533149034225], [8.280182929004434, 49.03452060176253], [8.280208537354076, 49.03450633541686], [8.28023189562614, 49.03449048739128], [8.280252778867798, 49.03447321031238], [8.280270985962975, 49.034454670569254], [8.280286341569148, 49.03443504671107], [8.280298697805945, 49.03441452772746], [8.280307935679199, 49.03439331122846], [8.280313966226819, 49.03437160154131], [8.280316731375393, 49.03434960774269], [8.280316204499318, 49.03432754164515], [8.28031239067705, 49.03430561575726], [8.280305326642027, 49.034284041236994], [8.28029508042875, 49.034263025858216], [8.280281750717412, 49.0342427720097], [8.280265465883419, 49.03422347474607], [8.280246382760959, 49.03420531990931], [8.280224685132497, 49.03418848233913], [8.280200581958804, 49.03417312418912], [8.280174305366511, 49.034159393365236], [8.280146108412616, 49.03414742210146], [8.280116262647436, 49.03413732568629], [8.2800850554995, 49.03412920135255], [8.28007177127711, 49.034126229889466], [8.279735623863202, 49.03387749088651], [8.279948622972956, 49.03377039896048], [8.280298957256887, 49.03402460435482], [8.28032564977565, 49.03404195563004], [8.28035507332406, 49.03405727920939], [8.28038687352065, 49.03407039053223], [8.28053537392262, 49.03412439074531], [8.28056550726168, 49.034134110860606], [8.280596944523078, 49.03414184215605], [8.280629382945529, 49.03414751017414], [8.280662510125536, 49.034151060328], [8.280696007026128, 49.03415245842724], [8.280729551049527, 49.03415169100723], [8.280762819144107, 49.03414876545871], [8.280795490915724, 49.03414370995665], [8.280827251713447, 49.03413657318893], [8.280857795659973, 49.03412742388736], [8.280886828597518, 49.03411635016579], [8.280914070920836, 49.03410345867144], [8.28093926027005, 49.03408887355776], [8.280962154057375, 49.034072735288774], [8.280982531803398, 49.03405519928627], [8.281000197260395, 49.034036434432906], [8.281014980302276, 49.03401662144576], [8.2810267385629, 49.03399595113584], [8.281035358807056, 49.033974622570504], [8.281040758020842, 49.033952841156214], [8.281042884210997, 49.033930816660344], [8.281041716905456, 49.033908761191064], [8.281037267350357, 49.03388688715447], [8.281029578401554, 49.0338654052092], [8.281018724111735, 49.03384452223748], [8.281004809017107, 49.03382443935289], [8.280987967130518, 49.033805349963544], [8.280968360650727, 49.033787437909474], [8.280946178400267, 49.03377087569221], [8.280921634006917, 49.03375582281355], [8.280894963846329, 49.033742424239534], [8.280866424765614, 49.03373080900439], [8.28076767005265, 49.03369489827842], [8.280484954374376, 49.03348975885135], [8.28068465584704, 49.033381560173254], [8.281068149392423, 49.03362961406152], [8.28109237937533, 49.03364386172956], [8.281118557068353, 49.03365653258711], [8.28114644600863, 49.033667512177786], [8.281175794274994, 49.03367670132232], [8.281206336763631, 49.03368401701469], [8.281342637290795, 49.03371191713623], [8.2813751352019, 49.03371743516129], [8.28140829921676, 49.033720832192294], [8.281441809943649, 49.03372207551351], [8.281475344651621, 49.03372115315093], [8.281508580378771, 49.033718073987465], [8.281541197042685, 49.033712867677544], [8.281572880523179, 49.033705584361385], [8.281603325687591, 49.03369629418221], [8.281632239329515, 49.033685086610554], [8.281659342992635, 49.0336720695827], [8.281684375652507, 49.0336573684611], [8.28170709623041, 49.03364112482701], [8.281727285915093, 49.03362349511688], [8.281744750270027, 49.03360464911586], [8.281759321105898, 49.033584768322484], [8.281770858100273, 49.033564044200794], [8.2817792501489, 49.03354267633637], [8.28178441643555, 49.03352087051408], [8.281786307210195, 49.03349883673641], [8.281784904267964, 49.03347678720083], [8.281780221124297, 49.033454934256355], [8.281772302884619, 49.03343348835839], [8.281761225809788, 49.03341265604204], [8.28174709658151, 49.033392637933], [8.281730051274815, 49.03337362681557], [8.281710254047459, 49.033355805775955], [8.281687895558912, 49.03333934643917], [8.281663191134168, 49.03332440731621], [8.281636378690003, 49.033311132277596], [8.281607716443743, 49.03329964916782], [8.28157748042652, 49.033290068574246], [8.281545961825021, 49.0332824827621], [8.281488778427889, 49.03327077760572], [8.281201458167576, 49.03308493211925], [8.281400149845245, 49.03296514103131], [8.28179727641644, 49.033238063821365], [8.281821266528398, 49.03325303002997], [8.281847342786365, 49.03326640284681], [8.281875261396591, 49.03327805724513], [8.28190476134001, 49.0332878842641], [8.281935566812622, 49.033295792027644], [8.28203796719881, 49.033318392125196], [8.28207027204553, 49.03332437964683], [8.28208770405146, 49.03332642488667], [8.282087070855322, 49.03333014619926], [8.28208535888215, 49.03333840675881], [8.28208520577877, 49.03334110730983], [8.282084748800877, 49.033343792982556], [8.282084580913365, 49.033352129149634], [8.282084108594189, 49.03336046026579], [8.282084358802587, 49.033363157680114], [8.28208430438138, 49.03336585987199], [8.282085379985629, 49.03337416671816], [8.28208615187078, 49.03338248815775], [8.28208680298185, 49.03338515645784], [8.282087151641969, 49.033387849145214], [8.28208946038096, 49.033396046670944], [8.282091469038384, 49.033404278293865], [8.282092514782095, 49.033406891782505], [8.28209326316626, 49.03340954903327], [8.282096782807143, 49.03341755829178], [8.282100008893906, 49.033425620822804], [8.282101439199664, 49.03342815433059], [8.282102580101007, 49.033430750553926], [8.282107276749239, 49.033438494411534], [8.282111689197677, 49.03344631020366], [8.282113490291293, 49.033448739331426], [8.282115012722736, 49.03345124952417], [8.282120841148265, 49.033458653402874], [8.282126397465305, 49.03346614718548], [8.282128552001657, 49.033468448539296], [8.282130441301678, 49.03347084852676], [8.282137345374588, 49.0334778411227], [8.282143992050834, 49.03348494072618], [8.282445991166231, 49.03377464145404], [8.282460980198207, 49.03378794226718], [8.282638779906982, 49.033934142673886], [8.282644979525639, 49.033939094012524], [8.282701927517767, 49.03398327626014], [8.28284878166536, 49.034097528303484], [8.282641982555406, 49.0342243607855], [8.282377592804101, 49.03397150418865], [8.282376275264056, 49.03396428469493], [8.282369029267372, 49.03394273628048], [8.282358605882637, 49.03392175861188], [8.282345105496278, 49.03390155371473], [8.282328658127353, 49.033882316172175], [8.282309422175313, 49.033864231251066], [8.282287582894412, 49.033847473117774], [8.282263350609556, 49.03383220316089], [8.28223695869075, 49.033818568436985], [8.282208661305592, 49.033806700254566], [8.282178730971568, 49.03379671290942], [8.282147455931609, 49.03378870258394], [8.282115137378266, 49.03378274642102], [8.28208208655317, 49.03377890178097], [8.282048621749759, 49.03377720568929], [8.282015065248087, 49.03377767448002], [8.281981740211258, 49.033780303638515], [8.281948967573362, 49.03378506784482], [8.281917062948853, 49.03379192121763], [8.28188633359318, 49.033800797756015], [8.281857075443867, 49.033811611975125], [8.281829570270595, 49.033824259729286], [8.2818040829617, 49.033838619215054], [8.281780858973201, 49.03385455214413], [8.281760121964954, 49.0338719050751], [8.281742071646688, 49.033890510891155], [8.281726881854638, 49.0339101904094], [8.28171469887735, 49.03393075410647], [8.28170564004674, 49.03395200394371], [8.281699792608, 49.03397373527429], [8.281697212879239, 49.03399573881417], [8.281697925708952, 49.03401780265744], [8.281703025384708, 49.03406540267088], [8.28170750646522, 49.03408913417719], [8.281715794891186, 49.03411241863541], [8.281727796941906, 49.03413499274372], [8.281743376902327, 49.03415660123256], [8.281762358597506, 49.03417699975138], [8.28213578176048, 49.03453413783396], [8.281981148502297, 49.034630780331966], [8.281690220650974, 49.03438086535375], [8.281689846696656, 49.03437934305517], [8.281682875416134, 49.034357755491484], [8.281672719561417, 49.034336721153714], [8.281659476942512, 49.0343164426132], [8.281643275096094, 49.034297115162396], [8.281624270057156, 49.034278924933986], [8.2816026448562, 49.03426204710853], [8.281578607756503, 49.0342466442273], [8.281552390248391, 49.03423286462704], [8.281524244819877, 49.034220841011475], [8.281494442525078, 49.034210689173264], [8.281463270373902, 49.034202506879], [8.281431028568074, 49.034196372927646], [8.28139802761014, 49.034192346391755], [8.28136458531332, 49.034190466048514], [8.281331023740924, 49.03419075000642], [8.281297666104896, 49.03419319553079], [8.28126483365325, 49.0341977790702], [8.281232842576454, 49.03420445648322], [8.281202000962496, 49.034213163463505], [8.281172605829953, 49.0342238161591], [8.281144940267676, 49.034236311979875], [8.28111927070856, 49.034250530585616], [8.28109584436372, 49.034266335044734], [8.281074886841745, 49.03428357315308], [8.281056599975958, 49.03430207889964], [8.281041159880612, 49.03432167406525], [8.281028715254749, 49.03434216993893], [8.281019385950056, 49.034363369135214], [8.281013261816495, 49.034385067495], [8.281010401836879, 49.034407056051776], [8.281010833558652, 49.03442912304397], [8.28101455282845, 49.03445105595438], [8.281028652449187, 49.034508455993496], [8.28103566325644, 49.034530142526414], [8.281045887849935, 49.03455126975229], [8.281059226850674, 49.03457163231459], [8.28107555060718, 49.034591032288986], [8.2810947004556, 49.03460928110737], [8.281487673674079, 49.0349468594073], [8.28134531465375, 49.03504092842272], [8.28086344048188, 49.0347227362941], [8.280856024067266, 49.03470127479761], [8.280846990284468, 49.034680020330676], [8.280834831496035, 49.034659450403176], [8.280819664800976, 49.03463976311385], [8.280801636265455, 49.03462114806092], [8.280780919515998, 49.034603784516236], [8.280757714067285, 49.034587839698865], [8.280732243400701, 49.03457346716469], [8.28070475281206, 49.034560805327665], [8.280675507049299, 49.034549976126875], [8.28064478776287, 49.03454108385221], [8.280612890793382, 49.03453421414007], [8.280580123322594, 49.034529433148705], [8.280546800915234, 49.03452678692101], [8.28051324448008, 49.03452630094132], [8.2804797771796, 49.03452797988974], [8.280446721317887, 49.03453180759728], [8.280414395236857, 49.03453774720152], [8.280383110250606, 49.034545741501525], [8.28035316764742, 49.03455571350875], [8.280324855788338, 49.03456756718846], [8.28029844733017, 49.034581188384514], [8.280274196599738, 49.034596445918716], [8.280252337144608, 49.03461319285408], [8.280233079483917, 49.03463126790989], [8.280216609080917, 49.0346504970148], [8.280203084556824, 49.03467069498325], [8.280192636163115, 49.03469166729881], [8.28018536452702, 49.03471321198749], [8.280181339682304, 49.03473512156277], [8.28018060039464, 49.034757185023814], [8.280183153788121, 49.03477918988752], [8.280183835500738, 49.03478173504057], [8.279867885189603, 49.03455558990127], [8.279897011798775, 49.03456107259488], [8.279930030161971, 49.034565037825054], [8.279963480652164, 49.03456685603267], [8.27999704111856, 49.034566509707155]], [[8.282395624452858, 49.03295091400036], [8.282371426849116, 49.0329356205803], [8.28234506598803, 49.03292196029939], [8.282316795738124, 49.032910064712226], [8.282286888355559, 49.03290004837854], [8.282255631862245, 49.03289200775991], [8.282233204469357, 49.032887057976424], [8.28168249304753, 49.03250858709165], [8.281487058210265, 49.03231999443251], [8.281426958848401, 49.03226196778191], [8.281197471873217, 49.03203650372919], [8.28117753697386, 49.031986002796], [8.281167521000475, 49.03196493957208], [8.281154413433617, 49.03194462330059], [8.281138340509369, 49.03192524963734], [8.281119457021157, 49.031907005160114], [8.281097944828925, 49.03189006557188], [8.281074011107647, 49.03187459400875], [8.281047886352104, 49.031860739468904], [8.281019822157077, 49.03184863537777], [8.2809900887944, 49.03183839830302], [8.280958972610163, 49.03183012683214], [8.280926773267117, 49.03182390062287], [8.280893800858898, 49.03181977963627], [8.280860372923785, 49.031817803559115], [8.28082681138679, 49.03181799142186], [8.280793439459512, 49.03182034141528], [8.280760578527588, 49.03182483090794], [8.280728545055755, 49.031831416664126], [8.280697647540268, 49.03184003526016], [8.280668183538042, 49.03185060369528], [8.280640436801143, 49.031863020190855], [8.280614674544188, 49.031877165170584], [8.280591144870991, 49.03189290241193], [8.280570074385206, 49.03191008035811], [8.280551666008028, 49.03192853357747], [8.280536097023889, 49.031948084356756], [8.280523517373073, 49.031968544412436], [8.280514048207603, 49.03198971670401], [8.28050778072436, 49.03201139733149], [8.280504775286667, 49.03203337749914], [8.280505060842815, 49.03205544552621], [8.280508634647088, 49.03207738888552], [8.280515462286058, 49.032098996250234], [8.280549961743045, 49.0321863963458], [8.28056163255407, 49.0322103595476], [8.280577301656605, 49.03223331545217], [8.28059677288801, 49.03225497666495], [8.280859272062747, 49.03251287730214], [8.280860816621365, 49.03251438162354], [8.280921716439464, 49.0325731817706], [8.280966486579771, 49.03261638498381], [8.280767533690003, 49.032736332920116], [8.280504630680195, 49.03247794734203], [8.280502357333809, 49.03246577977939], [8.280496635190104, 49.03244403405093], [8.280487699003407, 49.032422761821586], [8.280475634837833, 49.032402167953784], [8.280460558881142, 49.03238245077686], [8.280442616325653, 49.03236380017683], [8.280421979969878, 49.032346395767924], [8.280398848554299, 49.03233040516274], [8.280373444847339, 49.03231598235812], [8.280346013499981, 49.03230326625216], [8.280316818689661, 49.032292379306554], [8.280286141576157, 49.03228342636734], [8.280254277593945, 49.03227649365512], [8.280221533607119, 49.03227164793487], [8.280188224954252, 49.032268935872885], [8.280154672411667, 49.03226838358742], [8.280121199104348, 49.03226999639722], [8.28008812739423, 49.03227375877024], [8.280055775775853, 49.032279634473184], [8.280024455809238, 49.03228756692059], [8.279994469119536, 49.03229747971953], [8.279966104492336, 49.032309277405496], [8.279939635092617, 49.03232284636158], [8.279915315834074, 49.0323380559127], [8.27989338092421, 49.03235475958397], [8.279874041608805, 49.03237279651131], [8.27985748413747, 49.03239199299061], [8.279843867969909, 49.03241216415047], [8.279833324240157, 49.03243311573271], [8.27982595449357, 49.032454645962964], [8.279821829708753, 49.03247654749397], [8.279820989613855, 49.03249860940242], [8.279823442303789, 49.032520619220115], [8.2798356418654, 49.03258591925364], [8.279841016243521, 49.03260663383973], [8.279849307783081, 49.032626928134455], [8.27986044408726, 49.03264662493144], [8.279874327918927, 49.032665552241376], [8.279890838049571, 49.032683544793784], [8.28024851382968, 49.033035079004584], [8.280049304932119, 49.03314301030756], [8.279735383434643, 49.0328684143096], [8.279716585763822, 49.03283164568071], [8.279704343175016, 49.03281109736501], [8.279689096419405, 49.0327914370135], [8.279670992334163, 49.03277285396498], [8.279650205273374, 49.03275552718309], [8.279626935428842, 49.032739623532834], [8.27960140690209, 49.03272529617366], [8.279573865546132, 49.03271268308443], [8.279544576597802, 49.032701905734775], [8.279513822123436, 49.03269306791524], [8.279481898302498, 49.032686254737804], [8.279449112575332, 49.03268153181624], [8.279415780682477, 49.03267894463424], [8.27938222362405, 49.03267851810745], [8.27934876456853, 49.032680256343475], [8.279315725740604, 49.03268414260235], [8.279283425318152, 49.03269013945776], [8.279252174368176, 49.03269818915743], [8.279222273851195, 49.03270821417927], [8.279194011722947, 49.03272011797803], [8.279167660161331, 49.03273378591487], [8.279143472945249, 49.03274908636145], [8.279121683010612, 49.032765871967534], [8.279102500207054, 49.03278398107997], [8.279086109276943, 49.03280323929944], [8.27907266807614, 49.03282346115998], [8.279062306053694, 49.03284445191507], [8.279055123005046, 49.03286600941312], [8.279051188110824, 49.03288792604423], [8.279050539270434, 49.03290999073966], [8.279053182736911, 49.03293199100436], [8.27905909305653, 49.03295371496357], [8.279068213313774, 49.03297495340321], [8.279104612901152, 49.03304615350267], [8.279118071074896, 49.033068459996144], [8.279135067697803, 49.033089696521785], [8.279155409223828, 49.033109621246915], [8.27951359254798, 49.03342293756227], [8.279304377137423, 49.033528126661906], [8.278897159320357, 49.033164306515545], [8.278875962722026, 49.033147195505], [8.278852317456748, 49.03313153297036], [8.278826451241413, 49.03311746974898], [8.278798613181033, 49.03310514127598], [8.278769071369735, 49.03309466627998], [8.278738110308952, 49.03308614563969], [8.278706028167589, 49.033079661412536], [8.27867313391062, 49.033075276044364], [8.278639744323733, 49.033073031768076], [8.27860618096264, 49.03307295019696], [8.278572767056506, 49.0330750321166], [8.278539824395233, 49.03307925747717], [8.278507670230615, 49.03308558558669], [8.278476614221178, 49.033093955502764], [8.278446955450152, 49.03310428661946], [8.27841897954524, 49.03311647944371], [8.278392955927979, 49.03313041655321], [8.278369135219116, 49.033145963727364], [8.278347746825037, 49.0331629712398], [8.278328996728455, 49.03318127530028], [8.278313065504658, 49.03320069963201], [8.278300106582403, 49.03322105716928], [8.278290244766227, 49.03324215185886], [8.27828862197449, 49.03324741426809], [8.278209454132105, 49.03315608399747], [8.278026411159555, 49.032940118349686], [8.277809108578758, 49.032660837977765], [8.277857076879645, 49.03263403077208], [8.277895026447338, 49.032614300508115], [8.277900251456249, 49.03261152875257], [8.27806371416931, 49.03252305949083], [8.278246461556206, 49.03243002101607], [8.278337239984866, 49.032394378920905], [8.278354845989297, 49.03238697739287], [8.278506646296044, 49.032318777142684], [8.278508283107161, 49.032318037166725], [8.278635783358276, 49.03226003695472], [8.278661490344557, 49.03224711911113], [8.278685225831786, 49.03223266178656], [8.27870677739994, 49.03221679436745], [8.278725952174614, 49.03219965885983], [8.278742578553146, 49.03218140861839], [8.278756507740304, 49.032162206974], [8.278767615079875, 49.03214222577194], [8.278775801170173, 49.03212164383392], [8.27878099275353, 49.032100645357716], [8.27878314337179, 49.03207941826871], [8.278782860708835, 49.032072809757906], [8.279326106633231, 49.031968100630685], [8.27933508482202, 49.03196628166739], [8.279577081987512, 49.03191484982443], [8.27996897031011, 49.031835398195504], [8.280007381478045, 49.03182591725916], [8.280062681661995, 49.031809717193894], [8.280089138875717, 49.0318010469661], [8.28011435860154, 49.03179090685419], [8.280154158684509, 49.031773306789326], [8.28017739904533, 49.031762065303646], [8.280199115751389, 49.03174957582536], [8.280219154255061, 49.03173592723688], [8.280259354224425, 49.03170612714837], [8.280284757590413, 49.03168484295045], [8.280306089682343, 49.031661706760474], [8.280335089525373, 49.03162550668432], [8.280348445633962, 49.03160679637052], [8.280359132787584, 49.031587358762515], [8.28036706070956, 49.03156735805969], [8.280372162432124, 49.03154696321792], [8.280374394862013, 49.03152634652242], [8.280373739144377, 49.03150568213227], [8.280370200821945, 49.03148514460924], [8.280350500287144, 49.03140424466389], [8.280339281648674, 49.031372823909486], [8.280316981369678, 49.03132582397074], [8.280289926975849, 49.031268910221016], [8.280289699797141, 49.03126843416564], [8.280271399571044, 49.03123023421586], [8.280259757086654, 49.03120953574319], [8.28024508526148, 49.03118968730619], [8.280227525395937, 49.03117088005504], [8.28020724660312, 49.03115329511261], [8.280184444180094, 49.03113710183014], [8.280159337727024, 49.031122456156375], [8.280132169032294, 49.031109499135766], [8.280129411936986, 49.03110843856682], [8.28013795782972, 49.03110396580996], [8.280162042107577, 49.0310885958506], [8.280183719284148, 49.03107174764024], [8.280202780597067, 49.03105358343772], [8.280219042476983, 49.0310342781756], [8.280232348315385, 49.0310140177753], [8.280242569972735, 49.0309929973566], [8.280249609012413, 49.030971419358465], [8.28025334375163, 49.030949803532764], [8.280274321702974, 49.03096161095823], [8.28030183511428, 49.03097424948502], [8.280331100003915, 49.03098505387364], [8.280361834532755, 49.03099392007072], [8.280393742707561, 49.03100076268886], [8.280426517231673, 49.031005515829044], [8.280459842464571, 49.03100813371536], [8.280493397461825, 49.031008591135745], [8.280526859066121, 49.0310068836849], [8.280559905019613, 49.03100302780677], [8.280592217067607, 49.03099706063597], [8.280623484023689, 49.030989039640346], [8.280653404766756, 49.03097904206745], [8.280681691141105, 49.0309671642005], [8.280708070731627, 49.030953520431105], [8.280732289487393, 49.030938242157596], [8.281305867263194, 49.030539056269035], [8.28144814564726, 49.03044007218998], [8.281613657422367, 49.030510789071876], [8.281642144688625, 49.030526199546024], [8.28083452483912, 49.0310750214493], [8.280812397794977, 49.03109161487988], [8.280792850773866, 49.03110955451665], [8.280776072025654, 49.031128667592455], [8.280762223141009, 49.031148770039195], [8.28075143749511, 49.03116966826037], [8.280743818963053, 49.03119116099557], [8.280739440919358, 49.031213041258646], [8.280738345531171, 49.0312350983311], [8.280740543352023, 49.03125711979138], [8.280746013220014, 49.03127889356063], [8.280754702461454, 49.03130020994507], [8.280766527397983, 49.03132086365562], [8.28078137415229, 49.03134065578482], [8.280799099744687, 49.03135939572253], [8.280819533469984, 49.03137690299165], [8.280842478541388, 49.03139300898625], [8.280867713985634, 49.031407558595355], [8.280894996771064, 49.0314204116969], [8.280924064148168, 49.0314314445071], [8.280954636180065, 49.03144055077278], [8.280986418438532, 49.0314476427945], [8.281019104839608, 49.03145265227135], [8.281052380591495, 49.031455530958674], [8.28108592522632, 49.03145625113276], [8.281119415686566, 49.031454805857834], [8.281152529436481, 49.03145120905284], [8.281184947568416, 49.031445495357424], [8.281216357874259, 49.031437719798255], [8.281246457852303, 49.031427957259176], [8.281274957620628, 49.031416301759855], [8.281301582708936, 49.03140286555042], [8.281326076701916, 49.03138777803025], [8.28216075231839, 49.03082056653614], [8.282324645250611, 49.030918705100646], [8.281508487360021, 49.031499130368616], [8.281486938688227, 49.031516049807564], [8.281468015872507, 49.03153427659447], [8.28145190115148, 49.031553635196744], [8.281438749721033, 49.03157393918166], [8.281428688239629, 49.03159499301181], [8.281421813608382, 49.031616593928085], [8.281418192037723, 49.03163853390249], [8.2814178584096, 49.03166060164136], [8.281420815941388, 49.03168258462038], [8.281427036154723, 49.031704271131204], [8.281436459149619, 49.03172545232038], [8.281448994181162, 49.031745924200756], [8.28146452053331, 49.03176548961591], [8.281482888681314, 49.031783960139094], [8.281503921731645, 49.03180115788777], [8.28152741712549, 49.031816917236824], [8.281553148589483, 49.03183108641373], [8.281580868314826, 49.03184352896012], [8.281610309343856, 49.031854125046166], [8.281641188141048, 49.03186277262456], [8.281673207323713, 49.03186938841335], [8.28170605852607, 49.03187390869806], [8.281739425369102, 49.03187628994527], [8.281772986507631, 49.03187650922195], [8.281806418725196, 49.03187456441632], [8.281839400046977, 49.031870474258135], [8.28187161284075, 49.03186427813833], [8.281902746876021, 49.03185603572969], [8.281932502311852, 49.03184582641211], [8.281960592584614, 49.03183374850801], [8.281986747167851, 49.03181991833552], [8.282010714177666, 49.03180446908813], [8.282825089488073, 49.03122530746924], [8.282993958800668, 49.03133113999831], [8.28218418492025, 49.03190306368508], [8.282162547748655, 49.03191993431778], [8.28214352960445, 49.031938118225916], [8.282127313644299, 49.031957440289794], [8.28211405603905, 49.031977714428635], [8.282103884469663, 49.031998745392436], [8.28209689689744, 49.03202033064234], [8.282093160620493, 49.032042262301175], [8.282092711625436, 49.032064329155446], [8.282095554240696, 49.032086318689316], [8.282101661094623, 49.03210801913135], [8.282110973378954, 49.03212922149392], [8.282123401414994, 49.03214972158595], [8.282138825517144, 49.03216932197942], [8.282157097145408, 49.03218783391063], [8.282178040335818, 49.032205079098304], [8.282201453394993, 49.03222089146048], [8.282227110842525, 49.03223511871405], [8.282254765582463, 49.03224762384136], [8.282284151283015, 49.03225828640987], [8.282314984941527, 49.032267003732045], [8.282346969610042, 49.03227369185422], [8.282379797255185, 49.03227828636532], [8.282413151724825, 49.03228074301706], [8.282446711792945, 49.03228103815024], [8.282480154253399, 49.032279168922486], [8.282513157032714, 49.03227515333572], [8.282545402292014, 49.03226903006269], [8.28257657948812, 49.032260858074665], [8.282606388364416, 49.03225071607326], [8.282634541842587, 49.03223870173264], [8.282660768787448, 49.0322249307588], [8.282684816618188, 49.0322095357751], [8.283495493809497, 49.03163697012465], [8.283642246863272, 49.03172402751406], [8.282837565747116, 49.03229587177271], [8.28281600759654, 49.03231278618112], [8.282797074638411, 49.03233100855022], [8.282780949209018, 49.032350363390016], [8.282767786607376, 49.032370664303976], [8.282757713599528, 49.032391715784264], [8.282750827197592, 49.03241331509444], [8.28274719372536, 49.03243525422194], [8.282746848179393, 49.032457321881274], [8.282749793891846, 49.032479305548904], [8.28275600249818, 49.032500993509835], [8.282765414210193, 49.03252217689666], [8.282777938391632, 49.03254265170104], [8.28279345443095, 49.03256222073844], [8.28281181290272, 49.032580695547196], [8.2828328370066, 49.032597898203505], [8.282856324269943, 49.032613663034994], [8.282882048497688, 49.0326278382163], [8.282909761950725, 49.032640287231295], [8.2829391977318, 49.0326508901878], [8.28294268714644, 49.03265186834164], [8.282829423070972, 49.03272908934907], [8.282807337117468, 49.03274570685349], [8.282787834660532, 49.03276366775228], [8.282771103520869, 49.03278279907348], [8.282757304830662, 49.03280291657329], [8.282755382084002, 49.03280666232977], [8.2827364451704, 49.03281475043689], [8.282710226156798, 49.032828528192795], [8.282686187225046, 49.0328439293839], [8.282521816928748, 49.03296010798503], [8.28245467942504, 49.033007536654814], [8.282453024765807, 49.03300505027777], [8.282436620821045, 49.03298579681804], [8.282417425763251, 49.032967693277], [8.282395624452858, 49.03295091400036]], [[8.285105995585802, 49.031632871407574], [8.28508409250301, 49.03164926841384], [8.285064709727111, 49.03166698423703], [8.285053148300872, 49.031680062153285], [8.285037431428234, 49.031687902518144], [8.285011017365779, 49.03170425012368], [8.284605581759863, 49.031983275558765], [8.284542748514998, 49.03194516865405], [8.284382110769974, 49.03184038708881], [8.284389395289462, 49.031828493556944], [8.28439830892657, 49.03180902415985], [8.284412508697189, 49.031772024118304], [8.28441899790271, 49.03175089186854], [8.28442237981993, 49.03172944814045], [8.28442262337137, 49.031707890012505], [8.284419726322733, 49.031686415614246], [8.284413715303286, 49.03166522230549], [8.284397415016999, 49.03161992235075], [8.284387807967853, 49.0315981756103], [8.284374923423677, 49.03157717445169], [8.284358892044349, 49.03155713183737], [8.284339876399704, 49.031538251009366], [8.284318069320868, 49.03152072342846], [8.284293691944765, 49.03150472683259], [8.283707167062586, 49.03115678932076], [8.283045654928541, 49.030742213742], [8.28304217801568, 49.030740083772905], [8.283041874382349, 49.03073988011721], [8.283041589529738, 49.03073972326434], [8.28303996566158, 49.030738728476976], [8.28237596601058, 49.030341129792355], [8.282362973940284, 49.030333734077615], [8.282290346495323, 49.030294445720024], [8.282575629038515, 49.030053254158766], [8.285017754469942, 49.03144024254006], [8.285217115066466, 49.03155740830003], [8.285105995585802, 49.031632871407574]], [[8.282098991640106, 49.02923563704828], [8.282383755428427, 49.02909733575361], [8.284045565341849, 49.02834557852625], [8.28407260695723, 49.028558239187255], [8.284073152527732, 49.028562123599706], [8.284088462212635, 49.02866168912074], [8.284135718463142, 49.0291283037498], [8.284126364814616, 49.02924588236127], [8.283970426657106, 49.02923514189754], [8.283932898000936, 49.0292339217859], [8.28300226423747, 49.029237321564004], [8.282888242572684, 49.02923771038869], [8.282623559306836, 49.02923533920784], [8.282622479378688, 49.02923533470356], [8.282622353611183, 49.02923532980307], [8.282622206874903, 49.029235333566966], [8.282618578887185, 49.02923531843496], [8.282098991640106, 49.02923563704828]], [[8.281733266503421, 49.03002683816347], [8.281657966722078, 49.030001238266124], [8.281625871334253, 49.02999167065132], [8.2815924490691, 49.02998432560075], [8.281558054786451, 49.02997928110013], [8.281462955195883, 49.029968681148766], [8.281460260233645, 49.02996846958238], [8.281457600850635, 49.02996811302511], [8.281443603245489, 49.02996716193555], [8.281429630338232, 49.02996606500088], [8.281426916816615, 49.02996602814958], [8.281424217090956, 49.02996584471242], [8.28141014511903, 49.02996580037957], [8.281396075984643, 49.02996560931204], [8.28139337003607, 49.029965747530746], [8.281390655967169, 49.029965738980245], [8.281376645147017, 49.029966601830964], [8.281362615277533, 49.02996731847073], [8.281359942961409, 49.029967630428345], [8.28135724068689, 49.02996779684683], [8.281343425947622, 49.02996955857155], [8.281329570457501, 49.02997117601703], [8.281326957509696, 49.029971658709215], [8.281324293053256, 49.02997199849404], [8.281310807436766, 49.029974642126646], [8.281297259760132, 49.02997714480107], [8.28129473134423, 49.02997779357933], [8.281292130365943, 49.02997830345821], [8.281188130755364, 49.03000240335846], [8.281158061984359, 49.03001044525233], [8.281129288156263, 49.03002032550116], [8.281102068496802, 49.0300319550932], [8.281076648230588, 49.03004522925682], [8.281053256371926, 49.03006002840419], [8.281036428197853, 49.030071735818076], [8.280912157515532, 49.02999920857517], [8.281415691638852, 49.029750539895254], [8.281466334098932, 49.02972661063711], [8.281503868113154, 49.0297144120708], [8.281601433995016, 49.029693111524765], [8.2816690157434, 49.02968566418665], [8.28215775415123, 49.029685364516], [8.282120417841037, 49.029709134184984], [8.282088347394366, 49.02973263712021], [8.28173815333102, 49.030028706690636], [8.281733266503421, 49.03002683816347]], [[8.280235112052226, 49.03062935731], [8.28021328732681, 49.03064612285051], [8.280194066801728, 49.03066421429649], [8.280177635582614, 49.03068345741875], [8.28016415191333, 49.03070366689675], [8.280155642271893, 49.03072082411934], [8.280080354576222, 49.03062977699067], [8.28005600014979, 49.030604493607505], [8.279934533121192, 49.03049522416459], [8.280306718486122, 49.030297385918644], [8.280358143815517, 49.03027212289327], [8.28036277434939, 49.030275884671305], [8.28038134216191, 49.0302897614866], [8.280401580336624, 49.030302588758246], [8.28056641140442, 49.03039878853311], [8.280235112052226, 49.03062935731]], [[8.28222099408373, 49.03603273729484], [8.282251818886461, 49.03602400289775], [8.28228119312952, 49.03601332405839], [8.28230883392055, 49.03600080362103], [8.282334475062042, 49.03598656216566], [8.282357869615023, 49.03597073684665], [8.28237879227726, 49.0359534800719], [8.282397041553013, 49.03593495803498], [8.282412441693534, 49.03591534911453], [8.282424844389544, 49.03589484215633], [8.282434130199444, 49.0358736346546], [8.282440209699478, 49.03585193084994], [8.282443024344794, 49.03582993976238], [8.282442547033101, 49.03580787317837], [8.28243878236553, 49.03578594361116], [8.282431766602132, 49.03576436225417], [8.282421567312529, 49.035743336947114], [8.282408282725026, 49.03572307017439], [8.28239204078047, 49.035703757115044], [8.282372997900008, 49.035685583763254], [8.28235133747857, 49.03566872513699], [8.282327268118609, 49.03565334359265], [8.282301021621132, 49.035639587261485], [8.282272850753312, 49.0356275886231], [8.282243026814259, 49.03561746322964], [8.282211837022315, 49.03560930859303], [8.28217958174908, 49.03560320324587], [8.282165280119033, 49.03560098945673], [8.281822299835992, 49.03536339824474], [8.281946669828924, 49.03528121563114], [8.282381625352905, 49.03555511063838], [8.282406896898177, 49.03556953372788], [8.282434191215467, 49.03558226402929], [8.28246324702186, 49.03559317967737], [8.28249378617139, 49.03560217617818], [8.282525516317744, 49.03560916740947], [8.282644916792716, 49.03563126750679], [8.282677633649733, 49.03563619816137], [8.282710928023295, 49.03563899662142], [8.282744479266182, 49.03563963593588], [8.28277796425724, 49.03563810994766], [8.282811060513389, 49.03563443335304], [8.282843449295463, 49.035628641560095], [8.282874818678021, 49.03562079034766], [8.282904866553487, 49.035610955328124], [8.282933303541746, 49.035599231219244], [8.282959855777134, 49.03558573093181], [8.282984267545983, 49.0355705844824], [8.283006303749332, 49.03555393774096], [8.283025752167065, 49.03553595102617], [8.283042425501689, 49.03551679756124], [8.283056163182055, 49.03549666180575], [8.283066832909661, 49.03547573767913], [8.283074331932651, 49.03545422669297], [8.283078588035243, 49.03543233601052], [8.283079560233043, 49.035410276451366], [8.283077239167598, 49.03538826046122], [8.283071647196353, 49.03536650006595], [8.28306283817717, 49.035345204829596], [8.283050896949488, 49.03532457983622], [8.283035938517125, 49.03530482371486], [8.283018106940613, 49.03528612672666], [8.282997573949704, 49.03526866893256], [8.282974537289453, 49.03525261845927], [8.282949218815768, 49.035238129880234], [8.282921862358828, 49.035225342726974], [8.282892731374863, 49.03521438014542], [8.282862106408997, 49.03520534770998], [8.282830282393522, 49.03519833240689], [8.282793092681976, 49.03519144890234], [8.282436360239991, 49.034966812682], [8.28262924135898, 49.03484626539794], [8.283030069634863, 49.03512453672874], [8.28305433813127, 49.03513980743264], [8.28308076789484, 49.03515343924825], [8.283109103989624, 49.03516530068509], [8.283139073090878, 49.035175277329394], [8.283170386121538, 49.03518327294776], [8.28327548651914, 49.035206273047166], [8.283307815605028, 49.035212206628024], [8.283340873582734, 49.035216028157215], [8.283374342081785, 49.03521770083082], [8.283407898777941, 49.035217208539855], [8.283441220497528, 49.03521455602541], [8.283473986329932, 49.03520976883294], [8.283505880718323, 49.035202893066305], [8.283536596498777, 49.03519399494376], [8.283565837858577, 49.035183160160074], [8.283593323185166, 49.03517049306137], [8.283618787778305, 49.03515611564007], [8.28364198639936, 49.03514016635994], [8.283662695633085, 49.035122798822755], [8.28368071603925, 49.035104180288734], [8.28369587407331, 49.035084490065834], [8.283708023757658, 49.03506391778284], [8.283717048087386, 49.03504266156304], [8.283722860156972, 49.03502092611619], [8.28372540399709, 49.034998920767066], [8.283724655113465, 49.0349768574394], [8.283720620722606, 49.034954948615095], [8.283713339682135, 49.034933405287774], [8.28370288211641, 49.03491243493086], [8.28368934874103, 49.03489223949954], [8.283672869892756, 49.03487301348583], [8.28365360427419, 49.03485494204553], [8.283631737425283, 49.03483819921519], [8.28360747993643, 49.034822946236], [8.283581065420346, 49.03480933000107], [8.283552748262254, 49.034797481640815], [8.283522801170053, 49.03478751526011], [8.283491512548053, 49.03477952683952], [8.283467768296585, 49.03477433067952], [8.283130207078953, 49.03453998326997], [8.283295815750765, 49.03443841283743], [8.284042952136193, 49.03499657475678], [8.284064106837766, 49.03501235424433], [8.284346839956354, 49.03523655342266], [8.284372918715668, 49.03526613549229], [8.284598901748268, 49.035573792504664], [8.284765079747547, 49.03584213649599], [8.284267836139334, 49.03616008579348], [8.284255243811906, 49.03616857356944], [8.284176630022584, 49.036224435887355], [8.283681323318563, 49.03586597949613], [8.283672338985637, 49.035849948247424], [8.283659202383141, 49.03582963980776], [8.28364310149276, 49.03581027574348], [8.28362419137725, 49.03579204253988], [8.283602654152972, 49.03577511579141], [8.28357869723597, 49.03575965851048], [8.283552551344403, 49.03574581955775], [8.2835244682766, 49.03573373220851], [8.283494718486141, 49.03572351286923], [8.283463588477312, 49.03571525995659], [8.283431378046002, 49.0357090529496], [8.283398397392624, 49.03570495162437], [8.28336496413486, 49.03570299547838], [8.28333140024898, 49.035703203350096], [8.283298028969202, 49.0357055732376], [8.283265171674932, 49.0357100823179], [8.283233144795874, 49.03571668716659], [8.283202256764792, 49.035725324176184], [8.283172805047268, 49.03573591016857], [8.283145073277067, 49.03574834319605], [8.283119328524677, 49.035762503523024], [8.283095818725338, 49.03577825477925], [8.283074770291318, 49.03579544527295], [8.283056385931445, 49.035813909451626], [8.283040842698863, 49.035833469496474], [8.283028290285865, 49.035853937034716], [8.283018849582158, 49.03587511495379], [8.283012611510529, 49.03589679929956], [8.283009636151057, 49.03591878124043], [8.28300995216236, 49.03594084907857], [8.283013556505429, 49.03596279028863], [8.283020414472727, 49.03598439356448], [8.283030460022283, 49.03600545085423], [8.28306245970286, 49.036062550940976], [8.283075289105241, 49.036082441750864], [8.283090962503936, 49.03610143129261], [8.283109335229813, 49.036119344284465], [8.283130237697245, 49.03613601538154], [8.283739577381208, 49.03657700177319], [8.283600713491015, 49.0367148440589], [8.283330739047548, 49.0365117642363], [8.282958834835773, 49.03622690292533], [8.282953849631516, 49.03620961371444], [8.282945986991574, 49.03618815891332], [8.282934963743367, 49.03616731412515], [8.282920886050231, 49.0361472800958], [8.282903889490893, 49.03612824976285], [8.282884137753658, 49.036110406397576], [8.282861821059923, 49.036093921840006], [8.282837154332183, 49.03607895484403], [8.282810375124189, 49.03606564954858], [8.2827817413332, 49.03605413408959], [8.282751528716316, 49.03604451936588], [8.28272002823488, 49.036036897971435], [8.282687543252456, 49.03603134330349], [8.282654386613395, 49.03602790885584], [8.282620877630125, 49.03602662770362], [8.28258733900815, 49.03602751218483], [8.282554093738398, 49.036030553781565], [8.282521461986791, 49.036035723201906], [8.282489758011048, 49.03604297066218], [8.282459287134351, 49.03605222636624], [8.282430342805059, 49.03606340117763], [8.282403203770736, 49.03607638747806], [8.282378131393749, 49.03609106020371], [8.282355367134258, 49.03610727804959], [8.282335130224848, 49.03612488483043], [8.282317615559174, 49.036143710984646], [8.282302991815, 49.036163575207375], [8.282295387903442, 49.036177160846414], [8.282266004958085, 49.03615214605644], [8.282235889157084, 49.03612975679472], [8.282108188610657, 49.03604666788878], [8.282122837534962, 49.03604653095607], [8.282156191361382, 49.03604405582652], [8.282189015584036, 49.03603944313167], [8.28222099408373, 49.03603273729484]], [[8.2855688576328, 49.028860310770156], [8.284936350303536, 49.028886669338036], [8.284797189494412, 49.02889118849437], [8.284781640807088, 49.02873767937583], [8.285514995857772, 49.02868146931378], [8.285555152150199, 49.02867678120939], [8.285966732632732, 49.02861187419318], [8.286071784360479, 49.02860610034807], [8.286097718384218, 49.02860401637553], [8.287106626732957, 49.02849707658454], [8.287164374511843, 49.028754149347904], [8.28614427840765, 49.02882082070713], [8.285795924119435, 49.028843624265185], [8.285791779743443, 49.02884391233319], [8.2855688576328, 49.028860310770156]], [[8.284178847157849, 49.02970954991233], [8.284188059780195, 49.02971607957806], [8.284214242092895, 49.02973608122787], [8.284241367851608, 49.02975686530143], [8.284331869588321, 49.02986631580992], [8.284409715474448, 49.029963500572244], [8.28442631137024, 49.029982015556676], [8.284445519350589, 49.02999940424408], [8.28463921528365, 49.03015820160868], [8.28494996251725, 49.0304129762849], [8.285166478666447, 49.03061342274829], [8.285184795076178, 49.03062890260344], [8.285205093090143, 49.03064327413934], [8.285227218307368, 49.0306564280348], [8.285356918443783, 49.030727028278484], [8.285365960966786, 49.0307317831199], [8.285444203590801, 49.03077151652698], [8.285552183943803, 49.03083053698146], [8.285579461308851, 49.03084399272847], [8.285608640921183, 49.03085559541541], [8.285932740585443, 49.03097036432417], [8.286018753316707, 49.03102505047656], [8.2858325133946, 49.031138286345794], [8.285818167831923, 49.03114753711628], [8.285692431919577, 49.031233525575324], [8.285471410324284, 49.03110363017638], [8.285467045091519, 49.031101108221534], [8.282977464844523, 49.029687175514276], [8.283005873743486, 49.02968707863884], [8.283917886464844, 49.0296837470156], [8.284104970961808, 49.02969663274272], [8.284178847157849, 49.02970954991233]], [[8.283240668697243, 49.0371274420491], [8.283237151988034, 49.037132298587], [8.283097611393623, 49.03701983082959], [8.283240668697243, 49.0371274420491]], [[8.278463380904288, 49.04412210783769], [8.278578128222868, 49.04410555384608], [8.278620466239978, 49.044099433915214], [8.278652860683641, 49.0440936425609], [8.278684235618107, 49.04408579177745], [8.278714288882334, 49.04407595717313], [8.278742731044305, 49.04406423346168], [8.278769288188533, 49.044050733550094], [8.278793704554074, 49.044035587451305], [8.278815744997694, 49.044018941031915], [8.278835197258443, 49.04400095460746], [8.278836198136979, 49.043999805100306], [8.2788426, 49.04399910000001], [8.2788956, 49.04398379999999], [8.2789472, 49.0439562], [8.278955248909995, 49.04394847219014], [8.27896978068278, 49.043947112025144], [8.279002392510064, 49.04394187463351], [8.279034066382245, 49.043934561131735], [8.279064497259201, 49.04392524195369], [8.279093392072127, 49.04391400684925], [8.279120472546055, 49.043900964019834], [8.279145477879876, 49.04388623907636], [8.279168167258046, 49.04386997382949], [8.27918832216979, 49.043852324923876], [8.279216320868366, 49.04382512319286], [8.279257281214289, 49.043785419090604], [8.279397435077941, 49.04367090692491], [8.27951534817219, 49.04359210541165], [8.28001869024737, 49.043321701524285], [8.280496610280101, 49.043068392709124], [8.280704620882696, 49.042977874455914], [8.28097372601669, 49.042875202955024], [8.281092878227573, 49.04283740142778], [8.281096456650191, 49.04284290980469], [8.281117524702587, 49.042880587955196], [8.281123113384028, 49.04288924524249], [8.28112851037637, 49.04289795493619], [8.281183004297302, 49.04297486240359], [8.281214038194275, 49.043099674369465], [8.281220078560265, 49.043167526959365], [8.281176465244792, 49.04320826078303], [8.28106736938367, 49.04331014650984], [8.280775117022186, 49.04346203137135], [8.279704120926015, 49.04394745881016], [8.279694619752519, 49.04395192432308], [8.27950762006514, 49.04404302399733], [8.279486106278876, 49.0440544174713], [8.279466061186403, 49.04406691499997], [8.279315161166222, 49.04416891468191], [8.279296549826727, 49.04418256654411], [8.279279691819394, 49.04419716956139], [8.27917829154744, 49.044292869315555], [8.279161471305597, 49.044310417428356], [8.27914718204082, 49.0443289096401], [8.279135545310021, 49.04434818864364], [8.279126660106256, 49.04436809043866], [8.279073059204608, 49.04451249028136], [8.279068125800986, 49.04452819162098], [8.279040825107767, 49.0446339915386], [8.27903643990814, 49.04466029306304], [8.278976356533542, 49.04544479591129], [8.278945970050039, 49.045516173747394], [8.278905732670692, 49.045578195874164], [8.27883856797502, 49.04563293649059], [8.278750021084432, 49.04567657554676], [8.278280475182013, 49.04585349724478], [8.278256639213277, 49.045863356682595], [8.278234117671763, 49.04587447148167], [8.278129317797601, 49.04593077128734], [8.278119751239094, 49.04593610581933], [8.278060651286644, 49.04597030570477], [8.2780387365586, 49.045984171503505], [8.27801878204432, 49.0459992620608], [8.277914781878653, 49.04608536182062], [8.27789662694968, 49.04610187629644], [8.277880820436948, 49.04611940316266], [8.277867492101056, 49.04613779853858], [8.277856751359254, 49.04615691141357], [8.277808750780837, 49.046255911276404], [8.277800141015495, 49.046277231207625], [8.277794750184764, 49.04629900305098], [8.27778036262669, 49.046382878205335], [8.277604303449156, 49.04639519776323], [8.277631310042615, 49.0463395696428], [8.277633518164537, 49.04633484251258], [8.277733616831181, 49.0461118422241], [8.27773835081161, 49.04610014468623], [8.277819249405821, 49.045876144448215], [8.277821544415, 49.045869319486435], [8.277864943520818, 49.04573001935724], [8.277867575134126, 49.0457205445092], [8.277898174309236, 49.045595244416525], [8.2779004616043, 49.0455841062017], [8.277926760543513, 49.04542640611984], [8.277928257284419, 49.04541453671703], [8.277946655818365, 49.0451996366561], [8.27794703807014, 49.04519383955835], [8.277964635466727, 49.044813639494365], [8.277964398914309, 49.04480531199457], [8.277964467558515, 49.0447969831699], [8.277935764603049, 49.044365183240195], [8.27793484631299, 49.044358693930945], [8.277934325653655, 49.044352185602534], [8.277931001183106, 49.04433075558398], [8.278314636221683, 49.044161093654466], [8.278463380904288, 49.04412210783769]], [[8.291379566843586, 49.037219801862896], [8.291379562294754, 49.03721980611731], [8.291379557133833, 49.03721981005826], [8.291130275280969, 49.03743022047235], [8.29000944600017, 49.0369233075535], [8.290400688416277, 49.03665215423177], [8.291390099366991, 49.03721091243318], [8.291379566843586, 49.037219801862896]], [[8.291817036170666, 49.03685911573227], [8.290867081170962, 49.03632264254327], [8.291173834551417, 49.03611181938684], [8.29190622050992, 49.03678724025049], [8.291817036170666, 49.03685911573227]], [[8.29239272522412, 49.036285437070205], [8.292406975705635, 49.03630929608643], [8.29242526320359, 49.03633193388933], [8.29244793168824, 49.03635650330407], [8.292356150710575, 49.03642739730105], [8.291658853921247, 49.03578434261118], [8.292030370784039, 49.03553980143461], [8.292221099732792, 49.03594159974992], [8.292222627214755, 49.035944736604485], [8.29239272522412, 49.036285437070205]], [[8.29308176377899, 49.03465167397142], [8.293270320361952, 49.03474562877502], [8.293298033687053, 49.03475807907874], [8.29332746961239, 49.03476868340251], [8.29335834465159, 49.03477733961969], [8.293390361458163, 49.034783964365126], [8.293423211689204, 49.03478849383806], [8.293456578975062, 49.03479088441662], [8.293490141966284, 49.0347911130779], [8.293523577428571, 49.03478917761972], [8.293556563355853, 49.034785096681816], [8.29358878207155, 49.034778909566356], [8.293619923288135, 49.034770675859384], [8.293649687095506, 49.034760474856995], [8.29367778684941, 49.034748404801526], [8.293703951932079, 49.03473458193553], [8.293727930358497, 49.03471913938213], [8.293749491203188, 49.03470222586297], [8.293768426824165, 49.03468400426591], [8.293784554862595, 49.034664650076216], [8.293797719998974, 49.034644349686495], [8.293807795448824, 49.03462329860166], [8.293814684183616, 49.034601699555964], [8.293818319865034, 49.03457976056064], [8.293818667483725, 49.03455769290053], [8.29381572369628, 49.03453570909931], [8.293809516857275, 49.03451402087276], [8.293800106746025, 49.0344928370899], [8.29378758399073, 49.03447236176134], [8.293772069195532, 49.03445279207476], [8.293753711778905, 49.034434316495776], [8.293732688534588, 49.034417112953015], [8.293709201928879, 49.03440134712463], [8.293683478150752, 49.03438717084272], [8.293548237743517, 49.03431978295858], [8.293612432755728, 49.03427444413116], [8.293982800115998, 49.03449871813691], [8.294013433658582, 49.03451521866922], [8.294046762681466, 49.0345292804337], [8.294424863684691, 49.034669180983265], [8.29443671583453, 49.03467307583177], [8.294448442960093, 49.034677130988], [8.294451721612322, 49.03467800702417], [8.294454887273973, 49.03467904732257], [8.29446726298204, 49.034682159584726], [8.294479538165772, 49.034685439440025], [8.29448293162644, 49.03468609995959], [8.294486237128561, 49.034686931232365], [8.294499017209287, 49.03468923093509], [8.294511722232699, 49.03469170390218], [8.294515197820713, 49.034692142543946], [8.294518611328995, 49.03469275678532], [8.294531672700797, 49.03469422178074], [8.294544685207077, 49.034695864043485], [8.294548209450438, 49.03469607658304], [8.294551698090295, 49.034696467877424], [8.294564914963374, 49.03469708405669], [8.294578109633411, 49.034697879798934], [8.294581648591002, 49.034697864189354], [8.294585178764768, 49.03469802876836], [8.294598423851992, 49.03469779019728], [8.294611673611934, 49.03469773175543], [8.294615193201377, 49.03469748814703], [8.294618730910912, 49.03469742442565], [8.2946318766532, 49.03469633340183], [8.29464505389883, 49.03469542133871], [8.294648520223806, 49.03469495207763], [8.294650601452405, 49.03469477934718], [8.294525659197017, 49.034794528277104], [8.294426025180606, 49.03485089215172], [8.294376321941668, 49.034868548260334], [8.294345706826919, 49.034880828767264], [8.294317215720428, 49.03489514950188], [8.294291161861741, 49.0349113530188], [8.294148561822334, 49.03500985271508], [8.294122551559063, 49.03503008180806], [8.293426572696244, 49.03564099157755], [8.292966766619601, 49.03599312646986], [8.29287335310938, 49.03580602722072], [8.292528057638906, 49.03507863207907], [8.292517662403357, 49.03505663825421], [8.29308176377899, 49.03465167397142]], [[8.292087247371242, 49.03422979588984], [8.29207316209185, 49.03421248092728], [8.292000361778527, 49.03413168110988], [8.29199995325018, 49.03413127410884], [8.291999608280861, 49.034130848906045], [8.291991808678095, 49.034123159985555], [8.291982081322985, 49.03411346899654], [8.291981495097213, 49.034112992762196], [8.2919809842052, 49.034112489120126], [8.291971973009332, 49.03410525726935], [8.291961202427743, 49.03409650753318], [8.291435302001885, 49.0337093086839], [8.29142399107352, 49.03370137552049], [8.291296491054482, 49.033616175787444], [8.29129614633112, 49.033615945761916], [8.290907914652099, 49.03335725795845], [8.290168626454966, 49.03284310180069], [8.29024574744472, 49.03277834430226], [8.290837719687522, 49.03289948395722], [8.290882305145777, 49.03318256549897], [8.29088701641159, 49.03320313682923], [8.29089459863712, 49.03322333387865], [8.290904986939557, 49.03324298380733], [8.290918092422277, 49.033261918457285], [8.290933802935518, 49.03327997579143], [8.290951984036022, 49.033297001280374], [8.29097248013749, 49.03331284922474], [8.290995115841998, 49.033327384002156], [8.291356016079327, 49.03353858470834], [8.291393712563872, 49.033557725632484], [8.291443912666745, 49.03357972571478], [8.291473287512762, 49.03359124765192], [8.291504265770007, 49.0336007827748], [8.291536537601356, 49.03360823571512], [8.291806760061599, 49.03366082058061], [8.291829185537766, 49.03369070499577], [8.291841430077246, 49.03370558402292], [8.291984829456128, 49.03386518438286], [8.292000079486963, 49.0338806695821], [8.292017208607186, 49.03389528079598], [8.292343464581782, 49.034151143597605], [8.292580706321173, 49.034345467414354], [8.292270807266629, 49.03456794040219], [8.292147540363986, 49.034332893458455], [8.29214428215169, 49.034326952612965], [8.29209898171344, 49.034247852735504], [8.292087247371242, 49.03422979588984]], [[8.291138988015966, 49.032160754962646], [8.291151127955544, 49.03217534727412], [8.291164874996296, 49.03218930966908], [8.29116863006986, 49.032192830904634], [8.291005791559272, 49.032411665789006], [8.291005197323168, 49.03241246839417], [8.290973032240059, 49.03245613199861], [8.290620386665877, 49.03238396759885], [8.290775715557812, 49.032194863122676], [8.29110836772598, 49.03212047930389], [8.291138988015966, 49.032160754962646]], [[8.289493381588937, 49.031756220294575], [8.289508277229634, 49.031745157307114], [8.289604777107481, 49.03166855708816], [8.289624216572367, 49.0316515485343], [8.289641124477729, 49.03163340811771], [8.289655349479714, 49.03161429821759], [8.289666764250228, 49.03159438989099], [8.28980318936083, 49.03131741040488], [8.28984411038654, 49.031273224118344], [8.290046996163198, 49.03111395767965], [8.290238437455592, 49.03099167590388], [8.290310414539459, 49.03094750968024], [8.290692742664898, 49.03101068824318], [8.29095173822064, 49.031099160107], [8.290976336488129, 49.031106762441766], [8.290979478032458, 49.03110763489572], [8.290394377752945, 49.031209859096435], [8.290360140737974, 49.031217128094724], [8.29032725446567, 49.03122672182866], [8.290207254826788, 49.03126682167058], [8.290186044226697, 49.03127454335851], [8.290112144411538, 49.031303743247534], [8.290085192330764, 49.03131557028579], [8.2900600634207, 49.031329021430295], [8.289928363513408, 49.03140662117247], [8.289901614395243, 49.03142423159992], [8.28987798875393, 49.03144367787264], [8.289857775998545, 49.031464721781], [8.289826875849396, 49.031501221700964], [8.289812342571453, 49.03152050617232], [8.289800679478986, 49.03154061586142], [8.28979199340322, 49.03156136657421], [8.289786363907822, 49.031582568245], [8.289783842560015, 49.03160402667727], [8.289784452458091, 49.03162554532249], [8.28978835219568, 49.031664045332704], [8.289791770718018, 49.03168412973467], [8.289797917676259, 49.03170393122768], [8.289806743428448, 49.03172328988739], [8.289818176697455, 49.03174204936572], [8.289839576542578, 49.03177304942226], [8.289856429472156, 49.03179435935662], [8.289876642823009, 49.031814365845705], [8.290128258125064, 49.0320366608531], [8.289834852944823, 49.032393860867664], [8.289724976100912, 49.032486122172536], [8.28965849547968, 49.03242727398395], [8.289194795982555, 49.03198831141509], [8.28917905657633, 49.03197475997961], [8.289493381588937, 49.031756220294575]], [[8.290907766145494, 49.031649753629964], [8.290909284242346, 49.03165505569647], [8.290919251511955, 49.03168770783105], [8.290653266291022, 49.03174718448423], [8.290550695428326, 49.03165656716593], [8.290604939427892, 49.03163844061204], [8.290891355875235, 49.03158840057253], [8.290907766145494, 49.031649753629964]], [[8.288206292766308, 49.0362675400875], [8.288211759610311, 49.03627467860929], [8.288215534806792, 49.03628002274267], [8.288217701895844, 49.03628243795539], [8.288219917216043, 49.03628533068683], [8.288227737226972, 49.03629362229476], [8.288232589817289, 49.03629903048869], [8.288234225648607, 49.036300502009986], [8.288235882569092, 49.036302258853446], [8.288320882317656, 49.03638405905852], [8.2883363904536, 49.036397826573584], [8.288487890208048, 49.036522126919884], [8.288515652587172, 49.03654227670951], [8.28873665260835, 49.03668437716371], [8.288739505231419, 49.03668619019736], [8.289098140965597, 49.036911493836485], [8.288758111528255, 49.037136276420156], [8.287824288208046, 49.036404105987074], [8.287823130171036, 49.03640320282636], [8.287796758364145, 49.03638274454537], [8.287803735785825, 49.0363759680756], [8.287820510755362, 49.0363578988419], [8.287834627167436, 49.03633887257957], [8.287845959932053, 49.03631905789047], [8.287974768180437, 49.03605701661807], [8.288023771212329, 49.03597040561994], [8.288024791147814, 49.03596857876855], [8.28803289135745, 49.03595387360562], [8.288105161147794, 49.03607833574205], [8.288195116105184, 49.03624902662801], [8.288198790353897, 49.036255112797576], [8.288201395608812, 49.03626000742417], [8.288203800359152, 49.036263411566615], [8.288206292766308, 49.0362675400875]], [[8.289605258351786, 49.03596755147446], [8.290034282227627, 49.036252596992924], [8.289561307713525, 49.03658039298086], [8.289213527535473, 49.03636191037891], [8.289010745142345, 49.0362315244913], [8.289546139576355, 49.03599984714305], [8.289573737344679, 49.03598655836234], [8.289599178211132, 49.0359715235843], [8.289605258351786, 49.03596755147446]], [[8.288939072127421, 49.03528067176252], [8.28896382336067, 49.03527292772946], [8.289207911040297, 49.03518851153268], [8.28941025140058, 49.035122647024515], [8.2896892289168, 49.03529743531135], [8.28963367708349, 49.035338407272995], [8.289384947017545, 49.035478323385945], [8.289368073183983, 49.035488554766864], [8.289366718630138, 49.03548935350119], [8.289366515963824, 49.03548949898102], [8.289366223309313, 49.035489676430906], [8.289141380313339, 49.03563656384893], [8.28869342117139, 49.03583040525599], [8.288642836907805, 49.03574329159638], [8.288590510747522, 49.0356531964651], [8.288460501029812, 49.03539594232351], [8.288675433086992, 49.03535328827076], [8.288711071349436, 49.035344772022306], [8.288939072127421, 49.03528067176252]], [[8.288900650011765, 49.03478666439597], [8.288893177181162, 49.03478917238554], [8.288657517277612, 49.034870673750824], [8.288459589213904, 49.03492631928613], [8.288261804852722, 49.03496557027817], [8.288151535288442, 49.034734876279536], [8.28919314496037, 49.0344660030511], [8.289185574032906, 49.03469572179915], [8.28915853337256, 49.03470319725065], [8.289139349277034, 49.03470896470379], [8.288900650011765, 49.03478666439597]], [[8.291023309496635, 49.03419286970275], [8.291050621574533, 49.03418390088578], [8.291125554782845, 49.03415648116151], [8.291224658068487, 49.034229447410794], [8.290972525639106, 49.03437944605077], [8.29095213142662, 49.03439263996216], [8.290144004580084, 49.03496110213794], [8.289866763629686, 49.03478740302405], [8.289880333233185, 49.034375501377724], [8.290629204110784, 49.03427438427965], [8.290645481188815, 49.03427191252319], [8.29087228211732, 49.03423361236171], [8.290899638078166, 49.03422818234269], [8.290926209173335, 49.034221269817216], [8.291023309496635, 49.03419286970275]], [[8.290108272608784, 49.03566234003114], [8.290128911076444, 49.03564904390846], [8.290420010864697, 49.03543434326892], [8.290421572305739, 49.03543318360603], [8.290616830152421, 49.03528715731676], [8.29144209303377, 49.03470663717243], [8.291577672068607, 49.03462597803918], [8.291781441140309, 49.035014537195934], [8.29180043896179, 49.035054733141585], [8.290970414592708, 49.03560107192147], [8.290965249983554, 49.035604545546896], [8.290501252539107, 49.03592343607949], [8.290108272608784, 49.03566234003114]], [[8.287968041448805, 49.034299059245754], [8.287909661911854, 49.03414362598872], [8.287883643394544, 49.034071984965614], [8.288483227602143, 49.03389779733842], [8.28850712659056, 49.033890110371004], [8.288530044522139, 49.03388122521769], [8.288624844736065, 49.03384112506795], [8.288664965089056, 49.03382127254519], [8.288841572584177, 49.033719708778236], [8.288971328249149, 49.03404007850878], [8.287968041448805, 49.034299059245754]], [[8.289642123856062, 49.03394851666604], [8.289366168002381, 49.03326719761629], [8.289272705395074, 49.03284003465574], [8.289443244494596, 49.032990996139105], [8.28944893240703, 49.03299545341547], [8.289458455741846, 49.033003504654225], [8.289464940788088, 49.033007998225045], [8.289469272063775, 49.03301139238643], [8.290413371672722, 49.03366799440061], [8.290418452178544, 49.03367145289582], [8.290627309971114, 49.03381062062141], [8.290483412098892, 49.03383492081841], [8.289642123856062, 49.03394851666604]], [[8.2892479846424, 49.03745024232212], [8.289540274596577, 49.03725701750612], [8.290713646698292, 49.037787695277565], [8.290615152988028, 49.03785773193367], [8.290611030287245, 49.037860968612414], [8.290606616799108, 49.03786403506849], [8.290488589025285, 49.03795455076315], [8.2892479846424, 49.03745024232212]], [[8.292549185896084, 49.03307094735953], [8.292556869599709, 49.033049843083106], [8.292561423876517, 49.0330283501068], [8.292562806321886, 49.033006668569676], [8.292562205896838, 49.03294466856945], [8.292560372492348, 49.032922802870466], [8.292555313305638, 49.03290115809799], [8.292547076316007, 49.0328799395046], [8.292535739636902, 49.03285934830127], [8.29252141077503, 49.03283957974931], [8.292504225610777, 49.03282082130882], [8.292484347109577, 49.032803250861036], [8.292462444612555, 49.03278738336839], [8.292465363497001, 49.03277417239827], [8.292466909968313, 49.03275212698903], [8.292465313063511, 49.032731984693726], [8.29277342857048, 49.03286152318237], [8.292767533016207, 49.03286744588524], [8.2927600833544, 49.03287527615566], [8.292665782966626, 49.032979075915954], [8.292662120528586, 49.03298320639175], [8.292605020265725, 49.033049206244684], [8.292589968444886, 49.03306876451482], [8.292577884021888, 49.03308919340193], [8.292568881812107, 49.03311029881524], [8.292563047347784, 49.033131880236176], [8.29255254698724, 49.03318588020391], [8.292549877413594, 49.03320918216235], [8.292547777006154, 49.033268682154294], [8.292548201017553, 49.03328625007734], [8.292550709671547, 49.033303742613775], [8.292560809339927, 49.033353342641675], [8.292566320899121, 49.033373429717244], [8.292574579754712, 49.033393105462224], [8.29258551787105, 49.033412207782106], [8.292599045139674, 49.03343057930623], [8.292649444876087, 49.03349177943525], [8.292660287266102, 49.033504009519206], [8.29294138620717, 49.0337993102145], [8.292960568057179, 49.03381741997723], [8.292982357225231, 49.03383420630993], [8.293006543870442, 49.033849507549654], [8.293032895062058, 49.03386317633565], [8.293061157022718, 49.03387508102868], [8.293091057572497, 49.033885106978715], [8.293122308750227, 49.03389315762925], [8.293154609586809, 49.03389915544713], [8.293187649003835, 49.033903042669316], [8.293202612423263, 49.03390382044515], [8.293050147207907, 49.034011500776], [8.292874617370236, 49.033867726159386], [8.292869990294804, 49.03386401786006], [8.292559461765029, 49.03362049126101], [8.292436916799582, 49.03348410317434], [8.292410597511006, 49.03344903040961], [8.292409461534263, 49.033446451733774], [8.292409899825275, 49.03342474894901], [8.292428466286442, 49.03318645841303], [8.292443306262376, 49.03317888428503], [8.292467305350268, 49.03316398765089], [8.292489009003821, 49.03314763941717], [8.292508215123103, 49.03312999181695], [8.292524744865538, 49.03311120918276], [8.292538444311216, 49.03309146641627], [8.292549185896084, 49.03307094735953]], [[8.2919340397455, 49.03256619197538], [8.291907141311116, 49.03257939127532], [8.291882339990176, 49.032594260592134], [8.291859874632529, 49.0326106567276], [8.291839961592272, 49.03262842177937], [8.291822792644124, 49.032647384661644], [8.291797692510245, 49.03267848459587], [8.291781747999105, 49.03270121160851], [8.291754747759208, 49.032746111533605], [8.291743875433687, 49.032767186246694], [8.291736224254286, 49.03278886434693], [8.291731869152994, 49.03281093354135], [8.291730852783619, 49.03283317770674], [8.291733185103922, 49.0328553790061], [8.291747684565465, 49.03293547904593], [8.291751853973322, 49.032958443845295], [8.291752170301983, 49.033021796441794], [8.291746640558092, 49.0331466730547], [8.291745268760069, 49.03316427624895], [8.291549022085167, 49.03304943244648], [8.291504605762062, 49.03276744879355], [8.291507164799906, 49.03276279671065], [8.291620507990585, 49.03260893248017], [8.291711250288483, 49.03248698401144], [8.291956998200455, 49.032557082440945], [8.2919340397455, 49.03256619197538]], [[8.293366776872377, 49.03308672073382], [8.293628825159193, 49.03317483789344], [8.29363437366503, 49.03317742400996], [8.293637564840385, 49.03319132258713], [8.293650754287746, 49.03334137590152], [8.293652910827861, 49.03335673841277], [8.293656900114822, 49.033377388116094], [8.293643517704155, 49.033397474264305], [8.2935629856868, 49.03351284807657], [8.293524242640357, 49.033564249659634], [8.293521212410885, 49.033560689048244], [8.293245825459248, 49.03327139250846], [8.293232467994208, 49.03325517286057], [8.293233262352464, 49.03323266166694], [8.293254882991006, 49.03320767089409], [8.293343715508092, 49.033109888560446], [8.293366776872377, 49.03308672073382]], [[8.293169832387042, 49.03685898198528], [8.293199735274442, 49.036870405323285], [8.293396035846557, 49.03693690559015], [8.293419710797053, 49.03694418723658], [8.293667311636199, 49.03701288752337], [8.293690299184975, 49.037018634745266], [8.294070815861112, 49.03710360569448], [8.29406536230887, 49.03715584156322], [8.293092821229902, 49.03729072589094], [8.292912575340475, 49.037311303482625], [8.292799279572204, 49.03731317009407], [8.292696377385267, 49.03731441088683], [8.292670450151698, 49.03731269145376], [8.292625435690162, 49.03730773684478], [8.292599768861626, 49.03730297186647], [8.292578842959344, 49.03729716933341], [8.29252595642022, 49.037270914029065], [8.292331473599983, 49.03715602225714], [8.292479835100263, 49.037036453677196], [8.292480089700353, 49.03703622658755], [8.292480376129719, 49.037036016526244], [8.292611095348857, 49.03693012453599], [8.292791962838436, 49.03678466070238], [8.292874337983637, 49.03672103153992], [8.292949507744668, 49.03676267398185], [8.292983331987273, 49.03677918168448], [8.293169832387042, 49.03685898198528]], [[8.296049286121187, 49.0358775341927], [8.296058992779233, 49.035877212078965], [8.29635283458936, 49.035864706472516], [8.29644612500379, 49.036195070389596], [8.296035800456531, 49.03621428655686], [8.296002476847633, 49.03621693264513], [8.295969708173965, 49.03622171350189], [8.295937810011813, 49.036228583085425], [8.295907089554385, 49.036237475238764], [8.295877842653518, 49.0362483043266], [8.295850350970575, 49.03626096606012], [8.295824879263973, 49.03627533850123], [8.295801672839485, 49.036291283236864], [8.29578095518782, 49.036308646711916], [8.295762925832296, 49.036327261708024], [8.29574775840728, 49.036346948953884], [8.295735598985916, 49.03636751885171], [8.295726564673263, 49.03638877330313], [8.295720742478403, 49.0364105076169], [8.29571818847633, 49.03643251248018], [8.295718927267783, 49.036454575974375], [8.295722951742144, 49.036476485615914], [8.295730223145759, 49.03649803040266], [8.295740671454993, 49.03651900284596], [8.295754196050444, 49.03653920096889], [8.295770666685828, 49.03655843025144], [8.295789924742204, 49.03657650550394], [8.295811784755475, 49.03659325265048], [8.295836036202457, 49.03660851040547], [8.295862445528297, 49.03662213182701], [8.295890758395743, 49.03663398573195], [8.295920702134591, 49.03664395795941], [8.295951988367717, 49.03665195247026], [8.295984315788402, 49.03665789227197], [8.29601737306221, 49.03666172016032], [8.296050841825439, 49.03666339927008], [8.296084399751305, 49.03666291343031], [8.296554104139359, 49.03664091642859], [8.296483492364398, 49.036909428881785], [8.296367415755945, 49.037103818993174], [8.296366813215995, 49.03710499461506], [8.296366057323276, 49.03710613129417], [8.296322356053164, 49.03718175604214], [8.295331090777804, 49.03693981696528], [8.294913112925707, 49.036830219238404], [8.29483177706647, 49.036808889584385], [8.29493019946616, 49.0359848817581], [8.294946236216827, 49.03593747901641], [8.29495406139176, 49.035921782577354], [8.294957577417682, 49.03591907677597], [8.294965688954639, 49.03591494937605], [8.29498275628718, 49.03591196483895], [8.295301029090137, 49.03589535927529], [8.296049286121187, 49.0358775341927]], [[8.311232769525056, 49.03727832453835], [8.311055421390686, 49.037226369594634], [8.311053723356496, 49.037225718555305], [8.311281647648235, 49.03727517058218], [8.311277823661987, 49.03728904598733], [8.311258918576304, 49.037285599876185], [8.311232769525056, 49.03727832453835]], [[8.298647678848356, 49.03785091689059], [8.298628447622734, 49.037864410983694], [8.298490804935357, 49.037877399434535], [8.298464944879587, 49.03788051069345], [8.298439524650629, 49.037884918547135], [8.298295503861189, 49.03791382624759], [8.298294958158161, 49.037913238605306], [8.298253458031125, 49.0378728387058], [8.298253349356644, 49.03787274335808], [8.298394856331834, 49.03785488468589], [8.298700119713121, 49.03782352959834], [8.298696846106626, 49.03782482095011], [8.298671343936656, 49.03783712085308], [8.298647678848356, 49.03785091689059]], [[8.33047330546709, 49.03631683985978], [8.33048939379858, 49.03625612486387], [8.33049092913264, 49.036251361637575], [8.330648231697685, 49.036285719974856], [8.33105217566012, 49.03638060555399], [8.33150970829531, 49.03650513198913], [8.331860534718116, 49.03661311371348], [8.33172304521018, 49.036629149607116], [8.33143759159314, 49.036652424904005], [8.330982839470632, 49.03667635409496], [8.33071851276875, 49.03668675225132], [8.330637111687306, 49.03668862177935], [8.330597443805171, 49.03665189104378], [8.330558215732832, 49.036604549592184], [8.33051253413155, 49.03653684218259], [8.330498997036491, 49.03650890060554], [8.330483716994411, 49.036465534012805], [8.33047289859209, 49.03637698260685], [8.33047330546709, 49.03631683985978]]]}}, {"type": "Feature", "properties": {"klasse": "Straße"}, "geometry": {"type": "Polygon", "coordinates": [[[8.313019338054277, 49.013770260224184], [8.313249138738938, 49.013692659918966], [8.313270695075538, 49.01368472060773], [8.31337639533513, 49.013642420447496], [8.313386872725959, 49.01363805426696], [8.313569973121508, 49.013558653972666], [8.31358019560275, 49.013554044041484], [8.314331765530394, 49.01320176993652], [8.314488170915116, 49.013131569032545], [8.315492849889045, 49.01268077772516], [8.31642543982243, 49.012262036668695], [8.316543902186824, 49.012208808573064], [8.317264718523804, 49.01188505961887], [8.31605220974651, 49.01188505961887], [8.3160399166093, 49.01189058321479], [8.315107507497768, 49.01230924171574], [8.314102853574816, 49.01276002029966], [8.313943507808828, 49.012831540719944], [8.313937804460133, 49.012834156897945], [8.313188453542494, 49.013185389716696], [8.313015707145567, 49.013260299835295], [8.312925866207378, 49.01329625316549], [8.312714652267127, 49.01336757686015], [8.312643927445135, 49.013388597449236], [8.312479574663133, 49.013420006293444], [8.312373871704642, 49.01343963047305], [8.312265307482468, 49.01345447753698], [8.312148544563707, 49.01346203947829], [8.311933890291737, 49.013468728975425], [8.311912385402556, 49.013369090999056], [8.311910419451841, 49.013361035167875], [8.311740515372437, 49.01273733564073], [8.311738793337634, 49.01273146480567], [8.311657246008501, 49.01247203791292], [8.311597494697098, 49.01228043244707], [8.311572410374357, 49.012164452162054], [8.311573947213297, 49.012092311431005], [8.31159609075978, 49.01205122530807], [8.311632105169158, 49.01200733623917], [8.31166398110632, 49.011978169957914], [8.311682204539837, 49.01195964050097], [8.311697579194616, 49.01194002529242], [8.311709957006832, 49.01191951323861], [8.31171921877452, 49.011898301882816], [8.311722913641248, 49.01188505961887], [8.31096020953404, 49.01188505961887], [8.310910681160365, 49.0119769545413], [8.310900174293739, 49.01200043525239], [8.310893609094354, 49.01202452802168], [8.310891063343261, 49.01204894743165], [8.310888362476108, 49.0121756474198], [8.310889021048576, 49.01219310357446], [8.310891736620597, 49.01221047349459], [8.310922035688185, 49.01235057357851], [8.310925600744492, 49.012364088002904], [8.310987499465233, 49.01256258817525], [8.310987607732738, 49.012562933992584], [8.311068285752489, 49.012819606327], [8.31123628600008, 49.0134363476576], [8.311275512942192, 49.0136181081169], [8.311275861247422, 49.013619681989695], [8.311276132580746, 49.01362087835894], [8.311286895947472, 49.01371950271547], [8.31128841627175, 49.01372774422], [8.311289631341246, 49.01373600761818], [8.311290436090887, 49.0137386934292], [8.311290937401486, 49.01374141097678], [8.311293678491145, 49.01374951477523], [8.311296119057898, 49.01375766004269], [8.311297320151931, 49.013760281035616], [8.31129822399677, 49.013762953176006], [8.311302159455181, 49.01377084122424], [8.311305802016642, 49.013778789917296], [8.311307387888352, 49.01378132085044], [8.31130868556338, 49.013783921849395], [8.31131377749131, 49.0137915181809], [8.311318586968932, 49.013799193749], [8.311320542345937, 49.013801610247995], [8.31132222135423, 49.013804115056345], [8.311328420714883, 49.01381134651399], [8.311334350791796, 49.01381867503676], [8.311336656843046, 49.01382095382922], [8.311338701015206, 49.0138233383242], [8.311345948106204, 49.01383013526453], [8.311352941673452, 49.013837046163964], [8.311355576190763, 49.013839165303786], [8.311357965840443, 49.013841406521166], [8.3113661908689, 49.01384770348536], [8.311374180575253, 49.013854130205296], [8.31137711818685, 49.01385606928376], [8.311379830300648, 49.01385814563931], [8.31138895405544, 49.01386388198369], [8.31139786295586, 49.01386976263073], [8.31140107537096, 49.01387150297326], [8.311404083829805, 49.01387339447039], [8.311414018444218, 49.013878514950264], [8.31142376074104, 49.01388379289005], [8.311427217022203, 49.013885317735976], [8.311430492852999, 49.01388700615839], [8.311441142650775, 49.01389146146011], [8.311451624520165, 49.01389608586278], [8.311455291381417, 49.01389738052686], [8.311458803035892, 49.01389884961394], [8.31147006545304, 49.01390259683002], [8.311481185948189, 49.01390652315956], [8.311485028075117, 49.01390757517324], [8.311488741734133, 49.013908810776805], [8.311500508306711, 49.01391181381909], [8.311512160330022, 49.01391500426233], [8.311516140720599, 49.013915803494044], [8.311520020619135, 49.01391679371437], [8.311532178026658, 49.01391902366135], [8.311544249362392, 49.01392144749242], [8.311548329682953, 49.01392198624504], [8.311552338454948, 49.01392272154563], [8.311564769613835, 49.01392415692149], [8.311577144006785, 49.013925790797174], [8.311581284960909, 49.0139260638821], [8.311585383999446, 49.013926537181575], [8.311597969188616, 49.01392716416262], [8.311610527465797, 49.013927992347654], [8.311614689173735, 49.0139279971349], [8.311618839001891, 49.013928203875025], [8.31163145701848, 49.01392801642309], [8.311644078234211, 49.01392803094137], [8.312189580684786, 49.01391103087659], [8.312206898555736, 49.013910200772095], [8.312350499194109, 49.01390090073367], [8.312386591957738, 49.013897274610834], [8.312524792542627, 49.01387837453083], [8.312548065723282, 49.01387462763244], [8.312666566198068, 49.013852627540025], [8.312669083327334, 49.013852153370564], [8.312857984078738, 49.01381605321914], [8.312903374613521, 49.01380503363285], [8.313003974944726, 49.01377513351267], [8.313019338054277, 49.013770260224184]]]}}, {"type": "Feature", "properties": {"klasse": "Straße"}, "geometry": {"type": "Polygon", "coordinates": [[[8.314614356214918, 49.01744820214094], [8.314615712061125, 49.01744817648025], [8.315673216820532, 49.017426776406076], [8.316800745354092, 49.017403883974616], [8.318843045616596, 49.01736558445751], [8.318868825456269, 49.017911572986286], [8.318870501446815, 49.017954564765276], [8.318870746979279, 49.01795672197101], [8.318870733072998, 49.017958885195505], [8.318878890186085, 49.018078403801525], [8.318888704708264, 49.018323511361565], [8.31890430164729, 49.0187143017279], [8.318923297972608, 49.019188391101785], [8.318926196128764, 49.019261557209504], [8.318928714826335, 49.01928356390094], [8.31893450103091, 49.01930530225234], [8.318943499022273, 49.019326562911075], [8.31895562214859, 49.0193471411246], [8.318970753660759, 49.01936683871257], [8.318988747836649, 49.01938546597531], [8.319009431384385, 49.01940284352082], [8.319032605111168, 49.019418803992465], [8.31905804584157, 49.019433193680776], [8.319085508566829, 49.01944587400374], [8.31908598341901, 49.019446050306016], [8.319066400000002, 49.019470999999996], [8.3190706, 49.0195206], [8.3191008, 49.019552000000004], [8.3191454, 49.0195656], [8.3192134, 49.01956689999999], [8.3192549, 49.01955310000001], [8.3192741, 49.0195281], [8.319273032898776, 49.019480447807666], [8.31927690631514, 49.019480506505424], [8.319310366213006, 49.01947884983738], [8.319343418095773, 49.01947504410491], [8.319375743651639, 49.01946912595975], [8.319407031564095, 49.019461152397646], [8.319436980510208, 49.01945120020925], [8.319465302062648, 49.01943936524072], [8.31949172346751, 49.01942576147055], [8.31951599027115, 49.01941051991186], [8.319537868770752, 49.019393787350616], [8.319557148265032, 49.0193757249319], [8.319573643083363, 49.01935650660805], [8.319587194373854, 49.01933631746322], [8.319597671633076, 49.01931535193102], [8.31960497396278, 49.01929381192183], [8.319609031041463, 49.0192719048783], [8.319609803801448, 49.01924984177762], [8.319606903300354, 49.0191766417839], [8.319587897818623, 49.0187024856451], [8.31957229560719, 49.018311697293136], [8.319571330434353, 49.018287601337434], [8.320184162568266, 49.01827395424811], [8.320912484032041, 49.01825775601017], [8.321076312172789, 49.01825415759188], [8.322211437881316, 49.01822895483904], [8.32560322499806, 49.01815356409313], [8.32598547269685, 49.01814569605416], [8.327398455695214, 49.01812271424401], [8.327400682137155, 49.018122605945614], [8.327402914516613, 49.018122622548255], [8.327604148194338, 49.018117619519145], [8.327925727591499, 49.018129394425635], [8.328073138366138, 49.01814803754286], [8.328290116296388, 49.01817539087467], [8.328553497529015, 49.018228333633594], [8.328874208737213, 49.018315477371644], [8.329660414413697, 49.0185573946241], [8.330091417271033, 49.01868999562667], [8.33036730498251, 49.01877489192411], [8.330377870905446, 49.018778000983374], [8.33065297183068, 49.01885530130497], [8.33066569900933, 49.01885868045704], [8.330756799335441, 49.01888148055366], [8.330797477771391, 49.01888979403665], [8.330872378078734, 49.01890179409009], [8.330921642460739, 49.0189072170725], [8.3310148428747, 49.01891291709968], [8.331056679027931, 49.01891378338925], [8.331163879510452, 49.01891168338199], [8.33119982147614, 49.018909727742475], [8.33130592194187, 49.01890022770248], [8.331340124568017, 49.01889598942657], [8.33146342507818, 49.0188763893437], [8.331496272904166, 49.01887000694879], [8.331527985047028, 49.01886149508853], [8.33166318548145, 49.01881989492212], [8.331698876378532, 49.018807162503315], [8.331846776730181, 49.01874666227537], [8.331876583492964, 49.018732972460406], [8.331904011768103, 49.0187172785103], [8.331928751468105, 49.01869975785269], [8.332042651329731, 49.01860995759511], [8.3320503405496, 49.01860325194685], [8.33205826687993, 49.018596666813245], [8.332096668395078, 49.018561329416464], [8.332174281319794, 49.01857771846372], [8.332188083202421, 49.0185804233945], [8.332462684300543, 49.01863012361336], [8.332478871781246, 49.018632775756814], [8.332852118624178, 49.01868760337611], [8.332852118624178, 49.018226756440356], [8.332636070426922, 49.01819502034111], [8.332376460202768, 49.01814803336618], [8.332193443936882, 49.01810938697435], [8.33208575576173, 49.01808663475815], [8.331846636259563, 49.01801594097622], [8.33154818528112, 49.017912656923066], [8.331207316135004, 49.01778764252161], [8.330613441013687, 49.01755020896134], [8.33027974892132, 49.017385093183684], [8.330268111118786, 49.01737958211494], [8.32973181214682, 49.017136683013035], [8.329706891494322, 49.017126406285776], [8.329680720166454, 49.01711757638434], [8.329375821143003, 49.01702537676279], [8.329358999026422, 49.01702064421341], [8.328881900699908, 49.01689624473734], [8.3288442797013, 49.01688805993449], [8.328403381475797, 49.01681046027713], [8.328374337561508, 49.016806229513776], [8.328096538752828, 49.016774029660674], [8.328079346570732, 49.01677233207043], [8.32779294782924, 49.01674893217968], [8.327765981966477, 49.01674743873794], [8.327328183931764, 49.016734638803726], [8.327301941388933, 49.016734534593596], [8.32561944896004, 49.016770334467225], [8.324549523018472, 49.0167937393374], [8.323133314892054, 49.01682423738774], [8.320308631652061, 49.01688503708585], [8.31933084867088, 49.01690603674071], [8.31916375460993, 49.01690962159888], [8.31678086104315, 49.016954308400656], [8.31678004843288, 49.01695432426724], [8.315652168496197, 49.01697722388356], [8.314595365901187, 49.01699860979578], [8.313037058980832, 49.01702605712069], [8.311558874370146, 49.01703893696181], [8.311553561711253, 49.01703901038088], [8.310773001548855, 49.01705378693052], [8.310036519360033, 49.01706421730573], [8.309237525976942, 49.01706421737584], [8.309076116686002, 49.017052240296394], [8.309012187402914, 49.01704232286312], [8.309010375853711, 49.017042045253795], [8.308716377072017, 49.01699754545303], [8.308709924539949, 49.01699678586937], [8.308703552628385, 49.0169957738115], [8.308693419983232, 49.01699484297446], [8.30868334901125, 49.01699365743277], [8.308676814355428, 49.01699331749586], [8.308670322308906, 49.01699272110299], [8.308660099740893, 49.016992447991086], [8.308649900592412, 49.01699191742496], [8.308643346744725, 49.01699200040858], [8.308636797083961, 49.01699182542414], [8.308626583040267, 49.01699221266753], [8.308616353937765, 49.016992342186555], [8.30860984401486, 49.016992847291505], [8.30860329981546, 49.01699309540068], [8.308593192661451, 49.01699413927009], [8.30858303211559, 49.01699492762689], [8.308576628810487, 49.01699584998879], [8.30857015309609, 49.0169965188022], [8.308560250168261, 49.01699820924472], [8.308550256029013, 49.0169996488471], [8.308544021007991, 49.01700097958325], [8.308537676142725, 49.01700206265991], [8.308528072811125, 49.0170043833957], [8.308518341325705, 49.01700646037979], [8.308512334634802, 49.01700818667465], [8.308506181722372, 49.017009673584056], [8.308496970471024, 49.01701260226344], [8.308487595358166, 49.017015296627015], [8.308481874844631, 49.01701740185561], [8.30847597314018, 49.017019278278205], [8.308467242677239, 49.01702278669685], [8.308458314223895, 49.01702607249194], [8.308452934979318, 49.01702853637982], [8.308447341318587, 49.017030784244994], [8.308439175722679, 49.017034838615245], [8.308430779913921, 49.01703868419824], [8.308425793742888, 49.01704148301712], [8.308420561995671, 49.017044080676925], [8.308413039905714, 49.01704864195331], [8.308405257597167, 49.017053010289644], [8.308400712518976, 49.017056117085666], [8.308395893069735, 49.01705903952347], [8.308352993066956, 49.01708773943357], [8.308328448739687, 49.01710604915746], [8.308307066216802, 49.017126000772286], [8.308289097438381, 49.01714735920126], [8.308274754123444, 49.01716987279177], [8.308254153910656, 49.01720787273379], [8.308242987426022, 49.01723301157545], [8.308236340244212, 49.01725883383403], [8.308229639974904, 49.01729893381327], [8.308227593959412, 49.01732323410383], [8.308229552437476, 49.017347537514404], [8.308235492476678, 49.0173715593969], [8.308245344511247, 49.017395018400094], [8.308255544395383, 49.01741501842797], [8.308259507288895, 49.017422364157895], [8.308267307212887, 49.017436064179016], [8.308280933226346, 49.017456769905806], [8.30829764509268, 49.01747647338566], [8.308317274596336, 49.01749497628636], [8.308339624152634, 49.01751209236028], [8.308359124145227, 49.01752559240177], [8.308384567006179, 49.01754148719016], [8.3084123528264, 49.01755558303599], [8.308442188930554, 49.01756773146308], [8.308473761046251, 49.01757780450794], [8.308506736614458, 49.01758569606767], [8.308540768292529, 49.01759132301772], [8.308594668520819, 49.017598323049434], [8.308627616534851, 49.01760151459963], [8.308660880335008, 49.01760258266669], [8.308694144321894, 49.01760151711702], [8.308743944543355, 49.0175983171038], [8.3087791155769, 49.01759483453729], [8.308799215662171, 49.017592134525856], [8.308831727750865, 49.01758666155303], [8.308863267446426, 49.01757911850441], [8.309092268235052, 49.01751581824733], [8.309116967096172, 49.01750789004624], [8.309179970717652, 49.017512565117144], [8.309218298143305, 49.01751398268188], [8.310040201846077, 49.01751398269866], [8.310047558626373, 49.01751393060875], [8.310788961965148, 49.017503430576966], [8.310791434847669, 49.01750338966012], [8.311570582447054, 49.01748863989724], [8.313048432329358, 49.01747576300192], [8.313053049186047, 49.0174757022321], [8.314614356214918, 49.01744820214094]], [[8.325581405952867, 49.01770402702953], [8.325580544274851, 49.017704045479825], [8.32218836082983, 49.01777944518221], [8.321053427608579, 49.01780464372344], [8.320889588657078, 49.01780824238591], [8.320161046734336, 49.01782444553768], [8.319549504642556, 49.01783806392459], [8.319526540010765, 49.01735183942404], [8.320330960413946, 49.017334563077156], [8.323155686690944, 49.017273762570746], [8.324571991571421, 49.01724326249499], [8.325641709262875, 49.017219862159834], [8.327310934268189, 49.017184344751755], [8.327722089870665, 49.017196365755545], [8.3279864240569, 49.01721796289254], [8.328240999776433, 49.017247470964506], [8.328648347712617, 49.01731916571718], [8.329098492500307, 49.01743653741882], [8.329368279501642, 49.017518119555014], [8.32987438063887, 49.01774734227185], [8.33021585012578, 49.0179163070536], [8.330243801396577, 49.01792876549884], [8.330857602867278, 49.01817416644195], [8.330868683214696, 49.0181784112939], [8.331218784153707, 49.01830681179894], [8.331226090802357, 49.01830941546507], [8.331439594938187, 49.01838330237338], [8.331438899009786, 49.01838385104908], [8.331354994628494, 49.018418172923234], [8.331269357359522, 49.01844452283824], [8.33119641309814, 49.018456118188396], [8.331125471233774, 49.01846247019454], [8.331057279327053, 49.01846380604573], [8.331009891153778, 49.01846090784379], [8.33098005501131, 49.018456127688594], [8.330915315072366, 49.018439924943465], [8.330651850913531, 49.01836589454117], [8.330381194700733, 49.01828260822888], [8.32995017699126, 49.01815000290279], [8.329156886905693, 49.01790590618021], [8.329142548698398, 49.017901754827975], [8.328799549874955, 49.01780855521791], [8.328768930427287, 49.017801336299264], [8.328472431580204, 49.01774173655893], [8.328436861152305, 49.01773593716082], [8.328202161600197, 49.0177063498323], [8.328032261775373, 49.01768486250755], [8.327986704006767, 49.01768116459507], [8.327626205622133, 49.01766796466107], [8.327594284612443, 49.01766777746187], [8.327379315871896, 49.01767312199301], [8.32596745073767, 49.01769608567237], [8.325965204225591, 49.017696127057135], [8.325581405952867, 49.01770402702953]]]}}, {"type": "Feature", "properties": {"klasse": "Straße"}, "geometry": {"type": "Polygon", "coordinates": [[[8.322613114528265, 49.013246140802046], [8.322579516786893, 49.013247553592855], [8.322546293190367, 49.01325113318189], [8.322513765910871, 49.01325684485755], [8.322435966211776, 49.013273244789126], [8.322405067165322, 49.01328085801383], [8.322375427751158, 49.01329039509948], [8.322347324047762, 49.01330176721245], [8.322321017829669, 49.01331486842658], [8.322296754129182, 49.01332957670981], [8.322274758954045, 49.01334575506085], [8.322255237182242, 49.01336325278518], [8.322224437085675, 49.01339385270931], [8.322218241615616, 49.01340071747806], [8.322211764946253, 49.013407469017274], [8.322209682381176, 49.01341020136945], [8.322207310354242, 49.013412829647244], [8.322202167639958, 49.01342006080662], [8.322196728207256, 49.013427197412305], [8.322195062819937, 49.0134300508786], [8.322193093855878, 49.013432819434676], [8.322189053425356, 49.01344034734517], [8.32218470361512, 49.01344780028823], [8.322183471444529, 49.013450747388376], [8.32218192450599, 49.01345362956016], [8.322179025271927, 49.01346138172424], [8.322175806976446, 49.01346907922907], [8.322175019889565, 49.013472091580915], [8.322173909874893, 49.01347505961167], [8.322172179759855, 49.01348296137201], [8.322170123974454, 49.01349082930769], [8.322169789551866, 49.013493877900856], [8.322169127151701, 49.01349690320683], [8.32216858281911, 49.01350487846533], [8.322167709343642, 49.013512841059494], [8.322167830806613, 49.01351589653435], [8.322167622400814, 49.013518949980245], [8.322168269094437, 49.01352692193096], [8.322168586342526, 49.013534902499465], [8.3221691625219, 49.01353793543017], [8.322169410118136, 49.013540987609616], [8.322171241611542, 49.01354887947832], [8.322172746529471, 49.01355680116382], [8.32217377187692, 49.01355978234157], [8.322174473091295, 49.013562803860374], [8.322177471747752, 49.01357053964397], [8.322180149843822, 49.01357832615615], [8.322181614485265, 49.013581226870514], [8.322182762565248, 49.0135841886297], [8.32218689950748, 49.013591693828104], [8.322190724991549, 49.01359927017838], [8.32219261482224, 49.01360206249386], [8.322194198711662, 49.013604935969894], [8.322199434099872, 49.013612138303586], [8.322204370131702, 49.01361943152733], [8.322206666951951, 49.01362208855219], [8.322208671397552, 49.013624846071885], [8.32221495481342, 49.01363167617838], [8.322220953857055, 49.01363861603711], [8.322431953093693, 49.01385701655688], [8.322439208966248, 49.013864217522645], [8.322562608613953, 49.01398171781934], [8.322582976635537, 49.01399921260474], [8.322605849894762, 49.01401531219218], [8.322631008777842, 49.01402986200249], [8.322658211725074, 49.01404272233654], [8.32268719755016, 49.01405376971642], [8.322717687948002, 49.014062898071174], [8.322749390166877, 49.014070019755216], [8.32278199981936, 49.014075066389914], [8.322815203804995, 49.01407798952012], [8.32284868331661, 49.01407876107946], [8.322882116901473, 49.014077373659795], [8.322915183547824, 49.014073840582405], [8.322947565767189, 49.01406819577002], [8.322978952642858, 49.014060493421105], [8.323009042815249, 49.01405080748949], [8.323037547375483, 49.01403923097431], [8.323685648667224, 49.01374622990164], [8.323685889113976, 49.013746109356134], [8.323686146084835, 49.01374600459487], [8.325322247947721, 49.01300350250252], [8.326409215774971, 49.012510197813064], [8.327795621776591, 49.01188505961887], [8.326586300984722, 49.01188505961887], [8.326022218948152, 49.01213940650694], [8.32602135328397, 49.01213979809277], [8.324933955433924, 49.01263329628823], [8.323402683628299, 49.01332822166345], [8.323213322742927, 49.01331455586493], [8.322680128776135, 49.013249849270515], [8.322646760614328, 49.013246908509444], [8.322613114528265, 49.013246140802046]]]}}, {"type": "Feature", "properties": {"klasse": "Straße"}, "geometry": {"type": "Polygon", "coordinates": [[[8.332852118624178, 49.01196016868494], [8.33223777011936, 49.012226915430155], [8.332234241245626, 49.01222846839784], [8.33145174441013, 49.01257746641821], [8.3300902822455, 49.01318464855629], [8.329313617576927, 49.0135308322447], [8.328278654837256, 49.01399235946482], [8.327174452740056, 49.014484759598574], [8.327171062047618, 49.01448629125178], [8.326786353671377, 49.014662321010874], [8.326649292411082, 49.01469302088715], [8.326618100890602, 49.01470115127495], [8.32658827110424, 49.014711253497616], [8.326560090326595, 49.01472323026633], [8.326533829952147, 49.0147369662396], [8.32650974288165, 49.01475232913383], [8.326488061086597, 49.01476917099738], [8.326468993375215, 49.014787329635304], [8.3264527233815, 49.014806630171314], [8.326439407796663, 49.01482688673192], [8.326429174860023, 49.01484790423641], [8.326422123123873, 49.01486948027558], [8.326418320504239, 49.01489140706095], [8.326417803626658, 49.01491347342594], [8.326420577473286, 49.014935466859484], [8.326426615334757, 49.014957175552524], [8.32643585906724, 49.01497839043804], [8.326448219652244, 49.01499890720433], [8.326463578053762, 49.015018528262786], [8.326481786364543, 49.01503706465072], [8.326502669230413, 49.015054337851296], [8.326526025538966, 49.015070181512804], [8.326551630356345, 49.015084443050704], [8.326579237093476, 49.015096985117154], [8.326608579880876, 49.015107686923876], [8.326639376129181, 49.01511644540544], [8.326671329250733, 49.0151231762118], [8.326704131515982, 49.01512781452078], [8.326737467017226, 49.01513031566234], [8.32677101471114, 49.01513065554878], [8.326804451510746, 49.01512883090675], [8.326837455397094, 49.01512485930872], [8.32686970852064, 49.0151187790039], [8.327052309212565, 49.01507787883403], [8.327081948257392, 49.0150702091838], [8.327110373607079, 49.01506075860847], [8.327137338568535, 49.01504960912632], [8.327559851043794, 49.01485628095883], [8.328662348974692, 49.0143646391529], [8.32969721628504, 49.01390315297949], [8.330473885442204, 49.01355696616386], [8.33183545570268, 49.01294973384907], [8.332616203067, 49.01260151498028], [8.332852118624178, 49.01249908159809], [8.332852118624178, 49.01196016868494]]]}}, {"type": "Feature", "properties": {"klasse": "Straße"}, "geometry": {"type": "Polygon", "coordinates": [[[8.332852118624178, 49.03627475124351], [8.332852118624178, 49.03561350608843], [8.332750205399119, 49.035715757487694], [8.33250143402923, 49.03555916188439], [8.332475411614704, 49.03554435704], [8.332447258314572, 49.03553134633691], [8.33241725910965, 49.03552026147479], [8.332385717665115, 49.035511214659024], [8.332328517870746, 49.035497014719304], [8.332297477250867, 49.0354904026313], [8.332265619602978, 49.035485765370126], [8.332217819808593, 49.03548036539483], [8.332184500145404, 49.0354776999762], [8.332150943572701, 49.0354771946798], [8.332117473254275, 49.035478854371846], [8.33208441152328, 49.03548266306875], [8.332052076778155, 49.035488584091176], [8.332020780416432, 49.03549656041717], [8.331990823835952, 49.03550651523127], [8.33196249553235, 49.03551835266429], [8.331936068320806, 49.035531958716604], [8.33191179670874, 49.03554720235582], [8.331889914444817, 49.03556393677879], [8.331870632267822, 49.03558200082529], [8.331854135877116, 49.03560122053], [8.331840584144183, 49.03562141079788], [8.331830107582531, 49.0356423771867], [8.331822807090663, 49.03566391777949], [8.331818752980237, 49.03568582512921], [8.331817984298768, 49.035707888256475], [8.331820508453427, 49.03572989468138], [8.331826301139532, 49.03575163246982], [8.331835306574453, 49.035772892274565], [8.331847438034668, 49.03579346935134], [8.331862578690819, 49.035813165530726], [8.331880582732715, 49.035831791126576], [8.331901276773467, 49.035849166762986], [8.331924461519218, 49.0358651251017], [8.331949913688424, 49.03587951245375], [8.331977388162155, 49.0358921902597], [8.33200662034476, 49.03590303642398], [8.332037328712113, 49.035911946490884], [8.332069217522939, 49.03591883465055], [8.33208801923898, 49.035921589252794], [8.33255356455072, 49.03621463868731], [8.332580367633682, 49.036229842944515], [8.332609417368534, 49.036243144307186], [8.332640402576263, 49.03625440029116], [8.332672991344355, 49.03626349032226], [8.332706834582316, 49.036270317028], [8.33274156976124, 49.03627480728052], [8.332776824797346, 49.03627691298014], [8.332812222037909, 49.036276611570536], [8.33284742219573, 49.03627511156454], [8.332852118624178, 49.03627475124351]]]}}, {"type": "Feature", "properties": {"klasse": "Wald"}, "geometry": {"type": "Polygon", "coordinates": [[[8.2940937, 49.0148095], [8.2939403, 49.01496219999999], [8.2940434, 49.01514430000001], [8.2943186, 49.0152831], [8.2943847, 49.0153169], [8.2946757, 49.015465299999995], [8.2949587, 49.0154601], [8.2951227, 49.01533349999999], [8.2950672, 49.01518600000001], [8.2947365, 49.015074999999996], [8.2944482, 49.01505929999999], [8.2942392, 49.0148095], [8.2940937, 49.0148095]]]}}, {"type": "Feature", "properties": {"klasse": "Wald"}, "geometry": {"type": "Polygon", "coordinates": [[[8.2851528, 49.0261401], [8.284439700000002, 49.026070100000005], [8.2851342, 49.026366299999985], [8.2852747, 49.026309000000005], [8.2851528, 49.0261401]]]}}, {"type": "Feature", "properties": {"klasse": "Wald"}, "geometry": {"type": "Polygon", "coordinates": [[[8.2876677, 49.02676830000001], [8.287706, 49.026677500000005], [8.2876397, 49.0264572], [8.2876147, 49.026381799999996], [8.2875916, 49.026363100000005], [8.2875843, 49.0263769], [8.2875845, 49.0264363], [8.2871894, 49.02656149999999], [8.2873124, 49.026849899999995], [8.2876677, 49.02676830000001]]]}}, {"type": "Feature", "properties": {"klasse": "Wald"}, "geometry": {"type": "Polygon", "coordinates": [[[8.285036100000001, 49.0265383], [8.2856828, 49.0269131], [8.2860762, 49.02681719999999], [8.2858481, 49.0263795], [8.2852675, 49.02649069999999], [8.285036100000001, 49.0265383]]]}}, {"type": "Feature", "properties": {"klasse": "Wald"}, "geometry": {"type": "Polygon", "coordinates": [[[8.2839238, 49.02674249999999], [8.2843153, 49.02704849999999], [8.2847226, 49.02717549999999], [8.2850112, 49.0270926], [8.2844656, 49.026864399999994], [8.284244100000002, 49.0266518], [8.2839238, 49.02674249999999]]]}}, {"type": "Feature", "properties": {"klasse": "Wald"}, "geometry": {"type": "Polygon", "coordinates": [[[8.2946878, 49.02744309999999], [8.2954378, 49.0274017], [8.2954027, 49.02708009999999], [8.2948475, 49.0270791], [8.2944892, 49.026988100000004], [8.2943049, 49.0268346], [8.2941715, 49.026662699999996], [8.2938564, 49.026499300000005], [8.2937897, 49.0263047], [8.2935968, 49.02632870000001], [8.2937962, 49.026850399999994], [8.2938092, 49.0269694], [8.2936764, 49.0270182], [8.2933281, 49.0270179], [8.2924404, 49.02688599999998], [8.2920943, 49.02685559999999], [8.2917332, 49.02696089999999], [8.291773300000001, 49.02740279999999], [8.2920117, 49.027213599999996], [8.2931236, 49.0273822], [8.293006, 49.027553399999995], [8.2925311, 49.027898700000016], [8.292617300000002, 49.0279356], [8.292899100000001, 49.0278677], [8.2935358, 49.027471999999996], [8.2939382, 49.027408099999995], [8.2943402, 49.02744189999999], [8.2946878, 49.02744309999999]]]}}, {"type": "Feature", "properties": {"klasse": "Wald"}, "geometry": {"type": "Polygon", "coordinates": [[[8.2842125, 49.0273259], [8.2833465, 49.02679959999999], [8.2830381, 49.0269422], [8.2839554, 49.02746849999999], [8.2842125, 49.0273259]]]}}, {"type": "Feature", "properties": {"klasse": "Wald"}, "geometry": {"type": "Polygon", "coordinates": [[[8.2910989, 49.0284195], [8.2916289, 49.02812819999999], [8.2921606, 49.0278871], [8.2919689, 49.027849100000005], [8.2910471, 49.02837300000001], [8.2910989, 49.0284195]]]}}, {"type": "Feature", "properties": {"klasse": "Wald"}, "geometry": {"type": "Polygon", "coordinates": [[[8.2897382, 49.028010499999986], [8.2893894, 49.0280502], [8.2894659, 49.0284749], [8.289866300000002, 49.0284585], [8.2898378, 49.02831499999999], [8.2897666, 49.02823450000001], [8.2897382, 49.028010499999986]]]}}, {"type": "Feature", "properties": {"klasse": "Wald"}, "geometry": {"type": "Polygon", "coordinates": [[[8.2933187, 49.028723899999996], [8.2933494, 49.02863949999999], [8.2932774, 49.02855709999999], [8.2930369, 49.0283894], [8.2927841, 49.02869679999999], [8.2929727, 49.0287826], [8.2930738, 49.028828600000004], [8.2931793, 49.028876600000004], [8.2933187, 49.028723899999996]]]}}, {"type": "Feature", "properties": {"klasse": "Wald"}, "geometry": {"type": "Polygon", "coordinates": [[[8.2918647, 49.02931359999999], [8.2919791, 49.0293533], [8.292051, 49.0294893], [8.2923396, 49.029608599999996], [8.2923788, 49.0295264], [8.2922509, 49.0293256], [8.2923321, 49.02905239999999], [8.2922341, 49.02894189999999], [8.2920993, 49.0289047], [8.2920748, 49.0287179], [8.292159, 49.02854010000001], [8.2922326, 49.0282819], [8.2925482, 49.0280469], [8.2924751, 49.0279961], [8.2921723, 49.0281264], [8.2920358, 49.0281284], [8.2917875, 49.0282018], [8.291437100000001, 49.02845320000001], [8.2914697, 49.0286233], [8.2918677, 49.0289701], [8.2919442, 49.0291911], [8.2919058, 49.029250299999994], [8.2918647, 49.02931359999999]]]}}, {"type": "Feature", "properties": {"klasse": "Wald"}, "geometry": {"type": "Polygon", "coordinates": [[[8.2930996, 49.0293347], [8.2935198, 49.0287704], [8.2934107, 49.02868099999999], [8.2932484, 49.02890210000001], [8.293050800000001, 49.029319799999996], [8.2930996, 49.0293347]]]}}, {"type": "Feature", "properties": {"klasse": "Wald"}, "geometry": {"type": "Polygon", "coordinates": [[[8.2929454, 49.033691999999995], [8.2928431, 49.0336068], [8.2924517, 49.033824], [8.2927677, 49.034103699999996], [8.2930554, 49.0339083], [8.2928488, 49.03374649999999], [8.2929454, 49.033691999999995]]]}}, {"type": "Feature", "properties": {"klasse": "Wald"}, "geometry": {"type": "Polygon", "coordinates": [[[8.294603, 49.03479639999999], [8.2947827, 49.03459589999999], [8.2943589, 49.0344236], [8.2941658, 49.03461870000001], [8.294603, 49.03479639999999]]]}}, {"type": "Feature", "properties": {"klasse": "Wald"}, "geometry": {"type": "Polygon", "coordinates": [[[8.2821746, 49.03764199999999], [8.2823423, 49.03756810000001], [8.2821096, 49.03716459999999], [8.2818675, 49.037301799999995], [8.2817564, 49.03740080000001], [8.2816784, 49.0375119], [8.2819426, 49.03759449999999], [8.2821746, 49.03764199999999]]]}}, {"type": "Feature", "properties": {"klasse": "Wald"}, "geometry": {"type": "Polygon", "coordinates": [[[8.2919909, 49.0388133], [8.2920005, 49.038823300000004], [8.2923957, 49.0387129], [8.2923925, 49.0386992], [8.2924072, 49.038690899999985], [8.2924274, 49.0386927], [8.2924351, 49.038701800000005], [8.2928803, 49.0385925], [8.2928846, 49.03860120000001], [8.2934308, 49.03845419999999], [8.29342, 49.03843609999999], [8.2934604, 49.0384273], [8.2934703, 49.0384426], [8.2943919, 49.038204399999984], [8.2943814, 49.03818859999999], [8.2944236, 49.03817899999999], [8.2944321, 49.03819239999999], [8.2953915, 49.037942199999996], [8.2953801, 49.037925400000006], [8.2954343, 49.03791439999999], [8.295444300000002, 49.037929399999996], [8.2957174, 49.03786060000001], [8.2964196, 49.03767020000001], [8.2964106, 49.037657900000006], [8.2964565, 49.037647799999995], [8.2964618, 49.037660200000005], [8.2965898, 49.0376292], [8.29673, 49.0375928], [8.2965007, 49.0375319], [8.2964586, 49.03755449999999], [8.2963535, 49.03753450000001], [8.2963399, 49.0375594], [8.2920239, 49.03862309999999], [8.2913337, 49.0388116], [8.2913634, 49.038857699999994], [8.2915332, 49.03891089999999], [8.2917782, 49.0388503], [8.2917853, 49.03884289999999], [8.2918071, 49.038842300000006], [8.2918168, 49.0388541], [8.291947, 49.03882180000001], [8.2919685, 49.03880899999999], [8.2919909, 49.0388133]]]}}, {"type": "Feature", "properties": {"klasse": "Wald"}, "geometry": {"type": "Polygon", "coordinates": [[[8.2960798, 49.03789830000001], [8.2963383, 49.03782850000001], [8.2967482, 49.0377257], [8.2969799, 49.037672900000004], [8.2969126, 49.037650400000004], [8.2966449, 49.037714300000005], [8.2928937, 49.03871549999999], [8.2920682, 49.03894110000001], [8.2920705, 49.0389638], [8.291404300000002, 49.03913200000001], [8.2913869, 49.0391184], [8.2913119, 49.0391197], [8.291249, 49.03913709999999], [8.2913105, 49.0392366], [8.2914505, 49.03931049999999], [8.2916588, 49.0393642], [8.2919285, 49.0393284], [8.2923211, 49.03923210000001], [8.2932326, 49.038909899999986], [8.2940826, 49.03861220000001], [8.2949634, 49.03825859999999], [8.2955233, 49.0380706], [8.2960798, 49.03789830000001]]]}}, {"type": "Feature", "properties": {"klasse": "Wald"}, "geometry": {"type": "Polygon", "coordinates": [[[8.2833543, 49.03913709999999], [8.2830236, 49.03881219999999], [8.2830082, 49.0391378], [8.2833543, 49.03913709999999]]]}}, {"type": "Feature", "properties": {"klasse": "Wald"}, "geometry": {"type": "Polygon", "coordinates": [[[8.277426951540438, 49.03916645645153], [8.2774553, 49.03915860000001], [8.2777235, 49.0391058], [8.2782063, 49.03906539999999], [8.2784022, 49.039051900000004], [8.2780333, 49.039035500000004], [8.2777637, 49.039038999999995], [8.2774807, 49.0390636], [8.277426951540438, 49.039074268756515], [8.277426951540438, 49.03916645645153]]]}}, {"type": "Feature", "properties": {"klasse": "Wald"}, "geometry": {"type": "Polygon", "coordinates": [[[8.279037799999998, 49.039278100000004], [8.279088700000003, 49.039235899999994], [8.2790083, 49.0392219], [8.27885, 49.039202499999995], [8.278622, 49.03919019999999], [8.278428900000002, 49.03917789999999], [8.2782358, 49.039176100000006], [8.2780856, 49.03917789999999], [8.2779568, 49.0391902], [8.2778013, 49.0392113], [8.2776323, 49.0392447], [8.2775009, 49.03927809999999], [8.2774794, 49.0393643], [8.277605500000002, 49.039352], [8.2777745, 49.039295700000004], [8.2778844, 49.03927109999999], [8.2781124, 49.0392517], [8.2782733, 49.03925], [8.2783914, 49.0392746], [8.2784906, 49.03932379999999], [8.2786059, 49.0393256], [8.279037799999998, 49.039278100000004]]]}}, {"type": "Feature", "properties": {"klasse": "Wald"}, "geometry": {"type": "Polygon", "coordinates": [[[8.29055, 49.039190699999985], [8.2905935, 49.0391792], [8.2906052, 49.03919859999999], [8.2909205, 49.03912630000001], [8.2910156, 49.0391013], [8.2909592, 49.03900219999999], [8.2906191, 49.039081799999984], [8.2894361, 49.0394139], [8.2892101, 49.0394799], [8.2892518, 49.039556100000006], [8.2896111, 49.0394614], [8.2896006, 49.0394436], [8.2896359, 49.03943369999999], [8.2896475, 49.039451299999996], [8.2905612, 49.039209299999996], [8.29055, 49.039190699999985]]]}}, {"type": "Feature", "properties": {"klasse": "Wald"}, "geometry": {"type": "Polygon", "coordinates": [[[8.2908182, 49.039251], [8.2891862, 49.0396803], [8.288490800000002, 49.039860899999994], [8.2884965, 49.03987709999999], [8.288716, 49.03986769999999], [8.2905117, 49.03963050000001], [8.2908326, 49.0395656], [8.2909794, 49.03948729999998], [8.2910716, 49.03940670000001], [8.2910955, 49.039306], [8.2910303, 49.0391853], [8.2909672, 49.0392019], [8.2908182, 49.039251]]]}}, {"type": "Feature", "properties": {"klasse": "Wald"}, "geometry": {"type": "Polygon", "coordinates": [[[8.2879418, 49.039876199999995], [8.2883349, 49.0397979], [8.2882716, 49.039724699999994], [8.2866247, 49.03967049999999], [8.2862839, 49.03966919999999], [8.286067, 49.0396659], [8.2854946, 49.03957379999999], [8.2845749, 49.03943429999999], [8.2844944, 49.03947740000001], [8.2849437, 49.039612899999995], [8.2856077, 49.03972759999999], [8.286741, 49.0398475], [8.2879418, 49.039876199999995]]]}}, {"type": "Feature", "properties": {"klasse": "Wald"}, "geometry": {"type": "Polygon", "coordinates": [[[8.2777064, 49.039839900000004], [8.2780319, 49.039737], [8.2783297, 49.0396612], [8.2786247, 49.0396157], [8.2786087, 49.039564599999984], [8.277426951540438, 49.03962024926336], [8.277426951540438, 49.039967974080405], [8.2774848, 49.0399392], [8.2777064, 49.039839900000004]]]}}, {"type": "Feature", "properties": {"klasse": "Wald"}, "geometry": {"type": "Polygon", "coordinates": [[[8.279639, 49.039630900000006], [8.2790419, 49.0396692], [8.2786154, 49.0397248], [8.2783659, 49.03977209999999], [8.2780735, 49.039846100000005], [8.2778133, 49.0399261], [8.2775948, 49.040023500000004], [8.277426951540438, 49.0401132235349], [8.277426951540438, 49.04039707075244], [8.2775279, 49.04027829999999], [8.2788211, 49.0397908], [8.279639, 49.039630900000006]]]}}, {"type": "Feature", "properties": {"klasse": "Wald"}, "geometry": {"type": "Polygon", "coordinates": [[[8.2917141, 49.04033539999999], [8.2915818, 49.0403625], [8.2914349, 49.040383599999984], [8.2913046, 49.04039149999999], [8.2910774, 49.04037760000001], [8.2909763, 49.0403744], [8.2909339, 49.040385], [8.2909072, 49.040403399999995], [8.2908918, 49.040425499999984], [8.2908764, 49.04046230000001], [8.2908844, 49.04052529999999], [8.2908428, 49.040538399999996], [8.2909462, 49.0408069], [8.2910099, 49.0408877], [8.2910854, 49.0409607], [8.2912117, 49.04102569999999], [8.2913617, 49.0410636], [8.2915121, 49.0410768], [8.2916596, 49.0410745], [8.2918821, 49.0410214], [8.2921861, 49.0409492], [8.2922637, 49.0409192], [8.2923352, 49.0408488], [8.292432700000003, 49.040803200000006], [8.2922677, 49.0403702], [8.2917141, 49.04033539999999]]]}}, {"type": "Feature", "properties": {"klasse": "Wald"}, "geometry": {"type": "Polygon", "coordinates": [[[8.2862087, 49.040054399999995], [8.285653400000001, 49.039991099999995], [8.2855008, 49.04008679999999], [8.2851542, 49.04025509999999], [8.2839813, 49.0407856], [8.2834791, 49.0409897], [8.2828463, 49.04122919999998], [8.2820436, 49.0415259], [8.281991700000003, 49.04142639999999], [8.2825327, 49.040813099999994], [8.2827312, 49.040466699999996], [8.2828411, 49.0402381], [8.2829726, 49.039976200000005], [8.283053000000002, 49.03989699999999], [8.2831576, 49.0398346], [8.2832884, 49.03979389999999], [8.283728, 49.0397452], [8.283738500000002, 49.03972819999999], [8.283519300000002, 49.03969219999999], [8.283437, 49.0396882], [8.2832395, 49.039747999999996], [8.2831322, 49.0397643], [8.2830195, 49.03976599999999], [8.2829726, 49.039794199999996], [8.282931, 49.0397889], [8.282935, 49.0397001], [8.2829015, 49.039707099999994], [8.2828571, 49.0399032], [8.2827878, 49.040091], [8.2826467, 49.0403568], [8.2825193, 49.040581899999985], [8.2823798, 49.040796399999984], [8.282243, 49.040982799999995], [8.2820392, 49.0412219], [8.2817924, 49.041468], [8.2815564, 49.041679], [8.2812493, 49.04191809999998], [8.2809757, 49.04209919999999], [8.2808745, 49.04217270000001], [8.2810481, 49.042093999999985], [8.2819735, 49.04168250000001], [8.2826494, 49.04141879999999], [8.2832971, 49.0411858], [8.2840119, 49.04095019999999], [8.2849585, 49.040688199999984], [8.285772300000001, 49.04047369999999], [8.2863825, 49.040316399999995], [8.2868253, 49.040195700000005], [8.2866472, 49.04008520000001], [8.2862087, 49.040054399999995]]]}}, {"type": "Feature", "properties": {"klasse": "Wald"}, "geometry": {"type": "Polygon", "coordinates": [[[8.2845758, 49.0410629], [8.2848179, 49.040904099999985], [8.2850452, 49.04081320000001], [8.2850715, 49.040835], [8.2855904, 49.0407183], [8.286063800000003, 49.04063639999999], [8.286367200000003, 49.040605299999996], [8.2865851, 49.0405548], [8.2866907, 49.040561099999984], [8.2868214, 49.04054080000001], [8.2869168, 49.0404822], [8.2870018, 49.04043920000001], [8.2870958, 49.040422099999994], [8.2871991, 49.040411399999996], [8.2872717, 49.04043729999999], [8.2873482, 49.0404736], [8.2873868, 49.0405014], [8.2874703, 49.040527299999994], [8.2875908, 49.040538399999996], [8.2878965, 49.0405217], [8.2881417, 49.04047529999999], [8.2884342, 49.04040909999999], [8.2884582, 49.0403856], [8.2884708, 49.04036189999999], [8.2884271, 49.04023140000001], [8.288090500000001, 49.0402164], [8.2877093, 49.04024089999999], [8.2876401, 49.0401898], [8.2875575, 49.0401619], [8.2874354, 49.040139], [8.2871306, 49.04021980000001], [8.2848814, 49.040822899999995], [8.2843077, 49.04098729999999], [8.2836014, 49.041217800000005], [8.2831777, 49.041385999999996], [8.2824195, 49.0417412], [8.2828865, 49.041680799999995], [8.2840742, 49.0414597], [8.2842735, 49.04130000000001], [8.2845758, 49.0410629]]]}}, {"type": "Feature", "properties": {"klasse": "Wald"}, "geometry": {"type": "Polygon", "coordinates": [[[8.2802099, 49.0422601], [8.2812399, 49.041694], [8.2815935, 49.0414848], [8.2818046, 49.0412831], [8.2820487, 49.0410155], [8.2822231, 49.04079319999999], [8.2824174, 49.0404738], [8.2825394, 49.040253099999994], [8.2826789, 49.0399524], [8.2827699, 49.0396959], [8.2826896, 49.039713299999995], [8.282475, 49.039808199999996], [8.282566200000002, 49.0398689], [8.2825434, 49.0400579], [8.2824536, 49.04020830000001], [8.2823396, 49.04031019999999], [8.282125, 49.0406557], [8.2820177, 49.0408052], [8.2817508, 49.04096330000001], [8.2818031, 49.04101790000001], [8.2816807, 49.0411898], [8.2813686, 49.0415175], [8.2809233, 49.041745899999995], [8.2803553, 49.0419912], [8.2801375, 49.0419478], [8.2791746, 49.04238719999999], [8.2786295, 49.04267349999999], [8.278585, 49.0427082], [8.2783722, 49.04275440000001], [8.2781771, 49.0428185], [8.2778587, 49.042954599999995], [8.2777852, 49.042938299999996], [8.2777521, 49.042930899999995], [8.2777857, 49.04284809999999], [8.277800400000002, 49.042745999999994], [8.2777236, 49.04203950000001], [8.2777717, 49.0419806], [8.277426951540438, 49.041529542920124], [8.277426951540438, 49.04340832425573], [8.2788206, 49.04277330000001], [8.2795394, 49.042442799999996], [8.2796422, 49.0424619], [8.279542, 49.04256429999999], [8.279078, 49.0428104], [8.2790995, 49.042822699999995], [8.2796305, 49.042565999999994], [8.2797714, 49.0425054], [8.2802099, 49.0422601]]]}}, {"type": "Feature", "properties": {"klasse": "Wald"}, "geometry": {"type": "Polygon", "coordinates": [[[8.2915074, 49.0421124], [8.2923388, 49.042435899999994], [8.2926232, 49.042443], [8.2928377, 49.04240079999999], [8.2927787, 49.0422179], [8.2926124, 49.042137000000004], [8.2923067, 49.042107099999996], [8.2921216, 49.0420175], [8.2921484, 49.0419085], [8.2922235, 49.041857500000006], [8.2926258, 49.04187329999999], [8.2930925, 49.04187859999998], [8.2932642, 49.041853999999994], [8.2933259, 49.0417872], [8.2931006, 49.0416729], [8.2929102, 49.04148560000001], [8.2927787, 49.0413239], [8.2926392, 49.041142799999996], [8.2925011, 49.0411428], [8.2922101, 49.0411278], [8.291899, 49.04116469999999], [8.2914188, 49.041214000000004], [8.2912579, 49.0411929], [8.2910943, 49.0411489], [8.2910272, 49.04117529999999], [8.2909626, 49.041208999999995], [8.2908824, 49.0412509], [8.2904345, 49.04123859999999], [8.2897862, 49.0412795], [8.2891095, 49.04125969999999], [8.2890666, 49.0412984], [8.2890961, 49.0413476], [8.289281100000002, 49.041381], [8.2897961, 49.04144430000001], [8.2897961, 49.041570899999996], [8.2906705, 49.04181700000001], [8.2908046, 49.041585], [8.2916254, 49.0417221], [8.2915449, 49.041929599999996], [8.2915074, 49.0421124]]]}}, {"type": "Feature", "properties": {"klasse": "Wald"}, "geometry": {"type": "Polygon", "coordinates": [[[8.282761500000001, 49.04179110000001], [8.2822151, 49.041892000000004], [8.2816787, 49.042067399999986], [8.281273, 49.042253], [8.2808188, 49.04250030000001], [8.2808964, 49.0425554], [8.2817332, 49.042285], [8.2822727, 49.042144], [8.2830697, 49.041926799999985], [8.2835079, 49.0418111], [8.2837107, 49.04172769999999], [8.2837048, 49.0416641], [8.2835573, 49.041683400000004], [8.2831426, 49.041757499999996], [8.282761500000001, 49.04179110000001]]]}}, {"type": "Feature", "properties": {"klasse": "Wald"}, "geometry": {"type": "Polygon", "coordinates": [[[8.293004, 49.0426012], [8.292489, 49.0425238], [8.2920068, 49.04239559999999], [8.2889847, 49.0414153], [8.2885597, 49.0412774], [8.2880169, 49.041183], [8.2877823, 49.0412], [8.2875647, 49.0411819], [8.2874353, 49.0411442], [8.2872373, 49.0411735], [8.2866589, 49.041164599999995], [8.2865643, 49.04091689999999], [8.286558, 49.0408968], [8.2860361, 49.041017700000005], [8.285936, 49.04090239999999], [8.2852723, 49.04094339999999], [8.2850371, 49.041021], [8.2846947, 49.04120210000001], [8.2845379, 49.04131950000001], [8.2845526, 49.04135109999999], [8.2855677, 49.04114379999999], [8.2857999, 49.04135370000001], [8.2861113, 49.04134169999999], [8.2861967, 49.0413404], [8.2862917, 49.041338999999994], [8.2865124, 49.0413513], [8.2867584, 49.041370999999984], [8.2869972, 49.0413979], [8.2873925, 49.0414901], [8.2890876, 49.0419894], [8.2907946, 49.04252199999999], [8.2927498, 49.043152799999994], [8.2942051, 49.0436377], [8.2943984, 49.04341709999999], [8.2942697, 49.0430936], [8.2939478, 49.04277710000001], [8.2936259, 49.04251690000001], [8.2932611, 49.042341099999994], [8.2932611, 49.0422637], [8.293465, 49.04210199999999], [8.2942325, 49.0418311], [8.2962549, 49.04135639999999], [8.2967699, 49.041208699999984], [8.296904, 49.0409344], [8.2967859, 49.040959], [8.2935995, 49.04180650000001], [8.2934514, 49.0419542], [8.2932073, 49.0419796], [8.2931418, 49.042229100000014], [8.293224, 49.0424183], [8.2931811, 49.04254849999999], [8.293004, 49.0426012]]]}}, {"type": "Feature", "properties": {"klasse": "Wald"}, "geometry": {"type": "Polygon", "coordinates": [[[8.2776968, 49.0442504], [8.2777129, 49.0443278], [8.2777263, 49.04443680000001], [8.2777371, 49.04461260000001], [8.2777343, 49.0449432], [8.2777639, 49.0452135], [8.2778149, 49.045333], [8.2779275, 49.045445599999994], [8.2780241, 49.0455106], [8.2781661, 49.0455707], [8.2783352, 49.0455985], [8.2784852, 49.0455988], [8.2786061, 49.04558269999999], [8.278732000000002, 49.045542499999996], [8.2788207, 49.045491299999995], [8.278901, 49.045416], [8.2789629, 49.045322500000005], [8.2789789, 49.04512389999999], [8.2788594, 49.0443277], [8.2788098, 49.044195], [8.2787085, 49.0440965], [8.2786012, 49.0440359], [8.2784759, 49.04400289999998], [8.2783719, 49.04400029999999], [8.2782727, 49.044012099999996], [8.2781233, 49.044064099999986], [8.2779516, 49.04413439999999], [8.2776968, 49.0442504]], [[8.2781201, 49.04482729999999], [8.2782434, 49.0448009], [8.2783537, 49.0447321], [8.278356, 49.04467090000001], [8.278509, 49.0445776], [8.2785763, 49.044491300000004], [8.2787233, 49.0444369], [8.2787455, 49.04450349999999], [8.2786846, 49.04461579999999], [8.2786436, 49.04469329999999], [8.2786095, 49.0447635], [8.2785827, 49.04482329999999], [8.2785041, 49.0448691], [8.2784378, 49.0448514], [8.2784182, 49.044907800000004], [8.2784539, 49.044960399999994], [8.278359200000002, 49.0449641], [8.2783144, 49.044918199999984], [8.2782198, 49.044897299999995], [8.2781178, 49.04489019999999], [8.2780535, 49.0449043], [8.2779676, 49.04490430000001], [8.2779604, 49.04484789999999], [8.2779711, 49.0447775], [8.2779658, 49.044714199999994], [8.2780033, 49.0446263], [8.2779979, 49.04457359999999], [8.2779604, 49.044534899999995], [8.2779175, 49.0445068], [8.2778764, 49.044492899999995], [8.2778249, 49.0444563], [8.2778679, 49.044366399999994], [8.2779659, 49.04428519999999], [8.278099, 49.0442557], [8.2781933, 49.0443306], [8.278259, 49.044442300000014], [8.2782302, 49.044524700000004], [8.2781446, 49.044614300000006], [8.2780549, 49.044723899999994], [8.2780421, 49.0448133], [8.2781201, 49.04482729999999]]]}}, {"type": "Feature", "properties": {"klasse": "Wald"}, "geometry": {"type": "Polygon", "coordinates": [[[8.2796634, 49.044829799999995], [8.2796508, 49.0446938], [8.2796822, 49.044597599999996], [8.2797826, 49.04441349999998], [8.2797073, 49.044372900000006], [8.2795989, 49.044469199999995], [8.2795021, 49.0446663], [8.2794774, 49.0450394], [8.2794815, 49.0454456], [8.2793834, 49.0456918], [8.2796266, 49.0457451], [8.2797569, 49.045722899999994], [8.2797178, 49.0453079], [8.2796634, 49.044829799999995]]]}}, {"type": "Feature", "properties": {"klasse": "Wald"}, "geometry": {"type": "Polygon", "coordinates": [[[8.2776953, 49.0458107], [8.2777275, 49.04584669999999], [8.2778589, 49.0458388], [8.2778616, 49.04584929999999], [8.2783645, 49.045756999999995], [8.2783793, 49.0457043], [8.2782693, 49.04569020000001], [8.2781272, 49.0456718], [8.2780051, 49.04563310000001], [8.277875, 49.0456006], [8.277816, 49.04558829999999], [8.2777637, 49.0456058], [8.2777208, 49.04564719999999], [8.2776953, 49.0458107]]]}}, {"type": "Feature", "properties": {"klasse": "Wald"}, "geometry": {"type": "Polygon", "coordinates": [[[8.277502, 49.0479282], [8.277577, 49.04791479999999], [8.2776246, 49.0479572], [8.2776873, 49.0481444], [8.2777042, 49.04826250000001], [8.2777204, 49.0483361], [8.2776818, 49.04840889999999], [8.2775776, 49.048448], [8.277436, 49.04847240000001], [8.277426951540438, 49.04847337821185], [8.277426951540438, 49.049656337256394], [8.2777049, 49.0491904], [8.2779672, 49.0490819], [8.2782525, 49.049043399999995], [8.2781432, 49.0481053], [8.2779609, 49.046823700000004], [8.2784995, 49.04674369999999], [8.2784742, 49.04664759999999], [8.277426951540438, 49.046705290937524], [8.277426951540438, 49.047952906305134], [8.277502, 49.0479282]]]}}, {"type": "Feature", "properties": {"klasse": "Wald"}, "geometry": {"type": "Polygon", "coordinates": [[[8.2941949, 49.0486683], [8.2941976, 49.04878080000001], [8.2942727, 49.0488406], [8.2943612, 49.048893299999996], [8.2944819, 49.048928499999995], [8.2945839, 49.0489478], [8.2947797, 49.048937300000006], [8.2948735, 49.0488547], [8.2948306, 49.0487386], [8.2946858, 49.04867529999999], [8.2943934, 49.0486033], [8.2942352, 49.0486103], [8.2941949, 49.0486683]]]}}, {"type": "Feature", "properties": {"klasse": "Wald"}, "geometry": {"type": "Polygon", "coordinates": [[[8.2780051, 49.049478699999995], [8.2777825, 49.0495139], [8.277594700000002, 49.0496405], [8.2774419, 49.0499165], [8.277426951540438, 49.050035445192556], [8.277426951540438, 49.05019325531407], [8.2781124, 49.050160799999986], [8.2780051, 49.049478699999995]]]}}, {"type": "Feature", "properties": {"klasse": "Wald"}, "geometry": {"type": "Polygon", "coordinates": [[[8.2825245, 49.0507485], [8.2821421, 49.050769], [8.2820311, 49.050767300000004], [8.2820418, 49.05093779999999], [8.2820821, 49.0509185], [8.2822028, 49.050871], [8.2825354, 49.0508306], [8.2825245, 49.0507485]]]}}, {"type": "Feature", "properties": {"klasse": "Wald"}, "geometry": {"type": "Polygon", "coordinates": [[[8.27749094207605, 49.053453775110945], [8.277997343980662, 49.053453775110945], [8.2777703, 49.053199299999996], [8.2775473, 49.0530074], [8.2776725, 49.05278359999999], [8.277426951540438, 49.052528219183664], [8.277426951540438, 49.05311520002607], [8.2774321, 49.0531164], [8.2775212, 49.0531846], [8.2774673, 49.0533358], [8.2774901, 49.05345299999999], [8.27749094207605, 49.053453775110945]]]}}, {"type": "Feature", "properties": {"klasse": "Wald"}, "geometry": {"type": "Polygon", "coordinates": [[[8.293660412708238, 49.053453775110945], [8.29405489763209, 49.053453775110945], [8.2941923, 49.0530156], [8.2937577, 49.05305070000001], [8.293660412708238, 49.053453775110945]]]}}, {"type": "Feature", "properties": {"klasse": "Wald"}, "geometry": {"type": "Polygon", "coordinates": [[[8.298925906702777, 49.01188505961887], [8.2994905, 49.012677], [8.3004701, 49.0124866], [8.3008235, 49.01227190000001], [8.3007866, 49.01193909999999], [8.3005228, 49.01194479999999], [8.30051980596367, 49.01188505961887], [8.298925906702777, 49.01188505961887]]]}}, {"type": "Feature", "properties": {"klasse": "Wald"}, "geometry": {"type": "Polygon", "coordinates": [[[8.3031576, 49.0169237], [8.3030468, 49.0169709], [8.3030092, 49.0170198], [8.3029846, 49.0170693], [8.3029709, 49.01712619999999], [8.3029951, 49.0172208], [8.3030223, 49.0173334], [8.3030662, 49.01748909999999], [8.3031165, 49.01757330000001], [8.3032072, 49.0173761], [8.3032539, 49.01728679999999], [8.3033469, 49.0171796], [8.303472, 49.0170872], [8.3036612, 49.01698449999999], [8.3036894, 49.0169704], [8.3036362, 49.016936], [8.3036106, 49.0168886], [8.3032581, 49.016915499999996], [8.3031576, 49.0169237]]]}}, {"type": "Feature", "properties": {"klasse": "Wald"}, "geometry": {"type": "Polygon", "coordinates": [[[8.3026476, 49.0213137], [8.3026592, 49.021204999999995], [8.3025507, 49.021029999999996], [8.3025304, 49.02068660000001], [8.3024498, 49.020417499999986], [8.3023483, 49.02012989999999], [8.3022039, 49.0198827], [8.3021699, 49.019746500000004], [8.3021105, 49.019568099999994], [8.302156, 49.019508200000004], [8.3020651, 49.019433299999996], [8.301932500000001, 49.019331699999995], [8.3018491, 49.019273999999996], [8.3018881, 49.01916789999999], [8.3021015, 49.019208899999995], [8.3021464, 49.01917099999999], [8.30204, 49.0189708], [8.302297, 49.01895330000001], [8.3023555, 49.0191003], [8.3023921, 49.019266599999995], [8.3025341, 49.0194986], [8.3024883, 49.01953759999999], [8.3025873, 49.0196949], [8.3027932, 49.0199006], [8.3028721, 49.0200912], [8.3029171, 49.0201843], [8.3029563, 49.0204761], [8.3029984, 49.02088229999999], [8.3029738, 49.02107029999999], [8.3029586, 49.02123250000001], [8.3029755, 49.0213009], [8.3028966, 49.021402999999985], [8.3028335, 49.02145469999999], [8.302752, 49.02154060000001], [8.3027091, 49.02169450000001], [8.3027425, 49.021844099999996], [8.3027205, 49.0218795], [8.3027222, 49.0219188], [8.3027299, 49.0219891], [8.3026559, 49.02205719999999], [8.3025156, 49.02207939999999], [8.3024341, 49.022074999999994], [8.3023311, 49.0220308], [8.3022616, 49.021972600000005], [8.3022439, 49.02193030000001], [8.3022095, 49.021882399999996], [8.3021287, 49.02189680000001], [8.3021605, 49.0220124], [8.3021864, 49.022064099999994], [8.3023369, 49.022182699999995], [8.3024924, 49.022227], [8.3026456, 49.0222256], [8.3029881, 49.022179799999996], [8.3031189, 49.02212839999999], [8.3031823, 49.022062], [8.3032196, 49.02190259999999], [8.3032444, 49.0215198], [8.3033238, 49.02121189999999], [8.3033666, 49.021041999999994], [8.3034027, 49.02051889999999], [8.3034252, 49.0201805], [8.3034094, 49.019868699999996], [8.303281, 49.01932639999999], [8.30313, 49.0188447], [8.3029633, 49.018290599999986], [8.3028484, 49.01789899999999], [8.302783, 49.0176906], [8.302756, 49.017469], [8.3027631, 49.017236399999994], [8.3026382, 49.017098399999995], [8.3025685, 49.0170976], [8.3025354, 49.017112299999994], [8.3024144, 49.017277500000006], [8.3023279, 49.0173984], [8.302187, 49.01753130000001], [8.3021328, 49.0177152], [8.302065, 49.0178863], [8.3020946, 49.01805790000001], [8.3020532, 49.01809759999999], [8.3019872, 49.01816649999999], [8.3019635, 49.0183349], [8.3018301, 49.0184655], [8.3018492, 49.01861799999998], [8.3018335, 49.018822199999995], [8.3016738, 49.0189381], [8.301595900000002, 49.0189628], [8.3014955, 49.019075699999995], [8.3014509, 49.0192982], [8.3014876, 49.01957089999999], [8.3015784, 49.01991369999999], [8.3017297, 49.0204079], [8.3018476, 49.020771499999995], [8.3019719, 49.02119359999999], [8.3020133, 49.02143499999999], [8.3020441, 49.0216279], [8.3021074, 49.02181959999999], [8.302122, 49.02178190000001], [8.3021394, 49.021742100000004], [8.3022647, 49.021708499999995], [8.30233, 49.021676799999995], [8.3024063, 49.0216368], [8.3024147, 49.021489], [8.3025048, 49.0214388], [8.3025408, 49.02138709999999], [8.3026476, 49.0213137]]]}}, {"type": "Feature", "properties": {"klasse": "Wald"}, "geometry": {"type": "Polygon", "coordinates": [[[8.3038418, 49.0205055], [8.3037833, 49.0208536], [8.3036764, 49.022944599999995], [8.303696, 49.022993699999994], [8.303808, 49.0230447], [8.3048301, 49.02249369999999], [8.3052604, 49.022305900000006], [8.3055515, 49.0222117], [8.3055722, 49.0221452], [8.3055668, 49.02203219999999], [8.3054549, 49.0218977], [8.3052325, 49.0217246], [8.304664, 49.02122909999999], [8.3043558, 49.020931799999985], [8.3041517, 49.0206804], [8.3039926, 49.0204955], [8.3039378, 49.02043799999999], [8.3038418, 49.0205055]]]}}, {"type": "Feature", "properties": {"klasse": "Wald"}, "geometry": {"type": "Polygon", "coordinates": [[[8.2984852, 49.022402499999984], [8.2984426, 49.0224488], [8.2985319, 49.02256299999999], [8.2984098, 49.022613299999996], [8.2982651, 49.0226153], [8.2982067, 49.022568699999994], [8.2983178, 49.02249319999999], [8.2981469, 49.02244129999999], [8.2981064, 49.0224225], [8.2980749, 49.02238059999999], [8.2980476, 49.02236059999999], [8.2980209, 49.0223823], [8.2980344, 49.022436600000006], [8.2979544, 49.0224868], [8.2978473, 49.0224744], [8.2977302, 49.022637399999994], [8.2977206, 49.022653500000004], [8.2981075, 49.022728199999996], [8.2984403, 49.0226317], [8.2984695, 49.02268139999999], [8.2985935, 49.0226358], [8.2986502, 49.02259619999999], [8.2986194, 49.0224418], [8.2986108, 49.0224111], [8.2985383, 49.02238659999999], [8.2984852, 49.022402499999984]]]}}, {"type": "Feature", "properties": {"klasse": "Wald"}, "geometry": {"type": "Polygon", "coordinates": [[[8.2968901, 49.0226409], [8.2968724, 49.02265839999999], [8.2968788, 49.022677699999996], [8.2969877, 49.02266059999999], [8.2972207, 49.0226491], [8.2973235, 49.02264589999999], [8.2973371, 49.02264619999999], [8.2973353, 49.0226161], [8.2972646, 49.022583000000004], [8.297176800000003, 49.02257060000001], [8.2970646, 49.022564200000005], [8.297024800000003, 49.0225727], [8.2968901, 49.0226409]]]}}, {"type": "Feature", "properties": {"klasse": "Wald"}, "geometry": {"type": "Polygon", "coordinates": [[[8.3027111, 49.022972700000004], [8.3027467, 49.02302960000001], [8.302602, 49.0231157], [8.3024938, 49.02319979999999], [8.3024272, 49.0232323], [8.3025081, 49.023469999999996], [8.3026825, 49.0234505], [8.302917700000002, 49.0233946], [8.3029743, 49.023273399999994], [8.3030757, 49.0231966], [8.30315, 49.0231271], [8.3031928, 49.023017800000005], [8.3032176, 49.022935], [8.3032314, 49.0227541], [8.3031898, 49.0226691], [8.3031975, 49.0225728], [8.3032506, 49.0225399], [8.3032446, 49.02240119999999], [8.3032281, 49.02229630000001], [8.3030926, 49.0222747], [8.302745100000001, 49.0223243], [8.3026971, 49.02247849999999], [8.3026594, 49.0225503], [8.3026787, 49.022611399999995], [8.3027742, 49.02288060000001], [8.3027111, 49.022972700000004]]]}}, {"type": "Feature", "properties": {"klasse": "Wald"}, "geometry": {"type": "Polygon", "coordinates": [[[8.3057911, 49.0222552], [8.3061389, 49.02255050000001], [8.306191, 49.02262520000001], [8.3060967, 49.0247082], [8.3060284, 49.024674499999996], [8.3052836, 49.0242575], [8.305172, 49.024190299999994], [8.3049602, 49.0241736], [8.304773, 49.024336899999994], [8.3045829, 49.0245021], [8.3045123, 49.024727199999994], [8.3045075, 49.02481759999998], [8.3045456, 49.0249125], [8.3050237, 49.02578359999999], [8.3049763, 49.02587640000001], [8.3051863, 49.0263926], [8.305485, 49.026997299999984], [8.3060835, 49.0279795], [8.3069931, 49.029503199999986], [8.30716, 49.02991419999999], [8.3072592, 49.0300003], [8.3073573, 49.03059450000001], [8.307373, 49.030746399999984], [8.3076063, 49.03073959999999], [8.3076365, 49.030778399999996], [8.3076371, 49.031040999999995], [8.3075863, 49.03158909999999], [8.3075308, 49.032076599999996], [8.3074602, 49.03246769999999], [8.3073511, 49.03273579999999], [8.3072151, 49.0330302], [8.3069968, 49.03347959999999], [8.3068002, 49.0337605], [8.3066112, 49.034039899999996], [8.3065342, 49.03420619999999], [8.3061341, 49.03506749999998], [8.3061047, 49.0351325], [8.3061662, 49.0352773], [8.306253500000002, 49.03535409999999], [8.3062935, 49.035523999999995], [8.3063262, 49.035584], [8.3064176, 49.0356088], [8.3064066, 49.035684999999994], [8.3070089, 49.035774800000006], [8.3073729, 49.03580430000001], [8.3076056, 49.035810399999995], [8.3076638, 49.035816600000004], [8.3076994, 49.03583989999999], [8.3077289, 49.0359081], [8.3079912, 49.0358814], [8.3085863, 49.03580939999999], [8.3093198, 49.035718599999996], [8.310039, 49.03562269999999], [8.310521, 49.0355515], [8.3111191, 49.0354902], [8.311792, 49.035409200000004], [8.3125954, 49.03531069999999], [8.3134076, 49.035213000000006], [8.3139396, 49.03515], [8.3138021, 49.03505940000001], [8.3137507, 49.034924299999986], [8.3136288, 49.0348013], [8.313435, 49.03472029999999], [8.3124005, 49.03454599999999], [8.3124857, 49.0343111], [8.3133048, 49.034430300000004], [8.3135869, 49.03449150000001], [8.3140305, 49.0346565], [8.3150549, 49.031848], [8.3152936, 49.0318824], [8.3152806, 49.0320902], [8.3154148, 49.03208359999999], [8.3156128, 49.0320731], [8.3157632, 49.03202789999999], [8.3159095, 49.031972], [8.3167449, 49.03162579999999], [8.3157485, 49.030812899999994], [8.3154334, 49.0307646], [8.3155321, 49.0298346], [8.3183091, 49.0276548], [8.3196888, 49.02648610000001], [8.3218488, 49.024656300000004], [8.3222529, 49.024181099999986], [8.322466, 49.0236724], [8.3244863, 49.02486290000001], [8.3251195, 49.0254217], [8.3264448, 49.02592919999999], [8.3272726, 49.02623919999999], [8.3275676, 49.0263765], [8.3277053, 49.02628140000001], [8.3275079, 49.026160299999994], [8.3280446, 49.0258646], [8.3282215, 49.02590099999998], [8.3283647, 49.02576], [8.328829, 49.0253899], [8.3290608, 49.0254124], [8.3291522, 49.0253365], [8.3290598, 49.0252358], [8.3295102, 49.0248403], [8.3297895, 49.02446710000001], [8.3297807, 49.02429049999999], [8.3298837, 49.02409050000001], [8.3298598, 49.02402669999999], [8.3305126, 49.0239873], [8.3304698, 49.0233275], [8.3301534, 49.0231107], [8.3300776, 49.022984099999995], [8.3300426, 49.02275480000001], [8.3301136, 49.0224447], [8.3300342, 49.02236349999999], [8.3256808, 49.022463599999995], [8.3237198, 49.0222547], [8.3230888, 49.022145999999985], [8.3210303, 49.0219171], [8.3207847, 49.02188879999999], [8.3190805, 49.0205352], [8.3185658, 49.0201998], [8.3186822, 49.020120000000006], [8.3189639, 49.02026399999999], [8.3190088, 49.0202241], [8.3189873, 49.020202299999994], [8.3190582, 49.020135199999984], [8.3193289, 49.0200274], [8.3218447, 49.0200768], [8.3218802, 49.02001119999999], [8.3227757, 49.0200542], [8.3228984, 49.01991329999999], [8.3232466, 49.0197039], [8.3280976, 49.01965529999999], [8.3298857, 49.0197781], [8.3298735, 49.019957299999994], [8.3295649, 49.0205344], [8.3293272, 49.02061499999999], [8.3283707, 49.0204088], [8.3272916, 49.02030229999999], [8.3268338, 49.0203545], [8.3266817, 49.0201439], [8.3259868, 49.020118599999996], [8.3258891, 49.020202], [8.3255792, 49.0201472], [8.3255525, 49.02020790000001], [8.32672, 49.02043750000001], [8.3299512, 49.0209101], [8.3307078, 49.01992609999999], [8.3305851, 49.01975519999999], [8.3301811, 49.01963239999999], [8.3301607, 49.01956369999999], [8.3301312, 49.01949329999999], [8.3300641, 49.0194107], [8.329997, 49.0193579], [8.3299032, 49.019305100000004], [8.3297798, 49.01926989999999], [8.3295921, 49.01924369999999], [8.3285304, 49.01923849999999], [8.324785, 49.01930629999998], [8.3246976, 49.0187336], [8.3220909, 49.01876879999999], [8.3219076, 49.0187716], [8.3219548, 49.0196117], [8.3194719, 49.01962350000001], [8.3191444, 49.019624799999995], [8.3190371, 49.019603599999996], [8.3185665, 49.0196022], [8.3182638, 49.0192444], [8.317726800000003, 49.018836199999996], [8.3174153, 49.018620599999984], [8.3165222, 49.01805579999999], [8.3156908, 49.0176022], [8.3156511, 49.0175617], [8.3156488, 49.017524], [8.3156537, 49.01750949999999], [8.3157171, 49.0174721], [8.3188419, 49.01738900000001], [8.3188165, 49.01719359999999], [8.3168014, 49.0172257], [8.314699, 49.0172665], [8.3146769, 49.0173493], [8.3145167, 49.0173586], [8.3137193, 49.01741989999999], [8.3116791, 49.01744790000001], [8.3098871, 49.01749319999999], [8.3094738, 49.01750779999999], [8.3087587, 49.0175009], [8.3085516, 49.0174617], [8.3084359, 49.01740980000001], [8.3082665, 49.017309], [8.3080601, 49.01716540000001], [8.307985, 49.0170925], [8.3078152, 49.01702579999999], [8.3074464, 49.016931], [8.3072305, 49.016886], [8.3071084, 49.0168666], [8.3069801, 49.016853299999994], [8.3067618, 49.01683979999999], [8.3058471, 49.016845100000005], [8.3057291, 49.01685079999999], [8.3056781, 49.01686219999999], [8.3056416, 49.0168682], [8.3055551, 49.0168741], [8.305025, 49.016876700000005], [8.3049727, 49.01686000000001], [8.3049191, 49.0168574], [8.304466500000002, 49.0168671], [8.3043082, 49.016875000000006], [8.3041724, 49.0168896], [8.303989, 49.01693439999999], [8.3038544, 49.016979199999994], [8.3037242, 49.0170355], [8.3035556, 49.01712990000001], [8.3034231, 49.0172312], [8.3033312, 49.017340700000005], [8.3032519, 49.0174762], [8.303188700000002, 49.01767670000001], [8.3031904, 49.017817400000006], [8.3032406, 49.01801640000001], [8.3035123, 49.01887719999999], [8.303856, 49.01972229999999], [8.3062383, 49.021348], [8.3062522, 49.0220677], [8.306208, 49.02211629999999], [8.3057294, 49.0221448], [8.3057911, 49.0222552]], [[8.3066356, 49.02202609999999], [8.306637, 49.021962699999996], [8.3064083, 49.0208691], [8.3064556, 49.020630399999995], [8.3064679, 49.0203931], [8.3065039, 49.02018819999999], [8.306576, 49.0201261], [8.3067276, 49.0199913], [8.3067951, 49.0199284], [8.3066176, 49.0198548], [8.3065452, 49.019853], [8.3064808, 49.01984249999999], [8.3064365, 49.0198161], [8.3064271, 49.0197756], [8.3063976, 49.01972109999999], [8.3063588, 49.01962879999999], [8.3062984, 49.01957250000001], [8.3062367, 49.019543500000005], [8.3061469, 49.01951619999999], [8.3060476, 49.0194889], [8.3057941, 49.0194836], [8.3056895, 49.01947049999999], [8.3056024, 49.0194573], [8.3055179, 49.019429099999996], [8.3054414, 49.019392200000006], [8.3053985, 49.01935700000001], [8.3053341, 49.0192295], [8.3052188, 49.01905709999999], [8.305188, 49.018972700000006], [8.3051692, 49.01887059999999], [8.3051625, 49.01878529999999], [8.3052014, 49.0186279], [8.3052242, 49.018547899999994], [8.3052456, 49.018502099999985], [8.305251, 49.01845730000001], [8.3052282, 49.0184186], [8.3051772, 49.018388699999996], [8.3050928, 49.0183684], [8.3049895, 49.0183526], [8.3048728, 49.0183429], [8.3047843, 49.0183227], [8.3047199, 49.01831129999999], [8.3046623, 49.018316500000005], [8.3045912, 49.01830509999999], [8.3045416, 49.01828839999999], [8.3044182, 49.0182822], [8.3043806, 49.01827959999999], [8.3043243, 49.018265500000005], [8.3041982, 49.0182268], [8.3041044, 49.0181811], [8.3040239, 49.0181134], [8.3039823, 49.018067599999995], [8.3039595, 49.0180131], [8.303922, 49.017918099999996], [8.3038737, 49.017781799999995], [8.3038428, 49.01757599999999], [8.303863, 49.0173596], [8.3038536, 49.01720219999999], [8.3038549, 49.01716079999999], [8.3038791, 49.017138], [8.3039095, 49.0171339], [8.3039394, 49.0171388], [8.3039609, 49.01717229999999], [8.3039702, 49.01724], [8.3039863, 49.0173394], [8.304011800000001, 49.01758829999999], [8.3040521, 49.01787059999999], [8.3040842, 49.017963], [8.3041137, 49.0180386], [8.304162, 49.0181011], [8.3042277, 49.01815379999999], [8.3043431, 49.018199599999996], [8.3044758, 49.018216300000006], [8.3046153, 49.01822859999999], [8.3047266, 49.018247099999996], [8.3049399, 49.018262899999996], [8.3051182, 49.01828840000001], [8.3052322, 49.0183253], [8.3053248, 49.01835879999999], [8.3053623, 49.018390399999994], [8.3053824, 49.01843349999999], [8.3053905, 49.01849159999999], [8.3053865, 49.01852149999999], [8.305365, 49.01865599999999], [8.3053341, 49.0187369], [8.3053248, 49.01881869999999], [8.3053261, 49.0189137], [8.3053583, 49.0190263], [8.3054294, 49.0191653], [8.3055407, 49.0193025], [8.3056051, 49.0193473], [8.3057204, 49.01938249999999], [8.3058223, 49.019393900000004], [8.3059095, 49.01939749999999], [8.3060369, 49.01940449999999], [8.3061871, 49.019430899999996], [8.3063038, 49.01947049999998], [8.3063748, 49.01950389999999], [8.3064204, 49.01952229999999], [8.306459300000002, 49.019568099999994], [8.3064835, 49.0196165], [8.3065009, 49.01966829999999], [8.3065291, 49.0197229], [8.3066069, 49.019776499999985], [8.3067074, 49.0198055], [8.3068766, 49.01988269999999], [8.3070273, 49.0198513], [8.3072573, 49.01976419999999], [8.3074295, 49.0196388], [8.3076358, 49.0196397], [8.3077795, 49.01970779999999], [8.3078514, 49.0197716], [8.3079638, 49.0197852], [8.3083766, 49.01971829999999], [8.3084694, 49.019685100000004], [8.3085874, 49.01962629999999], [8.3087492, 49.01963580000001], [8.3090152, 49.0197062], [8.3096498, 49.0199066], [8.3097601, 49.0199], [8.3098084, 49.0198559], [8.3099149, 49.01987439999999], [8.3102555, 49.02010219999999], [8.310245, 49.02019849999999], [8.3102649, 49.02037570000001], [8.3103604, 49.02046589999999], [8.310488800000002, 49.020466400000004], [8.3105985, 49.0204181], [8.3107758, 49.0203591], [8.3110108, 49.0203475], [8.3112096, 49.0203825], [8.311374, 49.020532199999984], [8.3116253, 49.020743999999986], [8.3117109, 49.0208965], [8.3117259, 49.0209494], [8.3119014, 49.0209164], [8.312026800000002, 49.0209329], [8.3122487, 49.020993299999994], [8.312312, 49.021033599999996], [8.312546900000001, 49.020905299999995], [8.3127979, 49.02110640000001], [8.312654600000002, 49.02127629999998], [8.3128932, 49.0214313], [8.3126768, 49.0215543], [8.3127032, 49.021597799999995], [8.3124046, 49.0217286], [8.3124941, 49.02181259999999], [8.3127341, 49.021947799999985], [8.3128316, 49.0220417], [8.313368, 49.0218477], [8.3135657, 49.0218028], [8.3137608, 49.0217601], [8.3138988, 49.02176080000001], [8.3144722, 49.0220895], [8.314384, 49.02219329999999], [8.3148152, 49.02255959999998], [8.3160778, 49.0233315], [8.3168768, 49.023919299999996], [8.3173392, 49.024485500000004], [8.3173269, 49.024560799999996], [8.3172722, 49.02466629999999], [8.3172056, 49.024729300000004], [8.3170232, 49.024873899999996], [8.3167387, 49.0249836], [8.3166158, 49.02504849999999], [8.3165227, 49.0251345], [8.316467, 49.025215800000005], [8.3164222, 49.02531389999999], [8.3164066, 49.0253966], [8.3164436, 49.0254534], [8.3164847, 49.0254993], [8.316479, 49.02558299999999], [8.3164026, 49.0257179], [8.3158568, 49.0267947], [8.3158061, 49.0268565], [8.3156977, 49.0269532], [8.3156363, 49.02699249999999], [8.3153858, 49.0274132], [8.3150658, 49.028087400000004], [8.315091, 49.0281715], [8.3151122, 49.0282447], [8.3150934, 49.0282835], [8.3149225, 49.02834949999999], [8.314889, 49.02838779999999], [8.3148933, 49.028646900000005], [8.3148753, 49.0286991], [8.31483, 49.02874869999999], [8.3147291, 49.0288045], [8.3147139, 49.02891189999999], [8.3147729, 49.02894899999999], [8.3146627, 49.029473100000004], [8.3145636, 49.0295186], [8.3145502, 49.0294535], [8.3145314, 49.0294061], [8.3144966, 49.0293902], [8.3143625, 49.0293867], [8.3142672, 49.0293744], [8.3141895, 49.02939730000001], [8.31416, 49.029429799999996], [8.3141559, 49.029473800000005], [8.3141734, 49.0295028], [8.3142538, 49.029518599999996], [8.3143397, 49.029537100000006], [8.3143504, 49.0295907], [8.3142716, 49.029646699999994], [8.3139288, 49.029724599999994], [8.3138816, 49.029756799999994], [8.3138378, 49.029822899999985], [8.3137273, 49.03002649999999], [8.3136882, 49.0302524], [8.3136745, 49.030403899999996], [8.3136007, 49.03057630000001], [8.31341, 49.031068499999996], [8.3124124, 49.034314699999996], [8.3123743, 49.0343942], [8.3123413, 49.0344397], [8.3117152, 49.034333099999984], [8.3115805, 49.0343267], [8.3115215, 49.03435609999999], [8.3115462, 49.03463059999999], [8.3115692, 49.03473559999999], [8.311636, 49.03491999999999], [8.3115019, 49.03504770000001], [8.311341, 49.0350377], [8.3111345, 49.035041400000004], [8.3110151, 49.0350639], [8.3109027, 49.035068599999995], [8.3107992, 49.03501669999999], [8.3107828, 49.034886399999984], [8.3107364, 49.03477719999999], [8.3106747, 49.0347231], [8.310651400000001, 49.03459000000001], [8.3105843, 49.03457379999999], [8.3105183, 49.03462849999998], [8.3104795, 49.034710099999984], [8.3104559, 49.03484619999999], [8.3104473, 49.0350004], [8.3104419, 49.03506989999999], [8.3103665, 49.0351045], [8.3102029, 49.03511149999999], [8.3101061, 49.03510119999999], [8.3100822, 49.03503890000001], [8.3101034, 49.03485509999999], [8.3101898, 49.0344349], [8.3101758, 49.034390599999995], [8.3101203, 49.03433869999999], [8.3099765, 49.034304399999996], [8.3095986, 49.0342599], [8.3094436, 49.03428029999999], [8.309314, 49.0343433], [8.309307600000002, 49.03442939999999], [8.3094806, 49.03506620000001], [8.3094256, 49.0351184], [8.3093553, 49.0351671], [8.3092894, 49.035154600000006], [8.3090751, 49.035160199999986], [8.3087124, 49.0352186], [8.3084997, 49.0353097], [8.308478, 49.0354027], [8.3083809, 49.03547249999999], [8.3082377, 49.0355256], [8.3080338, 49.0355464], [8.307871, 49.035477799999995], [8.307794, 49.035347699999996], [8.3077734, 49.03254549999999], [8.3078847, 49.0312964], [8.3078809, 49.031197799999994], [8.307871, 49.0311065], [8.3076425, 49.03029209999998], [8.3072672, 49.02946419999999], [8.3065511, 49.0282695], [8.3064771, 49.0279174], [8.3065221, 49.0277164], [8.3065361, 49.02764969999999], [8.3064628, 49.0274344], [8.306322, 49.0270619], [8.3062858, 49.02691949999999], [8.3062343, 49.0261008], [8.3062657, 49.02490960000001], [8.3064397, 49.02224999999999], [8.306565, 49.022112099999994], [8.3066356, 49.02202609999999]], [[8.3220318, 49.02437299999999], [8.3216686, 49.024560599999994], [8.3216684, 49.02474299999999], [8.3215434, 49.024776499999994], [8.3214916, 49.0245642], [8.3214074, 49.024357900000005], [8.3214755, 49.02423], [8.3216544, 49.02439319999999], [8.3220318, 49.02437299999999]], [[8.3214773, 49.02363929999999], [8.3217445, 49.02356759999999], [8.321859, 49.02361230000001], [8.3215773, 49.0238527], [8.321285, 49.02400269999999], [8.3210168, 49.02397109999998], [8.3210565, 49.02381980000001], [8.3210624, 49.023662399999985], [8.3212636, 49.02350669999999], [8.3213708, 49.0235067], [8.3213456, 49.0236186], [8.3214773, 49.02363929999999]], [[8.3173962, 49.027310499999984], [8.3177073, 49.02701789999999], [8.3179198, 49.026675999999995], [8.3183825, 49.0257685], [8.3185057, 49.025226299999986], [8.3186276, 49.0242886], [8.3185665, 49.023860800000016], [8.3185704, 49.0227003], [8.3184817, 49.0223312], [8.3183322, 49.0220703], [8.318076, 49.02143590000001], [8.3181826, 49.02143239999999], [8.3186893, 49.022283300000005], [8.318909, 49.02249040000002], [8.3189244, 49.02244720000001], [8.3188169, 49.022248], [8.3184877, 49.0218445], [8.3182002, 49.021302999999996], [8.3178881, 49.0206621], [8.3174734, 49.0204877], [8.3173511, 49.0203494], [8.3174316, 49.02009039999999], [8.3173031, 49.01998009999999], [8.3171483, 49.0199875], [8.316896, 49.0200745], [8.3168324, 49.02000799999999], [8.3167113, 49.019904800000006], [8.3166186, 49.01977180000001], [8.3163598, 49.019568699999994], [8.3161449, 49.01938229999999], [8.3158677, 49.01926439999999], [8.3154889, 49.0189771], [8.3152334, 49.0186819], [8.3150652, 49.018429499999996], [8.314734, 49.018296400000004], [8.3146456, 49.01811510000001], [8.3142575, 49.0179871], [8.3142365, 49.0178591], [8.314007, 49.01767239999999], [8.3136804, 49.0175781], [8.3133825, 49.0175773], [8.312805, 49.017576999999996], [8.3116871, 49.01759820000001], [8.310713, 49.01762070000001], [8.3099018, 49.01762739999999], [8.3094466, 49.017663999999996], [8.308866, 49.0177492], [8.3084037, 49.01779049999999], [8.3070831, 49.01801029999999], [8.3062893, 49.018034799999995], [8.3057615, 49.0179752], [8.3064708, 49.017968999999994], [8.3071766, 49.01793750000001], [8.307497, 49.0178649], [8.3083605, 49.01771380000001], [8.3085657, 49.017603599999994], [8.3087204, 49.0176713], [8.3087911, 49.01767850000001], [8.3088778, 49.0176512], [8.309425, 49.0175819], [8.3100195, 49.0175499], [8.311013, 49.01752549999999], [8.3121987, 49.017501199999984], [8.3131591, 49.0174777], [8.3134794, 49.01747209999999], [8.3139009, 49.017523], [8.3142529, 49.017632899999995], [8.3146008, 49.01782289999999], [8.314699, 49.0178881], [8.3148329, 49.0179971], [8.3150503, 49.018114399999995], [8.3155585, 49.01841949999999], [8.3159297, 49.01860229999998], [8.3162257, 49.0188543], [8.3164015, 49.0190446], [8.316695, 49.01917139999999], [8.3168312, 49.01929049999998], [8.3170712, 49.0194617], [8.3172545, 49.0196574], [8.3173423, 49.0197533], [8.3173734, 49.01990599999999], [8.3175434, 49.0200508], [8.317638, 49.0200928], [8.3176878, 49.0201433], [8.3179659, 49.0205037], [8.3182952, 49.0208218], [8.3187968, 49.021722499999996], [8.3189711, 49.0220188], [8.3191272, 49.022352999999995], [8.3193037, 49.02400579999998], [8.319254, 49.024955899999995], [8.3192684, 49.02560469999999], [8.3191115, 49.02618729999999], [8.3188039, 49.0267821], [8.3183849, 49.02727349999999], [8.3176128, 49.0278076], [8.3171575, 49.028180199999994], [8.3165496, 49.028633899999996], [8.3159432, 49.0289376], [8.3156622, 49.0291028], [8.3153825, 49.02918719999999], [8.3150337, 49.0293775], [8.3149418, 49.029513300000005], [8.3148619, 49.02948719999999], [8.3147151, 49.02947759999999], [8.3148198, 49.02895669999999], [8.3150126, 49.028843699999996], [8.315597, 49.028552], [8.3161041, 49.02832149999999], [8.316713, 49.027818799999984], [8.3173962, 49.027310499999984]], [[8.3175721, 49.02401429999999], [8.3173433, 49.02395539999999], [8.3169922, 49.023593399999996], [8.3170159, 49.023537700000006], [8.3165221, 49.023040400000006], [8.3163399, 49.023123799999986], [8.3158324, 49.0226951], [8.3160861, 49.0225894], [8.3163645, 49.0228658], [8.316564400000003, 49.02283309999999], [8.3171776, 49.02343179999999], [8.3171436, 49.02352559999999], [8.317382, 49.0237892], [8.3176023, 49.0238503], [8.3178995, 49.0241172], [8.3177735, 49.0241856], [8.3175721, 49.02401429999999]], [[8.3155738, 49.0217956], [8.316004, 49.02226350000001], [8.3158125, 49.022327999999995], [8.3157561, 49.02228589999999], [8.3155672, 49.0221345], [8.3153127, 49.02190219999999], [8.3155738, 49.0217956]], [[8.3148936, 49.0215464], [8.3148987, 49.0214195], [8.3151161, 49.0213196], [8.3155184, 49.02171359999999], [8.3152266, 49.021825500000006], [8.315178, 49.021760699999994], [8.3149959, 49.0216141], [8.3148936, 49.0215464]], [[8.314565, 49.020967999999996], [8.3147972, 49.0211604], [8.3145902, 49.021258], [8.314354, 49.0210609], [8.314565, 49.020967999999996]], [[8.3143459, 49.02138189999999], [8.3139543, 49.02094679999999], [8.3137536, 49.0207475], [8.313857500000001, 49.0207041], [8.3138941, 49.02075789999999], [8.3141243, 49.0209046], [8.3143103, 49.02106409999998], [8.3145092, 49.02122399999999], [8.3144578, 49.021241], [8.3145263, 49.0213203], [8.3143459, 49.02138189999999]], [[8.3105838, 49.0198223], [8.3110868, 49.0202045], [8.3108834, 49.020337899999994], [8.3106757, 49.02018400000001], [8.3103203, 49.01980619999999], [8.3103724, 49.019715799999986], [8.3105838, 49.0198223]]]}}, {"type": "Feature", "properties": {"klasse": "Wald"}, "geometry": {"type": "Polygon", "coordinates": [[[8.2968203, 49.0229622], [8.2969876, 49.02319849999999], [8.2972837, 49.0229284], [8.297391, 49.0229312], [8.2974396, 49.0228506], [8.2975714, 49.022849799999996], [8.2975443, 49.0229427], [8.2977501, 49.023058299999995], [8.2977785, 49.02301460000001], [8.2977206, 49.02292249999999], [8.2977464, 49.022881299999995], [8.2977588, 49.0228498], [8.2977923, 49.0227762], [8.2976438, 49.022746299999994], [8.2975408, 49.0227251], [8.29738, 49.022712600000006], [8.2972146, 49.02271369999999], [8.2970375, 49.02272729999999], [8.2968806, 49.022757600000006], [8.2967091, 49.0227989], [8.2963489, 49.02294469999999], [8.2964147, 49.023238], [8.2968203, 49.0229622]]]}}, {"type": "Feature", "properties": {"klasse": "Wald"}, "geometry": {"type": "Polygon", "coordinates": [[[8.2980866, 49.0229993], [8.2982024, 49.0230793], [8.298322, 49.02336129999999], [8.2986373, 49.02347150000001], [8.2985438, 49.0234147], [8.2984415, 49.023264299999994], [8.2983725, 49.0231165], [8.2982986, 49.022963700000005], [8.2982367, 49.0229228], [8.2980969, 49.0228605], [8.2979622, 49.0228224], [8.2979375, 49.0229176], [8.2980866, 49.0229993]]]}}, {"type": "Feature", "properties": {"klasse": "Wald"}, "geometry": {"type": "Polygon", "coordinates": [[[8.2969841, 49.024554900000005], [8.2967155, 49.02447659999999], [8.2969046, 49.0252553], [8.2969511, 49.025451999999994], [8.2971259, 49.0255083], [8.2973865, 49.0254458], [8.29726, 49.025312099999994], [8.2972279, 49.02515219999999], [8.2972119, 49.02499660000001], [8.2970771, 49.0248704], [8.2970675, 49.024660000000004], [8.2969841, 49.024554900000005]]]}}, {"type": "Feature", "properties": {"klasse": "Wald"}, "geometry": {"type": "Polygon", "coordinates": [[[8.2987089, 49.02355270000001], [8.2986373, 49.02347150000001], [8.2985941, 49.023583300000006], [8.298771, 49.023772199999996], [8.298746, 49.02394770000001], [8.2984806, 49.0238377], [8.2983627, 49.02374689999999], [8.2982606, 49.0236175], [8.298174000000001, 49.023590199999994], [8.2980489, 49.0236491], [8.2980361, 49.02369749999999], [8.2978821, 49.023728999999996], [8.2980297, 49.02401509999999], [8.2981323, 49.024177099999996], [8.2983152, 49.02434529999999], [8.2983825, 49.02445049999999], [8.2982767, 49.0246041], [8.2981067, 49.0246672], [8.298004, 49.0247429], [8.2979367, 49.02489640000001], [8.2977634, 49.024940599999994], [8.2976897, 49.02501629999999], [8.297524600000001, 49.0255083], [8.2982382, 49.025831299999986], [8.2985687, 49.0260584], [8.2986704, 49.02618759999999], [8.2990486, 49.02660860000001], [8.2994454, 49.02689389999998], [8.2992017, 49.0252372], [8.2988706, 49.02369329999999], [8.2988407, 49.02363660000001], [8.2987827, 49.0236088], [8.2987089, 49.02355270000001]]]}}, {"type": "Feature", "properties": {"klasse": "Wald"}, "geometry": {"type": "Polygon", "coordinates": [[[8.3034585, 49.02589090000001], [8.3034926, 49.02608649999999], [8.3035325, 49.02612489999999], [8.304055000000002, 49.02600069999999], [8.304033400000002, 49.0258673], [8.3039966, 49.0256645], [8.3035312, 49.025699], [8.3034335, 49.0257276], [8.303442, 49.025813599999985], [8.3037139, 49.02583919999999], [8.3037176, 49.0258805], [8.3034585, 49.02589090000001]]]}}, {"type": "Feature", "properties": {"klasse": "Wald"}, "geometry": {"type": "Polygon", "coordinates": [[[8.2983311, 49.028492799999995], [8.298184, 49.02851429999999], [8.2981712, 49.02864869999999], [8.2970536, 49.028804799999996], [8.2975136, 49.0300141], [8.299355, 49.0297944], [8.2991288, 49.02873189999999], [8.2990977, 49.028525300000005], [8.2990472, 49.0283614], [8.299007900000001, 49.02804780000001], [8.2989384, 49.02778369999999], [8.2989678, 49.02750139999999], [8.298458, 49.0276253], [8.298476, 49.0277966], [8.298674, 49.02780400000001], [8.2987991, 49.0284346], [8.2983311, 49.028492799999995]]]}}, {"type": "Feature", "properties": {"klasse": "Wald"}, "geometry": {"type": "Polygon", "coordinates": [[[8.2962513, 49.02845730000001], [8.2963984, 49.0283721], [8.2969929, 49.02833929999999], [8.2969168, 49.0280779], [8.2963323, 49.02813679999999], [8.2959558, 49.02600929999999], [8.2958908, 49.0259223], [8.295344, 49.0259559], [8.2960114, 49.02983149999999], [8.2961899, 49.03019780000001], [8.2968276, 49.03009349999999], [8.2966483, 49.0297791], [8.2966292, 49.0292081], [8.2963432, 49.0289122], [8.2962288, 49.0287914], [8.2962513, 49.02845730000001]]]}}, {"type": "Feature", "properties": {"klasse": "Wald"}, "geometry": {"type": "Polygon", "coordinates": [[[8.294892, 49.02956300000001], [8.2949511, 49.0292356], [8.294918, 49.0291176], [8.294873, 49.029099], [8.2945512, 49.0293132], [8.2945133, 49.029278999999995], [8.2943939, 49.02935899999999], [8.2947784, 49.02961889999999], [8.294892, 49.02956300000001]]]}}, {"type": "Feature", "properties": {"klasse": "Wald"}, "geometry": {"type": "Polygon", "coordinates": [[[8.2960112, 49.030420299999996], [8.2958618, 49.029834199999996], [8.2952548, 49.0295811], [8.2951916, 49.0297836], [8.2956478, 49.030038899999994], [8.2957828, 49.03028279999999], [8.2957244, 49.030322199999986], [8.2959141, 49.0304761], [8.2960112, 49.030420299999996]]]}}, {"type": "Feature", "properties": {"klasse": "Wald"}, "geometry": {"type": "Polygon", "coordinates": [[[8.2958009, 49.031940899999995], [8.294055, 49.0314243], [8.2939684, 49.0315466], [8.2957927, 49.032086899999996], [8.2961028, 49.0320989], [8.2960972, 49.0315759], [8.2960696, 49.03157169999999], [8.2958009, 49.031940899999995]]]}}, {"type": "Feature", "properties": {"klasse": "Wald"}, "geometry": {"type": "Polygon", "coordinates": [[[8.2963401, 49.032903499999996], [8.2960003, 49.032823], [8.2958526, 49.033068], [8.2963757, 49.0331403], [8.2963401, 49.032903499999996]]]}}, {"type": "Feature", "properties": {"klasse": "Wald"}, "geometry": {"type": "Polygon", "coordinates": [[[8.294834, 49.03387730000001], [8.2946564, 49.03381989999999], [8.2946277, 49.03386619999999], [8.2946319, 49.03391640000001], [8.2948811, 49.034021299999985], [8.2950351, 49.033868399999996], [8.2949215, 49.0338237], [8.294834, 49.03387730000001]]]}}, {"type": "Feature", "properties": {"klasse": "Wald"}, "geometry": {"type": "Polygon", "coordinates": [[[8.3050308, 49.033991699999994], [8.3049638, 49.0340029], [8.3049033, 49.034029699999984], [8.3049194, 49.034106], [8.3049746, 49.0341123], [8.3050512, 49.0340947], [8.3050308, 49.033991699999994]]]}}, {"type": "Feature", "properties": {"klasse": "Wald"}, "geometry": {"type": "Polygon", "coordinates": [[[8.3061387, 49.0356429], [8.3061291, 49.0356096], [8.3061166, 49.0355006], [8.3060984, 49.0354408], [8.3060782, 49.0354162], [8.3060407, 49.03540109999999], [8.3060484, 49.0355176], [8.3060601, 49.0356103], [8.3060784, 49.03570030000001], [8.3060277, 49.03571959999999], [8.3059764, 49.0357441], [8.3053945, 49.0358031], [8.3051886, 49.0358026], [8.3051661, 49.03586359999999], [8.3052036, 49.035987599999984], [8.3052567, 49.03617799999999], [8.3055979, 49.036130299999996], [8.3055617, 49.03601820000001], [8.3055478, 49.0358837], [8.3060834, 49.0358379], [8.3061584, 49.03584060000001], [8.3062394, 49.035834099999995], [8.3067433, 49.035828800000004], [8.3067481, 49.03578379999998], [8.3065883, 49.0357614], [8.3063981, 49.0357343], [8.3062069, 49.035681399999994], [8.306164700000002, 49.035667499999995], [8.3061387, 49.0356429]]]}}, {"type": "Feature", "properties": {"klasse": "Wald"}, "geometry": {"type": "Polygon", "coordinates": [[[8.299468, 49.036785], [8.2994184, 49.03688589999999], [8.2994036, 49.0368916], [8.2993641, 49.0369714], [8.3001924, 49.0368327], [8.3012339, 49.036693799999995], [8.301297, 49.03668580000001], [8.3011982, 49.0363902], [8.3009958, 49.03630129999999], [8.3008153, 49.036296899999996], [8.2997715, 49.03650420000001], [8.2994986, 49.0367727], [8.299468, 49.036785]]]}}, {"type": "Feature", "properties": {"klasse": "Wald"}, "geometry": {"type": "Polygon", "coordinates": [[[8.3061689, 49.03675820000001], [8.3059862, 49.0367768], [8.3058435, 49.0367949], [8.305829, 49.03679940000001], [8.3058304, 49.036803400000004], [8.3058423, 49.03680569999999], [8.3059486, 49.03680469999999], [8.3061467, 49.0368036], [8.3062495, 49.0368059], [8.3063151, 49.0368018], [8.3063985, 49.036783799999995], [8.306488, 49.03675820000001], [8.3065146, 49.036750099999985], [8.3065128, 49.036744299999995], [8.306488, 49.036743099999995], [8.3063125, 49.03674719999999], [8.3061689, 49.03675820000001]]]}}, {"type": "Feature", "properties": {"klasse": "Wald"}, "geometry": {"type": "Polygon", "coordinates": [[[8.3013394, 49.0368291], [8.3012763, 49.03683709999999], [8.3001819, 49.036977199999995], [8.300201, 49.0370394], [8.3004621, 49.036990999999986], [8.3005752, 49.03697869999999], [8.300740800000002, 49.0369871], [8.300817, 49.0370008], [8.3010638, 49.03704849999999], [8.3011145, 49.03705010000001], [8.3011694, 49.037043700000005], [8.3011569, 49.037011899999996], [8.3013892, 49.036981299999994], [8.3013394, 49.0368291]]]}}, {"type": "Feature", "properties": {"klasse": "Wald"}, "geometry": {"type": "Polygon", "coordinates": [[[8.2991941, 49.036916999999995], [8.2992292, 49.0367821], [8.2992119, 49.036745399999994], [8.298520300000002, 49.03686170000001], [8.2983172, 49.03702119999999], [8.2981376, 49.0370524], [8.2977831, 49.03706210000001], [8.2975122, 49.037114599999995], [8.2975352, 49.0371923], [8.2975363, 49.03719589999999], [8.297718100000003, 49.03717189999999], [8.2978232, 49.0371577], [8.2980858, 49.03718709999999], [8.2983603, 49.03715509999999], [8.2987828, 49.03706789999999], [8.2987891, 49.03707979999999], [8.299178, 49.037005300000004], [8.29918, 49.036973800000005], [8.2991941, 49.036916999999995]]]}}, {"type": "Feature", "properties": {"klasse": "Wald"}, "geometry": {"type": "Polygon", "coordinates": [[[8.300687, 49.037019099999995], [8.3005409, 49.037018], [8.2994439, 49.037194899999996], [8.2994644, 49.03723169999999], [8.2996273, 49.037275699999995], [8.3010809, 49.03709119999999], [8.300687, 49.037019099999995]]]}}, {"type": "Feature", "properties": {"klasse": "Wald"}, "geometry": {"type": "Polygon", "coordinates": [[[8.2988384, 49.037242299999996], [8.2988312, 49.0372157], [8.298314100000002, 49.03731470000001], [8.298369000000001, 49.03731929999999], [8.2988384, 49.037242299999996]]]}}, {"type": "Feature", "properties": {"klasse": "Wald"}, "geometry": {"type": "Polygon", "coordinates": [[[8.2983304, 49.037359299999984], [8.2982707, 49.0373526], [8.2981745, 49.037334999999985], [8.297838, 49.037402400000005], [8.2972418, 49.037554799999995], [8.297154, 49.0375781], [8.2972457, 49.0376082], [8.297508, 49.0375539], [8.2976977, 49.037496299999994], [8.2978162, 49.0374647], [8.2982018, 49.0374072], [8.2983985, 49.037411600000006], [8.2984741, 49.0373983], [8.2984417, 49.03734750000001], [8.2983853, 49.0373564], [8.2983304, 49.037359299999984]]]}}, {"type": "Feature", "properties": {"klasse": "Wald"}, "geometry": {"type": "Polygon", "coordinates": [[[8.2986658, 49.037713700000005], [8.2980991, 49.0378183], [8.2980613, 49.037830899999996], [8.2980637, 49.0378608], [8.2980943, 49.0379241], [8.298104, 49.0379154], [8.2981096, 49.037893499999996], [8.2981333, 49.03788300000001], [8.2983919, 49.03785559999999], [8.2984539, 49.037847600000006], [8.2985508, 49.037824699999994], [8.2987481, 49.0378013], [8.2990031, 49.0377724], [8.299013, 49.037654399999994], [8.2986658, 49.037713700000005]]]}}, {"type": "Feature", "properties": {"klasse": "Wald"}, "geometry": {"type": "Polygon", "coordinates": [[[8.306464, 49.037634999999995], [8.3064153, 49.0376313], [8.306394500000001, 49.0376395], [8.3063708, 49.037673299999994], [8.3063555, 49.03773489999999], [8.3063341, 49.03784199999999], [8.3062965, 49.0381143], [8.3063309, 49.0381155], [8.3063305, 49.0381456], [8.3063455, 49.038152399999994], [8.3063459, 49.0382098], [8.3059093, 49.03827950000001], [8.3057587, 49.0382496], [8.305916, 49.038749700000004], [8.3065833, 49.03864460000001], [8.306524600000001, 49.03821189999999], [8.3064617, 49.03777479999999], [8.3064904, 49.0377158], [8.3064904, 49.0376751], [8.3064834, 49.03764959999999], [8.306464, 49.037634999999995]]]}}, {"type": "Feature", "properties": {"klasse": "Wald"}, "geometry": {"type": "Polygon", "coordinates": [[[8.298935, 49.03967279999999], [8.2988352, 49.0394928], [8.2984346, 49.0395884], [8.2986009, 49.03988029999999], [8.2986645, 49.039867300000004], [8.2988395, 49.03976170000001], [8.298935, 49.03967279999999]]]}}, {"type": "Feature", "properties": {"klasse": "Wald"}, "geometry": {"type": "Polygon", "coordinates": [[[8.2966009, 49.0458643], [8.2964238, 49.04590120000001], [8.2960537, 49.04567440000001], [8.2960859, 49.04610509999999], [8.2965445, 49.046066499999995], [8.2966626, 49.0460383], [8.2966009, 49.0458643]]]}}, {"type": "Feature", "properties": {"klasse": "Wald"}, "geometry": {"type": "Polygon", "coordinates": [[[8.3019749, 49.043293899999995], [8.3020807, 49.04342389999999], [8.3022693, 49.04407570000001], [8.3023323, 49.0441887], [8.3024204, 49.04423439999999], [8.3026888, 49.0440986], [8.3029029, 49.044194299999994], [8.3031484, 49.0440728], [8.3032976, 49.04412709999999], [8.3034192, 49.044101], [8.3036181, 49.0441817], [8.3039759, 49.04410049999999], [8.3040787, 49.0442994], [8.3039836, 49.04433529999999], [8.3040615, 49.0444938], [8.303926, 49.04471780000001], [8.3039153, 49.045280399999996], [8.3039046, 49.04566020000001], [8.303969, 49.0460048], [8.3041621, 49.0465111], [8.3044518, 49.046715000000006], [8.3048273, 49.046792399999994], [8.3051706, 49.0469893], [8.3050885, 49.04713890000001], [8.3048595, 49.0470666], [8.3046771, 49.0471299], [8.3046234, 49.047418199999996], [8.3048255, 49.04790659999999], [8.3049346, 49.0483042], [8.3055898, 49.05031929999999], [8.305473400000002, 49.05034690000001], [8.3058593, 49.05114859999999], [8.3064123, 49.052041], [8.3067987, 49.051961799999994], [8.3062971, 49.05116619999999], [8.3060561, 49.050336300000005], [8.3057298, 49.0498096], [8.3050685, 49.04813370000001], [8.3050839, 49.04808890000001], [8.3052372, 49.048090699999996], [8.3058422, 49.0479612], [8.3057337, 49.047623], [8.305509, 49.04713], [8.3046688, 49.04542489999999], [8.3041627, 49.04433889999999], [8.3041098, 49.0443047], [8.3038923, 49.04384030000001], [8.3035016, 49.0428827], [8.3031463, 49.04223719999999], [8.3030002, 49.0420911], [8.3027244, 49.041968099999984], [8.3023535, 49.04196179999999], [8.3015347, 49.0427347], [8.3018232, 49.04310739999998], [8.3019749, 49.043293899999995]]]}}, {"type": "Feature", "properties": {"klasse": "Wald"}, "geometry": {"type": "Polygon", "coordinates": [[[8.3041933, 49.051573399999995], [8.3040104, 49.05136550000001], [8.3040855, 49.0512782], [8.3043487, 49.0511218], [8.3046128, 49.051008], [8.304747, 49.0508782], [8.3046714, 49.05048339999998], [8.3023917, 49.050771600000004], [8.2993666, 49.05111939999998], [8.2990325, 49.05074989999999], [8.2969537, 49.046099], [8.2968432, 49.04611959999999], [8.2982239, 49.0492127], [8.2983231, 49.0495276], [8.2983486, 49.049772000000004], [8.2983146, 49.0501278], [8.2981927, 49.0504614], [8.2980438, 49.0507522], [8.2977958, 49.0510114], [8.2975009, 49.0512715], [8.2972061, 49.051458200000006], [8.2968191, 49.05166729999999], [8.2964633, 49.0518308], [8.2961457, 49.051997099999994], [8.295875, 49.0521755], [8.2957691, 49.05230120000001], [8.2962528, 49.05219979999999], [8.299271, 49.051898099999995], [8.299384800000002, 49.05221079999999], [8.2995648, 49.05222109999999], [8.2996532, 49.053159099999995], [8.2996914, 49.053194500000004], [8.3000624, 49.05317569999999], [8.2998544, 49.052684199999995], [8.2997301, 49.05245399999999], [8.299798500000001, 49.0524424], [8.302278, 49.05202090000001], [8.3044714, 49.052032399999995], [8.303904, 49.0528239], [8.305961, 49.0525007], [8.3058666, 49.05230509999999], [8.3056473, 49.051920599999995], [8.305072300000003, 49.051849600000004], [8.3045398, 49.051737300000006], [8.3041933, 49.051573399999995]], [[8.3038928, 49.05136979999999], [8.304054300000002, 49.0517933], [8.3023389, 49.05177569999999], [8.3003428, 49.0521664], [8.2999043, 49.052242], [8.2998136, 49.05212490000001], [8.2995412, 49.05165159999999], [8.2994208, 49.0513319], [8.3024581, 49.0508354], [8.3025069, 49.050976], [8.304162, 49.05078249999999], [8.3042274, 49.051069899999995], [8.3038928, 49.05136979999999]], [[8.2987605, 49.05134219999999], [8.2989298, 49.05159929999999], [8.2989759, 49.05171779999999], [8.296602800000002, 49.0519573], [8.296549, 49.0518766], [8.2967682, 49.051785900000006], [8.2972605, 49.05154639999999], [8.2987605, 49.05134219999999]]]}}, {"type": "Feature", "properties": {"klasse": "Wald"}, "geometry": {"type": "Polygon", "coordinates": [[[8.30682, 49.050424299999996], [8.3067374, 49.051311], [8.3072188, 49.05212650000001], [8.3069307, 49.05215539999998], [8.3065355, 49.052209600000005], [8.3066536, 49.0525082], [8.3066121, 49.052616399999984], [8.3063656, 49.052811999999996], [8.3043868, 49.0530696], [8.3043641, 49.05310229999999], [8.304498, 49.05314190000001], [8.3042331, 49.05341700000001], [8.304324004157364, 49.053453775110945], [8.308719074814622, 49.053453775110945], [8.3086629, 49.0533461], [8.3086897, 49.0532723], [8.3087273, 49.0531879], [8.3086092, 49.0530438], [8.3085771, 49.05295589999999], [8.3084966, 49.05289609999999], [8.3084483, 49.05281169999999], [8.3084215, 49.0527379], [8.3083786, 49.0526465], [8.3082766, 49.052607800000004], [8.3081318, 49.0526254], [8.308105, 49.0526782], [8.308040600000002, 49.05271679999999], [8.3079816, 49.052681699999994], [8.3079333, 49.0526571], [8.3078475, 49.05267109999999], [8.3077563, 49.0526852], [8.3076705, 49.0527098], [8.307649, 49.05269220000001], [8.30759, 49.052664099999994], [8.3075685, 49.052607800000004], [8.3075149, 49.05254459999999], [8.3074613, 49.0524637], [8.3073969, 49.0524285], [8.3073754, 49.0523864], [8.3073862, 49.052354699999995], [8.3073325, 49.052270299999996], [8.3072789, 49.0522106], [8.3072091, 49.0520453], [8.3071394, 49.0518379], [8.3070267, 49.051627], [8.3069838, 49.0514828], [8.3069302, 49.051405499999994], [8.3068819, 49.0513563], [8.306839, 49.05133159999999], [8.3067907, 49.051306999999994], [8.3067907, 49.0512648], [8.3068068, 49.051184], [8.3068336, 49.05084299999999], [8.3068819, 49.0506215], [8.3068926, 49.0504879], [8.3068819, 49.0503543], [8.306871200000002, 49.05028039999999], [8.306860400000001, 49.0501749], [8.3069087, 49.0501081], [8.306957, 49.0499992], [8.3071233, 49.050196], [8.3070965, 49.05084999999999], [8.3071126, 49.0512156], [8.3072359, 49.05156019999999], [8.3075149, 49.05190470000001], [8.3077241, 49.0522106], [8.307826, 49.052439099999994], [8.3079601, 49.052474199999985], [8.3081157, 49.0524602], [8.3083517, 49.052418], [8.3084322, 49.05244959999999], [8.308502, 49.05252], [8.3086361, 49.05270629999999], [8.309099879001236, 49.053453775110945], [8.309266352510871, 49.053453775110945], [8.3085471, 49.0524168], [8.3081147, 49.0517375], [8.3071308, 49.050119599999995], [8.3066729, 49.0493124], [8.3065461, 49.049303599999995], [8.3065123, 49.04932579999999], [8.306375, 49.049513], [8.306442, 49.0498178], [8.3065977, 49.0500501], [8.30682, 49.050424299999996]]]}}, {"type": "Feature", "properties": {"klasse": "Wald"}, "geometry": {"type": "Polygon", "coordinates": [[[8.3039199, 49.053113599999996], [8.303638, 49.05309619999999], [8.3031936, 49.0531234], [8.30347, 49.0532307], [8.3034196, 49.05332150000001], [8.3035893, 49.0533931], [8.3037581, 49.053219999999996], [8.3038871, 49.05316460000001], [8.3043198, 49.053124200000006], [8.3043623, 49.05310080000001], [8.3043839, 49.0530695], [8.3039199, 49.053113599999996]]]}}, {"type": "Feature", "properties": {"klasse": "Wald"}, "geometry": {"type": "Polygon", "coordinates": [[[8.3024959, 49.05331759999999], [8.3022266, 49.053307399999994], [8.3019549, 49.0533783], [8.3013555, 49.05344949999999], [8.301285504600795, 49.053453775110945], [8.303020795564063, 49.053453775110945], [8.3027266, 49.05334760000001], [8.3024959, 49.05331759999999]]]}}, {"type": "Feature", "properties": {"klasse": "Wald"}, "geometry": {"type": "Polygon", "coordinates": [[[8.3168401, 49.0197457], [8.3169134, 49.0197258], [8.3169462, 49.01971259999999], [8.3169538, 49.019672799999995], [8.3169185, 49.0196347], [8.3168427, 49.019624799999995], [8.3167947, 49.01962479999999], [8.3167593, 49.019643], [8.3167492, 49.0196811], [8.3167719, 49.01971919999999], [8.3168401, 49.0197457]]]}}, {"type": "Feature", "properties": {"klasse": "Wald"}, "geometry": {"type": "Polygon", "coordinates": [[[8.3106966, 49.02070629999999], [8.3107326, 49.02073119999999], [8.310718, 49.02077799999999], [8.3107044, 49.02080829999999], [8.3107091, 49.02083959999999], [8.3106996, 49.02088510000001], [8.3106666, 49.0209063], [8.3106117, 49.0209074], [8.3105552, 49.020933299999996], [8.3105782, 49.02097289999999], [8.31064, 49.0209935], [8.3106997, 49.02100519999999], [8.3107301, 49.021011599999994], [8.3107467, 49.02102349999999], [8.3107781, 49.021043399999996], [8.3108332, 49.021051799999995], [8.310889600000001, 49.0210722], [8.3109637, 49.0211061], [8.3110166, 49.0211141], [8.3110999, 49.0211009], [8.3111328, 49.021061], [8.3111966, 49.0210774], [8.3112733, 49.021076099999995], [8.3113161, 49.02106189999999], [8.3113797, 49.0210284], [8.3114495, 49.02098909999999], [8.3114981, 49.02095409999998], [8.3115201, 49.02092510000001], [8.3115162, 49.02088539999999], [8.3114936, 49.02084489999999], [8.3114421, 49.02079690000001], [8.3114086, 49.0207717], [8.3113708, 49.0207436], [8.3113102, 49.0207179], [8.3112691, 49.020694600000006], [8.3112312, 49.0206665], [8.3111843, 49.020613600000004], [8.3111104, 49.020524900000005], [8.3110588, 49.02047599999999], [8.3110467, 49.020460099999994], [8.3110278, 49.0204465], [8.3110033, 49.020437199999996], [8.3109692, 49.0204327], [8.310942, 49.02043319999999], [8.3109116, 49.02043669999999], [8.3108807, 49.02044299999999], [8.3108431, 49.02046049999999], [8.3107579, 49.02049619999999], [8.3106631, 49.0205328], [8.3106318, 49.02054119999998], [8.3105669, 49.02054520000001], [8.3105282, 49.02055210000001], [8.3104988, 49.02057239999999], [8.3103563, 49.0206584], [8.3103718, 49.020702899999996], [8.3104019, 49.02073659999999], [8.310457, 49.0207331], [8.3105874, 49.02070700000001], [8.3106966, 49.02070629999999]]]}}, {"type": "Feature", "properties": {"klasse": "Wald"}, "geometry": {"type": "Polygon", "coordinates": [[[8.3123513, 49.0216159], [8.3123792, 49.0215781], [8.312372800000002, 49.021527600000006], [8.3123587, 49.02144669999999], [8.3122717, 49.0213697], [8.3120804, 49.0212959], [8.3120046, 49.02124189999999], [8.3118659, 49.021215299999994], [8.3116657, 49.021233300000006], [8.3116107, 49.02124270000001], [8.3115087, 49.0213028], [8.3114289, 49.021367100000006], [8.3114079, 49.021421999999994], [8.3114432, 49.021460100000006], [8.3115384, 49.021474299999994], [8.311603, 49.0215257], [8.3116516, 49.021609700000006], [8.3117428, 49.021694], [8.3118436, 49.021710899999995], [8.3119895, 49.0216982], [8.3121902, 49.0217154], [8.3122505, 49.021698300000004], [8.3123251, 49.02165540000001], [8.3123513, 49.0216159]]]}}, {"type": "Feature", "properties": {"klasse": "Wald"}, "geometry": {"type": "Polygon", "coordinates": [[[8.3178514, 49.0304875], [8.3182679, 49.0306721], [8.3190158, 49.03003929999999], [8.31929, 49.0301276], [8.3197786, 49.03028489999999], [8.3202657, 49.0304728], [8.3207519, 49.030626399999996], [8.3208913, 49.03067039999999], [8.3211578, 49.0307837], [8.3217787, 49.031144000000005], [8.3219083, 49.03106609999999], [8.3211945, 49.0306118], [8.3206227, 49.03041629999999], [8.3201212, 49.0302121], [8.3198273, 49.030170899999995], [8.3190846, 49.0299231], [8.3187264, 49.029790199999994], [8.3179378, 49.0291554], [8.3173871, 49.028662399999995], [8.3172695, 49.02877120000001], [8.3186117, 49.0299026], [8.318225, 49.0301627], [8.3178514, 49.0304875]]]}}, {"type": "Feature", "properties": {"klasse": "Wald"}, "geometry": {"type": "Polygon", "coordinates": [[[8.310149, 49.031041000000016], [8.3101026, 49.0310226], [8.3100662, 49.0310193], [8.3100297, 49.0310161], [8.3099718, 49.0310063], [8.3099353, 49.0310041], [8.309879, 49.0310041], [8.3098359, 49.0310074], [8.3097912, 49.03102259999999], [8.3097697, 49.0310432], [8.309763100000001, 49.0310682], [8.309781, 49.031112199999995], [8.3097861, 49.03114819999999], [8.30977, 49.03119309999999], [8.3097912, 49.0312224], [8.309821, 49.0312343], [8.309860800000001, 49.03124739999999], [8.3099022, 49.03125929999999], [8.3099486, 49.0312778], [8.3100065, 49.0312832], [8.3100744, 49.0312799], [8.3101291, 49.03126040000001], [8.3101523, 49.03124739999999], [8.3101672, 49.03123320000001], [8.310185400000002, 49.03120609999999], [8.310202, 49.03118], [8.3102169, 49.03115069999999], [8.3102169, 49.0311203], [8.3102086, 49.0310975], [8.3101887, 49.03106929999999], [8.3101672, 49.0310508], [8.310149, 49.031041000000016]]]}}, {"type": "Feature", "properties": {"klasse": "Wald"}, "geometry": {"type": "Polygon", "coordinates": [[[8.3093276, 49.033666999999994], [8.3093484, 49.0335383], [8.3093668, 49.03344119999999], [8.3094445, 49.0332347], [8.3095481, 49.03304839999999], [8.3096735, 49.03287879999999], [8.3098518, 49.03257579999999], [8.3098656, 49.032463400000005], [8.3098761, 49.0324002], [8.309936400000002, 49.0323486], [8.310044100000002, 49.0323248], [8.3102654, 49.032323], [8.3104495, 49.03229530000001], [8.3105489, 49.03224869999999], [8.3107942, 49.0322086], [8.3108561, 49.0321985], [8.3109137, 49.032175499999994], [8.3109723, 49.032088899999984], [8.3111036, 49.03165479999999], [8.3111567, 49.0315325], [8.311339, 49.03128179999999], [8.3114217, 49.03109], [8.3115006, 49.0308172], [8.3116304, 49.03048129999999], [8.3115657, 49.030421699999984], [8.3114159, 49.030408400000006], [8.3113633, 49.03046249999999], [8.3113059, 49.030585699999996], [8.311246700000002, 49.03066389999999], [8.3111882, 49.030702699999985], [8.3110903, 49.0307245], [8.3109691, 49.03072699999999], [8.3108415, 49.03071500000001], [8.3107492, 49.0306839], [8.3107003, 49.0306042], [8.3105904, 49.030507899999996], [8.31032, 49.030376], [8.3101063, 49.03023309999999], [8.3101015, 49.030139399999996], [8.3101213, 49.030055399999995], [8.3101925, 49.02994880000001], [8.3103334, 49.0298459], [8.3103671, 49.029762899999994], [8.3103195, 49.02964200000001], [8.3103065, 49.029478], [8.310174200000002, 49.02924959999999], [8.3100846, 49.0292098], [8.3096515, 49.029122099999995], [8.3093846, 49.0291326], [8.3092212, 49.02918589999999], [8.3090573, 49.029304999999994], [8.3089657, 49.029386800000005], [8.3089436, 49.029481], [8.3088801, 49.02957], [8.308817, 49.029641099999985], [8.3085239, 49.02971699999999], [8.3084488, 49.0297137], [8.3083428, 49.02972189999999], [8.3083141, 49.029780200000005], [8.3081628, 49.02980719999999], [8.3080708, 49.02983199999999], [8.3079732, 49.0298319], [8.3078954, 49.02985629999999], [8.3078799, 49.0299363], [8.3079448, 49.02996459999999], [8.3080282, 49.0299764], [8.3081116, 49.03001789999998], [8.3081188, 49.0300788], [8.3081628, 49.0300971], [8.3082127, 49.0300445], [8.3083074, 49.03001859999999], [8.3083664, 49.029974700000004], [8.3083817, 49.02992950000001], [8.3084332, 49.02988289999999], [8.3084767, 49.02982919999999], [8.3085587, 49.029814599999995], [8.3086456, 49.02982149999998], [8.308725, 49.02982539999999], [8.308799100000002, 49.0298684], [8.3088846, 49.02994279999999], [8.3089139, 49.02999739999999], [8.3089133, 49.030065099999995], [8.3088653, 49.0301426], [8.3088342, 49.03022329999999], [8.308795, 49.0302893], [8.3087698, 49.03035930000001], [8.3087671, 49.0304154], [8.3088143, 49.030443], [8.3088669, 49.0304481], [8.3089243, 49.0304316], [8.3089782, 49.030444900000006], [8.309004500000002, 49.03048169999999], [8.3090163, 49.0305225], [8.3090898, 49.03053529999999], [8.3091587, 49.030519], [8.3092304, 49.03050749999999], [8.3092953, 49.03055500000001], [8.3093124, 49.03061039999999], [8.3092727, 49.0306799], [8.3091976, 49.03076799999999], [8.3091392, 49.0308413], [8.3091147, 49.03094029999999], [8.3090981, 49.031059199999994], [8.3090954, 49.0311923], [8.3090903, 49.03127939999999], [8.3091451, 49.031397000000005], [8.3092124, 49.03150039999999], [8.3092918, 49.031630299999996], [8.3093994, 49.03176100000001], [8.309499, 49.031845999999994], [8.3096121, 49.031928599999986], [8.3096643, 49.0320012], [8.309681, 49.032123099999986], [8.3096796, 49.03227290000002], [8.3096947, 49.0324242], [8.3096788, 49.0325614], [8.3096607, 49.032678800000006], [8.3096441, 49.0327353], [8.3095506, 49.0328136], [8.3094822, 49.0328725], [8.3094372, 49.032929599999996], [8.3093931, 49.0329882], [8.3093387, 49.03306630000001], [8.3092996, 49.0331801], [8.3092749, 49.03325879999999], [8.30923, 49.03335080000001], [8.3091941, 49.03343459999999], [8.3091882, 49.03351490000001], [8.3091817, 49.033576100000005], [8.3091847, 49.033641599999996], [8.3092149, 49.03372939999999], [8.309248, 49.03379809999999], [8.309296700000003, 49.03381439999999], [8.3093439, 49.0337899], [8.3093447, 49.03374740000001], [8.3093276, 49.033666999999994]], [[8.310739, 49.0311231], [8.3106962, 49.031221099999996], [8.3106277, 49.0313701], [8.310601, 49.0314691], [8.3105794, 49.03149590000001], [8.310511, 49.03154309999999], [8.310471, 49.0315949], [8.3104364, 49.03165400000001], [8.3103927, 49.0317321], [8.3103325, 49.031793], [8.3102518, 49.031867599999984], [8.310178, 49.03191], [8.3101066, 49.0319237], [8.310023600000001, 49.03191879999999], [8.3098856, 49.0318791], [8.3097727, 49.0318234], [8.3095927, 49.03168780000001], [8.3095221, 49.0315907], [8.3094672, 49.0315375], [8.309435, 49.031505900000006], [8.3094189, 49.03145310000001], [8.3093975, 49.0314004], [8.3093814, 49.0313617], [8.3093706, 49.03133], [8.3093545, 49.03129130000001], [8.3093277, 49.031238599999995], [8.309317, 49.0311893], [8.3093116, 49.0311542], [8.3093063, 49.0310733], [8.3093277, 49.03099939999999], [8.3093599, 49.0308482], [8.3094189, 49.03073559999999], [8.3095016, 49.030602], [8.3096645, 49.0304699], [8.3097724, 49.030381999999996], [8.3099088, 49.03025409999999], [8.3099622, 49.030246500000004], [8.3100327, 49.03027010000001], [8.3101927, 49.03040190000001], [8.3103409, 49.03049409999999], [8.3104676, 49.030577900000004], [8.3106426, 49.03086809999999], [8.3106818, 49.0309219], [8.3107049, 49.030969299999995], [8.3107219, 49.0310252], [8.310739, 49.0311231]]]}}, {"type": "Feature", "properties": {"klasse": "Wald"}, "geometry": {"type": "Polygon", "coordinates": [[[8.3099704, 49.03165539999999], [8.3099894, 49.0316491], [8.310011700000002, 49.03163169999999], [8.3100202, 49.031617100000005], [8.3100191, 49.03159769999999], [8.3100053, 49.031581700000004], [8.3100011, 49.03156919999999], [8.3100085, 49.03155249999999], [8.3100244, 49.0315379], [8.3100414, 49.031521899999994], [8.3100456, 49.031496199999985], [8.3100414, 49.0314747], [8.310035, 49.03146490000001], [8.3100064, 49.031462899999994], [8.309982, 49.0314642], [8.3099513, 49.0314719], [8.3099216, 49.0314934], [8.3099099, 49.0315136], [8.3099089, 49.031536499999994], [8.3099078, 49.0315462], [8.3098866, 49.0315678], [8.3098813, 49.0315838], [8.3098866, 49.0316025], [8.309903600000002, 49.0316373], [8.3099163, 49.03164699999999], [8.3099301, 49.031652599999994], [8.3099439, 49.0316554], [8.3099704, 49.03165539999999]]]}}, {"type": "Feature", "properties": {"klasse": "Wald"}, "geometry": {"type": "Polygon", "coordinates": [[[8.3158284, 49.033707500000006], [8.3157761, 49.03336389999999], [8.315453, 49.033410999999994], [8.3153991, 49.034323699999995], [8.3156018, 49.0343084], [8.3155634, 49.034661799999995], [8.3158294, 49.03459839999999], [8.3157874, 49.0345231], [8.3157595, 49.03444749999999], [8.3157453, 49.0342693], [8.3157121, 49.0340664], [8.315676900000001, 49.0339571], [8.3156295, 49.033891700000005], [8.3155933, 49.03375519999999], [8.3158284, 49.033707500000006]]]}}, {"type": "Feature", "properties": {"klasse": "Wald"}, "geometry": {"type": "Polygon", "coordinates": [[[8.3153473, 49.0347107], [8.3153244, 49.0346639], [8.314312, 49.03469719999999], [8.3141872, 49.0347016], [8.314124, 49.03486], [8.3141401, 49.034911300000005], [8.314232, 49.0349593], [8.3144464, 49.03492260000001], [8.3153473, 49.0347107]]]}}, {"type": "Feature", "properties": {"klasse": "Wald"}, "geometry": {"type": "Polygon", "coordinates": [[[8.3085549, 49.0359389], [8.308572100000001, 49.03594859999999], [8.3085778, 49.035978], [8.3085199, 49.03598420000001], [8.3085436, 49.03605139999999], [8.3086121, 49.03608210000001], [8.3087815, 49.0360549], [8.3089075, 49.0360146], [8.3090088, 49.0359801], [8.3092026, 49.0359252], [8.309589000000003, 49.03585160000001], [8.3099935, 49.035799000000004], [8.3106404, 49.03571449999998], [8.3115587, 49.0355955], [8.3120878, 49.035538300000006], [8.3122333, 49.03554200000001], [8.3123399, 49.035571899999994], [8.3123953, 49.0356137], [8.312441, 49.035669099999986], [8.3124576, 49.03576079999999], [8.3124474, 49.03581799999999], [8.3124409, 49.0358528], [8.3124774, 49.03583499999999], [8.3127103, 49.03566940000001], [8.312832, 49.0356061], [8.3129928, 49.0355309], [8.3131786, 49.0354573], [8.313364, 49.035394399999994], [8.3136928, 49.035314500000005], [8.3139623, 49.03526409999999], [8.3139565, 49.0352364], [8.3136015, 49.03527909999998], [8.3129799, 49.03535900000001], [8.312151, 49.035460699999994], [8.3112701, 49.035569], [8.3105576, 49.0356671], [8.3099858, 49.03573819999998], [8.3090893, 49.03585520000001], [8.308550100000001, 49.0359257], [8.3085549, 49.0359389]]]}}, {"type": "Feature", "properties": {"klasse": "Wald"}, "geometry": {"type": "Polygon", "coordinates": [[[8.3105668, 49.0357633], [8.310195800000002, 49.035809300000004], [8.31035, 49.0359536], [8.3105713, 49.036071899999996], [8.3107567, 49.0360755], [8.3109159, 49.03598889999999], [8.3109997, 49.0358404], [8.3110739, 49.0357463], [8.3111047, 49.035695100000005], [8.3105668, 49.0357633]]]}}, {"type": "Feature", "properties": {"klasse": "Wald"}, "geometry": {"type": "Polygon", "coordinates": [[[8.3073811, 49.035933799999995], [8.3073836, 49.03594509999999], [8.3076566, 49.035915499999994], [8.3076421, 49.03588129999999], [8.307612, 49.035871699999994], [8.3074847, 49.03586119999999], [8.3072464, 49.03584159999999], [8.3072329, 49.03592259999999], [8.3072479, 49.035943700000004], [8.3073811, 49.035933799999995]]]}}, {"type": "Feature", "properties": {"klasse": "Wald"}, "geometry": {"type": "Polygon", "coordinates": [[[8.3135509, 49.035505699999995], [8.3137349, 49.035455999999996], [8.313947, 49.0354046], [8.313971, 49.03537109999999], [8.3139798, 49.0353362], [8.3139703, 49.03530669999999], [8.3138008, 49.0353383], [8.3135384, 49.03539789999999], [8.313361, 49.03544189999999], [8.313196200000002, 49.035498200000006], [8.3130147, 49.0355763], [8.3128028, 49.0356852], [8.3126006, 49.03580869999999], [8.3124108, 49.0359477], [8.3122695, 49.036081999999986], [8.312131, 49.03624190000001], [8.3120424, 49.03637079999999], [8.3119136, 49.03658419999999], [8.3120304, 49.03658020000001], [8.3121677, 49.036570600000005], [8.3122293, 49.03654730000001], [8.3123572, 49.0365163], [8.3124665, 49.036500399999994], [8.3125752, 49.0364936], [8.3126135, 49.03647479999999], [8.3127074, 49.03642390000001], [8.3132653, 49.035671699999995], [8.3133518, 49.0355965], [8.3134536, 49.0355412], [8.3135509, 49.035505699999995]]]}}, {"type": "Feature", "properties": {"klasse": "Wald"}, "geometry": {"type": "Polygon", "coordinates": [[[8.3077381, 49.0361975], [8.3077052, 49.036116899999996], [8.3076918, 49.03605399999999], [8.3069153, 49.0361484], [8.3069049, 49.03611739999999], [8.3060278, 49.03624159999999], [8.3053431, 49.036326899999985], [8.3052986, 49.0363326], [8.3052213, 49.03634240000001], [8.3052732, 49.03654129999999], [8.3053363, 49.03654399999999], [8.3055502, 49.03651130000001], [8.3059879, 49.0364614], [8.3064007, 49.03641509999999], [8.3068051, 49.036381500000005], [8.3072692, 49.036359699999984], [8.3078177, 49.0363533], [8.3081404, 49.03636149999999], [8.3085102, 49.03637419999999], [8.3085019, 49.036317000000004], [8.3084978, 49.036279799999996], [8.3084867, 49.0362661], [8.3084576, 49.03627250000001], [8.3082803, 49.03630879999999], [8.3081557, 49.036317000000004], [8.3080642, 49.0363243], [8.3079576, 49.0363152], [8.3078634, 49.036286999999994], [8.3077727, 49.03623149999999], [8.3077381, 49.0361975]]]}}, {"type": "Feature", "properties": {"klasse": "Wald"}, "geometry": {"type": "Polygon", "coordinates": [[[8.3140058, 49.0367161], [8.3143424, 49.03676939999999], [8.3148792, 49.0368599], [8.3153751, 49.0369387], [8.3157546, 49.0369914], [8.3163634, 49.0370945], [8.3164676, 49.037092], [8.3165095, 49.037089699999996], [8.3165539, 49.0370936], [8.3165923, 49.037099899999994], [8.3165994, 49.03712349999999], [8.3165863, 49.037144699999985], [8.3165535, 49.03719009999999], [8.3166472, 49.03719039999999], [8.3166587, 49.0371927], [8.3167449, 49.0371949], [8.3167373, 49.0373234], [8.3167215, 49.0373403], [8.3166885, 49.0373594], [8.3166655, 49.03737449999999], [8.3166486, 49.03739559999999], [8.316650900000003, 49.03741270000001], [8.3164401, 49.03742479999999], [8.3161034, 49.03744559999999], [8.3159154, 49.0374475], [8.3157984, 49.03744059999999], [8.3158324, 49.03717979999999], [8.3159885, 49.03718330000001], [8.3159772, 49.037162399999985], [8.315961, 49.0371421], [8.3159296, 49.037120900000005], [8.3158677, 49.037072599999995], [8.3158044, 49.03705289999999], [8.3156944, 49.03702939999999], [8.3155529, 49.0370137], [8.3153806, 49.03698599999999], [8.315024, 49.03692089999999], [8.314636, 49.0368559], [8.3142496, 49.0367843], [8.3141565, 49.03677369999999], [8.3141105, 49.03677050000001], [8.3141258, 49.03680949999999], [8.3141626, 49.036857600000005], [8.3143887, 49.03692519999999], [8.3146479, 49.03697689999999], [8.3152245, 49.037046499999995], [8.315335, 49.037048999999996], [8.315476, 49.0370531], [8.3155795, 49.0370657], [8.3156471, 49.0370854], [8.315688, 49.03711419999999], [8.3157221, 49.03715019999999], [8.3157372, 49.0371812], [8.3157419, 49.0372113], [8.3157408, 49.0372354], [8.315724, 49.0372793], [8.3156922, 49.03730989999998], [8.3156485, 49.0373331], [8.3155797, 49.037354], [8.315515, 49.037361899999986], [8.3154302, 49.03735640000001], [8.3147042, 49.03719849999999], [8.3144225, 49.0371172], [8.3141827, 49.036990200000005], [8.3140039, 49.03690059999999], [8.3139333, 49.036866999999994], [8.3139091, 49.03683139999999], [8.3139302, 49.036807799999984], [8.3139589, 49.036788499999986], [8.3139931, 49.03679279999999], [8.314062, 49.036829100000006], [8.314051700000002, 49.036813900000006], [8.314024, 49.0367904], [8.3139894, 49.036772500000005], [8.3139674, 49.03676319999999], [8.3139398, 49.0367547], [8.313903, 49.036751899999985], [8.3138621, 49.03675290000001], [8.3138144, 49.036758500000005], [8.3137697, 49.036769199999995], [8.3137424, 49.036780699999994], [8.3137251, 49.03679000000001], [8.3137138, 49.03680359999999], [8.313705000000002, 49.036822099999995], [8.3137075, 49.036836499999986], [8.3137151, 49.03684849999999], [8.313762, 49.0368746], [8.3140613, 49.03707459999999], [8.3141869, 49.037152600000006], [8.3143001, 49.037226100000005], [8.314397, 49.0372796], [8.3144977, 49.037326699999994], [8.3146061, 49.03737199999999], [8.3146876, 49.0374016], [8.3147644, 49.03742419999999], [8.3148565, 49.037439299999996], [8.3149581, 49.037444300000004], [8.3152622, 49.0374613], [8.3155116, 49.037471399999994], [8.3157974, 49.0374758], [8.3160746, 49.03748019999999], [8.3163864, 49.0374745], [8.3166616, 49.037463599999995], [8.3167476, 49.037462999999995], [8.3168258, 49.03745849999999], [8.3168749, 49.037454499999996], [8.3168771, 49.0374402], [8.3168699, 49.037290599999984], [8.3168759, 49.037151200000004], [8.3169011, 49.03698910000001], [8.31693, 49.03684029999999], [8.3169612, 49.03671269999999], [8.317009200000001, 49.03658599999999], [8.3170789, 49.036420699999994], [8.3171641, 49.0362616], [8.3172338, 49.0361443], [8.3173419, 49.035992399999984], [8.3174547, 49.03585459999999], [8.3175664, 49.035730199999996], [8.3177405, 49.0355641], [8.3179255, 49.035409800000004], [8.3181822, 49.0352315], [8.3184268, 49.03508089999999], [8.31856, 49.035010599999985], [8.3184218, 49.0350113], [8.3182644, 49.03507019999999], [8.318158, 49.0351076], [8.3180246, 49.035144900000006], [8.3179587, 49.035164599999995], [8.3178913, 49.035174399999995], [8.317777400000002, 49.03516750000001], [8.3176964, 49.0351813], [8.3175465, 49.035231200000005], [8.3176564, 49.035219299999994], [8.3177056, 49.035216199999994], [8.3177487, 49.035227199999994], [8.3177751, 49.035246799999996], [8.3177871, 49.03527989999999], [8.3177727, 49.03531989999999], [8.3175032, 49.0355587], [8.3172168, 49.0358876], [8.3169871, 49.0358239], [8.3171703, 49.03562329999999], [8.3171196, 49.035585499999996], [8.3170712, 49.03552090000001], [8.3170871, 49.03546049999999], [8.3170062, 49.0354532], [8.3168651, 49.035442599999996], [8.3168315, 49.03547170000001], [8.3168063, 49.0355204], [8.3167133, 49.03585869999999], [8.3167072, 49.035888], [8.316542, 49.0358734], [8.316548, 49.0358442], [8.3166288, 49.03549710000001], [8.316452, 49.035481], [8.3164505, 49.03549060000001], [8.3164222, 49.03567089999999], [8.3163824, 49.035821000000006], [8.3163752, 49.03589649999999], [8.316386, 49.03601359999999], [8.3163884, 49.03607099999999], [8.3163944, 49.0361181], [8.31641, 49.0361559], [8.3164471, 49.03617760000001], [8.3164956, 49.03615739999999], [8.3165664, 49.03623009999999], [8.3165179, 49.036250399999986], [8.3165383, 49.03628079999999], [8.3165371, 49.036394], [8.3165443, 49.036651799999994], [8.3165539, 49.036778399999996], [8.3165719, 49.03684839999999], [8.3165767, 49.0368971], [8.3165789, 49.036924000000006], [8.3165815, 49.036953700000005], [8.3165251, 49.036965499999994], [8.3164403, 49.036950499999996], [8.3160549, 49.03689359999999], [8.3158035, 49.0368645], [8.3150656, 49.03676239999999], [8.3148545, 49.036697], [8.314664, 49.03659900000001], [8.314567200000003, 49.036454899999995], [8.3145086, 49.0363453], [8.3144886, 49.036165800000006], [8.3144776, 49.036130899999996], [8.314432, 49.03598639999999], [8.3143997, 49.03588409999999], [8.3143625, 49.03576639999999], [8.3143604, 49.035619], [8.3143282, 49.0354013], [8.314159800000002, 49.03541499999999], [8.3139195, 49.03548299999999], [8.3137664, 49.035523999999995], [8.3136056, 49.03554469999998], [8.3134857, 49.03557719999999], [8.313423, 49.03561760000001], [8.3133422, 49.03569449999999], [8.3127941, 49.03642059999999], [8.3128462, 49.0364711], [8.3129334, 49.036488899999995], [8.3130909, 49.036521099999995], [8.3133131, 49.03659609999999], [8.3136661, 49.036752499999984], [8.3138473, 49.03671309999999], [8.3140058, 49.0367161]], [[8.3133101, 49.0359059], [8.3134347, 49.03574479999999], [8.3135078, 49.0357063], [8.3137543, 49.03561069999999], [8.3138386, 49.035647100000006], [8.3139138, 49.0356418], [8.3139426, 49.035696099999996], [8.3140099, 49.035944099999995], [8.3140279, 49.0361291], [8.3139402, 49.0362622], [8.3139883, 49.036471599999985], [8.3140423, 49.0364944], [8.3142609, 49.03646449999999], [8.3142873, 49.0364991], [8.3143077, 49.03657079999999], [8.3142789, 49.03661089999999], [8.3142261, 49.036695], [8.3139584, 49.03666869999999], [8.313925, 49.036632399999995], [8.313819, 49.0366469], [8.3136851, 49.03667599999999], [8.3131908, 49.0365074], [8.3129824, 49.03645920000001], [8.312923, 49.03642349999999], [8.3133101, 49.0359059]]]}}, {"type": "Feature", "properties": {"klasse": "Wald"}, "geometry": {"type": "Polygon", "coordinates": [[[8.316208, 49.03633639999999], [8.3162295, 49.036246999999996], [8.3162781, 49.0361581], [8.3163024, 49.0360399], [8.3163192, 49.035849299999995], [8.3163099, 49.035681999999994], [8.3162921, 49.0355938], [8.3162697, 49.035576], [8.3162454, 49.0355736], [8.3162257, 49.0355877], [8.3162285, 49.03561399999999], [8.3162342, 49.0356422], [8.3162472, 49.035689399999995], [8.31625, 49.03574819999999], [8.3162472, 49.035797800000005], [8.3162295, 49.0359339], [8.3162164, 49.036019], [8.3161818, 49.03614589999999], [8.3161482, 49.0362249], [8.3161183, 49.0363211], [8.3161033, 49.03643199999999], [8.3160743, 49.036654999999996], [8.3160575, 49.0367469], [8.3160248, 49.0367824], [8.3159837, 49.036803299999995], [8.3158901, 49.0368072], [8.3160768, 49.03684160000001], [8.3160893, 49.03683019999999], [8.3161229, 49.03681859999999], [8.3161613, 49.036797099999994], [8.3161893, 49.036753000000004], [8.3162052, 49.03670890000001], [8.3162117, 49.0366029], [8.3161949, 49.036475499999995], [8.3161977, 49.0364063], [8.316208, 49.03633639999999]]]}}, {"type": "Feature", "properties": {"klasse": "Wald"}, "geometry": {"type": "Polygon", "coordinates": [[[8.3096771, 49.03645339999999], [8.3092372, 49.0363968], [8.3086709, 49.03633940000001], [8.308651, 49.0363132], [8.3086377, 49.03627259999998], [8.3086321, 49.03624789999999], [8.3086299, 49.03622239999998], [8.3086266, 49.036210100000005], [8.3086111, 49.0361948], [8.3085778, 49.036210100000005], [8.3085513, 49.0362333], [8.3085446, 49.036279099999994], [8.3085612, 49.036360499999994], [8.3085668, 49.03638149999999], [8.3085845, 49.03639019999999], [8.3087164, 49.036397499999985], [8.3090754, 49.0364266], [8.3093868, 49.03645639999999], [8.3097015, 49.0364992], [8.310148, 49.03656819999999], [8.310558, 49.0366394], [8.3109558, 49.03672300000001], [8.3113858, 49.0368152], [8.3115852, 49.03685659999999], [8.3116096, 49.0368167], [8.3116118, 49.0367767], [8.3115863, 49.0367469], [8.3115409, 49.036731], [8.3114423, 49.036716399999996], [8.3113138, 49.03670189999998], [8.3111298, 49.036680100000005], [8.3110068, 49.036667], [8.3104605, 49.03657479999999], [8.3096771, 49.03645339999999]]]}}, {"type": "Feature", "properties": {"klasse": "Wald"}, "geometry": {"type": "Polygon", "coordinates": [[[8.3119154, 49.03688900000001], [8.311904, 49.036907199999995], [8.3118944, 49.0369284], [8.3119852, 49.0369545], [8.312131, 49.0369853], [8.3122615, 49.0370047], [8.312367, 49.0370177], [8.3123681, 49.03701209999999], [8.3123659, 49.03700649999999], [8.3123432, 49.0369943], [8.3122881, 49.0369764], [8.3120328, 49.0368793], [8.3119977, 49.03687119999999], [8.3119716, 49.0368667], [8.3119415, 49.036867099999995], [8.3119216, 49.0368753], [8.3119154, 49.03688900000001]]]}}, {"type": "Feature", "properties": {"klasse": "Wald"}, "geometry": {"type": "Polygon", "coordinates": [[[8.3078804, 49.036677899999994], [8.3076034, 49.0366926], [8.3069316, 49.03673690000001], [8.3065957, 49.0367517], [8.3064121, 49.03681290000001], [8.3062961, 49.03683449999999], [8.3058823, 49.0368266], [8.3057075, 49.03681749999999], [8.3053525, 49.0368583], [8.3053837, 49.03699799999999], [8.3053975, 49.037040000000005], [8.3054339, 49.0370649], [8.3054876, 49.03707289999999], [8.3055516, 49.0370751], [8.305962, 49.03704220000001], [8.3064866, 49.0369571], [8.3067896, 49.03692300000001], [8.3073056, 49.03685610000001], [8.3077453, 49.036824300000006], [8.308495, 49.03684359999999], [8.3088205, 49.03683680000001], [8.3092707, 49.036873099999994], [8.3095202, 49.03691669999999], [8.3097243, 49.036946900000004], [8.3101884, 49.03705469999999], [8.3110125, 49.03719209999999], [8.3113242, 49.0372318], [8.3113571, 49.03719999999999], [8.3113994, 49.0371652], [8.311035, 49.037075099999996], [8.3105554, 49.036972999999996], [8.3100897, 49.0368845], [8.309622200000002, 49.03681069999999], [8.3093157, 49.03677090000001], [8.3088413, 49.03672439999998], [8.3084898, 49.036699399999996], [8.308173, 49.03668470000001], [8.3078804, 49.036677899999994]]]}}, {"type": "Feature", "properties": {"klasse": "Wald"}, "geometry": {"type": "Polygon", "coordinates": [[[8.3130081, 49.03718099999999], [8.3132925, 49.037234399999996], [8.3133967, 49.03725319999999], [8.313423, 49.03723969999999], [8.3134592, 49.037234600000005], [8.3134932, 49.0372211], [8.3135081, 49.03720579999998], [8.3135095, 49.0371858], [8.3135031, 49.037171400000005], [8.3134882, 49.03715929999999], [8.3134684, 49.037150399999994], [8.3134478, 49.0371509], [8.3134237, 49.0371528], [8.3133726, 49.037160699999994], [8.3133407, 49.03716579999999], [8.3133116, 49.0371621], [8.3132946, 49.0371556], [8.3132308, 49.037117900000005], [8.3131939, 49.0370998], [8.3131734, 49.0370919], [8.3131464, 49.0370779], [8.3131308, 49.037070499999984], [8.3131088, 49.037062099999986], [8.3130804, 49.0370561], [8.3130606, 49.037053699999994], [8.3130386, 49.03705089999999], [8.3130024, 49.037045799999994], [8.3129826, 49.03704299999998], [8.312967, 49.0370328], [8.3129124, 49.0369933], [8.3128571, 49.03696489999999], [8.3128337, 49.0369528], [8.312806700000001, 49.036941199999994], [8.3127769, 49.03693469999999], [8.3127549, 49.0369296], [8.3127337, 49.0369236], [8.3127032, 49.036911], [8.3125996, 49.03687800000001], [8.3125379, 49.036865899999995], [8.3124734, 49.0368524], [8.3124358, 49.03684959999999], [8.3123776, 49.0368436], [8.3123315, 49.0368413], [8.3123003, 49.0368366], [8.3122698, 49.0368059], [8.3122479, 49.036798000000005], [8.3122053, 49.0367878], [8.3121677, 49.0367836], [8.3121372, 49.0367841], [8.3120897, 49.036788300000005], [8.3120812, 49.03678829999999], [8.3120528, 49.0367897], [8.3120273, 49.0367934], [8.312011, 49.036796200000005], [8.3119789, 49.0367998], [8.3119578, 49.03683], [8.3121344, 49.03688429999999], [8.3122925, 49.0369527], [8.3124273, 49.0370034], [8.3124705, 49.037030299999984], [8.312632900000002, 49.0370573], [8.3127606, 49.0370908], [8.3128436, 49.037126099999995], [8.3129265, 49.037161], [8.3130081, 49.03718099999999]]]}}, {"type": "Feature", "properties": {"klasse": "Wald"}, "geometry": {"type": "Polygon", "coordinates": [[[8.3108756, 49.0377452], [8.3109552, 49.03777179999999], [8.3109852, 49.03784159999999], [8.3109777, 49.03785539999999], [8.310991, 49.03788500000001], [8.3111066, 49.0379014], [8.3111122, 49.0378761], [8.3111523, 49.037796300000004], [8.3111163, 49.03777809999999], [8.3111424, 49.0376718], [8.311118, 49.0376188], [8.3106945, 49.03747239999999], [8.310306, 49.037333399999994], [8.3094902, 49.0370313], [8.3092723, 49.036957199999996], [8.3088523, 49.0369078], [8.3084765, 49.03690919999999], [8.3078863, 49.0369507], [8.3061006, 49.037090799999994], [8.3060331, 49.0371101], [8.3059996, 49.0371442], [8.3060003, 49.0371729], [8.3060059, 49.037198399999994], [8.3064283, 49.03717089999999], [8.3065472, 49.037163099999994], [8.3071598, 49.0371233], [8.3072644, 49.03711650000001], [8.3091343, 49.03699490000001], [8.3089681, 49.0374913], [8.3097078, 49.0376202], [8.3104808, 49.037745199999996], [8.3106985, 49.03775009999999], [8.3108756, 49.0377452]]]}}, {"type": "Feature", "properties": {"klasse": "Wald"}, "geometry": {"type": "Polygon", "coordinates": [[[8.3127577, 49.0375695], [8.3124128, 49.03747140000001], [8.3121842, 49.0373988], [8.3120914, 49.0373752], [8.3120983, 49.03735249999998], [8.3119778, 49.0373107], [8.3119086, 49.037281699999994], [8.3117936, 49.037249900000006], [8.3117378, 49.0372461], [8.311681, 49.03730449999999], [8.3116725, 49.037359299999984], [8.3117697, 49.0373807], [8.3118839, 49.0374053], [8.3120263, 49.03747419999999], [8.3120817, 49.0375187], [8.3121662, 49.0375332], [8.3122673, 49.0375359], [8.3127577, 49.0375695]]]}}, {"type": "Feature", "properties": {"klasse": "Wald"}, "geometry": {"type": "Polygon", "coordinates": [[[8.3138468, 49.0376843], [8.3136032, 49.037648000000004], [8.3134402, 49.0376213], [8.3131513, 49.037572399999995], [8.3128884, 49.0375235], [8.3124911, 49.037442899999995], [8.3122328, 49.0373809], [8.312221400000002, 49.0373807], [8.3122184, 49.03738649999999], [8.312232200000002, 49.0373949], [8.312332, 49.037421699999996], [8.3125189, 49.037472900000004], [8.3126891, 49.03752229999999], [8.3128638, 49.03757099999999], [8.3129533, 49.0375971], [8.3129961, 49.037619699999986], [8.3130138, 49.037628399999996], [8.3132868, 49.0376629], [8.3135997, 49.03771079999999], [8.3139348, 49.03776510000001], [8.3143298, 49.03784619999999], [8.314615700000001, 49.037912799999994], [8.3146811, 49.037928199999996], [8.3147914, 49.0379543], [8.3148754, 49.0379494], [8.314958, 49.0379297], [8.3150015, 49.0379032], [8.315024, 49.0378737], [8.3150315, 49.03784509999999], [8.3150225, 49.0378028], [8.314332, 49.03774279999999], [8.3138468, 49.0376843]]]}}, {"type": "Feature", "properties": {"klasse": "Wald"}, "geometry": {"type": "Polygon", "coordinates": [[[8.317648, 49.03875739999999], [8.31762, 49.03865540000001], [8.3175189, 49.0383791], [8.3174903, 49.0384101], [8.3174761, 49.038461000000005], [8.3175125, 49.0386773], [8.3175458, 49.0388644], [8.3176013, 49.039132699999996], [8.3176347, 49.0392325], [8.3176806, 49.0392834], [8.3177111, 49.039300399999995], [8.3176822, 49.0390715], [8.3176682, 49.0389236], [8.317648, 49.03875739999999]]]}}, {"type": "Feature", "properties": {"klasse": "Wald"}, "geometry": {"type": "Polygon", "coordinates": [[[8.3110989, 49.039769599999985], [8.3110994, 49.03978059999999], [8.3110974, 49.0397912], [8.3112406, 49.03983769999999], [8.311278, 49.03984800000001], [8.3112888, 49.0398435], [8.3112949, 49.0398357], [8.3111285, 49.03978169999999], [8.3111504, 49.0397493], [8.3111481, 49.0397385], [8.3111378, 49.039730600000006], [8.311125, 49.03972709999999], [8.3111078, 49.03973479999999], [8.3110974, 49.0397458], [8.311093, 49.0397593], [8.3110989, 49.039769599999985]]]}}, {"type": "Feature", "properties": {"klasse": "Wald"}, "geometry": {"type": "Polygon", "coordinates": [[[8.3075113, 49.0399736], [8.3074603, 49.0400266], [8.3072317, 49.04011289999999], [8.3071392, 49.04017040000001], [8.3071228, 49.0402214], [8.3071594, 49.0402835], [8.3072044, 49.0403079], [8.3072736, 49.0403301], [8.3073355, 49.0403344], [8.3073972, 49.0403715], [8.3074827, 49.0403862], [8.3076066, 49.0404029], [8.3076538, 49.04035429999999], [8.307741, 49.04033359999998], [8.3078294, 49.0403045], [8.3078291, 49.040258699999995], [8.3078365, 49.04021850000001], [8.3078686, 49.0401769], [8.3078806, 49.0401281], [8.3079287, 49.040082899999994], [8.3079788, 49.0400643], [8.3079918, 49.039994099999994], [8.3080039, 49.0399377], [8.3080302, 49.0399031], [8.3081076, 49.03983229999999], [8.3082011, 49.0398905], [8.3082906, 49.03978450000001], [8.3082377, 49.03967109999999], [8.3081988, 49.03962359999999], [8.3080154, 49.039639599999994], [8.307947, 49.0396183], [8.3078625, 49.0396105], [8.3077709, 49.039601199999986], [8.307682, 49.03961049999999], [8.3075332, 49.039629], [8.3073877, 49.03967600000001], [8.3073978, 49.0397716], [8.30743, 49.039824], [8.3074907, 49.0399202], [8.3075113, 49.0399736]]]}}, {"type": "Feature", "properties": {"klasse": "Wald"}, "geometry": {"type": "Polygon", "coordinates": [[[8.3152379, 49.0379346], [8.315037600000002, 49.03800809999999], [8.314918000000002, 49.03802399999999], [8.3148256, 49.03802980000001], [8.3148164, 49.038052], [8.3150379, 49.0380775], [8.3153437, 49.038087999999995], [8.3156853, 49.0380794], [8.3162731, 49.038041799999995], [8.3167012, 49.038008100000006], [8.3167264, 49.0380988], [8.3165746, 49.03811790000001], [8.3171309, 49.04038229999999], [8.3175389, 49.0416139], [8.3180753, 49.0437862], [8.3175423, 49.044728500000005], [8.3169127, 49.04500019999998], [8.3160666, 49.0453547], [8.3159029, 49.0454335], [8.315815300000002, 49.045497399999995], [8.3155277, 49.0456162], [8.314333900000001, 49.045876799999995], [8.3144155, 49.045990800000006], [8.3145474, 49.046100200000005], [8.3149424, 49.04632719999999], [8.3150849, 49.0463041], [8.3162367, 49.045828], [8.3183914, 49.044905799999995], [8.3189662, 49.04458900000001], [8.3195818, 49.04415709999999], [8.3197547, 49.0439474], [8.3193589, 49.04390190000001], [8.319442, 49.043355099999985], [8.3200523, 49.043407099999996], [8.320234, 49.0431889], [8.3204012, 49.0427285], [8.3199253, 49.04244450000001], [8.3193994, 49.042138], [8.3189086, 49.0418646], [8.3187834, 49.0417919], [8.3186162, 49.0416838], [8.3184239, 49.04155090000001], [8.3182686, 49.04142709999998], [8.3180849, 49.0412576], [8.3179778, 49.04114639999999], [8.3178805, 49.041011299999994], [8.317779, 49.04087669999999], [8.3177102, 49.040733900000006], [8.3176433, 49.040599799999995], [8.3175813, 49.04046889999999], [8.3175274, 49.0403175], [8.317485900000001, 49.040172899999995], [8.3169428, 49.03784129999998], [8.31693, 49.03777430000001], [8.3168304, 49.037798899999984], [8.3167871, 49.0378049], [8.31673, 49.03781279999999], [8.3166012, 49.03782449999999], [8.3162222, 49.0378371], [8.3154892, 49.037839], [8.315438700000001, 49.0378371], [8.3153686, 49.037864899999995], [8.3152379, 49.0379346]]]}}, {"type": "Feature", "properties": {"klasse": "Wald"}, "geometry": {"type": "Polygon", "coordinates": [[[8.3083854, 49.04099459999999], [8.3081944, 49.041023], [8.307613, 49.0415366], [8.3075004, 49.04164910000001], [8.3073502, 49.04164209999999], [8.3071731, 49.0419727], [8.3071248, 49.04221530000001], [8.3073072, 49.042260999999996], [8.3073287, 49.042457899999995], [8.3075433, 49.0425529], [8.3076345, 49.04293259999999], [8.3077418, 49.0432421], [8.3078345, 49.04335579999999], [8.3091054, 49.04309990000001], [8.3093476, 49.0433151], [8.309422, 49.0433811], [8.3096455, 49.0433496], [8.3089695, 49.041852500000005], [8.3087145, 49.04135599999999], [8.3085015, 49.04121919999999], [8.3084738, 49.041001], [8.3083854, 49.04099459999999]]]}}, {"type": "Feature", "properties": {"klasse": "Wald"}, "geometry": {"type": "Polygon", "coordinates": [[[8.3142525, 49.0460172], [8.3141645, 49.0459239], [8.3139753, 49.045962], [8.3136896, 49.045882099999986], [8.3130488, 49.0460101], [8.313122, 49.0461528], [8.3131947, 49.0462021], [8.313207000000002, 49.0464049], [8.3134137, 49.046454], [8.3136958, 49.0465386], [8.3138932, 49.04660909999999], [8.3140907, 49.04667969999999], [8.3141444, 49.0467251], [8.3148161, 49.046411899999995], [8.3147598, 49.0463382], [8.3142525, 49.0460172]]]}}, {"type": "Feature", "properties": {"klasse": "Wald"}, "geometry": {"type": "Polygon", "coordinates": [[[8.3097678, 49.04668319999999], [8.3098373, 49.046855699999995], [8.3096832, 49.04692849999999], [8.3097605, 49.0470747], [8.310207400000001, 49.04698619999999], [8.3101434, 49.04673489999999], [8.3097607, 49.0459984], [8.3096096, 49.0459124], [8.3095158, 49.0458852], [8.3094074, 49.0458771], [8.3092139, 49.0459385], [8.3091721, 49.0460633], [8.3095064, 49.04658690000001], [8.3097678, 49.04668319999999]]]}}, {"type": "Feature", "properties": {"klasse": "Wald"}, "geometry": {"type": "Polygon", "coordinates": [[[8.3115755, 49.04676129999999], [8.3117612, 49.04711859999999], [8.3121225, 49.0470366], [8.3120058, 49.0467444], [8.3119392, 49.04668509999999], [8.3115755, 49.04676129999999]]]}}, {"type": "Feature", "properties": {"klasse": "Wald"}, "geometry": {"type": "Polygon", "coordinates": [[[8.3158872, 49.046217500000004], [8.3144302, 49.046818299999984], [8.3141958, 49.046923099999994], [8.3138341, 49.04715290000001], [8.3136061, 49.04734280000001], [8.3133887, 49.0475706], [8.3132434, 49.0477781], [8.3130638, 49.0481133], [8.3129769, 49.0484791], [8.3129861, 49.048731], [8.3130272, 49.04916579999999], [8.3132514, 49.04967859999999], [8.3134162, 49.0500541], [8.3135118, 49.050214399999994], [8.3153807, 49.0494856], [8.3155533, 49.0496005], [8.3171936, 49.04889819999999], [8.3190367, 49.04812449999999], [8.3198694, 49.0489642], [8.3223643, 49.047932299999985], [8.322793, 49.04804649999999], [8.324042, 49.0476147], [8.3242754, 49.04752479999999], [8.3250303, 49.04819349999999], [8.3250074, 49.048088500000006], [8.3249937, 49.047977599999996], [8.3234463, 49.04637060000001], [8.3234189, 49.0463398], [8.3234029, 49.0462994], [8.3233841, 49.0461544], [8.3233747, 49.04610949999999], [8.323341, 49.0460704], [8.3230883, 49.0458611], [8.3223563, 49.045165399999995], [8.3219217, 49.044857799999996], [8.3209494, 49.0441421], [8.3202987, 49.04380209999999], [8.3200132, 49.04406129999999], [8.3194835, 49.0444955], [8.3189292, 49.0448646], [8.3182361, 49.04518969999999], [8.3158872, 49.046217500000004]], [[8.3201433, 49.045047399999994], [8.3201159, 49.044693900000006], [8.3203363, 49.0445479], [8.3207248, 49.0443968], [8.321857, 49.045407299999994], [8.3221726, 49.0455506], [8.3221831, 49.045668299999996], [8.3216528, 49.04588059999998], [8.3213989, 49.04576019999999], [8.3213953, 49.045701300000005], [8.3209414, 49.04575169999999], [8.3202501, 49.045467299999984], [8.319985, 49.0452239], [8.3201433, 49.045047399999994]], [[8.3183534, 49.0468757], [8.3185948, 49.04688440000001], [8.3186512, 49.04681589999999], [8.319016, 49.046837], [8.3192064, 49.046970599999995], [8.319305300000002, 49.047083199999996], [8.3187252, 49.047356400000005], [8.3185869, 49.04710420000001], [8.3182435, 49.046963600000005], [8.3183534, 49.0468757]], [[8.317388, 49.046403], [8.3174413, 49.0463964], [8.3175179, 49.04649460000001], [8.3175679, 49.046669299999984], [8.317408, 49.046782799999995], [8.3171716, 49.04694209999999], [8.317075, 49.0470294], [8.3170217, 49.04702939999999], [8.3167619, 49.046900599999994], [8.3167586, 49.04687439999999], [8.3168352, 49.046841699999995], [8.3170051, 49.046808999999996], [8.3170583, 49.0467326], [8.3171383, 49.0466343], [8.3172215, 49.0465012], [8.3173148, 49.046420399999995], [8.317388, 49.046403]], [[8.3163245, 49.04831459999999], [8.3164318, 49.048497399999995], [8.3167, 49.0486451], [8.3156701, 49.04900369999999], [8.3156593, 49.0488842], [8.3152302, 49.04849740000001], [8.3158954, 49.0482935], [8.3156808, 49.0481107], [8.3160456, 49.047977], [8.3163245, 49.04831459999999]], [[8.3143052, 49.04911619999999], [8.3142722, 49.0491641], [8.314357, 49.0493091], [8.3144488, 49.04939399999999], [8.31447, 49.0494558], [8.3144559, 49.0495514], [8.3143806, 49.049608500000005], [8.3142416, 49.04961629999999], [8.3141215, 49.04950670000001], [8.3140038, 49.049372399999996], [8.3139685, 49.04923809999998], [8.3139944, 49.04908689999999], [8.314253, 49.0489653], [8.3143193, 49.0489341], [8.3144536, 49.04894490000001], [8.3144536, 49.04899739999999], [8.3143052, 49.04911619999999]]]}}, {"type": "Feature", "properties": {"klasse": "Wald"}, "geometry": {"type": "Polygon", "coordinates": [[[8.3107828, 49.0476618], [8.3109521, 49.0479623], [8.3112536, 49.047914999999996], [8.3113867, 49.04792110000001], [8.3114635, 49.04794379999999], [8.3115662, 49.0480159], [8.3117733, 49.0483883], [8.3120882, 49.04830080000001], [8.3116903, 49.047517199999994], [8.3113374, 49.0468212], [8.310889, 49.0469098], [8.3110365, 49.0471695], [8.3105895, 49.047398799999996], [8.3107315, 49.0476221], [8.3107828, 49.0476618]]]}}, {"type": "Feature", "properties": {"klasse": "Wald"}, "geometry": {"type": "Polygon", "coordinates": [[[8.309811, 49.0472011], [8.3100319, 49.0475979], [8.3105194, 49.04750980000001], [8.310295, 49.04705820000001], [8.3099883, 49.04711349999999], [8.309811, 49.0472011]]]}}, {"type": "Feature", "properties": {"klasse": "Wald"}, "geometry": {"type": "Polygon", "coordinates": [[[8.3127387, 49.0465127], [8.3124431, 49.046578499999995], [8.3125627, 49.0469571], [8.3128631, 49.0476223], [8.3123293, 49.0477401], [8.3123363, 49.0477622], [8.3124373, 49.048081499999995], [8.3123679, 49.048099900000004], [8.3124046, 49.048178099999994], [8.3124614, 49.0482256], [8.31256, 49.0482341], [8.3126539, 49.048218299999995], [8.3126959, 49.04820389999998], [8.3127397, 49.04812330000001], [8.3128121, 49.048052999999996], [8.312847, 49.0479985], [8.3129624, 49.047726], [8.3132124, 49.047401099999995], [8.3140362, 49.04680549999999], [8.3140011, 49.046761000000004], [8.3133556, 49.046530999999995], [8.3130534, 49.0464912], [8.3127387, 49.0465127]]]}}, {"type": "Feature", "properties": {"klasse": "Wald"}, "geometry": {"type": "Polygon", "coordinates": [[[8.3105419, 49.047849899999996], [8.3102038, 49.04793569999999], [8.310271900000002, 49.04801079999999], [8.3104956, 49.0480841], [8.310621, 49.04802149999999], [8.3105937, 49.04789639999999], [8.3105419, 49.047849899999996]]]}}, {"type": "Feature", "properties": {"klasse": "Wald"}, "geometry": {"type": "Polygon", "coordinates": [[[8.3112517, 49.04913359999999], [8.3111167, 49.0490761], [8.31099, 49.04912490000001], [8.310873, 49.0492244], [8.3108366, 49.04932300000001], [8.3108467, 49.04939960000001], [8.3108734, 49.0493923], [8.3109769, 49.0494478], [8.3110858, 49.0495017], [8.3111414, 49.04957199999999], [8.3110194, 49.0496855], [8.3111259, 49.0498353], [8.3113891, 49.04987729999999], [8.3114594, 49.0500742], [8.3112103, 49.05021949999999], [8.311235500000002, 49.05034929999999], [8.3121401, 49.05177499999999], [8.3122834, 49.0517556], [8.3120278, 49.0508973], [8.3120699, 49.05079659999999], [8.3121394, 49.0507185], [8.3122765, 49.05069309999999], [8.312600500000002, 49.05063299999999], [8.3141068, 49.05250079999998], [8.314691082305705, 49.053453775110945], [8.315186823203634, 49.053453775110945], [8.3145594, 49.0525678], [8.3136773, 49.051238000000005], [8.3129913, 49.050139], [8.3128169, 49.0498305], [8.3126175, 49.04955859999999], [8.3124988, 49.049287299999996], [8.3123763, 49.048916199999994], [8.3122491, 49.04858839999999], [8.312134900000002, 49.04833610000001], [8.3118008, 49.0484192], [8.3117956, 49.04851599999999], [8.3113066, 49.048637499999984], [8.3112615, 49.048746599999994], [8.3113853, 49.04893880000001], [8.3114639, 49.04884800000001], [8.3115127, 49.04885769999999], [8.3115369, 49.0488801], [8.3114388, 49.04916229999999], [8.3113215, 49.04919309999999], [8.3112517, 49.04913359999999]]]}}, {"type": "Feature", "properties": {"klasse": "Wald"}, "geometry": {"type": "Polygon", "coordinates": [[[8.326539, 49.027598], [8.3267866, 49.027629799999985], [8.3285166, 49.0282965], [8.3285421, 49.028207], [8.3274308, 49.0278105], [8.3273237, 49.0277276], [8.3268618, 49.0275369], [8.3266067, 49.02750339999999], [8.3265212, 49.02747579999999], [8.3265748, 49.0272893], [8.3264459, 49.027130299999996], [8.3262622, 49.0271103], [8.3260007, 49.0272583], [8.3258514, 49.0272366], [8.3256689, 49.027168], [8.325657604570203, 49.027119944881996], [8.3264509, 49.0267657], [8.3272451, 49.0263768], [8.327126, 49.026324699999996], [8.325421, 49.027144899999996], [8.324525, 49.02756960000001], [8.3236181, 49.0279125], [8.3239125, 49.02801829999999], [8.3245945, 49.027683499999995], [8.3249054, 49.0276455], [8.3253763, 49.027323899999985], [8.3255376, 49.02734989999999], [8.325684000000003, 49.027473599999986], [8.326034, 49.02757449999999], [8.3265279, 49.0275957], [8.3264127, 49.027488399999996], [8.326539, 49.027598]]]}}, {"type": "Feature", "properties": {"klasse": "Wald"}, "geometry": {"type": "Polygon", "coordinates": [[[8.3202392, 49.02669759999999], [8.3200849, 49.0268344], [8.3206823, 49.0270352], [8.323745700000002, 49.028138799999994], [8.3239022, 49.0280264], [8.3202392, 49.02669759999999]]]}}, {"type": "Feature", "properties": {"klasse": "Wald"}, "geometry": {"type": "Polygon", "coordinates": [[[8.3215652, 49.02905479999998], [8.3216018, 49.0291073], [8.3216576, 49.029154199999994], [8.3217238, 49.029189599999995], [8.3218144, 49.0292022], [8.3218963, 49.029212400000006], [8.3219973, 49.029201], [8.3220844, 49.029181599999994], [8.3221385, 49.029145], [8.3222284, 49.029091900000005], [8.3223295, 49.0289815], [8.3222869, 49.0289325], [8.3220223, 49.0288292], [8.3217862, 49.028893700000005], [8.3216181, 49.02885909999999], [8.3216071, 49.028872], [8.3215767, 49.02891759999999], [8.3215809, 49.028949699999984], [8.3215565, 49.029001099999995], [8.3215652, 49.02905479999998]]]}}, {"type": "Feature", "properties": {"klasse": "Wald"}, "geometry": {"type": "Polygon", "coordinates": [[[8.3236894, 49.03233309999999], [8.3233898, 49.03258259999999], [8.3236457, 49.03271000000001], [8.3241865, 49.0322237], [8.3239792, 49.03220029999999], [8.3238627, 49.03215039999999], [8.3236894, 49.03233309999999]]]}}, {"type": "Feature", "properties": {"klasse": "Wald"}, "geometry": {"type": "Polygon", "coordinates": [[[8.319402, 49.03330149999999], [8.3192418, 49.033331299999986], [8.3195607, 49.03386659999999], [8.3196982, 49.03384520000001], [8.319402, 49.03330149999999]]]}}, {"type": "Feature", "properties": {"klasse": "Wald"}, "geometry": {"type": "Polygon", "coordinates": [[[8.3291825, 49.03302469999999], [8.3285075, 49.03319840000001], [8.3280531, 49.0333069], [8.3277246, 49.033376], [8.3272438, 49.03348059999998], [8.326977, 49.0335318], [8.3268997, 49.0335466], [8.326400900000001, 49.033637799999994], [8.3260532, 49.0336999], [8.3259077, 49.0337271], [8.3258796, 49.03373189999999], [8.3258935, 49.033772400000004], [8.3259113, 49.0338024], [8.3259349, 49.0338136], [8.3259748, 49.033823], [8.3260369, 49.03382719999999], [8.326119, 49.033820199999994], [8.3263688, 49.033775199999994], [8.3266085, 49.0337289], [8.3268019, 49.0336915], [8.3270981, 49.03363629999999], [8.327298400000002, 49.033595999999996], [8.3276623, 49.0335571], [8.3283481, 49.0341538], [8.3285542, 49.03412599999999], [8.3286852, 49.03413239999998], [8.3287702, 49.034174400000005], [8.3288107, 49.0341534], [8.3288748, 49.0341141], [8.328901300000002, 49.03405289999999], [8.3289403, 49.03393500000001], [8.3289863, 49.03388389999999], [8.3290309, 49.033851], [8.3291452, 49.033798000000004], [8.329237200000001, 49.033791599999994], [8.3293305, 49.0338144], [8.3294225, 49.03386280000001], [8.32964, 49.03396879999999], [8.3295591, 49.0340118], [8.3295006, 49.03402369999999], [8.3294267, 49.03404290000001], [8.3293947, 49.034084899999996], [8.3293919, 49.0341141], [8.3294037, 49.0341441], [8.3294699, 49.0341836], [8.3294945, 49.03421039999999], [8.3294699, 49.03427769999998], [8.3294253, 49.0343499], [8.3293375, 49.0343947], [8.3293445, 49.034453199999994], [8.3293947, 49.03451890000001], [8.3294276, 49.034551699999994], [8.3295417, 49.03439519999999], [8.3296788, 49.03420289999999], [8.3297591, 49.0340465], [8.3298985, 49.03375329999999], [8.330039000000001, 49.033395799999994], [8.3301817, 49.0329872], [8.3302588, 49.032725299999996], [8.3300709, 49.0327843], [8.3291825, 49.03302469999999]]]}}, {"type": "Feature", "properties": {"klasse": "Wald"}, "geometry": {"type": "Polygon", "coordinates": [[[8.325738400000002, 49.03355749999999], [8.3257039, 49.03353709999999], [8.3256671, 49.03352459999999], [8.3256269, 49.03351589999998], [8.325539, 49.033523599999995], [8.325426, 49.0335385], [8.3251631, 49.03357429999999], [8.3249066, 49.03361379999999], [8.3246747, 49.03364309999999], [8.3243034, 49.03368759999999], [8.3239209, 49.0337374], [8.3234113, 49.033798000000004], [8.3228616, 49.033870400000005], [8.3226725, 49.0338875], [8.3227182, 49.033964600000004], [8.3227026, 49.03401740000001], [8.322706400000001, 49.0340481], [8.3228422, 49.0340308], [8.3232113, 49.03397890000001], [8.323865300000001, 49.0338978], [8.324341000000002, 49.033835], [8.324785300000002, 49.0337824], [8.3253848, 49.0337082], [8.3257522, 49.033658499999994], [8.325783, 49.033623299999995], [8.325763, 49.03357950000001], [8.325738400000002, 49.03355749999999]]]}}, {"type": "Feature", "properties": {"klasse": "Wald"}, "geometry": {"type": "Polygon", "coordinates": [[[8.3190963, 49.0337196], [8.3190692, 49.03368189999999], [8.3186748, 49.0337666], [8.3179046, 49.0338749], [8.3180622, 49.0341006], [8.3192723, 49.033906899999984], [8.3191365, 49.03371319999999], [8.3190963, 49.0337196]]]}}, {"type": "Feature", "properties": {"klasse": "Wald"}, "geometry": {"type": "Polygon", "coordinates": [[[8.3238042, 49.0341775], [8.3240295, 49.0341477], [8.3243014, 49.034108999999994], [8.3245335, 49.034072], [8.3247336, 49.034044699999995], [8.3249159, 49.034025299999996], [8.3250835, 49.03401730000001], [8.3252309, 49.034006399999996], [8.3253665, 49.0339871], [8.3255003, 49.03396579999999], [8.325681, 49.0339192], [8.3257916, 49.0338823], [8.3258328, 49.03385649999999], [8.3258515, 49.0338271], [8.3258515, 49.033797599999986], [8.3258276, 49.03374079999998], [8.3253476, 49.033813499999994], [8.3247874, 49.0338872], [8.3243434, 49.03394010000001], [8.3238953, 49.0339947], [8.3235014, 49.03404270000001], [8.3231795, 49.034113500000004], [8.3230214, 49.03414949999999], [8.3230367, 49.034169799999994], [8.323052, 49.0341823], [8.323074700000001, 49.0341964], [8.3231042, 49.03421650000001], [8.3231582, 49.034238699999996], [8.323236800000002, 49.034260799999984], [8.3233297, 49.034253099999994], [8.3234518, 49.0342342], [8.3236194, 49.03420719999999], [8.3238042, 49.0341775]]]}}, {"type": "Feature", "properties": {"klasse": "Wald"}, "geometry": {"type": "Polygon", "coordinates": [[[8.3221336, 49.0341198], [8.321958300000002, 49.03410089999999], [8.3217285, 49.03407549999999], [8.3216376, 49.034056099999994], [8.3213254, 49.034041900000005], [8.3210888, 49.0340458], [8.3208415, 49.0340545], [8.3206649, 49.0340702], [8.3204368, 49.03409309999999], [8.3201702, 49.03413009999999], [8.3198808, 49.0341765], [8.3195421, 49.034237899999994], [8.3192695, 49.034295400000005], [8.3189189, 49.034367800000005], [8.3185778, 49.03444420000001], [8.3181083, 49.03454179999999], [8.3171332, 49.03474649999999], [8.317694, 49.034676499999996], [8.3181827, 49.034619], [8.3186871, 49.034552899999994], [8.3192143, 49.0344977], [8.3198796, 49.0344127], [8.3205004, 49.03433710000001], [8.321200500000002, 49.034252899999984], [8.3220435, 49.03414739999999], [8.3221204, 49.0341364], [8.3221336, 49.0341198]]]}}, {"type": "Feature", "properties": {"klasse": "Wald"}, "geometry": {"type": "Polygon", "coordinates": [[[8.3219811, 49.0342899], [8.3211669, 49.0343867], [8.3204524, 49.03448039999999], [8.3200801, 49.0345489], [8.3197835, 49.0346127], [8.3195077, 49.034689900000004], [8.3197564, 49.034675899999996], [8.3203512, 49.0346037], [8.3209788, 49.034527000000004], [8.3215455, 49.0344533], [8.3220935, 49.0343704], [8.322468200000001, 49.0343274], [8.3225381, 49.03429650000001], [8.3226259, 49.0342521], [8.3224854, 49.03422380000001], [8.3219811, 49.0342899]]]}}, {"type": "Feature", "properties": {"klasse": "Wald"}, "geometry": {"type": "Polygon", "coordinates": [[[8.3215264, 49.0345909], [8.3215383, 49.0345693], [8.3215054, 49.034562400000006], [8.3214559, 49.0345673], [8.3213465, 49.034579099999995], [8.3210468, 49.0346145], [8.3207575, 49.03464890000001], [8.3204695, 49.034688199999984], [8.3202536, 49.0347133], [8.3200966, 49.03472989999999], [8.3199275, 49.034757400000004], [8.3197956, 49.0347731], [8.3197633, 49.034784099999996], [8.3197537, 49.03480059999999], [8.3198208, 49.0347975], [8.3199437, 49.03478059999999], [8.3201101, 49.034760899999995], [8.3203454, 49.0347334], [8.3206061, 49.03470389999999], [8.3208459, 49.0346754], [8.3211532, 49.034639999999996], [8.3214229, 49.0346076], [8.3214994, 49.0346007], [8.3215264, 49.0345909]]]}}, {"type": "Feature", "properties": {"klasse": "Wald"}, "geometry": {"type": "Polygon", "coordinates": [[[8.3231488, 49.0347181], [8.3231632, 49.0347322], [8.323214800000002, 49.034744799999984], [8.3232915, 49.034767599999995], [8.3233802, 49.034798200000004], [8.323463, 49.0348265], [8.3235577, 49.0348564], [8.3236308, 49.034887100000006], [8.3237483, 49.0349279], [8.3238598, 49.0349688], [8.3239222, 49.03499239999999], [8.3239641, 49.0349979], [8.3239809, 49.03498689999999], [8.3239893, 49.0349672], [8.3239725, 49.0349547], [8.3238107, 49.0348918], [8.3236692, 49.03484460000001], [8.3234186, 49.03474949999999], [8.3232951, 49.0347212], [8.3232088, 49.034699999999994], [8.3231572, 49.034700799999996], [8.3231488, 49.0347181]]]}}, {"type": "Feature", "properties": {"klasse": "Wald"}, "geometry": {"type": "Polygon", "coordinates": [[[8.3263925, 49.0352108], [8.3263657, 49.0353673], [8.326494, 49.0354573], [8.3269531, 49.0353216], [8.3274918, 49.035193499999984], [8.3275991, 49.0351161], [8.3263925, 49.0352108]]]}}, {"type": "Feature", "properties": {"klasse": "Wald"}, "geometry": {"type": "Polygon", "coordinates": [[[8.3241632, 49.035093], [8.3241884, 49.0351197], [8.3243502, 49.035196], [8.3245205, 49.03528479999999], [8.3246308, 49.03534609999999], [8.324813, 49.03541680000001], [8.3249653, 49.0354734], [8.325036, 49.0355065], [8.3250948, 49.035524499999994], [8.3251236, 49.03551430000001], [8.32512, 49.03548599999999], [8.3250516, 49.0354522], [8.3248238, 49.035368899999995], [8.3246284, 49.035280099999994], [8.3244401, 49.035183399999994], [8.3242063, 49.03507330000001], [8.3241716, 49.03507809999999], [8.3241632, 49.035093]]]}}, {"type": "Feature", "properties": {"klasse": "Wald"}, "geometry": {"type": "Polygon", "coordinates": [[[8.3275814, 49.035931299999994], [8.3276873, 49.03588509999999], [8.3276318, 49.03586250000001], [8.3275404, 49.0358655], [8.327446, 49.035885099999994], [8.3273321, 49.03591359999999], [8.3272347, 49.0359451], [8.3270698, 49.0360158], [8.3269949, 49.036051199999996], [8.3266831, 49.036151399999994], [8.3265423, 49.0362133], [8.3264418, 49.03622810000002], [8.3263489, 49.03623689999999], [8.3262875, 49.03624480000001], [8.326232, 49.03626439999999], [8.3262125, 49.03628309999999], [8.326202, 49.03630859999999], [8.3262155, 49.0363302], [8.3262335, 49.0363499], [8.3262545, 49.036360699999996], [8.3263421, 49.03634439999999], [8.3265209, 49.036300600000004], [8.3267204, 49.03624320000001], [8.3269276, 49.036182399999994], [8.3271018, 49.03612699999999], [8.3272837, 49.03606260000001], [8.3274732, 49.0359922], [8.3275185, 49.0359746], [8.3275108, 49.03596399999999], [8.3275814, 49.035931299999994]]]}}, {"type": "Feature", "properties": {"klasse": "Wald"}, "geometry": {"type": "Polygon", "coordinates": [[[8.3174216, 49.0367596], [8.3175279, 49.0366237], [8.3176795, 49.036480899999994], [8.3178467, 49.0363427], [8.3180506, 49.036241], [8.3183747, 49.03615189999999], [8.3186168, 49.03608799999999], [8.3188677, 49.03603089999999], [8.3190594, 49.0360069], [8.3192615, 49.035996600000004], [8.3195681, 49.03601139999999], [8.3200228, 49.03607079999999], [8.3203922, 49.03614509999999], [8.3207947, 49.03626039999999], [8.3211327, 49.036321], [8.3214846, 49.036381500000005], [8.3217477, 49.036392899999996], [8.3223348, 49.0363929], [8.3228, 49.0363804], [8.3231467, 49.0363655], [8.3234725, 49.036326700000004], [8.323810500000002, 49.0362741], [8.3241625, 49.036204499999975], [8.3245353, 49.0361188], [8.3249831, 49.035962299999994], [8.3255999, 49.03576129999999], [8.3260082, 49.035620699999996], [8.3259734, 49.035616700000006], [8.3259195, 49.0356097], [8.3257288, 49.03567259999999], [8.3253931, 49.0357787], [8.3250298, 49.03590359999999], [8.3247744, 49.0359901], [8.3245508, 49.036018699999985], [8.3240069, 49.0361089], [8.3237704, 49.0361427], [8.323442600000002, 49.0361856], [8.3230047, 49.03621789999999], [8.3224965, 49.036243999999996], [8.3222155, 49.0362486], [8.3219111, 49.036244], [8.3215621, 49.0362286], [8.3213771, 49.036224], [8.3214052, 49.03592929999999], [8.3214755, 49.0355715], [8.3212209, 49.03564180000001], [8.3211216, 49.036146499999994], [8.3207957, 49.036115699999996], [8.320914, 49.035644999999995], [8.3208799, 49.035533999999984], [8.3207115, 49.0354874], [8.3206216, 49.03547170000001], [8.3204852, 49.035458899999995], [8.3203173, 49.03544709999999], [8.3202094, 49.03545789999999], [8.3200985, 49.03549329999999], [8.3198842, 49.035557099999984], [8.3196759, 49.03559550000001], [8.3195964, 49.03561309999999], [8.3194319, 49.0356232], [8.3192746, 49.03560230000001], [8.319209, 49.03556919999999], [8.3190816, 49.03555939999999], [8.3189186, 49.0355778], [8.31884, 49.03558640000001], [8.3186938, 49.03554709999999], [8.3186376, 49.0355225], [8.3186133, 49.03547950000001], [8.3186208, 49.035424299999995], [8.3186283, 49.035375099999996], [8.3186638, 49.03533459999999], [8.3187912, 49.035326], [8.3188325, 49.035300199999995], [8.3188568, 49.0352572], [8.3188774, 49.0352007], [8.3188905, 49.0351651], [8.3189243, 49.0351197], [8.3190226, 49.0350642], [8.3191006, 49.03501560000001], [8.3191514, 49.034997399999995], [8.3192269, 49.034977700000006], [8.3193036, 49.03494469999999], [8.3193648, 49.03491640000001], [8.3193912, 49.0348897], [8.3193744, 49.0348559], [8.3193432, 49.03484180000001], [8.3192353, 49.0348512], [8.3191238, 49.0348614], [8.3190101, 49.03486459999999], [8.3186631, 49.03502209999999], [8.318328, 49.0352173], [8.3180963, 49.03538499999999], [8.3178681, 49.0355755], [8.3175868, 49.03583969999999], [8.3174115, 49.0360483], [8.3172638, 49.036267099999996], [8.3171557, 49.036475], [8.3170657, 49.036699399999996], [8.3169864, 49.0369308], [8.3169576, 49.037086699999996], [8.3169516, 49.037254399999995], [8.3169516, 49.0374386], [8.3169501, 49.03745279999999], [8.31701, 49.0374481], [8.3170951, 49.0374434], [8.3172498, 49.037418], [8.3172435, 49.0373929], [8.317228, 49.037285499999996], [8.3172326, 49.037187499999995], [8.3172561, 49.0370782], [8.3173171, 49.03691489999999], [8.3174216, 49.0367596]], [[8.3182229, 49.0357992], [8.3181758, 49.0356979], [8.3182612, 49.0356118], [8.3183245, 49.035547099999995], [8.3184514, 49.035527599999995], [8.318568800000001, 49.0355997], [8.3186904, 49.035627700000006], [8.3187437, 49.0357538], [8.3185561, 49.035812], [8.3183869, 49.03580939999999], [8.3182229, 49.0357992]]]}}, {"type": "Feature", "properties": {"klasse": "Wald"}, "geometry": {"type": "Polygon", "coordinates": [[[8.3283916, 49.03585800000001], [8.3282969, 49.0359113], [8.3281782, 49.03597569999999], [8.3280862, 49.036024399999995], [8.3280415, 49.036048], [8.3277993, 49.03615409999999], [8.3275787, 49.03624769999999], [8.3274564, 49.0363082], [8.3273701, 49.036346699999996], [8.3272262, 49.0364025], [8.3270547, 49.036459099999995], [8.326918, 49.0364843], [8.3268365, 49.0365385], [8.326822100000001, 49.0365637], [8.3268233, 49.036582499999994], [8.326854500000001, 49.0365998], [8.326912, 49.0366061], [8.327014, 49.03660929999999], [8.3273077, 49.03661789999999], [8.3275727, 49.0366281], [8.3278341, 49.0366517], [8.3281326, 49.0366816], [8.3285185, 49.03672610000001], [8.3283636, 49.03657210000001], [8.3283195, 49.036522100000006], [8.3282998, 49.03645929999999], [8.3282682, 49.0363059], [8.3282602, 49.036219700000004], [8.3283353, 49.0361247], [8.3284453, 49.0360034], [8.3284467, 49.03592319999999], [8.3283916, 49.03585800000001]]]}}, {"type": "Feature", "properties": {"klasse": "Wald"}, "geometry": {"type": "Polygon", "coordinates": [[[8.3181718, 49.03733570000001], [8.3186706, 49.03727990000001], [8.3191634, 49.037220899999994], [8.3195902, 49.0371738], [8.3195794, 49.0371156], [8.3195638, 49.0370307], [8.3195363, 49.03691119999999], [8.3195315, 49.03683660000001], [8.3195507, 49.0367548], [8.3195686, 49.0367029], [8.319601, 49.036655], [8.3196438, 49.036610800000005], [8.3196875, 49.0365716], [8.319762, 49.0365228], [8.3198437, 49.03648669999999], [8.3198982, 49.036465099999994], [8.3199626, 49.0364485], [8.3200386, 49.036432899999994], [8.3201023, 49.036423799999994], [8.3202074, 49.0364233], [8.3202934, 49.03642879999999], [8.3204085, 49.036447], [8.3206908, 49.03652340000001], [8.321007, 49.036613499999994], [8.321244100000001, 49.0366768], [8.3215188, 49.03675129999999], [8.3217218, 49.036755699999986], [8.3219197, 49.03675020000001], [8.3221858, 49.03673760000001], [8.3224484, 49.0367384], [8.3227266, 49.03673450000001], [8.3229843, 49.03670540000001], [8.32335, 49.03666689999999], [8.3236989, 49.03662680000001], [8.3240119, 49.0365899], [8.3243344, 49.03654349999999], [8.3246306, 49.0364947], [8.3248691, 49.036440500000005], [8.3251473, 49.0363674], [8.325326, 49.036310799999995], [8.3255394, 49.0362338], [8.3257204, 49.0361599], [8.3259075, 49.03607659999999], [8.3261305, 49.0359838], [8.3263019, 49.03591310000001], [8.3264566, 49.03585729999999], [8.3264686, 49.0358235], [8.3264326, 49.0358007], [8.3263103, 49.03579439999999], [8.326272, 49.03578889999999], [8.3261425, 49.0357653], [8.3258246, 49.03585499999999], [8.3252566, 49.0360594], [8.3249848, 49.03613020000001], [8.3247653, 49.0361953], [8.3245719, 49.036262699999995], [8.324213, 49.0363472], [8.3239064, 49.03641919999999], [8.3236241, 49.03646369999999], [8.3232722, 49.03651059999999], [8.3228784, 49.036553999999995], [8.3224794, 49.036563099999995], [8.3221989, 49.03657109999999], [8.3217634, 49.03657230000001], [8.3216275, 49.0365585], [8.3214463, 49.03652769999999], [8.3210124, 49.036442], [8.3205595, 49.03633009999999], [8.3202807, 49.0362764], [8.319772, 49.03618049999999], [8.3194514, 49.03613359999999], [8.3193137, 49.0361279], [8.319136, 49.0361405], [8.3188904, 49.0361691], [8.3185315, 49.03623759999999], [8.3183311, 49.036290099999995], [8.3181604, 49.0363495], [8.3180245, 49.03641689999999], [8.3178572, 49.03654259999999], [8.3176708, 49.03669219999999], [8.3175209, 49.0368532], [8.3174931, 49.0369309], [8.3174652, 49.03704279999999], [8.3174391, 49.0372016], [8.3174303, 49.0373362], [8.3174449, 49.03738310000001], [8.317486, 49.0373451], [8.3175819, 49.037305], [8.3176263, 49.0372807], [8.317721, 49.037253199999995], [8.317775, 49.0372689], [8.3178301, 49.037293999999996], [8.3178853, 49.0373129], [8.317994400000002, 49.0373349], [8.3180747, 49.0373373], [8.3181718, 49.03733570000001]], [[8.3186149, 49.0369109], [8.3187232, 49.036787800000006], [8.3187645, 49.0366183], [8.3190091, 49.03661829999998], [8.3189458, 49.0368026], [8.3188884, 49.0369067], [8.3186149, 49.0369109]]]}}, {"type": "Feature", "properties": {"klasse": "Wald"}, "geometry": {"type": "Polygon", "coordinates": [[[8.3210432, 49.0368449], [8.3210269, 49.0368135], [8.3209981, 49.03678079999999], [8.3209588, 49.036755], [8.3209079, 49.0367323], [8.3207928, 49.036691499999996], [8.320539600000002, 49.036625400000005], [8.3203881, 49.0365858], [8.3203257, 49.0365714], [8.3202643, 49.03656], [8.3202068, 49.0365556], [8.320154, 49.036559999999994], [8.320084, 49.03656699999999], [8.3200102, 49.0365846], [8.3199353, 49.0366116], [8.3198807, 49.0366418], [8.3198078, 49.036690799999995], [8.3197588, 49.03672419999999], [8.3197387, 49.036762499999995], [8.3197282, 49.036804700000005], [8.3197287, 49.03684510000001], [8.3197378, 49.03694239999998], [8.3197628, 49.03706499999999], [8.3197893, 49.0371485], [8.3201905, 49.0371065], [8.320649, 49.037056799999995], [8.3207535, 49.0370455], [8.3208831, 49.03702429999999], [8.3209415, 49.037007800000005], [8.3209818, 49.0369826], [8.321016300000002, 49.03695120000001], [8.3210403, 49.036911599999996], [8.3210451, 49.03687699999999], [8.3210432, 49.0368449]]]}}, {"type": "Feature", "properties": {"klasse": "Wald"}, "geometry": {"type": "Polygon", "coordinates": [[[8.320626000000003, 49.038653200000006], [8.3206776, 49.038613000000005], [8.3208487, 49.03847769999998], [8.3210917, 49.0383819], [8.3212667, 49.038336300000005], [8.3213766, 49.03827309999999], [8.3215403, 49.038062899999986], [8.3215919, 49.0379051], [8.321687, 49.0377762], [8.3217473, 49.03767429999999], [8.3218075, 49.03758489999999], [8.3219027, 49.0374934], [8.3219757, 49.037443499999995], [8.3220581, 49.0374394], [8.3221977, 49.037482999999995], [8.3222611, 49.0375704], [8.3223404, 49.03761399999999], [8.3224705, 49.0375808], [8.3225656, 49.0375121], [8.3226164, 49.0374581], [8.3228035, 49.0373208], [8.3229399, 49.037268899999994], [8.3230573, 49.037264699999994], [8.3230763, 49.03731249999999], [8.3231239, 49.0374102], [8.3232317, 49.0374955], [8.3233776, 49.037562], [8.3235838, 49.03752049999999], [8.3236219, 49.03747469999999], [8.3238027, 49.03740610000001], [8.3240691, 49.03730209999999], [8.3242023, 49.03725849999999], [8.3243895, 49.03724599999999], [8.324602, 49.0372356], [8.324893800000002, 49.0373104], [8.3251042, 49.0373021], [8.3253689, 49.037266800000005], [8.325508, 49.0371844], [8.3255708, 49.03703740000001], [8.3256044, 49.0369874], [8.3256582, 49.03694769999999], [8.3257592, 49.03689619999999], [8.3258892, 49.036872699999996], [8.3260732, 49.036868299999995], [8.3261875, 49.0368889], [8.326201, 49.03697420000001], [8.3261898, 49.0370786], [8.3261786, 49.037181499999996], [8.3261337, 49.0372535], [8.3260821, 49.03733439999999], [8.3260552, 49.037384399999986], [8.3260687, 49.037403499999996], [8.326118, 49.03739620000001], [8.3261629, 49.03735939999999], [8.3264584, 49.0371267], [8.3273549, 49.0368286], [8.3272145, 49.0367533], [8.3267851, 49.03677149999999], [8.3264152, 49.0367814], [8.3263426, 49.0367844], [8.3256511, 49.03685819999999], [8.3245869, 49.03696729999999], [8.3234768, 49.037085899999994], [8.3225537, 49.037191899999996], [8.3223476, 49.0372158], [8.3222001, 49.03723869999998], [8.3220843, 49.0372647], [8.3218638, 49.037342699999996], [8.3217687, 49.0373832], [8.3216783, 49.03743310000001], [8.3216069, 49.0375017], [8.3215276, 49.03758179999999], [8.3214816, 49.0376587], [8.3214103, 49.0378147], [8.3213437, 49.03795709999999], [8.3212961, 49.0380486], [8.3212184, 49.03814529999999], [8.3211502, 49.03820350000001], [8.3210217, 49.038289799999994], [8.3208441, 49.03838439999999], [8.3206411, 49.03849780000001], [8.320557, 49.03855179999999], [8.3204762, 49.03863599999999], [8.3204286, 49.03871819999999], [8.3203905, 49.0387868], [8.3203837, 49.0388686], [8.3204219, 49.03888839999998], [8.3204308, 49.038918499999994], [8.3204432, 49.038959699999985], [8.3204869, 49.0389854], [8.3205318, 49.03897740000001], [8.3205542, 49.03895459999999], [8.320552, 49.03891709999999], [8.3205329, 49.0388634], [8.3205755, 49.038712700000005], [8.320626000000003, 49.038653200000006]]]}}, {"type": "Feature", "properties": {"klasse": "Wald"}, "geometry": {"type": "Polygon", "coordinates": [[[8.3261504, 49.03753639999999], [8.3255127, 49.0382539], [8.3255339, 49.038261999999996], [8.3264865, 49.03775749999999], [8.3263771, 49.0376529], [8.3262163, 49.0375423], [8.3261504, 49.03753639999999]]]}}, {"type": "Feature", "properties": {"klasse": "Wald"}, "geometry": {"type": "Polygon", "coordinates": [[[8.3196903, 49.03822219999999], [8.3197893, 49.03841160000001], [8.3198117, 49.03845309999999], [8.31985, 49.0384747], [8.3198882, 49.038474699999995], [8.3199251, 49.03846949999999], [8.3199423, 49.0384678], [8.3198526, 49.038198799999996], [8.3197997, 49.03799240000001], [8.3197634, 49.03783889999999], [8.3197253, 49.037673399999996], [8.3196758, 49.0374906], [8.3196178, 49.03749489999999], [8.3195545, 49.0375079], [8.3195175, 49.037538999999995], [8.319503, 49.0375866], [8.3194898, 49.0376384], [8.3194951, 49.03769379999999], [8.3195268, 49.0377595], [8.3195611, 49.03782439999999], [8.3196178, 49.038022399999996], [8.3196903, 49.03822219999999]]]}}, {"type": "Feature", "properties": {"klasse": "Wald"}, "geometry": {"type": "Polygon", "coordinates": [[[8.3202219, 49.038053600000005], [8.3201757, 49.0378962], [8.3201797, 49.03781399999998], [8.320206, 49.037689500000006], [8.3202047, 49.03767309999999], [8.3202113, 49.0376592], [8.3202245, 49.03764799999999], [8.3202562, 49.0376402], [8.3202865, 49.0376454], [8.3203287, 49.0376549], [8.320392, 49.037658400000005], [8.3204171, 49.0376393], [8.3204237, 49.03761249999999], [8.3204237, 49.03759440000001], [8.3204013, 49.0375702], [8.320367000000001, 49.037558000000004], [8.3203169, 49.03754589999999], [8.3202628, 49.03753820000001], [8.320239, 49.03751999999999], [8.320268, 49.03750180000001], [8.3203169, 49.0374793], [8.3203762, 49.0374638], [8.3203916, 49.0374409], [8.3203689, 49.03743879999999], [8.3202673, 49.037450799999995], [8.3201598, 49.0374643], [8.3200714, 49.03747059999999], [8.3200382, 49.037470799999994], [8.3200187, 49.0374677], [8.3200114, 49.03746419999999], [8.3200106, 49.0374595], [8.319973, 49.03745789999999], [8.3199305, 49.0374579], [8.3198933, 49.03745659999999], [8.3198656, 49.0374592], [8.3199095, 49.0376244], [8.3200271, 49.0381017], [8.3201651, 49.0385465], [8.3201902, 49.038597499999995], [8.3202034, 49.03861919999999], [8.3202232, 49.03862689999998], [8.3202535, 49.038621799999994], [8.3202628, 49.038589800000004], [8.320276, 49.038552599999996], [8.3203076, 49.038495499999996], [8.3203089, 49.03839599999999], [8.3202641, 49.03826889999999], [8.3202219, 49.038053600000005]]]}}, {"type": "Feature", "properties": {"klasse": "Wald"}, "geometry": {"type": "Polygon", "coordinates": [[[8.3282805, 49.0380007], [8.3280256, 49.03816710000001], [8.3279547, 49.0381967], [8.3282181, 49.0384839], [8.32881, 49.0382795], [8.3284956, 49.03792529999999], [8.3282805, 49.0380007]]]}}, {"type": "Feature", "properties": {"klasse": "Wald"}, "geometry": {"type": "Polygon", "coordinates": [[[8.3228887, 49.03792949999999], [8.3228089, 49.03795869999999], [8.3226473, 49.03798449999999], [8.3226373, 49.038093], [8.3226716, 49.038213500000005], [8.3226393, 49.0383631], [8.3226706, 49.03844449999998], [8.3226696, 49.03861260000001], [8.3227473, 49.038650999999994], [8.3233137, 49.0386265], [8.3232713, 49.03854109999999], [8.3232501, 49.0384379], [8.3232643, 49.0383174], [8.3232471, 49.03821809999999], [8.3232733, 49.0381155], [8.3232622, 49.038001699999995], [8.3232188, 49.0379626], [8.323117900000002, 49.03793019999999], [8.3228887, 49.03792949999999]]]}}, {"type": "Feature", "properties": {"klasse": "Wald"}, "geometry": {"type": "Polygon", "coordinates": [[[8.319617, 49.03852590000001], [8.319547, 49.0383984], [8.3193773, 49.0379793], [8.3192805, 49.037749999999996], [8.3192387, 49.03769659999999], [8.3191837, 49.0376548], [8.3191045, 49.03763459999999], [8.318955, 49.0376289], [8.318603, 49.0376447], [8.3181344, 49.03770529999999], [8.3180794, 49.03772400000001], [8.3179848, 49.0377486], [8.3179254, 49.03778320000001], [8.3179122, 49.037885599999996], [8.3179276, 49.0379577], [8.317965, 49.03802400000001], [8.3180904, 49.03811339999999], [8.318229, 49.038178299999984], [8.31831, 49.03838760000001], [8.3194139, 49.03873490000001], [8.3197916, 49.03889430000001], [8.3199591, 49.03903369999999], [8.3200354, 49.0390245], [8.3200805, 49.0390102], [8.320093, 49.03898780000001], [8.3200261, 49.0388991], [8.3198239, 49.03873589999999], [8.319673, 49.03860850000001], [8.319617, 49.03852590000001]]]}}, {"type": "Feature", "properties": {"klasse": "Wald"}, "geometry": {"type": "Polygon", "coordinates": [[[8.3288088, 49.0389054], [8.3285586, 49.038665900000005], [8.3279595, 49.0389254], [8.3282392, 49.03916660000001], [8.3288088, 49.0389054]]]}}, {"type": "Feature", "properties": {"klasse": "Wald"}, "geometry": {"type": "Polygon", "coordinates": [[[8.3280438, 49.0399725], [8.3285351, 49.03969829999999], [8.3282544, 49.03945629999999], [8.3284492, 49.0393821], [8.3283643, 49.03931109999999], [8.3274803, 49.03970300000001], [8.3282407, 49.04026869999999], [8.3283451, 49.04020849999999], [8.3280438, 49.0399725]]]}}, {"type": "Feature", "properties": {"klasse": "Wald"}, "geometry": {"type": "Polygon", "coordinates": [[[8.3263632, 49.040801900000005], [8.3258913, 49.041305099999995], [8.3260945, 49.0414025], [8.3265951, 49.040951699999994], [8.3263632, 49.040801900000005]]]}}, {"type": "Feature", "properties": {"klasse": "Wald"}, "geometry": {"type": "Polygon", "coordinates": [[[8.3209716, 49.0431022], [8.3208707, 49.043111], [8.3207451, 49.043149299999996], [8.3206755, 49.0432316], [8.3206486, 49.04333299999999], [8.3206441, 49.043391799999995], [8.3206755, 49.043452099999996], [8.320754, 49.0435785], [8.3208034, 49.043702], [8.3209021, 49.0438167], [8.3210007, 49.04385490000001], [8.3210949, 49.0438226], [8.3211712, 49.04378140000001], [8.3212497, 49.0437079], [8.3213394, 49.0436476], [8.3214403, 49.04357999999999], [8.3214695, 49.0434712], [8.3214583, 49.04338589999999], [8.3213513, 49.04327419999999], [8.3211055, 49.0431242], [8.3209716, 49.0431022]]]}}, {"type": "Feature", "properties": {"klasse": "Wald"}, "geometry": {"type": "Polygon", "coordinates": [[[8.3225834, 49.0443797], [8.3227244, 49.044298699999985], [8.3225169, 49.0441182], [8.3224194, 49.04415029999999], [8.3225358, 49.0443579], [8.3225834, 49.0443797]]]}}, {"type": "Feature", "properties": {"klasse": "Wald"}, "geometry": {"type": "Polygon", "coordinates": [[[8.324821, 49.04526500000001], [8.3248278, 49.04523780000001], [8.3247975, 49.04520180000001], [8.3244559, 49.04499090000001], [8.3239064, 49.044680699999994], [8.3234213, 49.0444152], [8.3232139, 49.044285099999996], [8.3231466, 49.044266], [8.3230871, 49.044261599999984], [8.3230142, 49.044304199999985], [8.322975, 49.04436809999999], [8.323228, 49.0446204], [8.3235056, 49.04480759999999], [8.3237387, 49.04495], [8.324060600000001, 49.04508719999998], [8.3242779, 49.04515789999999], [8.3244762, 49.0452119], [8.3246411, 49.0452462], [8.3248029, 49.0452774], [8.324821, 49.04526500000001]]]}}, {"type": "Feature", "properties": {"klasse": "Wald"}, "geometry": {"type": "Polygon", "coordinates": [[[8.323791, 49.0452005], [8.3240798, 49.04549169999999], [8.3242638, 49.045675599999996], [8.3241749, 49.0457098], [8.3234867, 49.0460026], [8.3234452, 49.0460209], [8.3253984, 49.04804599999999], [8.3257699, 49.04791149999999], [8.3254051, 49.04746579999998], [8.3256792, 49.04734349999999], [8.3258212, 49.047280099999995], [8.3259603, 49.047217999999994], [8.3270332, 49.04822349999999], [8.3276367, 49.04868419999998], [8.3289286, 49.0500558], [8.3292162, 49.0503612], [8.329345300000002, 49.050498299999994], [8.3295438, 49.0504843], [8.332473360341867, 49.053453775110945], [8.332780381803488, 49.053453775110945], [8.329619, 49.05019119999999], [8.3294503, 49.05001709999999], [8.324958600000002, 49.045381], [8.3247616, 49.04534759999999], [8.3245713, 49.04530439999999], [8.3243414, 49.045260799999994], [8.3242177, 49.0452234], [8.3240511, 49.045155799999996], [8.3238291, 49.0450726], [8.3236816, 49.045010299999994], [8.3235611, 49.0449448], [8.323791, 49.0452005]]]}}, {"type": "Feature", "properties": {"klasse": "Wald"}, "geometry": {"type": "Polygon", "coordinates": [[[8.3260885, 49.04526270000001], [8.3260514, 49.0452899], [8.3260144, 49.04531490000001], [8.3259886, 49.0453421], [8.3259824, 49.0453602], [8.3261992, 49.045374499999994], [8.326263, 49.04537959999999], [8.3262679, 49.04536629999999], [8.3262522, 49.045350199999994], [8.3261401, 49.0453002], [8.3260885, 49.04526270000001]]]}}, {"type": "Feature", "properties": {"klasse": "Wald"}, "geometry": {"type": "Polygon", "coordinates": [[[8.3266642, 49.045916399999996], [8.3268336, 49.0461139], [8.3273186, 49.046661099999994], [8.3274088, 49.0466784], [8.327477, 49.046676899999994], [8.327547400000002, 49.04668699999999], [8.3275716, 49.046720199999996], [8.3275672, 49.046759099999996], [8.3275408, 49.04678799999999], [8.32773, 49.046955199999985], [8.328225, 49.0475161], [8.3282538, 49.047409], [8.3282626, 49.0472734], [8.328212, 49.0468553], [8.328179, 49.0465308], [8.328201, 49.0465063], [8.3282758, 49.04654089999998], [8.3283331, 49.04651759999999], [8.3280597, 49.04623680000001], [8.3279363, 49.04611920000001], [8.3277501, 49.0459766], [8.3275842, 49.04587370000001], [8.3273846, 49.04577369999999], [8.3271872, 49.04568259999999], [8.3268687, 49.0455753], [8.326615200000003, 49.0455106], [8.3263023, 49.0454483], [8.3263078, 49.0455631], [8.3263232, 49.0456193], [8.3263694, 49.04566549999999], [8.3264442, 49.0457203], [8.3265168, 49.0457577], [8.3265872, 49.045782300000006], [8.3266444, 49.0457924], [8.3266928, 49.045821200000006], [8.3266818, 49.04586449999999], [8.3266642, 49.045916399999996]]]}}, {"type": "Feature", "properties": {"klasse": "Wald"}, "geometry": {"type": "Polygon", "coordinates": [[[8.3307762, 49.015831500000004], [8.3307414, 49.01583269999999], [8.3307058, 49.01584499999999], [8.3306837, 49.01586439999999], [8.330677, 49.0158967], [8.3306765, 49.016072099999995], [8.3307132, 49.01610800000001], [8.3307736, 49.01614060000001], [8.3309125, 49.01619819999999], [8.3308854, 49.0162156], [8.3308757, 49.01623849999999], [8.332064500000001, 49.0168296], [8.3325911, 49.017010499999984], [8.332852118624178, 49.01706019360421], [8.332852118624178, 49.01695871389757], [8.3326627, 49.01692059999999], [8.3324074, 49.0168483], [8.3321971, 49.016763899999994], [8.33137, 49.016364800000005], [8.331392400000002, 49.0163193], [8.3308921, 49.0160983], [8.330775, 49.0160389], [8.3307682, 49.0159022], [8.3307736, 49.015847199999996], [8.3307762, 49.015831500000004]]]}}, {"type": "Feature", "properties": {"klasse": "Wald"}, "geometry": {"type": "Polygon", "coordinates": [[[8.3288062, 49.01636920000001], [8.329124, 49.01645719999999], [8.3292983, 49.0165311], [8.329753, 49.01675269999999], [8.3303793, 49.017046499999985], [8.3308151, 49.017250499999996], [8.3315192, 49.0175865], [8.3316989, 49.0176718], [8.3318183, 49.0177255], [8.3320758, 49.0177967], [8.3323427, 49.01785739999999], [8.3325478, 49.01788909999999], [8.3327825, 49.0179084], [8.332852118624178, 49.017909335490835], [8.332852118624178, 49.01787329620197], [8.332703400000002, 49.01786269999999], [8.3325707, 49.017847], [8.3323581, 49.01781479999998], [8.3322186, 49.0177867], [8.3320805, 49.017751], [8.3319397, 49.0177105], [8.331829, 49.017671799999995], [8.3317264, 49.0176305], [8.330441, 49.01701919999999], [8.3297874, 49.01670779999999], [8.3294304, 49.01653670000001], [8.3292772, 49.01646070000001], [8.3291441, 49.016410599999986], [8.3289706, 49.0163571], [8.3287378, 49.016298], [8.3285368, 49.0162559], [8.3283111, 49.01621660000001], [8.3280989, 49.01619070000001], [8.327915700000002, 49.0161757], [8.3276773, 49.01616889999998], [8.326864900000002, 49.0161766], [8.3268388, 49.0161757], [8.326822000000002, 49.01617089999999], [8.3268099, 49.01615989999999], [8.3267755, 49.0161598], [8.3267791, 49.0161996], [8.3267945, 49.01621089999998], [8.3268173, 49.0162224], [8.3268408, 49.0162254], [8.3271419, 49.01622069999999], [8.3274931, 49.016215200000005], [8.3277172, 49.0162118], [8.3280095, 49.0162276], [8.3282228, 49.016247], [8.3284803, 49.01628829999999], [8.3288062, 49.01636920000001]]]}}, {"type": "Feature", "properties": {"klasse": "Wald"}, "geometry": {"type": "Polygon", "coordinates": [[[8.3274739, 49.017660799999994], [8.3274248, 49.01784599999999], [8.3278379, 49.0178486], [8.3280967, 49.0178689], [8.3283904, 49.017905799999994], [8.3288451, 49.0180061], [8.3291133, 49.01808520000001], [8.3297691, 49.0182787], [8.3305375, 49.01852319999999], [8.33074, 49.01858479999999], [8.330846, 49.01861469999999], [8.3309251, 49.018626999999995], [8.3310404, 49.018634899999995], [8.3311357, 49.0186332], [8.3312684, 49.0186209], [8.3313905, 49.018598], [8.3314884, 49.0185698], [8.3315916, 49.01851620000001], [8.3316869, 49.018457299999994], [8.3317016, 49.01843530000001], [8.331605, 49.0183785], [8.3316258, 49.01836230000001], [8.3317083, 49.018399699999996], [8.3317539, 49.0183988], [8.3317803, 49.0183917], [8.3317842, 49.018387999999995], [8.3317982, 49.01837549999999], [8.3318277, 49.018342], [8.3313502, 49.01819079999999], [8.3308017, 49.0179814], [8.3304254, 49.0178113], [8.3293563, 49.01733140000001], [8.3287093, 49.0171706], [8.3277786, 49.01703659999999], [8.3259321, 49.01709150000001], [8.3259466, 49.01749259999999], [8.3274739, 49.017660799999994]]]}}, {"type": "Feature", "properties": {"klasse": "Wald"}, "geometry": {"type": "Polygon", "coordinates": [[[8.3327127, 49.02412879999999], [8.3322474, 49.02383090000001], [8.3321747, 49.0237805], [8.3321143, 49.0237229], [8.332069, 49.023636499999995], [8.3320415, 49.023563599999996], [8.3320346, 49.023495999999994], [8.3320415, 49.023419499999996], [8.3320621, 49.02331689999999], [8.332036, 49.02329799999998], [8.3320242, 49.0232822], [8.3319725, 49.02340340000001], [8.3318501, 49.02338129999999], [8.3319012, 49.0234437], [8.331952, 49.0235787], [8.331987153555882, 49.02366852705108], [8.3318436, 49.0234226], [8.329648700000002, 49.0217634], [8.3295652, 49.02219039999999], [8.329607, 49.02232529999999], [8.3300272, 49.0223224], [8.3301762, 49.0224621], [8.3301419, 49.02269270000001], [8.3302045, 49.022976099999994], [8.3303282, 49.023171500000004], [8.3323637, 49.024772000000006], [8.332703400000002, 49.0246411], [8.332852118624178, 49.024585732893165], [8.332852118624178, 49.0243487101705], [8.3324262, 49.02413299999999], [8.3320552, 49.0237851], [8.332003450353008, 49.02369644571345], [8.3320578, 49.02377129999998], [8.332852118624178, 49.02430360696412], [8.332852118624178, 49.02421758160194], [8.3327127, 49.02412879999999]]]}}, {"type": "Feature", "properties": {"klasse": "Wald"}, "geometry": {"type": "Polygon", "coordinates": [[[8.3297997, 49.0244689], [8.3295291, 49.0248518], [8.3297059, 49.0248961], [8.3301269, 49.025051], [8.3301668, 49.025002399999984], [8.3298823, 49.024892799999996], [8.3297726, 49.024823399999995], [8.3298925, 49.0245749], [8.3300303, 49.0243783], [8.3297904, 49.024298], [8.3297997, 49.0244689]]]}}, {"type": "Feature", "properties": {"klasse": "Wald"}, "geometry": {"type": "Polygon", "coordinates": [[[8.3308445, 49.0267391], [8.3308209, 49.0267904], [8.3308537, 49.02682430000001], [8.3306911, 49.0272307], [8.3306399, 49.02737749999999], [8.3306798, 49.0274087], [8.3307135, 49.02740109999999], [8.3308857, 49.0269785], [8.331034, 49.0266212], [8.3311424, 49.02632870000001], [8.3313071, 49.02595600000001], [8.3314664, 49.0256176], [8.3315981, 49.0253359], [8.3317189, 49.02520270000001], [8.3319001, 49.0251074], [8.332475300000002, 49.024839], [8.332852118624178, 49.02466344991243], [8.332852118624178, 49.02459678703291], [8.332475, 49.02474800000001], [8.3316099, 49.0251973], [8.3314831, 49.0253736], [8.3315357, 49.02539639999999], [8.3315169, 49.025428799999986], [8.3313832, 49.02541949999999], [8.3313503, 49.025491699999996], [8.3313806, 49.02557470000001], [8.3308634, 49.026729499999995], [8.3308445, 49.0267391]]]}}, {"type": "Feature", "properties": {"klasse": "Wald"}, "geometry": {"type": "Polygon", "coordinates": [[[8.3299497, 49.02630640000001], [8.3298119, 49.0262822], [8.3296345, 49.0262839], [8.32947, 49.02621690000001], [8.3293551, 49.02616339999999], [8.3291076, 49.0260956], [8.3284136, 49.0258421], [8.3283868, 49.025761], [8.3282324, 49.02590909999999], [8.3306093, 49.0267875], [8.3307254, 49.026804199999994], [8.3307522, 49.0267239], [8.3306577, 49.02671049999999], [8.3305442, 49.02665529999998], [8.3305365, 49.0264612], [8.3304102, 49.0263801], [8.3302648, 49.026382599999984], [8.330147400000001, 49.026405999999994], [8.3299497, 49.02630640000001]]]}}, {"type": "Feature", "properties": {"klasse": "Wald"}, "geometry": {"type": "Polygon", "coordinates": [[[8.3284302, 49.02644699999998], [8.3282686, 49.02642949999999], [8.3280822, 49.0264308], [8.3279529, 49.0263709], [8.3277284, 49.02628489999999], [8.3275651, 49.02639179999999], [8.3272921, 49.0262713], [8.3272411, 49.0263073], [8.3292377, 49.02705349999999], [8.3305531, 49.0275328], [8.3306402, 49.02754190000001], [8.330682, 49.0274671], [8.3305584, 49.02743219999999], [8.3305204, 49.027407200000006], [8.329868, 49.027157800000005], [8.329822400000001, 49.02701819999999], [8.3293869, 49.026817400000006], [8.3289837, 49.026765000000005], [8.3289209, 49.026726399999994], [8.3288296, 49.02658670000001], [8.3284302, 49.02644699999998]]]}}, {"type": "Feature", "properties": {"klasse": "Wald"}, "geometry": {"type": "Polygon", "coordinates": [[[8.3316918, 49.028779], [8.3316417, 49.028762099999994], [8.3315625, 49.0287052], [8.3314715, 49.0286785], [8.3313868, 49.02863789999999], [8.331333, 49.0286006], [8.331263, 49.0285557], [8.3311066, 49.02844139999999], [8.3310267, 49.0283954], [8.3309795, 49.02835809999999], [8.3309788, 49.0283512], [8.330665, 49.02818609999999], [8.3306732, 49.02821600000001], [8.3307628, 49.02828759999999], [8.3308345, 49.028342], [8.3308817, 49.028378399999994], [8.3309241, 49.02841899999999], [8.3309876, 49.028474499999994], [8.3310577, 49.02854610000001], [8.3310724, 49.0285568], [8.3313787, 49.0287715], [8.3317969, 49.0290478], [8.3319606, 49.02915479999999], [8.3321691, 49.02888589999999], [8.3323435, 49.02866229999999], [8.3325596, 49.0284122], [8.3328313, 49.0281117], [8.332852118624178, 49.02808963095195], [8.332852118624178, 49.02668189908968], [8.3319882, 49.02853609999998], [8.3319836, 49.02860769999998], [8.3319147, 49.0286401], [8.3318789, 49.0286536], [8.3318313, 49.02867640000001], [8.3317987, 49.02875629999999], [8.3319933, 49.0289514], [8.3319405, 49.02897599999999], [8.3317687, 49.0288288], [8.3316918, 49.028779]]]}}, {"type": "Feature", "properties": {"klasse": "Wald"}, "geometry": {"type": "Polygon", "coordinates": [[[8.3316551, 49.029091599999994], [8.3315021, 49.02898570000001], [8.3305788, 49.02835979999999], [8.3305596, 49.02839889999999], [8.3305585, 49.028439099999986], [8.330537300000001, 49.02851079999999], [8.3305227, 49.028541100000005], [8.3311815, 49.029028399999994], [8.3312606, 49.0290953], [8.3313149, 49.029141], [8.3313411, 49.02919719999999], [8.3314422, 49.02915979999999], [8.3316551, 49.029091599999994]]]}}, {"type": "Feature", "properties": {"klasse": "Wald"}, "geometry": {"type": "Polygon", "coordinates": [[[8.3324616, 49.029371899999994], [8.3325662, 49.0293427], [8.3326442, 49.02933809999999], [8.332713900000002, 49.02933440000001], [8.3326798, 49.0292976], [8.332852118624178, 49.029217091084284], [8.332852118624178, 49.029049100639135], [8.3328226, 49.029025499999996], [8.332852118624178, 49.02900178962262], [8.332852118624178, 49.028992558780445], [8.3327704, 49.028958700000004], [8.332628, 49.029126899999994], [8.3325847, 49.02917289999999], [8.3325624, 49.02919659999999], [8.332499, 49.0292203], [8.3324244, 49.0292648], [8.332352, 49.029304899999985], [8.3323022, 49.0293419], [8.3322944, 49.02937829999998], [8.3323543, 49.02939020000001], [8.3324616, 49.029371899999994]]]}}, {"type": "Feature", "properties": {"klasse": "Wald"}, "geometry": {"type": "Polygon", "coordinates": [[[8.3325397, 49.02955209999998], [8.3328107, 49.0297317], [8.332852118624178, 49.0297590346858], [8.332852118624178, 49.02967169303693], [8.3328177, 49.029647600000004], [8.3326936, 49.029572599999995], [8.3326392, 49.02955920000001], [8.332593, 49.02955130000001], [8.3325601, 49.0295506], [8.3325397, 49.02955209999998]]]}}, {"type": "Feature", "properties": {"klasse": "Wald"}, "geometry": {"type": "Polygon", "coordinates": [[[8.3302877, 49.0294606], [8.3303014, 49.0294279], [8.330097, 49.029383200000005], [8.329771, 49.0300969], [8.3301353, 49.030271199999994], [8.330158, 49.0303352], [8.3301884, 49.03042669999999], [8.3302192, 49.03046640000001], [8.3302834, 49.03039209999999], [8.3304183, 49.0301977], [8.3310815, 49.0294567], [8.3309179, 49.0293663], [8.3309392, 49.02932109999999], [8.3306247, 49.029237200000004], [8.3306179, 49.02923539999999], [8.33049, 49.02946920000001], [8.3303663, 49.0294421], [8.3303469, 49.0294778], [8.3307831, 49.0295803], [8.3305555, 49.0299178], [8.3303704, 49.0301548], [8.330287, 49.030196100000005], [8.330178, 49.0301294], [8.3300984, 49.030093799999996], [8.3299489, 49.0300626], [8.3298771, 49.0300009], [8.3299635, 49.029807399999996], [8.330104200000001, 49.029428800000005], [8.3302877, 49.0294606]]]}}, {"type": "Feature", "properties": {"klasse": "Wald"}, "geometry": {"type": "Polygon", "coordinates": [[[8.332852118624178, 49.03053467333315], [8.332852118624178, 49.03030959395818], [8.332643, 49.030260999999996], [8.332582, 49.030271199999994], [8.3325419, 49.0303169], [8.3325315, 49.030345499999996], [8.3325367, 49.03037629999999], [8.3325715, 49.03040599999999], [8.3326221, 49.03043569999999], [8.3326778, 49.03047], [8.3327562, 49.0305077], [8.332852118624178, 49.03053467333315]]]}}, {"type": "Feature", "properties": {"klasse": "Wald"}, "geometry": {"type": "Polygon", "coordinates": [[[8.3321767, 49.03169919999999], [8.3323632, 49.0316969], [8.3325566, 49.0316923], [8.3326959, 49.03165919999999], [8.3326977, 49.0316249], [8.3326297, 49.03160319999999], [8.3325287, 49.0315964], [8.3323998, 49.0316009], [8.3322691, 49.03160209999999], [8.3321297, 49.0315941], [8.3319903, 49.03159289999999], [8.3318475, 49.0315952], [8.3317255, 49.0315975], [8.3317342, 49.0315267], [8.331729, 49.0314707], [8.3317534, 49.0314216], [8.3317638, 49.03138619999999], [8.3317969, 49.0313359], [8.331884, 49.03130049999999], [8.3319799, 49.0312365], [8.3319955, 49.031177099999994], [8.3320008, 49.03112], [8.3319868, 49.031070899999996], [8.3319415, 49.0310321], [8.3318579, 49.03099670000001], [8.331749900000002, 49.030976100000004], [8.3317238, 49.0309441], [8.3317255, 49.03091439999999], [8.3317481, 49.030864099999995], [8.331814400000003, 49.0306608], [8.3318875, 49.030516899999995], [8.331945, 49.03043459999999], [8.3319903, 49.030400400000005], [8.3320618, 49.0303741], [8.3321036, 49.0303695], [8.3321767, 49.03040719999999], [8.3321889, 49.0304598], [8.332161100000002, 49.030498599999994], [8.3321088, 49.03056829999999], [8.332074, 49.0306174], [8.3320304, 49.030676800000016], [8.3320095, 49.0307271], [8.331999, 49.0307579], [8.3320339, 49.0308002], [8.3320879, 49.0308333], [8.3321454, 49.030846999999994], [8.3322011, 49.0308413], [8.3322551, 49.030815000000004], [8.3322935, 49.03079220000001], [8.3323144, 49.0307636], [8.3322883, 49.0307031], [8.3322779, 49.0305937], [8.3323161, 49.0304689], [8.3323963, 49.030298699999996], [8.3323161, 49.0302302], [8.3322308, 49.0301867], [8.332168, 49.03016729999999], [8.332175, 49.0301262], [8.3322255, 49.0300702], [8.3322987, 49.0300394], [8.3323492, 49.0300131], [8.3324241, 49.02999140000001], [8.3325165, 49.02995600000001], [8.3325217, 49.0299034], [8.3324851, 49.0298657], [8.3324799, 49.0298498], [8.332518200000003, 49.02984859999999], [8.3325478, 49.02986349999999], [8.3326053, 49.0299012], [8.3328353, 49.030054199999995], [8.332852118624178, 49.03006554671525], [8.332852118624178, 49.029904746800334], [8.3325444, 49.02969550000001], [8.3324085, 49.02969550000001], [8.3322987, 49.0297081], [8.3321715, 49.029748100000006], [8.3321193, 49.02976859999999], [8.3320445, 49.0298194], [8.3319712, 49.0299274], [8.3317952, 49.030263299999994], [8.3316279, 49.0306117], [8.3314798, 49.0309144], [8.3313422, 49.03120229999998], [8.3311349, 49.0316098], [8.3310253, 49.03184230000001], [8.3309228, 49.03206600000001], [8.3309105, 49.03212229999999], [8.3309473, 49.03215], [8.3310053, 49.0321661], [8.3310789, 49.0321734], [8.3311244, 49.03218009999999], [8.331403200000002, 49.03209099999999], [8.331621, 49.0320396], [8.3317621, 49.03199619999999], [8.3318004, 49.03193679999999], [8.3318265, 49.0318637], [8.3318422, 49.03182259999999], [8.3319171, 49.0317472], [8.3320443, 49.031693499999996], [8.3321767, 49.03169919999999]]]}}, {"type": "Feature", "properties": {"klasse": "Wald"}, "geometry": {"type": "Polygon", "coordinates": [[[8.3320384, 49.0313599], [8.3320366, 49.03138729999999], [8.3320663, 49.0314158], [8.3321133, 49.031433], [8.3321813, 49.031425], [8.332237, 49.03140439999999], [8.3323259, 49.03139299999999], [8.3324374, 49.03139299999999], [8.3324879, 49.03141469999999], [8.3325872, 49.0314604], [8.332697, 49.0314661], [8.332852118624178, 49.03143501030233], [8.332852118624178, 49.03107216528192], [8.3326482, 49.0310686], [8.3325628, 49.03104689999999], [8.3323642, 49.0310697], [8.3322161, 49.0311108], [8.3321847, 49.03112909999999], [8.3321551, 49.03115429999999], [8.3321272, 49.03119989999999], [8.3321046, 49.03123989999999], [8.3320454, 49.03132790000001], [8.3320384, 49.0313599]]]}}, {"type": "Feature", "properties": {"klasse": "Wald"}, "geometry": {"type": "Polygon", "coordinates": [[[8.3291498, 49.03294709999999], [8.3300502, 49.0326963], [8.3302393, 49.03263729999999], [8.3302794, 49.0324673], [8.3303497, 49.0323028], [8.3304735, 49.03200449999999], [8.3305437, 49.03183119999999], [8.3306284, 49.031576099999995], [8.3307823, 49.031231], [8.330963, 49.03081869999999], [8.3311068, 49.03052769999999], [8.3312562, 49.0301805], [8.3314324, 49.02989459999999], [8.3315673, 49.0296833], [8.3315171, 49.02966579999999], [8.33138, 49.029652600000006], [8.3312484, 49.02963209999999], [8.3311291, 49.0296182], [8.3309688, 49.02964029999999], [8.3308266, 49.029804899999995], [8.330645800000001, 49.030004099999985], [8.3304899, 49.03019979999999], [8.3303897, 49.03032799999999], [8.3302952, 49.0304468], [8.3302301, 49.03049889999999], [8.3301574, 49.03054039999999], [8.3300052, 49.0306033], [8.3298669, 49.03063139999999], [8.3295654, 49.030681099999995], [8.3292545, 49.0307292], [8.3289467, 49.030778200000015], [8.3288419, 49.030804499999995], [8.3287772, 49.03083659999999], [8.3286802, 49.030902399999995], [8.3285732, 49.0310041], [8.3284809, 49.03112229999999], [8.3284059, 49.0312409], [8.328487, 49.03132070000001], [8.3286883, 49.03137249999999], [8.3288682, 49.03140779999999], [8.329062, 49.031512], [8.3292319, 49.031563399999996], [8.329464900000001, 49.0316434], [8.329846, 49.0317548], [8.3299418, 49.031783299999994], [8.3299897, 49.03183899999999], [8.329944, 49.0319061], [8.3298983, 49.031949], [8.3297611, 49.031951799999995], [8.3295585, 49.0319176], [8.3293625, 49.031877599999994], [8.3290554, 49.0318119], [8.3288725, 49.0317576], [8.328717900000001, 49.031740500000005], [8.3285175, 49.03168339999999], [8.3281473, 49.03157629999999], [8.3280587, 49.03157250000001], [8.3279513, 49.0315606], [8.3278293, 49.0316406], [8.3277466, 49.0317605], [8.3276246, 49.031881899999995], [8.3275797, 49.031943699999985], [8.3275667, 49.031961599999995], [8.3275375, 49.0320018], [8.3275029, 49.0322102], [8.3275419, 49.032475699999985], [8.3276921, 49.0330432], [8.3276748, 49.03309099999999], [8.3273816, 49.033170199999994], [8.3271987, 49.033226], [8.327038200000002, 49.033258700000005], [8.3268626, 49.033302199999994], [8.3266371, 49.0333378], [8.326453000000003, 49.033386400000005], [8.3262617, 49.03342760000001], [8.3260084, 49.0334781], [8.3259206, 49.03350249999999], [8.3258885, 49.03352769999999], [8.3258699, 49.03356840000001], [8.3258706, 49.0335965], [8.3258865, 49.0336366], [8.3260235, 49.0336143], [8.3262902, 49.033571099999996], [8.326615500000003, 49.033513099999986], [8.3269662, 49.0334482], [8.3273708, 49.0333716], [8.3277695, 49.03328220000001], [8.3280512, 49.0332222], [8.3283885, 49.03314069999999], [8.3288231, 49.03303549999999], [8.3291498, 49.03294709999999]]]}}, {"type": "Feature", "properties": {"klasse": "Wald"}, "geometry": {"type": "Polygon", "coordinates": [[[8.332852118624178, 49.03163547364447], [8.3325086, 49.0317741], [8.3323391, 49.0318343], [8.3321474, 49.0319022], [8.3318878, 49.032000399999994], [8.3316416, 49.03208579999999], [8.331374, 49.0321777], [8.3311456, 49.0322437], [8.331002, 49.032305199999996], [8.3310386, 49.0323524], [8.3310141, 49.03236059999999], [8.3309896, 49.03236879999999], [8.3309516, 49.03231989999999], [8.3309017, 49.0322888], [8.3308626, 49.032295399999995], [8.3308269, 49.0323166], [8.330808000000001, 49.032342199999995], [8.330789, 49.0323772], [8.3307768, 49.03242040000001], [8.3307678, 49.03246060000001], [8.3307672, 49.032469999999996], [8.3308877, 49.03243119999999], [8.3311217, 49.0323559], [8.331333, 49.032283400000004], [8.3316448, 49.032176699999994], [8.3319246, 49.03207330000001], [8.3322229, 49.0319647], [8.3324919, 49.03186269999999], [8.3327267, 49.0317687], [8.332852118624178, 49.03171890958245], [8.332852118624178, 49.03163547364447]]]}}, {"type": "Feature", "properties": {"klasse": "Wald"}, "geometry": {"type": "Polygon", "coordinates": [[[8.3311188, 49.032912499999995], [8.3311188, 49.032968499999996], [8.3311205, 49.0330302], [8.3311205, 49.0330759], [8.3311136, 49.0331193], [8.3311118, 49.0331478], [8.3310717, 49.033274600000006], [8.3310352, 49.033323700000004], [8.3310038, 49.0333614], [8.3309811, 49.0333957], [8.3309724, 49.033421999999995], [8.3309829, 49.03346309999999], [8.3309881, 49.0335042], [8.3309986, 49.033554499999994], [8.3309585, 49.03362639999999], [8.3308853, 49.0337212], [8.3308487, 49.0338263], [8.3308278, 49.03389829999999], [8.3307686, 49.03400789999999], [8.330739, 49.03407529999999], [8.3307128, 49.03413359999999], [8.3306031, 49.03420779999999], [8.3305926, 49.034254700000005], [8.3305874, 49.03429809999999], [8.3306066, 49.03434149999999], [8.3306275, 49.034356300000006], [8.3306431, 49.03439859999999], [8.3306606, 49.034428299999995], [8.3306877, 49.03443969999999], [8.3307399, 49.0343184], [8.330777, 49.0341956], [8.3308423, 49.03405849999999], [8.3309029, 49.0338552], [8.330962, 49.0337163], [8.3310144, 49.0336366], [8.3310947, 49.03354590000001], [8.331195, 49.033415100000006], [8.3313121, 49.03329589999999], [8.3314102, 49.0331482], [8.331490500000001, 49.0330474], [8.3315898, 49.0329604], [8.3317068, 49.032885099999994], [8.3318261, 49.032762899999994], [8.3319115, 49.0326749], [8.3320178, 49.03261210000001], [8.332096200000002, 49.03258579999999], [8.3321676, 49.0325458], [8.3322042, 49.0325219], [8.3322164, 49.03248639999999], [8.3321938, 49.0324773], [8.332145, 49.032470499999995], [8.3320927, 49.03249099999999], [8.3318941, 49.0325687], [8.3316408, 49.0326294], [8.331394, 49.0327128], [8.3313578, 49.03266539999999], [8.3317623, 49.0325367], [8.3320532, 49.0324328], [8.3322327, 49.032356199999995], [8.3323999, 49.0322786], [8.3326543, 49.0321632], [8.3327989, 49.032091199999996], [8.332852118624178, 49.03206485695855], [8.332852118624178, 49.031995728750836], [8.3328138, 49.032005500000004], [8.3327277, 49.0320315], [8.3325638, 49.03210529999999], [8.3322672, 49.03224569999999], [8.33218, 49.0323384], [8.3320755, 49.0323959], [8.331987, 49.03244180000001], [8.3318702, 49.032467999999994], [8.331729, 49.032485900000005], [8.3316227, 49.032551299999994], [8.3313087, 49.0326542], [8.3312834, 49.0326775], [8.3312218, 49.032693499999986], [8.3311933, 49.0326595], [8.3311502, 49.0326919], [8.3311172, 49.032715399999994], [8.3310869, 49.032730199999996], [8.3310322, 49.03275639999999], [8.3309771, 49.03282320000001], [8.3309604, 49.032854699999994], [8.330949200000001, 49.03289049999999], [8.330947, 49.03295049999999], [8.3309447, 49.0330002], [8.3309358, 49.0330747], [8.330938100000001, 49.03318], [8.3309369, 49.0332209], [8.3309169, 49.03327579999999], [8.3309013, 49.033324], [8.3308711, 49.03338029999998], [8.3308165, 49.03346659999999], [8.3307674, 49.0334805], [8.3306414, 49.0335075], [8.3305898, 49.033550899999994], [8.3305857, 49.03355429999999], [8.3305812, 49.03359089999999], [8.3305857, 49.0336318], [8.3306035, 49.0336778], [8.3306292, 49.033733399999996], [8.3306437, 49.03376850000001], [8.330647, 49.0337963], [8.3306203, 49.0338336], [8.3305946, 49.0338584], [8.3305667, 49.033876000000014], [8.3305255, 49.03389859999999], [8.3304842, 49.0339147], [8.3304575, 49.0339301], [8.3304296, 49.033955599999985], [8.3303939, 49.0339973], [8.3303727, 49.034038999999986], [8.3303593, 49.0340821], [8.3303321, 49.034173300000006], [8.3303087, 49.03424660000001], [8.3302614, 49.03438289999999], [8.3302402, 49.03443299999999], [8.330201100000002, 49.03447930000001], [8.330198, 49.03449109999998], [8.330201500000001, 49.034497300000005], [8.3302107, 49.03450300000001], [8.3302244, 49.0345058], [8.3302477, 49.03451139999999], [8.3303419, 49.0345282], [8.3303499, 49.0345204], [8.3305165, 49.0345585], [8.3305479, 49.03452999999999], [8.3305479, 49.0345026], [8.330527, 49.034458], [8.3304869, 49.03440549999999], [8.3304486, 49.0343598], [8.3304329, 49.0342901], [8.3304347, 49.0342284], [8.330473, 49.034168999999984], [8.330534, 49.0340982], [8.3306472, 49.0340297], [8.330699500000001, 49.0339611], [8.330753500000002, 49.033896], [8.3307796, 49.03383319999999], [8.3307953, 49.033751], [8.3308302, 49.033655], [8.3308842, 49.033570499999996], [8.3309086, 49.03349740000001], [8.3309033, 49.03344709999999], [8.3309086, 49.03339690000001], [8.3309399, 49.0333352], [8.3309765, 49.0332792], [8.3309974, 49.033218700000006], [8.3309887, 49.0331159], [8.3309852, 49.03301309999999], [8.3310044, 49.0328851], [8.331035700000001, 49.03281199999999], [8.3311072, 49.032757200000006], [8.3312276, 49.032708099999994], [8.3312697, 49.032692499999996], [8.3313029, 49.0326828], [8.331338400000002, 49.03272890000001], [8.3312305, 49.03277279999999], [8.3311554, 49.03282339999999], [8.3311223, 49.0328691], [8.3311188, 49.032912499999995]]]}}, {"type": "Feature", "properties": {"klasse": "Wald"}, "geometry": {"type": "Polygon", "coordinates": [[[8.3300119, 49.03437230000001], [8.3300055, 49.034384599999996], [8.3299946, 49.0344028], [8.3299723, 49.0343995], [8.3298811, 49.034535299999995], [8.3299605, 49.03452709999999], [8.3300104, 49.0345213], [8.330064, 49.034501999999996], [8.3301094, 49.03447859999999], [8.3301585, 49.034455200000004], [8.3301826, 49.034438200000004], [8.3302013, 49.034414299999995], [8.3302183, 49.0343862], [8.330254, 49.0342862], [8.3302914, 49.03414469999999], [8.3303396, 49.0340154], [8.3303878, 49.0339406], [8.3304359, 49.033902499999996], [8.330518, 49.0338692], [8.3305626, 49.033844599999995], [8.3305849, 49.03382529999999], [8.3305947, 49.0338002], [8.3305974, 49.03377269999999], [8.3305885, 49.033749900000004], [8.330559000000001, 49.03368619999999], [8.3305341, 49.03363289999999], [8.3305323, 49.033603099999986], [8.3305358, 49.0335645], [8.3305403, 49.03353289999999], [8.3305483, 49.03345749999999], [8.3305617, 49.0333323], [8.3306072, 49.0332247], [8.3306393, 49.0331107], [8.3306875, 49.03295039999999], [8.3307687, 49.032789], [8.3308213, 49.03267379999999], [8.3308864, 49.03262639999999], [8.3309417, 49.032602999999995], [8.3310077, 49.0325796], [8.3310425, 49.03256559999999], [8.3310586, 49.032551], [8.3310675, 49.03253519999999], [8.3310791, 49.032510599999995], [8.3310864, 49.0324951], [8.3311061, 49.0324877], [8.3311259, 49.0324803], [8.3311376, 49.032492399999995], [8.3311864, 49.032494299999996], [8.3312335, 49.032492899999994], [8.3313241, 49.0324939], [8.3313748, 49.03248919999999], [8.3314355, 49.03247000000001], [8.3315425, 49.03241109999998], [8.3316403, 49.0323755], [8.3317331, 49.03234699999999], [8.3318258, 49.0323334], [8.3318958, 49.0323348], [8.3319579, 49.0323278], [8.3320242, 49.0323147], [8.3320606, 49.0323025], [8.3321191, 49.03227859999999], [8.3322797, 49.03220100000001], [8.3324867, 49.03210459999999], [8.332593, 49.03203820000001], [8.3326701, 49.03199419999999], [8.3327764, 49.03195389999999], [8.332852118624178, 49.03192524385719], [8.332852118624178, 49.03182208873364], [8.3325383, 49.0319446], [8.3323742, 49.0320106], [8.3321365, 49.0320957], [8.3318818, 49.03218929999999], [8.3316841, 49.0322646], [8.3314885, 49.03233480000001], [8.3312216, 49.032429799999996], [8.3310746, 49.03248140000001], [8.3308356, 49.0325498], [8.3307598, 49.0325723], [8.3307364, 49.0326418], [8.3306249, 49.03292979999999], [8.3305278, 49.0331791], [8.3304554, 49.033378], [8.3303517, 49.0336543], [8.330239, 49.033910199999994], [8.3301064, 49.0341799], [8.3300119, 49.03437230000001]]]}}, {"type": "Feature", "properties": {"klasse": "Wald"}, "geometry": {"type": "Polygon", "coordinates": [[[8.3309626, 49.03411650000001], [8.3309504, 49.0342604], [8.3308755, 49.0344523], [8.3307727, 49.03457569999999], [8.3308164, 49.03456839999999], [8.3308467, 49.03454849999999], [8.3308574, 49.034538], [8.3308744, 49.034526299999996], [8.3308931, 49.03451689999999], [8.3309225, 49.03450819999999], [8.330968, 49.0345], [8.3310055, 49.034493], [8.3310403, 49.0344778], [8.3310528, 49.034433899999996], [8.3310715, 49.03437189999999], [8.3310644, 49.0343468], [8.3310608, 49.034324], [8.3310599, 49.0342807], [8.3310626, 49.0342111], [8.3310474, 49.03418009999999], [8.3310429, 49.034099999999995], [8.3310733, 49.0340257], [8.3312017, 49.0338497], [8.3312892, 49.0337005], [8.3313828, 49.03355609999999], [8.3314925, 49.0334297], [8.3316709, 49.0332519], [8.3317316, 49.03316950000001], [8.3318538, 49.0330543], [8.3319858, 49.03294079999999], [8.3321134, 49.0328431], [8.332249, 49.032736699999994], [8.3323944, 49.03261100000001], [8.3324756, 49.03256999999999], [8.3325425, 49.0325361], [8.3325924, 49.0325121], [8.3326522, 49.032489299999995], [8.3327093, 49.0324542], [8.3327494, 49.03243259999999], [8.332844000000001, 49.0323653], [8.332852118624178, 49.03236200632329], [8.332852118624178, 49.032330160011085], [8.3326623, 49.032433399999995], [8.3326299, 49.032450999999995], [8.3322187, 49.032678399999995], [8.331912100000002, 49.03286229999999], [8.3316786, 49.03307929999999], [8.3315393, 49.03323809999999], [8.331372, 49.0334471], [8.331135, 49.033756699999984], [8.3310392, 49.033940599999994], [8.3309626, 49.03411650000001]]]}}, {"type": "Feature", "properties": {"klasse": "Wald"}, "geometry": {"type": "Polygon", "coordinates": [[[8.3300252, 49.0348235], [8.3301315, 49.03477899999999], [8.3302535, 49.0347139], [8.3303754, 49.0346442], [8.3303932, 49.03463339999999], [8.3302752, 49.034611199999986], [8.3302817, 49.0345916], [8.3302075, 49.03458239999999], [8.3301413, 49.034624599999994], [8.3300542, 49.0346555], [8.3299357, 49.03469090000001], [8.329819, 49.03470919999999], [8.3297545, 49.0347286], [8.3297162, 49.0347457], [8.3295602, 49.0349571], [8.3296245, 49.0349469], [8.3298405, 49.03489780000001], [8.3300252, 49.0348235]]]}}, {"type": "Feature", "properties": {"klasse": "Wald"}, "geometry": {"type": "Polygon", "coordinates": [[[8.3293841, 49.0352204], [8.3295697, 49.035189700000004], [8.3297039, 49.03516579999999], [8.3298106, 49.0351512], [8.3299259, 49.0351448], [8.3299967, 49.0351372], [8.3300664, 49.03512349999999], [8.3302323, 49.03507319999999], [8.3304399, 49.03500919999999], [8.3308107, 49.034877599999994], [8.3307981, 49.03481370000001], [8.3308009, 49.03478629999999], [8.3308107, 49.0347534], [8.3308232, 49.034715000000006], [8.3306455, 49.034683099999995], [8.3306037, 49.0347184], [8.3304399, 49.03482580000001], [8.33025, 49.034919499999994], [8.3300374, 49.034997100000005], [8.3297447, 49.03506229999999], [8.3294137, 49.0351125], [8.3293848, 49.0351153], [8.3292526, 49.0352382], [8.3293841, 49.0352204]]]}}, {"type": "Feature", "properties": {"klasse": "Wald"}, "geometry": {"type": "Polygon", "coordinates": [[[8.3309727, 49.0350093], [8.331019, 49.0350666], [8.3310528, 49.035060499999986], [8.3309431, 49.0348843], [8.330866, 49.03490359999999], [8.3305523, 49.035025], [8.3305981, 49.0350364], [8.3307113, 49.0350107], [8.3308028, 49.0349936], [8.3308572, 49.034975], [8.3309378, 49.0349736], [8.3309727, 49.0350093]]]}}, {"type": "Feature", "properties": {"klasse": "Wald"}, "geometry": {"type": "Polygon", "coordinates": [[[8.3322184, 49.03534770000001], [8.3322881, 49.03532909999999], [8.332373, 49.035316200000004], [8.3324231, 49.035299099999996], [8.3324427, 49.03527629999999], [8.3324797, 49.03524489999999], [8.3325015, 49.0352177], [8.3325211, 49.035192], [8.3325396, 49.0351603], [8.3322045, 49.03501379999999], [8.332088, 49.035012099999996], [8.3320768, 49.03501229999999], [8.3319116, 49.03501500000001], [8.3319309, 49.03508639999999], [8.3319048, 49.03516059999999], [8.331859, 49.0352177], [8.3318721, 49.0352777], [8.3319375, 49.0352977], [8.3320028, 49.035329099999984], [8.3320311, 49.0353491], [8.3320768, 49.035371899999994], [8.332116, 49.035370499999985], [8.3322184, 49.03534770000001]]]}}, {"type": "Feature", "properties": {"klasse": "Wald"}, "geometry": {"type": "Polygon", "coordinates": [[[8.3311795, 49.0356377], [8.3312096, 49.035653100000005], [8.3313145, 49.035818299999995], [8.3314129, 49.03579530000001], [8.331388, 49.03575330000001], [8.3316674, 49.035682099999995], [8.3315984, 49.0354701], [8.3316924, 49.03542869999999], [8.3316543, 49.0353606], [8.3314984, 49.0354104], [8.3312609, 49.0354433], [8.3311398, 49.03544389999999], [8.3311363, 49.0354954], [8.3309101, 49.0356203], [8.3311795, 49.0356377]]]}}, {"type": "Feature", "properties": {"klasse": "Wald"}, "geometry": {"type": "Polygon", "coordinates": [[[8.3316779, 49.03585599999999], [8.3315702, 49.03588769999999], [8.3314544, 49.03593759999999], [8.3314037, 49.0359658], [8.3313793, 49.035970500000005], [8.3313559, 49.03597080000001], [8.3312635, 49.0359514], [8.3309893, 49.035889], [8.3307027, 49.0358265], [8.3305204, 49.0357832], [8.330439, 49.03576569999999], [8.3304166, 49.0357707], [8.3304099, 49.0357801], [8.3304142, 49.0357873], [8.3304777, 49.03581380000001], [8.3306692, 49.035856599999995], [8.330970500000001, 49.0359212], [8.3312455, 49.03599379999999], [8.3316395, 49.0360932], [8.3317989, 49.036133199999995], [8.3319361, 49.0361654], [8.3321533, 49.0362019], [8.33233, 49.03622709999999], [8.3325013, 49.036249], [8.3326688, 49.036261399999994], [8.3328423, 49.036270599999995], [8.332852118624178, 49.03627073298362], [8.332852118624178, 49.036234297334296], [8.3324683, 49.036224399999995], [8.3321301, 49.0361722], [8.3318852, 49.036117999999995], [8.3320821, 49.0358722], [8.3321333, 49.03590410000001], [8.332227, 49.03583679999999], [8.3320684, 49.035736199999995], [8.3320252, 49.0357364], [8.3319981, 49.0357395], [8.3319467, 49.0357523], [8.3318897, 49.035773799999994], [8.3317889, 49.0358181], [8.3316779, 49.03585599999999]]]}}, {"type": "Feature", "properties": {"klasse": "Wald"}, "geometry": {"type": "Polygon", "coordinates": [[[8.3320747, 49.036470900000005], [8.3316719, 49.0363484], [8.331382000000001, 49.036263500000004], [8.3310113, 49.03616659999999], [8.3305192, 49.03605600000001], [8.3303751, 49.036024499999996], [8.3303912, 49.03606800000001], [8.3305097, 49.0361103], [8.3311299, 49.036264499999994], [8.3321387, 49.036560300000005], [8.3321815, 49.03655139999999], [8.3322056, 49.03654499999999], [8.3322341, 49.0365374], [8.3322707, 49.036532099999995], [8.3322086, 49.03650650000001], [8.3320747, 49.036470900000005]]]}}, {"type": "Feature", "properties": {"klasse": "Wald"}, "geometry": {"type": "Polygon", "coordinates": [[[8.3295792, 49.0382196], [8.3292434, 49.0379185], [8.3287483, 49.03814779999999], [8.3290095, 49.0384681], [8.3295792, 49.0382196]]]}}, {"type": "Feature", "properties": {"klasse": "Wald"}, "geometry": {"type": "Polygon", "coordinates": [[[8.3323011, 49.0380634], [8.3322954, 49.0380152], [8.3323055, 49.037964499999994], [8.3323258, 49.03794659999999], [8.3323581, 49.03793329999999], [8.3323919, 49.0379246], [8.3324458, 49.0379226], [8.3325019, 49.0379289], [8.3326012, 49.0379555], [8.3327153, 49.03799829999999], [8.332852118624178, 49.038060931498556], [8.332852118624178, 49.037968815983575], [8.3327667, 49.03792860000001], [8.332429, 49.0378312], [8.3319906, 49.03769770000001], [8.3319247, 49.03772759999999], [8.3323307, 49.038300699999986], [8.332852118624178, 49.03897676255883], [8.332852118624178, 49.038764913400286], [8.332793, 49.03869989999998], [8.3323167, 49.03810709999999], [8.3323011, 49.0380634]]]}}, {"type": "Feature", "properties": {"klasse": "Wald"}, "geometry": {"type": "Polygon", "coordinates": [[[8.3294724, 49.03895889999999], [8.3296968, 49.0388328], [8.3301024, 49.0387038], [8.3298805, 49.038527], [8.3293266, 49.038807000000006], [8.3294724, 49.03895889999999]]]}}, {"type": "Feature", "properties": {"klasse": "Wald"}, "geometry": {"type": "Polygon", "coordinates": [[[8.3320545, 49.041022299999995], [8.331853, 49.04090380000001], [8.3317083, 49.040803999999994], [8.3316246, 49.040719399999986], [8.3315033, 49.04061989999999], [8.3312858, 49.0404819], [8.3311779, 49.040396799999996], [8.3308406, 49.0401297], [8.3307171, 49.0399987], [8.330658, 49.0399206], [8.3306307, 49.03985779999999], [8.3306365, 49.03982189999999], [8.3307143, 49.039770399999995], [8.3308419, 49.039707899999996], [8.3309601, 49.0396367], [8.331139, 49.03954869999999], [8.3311937, 49.0395335], [8.3313414, 49.0395567], [8.3315723, 49.0397223], [8.3322162, 49.04010029999999], [8.3323655, 49.0401926], [8.3324961, 49.0403143], [8.3325453, 49.0403574], [8.3326409, 49.04044110000001], [8.332669900000003, 49.04046899999999], [8.332712, 49.040533199999985], [8.3327354, 49.0406134], [8.3328383, 49.04071629999999], [8.332835, 49.04076459999999], [8.3327743, 49.04082940000001], [8.3328158, 49.04086469999999], [8.332852118624178, 49.040841103593394], [8.332852118624178, 49.04049434999658], [8.3326612, 49.04028], [8.332852118624178, 49.040115057024266], [8.332852118624178, 49.04001476642024], [8.3328074, 49.040028799999995], [8.3327282, 49.04006700000001], [8.3326842, 49.040101], [8.3326097, 49.040127], [8.3325527, 49.0401119], [8.3323077, 49.0399782], [8.3319113, 49.039728999999994], [8.3316605, 49.03956409999999], [8.3315539, 49.0394855], [8.3315242, 49.03945319999999], [8.3315166, 49.03943769999999], [8.3315249, 49.03941129999999], [8.331554600000002, 49.0393737], [8.3316048, 49.0393221], [8.3316736, 49.039268199999995], [8.3320151, 49.0390604], [8.3321039, 49.039022], [8.3321773, 49.03899400000001], [8.3320922, 49.03888819999999], [8.3305707, 49.03978879999998], [8.3304015, 49.0399032], [8.3304141, 49.0399363], [8.3312139, 49.040540199999995], [8.3321873, 49.0412078], [8.3322247, 49.04121630000001], [8.3322867, 49.041200700000005], [8.3323779, 49.0411419], [8.3323285, 49.0411141], [8.3323398, 49.0410777], [8.3322172, 49.0410848], [8.3321267, 49.041061], [8.3320545, 49.041022299999995]]]}}, {"type": "Feature", "properties": {"klasse": "Wald"}, "geometry": {"type": "Polygon", "coordinates": [[[8.3286613, 49.040435099999996], [8.3285885, 49.04050699999999], [8.3288344, 49.040684000000006], [8.3289407, 49.0406241], [8.3286613, 49.040435099999996]]]}}, {"type": "Feature", "properties": {"klasse": "Wald"}, "geometry": {"type": "Polygon", "coordinates": [[[8.332852118624178, 49.050462768958326], [8.332852118624178, 49.05014434989333], [8.3326596, 49.0500585], [8.33241, 49.0499653], [8.3322436, 49.0499033], [8.332149, 49.049928099999995], [8.3321225, 49.0499752], [8.3321376, 49.0500248], [8.3322549, 49.0501662], [8.3323535, 49.0502826], [8.3327364, 49.0505106], [8.332852118624178, 49.050462768958326]]]}}, {"type": "Feature", "properties": {"klasse": "Wald"}, "geometry": {"type": "Polygon", "coordinates": [[[8.331712, 49.05112809999999], [8.3323927, 49.0518256], [8.3325171, 49.0519608], [8.3325968, 49.0520211], [8.3326629, 49.05206220000001], [8.3327672, 49.05211299999999], [8.3328491, 49.0521409], [8.332852118624178, 49.05214280346365], [8.332852118624178, 49.05182007534458], [8.3311113, 49.0500323], [8.3306548, 49.0495664], [8.3305861, 49.0496257], [8.3305434, 49.0496449], [8.3305053, 49.0496662], [8.3304784, 49.0496978], [8.3304627, 49.049752999999995], [8.3304593, 49.049811000000005], [8.3304784, 49.049859500000004], [8.3305423, 49.0499411], [8.3309931, 49.05038059999999], [8.331403600000002, 49.0508025], [8.331712, 49.05112809999999]]]}}]}