{"type": "FeatureCollection", "features": [{"type": "Feature", "properties": {"klasse": "Acker"}, "geometry": {"type": "Polygon", "coordinates": [[[-0.14517590518345108, 44.29929794446635], [-0.14517590518345108, 44.29921461113302], [-0.1452592385167844, 44.29921461113302], [-0.1452592385167844, 44.29904794446635], [-0.14542590518345108, 44.29904794446635], [-0.14542590518345108, 44.298964611133016], [-0.1455092385167844, 44.298964611133016], [-0.1455092385167844, 44.29888127779968], [-0.1457592385167844, 44.29888127779968], [-0.1457592385167844, 44.29879794446635], [-0.14609257185011776, 44.29879794446635], [-0.14609257185011776, 44.298964611133016], [-0.1460092385167844, 44.298964611133016], [-0.1460092385167844, 44.29904794446635], [-0.14592590518345108, 44.29904794446635], [-0.14592590518345108, 44.29913127779968], [-0.1457592385167844, 44.29913127779968], [-0.1457592385167844, 44.29921461113302], [-0.14567590518345108, 44.29921461113302], [-0.14567590518345108, 44.29929794446635], [-0.14559257185011776, 44.29929794446635], [-0.14559257185011776, 44.29938127779968], [-0.1455092385167844, 44.29938127779968], [-0.1455092385167844, 44.29954794446635], [-0.14534257185011776, 44.29954794446635], [-0.14534257185011776, 44.29963127779968], [-0.1450092385167844, 44.29963127779968], [-0.1450092385167844, 44.29954794446635], [-0.14492590518345108, 44.29954794446635], [-0.14492590518345108, 44.29946461113302], [-0.1450092385167844, 44.29946461113302], [-0.1450092385167844, 44.29938127779968], [-0.14509257185011776, 44.29938127779968], [-0.14509257185011776, 44.29929794446635], [-0.14517590518345108, 44.29929794446635]]]}}, {"type": "Feature", "properties": {"klasse": "Acker"}, "geometry": {"type": "Polygon", "coordinates": [[[-0.1480092385167844, 44.29979794446635], [-0.14817590518345108, 44.29979794446635], [-0.14817590518345108, 44.299964611133014], [-0.14842590518345108, 44.299964611133014], [-0.14842590518345108, 44.300131277799686], [-0.1485092385167844, 44.300131277799686], [-0.1485092385167844, 44.300214611133015], [-0.14859257185011776, 44.300214611133015], [-0.14859257185011776, 44.300464611133016], [-0.1485092385167844, 44.300464611133016], [-0.1485092385167844, 44.30054794446635], [-0.14834257185011773, 44.30054794446635], [-0.14834257185011773, 44.30063127779968], [-0.1477592385167844, 44.30063127779968], [-0.1477592385167844, 44.30054794446635], [-0.14759257185011776, 44.30054794446635], [-0.14759257185011776, 44.300464611133016], [-0.14709257185011776, 44.300464611133016], [-0.14709257185011776, 44.30038127779968], [-0.1470092385167844, 44.30038127779968], [-0.1470092385167844, 44.300214611133015], [-0.14692590518345108, 44.300214611133015], [-0.14692590518345108, 44.30029794446635], [-0.14684257185011776, 44.30029794446635], [-0.14684257185011776, 44.30038127779968], [-0.14659257185011776, 44.30038127779968], [-0.14659257185011776, 44.300464611133016], [-0.14634257185011776, 44.300464611133016], [-0.14634257185011776, 44.30029794446635], [-0.1462592385167844, 44.30029794446635], [-0.1462592385167844, 44.300214611133015], [-0.14609257185011776, 44.300214611133015], [-0.14609257185011776, 44.300131277799686], [-0.1460092385167844, 44.300131277799686], [-0.1460092385167844, 44.299964611133014], [-0.14592590518345108, 44.299964611133014], [-0.14592590518345108, 44.299881277799685], [-0.1457592385167844, 44.299881277799685], [-0.1457592385167844, 44.29963127779968], [-0.14567590518345108, 44.29963127779968], [-0.14567590518345108, 44.29954794446635], [-0.1457592385167844, 44.29954794446635], [-0.1457592385167844, 44.29946461113302], [-0.14584257185011776, 44.29946461113302], [-0.14584257185011776, 44.29938127779968], [-0.1460092385167844, 44.29938127779968], [-0.1460092385167844, 44.29946461113302], [-0.1462592385167844, 44.29946461113302], [-0.1462592385167844, 44.29979794446635], [-0.14642590518345108, 44.29979794446635], [-0.14642590518345108, 44.29971461113302], [-0.1465092385167844, 44.29971461113302], [-0.1465092385167844, 44.29948738195666], [-0.14689919999999995, 44.299571500000006], [-0.14717598639636553, 44.29921461113302], [-0.1472592385167844, 44.29921461113302], [-0.1472592385167844, 44.29946461113302], [-0.1475092385167844, 44.29946461113302], [-0.1475092385167844, 44.29954794446635], [-0.1477592385167844, 44.29954794446635], [-0.1477592385167844, 44.29963127779968], [-0.14792590518345108, 44.29963127779968], [-0.14792590518345108, 44.29971461113302], [-0.1480092385167844, 44.29971461113302], [-0.1480092385167844, 44.29979794446635]], [[-0.14634257185011776, 44.299881277799685], [-0.14634257185011776, 44.299964611133014], [-0.1465092385167844, 44.299964611133014], [-0.1465092385167844, 44.299881277799685], [-0.14634257185011776, 44.299881277799685]]]}}, {"type": "Feature", "properties": {"klasse": "Acker"}, "geometry": {"type": "Polygon", "coordinates": [[[-0.1462592385167844, 44.30188127779968], [-0.14617590518345108, 44.30188127779968], [-0.14617590518345108, 44.30179794446635], [-0.14609257185011776, 44.30179794446635], [-0.14609257185011776, 44.30188127779968], [-0.1460092385167844, 44.30188127779968], [-0.1460092385167844, 44.301964611133016], [-0.14592590518345108, 44.301964611133016], [-0.14592590518345108, 44.30204794446635], [-0.14584257185011776, 44.30204794446635], [-0.14584257185011776, 44.30213127779968], [-0.1457592385167844, 44.30213127779968], [-0.1457592385167844, 44.30238127779968], [-0.14559257185011776, 44.30238127779968], [-0.14559257185011776, 44.30246461113302], [-0.1452592385167844, 44.30246461113302], [-0.1452592385167844, 44.30238127779968], [-0.14517590518345108, 44.30238127779968], [-0.14517590518345108, 44.301631277799686], [-0.1450092385167844, 44.301631277799686], [-0.1450092385167844, 44.301714611133015], [-0.14492590518345108, 44.301714611133015], [-0.14492590518345108, 44.30179794446635], [-0.14484257185011776, 44.30179794446635], [-0.14484257185011776, 44.30188127779968], [-0.1447592385167844, 44.30188127779968], [-0.1447592385167844, 44.30193754258688], [-0.14417590518345108, 44.301895171809164], [-0.14417590518345108, 44.30188127779968], [-0.1440092385167844, 44.30188127779968], [-0.1440092385167844, 44.30179794446635], [-0.14392590518345108, 44.30179794446635], [-0.14392590518345108, 44.301631277799686], [-0.1437592385167844, 44.301631277799686], [-0.1437592385167844, 44.30154794446635], [-0.14384257185011776, 44.30154794446635], [-0.14384257185011776, 44.301381277799685], [-0.14392590518345108, 44.301381277799685], [-0.14392590518345108, 44.30129794446635], [-0.14417590518345108, 44.30129794446635], [-0.14417590518345108, 44.30121461113302], [-0.1442592385167844, 44.30121461113302], [-0.1442592385167844, 44.30113127779968], [-0.14442590518345108, 44.30113127779968], [-0.14442590518345108, 44.30088127779968], [-0.1445092385167844, 44.30088127779968], [-0.1445092385167844, 44.30079794446635], [-0.14459257185011776, 44.30079794446635], [-0.14459257185011776, 44.30071461113302], [-0.14467590518345108, 44.30071461113302], [-0.14467590518345108, 44.30063127779968], [-0.14484257185011776, 44.30063127779968], [-0.14484257185011776, 44.30054794446635], [-0.14492590518345108, 44.30054794446635], [-0.14492590518345108, 44.300464611133016], [-0.1450092385167844, 44.300464611133016], [-0.1450092385167844, 44.30038127779968], [-0.14509257185011776, 44.30038127779968], [-0.14509257185011776, 44.30029794446635], [-0.1457592385167844, 44.30029794446635], [-0.1457592385167844, 44.30071461113302], [-0.14592590518345108, 44.30071461113302], [-0.14592590518345108, 44.30063127779968], [-0.14634257185011776, 44.30063127779968], [-0.14634257185011776, 44.30071461113302], [-0.1465092385167844, 44.30071461113302], [-0.1465092385167844, 44.30079794446635], [-0.14684257185011776, 44.30079794446635], [-0.14684257185011776, 44.30090554746848], [-0.14684160000000096, 44.300905500000006], [-0.14677657203041222, 44.30113127779968], [-0.1467592385167844, 44.30113127779968], [-0.1467592385167844, 44.30119145994273], [-0.14675257056758614, 44.30121461113302], [-0.14667590518345108, 44.30121461113302], [-0.14667590518345108, 44.30129794446635], [-0.14659257185011776, 44.30129794446635], [-0.14659257185011776, 44.30154794446635], [-0.1465092385167844, 44.30154794446635], [-0.1465092385167844, 44.301631277799686], [-0.14642590518345108, 44.301631277799686], [-0.14642590518345108, 44.301714611133015], [-0.1462592385167844, 44.301714611133015], [-0.1462592385167844, 44.30188127779968]], [[-0.14542590518345108, 44.30121461113302], [-0.14542590518345108, 44.30129794446635], [-0.1457592385167844, 44.30129794446635], [-0.1457592385167844, 44.30121461113302], [-0.14584257185011776, 44.30121461113302], [-0.14584257185011776, 44.30113127779968], [-0.14567590518345108, 44.30113127779968], [-0.14567590518345108, 44.30104794446635], [-0.14559257185011776, 44.30104794446635], [-0.14559257185011776, 44.30113127779968], [-0.1455092385167844, 44.30113127779968], [-0.1455092385167844, 44.30121461113302], [-0.14542590518345108, 44.30121461113302]]]}}, {"type": "Feature", "properties": {"klasse": "Acker"}, "geometry": {"type": "Polygon", "coordinates": [[[-0.15134257185011774, 44.30329794446635], [-0.1514259051834511, 44.30329794446635], [-0.1514259051834511, 44.30321903431711], [-0.1516759051834511, 44.30331161557006], [-0.1516759051834511, 44.30338127779968], [-0.15134257185011774, 44.30338127779968], [-0.15134257185011774, 44.30329794446635]]]}}, {"type": "Feature", "properties": {"klasse": "Acker"}, "geometry": {"type": "Polygon", "coordinates": [[[-0.1512592385167844, 44.30371461113302], [-0.1511759051834511, 44.30371461113302], [-0.1511759051834511, 44.30388127779968], [-0.15109257185011774, 44.30388127779968], [-0.15109257185011774, 44.30379794446635], [-0.15084257185011773, 44.30379794446635], [-0.15084257185011773, 44.30371461113302], [-0.1509259051834511, 44.30371461113302], [-0.1509259051834511, 44.30363127779968], [-0.15109257185011774, 44.30363127779968], [-0.15109257185011774, 44.30354794446635], [-0.1512592385167844, 44.30354794446635], [-0.1512592385167844, 44.30371461113302]]]}}, {"type": "Feature", "properties": {"klasse": "Acker"}, "geometry": {"type": "Polygon", "coordinates": [[[-0.14367590518345108, 44.30388127779968], [-0.14367590518345108, 44.30371461113302], [-0.1437592385167844, 44.30371461113302], [-0.1437592385167844, 44.30363127779968], [-0.14384257185011776, 44.30363127779968], [-0.14384257185011776, 44.30338127779968], [-0.14392590518345108, 44.30338127779968], [-0.14392590518345108, 44.30329794446635], [-0.14409257185011776, 44.30329794446635], [-0.14409257185011776, 44.30304794446635], [-0.14417590518345108, 44.30304794446635], [-0.14417590518345108, 44.302964611133014], [-0.1445092385167844, 44.302964611133014], [-0.1445092385167844, 44.30304794446635], [-0.14442590518345108, 44.30304794446635], [-0.14442590518345108, 44.303131277799686], [-0.1445092385167844, 44.303131277799686], [-0.1445092385167844, 44.30329794446635], [-0.14442590518345108, 44.30329794446635], [-0.14442590518345108, 44.30338127779968], [-0.14434257185011776, 44.30338127779968], [-0.14434257185011776, 44.30379794446635], [-0.1442592385167844, 44.30379794446635], [-0.1442592385167844, 44.30388127779968], [-0.14417590518345108, 44.30388127779968], [-0.14417590518345108, 44.30396461113302], [-0.14409257185011776, 44.30396461113302], [-0.14409257185011776, 44.30421461113302], [-0.1440092385167844, 44.30421461113302], [-0.1440092385167844, 44.304381277799685], [-0.14384257185011776, 44.304381277799685], [-0.14384257185011776, 44.304464611133014], [-0.1437592385167844, 44.304464611133014], [-0.1437592385167844, 44.30454794446635], [-0.14359257185011776, 44.30454794446635], [-0.14359257185011776, 44.304631277799686], [-0.1435092385167844, 44.304631277799686], [-0.1435092385167844, 44.30479794446635], [-0.14342590518345108, 44.30479794446635], [-0.14342590518345108, 44.30488127779968], [-0.1432592385167844, 44.30488127779968], [-0.1432592385167844, 44.30479794446635], [-0.14317590518345108, 44.30479794446635], [-0.14317590518345108, 44.304714611133015], [-0.1430092385167844, 44.304714611133015], [-0.1430092385167844, 44.304464611133014], [-0.14292590518345108, 44.304464611133014], [-0.14292590518345108, 44.304381277799685], [-0.14290035016906305, 44.304381277799685], [-0.1430092385167844, 44.304220698213754], [-0.1430092385167844, 44.304381277799685], [-0.1432592385167844, 44.304381277799685], [-0.1432592385167844, 44.304131277799684], [-0.14334257185011776, 44.304131277799684], [-0.14334257185011776, 44.30404794446635], [-0.14342590518345108, 44.30404794446635], [-0.14342590518345108, 44.30396461113302], [-0.1435092385167844, 44.30396461113302], [-0.1435092385167844, 44.30388127779968], [-0.14367590518345108, 44.30388127779968]], [[-0.14334257185011776, 44.304381277799685], [-0.14334257185011776, 44.304464611133014], [-0.14342590518345108, 44.304464611133014], [-0.14342590518345108, 44.304381277799685], [-0.14334257185011776, 44.304381277799685]]]}}, {"type": "Feature", "properties": {"klasse": "Acker"}, "geometry": {"type": "Polygon", "coordinates": [[[-0.1455092385167844, 44.30829794446635], [-0.1455092385167844, 44.30821461113302], [-0.14559257185011776, 44.30821461113302], [-0.14559257185011776, 44.30821321348718], [-0.1457592385167844, 44.30822775425858], [-0.1457592385167844, 44.30829794446635], [-0.14584257185011776, 44.30829794446635], [-0.14584257185011776, 44.30839321153488], [-0.1457592385167844, 44.30838314746503], [-0.1457592385167844, 44.30838127779968], [-0.14574375716106217, 44.30838127779968], [-0.14559257185011776, 44.30836301932532], [-0.14559257185011776, 44.30829794446635], [-0.1455092385167844, 44.30829794446635]]]}}, {"type": "Feature", "properties": {"klasse": "Acker"}, "geometry": {"type": "Polygon", "coordinates": [[[-0.14759257185011776, 44.30846461113302], [-0.14759257185011776, 44.30854794446635], [-0.1476627109096481, 44.30854794446635], [-0.1476508433655048, 44.30861019207588], [-0.14764814230441606, 44.30863279215553], [-0.1476486249073481, 44.308655472658884], [-0.1476522862701018, 44.308678002934734], [-0.1476590891617462, 44.308700153859405], [-0.14766896440310348, 44.30872170016677], [-0.14767590518345108, 44.308734611587276], [-0.14767590518345108, 44.30885349947933], [-0.14767075314436875, 44.30885888784919], [-0.1476545170649785, 44.3088778084126], [-0.14764096048252537, 44.30889778709932], [-0.1476302157388719, 44.30891862887772], [-0.14762238772711678, 44.30894013029051], [-0.14761755286753356, 44.30896208144081], [-0.14761575836143737, 44.3089842680412], [-0.1476170217302694, 44.30900647350553], [-0.14762133064443012, 44.309028481063265], [-0.14762792130927213, 44.30904794446635], [-0.1475092385167844, 44.30904794446635], [-0.1475092385167844, 44.309131277799686], [-0.1474480049130334, 44.309131277799686], [-0.1465410000000017, 44.309070599999984], [-0.1460998826042153, 44.30846461113302], [-0.14634257185011776, 44.30846461113302], [-0.14634257185011776, 44.30854794446635], [-0.14717590518345108, 44.30854794446635], [-0.14717590518345108, 44.30846461113302], [-0.14759257185011776, 44.30846461113302]]]}}, {"type": "Feature", "properties": {"klasse": "Acker"}, "geometry": {"type": "Polygon", "coordinates": [[[-0.14634257185011776, 44.31104794446635], [-0.14634257185011776, 44.310964611133016], [-0.1462592385167844, 44.310964611133016], [-0.1462592385167844, 44.31088127779968], [-0.14609257185011776, 44.31088127779968], [-0.14609257185011776, 44.31079794446635], [-0.1460092385167844, 44.31079794446635], [-0.1460092385167844, 44.310714611133015], [-0.14534257185011776, 44.310714611133015], [-0.14534257185011776, 44.310631277799686], [-0.14542590518345108, 44.310631277799686], [-0.14542590518345108, 44.31054794446635], [-0.14559257185011776, 44.31054794446635], [-0.14559257185011776, 44.310464611133014], [-0.14567590518345108, 44.310464611133014], [-0.14567590518345108, 44.310381277799685], [-0.1457592385167844, 44.310381277799685], [-0.1457592385167844, 44.31029794446635], [-0.14567590518345108, 44.31029794446635], [-0.14567590518345108, 44.31004794446635], [-0.1455092385167844, 44.31004794446635], [-0.1455092385167844, 44.310131277799684], [-0.14534257185011776, 44.310131277799684], [-0.14534257185011776, 44.31021461113302], [-0.1452592385167844, 44.31021461113302], [-0.1452592385167844, 44.31029794446635], [-0.14509257185011776, 44.31029794446635], [-0.14509257185011776, 44.310381277799685], [-0.1447592385167844, 44.310381277799685], [-0.1447592385167844, 44.31029794446635], [-0.14459257185011776, 44.31029794446635], [-0.14459257185011776, 44.310131277799684], [-0.1445092385167844, 44.310131277799684], [-0.1445092385167844, 44.30979794446635], [-0.14459257185011776, 44.30979794446635], [-0.14459257185011776, 44.30971461113302], [-0.14467590518345108, 44.30971461113302], [-0.14467590518345108, 44.30954794446635], [-0.1447592385167844, 44.30954794446635], [-0.1447592385167844, 44.30938127779968], [-0.14492590518345108, 44.30938127779968], [-0.14492590518345108, 44.30929794446635], [-0.14517590518345108, 44.30929794446635], [-0.14517590518345108, 44.30904794446635], [-0.14492590518345108, 44.30904794446635], [-0.14492590518345108, 44.308964611133014], [-0.14484257185011776, 44.308964611133014], [-0.14484257185011776, 44.30904794446635], [-0.14467590518345108, 44.30904794446635], [-0.14467590518345108, 44.309214611133015], [-0.14459257185011776, 44.309214611133015], [-0.14459257185011776, 44.30938127779968], [-0.1440092385167844, 44.30938127779968], [-0.1440092385167844, 44.309464611133016], [-0.14342590518345108, 44.309464611133016], [-0.14342590518345108, 44.30929794446635], [-0.14334257185011776, 44.30929794446635], [-0.14334257185011776, 44.309214611133015], [-0.14292590518345108, 44.309214611133015], [-0.14292590518345108, 44.309131277799686], [-0.14259257185011776, 44.309131277799686], [-0.14259257185011776, 44.30904794446635], [-0.14217590518345108, 44.30904794446635], [-0.14217590518345108, 44.308964611133014], [-0.14192590518345108, 44.308964611133014], [-0.14192590518345108, 44.308881277799685], [-0.14184257185011775, 44.308881277799685], [-0.14184257185011775, 44.30871461113302], [-0.14192590518345108, 44.30871461113302], [-0.14192590518345108, 44.308631277799684], [-0.1420092385167844, 44.308631277799684], [-0.1420092385167844, 44.30854794446635], [-0.14209257185011775, 44.30854794446635], [-0.14209257185011775, 44.30838127779968], [-0.14217590518345108, 44.30838127779968], [-0.14217590518345108, 44.30829794446635], [-0.1422592385167844, 44.30829794446635], [-0.1422592385167844, 44.30821461113302], [-0.14234257185011776, 44.30821461113302], [-0.14234257185011776, 44.30804794446635], [-0.14242590518345108, 44.30804794446635], [-0.14242590518345108, 44.307964611133016], [-0.14259257185011776, 44.307964611133016], [-0.14259257185011776, 44.30795147960202], [-0.14359257185011776, 44.30803872423041], [-0.14359257185011776, 44.30804794446635], [-0.14369825441325448, 44.30804794446635], [-0.14384257185011776, 44.308060535387504], [-0.14384257185011776, 44.30821461113302], [-0.1442592385167844, 44.30821461113302], [-0.1442592385167844, 44.30829794446635], [-0.14434257185011776, 44.30829794446635], [-0.14434257185011776, 44.30838127779968], [-0.1445092385167844, 44.30838127779968], [-0.1445092385167844, 44.30846461113302], [-0.14459257185011776, 44.30846461113302], [-0.14459257185011776, 44.30854794446635], [-0.14492590518345108, 44.30854794446635], [-0.14492590518345108, 44.308551688734504], [-0.14474680000000076, 44.3086171], [-0.14493770000000075, 44.3087701], [-0.14509257185011776, 44.30889797655533], [-0.14509257185011776, 44.308964611133014], [-0.14517327327580684, 44.308964611133014], [-0.14573169999999983, 44.309425699999984], [-0.14551790000000098, 44.30993929999999], [-0.1470372999999996, 44.310207000000005], [-0.14709257185011776, 44.310290971337885], [-0.14709257185011776, 44.31029794446635], [-0.1470092385167844, 44.31029794446635], [-0.1470092385167844, 44.310381277799685], [-0.14709257185011776, 44.310381277799685], [-0.14709257185011776, 44.310631277799686], [-0.14731656932623852, 44.310631277799686], [-0.14734257185011773, 44.31067078193631], [-0.14734257185011773, 44.310714611133015], [-0.14737142122720892, 44.310714611133015], [-0.14745552707490336, 44.31084238830239], [-0.14744670281991437, 44.310850010255585], [-0.14744260264333686, 44.31085392792502], [-0.14743821074753896, 44.31085767904897], [-0.14713081825038185, 44.311148031283764], [-0.1465021, 44.3109995], [-0.1464131991007916, 44.31104794446635], [-0.14634257185011776, 44.31104794446635]]]}}, {"type": "Feature", "properties": {"klasse": "Acker"}, "geometry": {"type": "Polygon", "coordinates": [[[-0.14792590518345108, 44.30963127779968], [-0.14792590518345108, 44.30971461113302], [-0.1480092385167844, 44.30971461113302], [-0.1480092385167844, 44.30996461113302], [-0.14784257185011773, 44.30996461113302], [-0.14784257185011773, 44.31004794446635], [-0.14779618328282934, 44.31004794446635], [-0.14767590518345108, 44.31001132178924], [-0.14767590518345108, 44.30996461113302], [-0.14752249561880365, 44.30996461113302], [-0.14743050000000188, 44.309936599999986], [-0.14738090000000031, 44.3097153], [-0.1475419641714266, 44.30929794446635], [-0.14759257185011776, 44.30929794446635], [-0.14759257185011776, 44.30954794446635], [-0.1475092385167844, 44.30954794446635], [-0.1475092385167844, 44.30963127779968], [-0.14792590518345108, 44.30963127779968]]]}}, {"type": "Feature", "properties": {"klasse": "Acker"}, "geometry": {"type": "Polygon", "coordinates": [[[-0.14792590518345108, 44.31004794446635], [-0.14792590518345108, 44.310087442623576], [-0.14784257185011773, 44.31006206901213], [-0.14784257185011773, 44.31004794446635], [-0.14792590518345108, 44.31004794446635]]]}}, {"type": "Feature", "properties": {"klasse": "Acker"}, "geometry": {"type": "Polygon", "coordinates": [[[-0.1450092385167844, 44.31146461113302], [-0.1450092385167844, 44.31154794446635], [-0.14492590518345108, 44.31154794446635], [-0.14492590518345108, 44.311631277799684], [-0.14485688514496053, 44.311631277799684], [-0.14497830000000092, 44.311330000000005], [-0.14517590518345108, 44.31138657557913], [-0.14517590518345108, 44.31146461113302], [-0.1450092385167844, 44.31146461113302]]]}}, {"type": "Feature", "properties": {"klasse": "Acker"}, "geometry": {"type": "Polygon", "coordinates": [[[-0.1435092385167844, 44.31246461113302], [-0.1435092385167844, 44.31263127779968], [-0.14342590518345108, 44.31263127779968], [-0.14342590518345108, 44.31271461113302], [-0.1432592385167844, 44.31271461113302], [-0.1432592385167844, 44.31279794446635], [-0.1427592385167844, 44.31279794446635], [-0.1427592385167844, 44.31263127779968], [-0.14284257185011776, 44.31263127779968], [-0.14284257185011776, 44.31254794446635], [-0.14292590518345108, 44.31254794446635], [-0.14292590518345108, 44.31246461113302], [-0.1427592385167844, 44.31246461113302], [-0.1427592385167844, 44.312214611133015], [-0.14267590518345108, 44.312214611133015], [-0.14267590518345108, 44.31171461113302], [-0.14259257185011776, 44.31171461113302], [-0.14259257185011776, 44.311631277799684], [-0.14242590518345108, 44.311631277799684], [-0.14242590518345108, 44.31146461113302], [-0.14234257185011776, 44.31146461113302], [-0.14234257185011776, 44.31113127779968], [-0.14217590518345108, 44.31113127779968], [-0.14217590518345108, 44.310964611133016], [-0.1422592385167844, 44.310964611133016], [-0.1422592385167844, 44.310714611133015], [-0.14217590518345108, 44.310714611133015], [-0.14217590518345108, 44.310631277799686], [-0.14259257185011776, 44.310631277799686], [-0.14259257185011776, 44.31029794446635], [-0.1430092385167844, 44.31029794446635], [-0.1430092385167844, 44.310381277799685], [-0.14334257185011776, 44.310381277799685], [-0.14334257185011776, 44.310464611133014], [-0.1435092385167844, 44.310464611133014], [-0.1435092385167844, 44.310631277799686], [-0.1437592385167844, 44.310631277799686], [-0.1437592385167844, 44.310714611133015], [-0.1440092385167844, 44.310714611133015], [-0.1440092385167844, 44.31054794446635], [-0.14409257185011776, 44.31054794446635], [-0.14409257185011776, 44.310464611133014], [-0.1445092385167844, 44.310464611133014], [-0.1445092385167844, 44.31079794446635], [-0.14442590518345108, 44.31079794446635], [-0.14442590518345108, 44.31088127779968], [-0.14434257185011776, 44.31088127779968], [-0.14434257185011776, 44.310964611133016], [-0.1442592385167844, 44.310964611133016], [-0.1442592385167844, 44.31104794446635], [-0.14417590518345108, 44.31104794446635], [-0.14417590518345108, 44.31121461113302], [-0.14409257185011776, 44.31121461113302], [-0.14409257185011776, 44.31129794446635], [-0.1440092385167844, 44.31129794446635], [-0.1440092385167844, 44.31138127779968], [-0.14392590518345108, 44.31138127779968], [-0.14392590518345108, 44.31154794446635], [-0.14384257185011776, 44.31154794446635], [-0.14384257185011776, 44.311631277799684], [-0.14359257185011776, 44.311631277799684], [-0.14359257185011776, 44.31171461113302], [-0.14334257185011776, 44.31171461113302], [-0.14334257185011776, 44.311631277799684], [-0.1432592385167844, 44.311631277799684], [-0.1432592385167844, 44.31171461113302], [-0.14317590518345108, 44.31171461113302], [-0.14317590518345108, 44.31179153134721], [-0.14309219999999945, 44.311806499999996], [-0.14313610000000024, 44.312186], [-0.14417590518345108, 44.31212487303897], [-0.14417590518345108, 44.312131277799686], [-0.14409257185011776, 44.312131277799686], [-0.14409257185011776, 44.312214611133015], [-0.14384257185011776, 44.312214611133015], [-0.14384257185011776, 44.31229794446635], [-0.1437592385167844, 44.31229794446635], [-0.1437592385167844, 44.31238127779968], [-0.14359257185011776, 44.31238127779968], [-0.14359257185011776, 44.31246461113302], [-0.1435092385167844, 44.31246461113302]]]}}, {"type": "Feature", "properties": {"klasse": "Acker"}, "geometry": {"type": "Polygon", "coordinates": [[[-0.1422592385167844, 44.311881277799685], [-0.1422592385167844, 44.312214611133015], [-0.14209257185011775, 44.312214611133015], [-0.14209257185011775, 44.31229794446635], [-0.1417592385167844, 44.31229794446635], [-0.1417592385167844, 44.312131277799686], [-0.14167590518345108, 44.312131277799686], [-0.14167590518345108, 44.31204794446635], [-0.1415092385167844, 44.31204794446635], [-0.1415092385167844, 44.31179794446635], [-0.14217590518345108, 44.31179794446635], [-0.14217590518345108, 44.311881277799685], [-0.1422592385167844, 44.311881277799685]]]}}, {"type": "Feature", "properties": {"klasse": "Acker"}, "geometry": {"type": "Polygon", "coordinates": [[[-0.1539259051834511, 44.31479794446635], [-0.1539259051834511, 44.314657299980574], [-0.1540020704475897, 44.31479794446635], [-0.1539259051834511, 44.31479794446635]]]}}, {"type": "Feature", "properties": {"klasse": "Acker"}, "geometry": {"type": "Polygon", "coordinates": [[[-0.15422771403788257, 44.315214611133015], [-0.1540092385167844, 44.315214611133015], [-0.1540092385167844, 44.315131277799686], [-0.15409257185011774, 44.315131277799686], [-0.15409257185011774, 44.314965061634055], [-0.15422771403788257, 44.315214611133015]]]}}, {"type": "Feature", "properties": {"klasse": "Acker"}, "geometry": {"type": "Polygon", "coordinates": [[[-0.14217590518345108, 44.315214611133015], [-0.14209257185011775, 44.315214611133015], [-0.14209257185011775, 44.31571461113302], [-0.14159257185011775, 44.31571461113302], [-0.14159257185011775, 44.31554794446635], [-0.14147078337144878, 44.31554794446635], [-0.141967802319503, 44.31504794446635], [-0.14217590518345108, 44.31504794446635], [-0.14217590518345108, 44.315214611133015]]]}}, {"type": "Feature", "properties": {"klasse": "Acker"}, "geometry": {"type": "Polygon", "coordinates": [[[-0.1542592385167844, 44.31579794446635], [-0.1545436150642918, 44.31579794446635], [-0.15463300000000071, 44.315963], [-0.15441292179718577, 44.316131277799684], [-0.15434257185011774, 44.316131277799684], [-0.15434257185011774, 44.31604794446635], [-0.1542592385167844, 44.31604794446635], [-0.1542592385167844, 44.31588127779968], [-0.1540092385167844, 44.31588127779968], [-0.1540092385167844, 44.31579794446635], [-0.1535092385167844, 44.31579794446635], [-0.1535092385167844, 44.31571461113302], [-0.1532592385167844, 44.31571461113302], [-0.1532592385167844, 44.31563127779968], [-0.1531759051834511, 44.31563127779968], [-0.1531759051834511, 44.31554794446635], [-0.1530092385167844, 44.31554794446635], [-0.1530092385167844, 44.3151793151935], [-0.1530767513407455, 44.315131277799686], [-0.1534259051834511, 44.315131277799686], [-0.1534259051834511, 44.31529794446635], [-0.1536759051834511, 44.31529794446635], [-0.1536759051834511, 44.31538127779968], [-0.1539259051834511, 44.31538127779968], [-0.1539259051834511, 44.31546461113302], [-0.1541759051834511, 44.31546461113302], [-0.1541759051834511, 44.31571461113302], [-0.1542592385167844, 44.31571461113302], [-0.1542592385167844, 44.31579794446635]]]}}, {"type": "Feature", "properties": {"klasse": "Acker"}, "geometry": {"type": "Polygon", "coordinates": [[[-0.15134257185011774, 44.31563127779968], [-0.1514259051834511, 44.31563127779968], [-0.1514259051834511, 44.31571461113302], [-0.15134257185011774, 44.31571461113302], [-0.15134257185011774, 44.31563127779968]]]}}, {"type": "Feature", "properties": {"klasse": "Acker"}, "geometry": {"type": "Polygon", "coordinates": [[[-0.1430092385167844, 44.31571461113302], [-0.14292590518345108, 44.31571461113302], [-0.14292590518345108, 44.31579794446635], [-0.1430092385167844, 44.31579794446635], [-0.1430092385167844, 44.31596461113302], [-0.1427592385167844, 44.31596461113302], [-0.1427592385167844, 44.31588127779968], [-0.14259257185011776, 44.31588127779968], [-0.14259257185011776, 44.31579794446635], [-0.14267590518345108, 44.31579794446635], [-0.14267590518345108, 44.31571461113302], [-0.14284257185011776, 44.31571461113302], [-0.14284257185011776, 44.31563127779968], [-0.1430092385167844, 44.31563127779968], [-0.1430092385167844, 44.31571461113302]]]}}, {"type": "Feature", "properties": {"klasse": "Acker"}, "geometry": {"type": "Polygon", "coordinates": [[[-0.1510092385167844, 44.315214611133015], [-0.1509259051834511, 44.315214611133015], [-0.1509259051834511, 44.315131277799686], [-0.1507592385167844, 44.315131277799686], [-0.1507592385167844, 44.314964611133014], [-0.15084257185011773, 44.314964611133014], [-0.15084257185011773, 44.314881277799685], [-0.1506759051834511, 44.314881277799685], [-0.1506759051834511, 44.31479794446635], [-0.15059257185011773, 44.31479794446635], [-0.15059257185011773, 44.314964611133014], [-0.1506759051834511, 44.314964611133014], [-0.1506759051834511, 44.315214611133015], [-0.1507592385167844, 44.315214611133015], [-0.1507592385167844, 44.31538127779968], [-0.1509259051834511, 44.31538127779968], [-0.1509259051834511, 44.31546461113302], [-0.1510092385167844, 44.31546461113302], [-0.1510092385167844, 44.31563127779968], [-0.1511759051834511, 44.31563127779968], [-0.1511759051834511, 44.31579794446635], [-0.1512592385167844, 44.31579794446635], [-0.1512592385167844, 44.31588127779968], [-0.15134257185011774, 44.31588127779968], [-0.15134257185011774, 44.316131277799684], [-0.1515092385167844, 44.316131277799684], [-0.1515092385167844, 44.31621461113302], [-0.1516759051834511, 44.31621461113302], [-0.1516759051834511, 44.31629794446635], [-0.15184257185011774, 44.31629794446635], [-0.15184257185011774, 44.316381277799685], [-0.1524259051834511, 44.316381277799685], [-0.1524259051834511, 44.31629794446635], [-0.1526759051834511, 44.31629794446635], [-0.1526759051834511, 44.31621461113302], [-0.1529259051834511, 44.31621461113302], [-0.1529259051834511, 44.316131277799684], [-0.15309257185011774, 44.316131277799684], [-0.15309257185011774, 44.31604794446635], [-0.1535092385167844, 44.31604794446635], [-0.1535092385167844, 44.31621461113302], [-0.15359257185011774, 44.31621461113302], [-0.15359257185011774, 44.316381277799685], [-0.1537592385167844, 44.316381277799685], [-0.1537592385167844, 44.316464611133014], [-0.15334257185011774, 44.316464611133014], [-0.15334257185011774, 44.31663127779969], [-0.15309257185011774, 44.31663127779969], [-0.15309257185011774, 44.316714611133015], [-0.1529259051834511, 44.316714611133015], [-0.1529259051834511, 44.31679794446635], [-0.15284257185011774, 44.31679794446635], [-0.15284257185011774, 44.31688127779968], [-0.1526759051834511, 44.31688127779968], [-0.1526759051834511, 44.31704794446635], [-0.1525092385167844, 44.31704794446635], [-0.1525092385167844, 44.31713127779968], [-0.1524259051834511, 44.31713127779968], [-0.1524259051834511, 44.31721461113302], [-0.15234257185011774, 44.31721461113302], [-0.15234257185011774, 44.31729794446635], [-0.1522592385167844, 44.31729794446635], [-0.1522592385167844, 44.31738127779968], [-0.1521759051834511, 44.31738127779968], [-0.1521759051834511, 44.31746461113302], [-0.1519259051834511, 44.31746461113302], [-0.1519259051834511, 44.31754794446635], [-0.1517592385167844, 44.31754794446635], [-0.1517592385167844, 44.317631277799684], [-0.1514259051834511, 44.317631277799684], [-0.1514259051834511, 44.31754794446635], [-0.1504259051834511, 44.31754794446635], [-0.1504259051834511, 44.31746461113302], [-0.15009257185011773, 44.31746461113302], [-0.15009257185011773, 44.31729794446635], [-0.14942590518345109, 44.31729794446635], [-0.14942590518345109, 44.31721461113302], [-0.14884257185011773, 44.31721461113302], [-0.14884257185011773, 44.31713127779968], [-0.14867590518345108, 44.31713127779968], [-0.14867590518345108, 44.31704794446635], [-0.14834257185011773, 44.31704794446635], [-0.14834257185011773, 44.31696461113302], [-0.14809257185011776, 44.31696461113302], [-0.14809257185011776, 44.31704794446635], [-0.14792590518345108, 44.31704794446635], [-0.14792590518345108, 44.31688127779968], [-0.14759257185011776, 44.31688127779968], [-0.14759257185011776, 44.31679794446635], [-0.14692590518345108, 44.31679794446635], [-0.14692590518345108, 44.316714611133015], [-0.14667590518345108, 44.316714611133015], [-0.14667590518345108, 44.31663127779969], [-0.14609257185011776, 44.31663127779969], [-0.14609257185011776, 44.316131277799684], [-0.14617590518345108, 44.316131277799684], [-0.14617590518345108, 44.31604794446635], [-0.14634257185011776, 44.31604794446635], [-0.14634257185011776, 44.31588127779968], [-0.14642590518345108, 44.31588127779968], [-0.14642590518345108, 44.31579794446635], [-0.1470092385167844, 44.31579794446635], [-0.1470092385167844, 44.31588127779968], [-0.14742590518345108, 44.31588127779968], [-0.14742590518345108, 44.31579794446635], [-0.14767590518345108, 44.31579794446635], [-0.14767590518345108, 44.31571461113302], [-0.14784257185011773, 44.31571461113302], [-0.14784257185011773, 44.31563127779968], [-0.1480092385167844, 44.31563127779968], [-0.1480092385167844, 44.31546461113302], [-0.14809257185011776, 44.31546461113302], [-0.14809257185011776, 44.31538127779968], [-0.14817590518345108, 44.31538127779968], [-0.14817590518345108, 44.31529794446635], [-0.1482592385167844, 44.31529794446635], [-0.1482592385167844, 44.314964611133014], [-0.14834257185011773, 44.314964611133014], [-0.14834257185011773, 44.314881277799685], [-0.1485092385167844, 44.314881277799685], [-0.1485092385167844, 44.31479794446635], [-0.14859257185011776, 44.31479794446635], [-0.14859257185011776, 44.31471461113302], [-0.14867590518345108, 44.31471461113302], [-0.14867590518345108, 44.31446461113302], [-0.1487592385167844, 44.31446461113302], [-0.1487592385167844, 44.31438127779968], [-0.14892590518345108, 44.31438127779968], [-0.14892590518345108, 44.31429794446635], [-0.14913122276978644, 44.31429794446635], [-0.1491940000000006, 44.3146523], [-0.15087449999999994, 44.31477100000001], [-0.1509259051834511, 44.31479057886508], [-0.1509259051834511, 44.31479794446635], [-0.15094524389810038, 44.31479794446635], [-0.15109257185011774, 44.314854057758815], [-0.15109257185011774, 44.314964611133014], [-0.1511759051834511, 44.314964611133014], [-0.1511759051834511, 44.31504794446635], [-0.1512592385167844, 44.31504794446635], [-0.1512592385167844, 44.31554794446635], [-0.1511759051834511, 44.31554794446635], [-0.1511759051834511, 44.31538127779968], [-0.1510092385167844, 44.31538127779968], [-0.1510092385167844, 44.315214611133015]]]}}, {"type": "Feature", "properties": {"klasse": "Acker"}, "geometry": {"type": "Polygon", "coordinates": [[[-0.14234257185011776, 44.31604794446635], [-0.14242590518345108, 44.31604794446635], [-0.14242590518345108, 44.31596461113302], [-0.1425092385167844, 44.31596461113302], [-0.1425092385167844, 44.31604794446635], [-0.14259257185011776, 44.31604794446635], [-0.14259257185011776, 44.316131277799684], [-0.14234257185011776, 44.316131277799684], [-0.14234257185011776, 44.31604794446635]]]}}, {"type": "Feature", "properties": {"klasse": "Acker"}, "geometry": {"type": "Polygon", "coordinates": [[[-0.1516759051834511, 44.316131277799684], [-0.1517592385167844, 44.316131277799684], [-0.1517592385167844, 44.31621461113302], [-0.1516759051834511, 44.31621461113302], [-0.1516759051834511, 44.316131277799684]]]}}, {"type": "Feature", "properties": {"klasse": "Acker"}, "geometry": {"type": "Polygon", "coordinates": [[[-0.1427592385167844, 44.31621461113302], [-0.14292590518345108, 44.31621461113302], [-0.14292590518345108, 44.316381277799685], [-0.1427592385167844, 44.316381277799685], [-0.1427592385167844, 44.31621461113302]]]}}, {"type": "Feature", "properties": {"klasse": "Acker"}, "geometry": {"type": "Polygon", "coordinates": [[[-0.1420092385167844, 44.31629794446635], [-0.14209257185011775, 44.31629794446635], [-0.14209257185011775, 44.316381277799685], [-0.1420092385167844, 44.316381277799685], [-0.1420092385167844, 44.31629794446635]]]}}, {"type": "Feature", "properties": {"klasse": "Acker"}, "geometry": {"type": "Polygon", "coordinates": [[[-0.1432592385167844, 44.31629794446635], [-0.14342590518345108, 44.31629794446635], [-0.14342590518345108, 44.316464611133014], [-0.14334257185011776, 44.316464611133014], [-0.14334257185011776, 44.316381277799685], [-0.1432592385167844, 44.316381277799685], [-0.1432592385167844, 44.31629794446635]]]}}, {"type": "Feature", "properties": {"klasse": "Acker"}, "geometry": {"type": "Polygon", "coordinates": [[[-0.14317590518345108, 44.316381277799685], [-0.1432592385167844, 44.316381277799685], [-0.1432592385167844, 44.316464611133014], [-0.14317590518345108, 44.316464611133014], [-0.14317590518345108, 44.316381277799685]]]}}, {"type": "Feature", "properties": {"klasse": "Acker"}, "geometry": {"type": "Polygon", "coordinates": [[[-0.1447592385167844, 44.317451260101755], [-0.1445092385167844, 44.31762098683105], [-0.1445092385167844, 44.31738127779968], [-0.14442590518345108, 44.31738127779968], [-0.14442590518345108, 44.31721461113302], [-0.1445092385167844, 44.31721461113302], [-0.1445092385167844, 44.31713127779968], [-0.14467590518345108, 44.31713127779968], [-0.14467590518345108, 44.31738127779968], [-0.1447592385167844, 44.31738127779968], [-0.1447592385167844, 44.317451260101755]]]}}, {"type": "Feature", "properties": {"klasse": "Acker"}, "geometry": {"type": "Polygon", "coordinates": [[[-0.1455092385167844, 44.31904794446635], [-0.1455092385167844, 44.319131277799684], [-0.14542590518345108, 44.319131277799684], [-0.14542590518345108, 44.31921461113301], [-0.14529375164270755, 44.31921461113301], [-0.1453515999999995, 44.318995499999986], [-0.14559257185011776, 44.31881127367209], [-0.14559257185011776, 44.31904794446635], [-0.1455092385167844, 44.31904794446635]]]}}, {"type": "Feature", "properties": {"klasse": "Acker"}, "geometry": {"type": "Polygon", "coordinates": [[[-0.1565846999999998, 44.32007279999999], [-0.15842470000000122, 44.3196968], [-0.1584724999999997, 44.3207787], [-0.15930240000000137, 44.321177], [-0.1598342999999995, 44.32008189999999], [-0.16213829999999965, 44.3196953], [-0.1638425718501179, 44.31743537787907], [-0.1638425718501179, 44.3290410492476], [-0.16058379999999958, 44.32831479999999], [-0.16182759999999954, 44.325735400000006], [-0.1626582999999999, 44.32327050000001], [-0.15885119999999953, 44.3224818], [-0.15670539999999925, 44.32552129999999], [-0.1528682000000005, 44.32470070000001], [-0.15111569999999955, 44.32521810000001], [-0.15081830000000027, 44.32570849999999], [-0.15381929999999958, 44.3256825], [-0.15449970000000168, 44.3261897], [-0.1544077000000001, 44.326962099999996], [-0.15366370000000035, 44.32724999999999], [-0.1535696999999996, 44.3279764], [-0.15262870000000053, 44.32808889999999], [-0.15062679999999887, 44.328450499999995], [-0.14919839999999948, 44.32890459999999], [-0.14711499999999997, 44.329035199999986], [-0.14475230000000183, 44.32808899999999], [-0.1442699000000018, 44.32768379999999], [-0.14445709999999942, 44.32469160000001], [-0.14648686863071392, 44.32221461113301], [-0.14634257185011776, 44.32221461113301], [-0.14634257185011776, 44.32188127779968], [-0.14642590518345108, 44.32188127779968], [-0.14642590518345108, 44.32204794446635], [-0.14659257185011776, 44.32204794446635], [-0.14659257185011776, 44.32208561825485], [-0.14710039999999924, 44.32146589999999], [-0.1477592385167844, 44.32160719014354], [-0.1477592385167844, 44.321214611133016], [-0.14759257185011776, 44.321214611133016], [-0.14759257185011776, 44.32104794446635], [-0.14767590518345108, 44.32104794446635], [-0.14767590518345108, 44.320964611133014], [-0.14784257185011773, 44.320964611133014], [-0.14784257185011773, 44.32113127779969], [-0.1480092385167844, 44.32113127779969], [-0.1480092385167844, 44.32138127779968], [-0.14809257185011776, 44.32138127779968], [-0.14809257185011776, 44.32163127779968], [-0.14792590518345108, 44.32163127779968], [-0.14792590518345108, 44.32164293237272], [-0.14991220000000022, 44.3220689], [-0.1510092385167844, 44.32060320958998], [-0.1510092385167844, 44.32054794446635], [-0.15105060330217737, 44.32054794446635], [-0.1512592385167844, 44.32026919889036], [-0.1512592385167844, 44.32021461113302], [-0.15130009630772123, 44.32021461113302], [-0.1523235000000003, 44.3188473], [-0.1541097000000002, 44.3192126], [-0.15371549999999953, 44.32080379999999], [-0.1547809999999999, 44.321279999999994], [-0.1565846999999998, 44.32007279999999]], [[-0.1465092385167844, 44.322131277799684], [-0.1465092385167844, 44.322187312475464], [-0.14655515613419762, 44.322131277799684], [-0.1465092385167844, 44.322131277799684]]]}}, {"type": "Feature", "properties": {"klasse": "Acker"}, "geometry": {"type": "Polygon", "coordinates": [[[-0.14217590518345108, 44.32539141543257], [-0.1417592385167844, 44.32533652467986], [-0.1417592385167844, 44.32529794446635], [-0.14184257185011775, 44.32529794446635], [-0.14184257185011775, 44.32521461113301], [-0.14209257185011775, 44.32521461113301], [-0.14209257185011775, 44.325131277799684], [-0.14238692590973775, 44.325131277799684], [-0.14235260584071974, 44.325381277799686], [-0.14217590518345108, 44.325381277799686], [-0.14217590518345108, 44.32539141543257]]]}}, {"type": "Feature", "properties": {"klasse": "Acker"}, "geometry": {"type": "Polygon", "coordinates": [[[-0.1638425718501179, 44.33486139933773], [-0.16304129999999875, 44.334838700000006], [-0.16310210000000172, 44.33358679999998], [-0.16239900000000163, 44.3334364], [-0.16302840000000124, 44.331922899999995], [-0.16137540000000053, 44.33129379999999], [-0.1604165000000001, 44.333231999999995], [-0.15902870000000166, 44.333346899999995], [-0.158601800000002, 44.334189900000005], [-0.160037600000001, 44.33515689999999], [-0.16008550000000052, 44.3362388], [-0.15950920000000077, 44.3363352], [-0.1583313000000003, 44.335946], [-0.15774959999999974, 44.338541299999996], [-0.15984450000000058, 44.33866], [-0.1589533999999982, 44.3395136], [-0.1544200999999996, 44.340045399999994], [-0.15426380000000028, 44.33913239999999], [-0.15163869999999974, 44.33752539999999], [-0.15452280000000024, 44.336448799999985], [-0.15447499999999975, 44.3353669], [-0.15359319999999987, 44.333803499999995], [-0.15446949999999987, 44.33261739999999], [-0.1548781000000008, 44.331358699999996], [-0.15388079999999946, 44.32979789999999], [-0.15555809999999995, 44.32874649999999], [-0.1570719999999983, 44.328757], [-0.15705900000000214, 44.3298886], [-0.15798100000000045, 44.33077289999999], [-0.15861899999999973, 44.330939400000005], [-0.15954399999999874, 44.33046620000001], [-0.159942900000001, 44.329505699999984], [-0.16165390000000085, 44.3296939], [-0.1638425718501179, 44.33029553616297], [-0.1638425718501179, 44.33486139933773]]]}}, {"type": "Feature", "properties": {"klasse": "Acker"}, "geometry": {"type": "Polygon", "coordinates": [[[-0.16384257185011775, 44.34154794446635], [-0.1637976529240519, 44.34154794446635], [-0.16384257185011775, 44.34118096747053], [-0.16384257185011775, 44.34154794446635]]]}}, {"type": "Feature", "properties": {"klasse": "Acker"}, "geometry": {"type": "Polygon", "coordinates": [[[-0.16375923851678442, 44.343214611133014], [-0.16359364864686513, 44.343214611133014], [-0.16365484993002063, 44.34271461113302], [-0.16384257185011775, 44.34271461113302], [-0.16384257185011775, 44.343464611133015], [-0.16375923851678442, 44.343464611133015], [-0.16375923851678442, 44.343214611133014]]]}}, {"type": "Feature", "properties": {"klasse": "Acker"}, "geometry": {"type": "Polygon", "coordinates": [[[-0.16375923851678442, 44.34429794446635], [-0.16384257185011775, 44.34429794446635], [-0.16384257185011775, 44.344381277799684], [-0.16375923851678442, 44.344381277799684], [-0.16375923851678442, 44.34429794446635]]]}}, {"type": "Feature", "properties": {"klasse": "Acker"}, "geometry": {"type": "Polygon", "coordinates": [[[-0.15992590518345107, 44.34904794446635], [-0.15992590518345107, 44.349131277799685], [-0.15967590518345107, 44.349131277799685], [-0.15967590518345107, 44.349214611133014], [-0.15959257185011774, 44.349214611133014], [-0.15959257185011774, 44.34904794446635], [-0.15892590518345107, 44.34904794446635], [-0.15892590518345107, 44.34879794446635], [-0.15884257185011774, 44.34879794446635], [-0.15884257185011774, 44.34871461113302], [-0.1586759051834511, 44.34871461113302], [-0.1586759051834511, 44.34863127779968], [-0.15834257185011774, 44.34863127779968], [-0.15834257185011774, 44.34854794446635], [-0.1581759051834511, 44.34854794446635], [-0.1581759051834511, 44.34838127779968], [-0.15809257185011774, 44.34838127779968], [-0.15809257185011774, 44.34813127779968], [-0.15800923851678442, 44.34813127779968], [-0.15800923851678442, 44.34804794446635], [-0.15784257185011774, 44.34804794446635], [-0.15784257185011774, 44.347964611133015], [-0.1576759051834511, 44.347964611133015], [-0.1576759051834511, 44.34804794446635], [-0.15759257185011774, 44.34804794446635], [-0.15759257185011774, 44.34813127779968], [-0.1574259051834511, 44.34813127779968], [-0.1574259051834511, 44.34829794446635], [-0.15725923851678442, 44.34829794446635], [-0.15725923851678442, 44.34838127779968], [-0.1571759051834511, 44.34838127779968], [-0.1571759051834511, 44.34854794446635], [-0.15709257185011774, 44.34854794446635], [-0.15709257185011774, 44.34863127779968], [-0.15700923851678442, 44.34863127779968], [-0.15700923851678442, 44.34871461113302], [-0.1569259051834511, 44.34871461113302], [-0.1569259051834511, 44.34879794446635], [-0.15675923851678442, 44.34879794446635], [-0.15675923851678442, 44.348881277799684], [-0.15600923851678442, 44.348881277799684], [-0.15600923851678442, 44.34896461113302], [-0.1559259051834511, 44.34896461113302], [-0.1559259051834511, 44.34904794446635], [-0.1554259051834511, 44.34904794446635], [-0.1554259051834511, 44.34896461113302], [-0.1551759051834511, 44.34896461113302], [-0.1551759051834511, 44.348881277799684], [-0.15500923851678441, 44.348881277799684], [-0.15500923851678441, 44.34879794446635], [-0.15484257185011774, 44.34879794446635], [-0.15484257185011774, 44.34871461113302], [-0.15459257185011774, 44.34871461113302], [-0.15459257185011774, 44.34863127779968], [-0.1544259051834511, 44.34863127779968], [-0.1544259051834511, 44.34854794446635], [-0.15434257185011774, 44.34854794446635], [-0.15434257185011774, 44.34838127779968], [-0.1542592385167844, 44.34838127779968], [-0.1542592385167844, 44.34846461113302], [-0.1541759051834511, 44.34846461113302], [-0.1541759051834511, 44.34863127779968], [-0.15409257185011774, 44.34863127779968], [-0.15409257185011774, 44.34879794446635], [-0.1540092385167844, 44.34879794446635], [-0.1540092385167844, 44.348881277799684], [-0.1539259051834511, 44.348881277799684], [-0.1539259051834511, 44.34896461113302], [-0.15384257185011774, 44.34896461113302], [-0.15384257185011774, 44.34904794446635], [-0.1537592385167844, 44.34904794446635], [-0.1537592385167844, 44.349131277799685], [-0.1541759051834511, 44.349131277799685], [-0.1541759051834511, 44.349214611133014], [-0.1544259051834511, 44.349214611133014], [-0.1544259051834511, 44.34929794446635], [-0.15450923851678441, 44.34929794446635], [-0.15450923851678441, 44.34938127779969], [-0.1546759051834511, 44.34938127779969], [-0.1546759051834511, 44.34963127779968], [-0.15450923851678441, 44.34963127779968], [-0.15450923851678441, 44.34971461113302], [-0.14731248005153105, 44.34971461113302], [-0.14800083800837252, 44.348881277799684], [-0.14834257185011773, 44.348881277799684], [-0.14834257185011773, 44.34879794446635], [-0.14842590518345108, 44.34879794446635], [-0.14842590518345108, 44.348881277799684], [-0.14892590518345108, 44.348881277799684], [-0.14892590518345108, 44.34896461113302], [-0.14917590518345109, 44.34896461113302], [-0.14917590518345109, 44.34904794446635], [-0.14967590518345109, 44.34904794446635], [-0.14967590518345109, 44.349131277799685], [-0.1497592385167844, 44.349131277799685], [-0.1497592385167844, 44.349214611133014], [-0.15009257185011773, 44.349214611133014], [-0.15009257185011773, 44.349131277799685], [-0.15017590518345109, 44.349131277799685], [-0.15017590518345109, 44.34904794446635], [-0.1502592385167844, 44.34904794446635], [-0.1502592385167844, 44.34896461113302], [-0.15034257185011773, 44.34896461113302], [-0.15034257185011773, 44.348881277799684], [-0.1505092385167844, 44.348881277799684], [-0.1505092385167844, 44.34879794446635], [-0.15059257185011773, 44.34879794446635], [-0.15059257185011773, 44.34871461113302], [-0.1507592385167844, 44.34871461113302], [-0.1507592385167844, 44.34863127779968], [-0.1511759051834511, 44.34863127779968], [-0.1511759051834511, 44.34829794446635], [-0.1512592385167844, 44.34829794446635], [-0.1512592385167844, 44.34821461113302], [-0.15134257185011774, 44.34821461113302], [-0.15134257185011774, 44.34813127779968], [-0.1514259051834511, 44.34813127779968], [-0.1514259051834511, 44.347964611133015], [-0.1515092385167844, 44.347964611133015], [-0.1515092385167844, 44.34788127779969], [-0.15159257185011774, 44.34788127779969], [-0.15159257185011774, 44.34779794446635], [-0.1516759051834511, 44.34779794446635], [-0.1516759051834511, 44.347714611133014], [-0.1520092385167844, 44.347714611133014], [-0.1520092385167844, 44.34754794446635], [-0.1522592385167844, 44.34754794446635], [-0.1522592385167844, 44.347714611133014], [-0.15234257185011774, 44.347714611133014], [-0.15234257185011774, 44.34779794446635], [-0.1526759051834511, 44.34779794446635], [-0.1526759051834511, 44.347964611133015], [-0.15284257185011774, 44.347964611133015], [-0.15284257185011774, 44.34788127779969], [-0.1529259051834511, 44.34788127779969], [-0.1529259051834511, 44.34779794446635], [-0.1530092385167844, 44.34779794446635], [-0.1530092385167844, 44.347714611133014], [-0.15284257185011774, 44.347714611133014], [-0.15284257185011774, 44.34754794446635], [-0.1529259051834511, 44.34754794446635], [-0.1529259051834511, 44.34746461113302], [-0.1530092385167844, 44.34746461113302], [-0.1530092385167844, 44.347381277799684], [-0.15309257185011774, 44.347381277799684], [-0.15309257185011774, 44.34729794446635], [-0.1535092385167844, 44.34729794446635], [-0.1535092385167844, 44.347381277799684], [-0.15359257185011774, 44.347381277799684], [-0.15359257185011774, 44.34746461113302], [-0.1537592385167844, 44.34746461113302], [-0.1537592385167844, 44.347714611133014], [-0.1536759051834511, 44.347714611133014], [-0.1536759051834511, 44.34779794446635], [-0.15384257185011774, 44.34779794446635], [-0.15384257185011774, 44.347714611133014], [-0.1539259051834511, 44.347714611133014], [-0.1539259051834511, 44.347631277799685], [-0.1541759051834511, 44.347631277799685], [-0.1541759051834511, 44.34754794446635], [-0.1542592385167844, 44.34754794446635], [-0.1542592385167844, 44.34746461113302], [-0.15475923851678441, 44.34746461113302], [-0.15475923851678441, 44.34754794446635], [-0.1549259051834511, 44.34754794446635], [-0.1549259051834511, 44.34746461113302], [-0.15509257185011774, 44.34746461113302], [-0.15509257185011774, 44.34754794446635], [-0.15550923851678441, 44.34754794446635], [-0.15550923851678441, 44.34721461113302], [-0.15534257185011774, 44.34721461113302], [-0.15534257185011774, 44.34696461113302], [-0.15550923851678441, 44.34696461113302], [-0.15550923851678441, 44.34671461113302], [-0.15559257185011774, 44.34671461113302], [-0.15559257185011774, 44.34663127779968], [-0.1556759051834511, 44.34663127779968], [-0.1556759051834511, 44.346381277799686], [-0.15534257185011774, 44.346381277799686], [-0.15534257185011774, 44.346464611133015], [-0.15525923851678441, 44.346464611133015], [-0.15525923851678441, 44.34654794446635], [-0.15484257185011774, 44.34654794446635], [-0.15484257185011774, 44.34663127779968], [-0.1546759051834511, 44.34663127779968], [-0.1546759051834511, 44.34654794446635], [-0.15384257185011774, 44.34654794446635], [-0.15384257185011774, 44.34663127779968], [-0.1534259051834511, 44.34663127779968], [-0.1534259051834511, 44.346464611133015], [-0.1531759051834511, 44.346464611133015], [-0.1531759051834511, 44.346381277799686], [-0.15259257185011774, 44.346381277799686], [-0.15259257185011774, 44.346464611133015], [-0.1525092385167844, 44.346464611133015], [-0.1525092385167844, 44.34654794446635], [-0.1522592385167844, 44.34654794446635], [-0.1522592385167844, 44.34663127779968], [-0.1521759051834511, 44.34663127779968], [-0.1521759051834511, 44.34671461113302], [-0.15209257185011774, 44.34671461113302], [-0.15209257185011774, 44.34679794446635], [-0.1520092385167844, 44.34679794446635], [-0.1520092385167844, 44.34688127779968], [-0.1514259051834511, 44.34688127779968], [-0.1514259051834511, 44.34696461113302], [-0.1512592385167844, 44.34696461113302], [-0.1512592385167844, 44.34679794446635], [-0.1511759051834511, 44.34679794446635], [-0.1511759051834511, 44.34671461113302], [-0.1510092385167844, 44.34671461113302], [-0.1510092385167844, 44.34654794446635], [-0.1509259051834511, 44.34654794446635], [-0.1509259051834511, 44.346464611133015], [-0.1507592385167844, 44.346464611133015], [-0.1507592385167844, 44.34663127779968], [-0.1505092385167844, 44.34663127779968], [-0.1505092385167844, 44.34654794446635], [-0.1504259051834511, 44.34654794446635], [-0.1504259051834511, 44.346464611133015], [-0.1502592385167844, 44.346464611133015], [-0.1502592385167844, 44.34629794446635], [-0.15009257185011773, 44.34629794446635], [-0.15009257185011773, 44.346381277799686], [-0.1495092385167844, 44.346381277799686], [-0.1495092385167844, 44.346464611133015], [-0.14933272544957438, 44.346464611133015], [-0.1493497000000009, 44.346159199999995], [-0.15145890000000092, 44.345932499999996], [-0.15163920000000172, 44.34476219999999], [-0.15214390000000158, 44.3441356], [-0.15238199999999982, 44.34383999999999], [-0.1537945000000006, 44.3438079], [-0.15412169999999994, 44.34380039999999], [-0.15738319999999997, 44.343381999999984], [-0.1574259051834511, 44.34340220658456], [-0.1574259051834511, 44.343464611133015], [-0.1575577927709271, 44.343464611133015], [-0.15826226913112598, 44.34379794446635], [-0.1581759051834511, 44.34379794446635], [-0.1581759051834511, 44.34388127779968], [-0.15800923851678442, 44.34388127779968], [-0.15800923851678442, 44.34404794446635], [-0.1579259051834511, 44.34404794446635], [-0.1579259051834511, 44.34429794446635], [-0.1581759051834511, 44.34429794446635], [-0.1581759051834511, 44.34421461113302], [-0.15825923851678442, 44.34421461113302], [-0.15825923851678442, 44.34413127779968], [-0.15834257185011774, 44.34413127779968], [-0.15834257185011774, 44.34404794446635], [-0.15879062640125635, 44.34404794446635], [-0.1593992, 44.344335900000004], [-0.16117590518345107, 44.34435899693795], [-0.16117590518345107, 44.344631277799685], [-0.16125923851678442, 44.344631277799685], [-0.16125923851678442, 44.344714611133014], [-0.16150923851678442, 44.344714611133014], [-0.16150923851678442, 44.34479794446635], [-0.16174142250338885, 44.34479794446635], [-0.16175179999999967, 44.34503229999999], [-0.1633756999999992, 44.3449952], [-0.16337944415581868, 44.344964611133015], [-0.16367590518345107, 44.344964611133015], [-0.16367590518345107, 44.34504794446635], [-0.16375923851678442, 44.34504794446635], [-0.16375923851678442, 44.34513127779968], [-0.16384257185011775, 44.34513127779968], [-0.16384257185011775, 44.34718907865602], [-0.1626598999999997, 44.347177599999995], [-0.16240258307452873, 44.347631277799685], [-0.16234257185011775, 44.347631277799685], [-0.16234257185011775, 44.347714611133014], [-0.16200923851678442, 44.347714611133014], [-0.16200923851678442, 44.34746461113302], [-0.16192590518345107, 44.34746461113302], [-0.16192590518345107, 44.34721461113302], [-0.16167590518345107, 44.34721461113302], [-0.16167590518345107, 44.34746461113302], [-0.16159257185011774, 44.34746461113302], [-0.16159257185011774, 44.34754794446635], [-0.16150923851678442, 44.34754794446635], [-0.16150923851678442, 44.34788127779969], [-0.16226078810150613, 44.34788127779969], [-0.16222889999999912, 44.3479375], [-0.16350923851678442, 44.34806057427852], [-0.16350923851678442, 44.34813127779968], [-0.16359257185011775, 44.34813127779968], [-0.16359257185011775, 44.34821461113302], [-0.1637209711524775, 44.34821461113302], [-0.16375923851678442, 44.34827337375236], [-0.16375923851678442, 44.34829794446635], [-0.1637752394451626, 44.34829794446635], [-0.16384257185011775, 44.34840133879606], [-0.16384257185011775, 44.34971461113302], [-0.16142590518345107, 44.34971461113302], [-0.16142590518345107, 44.34963127779968], [-0.16125923851678442, 44.34963127779968], [-0.16125923851678442, 44.34971461113302], [-0.16042590518345107, 44.34971461113302], [-0.16042590518345107, 44.349464611133016], [-0.16017590518345107, 44.349464611133016], [-0.16017590518345107, 44.34904794446635], [-0.15992590518345107, 44.34904794446635]], [[-0.1529259051834511, 44.347964611133015], [-0.15309257185011774, 44.347964611133015], [-0.15309257185011774, 44.34788127779969], [-0.1529259051834511, 44.34788127779969], [-0.1529259051834511, 44.347964611133015]], [[-0.15159257185011774, 44.34579794446635], [-0.15159257185011774, 44.345881277799684], [-0.1515092385167844, 44.345881277799684], [-0.1515092385167844, 44.34596461113302], [-0.1514259051834511, 44.34596461113302], [-0.1514259051834511, 44.346131277799685], [-0.1515092385167844, 44.346131277799685], [-0.1515092385167844, 44.346214611133014], [-0.1517592385167844, 44.346214611133014], [-0.1517592385167844, 44.34629794446635], [-0.15184257185011774, 44.34629794446635], [-0.15184257185011774, 44.346381277799686], [-0.1517592385167844, 44.346381277799686], [-0.1517592385167844, 44.34654794446635], [-0.1520092385167844, 44.34654794446635], [-0.1520092385167844, 44.346381277799686], [-0.1519259051834511, 44.346381277799686], [-0.1519259051834511, 44.34629794446635], [-0.1520092385167844, 44.34629794446635], [-0.1520092385167844, 44.34604794446635], [-0.15209257185011774, 44.34604794446635], [-0.15209257185011774, 44.34571461113302], [-0.1516759051834511, 44.34571461113302], [-0.1516759051834511, 44.34579794446635], [-0.15159257185011774, 44.34579794446635]], [[-0.1526759051834511, 44.34579794446635], [-0.1526759051834511, 44.34563127779968], [-0.1525092385167844, 44.34563127779968], [-0.1525092385167844, 44.34571461113302], [-0.1524259051834511, 44.34571461113302], [-0.1524259051834511, 44.345881277799684], [-0.15284257185011774, 44.345881277799684], [-0.15284257185011774, 44.34579794446635], [-0.1526759051834511, 44.34579794446635]], [[-0.1530092385167844, 44.34804794446635], [-0.1530092385167844, 44.34813127779968], [-0.1531759051834511, 44.34813127779968], [-0.1531759051834511, 44.34804794446635], [-0.1530092385167844, 44.34804794446635]], [[-0.1537592385167844, 44.346214611133014], [-0.1537592385167844, 44.346131277799685], [-0.15384257185011774, 44.346131277799685], [-0.15384257185011774, 44.34596461113302], [-0.1536759051834511, 44.34596461113302], [-0.1536759051834511, 44.34604794446635], [-0.15359257185011774, 44.34604794446635], [-0.15359257185011774, 44.346131277799685], [-0.1535092385167844, 44.346131277799685], [-0.1535092385167844, 44.346214611133014], [-0.1537592385167844, 44.346214611133014]], [[-0.1541759051834511, 44.347964611133015], [-0.1541759051834511, 44.34804794446635], [-0.1540092385167844, 44.34804794446635], [-0.1540092385167844, 44.34813127779968], [-0.1539259051834511, 44.34813127779968], [-0.1539259051834511, 44.34829794446635], [-0.1537592385167844, 44.34829794446635], [-0.1537592385167844, 44.34838127779968], [-0.1541759051834511, 44.34838127779968], [-0.1541759051834511, 44.34829794446635], [-0.1542592385167844, 44.34829794446635], [-0.1542592385167844, 44.34821461113302], [-0.15450923851678441, 44.34821461113302], [-0.15450923851678441, 44.34813127779968], [-0.15459257185011774, 44.34813127779968], [-0.15459257185011774, 44.34804794446635], [-0.1544259051834511, 44.34804794446635], [-0.1544259051834511, 44.347964611133015], [-0.1541759051834511, 44.347964611133015]], [[-0.15459257185011774, 44.34579794446635], [-0.15459257185011774, 44.34563127779968], [-0.1544259051834511, 44.34563127779968], [-0.1544259051834511, 44.34546461113302], [-0.1542592385167844, 44.34546461113302], [-0.1542592385167844, 44.34554794446635], [-0.1541759051834511, 44.34554794446635], [-0.1541759051834511, 44.34571461113302], [-0.15434257185011774, 44.34571461113302], [-0.15434257185011774, 44.34579794446635], [-0.15459257185011774, 44.34579794446635]], [[-0.15484257185011774, 44.34788127779969], [-0.15484257185011774, 44.347964611133015], [-0.15500923851678441, 44.347964611133015], [-0.15500923851678441, 44.34788127779969], [-0.15484257185011774, 44.34788127779969]], [[-0.1554259051834511, 44.34788127779969], [-0.1554259051834511, 44.34829794446635], [-0.15559257185011774, 44.34829794446635], [-0.15559257185011774, 44.34838127779968], [-0.1556759051834511, 44.34838127779968], [-0.1556759051834511, 44.34846461113302], [-0.1559259051834511, 44.34846461113302], [-0.1559259051834511, 44.34804794446635], [-0.15600923851678442, 44.34804794446635], [-0.15600923851678442, 44.347714611133014], [-0.15584257185011774, 44.347714611133014], [-0.15584257185011774, 44.347631277799685], [-0.15575923851678442, 44.347631277799685], [-0.15575923851678442, 44.34754794446635], [-0.15559257185011774, 44.34754794446635], [-0.15559257185011774, 44.34788127779969], [-0.1554259051834511, 44.34788127779969]], [[-0.15625923851678442, 44.34679794446635], [-0.15625923851678442, 44.34688127779968], [-0.1564259051834511, 44.34688127779968], [-0.1564259051834511, 44.34671461113302], [-0.15634257185011774, 44.34671461113302], [-0.15634257185011774, 44.34679794446635], [-0.15625923851678442, 44.34679794446635]], [[-0.1576759051834511, 44.34563127779968], [-0.1576759051834511, 44.34571461113302], [-0.1581759051834511, 44.34571461113302], [-0.1581759051834511, 44.34563127779968], [-0.15825923851678442, 44.34563127779968], [-0.15825923851678442, 44.34529794446635], [-0.15784257185011774, 44.34529794446635], [-0.15784257185011774, 44.34538127779968], [-0.1576759051834511, 44.34538127779968], [-0.1576759051834511, 44.34546461113302], [-0.15759257185011774, 44.34546461113302], [-0.15759257185011774, 44.34563127779968], [-0.1576759051834511, 44.34563127779968]], [[-0.15800923851678442, 44.347714611133014], [-0.15800923851678442, 44.347631277799685], [-0.15784257185011774, 44.347631277799685], [-0.15784257185011774, 44.347714611133014], [-0.15775923851678442, 44.347714611133014], [-0.15775923851678442, 44.34779794446635], [-0.1579259051834511, 44.34779794446635], [-0.1579259051834511, 44.347714611133014], [-0.15800923851678442, 44.347714611133014]], [[-0.1586759051834511, 44.34788127779969], [-0.1586759051834511, 44.347964611133015], [-0.15875923851678442, 44.347964611133015], [-0.15875923851678442, 44.34788127779969], [-0.1586759051834511, 44.34788127779969]], [[-0.15959257185011774, 44.34804794446635], [-0.15959257185011774, 44.347964611133015], [-0.15942590518345107, 44.347964611133015], [-0.15942590518345107, 44.34804794446635], [-0.15934257185011774, 44.34804794446635], [-0.15934257185011774, 44.34813127779968], [-0.15975923851678442, 44.34813127779968], [-0.15975923851678442, 44.34804794446635], [-0.15959257185011774, 44.34804794446635]], [[-0.16042590518345107, 44.34788127779969], [-0.16042590518345107, 44.347964611133015], [-0.16034257185011774, 44.347964611133015], [-0.16034257185011774, 44.34804794446635], [-0.16025923851678442, 44.34804794446635], [-0.16025923851678442, 44.34813127779968], [-0.16059257185011774, 44.34813127779968], [-0.16059257185011774, 44.34788127779969], [-0.16042590518345107, 44.34788127779969]], [[-0.16092590518345107, 44.34788127779969], [-0.16092590518345107, 44.347964611133015], [-0.16109257185011774, 44.347964611133015], [-0.16109257185011774, 44.34788127779969], [-0.16092590518345107, 44.34788127779969]], [[-0.16317590518345107, 44.346381277799686], [-0.16317590518345107, 44.34654794446635], [-0.16334257185011775, 44.34654794446635], [-0.16334257185011775, 44.346381277799686], [-0.16317590518345107, 44.346381277799686]]]}}, {"type": "Feature", "properties": {"klasse": "Acker"}, "geometry": {"type": "Polygon", "coordinates": [[[-0.15459257185011774, 44.34671461113302], [-0.1546759051834511, 44.34671461113302], [-0.1546759051834511, 44.34696461113302], [-0.15450923851678441, 44.34696461113302], [-0.15450923851678441, 44.34704794446635], [-0.1542592385167844, 44.34704794446635], [-0.1542592385167844, 44.34713127779968], [-0.15384257185011774, 44.34713127779968], [-0.15384257185011774, 44.34704794446635], [-0.1539259051834511, 44.34704794446635], [-0.1539259051834511, 44.34696461113302], [-0.1540092385167844, 44.34696461113302], [-0.1540092385167844, 44.34688127779968], [-0.15434257185011774, 44.34688127779968], [-0.15434257185011774, 44.34679794446635], [-0.15459257185011774, 44.34679794446635], [-0.15459257185011774, 44.34671461113302]]]}}, {"type": "Feature", "properties": {"klasse": "Acker"}, "geometry": {"type": "Polygon", "coordinates": [[[-0.15509257185011774, 44.34696461113302], [-0.15509257185011774, 44.34688127779968], [-0.1551759051834511, 44.34688127779968], [-0.1551759051834511, 44.34696461113302], [-0.15509257185011774, 44.34696461113302]]]}}, {"type": "Feature", "properties": {"klasse": "Acker"}, "geometry": {"type": "Polygon", "coordinates": [[[-0.14884257185011773, 44.34786226601788], [-0.14884257185011773, 44.34804794446635], [-0.1487592385167844, 44.34804794446635], [-0.1487592385167844, 44.347964611133015], [-0.14875803176090047, 44.347964611133015], [-0.14884257185011773, 44.34786226601788]]]}}, {"type": "Feature", "properties": {"klasse": "Acker"}, "geometry": {"type": "Polygon", "coordinates": [[[-0.1482592385167844, 44.34863127779968], [-0.14820734539542613, 44.34863127779968], [-0.14848268857816038, 44.34829794446635], [-0.14859257185011776, 44.34829794446635], [-0.14859257185011776, 44.34838127779968], [-0.14867590518345108, 44.34838127779968], [-0.14867590518345108, 44.34846461113302], [-0.14859257185011776, 44.34846461113302], [-0.14859257185011776, 44.34854794446635], [-0.1485092385167844, 44.34854794446635], [-0.1485092385167844, 44.34871461113302], [-0.1482592385167844, 44.34871461113302], [-0.1482592385167844, 44.34863127779968]]]}}, {"type": "Feature", "properties": {"klasse": "Acker"}, "geometry": {"type": "Polygon", "coordinates": [[[-0.15975923851678442, 44.34963127779968], [-0.15984257185011774, 44.34963127779968], [-0.15984257185011774, 44.34954794446635], [-0.15992590518345107, 44.34954794446635], [-0.15992590518345107, 44.34963127779968], [-0.16017590518345107, 44.34963127779968], [-0.16017590518345107, 44.34971461113302], [-0.15975923851678442, 44.34971461113302], [-0.15975923851678442, 44.34963127779968]]]}}, {"type": "Feature", "properties": {"klasse": "Acker"}, "geometry": {"type": "Polygon", "coordinates": [[[-0.11092590518345108, 44.294464611133016], [-0.11084257185011775, 44.294464611133016], [-0.11084257185011775, 44.29438127779969], [-0.11142590518345108, 44.29438127779969], [-0.11142590518345108, 44.294464611133016], [-0.11125923851678442, 44.294464611133016], [-0.11125923851678442, 44.29454794446635], [-0.11092590518345108, 44.29454794446635], [-0.11092590518345108, 44.294464611133016]]]}}, {"type": "Feature", "properties": {"klasse": "Acker"}, "geometry": {"type": "Polygon", "coordinates": [[[-0.11692590518345108, 44.29629794446635], [-0.11667590518345108, 44.29629794446635], [-0.11667590518345108, 44.29638127779968], [-0.11642590518345108, 44.29638127779968], [-0.11642590518345108, 44.29646461113302], [-0.11617590518345108, 44.29646461113302], [-0.11617590518345108, 44.29654794446635], [-0.11517590518345108, 44.29654794446635], [-0.11517590518345108, 44.29663127779968], [-0.11534257185011774, 44.29663127779968], [-0.11534257185011774, 44.29696461113301], [-0.11517590518345108, 44.29696461113301], [-0.11517590518345108, 44.29704794446635], [-0.11509257185011774, 44.29704794446635], [-0.11509257185011774, 44.296881277799685], [-0.1150092385167844, 44.296881277799685], [-0.1150092385167844, 44.29696461113301], [-0.11467590518345108, 44.29696461113301], [-0.11467590518345108, 44.29704794446635], [-0.1145092385167844, 44.29704794446635], [-0.1145092385167844, 44.297131277799686], [-0.11442590518345108, 44.297131277799686], [-0.11442590518345108, 44.297214611133015], [-0.11434257185011776, 44.297214611133015], [-0.11434257185011776, 44.29729794446635], [-0.11417590518345108, 44.29729794446635], [-0.11417590518345108, 44.297214611133015], [-0.11384257185011776, 44.297214611133015], [-0.11384257185011776, 44.297131277799686], [-0.11359257185011776, 44.297131277799686], [-0.11359257185011776, 44.29704794446635], [-0.11351656365522454, 44.29704794446635], [-0.11343689999999948, 44.29649140000001], [-0.11309257185011776, 44.2963773901453], [-0.11309257185011776, 44.29629794446635], [-0.11317590518345108, 44.29629794446635], [-0.11317590518345108, 44.29621461113302], [-0.11342590518345108, 44.29621461113302], [-0.11342590518345108, 44.29613127779968], [-0.11359257185011776, 44.29613127779968], [-0.11359257185011776, 44.29621461113302], [-0.1137592385167844, 44.29621461113302], [-0.1137592385167844, 44.29629794446635], [-0.11384257185011776, 44.29629794446635], [-0.11384257185011776, 44.29604794446635], [-0.11284257185011776, 44.29604794446635], [-0.11284257185011776, 44.295964611133016], [-0.11259257185011776, 44.295964611133016], [-0.11259257185011776, 44.29588127779969], [-0.1125092385167844, 44.29588127779969], [-0.1125092385167844, 44.29579794446635], [-0.11234257185011776, 44.29579794446635], [-0.11234257185011776, 44.295714611133015], [-0.11242590518345108, 44.295714611133015], [-0.11242590518345108, 44.295631277799686], [-0.1125092385167844, 44.295631277799686], [-0.1125092385167844, 44.29554794446635], [-0.11259257185011776, 44.29554794446635], [-0.11259257185011776, 44.29546461113301], [-0.11267590518345108, 44.29546461113301], [-0.11267590518345108, 44.295381277799684], [-0.1127592385167844, 44.295381277799684], [-0.1127592385167844, 44.29529794446635], [-0.11284257185011776, 44.29529794446635], [-0.11284257185011776, 44.29521461113302], [-0.11292590518345108, 44.29521461113302], [-0.11292590518345108, 44.29504794446635], [-0.1130092385167844, 44.29504794446635], [-0.1130092385167844, 44.29496461113302], [-0.11309257185011776, 44.29496461113302], [-0.11309257185011776, 44.29488127779968], [-0.11342590518345108, 44.29488127779968], [-0.11342590518345108, 44.29496461113302], [-0.1137592385167844, 44.29496461113302], [-0.1137592385167844, 44.29488127779968], [-0.11384257185011776, 44.29488127779968], [-0.11384257185011776, 44.29479794446635], [-0.11392590518345108, 44.29479794446635], [-0.11392590518345108, 44.29471461113302], [-0.1140092385167844, 44.29471461113302], [-0.1140092385167844, 44.29463127779968], [-0.11417590518345108, 44.29463127779968], [-0.11417590518345108, 44.29454794446635], [-0.11442590518345108, 44.29454794446635], [-0.11442590518345108, 44.29438127779969], [-0.1152592385167844, 44.29438127779969], [-0.1152592385167844, 44.294464611133016], [-0.11517590518345108, 44.294464611133016], [-0.11517590518345108, 44.29463127779968], [-0.11509257185011774, 44.29463127779968], [-0.11509257185011774, 44.29479794446635], [-0.1150092385167844, 44.29479794446635], [-0.1150092385167844, 44.29529794446635], [-0.1152592385167844, 44.29529794446635], [-0.1152592385167844, 44.295381277799684], [-0.11559257185011775, 44.295381277799684], [-0.11559257185011775, 44.29531884392872], [-0.11592590518345108, 44.29534116523738], [-0.11592590518345108, 44.295381277799684], [-0.11642590518345108, 44.295381277799684], [-0.11642590518345108, 44.29546461113301], [-0.11650923851678441, 44.29546461113301], [-0.11650923851678441, 44.29554794446635], [-0.11675923851678441, 44.29554794446635], [-0.11675923851678441, 44.295631277799686], [-0.11842590518345109, 44.295631277799686], [-0.11842590518345109, 44.29554794446635], [-0.11850923851678441, 44.29554794446635], [-0.11850923851678441, 44.29551415537947], [-0.11867590518345109, 44.2955253160338], [-0.11867590518345109, 44.29554794446635], [-0.11875923851678441, 44.29554794446635], [-0.11875923851678441, 44.295631277799686], [-0.11882967129735054, 44.295631277799686], [-0.11873584659615616, 44.29613127779968], [-0.11842590518345109, 44.29613127779968], [-0.11842590518345109, 44.29621461113302], [-0.11834257185011775, 44.29621461113302], [-0.11834257185011775, 44.29629794446635], [-0.11817590518345109, 44.29629794446635], [-0.11817590518345109, 44.29638127779968], [-0.11734257185011775, 44.29638127779968], [-0.11734257185011775, 44.29621461113302], [-0.11692590518345108, 44.29621461113302], [-0.11692590518345108, 44.29629794446635]]]}}, {"type": "Feature", "properties": {"klasse": "Acker"}, "geometry": {"type": "Polygon", "coordinates": [[[-0.13917590518345108, 44.29904794446635], [-0.13917590518345108, 44.29921461113302], [-0.1392592385167844, 44.29921461113302], [-0.1392592385167844, 44.29929794446635], [-0.13942590518345108, 44.29929794446635], [-0.13942590518345108, 44.29938127779968], [-0.13950923851678443, 44.29938127779968], [-0.13950923851678443, 44.29971461113302], [-0.13942590518345108, 44.29971461113302], [-0.13942590518345108, 44.29979794446635], [-0.13934257185011775, 44.29979794446635], [-0.13934257185011775, 44.299881277799685], [-0.13917590518345108, 44.299881277799685], [-0.13917590518345108, 44.299964611133014], [-0.13892590518345108, 44.299964611133014], [-0.13892590518345108, 44.30004794446635], [-0.13884257185011775, 44.30004794446635], [-0.13884257185011775, 44.300131277799686], [-0.13867590518345108, 44.300131277799686], [-0.13867590518345108, 44.300214611133015], [-0.13842590518345108, 44.300214611133015], [-0.13842590518345108, 44.30029794446635], [-0.1382592385167844, 44.30029794446635], [-0.1382592385167844, 44.300214611133015], [-0.13809257185011775, 44.300214611133015], [-0.13809257185011775, 44.30004794446635], [-0.13817590518345108, 44.30004794446635], [-0.13817590518345108, 44.299964611133014], [-0.13834257185011775, 44.299964611133014], [-0.13834257185011775, 44.29971461113302], [-0.13842590518345108, 44.29971461113302], [-0.13842590518345108, 44.29963127779968], [-0.13850923851678443, 44.29963127779968], [-0.13850923851678443, 44.29929794446635], [-0.13834257185011775, 44.29929794446635], [-0.13834257185011775, 44.29938127779968], [-0.1382592385167844, 44.29938127779968], [-0.1382592385167844, 44.29946461113302], [-0.13809257185011775, 44.29946461113302], [-0.13809257185011775, 44.29954794446635], [-0.13784257185011775, 44.29954794446635], [-0.13784257185011775, 44.29946461113302], [-0.1377592385167844, 44.29946461113302], [-0.1377592385167844, 44.29938127779968], [-0.13759257185011775, 44.29938127779968], [-0.13759257185011775, 44.29946461113302], [-0.13734257185011775, 44.29946461113302], [-0.13734257185011775, 44.29954794446635], [-0.13717590518345107, 44.29954794446635], [-0.13717590518345107, 44.29963127779968], [-0.13709257185011775, 44.29963127779968], [-0.13709257185011775, 44.299944352584], [-0.13659257185011775, 44.29976839013331], [-0.13659257185011775, 44.29971461113302], [-0.13667590518345107, 44.29971461113302], [-0.13667590518345107, 44.29963127779968], [-0.13684257185011775, 44.29963127779968], [-0.13684257185011775, 44.29954794446635], [-0.13700923851678443, 44.29954794446635], [-0.13700923851678443, 44.29938127779968], [-0.13692590518345107, 44.29938127779968], [-0.13692590518345107, 44.29929794446635], [-0.13679614781259294, 44.29929794446635], [-0.13755292542565914, 44.2983243047248], [-0.13790781502582014, 44.29839607377242], [-0.13822900682690545, 44.29849100596283], [-0.13823680866258028, 44.298492996369774], [-0.13824447695444894, 44.298495238533505], [-0.138251281237339, 44.29849668861792], [-0.13825796932781248, 44.298498394885804], [-0.13826600524729613, 44.29849982650292], [-0.13827394262537268, 44.29850151806519], [-0.13828091205208845, 44.29850248218369], [-0.13828780080945804, 44.2985037094313], [-0.13829599342115736, 44.29850456847108], [-0.13830412344391, 44.29850569314112], [-0.13852942427043974, 44.29852869324938], [-0.13853243057565923, 44.29852889268708], [-0.1385354056356258, 44.29852926170089], [-0.13859257185011775, 44.29853429247695], [-0.13859257185011775, 44.298631277799686], [-0.13867590518345108, 44.298631277799686], [-0.13867590518345108, 44.298714611133015], [-0.1387592385167844, 44.298714611133015], [-0.1387592385167844, 44.29879794446635], [-0.13892590518345108, 44.29879794446635], [-0.13892590518345108, 44.29888127779968], [-0.13900923851678443, 44.29888127779968], [-0.13900923851678443, 44.29904794446635], [-0.13917590518345108, 44.29904794446635]]]}}, {"type": "Feature", "properties": {"klasse": "Acker"}, "geometry": {"type": "Polygon", "coordinates": [[[-0.13738692977121109, 44.30004794446635], [-0.13742590518345107, 44.30004794446635], [-0.13742590518345107, 44.30006166088446], [-0.13738692977121109, 44.30004794446635]]]}}, {"type": "Feature", "properties": {"klasse": "Acker"}, "geometry": {"type": "Polygon", "coordinates": [[[-0.12784257185011774, 44.30338127779968], [-0.12790806055510365, 44.30338127779968], [-0.12799368994462607, 44.30354794446635], [-0.12775923851678442, 44.30354794446635], [-0.12775923851678442, 44.303464611133016], [-0.12784257185011774, 44.303464611133016], [-0.12784257185011774, 44.30338127779968]]]}}, {"type": "Feature", "properties": {"klasse": "Acker"}, "geometry": {"type": "Polygon", "coordinates": [[[-0.12734257185011774, 44.30371461113302], [-0.12734257185011774, 44.30379794446635], [-0.12725923851678442, 44.30379794446635], [-0.12725923851678442, 44.30388127779968], [-0.1274259051834511, 44.30388127779968], [-0.1274259051834511, 44.30396461113302], [-0.12734257185011774, 44.30396461113302], [-0.12734257185011774, 44.30404794446635], [-0.12725923851678442, 44.30404794446635], [-0.12725923851678442, 44.30429794446635], [-0.12717590518345107, 44.30429794446635], [-0.12717590518345107, 44.304381277799685], [-0.12709257185011774, 44.304381277799685], [-0.12709257185011774, 44.304631277799686], [-0.1269259051834511, 44.304631277799686], [-0.1269259051834511, 44.304714611133015], [-0.1264259051834511, 44.304714611133015], [-0.1264259051834511, 44.30479794446635], [-0.12634257185011774, 44.30479794446635], [-0.12634257185011774, 44.30488127779968], [-0.12625923851678442, 44.30488127779968], [-0.12625923851678442, 44.304964611133016], [-0.12617590518345106, 44.304964611133016], [-0.12617590518345106, 44.30529794446635], [-0.1259259051834511, 44.30529794446635], [-0.1259259051834511, 44.30513127779968], [-0.12584257185011774, 44.30513127779968], [-0.12584257185011774, 44.304964611133016], [-0.1259259051834511, 44.304964611133016], [-0.1259259051834511, 44.30479794446635], [-0.12600923851678442, 44.30479794446635], [-0.12600923851678442, 44.30454794446635], [-0.12584257185011774, 44.30454794446635], [-0.12584257185011774, 44.304464611133014], [-0.12559257185011774, 44.304464611133014], [-0.12559257185011774, 44.304381277799685], [-0.12550923851678442, 44.304381277799685], [-0.12550923851678442, 44.30396461113302], [-0.12559257185011774, 44.30396461113302], [-0.12559257185011774, 44.30388127779968], [-0.12567590518345106, 44.30388127779968], [-0.12567590518345106, 44.30354794446635], [-0.12575923851678442, 44.30354794446635], [-0.12575923851678442, 44.303464611133016], [-0.12584257185011774, 44.303464611133016], [-0.12584257185011774, 44.30338953451823], [-0.12591588992303251, 44.30338127779968], [-0.12617590518345106, 44.30338127779968], [-0.12617590518345106, 44.303464611133016], [-0.12634257185011774, 44.303464611133016], [-0.12634257185011774, 44.30338127779968], [-0.12650923851678442, 44.30338127779968], [-0.12650923851678442, 44.30331445781727], [-0.12759257185011774, 44.30319245817822], [-0.12759257185011774, 44.303214611133015], [-0.1274259051834511, 44.303214611133015], [-0.1274259051834511, 44.30338127779968], [-0.12734257185011774, 44.30338127779968], [-0.12734257185011774, 44.303464611133016], [-0.1274259051834511, 44.303464611133016], [-0.1274259051834511, 44.30354794446635], [-0.12750923851678442, 44.30354794446635], [-0.12750923851678442, 44.30371461113302], [-0.12734257185011774, 44.30371461113302]]]}}, {"type": "Feature", "properties": {"klasse": "Acker"}, "geometry": {"type": "Polygon", "coordinates": [[[-0.12834257185011774, 44.30554794446635], [-0.12834257185011774, 44.30546461113302], [-0.1279259051834511, 44.30546461113302], [-0.1279259051834511, 44.30504794446635], [-0.12800923851678442, 44.30504794446635], [-0.12800923851678442, 44.304964611133016], [-0.12817590518345107, 44.304964611133016], [-0.12817590518345107, 44.30488127779968], [-0.12834257185011774, 44.30488127779968], [-0.12834257185011774, 44.30479794446635], [-0.1284259051834511, 44.30479794446635], [-0.1284259051834511, 44.304714611133015], [-0.12850923851678442, 44.304714611133015], [-0.12850923851678442, 44.304631277799686], [-0.12859257185011774, 44.304631277799686], [-0.12859257185011774, 44.304464611133014], [-0.12850923851678442, 44.304464611133014], [-0.12850923851678442, 44.30421461113302], [-0.12834257185011774, 44.30421461113302], [-0.12834257185011774, 44.304131277799684], [-0.1284259051834511, 44.304131277799684], [-0.1284259051834511, 44.30396461113302], [-0.12850923851678442, 44.30396461113302], [-0.12850923851678442, 44.30388127779968], [-0.12859257185011774, 44.30388127779968], [-0.12859257185011774, 44.30379794446635], [-0.12875923851678442, 44.30379794446635], [-0.12875923851678442, 44.30374342822204], [-0.12885977530260745, 44.30371461113302], [-0.12909257185011774, 44.30371461113302], [-0.12909257185011774, 44.30364788412579], [-0.12915050784252377, 44.30363127779968], [-0.12950923851678442, 44.30363127779968], [-0.12950923851678442, 44.30371461113302], [-0.12967590518345107, 44.30371461113302], [-0.12967590518345107, 44.30363127779968], [-0.13000923851678442, 44.30363127779968], [-0.13000923851678442, 44.30354794446635], [-0.13067590518345107, 44.30354794446635], [-0.13067590518345107, 44.30363127779968], [-0.13100923851678442, 44.30363127779968], [-0.13100923851678442, 44.30379794446635], [-0.13117590518345107, 44.30379794446635], [-0.13117590518345107, 44.304131277799684], [-0.13109257185011775, 44.304131277799684], [-0.13109257185011775, 44.30421461113302], [-0.13100923851678442, 44.30421461113302], [-0.13100923851678442, 44.304381277799685], [-0.1309259051834511, 44.304381277799685], [-0.1309259051834511, 44.30429794446635], [-0.1304259051834511, 44.30429794446635], [-0.1304259051834511, 44.304381277799685], [-0.13037520479453144, 44.304381277799685], [-0.13028760000000061, 44.3043625], [-0.12952625458287548, 44.30554794446635], [-0.12950923851678442, 44.30554794446635], [-0.12950923851678442, 44.30557443914397], [-0.1294727341918066, 44.305631277799684], [-0.1294259051834511, 44.305631277799684], [-0.1294259051834511, 44.30570419238953], [-0.12936569340967335, 44.30579794446635], [-0.12884257185011774, 44.30579794446635], [-0.12884257185011774, 44.30571461113302], [-0.12867590518345107, 44.30571461113302], [-0.12867590518345107, 44.305631277799684], [-0.12859257185011774, 44.305631277799684], [-0.12859257185011774, 44.30554794446635], [-0.12834257185011774, 44.30554794446635]]]}}, {"type": "Feature", "properties": {"klasse": "Acker"}, "geometry": {"type": "Polygon", "coordinates": [[[-0.12525923851678442, 44.307631277799686], [-0.12517590518345106, 44.307631277799686], [-0.12517590518345106, 44.30779794446635], [-0.12492590518345109, 44.30779794446635], [-0.12492590518345109, 44.30788127779968], [-0.12442590518345109, 44.30788127779968], [-0.12442590518345109, 44.30779794446635], [-0.12417590518345109, 44.30779794446635], [-0.12417590518345109, 44.307714611133015], [-0.12409257185011774, 44.307714611133015], [-0.12409257185011774, 44.30754794446635], [-0.12392590518345109, 44.30754794446635], [-0.12392590518345109, 44.307381277799685], [-0.12388063151897416, 44.307381277799685], [-0.12441290000000114, 44.30532809999999], [-0.12414204563592261, 44.30521461113302], [-0.12417590518345109, 44.30521461113302], [-0.12417590518345109, 44.30513127779968], [-0.12425923851678441, 44.30513127779968], [-0.12425923851678441, 44.30504794446635], [-0.12442590518345109, 44.30504794446635], [-0.12442590518345109, 44.30488127779968], [-0.12434257185011774, 44.30488127779968], [-0.12434257185011774, 44.30479794446635], [-0.12425923851678441, 44.30479794446635], [-0.12425923851678441, 44.30488127779968], [-0.12417590518345109, 44.30488127779968], [-0.12417590518345109, 44.304964611133016], [-0.12367590518345109, 44.304964611133016], [-0.12367590518345109, 44.30488127779968], [-0.12349184706233454, 44.30488127779968], [-0.12357070716083213, 44.304714611133015], [-0.12359257185011774, 44.304714611133015], [-0.12359257185011774, 44.30466840126326], [-0.12361013721007924, 44.304631277799686], [-0.12367590518345109, 44.304631277799686], [-0.12367590518345109, 44.30454794446635], [-0.12384257185011774, 44.30454794446635], [-0.12384257185011774, 44.304464611133014], [-0.12425923851678441, 44.304464611133014], [-0.12425923851678441, 44.30454794446635], [-0.12434257185011774, 44.30454794446635], [-0.12434257185011774, 44.304631277799686], [-0.12450923851678442, 44.304631277799686], [-0.12450923851678442, 44.304714611133015], [-0.12442590518345109, 44.304714611133015], [-0.12442590518345109, 44.30479794446635], [-0.12467590518345109, 44.30479794446635], [-0.12467590518345109, 44.304714611133015], [-0.12492590518345109, 44.304714611133015], [-0.12492590518345109, 44.304631277799686], [-0.12509257185011774, 44.304631277799686], [-0.12509257185011774, 44.30454794446635], [-0.1254259051834511, 44.30454794446635], [-0.1254259051834511, 44.304464611133014], [-0.12550923851678442, 44.304464611133014], [-0.12550923851678442, 44.30454794446635], [-0.12559257185011774, 44.30454794446635], [-0.12559257185011774, 44.30479794446635], [-0.12567590518345106, 44.30479794446635], [-0.12567590518345106, 44.30521461113302], [-0.12559257185011774, 44.30521461113302], [-0.12559257185011774, 44.30529794446635], [-0.12550923851678442, 44.30529794446635], [-0.12550923851678442, 44.30538127779968], [-0.1254259051834511, 44.30538127779968], [-0.1254259051834511, 44.30571461113302], [-0.12567590518345106, 44.30571461113302], [-0.12567590518345106, 44.30554794446635], [-0.12575923851678442, 44.30554794446635], [-0.12575923851678442, 44.30546461113302], [-0.1259259051834511, 44.30546461113302], [-0.1259259051834511, 44.30554794446635], [-0.12609257185011774, 44.30554794446635], [-0.12609257185011774, 44.305631277799684], [-0.12600923851678442, 44.305631277799684], [-0.12600923851678442, 44.30634073873966], [-0.1258510000000012, 44.306378699999996], [-0.12577331034055786, 44.30688127779968], [-0.12567590518345106, 44.30688127779968], [-0.12567590518345106, 44.30696461113302], [-0.12559257185011774, 44.30696461113302], [-0.12559257185011774, 44.30729794446635], [-0.1254259051834511, 44.30729794446635], [-0.1254259051834511, 44.307464611133014], [-0.12534257185011774, 44.307464611133014], [-0.12534257185011774, 44.30754794446635], [-0.12525923851678442, 44.30754794446635], [-0.12525923851678442, 44.307631277799686]]]}}, {"type": "Feature", "properties": {"klasse": "Acker"}, "geometry": {"type": "Polygon", "coordinates": [[[-0.12925923851678442, 44.30654794446635], [-0.1294259051834511, 44.30654794446635], [-0.1294259051834511, 44.30671461113302], [-0.12950923851678442, 44.30671461113302], [-0.12950923851678442, 44.306797944466354], [-0.12959257185011774, 44.306797944466354], [-0.12959257185011774, 44.307131277799684], [-0.12934257185011774, 44.307131277799684], [-0.12934257185011774, 44.30704794446635], [-0.12884257185011774, 44.30704794446635], [-0.12884257185011774, 44.30671461113302], [-0.1289259051834511, 44.30671461113302], [-0.1289259051834511, 44.30654794446635], [-0.12900923851678442, 44.30654794446635], [-0.12900923851678442, 44.306464611133016], [-0.12925923851678442, 44.306464611133016], [-0.12925923851678442, 44.30654794446635]]]}}, {"type": "Feature", "properties": {"klasse": "Acker"}, "geometry": {"type": "Polygon", "coordinates": [[[-0.12550923851678442, 44.30846461113302], [-0.12525923851678442, 44.30846461113302], [-0.12525923851678442, 44.30821461113302], [-0.1254259051834511, 44.30821461113302], [-0.1254259051834511, 44.30813127779968], [-0.1255800823978101, 44.30813127779968], [-0.12556720053495982, 44.30821461113302], [-0.12550923851678442, 44.30821461113302], [-0.12550923851678442, 44.30846461113302]]]}}, {"type": "Feature", "properties": {"klasse": "Acker"}, "geometry": {"type": "Polygon", "coordinates": [[[-0.12475923851678442, 44.31079794446635], [-0.12500923851678442, 44.31079794446635], [-0.12500923851678442, 44.31085763598959], [-0.12475923851678442, 44.31087964275485], [-0.12475923851678442, 44.31079794446635]]]}}, {"type": "Feature", "properties": {"klasse": "Acker"}, "geometry": {"type": "Polygon", "coordinates": [[[-0.1415092385167844, 44.31104794446635], [-0.14167590518345108, 44.31104794446635], [-0.14167590518345108, 44.31121461113302], [-0.14184257185011775, 44.31121461113302], [-0.14184257185011775, 44.31129794446635], [-0.14192590518345108, 44.31129794446635], [-0.14192590518345108, 44.31154794446635], [-0.14159257185011775, 44.31154794446635], [-0.14159257185011775, 44.31146461113302], [-0.14142590518345108, 44.31146461113302], [-0.14142590518345108, 44.31129794446635], [-0.14134257185011775, 44.31129794446635], [-0.14134257185011775, 44.31121461113302], [-0.14142590518345108, 44.31121461113302], [-0.14142590518345108, 44.31113127779968], [-0.1415092385167844, 44.31113127779968], [-0.1415092385167844, 44.31104794446635]]]}}, {"type": "Feature", "properties": {"klasse": "Acker"}, "geometry": {"type": "Polygon", "coordinates": [[[-0.12075923851678441, 44.31113127779968], [-0.12075923851678441, 44.31129794446635], [-0.12084257185011775, 44.31129794446635], [-0.12084257185011775, 44.31154794446635], [-0.1204381344947349, 44.31154794446635], [-0.12060309999999996, 44.3110782], [-0.12067590518345109, 44.31108702051995], [-0.12067590518345109, 44.31113127779968], [-0.12075923851678441, 44.31113127779968]]]}}, {"type": "Feature", "properties": {"klasse": "Acker"}, "geometry": {"type": "Polygon", "coordinates": [[[-0.14067590518345108, 44.311631277799684], [-0.1407592385167844, 44.311631277799684], [-0.1407592385167844, 44.31154794446635], [-0.14092590518345108, 44.31154794446635], [-0.14092590518345108, 44.31171461113302], [-0.1407592385167844, 44.31171461113302], [-0.1407592385167844, 44.31179794446635], [-0.14067590518345108, 44.31179794446635], [-0.14067590518345108, 44.311631277799684]]]}}, {"type": "Feature", "properties": {"klasse": "Acker"}, "geometry": {"type": "Polygon", "coordinates": [[[-0.12709257185011774, 44.31554794446635], [-0.12659257185011774, 44.31554794446635], [-0.12659257185011774, 44.31538127779968], [-0.1264259051834511, 44.31538127779968], [-0.1264259051834511, 44.31529794446635], [-0.12650923851678442, 44.31529794446635], [-0.12650923851678442, 44.315214611133015], [-0.12684257185011774, 44.315214611133015], [-0.12684257185011774, 44.31529794446635], [-0.12709257185011774, 44.31529794446635], [-0.12709257185011774, 44.31554794446635]]]}}, {"type": "Feature", "properties": {"klasse": "Acker"}, "geometry": {"type": "Polygon", "coordinates": [[[-0.13584257185011775, 44.31571461113302], [-0.13617590518345107, 44.31571461113302], [-0.13617590518345107, 44.31579794446635], [-0.13584257185011775, 44.31579794446635], [-0.13584257185011775, 44.31571461113302]]]}}, {"type": "Feature", "properties": {"klasse": "Acker"}, "geometry": {"type": "Polygon", "coordinates": [[[-0.11742590518345108, 44.31888127779968], [-0.11742590518345108, 44.31891289113511], [-0.11653120000000027, 44.318834599999995], [-0.11613630000000072, 44.31776049999999], [-0.11509257185011774, 44.317499123094784], [-0.11509257185011774, 44.31738127779968], [-0.11492590518345108, 44.31738127779968], [-0.11492590518345108, 44.31713127779968], [-0.1150092385167844, 44.31713127779968], [-0.1150092385167844, 44.31704794446635], [-0.1152592385167844, 44.31704794446635], [-0.1152592385167844, 44.31713127779968], [-0.11534257185011774, 44.31713127779968], [-0.11534257185011774, 44.31704794446635], [-0.11542590518345108, 44.31704794446635], [-0.11542590518345108, 44.31696461113302], [-0.11550923851678441, 44.31696461113302], [-0.11550923851678441, 44.31704794446635], [-0.11559257185011775, 44.31704794446635], [-0.11559257185011775, 44.31663127779969], [-0.11567590518345108, 44.31663127779969], [-0.11567590518345108, 44.31654794446635], [-0.11575923851678441, 44.31654794446635], [-0.11575923851678441, 44.31663127779969], [-0.11584257185011775, 44.31663127779969], [-0.11584257185011775, 44.316714611133015], [-0.11609257185011775, 44.316714611133015], [-0.11609257185011775, 44.316464611133014], [-0.11617590518345108, 44.316464611133014], [-0.11617590518345108, 44.316381277799685], [-0.11625923851678441, 44.316381277799685], [-0.11625923851678441, 44.31629794446635], [-0.11592590518345108, 44.31629794446635], [-0.11592590518345108, 44.316381277799685], [-0.11575923851678441, 44.316381277799685], [-0.11575923851678441, 44.31629794446635], [-0.11559257185011775, 44.31629794446635], [-0.11559257185011775, 44.316131277799684], [-0.11575923851678441, 44.316131277799684], [-0.11575923851678441, 44.31604794446635], [-0.11592590518345108, 44.31604794446635], [-0.11592590518345108, 44.31596461113302], [-0.11600923851678441, 44.31596461113302], [-0.11600923851678441, 44.31588127779968], [-0.11609257185011775, 44.31588127779968], [-0.11609257185011775, 44.31579794446635], [-0.11667590518345108, 44.31579794446635], [-0.11667590518345108, 44.31588127779968], [-0.11675923851678441, 44.31588127779968], [-0.11675923851678441, 44.31604794446635], [-0.11725923851678441, 44.31604794446635], [-0.11725923851678441, 44.31596461113302], [-0.11734257185011775, 44.31596461113302], [-0.11734257185011775, 44.31588127779968], [-0.11742590518345108, 44.31588127779968], [-0.11742590518345108, 44.31563127779968], [-0.11750923851678441, 44.31563127779968], [-0.11750923851678441, 44.31554794446635], [-0.11759257185011775, 44.31554794446635], [-0.11759257185011775, 44.31546461113302], [-0.11825923851678441, 44.31546461113302], [-0.11825923851678441, 44.31538127779968], [-0.11859257185011775, 44.31538127779968], [-0.11859257185011775, 44.31529794446635], [-0.11867590518345109, 44.31529794446635], [-0.11867590518345109, 44.315153172869955], [-0.11903819999999957, 44.3151123], [-0.11913230000000094, 44.3146109], [-0.12025200420670396, 44.31446461113302], [-0.12034257185011775, 44.31446461113302], [-0.12034257185011775, 44.31454794446635], [-0.12134257185011775, 44.31454794446635], [-0.12134257185011775, 44.31446461113302], [-0.12142590518345109, 44.31446461113302], [-0.12142590518345109, 44.31438127779968], [-0.12150923851678441, 44.31438127779968], [-0.12150923851678441, 44.31399509216412], [-0.1217913142312458, 44.31271461113302], [-0.12192590518345109, 44.31271461113302], [-0.12192590518345109, 44.31279794446635], [-0.12209257185011775, 44.31279794446635], [-0.12209257185011775, 44.313131277799684], [-0.12200923851678441, 44.313131277799684], [-0.12200923851678441, 44.313714611133015], [-0.12234257185011775, 44.313714611133015], [-0.12234257185011775, 44.31379794446635], [-0.12275923851678441, 44.31379794446635], [-0.12275923851678441, 44.31388127779968], [-0.12317590518345109, 44.31388127779968], [-0.12317590518345109, 44.31396461113302], [-0.12342590518345109, 44.31396461113302], [-0.12342590518345109, 44.31404794446635], [-0.12359257185011774, 44.31404794446635], [-0.12359257185011774, 44.31413127779968], [-0.12384257185011774, 44.31413127779968], [-0.12384257185011774, 44.31421461113302], [-0.12409257185011774, 44.31421461113302], [-0.12409257185011774, 44.31438127779968], [-0.12425923851678441, 44.31438127779968], [-0.12425923851678441, 44.31479794446635], [-0.12417590518345109, 44.31479794446635], [-0.12417590518345109, 44.314881277799685], [-0.12409257185011774, 44.314881277799685], [-0.12409257185011774, 44.31504794446635], [-0.12400923851678441, 44.31504794446635], [-0.12400923851678441, 44.315131277799686], [-0.12392590518345109, 44.315131277799686], [-0.12392590518345109, 44.31538127779968], [-0.12359257185011774, 44.31538127779968], [-0.12359257185011774, 44.31529794446635], [-0.12317590518345109, 44.31529794446635], [-0.12317590518345109, 44.315214611133015], [-0.12200923851678441, 44.315214611133015], [-0.12200923851678441, 44.31529794446635], [-0.12192590518345109, 44.31529794446635], [-0.12192590518345109, 44.31538127779968], [-0.12175923851678441, 44.31538127779968], [-0.12175923851678441, 44.31546461113302], [-0.12167590518345109, 44.31546461113302], [-0.12167590518345109, 44.31595918213437], [-0.12162830000000166, 44.3159706], [-0.12122830000000001, 44.316521699999996], [-0.12084564808435645, 44.31704794446635], [-0.12042590518345109, 44.31704794446635], [-0.12042590518345109, 44.31713127779968], [-0.12034257185011775, 44.31713127779968], [-0.12034257185011775, 44.31729794446635], [-0.12017590518345109, 44.31729794446635], [-0.12017590518345109, 44.31737907732754], [-0.12015635209417187, 44.31738127779968], [-0.12009257185011775, 44.31738127779968], [-0.12009257185011775, 44.317388455522256], [-0.11892590518345109, 44.31751975024834], [-0.11892590518345109, 44.31746461113302], [-0.11817590518345109, 44.31746461113302], [-0.11817590518345109, 44.31738127779968], [-0.11800923851678441, 44.31738127779968], [-0.11800923851678441, 44.31729794446635], [-0.11792590518345109, 44.31729794446635], [-0.11792590518345109, 44.31738127779968], [-0.11784257185011775, 44.31738127779968], [-0.11784257185011775, 44.317881277799685], [-0.11775923851678441, 44.317881277799685], [-0.11775923851678441, 44.31804794446635], [-0.11792517027790722, 44.31804794446635], [-0.11792590518345109, 44.318053562815], [-0.11792590518345109, 44.31829794446635], [-0.11784257185011775, 44.31829794446635], [-0.11784257185011775, 44.31838127779968], [-0.11775923851678441, 44.31838127779968], [-0.11775923851678441, 44.31871461113302], [-0.11759257185011775, 44.31871461113302], [-0.11759257185011775, 44.31879794446635], [-0.11750923851678441, 44.31879794446635], [-0.11750923851678441, 44.31888127779968], [-0.11742590518345108, 44.31888127779968]]]}}, {"type": "Feature", "properties": {"klasse": "Acker"}, "geometry": {"type": "Polygon", "coordinates": [[[-0.1412411391845873, 44.31596461113302], [-0.14117590518345108, 44.31592569169703], [-0.14117590518345108, 44.31588127779968], [-0.1412592385167844, 44.31588127779968], [-0.1412592385167844, 44.31596461113302], [-0.1412411391845873, 44.31596461113302]]]}}, {"type": "Feature", "properties": {"klasse": "Acker"}, "geometry": {"type": "Polygon", "coordinates": [[[-0.11200923851678442, 44.31579794446635], [-0.11209257185011776, 44.31579794446635], [-0.11209257185011776, 44.31571461113302], [-0.11234257185011776, 44.31571461113302], [-0.11234257185011776, 44.31579794446635], [-0.1125092385167844, 44.31579794446635], [-0.1125092385167844, 44.31588127779968], [-0.1127592385167844, 44.31588127779968], [-0.1127592385167844, 44.31596461113302], [-0.11284257185011776, 44.31596461113302], [-0.11284257185011776, 44.31629794446635], [-0.11259257185011776, 44.31629794446635], [-0.11259257185011776, 44.316381277799685], [-0.11225923851678442, 44.316381277799685], [-0.11225923851678442, 44.31629794446635], [-0.11200923851678442, 44.31629794446635], [-0.11200923851678442, 44.31621461113302], [-0.11184257185011776, 44.31621461113302], [-0.11184257185011776, 44.31604794446635], [-0.11192590518345108, 44.31604794446635], [-0.11192590518345108, 44.31596461113302], [-0.11200923851678442, 44.31596461113302], [-0.11200923851678442, 44.31579794446635]]]}}, {"type": "Feature", "properties": {"klasse": "Acker"}, "geometry": {"type": "Polygon", "coordinates": [[[-0.11100923851678442, 44.31604794446635], [-0.11109257185011776, 44.31604794446635], [-0.11109257185011776, 44.31629794446635], [-0.11100923851678442, 44.31629794446635], [-0.11100923851678442, 44.316131277799684], [-0.11092590518345108, 44.316131277799684], [-0.11092590518345108, 44.31621461113302], [-0.11084257185011775, 44.31621461113302], [-0.11084257185011775, 44.31604794446635], [-0.11075923851678442, 44.31604794446635], [-0.11075923851678442, 44.31596461113302], [-0.11100923851678442, 44.31596461113302], [-0.11100923851678442, 44.31604794446635]]]}}, {"type": "Feature", "properties": {"klasse": "Acker"}, "geometry": {"type": "Polygon", "coordinates": [[[-0.1417592385167844, 44.316131277799684], [-0.14192590518345108, 44.316131277799684], [-0.14192590518345108, 44.31629794446635], [-0.14179984890101244, 44.31629794446635], [-0.14167590518345108, 44.31622399806573], [-0.14167590518345108, 44.31621461113302], [-0.1417592385167844, 44.31621461113302], [-0.1417592385167844, 44.316131277799684]]]}}, {"type": "Feature", "properties": {"klasse": "Acker"}, "geometry": {"type": "Polygon", "coordinates": [[[-0.11075923851678442, 44.31621461113302], [-0.11084257185011775, 44.31621461113302], [-0.11084257185011775, 44.31629794446635], [-0.11075923851678442, 44.31629794446635], [-0.11075923851678442, 44.31621461113302]]]}}, {"type": "Feature", "properties": {"klasse": "Acker"}, "geometry": {"type": "Polygon", "coordinates": [[[-0.1294259051834511, 44.31663127779969], [-0.12917590518345107, 44.31663127779969], [-0.12917590518345107, 44.31654794446635], [-0.12875923851678442, 44.31654794446635], [-0.12875923851678442, 44.316464611133014], [-0.12867590518345107, 44.316464611133014], [-0.12867590518345107, 44.316381277799685], [-0.1284259051834511, 44.316381277799685], [-0.1284259051834511, 44.31621461113302], [-0.12825923851678442, 44.31621461113302], [-0.12825923851678442, 44.316131277799684], [-0.12817590518345107, 44.316131277799684], [-0.12817590518345107, 44.31596461113302], [-0.12825923851678442, 44.31596461113302], [-0.12825923851678442, 44.31588127779968], [-0.12884257185011774, 44.31588127779968], [-0.12884257185011774, 44.31596461113302], [-0.12917590518345107, 44.31596461113302], [-0.12917590518345107, 44.31604794446635], [-0.12925923851678442, 44.31604794446635], [-0.12925923851678442, 44.316131277799684], [-0.12967590518345107, 44.316131277799684], [-0.12967590518345107, 44.31621461113302], [-0.1299259051834511, 44.31621461113302], [-0.1299259051834511, 44.31629794446635], [-0.13017590518345107, 44.31629794446635], [-0.13017590518345107, 44.316381277799685], [-0.13067590518345107, 44.316381277799685], [-0.13067590518345107, 44.316464611133014], [-0.1309259051834511, 44.316464611133014], [-0.1309259051834511, 44.31713127779968], [-0.13034257185011774, 44.31713127779968], [-0.13034257185011774, 44.31704794446635], [-0.13017590518345107, 44.31704794446635], [-0.13017590518345107, 44.31688127779968], [-0.1299259051834511, 44.31688127779968], [-0.1299259051834511, 44.31679794446635], [-0.12950923851678442, 44.31679794446635], [-0.12950923851678442, 44.316714611133015], [-0.1294259051834511, 44.316714611133015], [-0.1294259051834511, 44.31663127779969]]]}}, {"type": "Feature", "properties": {"klasse": "Acker"}, "geometry": {"type": "Polygon", "coordinates": [[[-0.13650923851678443, 44.31746836887964], [-0.13559257185011775, 44.3174890791842], [-0.13559257185011775, 44.31738127779968], [-0.13567590518345107, 44.31738127779968], [-0.13567590518345107, 44.31721461113302], [-0.13542590518345107, 44.31721461113302], [-0.13542590518345107, 44.31713127779968], [-0.13517590518345107, 44.31713127779968], [-0.13517590518345107, 44.31704794446635], [-0.13467590518345107, 44.31704794446635], [-0.13467590518345107, 44.31679794446635], [-0.13475923851678442, 44.31679794446635], [-0.13475923851678442, 44.31663127779969], [-0.13492590518345107, 44.31663127779969], [-0.13492590518345107, 44.31654794446635], [-0.13500923851678442, 44.31654794446635], [-0.13500923851678442, 44.316464611133014], [-0.13509257185011775, 44.316464611133014], [-0.13509257185011775, 44.31654794446635], [-0.13517590518345107, 44.31654794446635], [-0.13517590518345107, 44.31621461113302], [-0.13525923851678442, 44.31621461113302], [-0.13525923851678442, 44.316131277799684], [-0.13575923851678443, 44.316131277799684], [-0.13575923851678443, 44.31604794446635], [-0.13600923851678443, 44.31604794446635], [-0.13600923851678443, 44.31596461113302], [-0.13642590518345107, 44.31596461113302], [-0.13642590518345107, 44.316131277799684], [-0.13667590518345107, 44.316131277799684], [-0.13667590518345107, 44.31621461113302], [-0.13692590518345107, 44.31621461113302], [-0.13692590518345107, 44.31629794446635], [-0.13717590518345107, 44.31629794446635], [-0.13717590518345107, 44.31621461113302], [-0.13750923851678443, 44.31621461113302], [-0.13750923851678443, 44.316131277799684], [-0.13784257185011775, 44.316131277799684], [-0.13784257185011775, 44.31621461113302], [-0.13792590518345108, 44.31621461113302], [-0.13792590518345108, 44.316714611133015], [-0.1377592385167844, 44.316714611133015], [-0.1377592385167844, 44.31679794446635], [-0.13767590518345107, 44.31679794446635], [-0.13767590518345107, 44.31692649598192], [-0.13766189278438973, 44.31693291916005], [-0.13763656205472977, 44.316947373333385], [-0.13761344289600014, 44.31696362617537], [-0.13761230462408783, 44.31696461113302], [-0.13759257185011775, 44.31696461113302], [-0.13759257185011775, 44.31698172992561], [-0.13757479948166987, 44.3170008170844], [-0.1375596874216598, 44.31702135845384], [-0.13754760692695805, 44.31704290932798], [-0.13754559560744692, 44.31704794446635], [-0.13700923851678443, 44.31704794446635], [-0.13700923851678443, 44.31721461113302], [-0.13684257185011775, 44.31721461113302], [-0.13684257185011775, 44.31729794446635], [-0.13675923851678443, 44.31729794446635], [-0.13675923851678443, 44.31738127779968], [-0.13659257185011775, 44.31738127779968], [-0.13659257185011775, 44.31746461113302], [-0.13650923851678443, 44.31746461113302], [-0.13650923851678443, 44.31746836887964]], [[-0.13509257185011775, 44.31679794446635], [-0.13509257185011775, 44.31688127779968], [-0.13517590518345107, 44.31688127779968], [-0.13517590518345107, 44.31679794446635], [-0.13509257185011775, 44.31679794446635]]]}}, {"type": "Feature", "properties": {"klasse": "Acker"}, "geometry": {"type": "Polygon", "coordinates": [[[-0.12659257185011774, 44.31721461113302], [-0.12659257185011774, 44.31704794446635], [-0.12667590518345107, 44.31704794446635], [-0.12667590518345107, 44.31696461113302], [-0.12675923851678442, 44.31696461113302], [-0.12675923851678442, 44.31688127779968], [-0.12700923851678442, 44.31688127779968], [-0.12700923851678442, 44.31696461113302], [-0.12709257185011774, 44.31696461113302], [-0.12709257185011774, 44.31713127779968], [-0.12725923851678442, 44.31713127779968], [-0.12725923851678442, 44.31721461113302], [-0.12750923851678442, 44.31721461113302], [-0.12750923851678442, 44.31721839530206], [-0.12742222014903173, 44.31754794446635], [-0.12734257185011774, 44.31754794446635], [-0.12734257185011774, 44.31746461113302], [-0.12725923851678442, 44.31746461113302], [-0.12725923851678442, 44.31738127779968], [-0.12700923851678442, 44.31738127779968], [-0.12700923851678442, 44.31729794446635], [-0.12684257185011774, 44.31729794446635], [-0.12684257185011774, 44.31721461113302], [-0.12659257185011774, 44.31721461113302]]]}}, {"type": "Feature", "properties": {"klasse": "Acker"}, "geometry": {"type": "Polygon", "coordinates": [[[-0.13059257185011774, 44.317881277799685], [-0.13067590518345107, 44.317881277799685], [-0.13067590518345107, 44.31779794446635], [-0.13084257185011774, 44.31779794446635], [-0.13084257185011774, 44.31771461113302], [-0.1309259051834511, 44.31771461113302], [-0.1309259051834511, 44.317631277799684], [-0.13117590518345107, 44.317631277799684], [-0.13117590518345107, 44.31754794446635], [-0.13134257185011775, 44.31754794446635], [-0.13134257185011775, 44.31721461113302], [-0.13150923851678442, 44.31721461113302], [-0.13150923851678442, 44.31713127779968], [-0.13200923851678442, 44.31713127779968], [-0.13200923851678442, 44.31696461113302], [-0.13209257185011775, 44.31696461113302], [-0.13209257185011775, 44.31688127779968], [-0.13217590518345107, 44.31688127779968], [-0.13217590518345107, 44.316714611133015], [-0.13225923851678442, 44.316714611133015], [-0.13225923851678442, 44.31654794446635], [-0.13234257185011775, 44.31654794446635], [-0.13234257185011775, 44.316464611133014], [-0.13267590518345107, 44.316464611133014], [-0.13267590518345107, 44.316381277799685], [-0.13275923851678442, 44.316381277799685], [-0.13275923851678442, 44.31629794446635], [-0.13292590518345107, 44.31629794446635], [-0.13292590518345107, 44.31621461113302], [-0.13317590518345107, 44.31621461113302], [-0.13317590518345107, 44.31629794446635], [-0.13342590518345107, 44.31629794446635], [-0.13342590518345107, 44.31679794446635], [-0.13334257185011775, 44.31679794446635], [-0.13334257185011775, 44.31688127779968], [-0.13342590518345107, 44.31688127779968], [-0.13342590518345107, 44.31729794446635], [-0.13334257185011775, 44.31729794446635], [-0.13334257185011775, 44.31754794446635], [-0.13309257185011775, 44.31754794446635], [-0.13309257185011775, 44.317631277799684], [-0.13300923851678442, 44.317631277799684], [-0.13300923851678442, 44.31771461113302], [-0.13309257185011775, 44.31771461113302], [-0.13309257185011775, 44.317881277799685], [-0.13300923851678442, 44.317881277799685], [-0.13300923851678442, 44.317964611133014], [-0.13284257185011775, 44.317964611133014], [-0.13284257185011775, 44.31804794446635], [-0.13234257185011775, 44.31804794446635], [-0.13234257185011775, 44.31813127779969], [-0.13200923851678442, 44.31813127779969], [-0.13200923851678442, 44.318214611133016], [-0.13184257185011775, 44.318214611133016], [-0.13184257185011775, 44.31813127779969], [-0.13167590518345107, 44.31813127779969], [-0.13167590518345107, 44.31804794446635], [-0.13125923851678442, 44.31804794446635], [-0.13125923851678442, 44.31813127779969], [-0.13067590518345107, 44.31813127779969], [-0.13067590518345107, 44.31804794446635], [-0.13059257185011774, 44.31804794446635], [-0.13059257185011774, 44.317881277799685]], [[-0.13175923851678442, 44.31746461113302], [-0.13175923851678442, 44.317631277799684], [-0.13200923851678442, 44.317631277799684], [-0.13200923851678442, 44.31771461113302], [-0.13225923851678442, 44.31771461113302], [-0.13225923851678442, 44.317881277799685], [-0.13234257185011775, 44.317881277799685], [-0.13234257185011775, 44.31754794446635], [-0.13225923851678442, 44.31754794446635], [-0.13225923851678442, 44.31746461113302], [-0.13209257185011775, 44.31746461113302], [-0.13209257185011775, 44.31729794446635], [-0.1319259051834511, 44.31729794446635], [-0.1319259051834511, 44.31738127779968], [-0.13184257185011775, 44.31738127779968], [-0.13184257185011775, 44.31746461113302], [-0.13175923851678442, 44.31746461113302]]]}}, {"type": "Feature", "properties": {"klasse": "Acker"}, "geometry": {"type": "Polygon", "coordinates": [[[-0.13492590518345107, 44.31721461113302], [-0.13517590518345107, 44.31721461113302], [-0.13517590518345107, 44.31729794446635], [-0.13492590518345107, 44.31729794446635], [-0.13492590518345107, 44.31721461113302]]]}}, {"type": "Feature", "properties": {"klasse": "Acker"}, "geometry": {"type": "Polygon", "coordinates": [[[-0.12734257185011774, 44.31779794446635], [-0.12735620695799368, 44.31779794446635], [-0.12734257185011774, 44.31784958228169], [-0.12734257185011774, 44.31779794446635]]]}}, {"type": "Feature", "properties": {"klasse": "Acker"}, "geometry": {"type": "Polygon", "coordinates": [[[-0.12817590518345107, 44.33504794446635], [-0.12817590518345107, 44.33513127779968], [-0.12809257185011774, 44.33513127779968], [-0.12809257185011774, 44.33521461113302], [-0.12750923851678442, 44.33521461113302], [-0.12750923851678442, 44.33504794446635], [-0.12746804537638518, 44.33504794446635], [-0.12817590518345107, 44.334597122417996], [-0.12817590518345107, 44.33463127779968], [-0.12825923851678442, 44.33463127779968], [-0.12825923851678442, 44.33479794446635], [-0.1284259051834511, 44.33479794446635], [-0.1284259051834511, 44.33488127779968], [-0.12850923851678442, 44.33488127779968], [-0.12850923851678442, 44.33496461113302], [-0.1284259051834511, 44.33496461113302], [-0.1284259051834511, 44.33504794446635], [-0.12817590518345107, 44.33504794446635]]]}}, {"type": "Feature", "properties": {"klasse": "Acker"}, "geometry": {"type": "Polygon", "coordinates": [[[-0.12684257185011774, 44.33546461113302], [-0.12669426131917708, 44.33546461113302], [-0.12684257185011774, 44.33541933034964], [-0.12684257185011774, 44.33546461113302]]]}}, {"type": "Feature", "properties": {"klasse": "Acker"}, "geometry": {"type": "Polygon", "coordinates": [[[-0.12625923851678442, 44.335631277799685], [-0.12625923851678442, 44.335597428224006], [-0.1264259051834511, 44.33554654311705], [-0.1264259051834511, 44.335631277799685], [-0.12625923851678442, 44.335631277799685]]]}}, {"type": "Feature", "properties": {"klasse": "Acker"}, "geometry": {"type": "Polygon", "coordinates": [[[-0.12209257185011775, 44.336881277799684], [-0.12225923851678441, 44.336881277799684], [-0.12225923851678441, 44.33679794446635], [-0.12234257185011775, 44.33679794446635], [-0.12234257185011775, 44.33671461113302], [-0.12242590518345109, 44.33671461113302], [-0.12242590518345109, 44.33679794446635], [-0.12259257185011774, 44.33679794446635], [-0.12259257185011774, 44.33671461113302], [-0.12275923851678441, 44.33671461113302], [-0.12275923851678441, 44.33663127779968], [-0.12309257185011774, 44.33663127779968], [-0.12309257185011774, 44.33654794446635], [-0.12342590518345109, 44.33654794446635], [-0.12342590518345109, 44.33663127779968], [-0.12334257185011774, 44.33663127779968], [-0.12334257185011774, 44.33671461113302], [-0.12325923851678441, 44.33671461113302], [-0.12325923851678441, 44.33679794446635], [-0.12300923851678441, 44.33679794446635], [-0.12300923851678441, 44.336881277799684], [-0.12292590518345109, 44.336881277799684], [-0.12292590518345109, 44.33704794446635], [-0.12284257185011774, 44.33704794446635], [-0.12284257185011774, 44.337131277799685], [-0.12275923851678441, 44.337131277799685], [-0.12275923851678441, 44.337214611133014], [-0.12284257185011774, 44.337214611133014], [-0.12284257185011774, 44.337315489228345], [-0.12234257185011775, 44.33743027881597], [-0.12234257185011775, 44.337214611133014], [-0.12225923851678441, 44.337214611133014], [-0.12225923851678441, 44.337131277799685], [-0.12209257185011775, 44.337131277799685], [-0.12209257185011775, 44.33704794446635], [-0.12200923851678441, 44.33704794446635], [-0.12200923851678441, 44.33696461113302], [-0.12209257185011775, 44.33696461113302], [-0.12209257185011775, 44.336881277799684]]]}}, {"type": "Feature", "properties": {"klasse": "Acker"}, "geometry": {"type": "Polygon", "coordinates": [[[-0.12475923851678442, 44.33796461113302], [-0.12484257185011774, 44.33796461113302], [-0.12484257185011774, 44.33821461113302], [-0.12492590518345109, 44.33821461113302], [-0.12492590518345109, 44.33829794446635], [-0.12475923851678442, 44.33829794446635], [-0.12475923851678442, 44.338381277799684], [-0.12468388715301999, 44.338381277799684], [-0.12411154412374396, 44.33754794446635], [-0.12417590518345109, 44.33754794446635], [-0.12417590518345109, 44.337464611133015], [-0.12434257185011774, 44.337464611133015], [-0.12434257185011774, 44.33754794446635], [-0.12450923851678442, 44.33754794446635], [-0.12450923851678442, 44.33763127779968], [-0.12459257185011774, 44.33763127779968], [-0.12459257185011774, 44.33788127779968], [-0.12475923851678442, 44.33788127779968], [-0.12475923851678442, 44.33796461113302]]]}}, {"type": "Feature", "properties": {"klasse": "Acker"}, "geometry": {"type": "Polygon", "coordinates": [[[-0.12484257185011774, 44.33854794446635], [-0.12484257185011774, 44.338612323240646], [-0.12479835575887423, 44.33854794446635], [-0.12484257185011774, 44.33854794446635]]]}}, {"type": "Feature", "properties": {"klasse": "Acker"}, "geometry": {"type": "Polygon", "coordinates": [[[-0.13084257185011774, 44.33963127779968], [-0.13084257185011774, 44.33954794446635], [-0.13100923851678442, 44.33954794446635], [-0.13100923851678442, 44.33946461113302], [-0.1314259051834511, 44.33946461113302], [-0.1314259051834511, 44.33950283197326], [-0.13075923851678442, 44.33984938275363], [-0.13075923851678442, 44.33963127779968], [-0.13084257185011774, 44.33963127779968]]]}}, {"type": "Feature", "properties": {"klasse": "Acker"}, "geometry": {"type": "Polygon", "coordinates": [[[-0.12534257185011774, 44.33879794446635], [-0.12559257185011774, 44.33879794446635], [-0.12559257185011774, 44.338964611133015], [-0.12550923851678442, 44.338964611133015], [-0.12550923851678442, 44.33904794446635], [-0.12567590518345106, 44.33904794446635], [-0.12567590518345106, 44.33913127779968], [-0.12575923851678442, 44.33913127779968], [-0.12575923851678442, 44.339214611133016], [-0.1259259051834511, 44.339214611133016], [-0.1259259051834511, 44.33929794446635], [-0.12600923851678442, 44.33929794446635], [-0.12600923851678442, 44.33938127779968], [-0.12617590518345106, 44.33938127779968], [-0.12617590518345106, 44.33954794446635], [-0.12625923851678442, 44.33954794446635], [-0.12625923851678442, 44.33963127779968], [-0.1264259051834511, 44.33963127779968], [-0.1264259051834511, 44.33971461113302], [-0.12650923851678442, 44.33971461113302], [-0.12650923851678442, 44.33979794446635], [-0.12667590518345107, 44.33979794446635], [-0.12667590518345107, 44.339881277799684], [-0.12684257185011774, 44.339881277799684], [-0.12684257185011774, 44.33996461113302], [-0.12700923851678442, 44.33996461113302], [-0.12700923851678442, 44.340131277799685], [-0.12709257185011774, 44.340131277799685], [-0.12709257185011774, 44.34029794446635], [-0.12725923851678442, 44.34029794446635], [-0.12725923851678442, 44.340464611133015], [-0.12734257185011774, 44.340464611133015], [-0.12734257185011774, 44.34079794446635], [-0.12717590518345107, 44.34079794446635], [-0.12717590518345107, 44.34088127779968], [-0.12675923851678442, 44.34088127779968], [-0.12675923851678442, 44.34096461113302], [-0.12650923851678442, 44.34096461113302], [-0.12650923851678442, 44.341038995389766], [-0.12485559006180379, 44.338631277799685], [-0.12492590518345109, 44.338631277799685], [-0.12492590518345109, 44.338381277799684], [-0.12500923851678442, 44.338381277799684], [-0.12500923851678442, 44.33829794446635], [-0.12509257185011774, 44.33829794446635], [-0.12509257185011774, 44.338381277799684], [-0.12517590518345106, 44.338381277799684], [-0.12517590518345106, 44.338714611133014], [-0.12534257185011774, 44.338714611133014], [-0.12534257185011774, 44.33879794446635]]]}}, {"type": "Feature", "properties": {"klasse": "Acker"}, "geometry": {"type": "Polygon", "coordinates": [[[-0.11117590518345108, 44.340381277799686], [-0.11125923851678442, 44.340381277799686], [-0.11125923851678442, 44.34029794446635], [-0.11142590518345108, 44.34029794446635], [-0.11142590518345108, 44.340214611133014], [-0.11150923851678442, 44.340214611133014], [-0.11150923851678442, 44.340131277799685], [-0.11217590518345108, 44.340131277799685], [-0.11217590518345108, 44.34004794446635], [-0.11242590518345108, 44.34004794446635], [-0.11242590518345108, 44.33996461113302], [-0.11292590518345108, 44.33996461113302], [-0.11292590518345108, 44.339881277799684], [-0.11317590518345108, 44.339881277799684], [-0.11317590518345108, 44.33979794446635], [-0.11342590518345108, 44.33979794446635], [-0.11342590518345108, 44.339881277799684], [-0.11367590518345108, 44.339881277799684], [-0.11367590518345108, 44.34004794446635], [-0.11392590518345108, 44.34004794446635], [-0.11392590518345108, 44.340100289929964], [-0.11109207133889346, 44.34104794446635], [-0.11100923851678442, 44.34104794446635], [-0.11100923851678442, 44.34096461113302], [-0.11092590518345108, 44.34096461113302], [-0.11092590518345108, 44.340714611133016], [-0.11075923851678442, 44.340714611133016], [-0.11075923851678442, 44.34054794446635], [-0.11084257185011775, 44.34054794446635], [-0.11084257185011775, 44.340464611133015], [-0.11117590518345108, 44.340464611133015], [-0.11117590518345108, 44.340381277799686]]]}}, {"type": "Feature", "properties": {"klasse": "Acker"}, "geometry": {"type": "Polygon", "coordinates": [[[-0.12009257185011775, 44.340464611133015], [-0.12009257185011775, 44.3405148208814], [-0.12001185519262011, 44.340464611133015], [-0.12009257185011775, 44.340464611133015]]]}}, {"type": "Feature", "properties": {"klasse": "Acker"}, "geometry": {"type": "Polygon", "coordinates": [[[-0.12084257185011775, 44.34063127779968], [-0.12084257185011775, 44.34069786357684], [-0.12054620000000144, 44.340797], [-0.12014582097298329, 44.34054794446635], [-0.12034257185011775, 44.34054794446635], [-0.12034257185011775, 44.34063127779968], [-0.12084257185011775, 44.34063127779968]]]}}, {"type": "Feature", "properties": {"klasse": "Acker"}, "geometry": {"type": "Polygon", "coordinates": [[[-0.12675923851678442, 44.34121461113302], [-0.12684257185011774, 44.34121461113302], [-0.12684257185011774, 44.34129794446635], [-0.12675923851678442, 44.34129794446635], [-0.12675923851678442, 44.34121461113302]]]}}, {"type": "Feature", "properties": {"klasse": "Acker"}, "geometry": {"type": "Polygon", "coordinates": [[[-0.12384257185011774, 44.342737491398765], [-0.12376720000000155, 44.3425879], [-0.12384257185011774, 44.34255615803385], [-0.12384257185011774, 44.342737491398765]]]}}, {"type": "Feature", "properties": {"klasse": "Acker"}, "geometry": {"type": "Polygon", "coordinates": [[[-0.12750923851678442, 44.34281600797051], [-0.12750923851678442, 44.34279794446635], [-0.1274259051834511, 44.34279794446635], [-0.1274259051834511, 44.34271461113302], [-0.12755804731147136, 44.34271461113302], [-0.12750923851678442, 44.34281600797051]]]}}, {"type": "Feature", "properties": {"klasse": "Acker"}, "geometry": {"type": "Polygon", "coordinates": [[[-0.12434257185011774, 44.343214611133014], [-0.12425923851678441, 44.343214611133014], [-0.12425923851678441, 44.343381277799686], [-0.12434257185011774, 44.343381277799686], [-0.12434257185011774, 44.34354794446635], [-0.12442590518345109, 44.34354794446635], [-0.12442590518345109, 44.34371461113302], [-0.12459257185011774, 44.34371461113302], [-0.12459257185011774, 44.34396461113302], [-0.12467590518345109, 44.34396461113302], [-0.12467590518345109, 44.34413127779968], [-0.12475923851678442, 44.34413127779968], [-0.12475923851678442, 44.34421461113302], [-0.12492590518345109, 44.34421461113302], [-0.12492590518345109, 44.34446461113302], [-0.12500923851678442, 44.34446461113302], [-0.12500923851678442, 44.344881277799686], [-0.12509257185011774, 44.344881277799686], [-0.12509257185011774, 44.344964611133015], [-0.12525923851678442, 44.344964611133015], [-0.12525923851678442, 44.34538127779968], [-0.12534257185011774, 44.34538127779968], [-0.12534257185011774, 44.34554794446635], [-0.12550923851678442, 44.34554794446635], [-0.12550923851678442, 44.34563127779968], [-0.12559257185011774, 44.34563127779968], [-0.12559257185011774, 44.345881277799684], [-0.12567590518345106, 44.345881277799684], [-0.12567590518345106, 44.346131277799685], [-0.12584257185011774, 44.346131277799685], [-0.12584257185011774, 44.346381277799686], [-0.1259259051834511, 44.346381277799686], [-0.1259259051834511, 44.34663127779968], [-0.12600923851678442, 44.34663127779968], [-0.12600923851678442, 44.34679794446635], [-0.12617590518345106, 44.34679794446635], [-0.12617590518345106, 44.34696461113302], [-0.12625923851678442, 44.34696461113302], [-0.12625923851678442, 44.34704794446635], [-0.12601440007838735, 44.34704794446635], [-0.12387303121868266, 44.34279794446635], [-0.12400923851678441, 44.34279794446635], [-0.12400923851678441, 44.342881277799684], [-0.12409257185011774, 44.342881277799684], [-0.12409257185011774, 44.34296461113302], [-0.12425923851678441, 44.34296461113302], [-0.12425923851678441, 44.34304794446635], [-0.12417590518345109, 44.34304794446635], [-0.12417590518345109, 44.343131277799685], [-0.12434257185011774, 44.343131277799685], [-0.12434257185011774, 44.343214611133014]]]}}, {"type": "Feature", "properties": {"klasse": "Acker"}, "geometry": {"type": "Polygon", "coordinates": [[[-0.12817590518345107, 44.34688127779968], [-0.12817590518345107, 44.34679794446635], [-0.12850923851678442, 44.34679794446635], [-0.12850923851678442, 44.34671461113302], [-0.12875923851678442, 44.34671461113302], [-0.12875923851678442, 44.34663127779968], [-0.12900923851678442, 44.34663127779968], [-0.12900923851678442, 44.34654794446635], [-0.12917590518345107, 44.34654794446635], [-0.12917590518345107, 44.346464611133015], [-0.1291817891775327, 44.346464611133015], [-0.12942500000000082, 44.34697160000001], [-0.12675923851678442, 44.34727192492719], [-0.12675923851678442, 44.34721461113302], [-0.12684257185011774, 44.34721461113302], [-0.12684257185011774, 44.34713127779968], [-0.12725923851678442, 44.34713127779968], [-0.12725923851678442, 44.34704794446635], [-0.12750923851678442, 44.34704794446635], [-0.12750923851678442, 44.34696461113302], [-0.12759257185011774, 44.34696461113302], [-0.12759257185011774, 44.34688127779968], [-0.12817590518345107, 44.34688127779968]]]}}, {"type": "Feature", "properties": {"klasse": "Acker"}, "geometry": {"type": "Polygon", "coordinates": [[[-0.12717590518345107, 44.34704794446635], [-0.12684257185011774, 44.34704794446635], [-0.12684257185011774, 44.34696461113302], [-0.12675923851678442, 44.34696461113302], [-0.12675923851678442, 44.34704794446635], [-0.12667590518345107, 44.34704794446635], [-0.12667590518345107, 44.34713127779968], [-0.12659257185011774, 44.34713127779968], [-0.12659257185011774, 44.34704794446635], [-0.1264259051834511, 44.34704794446635], [-0.1264259051834511, 44.34696461113302], [-0.12650923851678442, 44.34696461113302], [-0.12650923851678442, 44.34688127779968], [-0.12709257185011774, 44.34688127779968], [-0.12709257185011774, 44.34696461113302], [-0.12717590518345107, 44.34696461113302], [-0.12717590518345107, 44.34704794446635]]]}}, {"type": "Feature", "properties": {"klasse": "Acker"}, "geometry": {"type": "Polygon", "coordinates": [[[-0.09934257185011774, 44.29479794446635], [-0.09934257185011774, 44.29471461113302], [-0.09942590518345108, 44.29471461113302], [-0.09942590518345108, 44.29454794446635], [-0.09950923851678442, 44.29454794446635], [-0.09950923851678442, 44.294464611133016], [-0.09959257185011774, 44.294464611133016], [-0.09959257185011774, 44.29438127779969], [-0.10000923851678442, 44.29438127779969], [-0.10000923851678442, 44.29471461113302], [-0.09992590518345108, 44.29471461113302], [-0.09992590518345108, 44.29479794446635], [-0.09984257185011775, 44.29479794446635], [-0.09984257185011775, 44.29488127779968], [-0.09967590518345108, 44.29488127779968], [-0.09967590518345108, 44.29496461113302], [-0.09959257185011774, 44.29496461113302], [-0.09959257185011774, 44.29504794446635], [-0.09942590518345108, 44.29504794446635], [-0.09942590518345108, 44.29513127779968], [-0.09934257185011774, 44.29513127779968], [-0.09934257185011774, 44.295381277799684], [-0.09884257185011774, 44.295381277799684], [-0.09884257185011774, 44.29513127779968], [-0.09892590518345108, 44.29513127779968], [-0.09892590518345108, 44.29504794446635], [-0.09909257185011774, 44.29504794446635], [-0.09909257185011774, 44.29488127779968], [-0.09917590518345108, 44.29488127779968], [-0.09917590518345108, 44.29479794446635], [-0.09934257185011774, 44.29479794446635]]]}}, {"type": "Feature", "properties": {"klasse": "Acker"}, "geometry": {"type": "Polygon", "coordinates": [[[-0.10092590518345108, 44.29463127779968], [-0.10100923851678442, 44.29463127779968], [-0.10100923851678442, 44.29454794446635], [-0.10109257185011775, 44.29454794446635], [-0.10109257185011775, 44.29463127779968], [-0.10117590518345108, 44.29463127779968], [-0.10117590518345108, 44.29454794446635], [-0.10125923851678441, 44.29454794446635], [-0.10125923851678441, 44.294464611133016], [-0.10150923851678442, 44.294464611133016], [-0.10150923851678442, 44.29438127779969], [-0.10200923851678442, 44.29438127779969], [-0.10200923851678442, 44.29463127779968], [-0.10175923851678442, 44.29463127779968], [-0.10175923851678442, 44.29471461113302], [-0.10159257185011775, 44.29471461113302], [-0.10159257185011775, 44.29479794446635], [-0.10150923851678442, 44.29479794446635], [-0.10150923851678442, 44.29488127779968], [-0.10134257185011775, 44.29488127779968], [-0.10134257185011775, 44.29504794446635], [-0.10117590518345108, 44.29504794446635], [-0.10117590518345108, 44.29513127779968], [-0.10109257185011775, 44.29513127779968], [-0.10109257185011775, 44.295381277799684], [-0.10134257185011775, 44.295381277799684], [-0.10134257185011775, 44.29554794446635], [-0.10117590518345108, 44.29554794446635], [-0.10117590518345108, 44.295631277799686], [-0.10059257185011775, 44.295631277799686], [-0.10059257185011775, 44.29521461113302], [-0.10067590518345108, 44.29521461113302], [-0.10067590518345108, 44.29513127779968], [-0.10075923851678442, 44.29513127779968], [-0.10075923851678442, 44.29488127779968], [-0.10084257185011775, 44.29488127779968], [-0.10084257185011775, 44.29479794446635], [-0.10092590518345108, 44.29479794446635], [-0.10092590518345108, 44.29463127779968]]]}}, {"type": "Feature", "properties": {"klasse": "Acker"}, "geometry": {"type": "Polygon", "coordinates": [[[-0.09642590518345108, 44.29513127779968], [-0.09625923851678442, 44.29513127779968], [-0.09625923851678442, 44.29496461113302], [-0.09634257185011774, 44.29496461113302], [-0.09634257185011774, 44.29488127779968], [-0.09642590518345108, 44.29488127779968], [-0.09642590518345108, 44.29496461113302], [-0.09650923851678442, 44.29496461113302], [-0.09650923851678442, 44.29504794446635], [-0.09642590518345108, 44.29504794446635], [-0.09642590518345108, 44.29513127779968]]]}}, {"type": "Feature", "properties": {"klasse": "Acker"}, "geometry": {"type": "Polygon", "coordinates": [[[-0.09742590518345108, 44.29496461113302], [-0.09750923851678442, 44.29496461113302], [-0.09750923851678442, 44.29504794446635], [-0.09742590518345108, 44.29504794446635], [-0.09742590518345108, 44.29496461113302]]]}}, {"type": "Feature", "properties": {"klasse": "Acker"}, "geometry": {"type": "Polygon", "coordinates": [[[-0.09584257185011776, 44.29513127779968], [-0.09575923851678442, 44.29513127779968], [-0.09575923851678442, 44.29521461113302], [-0.09559257185011776, 44.29521461113302], [-0.09559257185011776, 44.29504794446635], [-0.09567590518345108, 44.29504794446635], [-0.09567590518345108, 44.29496461113302], [-0.09600923851678442, 44.29496461113302], [-0.09600923851678442, 44.29513127779968], [-0.09592590518345108, 44.29513127779968], [-0.09592590518345108, 44.29504794446635], [-0.09584257185011776, 44.29504794446635], [-0.09584257185011776, 44.29513127779968]]]}}, {"type": "Feature", "properties": {"klasse": "Acker"}, "geometry": {"type": "Polygon", "coordinates": [[[-0.09550923851678442, 44.29521461113302], [-0.09559257185011776, 44.29521461113302], [-0.09559257185011776, 44.29529794446635], [-0.09550923851678442, 44.29529794446635], [-0.09550923851678442, 44.29521461113302]]]}}, {"type": "Feature", "properties": {"klasse": "Acker"}, "geometry": {"type": "Polygon", "coordinates": [[[-0.09767590518345108, 44.29521461113302], [-0.09775923851678442, 44.29521461113302], [-0.09775923851678442, 44.29529794446635], [-0.09767590518345108, 44.29529794446635], [-0.09767590518345108, 44.29521461113302]]]}}, {"type": "Feature", "properties": {"klasse": "Acker"}, "geometry": {"type": "Polygon", "coordinates": [[[-0.09534257185011775, 44.295964611133016], [-0.09534257185011775, 44.29588127779969], [-0.09517590518345108, 44.29588127779969], [-0.09517590518345108, 44.295714611133015], [-0.09525923851678442, 44.295714611133015], [-0.09525923851678442, 44.295631277799686], [-0.09534257185011775, 44.295631277799686], [-0.09534257185011775, 44.29554794446635], [-0.09542590518345108, 44.29554794446635], [-0.09542590518345108, 44.29546461113301], [-0.09584257185011776, 44.29546461113301], [-0.09584257185011776, 44.29529794446635], [-0.09592590518345108, 44.29529794446635], [-0.09592590518345108, 44.29521461113302], [-0.09609257185011774, 44.29521461113302], [-0.09609257185011774, 44.29546461113301], [-0.09642590518345108, 44.29546461113301], [-0.09642590518345108, 44.295381277799684], [-0.09650923851678442, 44.295381277799684], [-0.09650923851678442, 44.29529794446635], [-0.09659257185011774, 44.29529794446635], [-0.09659257185011774, 44.29504794446635], [-0.09684257185011774, 44.29504794446635], [-0.09684257185011774, 44.29513127779968], [-0.09709257185011774, 44.29513127779968], [-0.09709257185011774, 44.295381277799684], [-0.09692590518345108, 44.295381277799684], [-0.09692590518345108, 44.29546461113301], [-0.09684257185011774, 44.29546461113301], [-0.09684257185011774, 44.29554794446635], [-0.09742590518345108, 44.29554794446635], [-0.09742590518345108, 44.295631277799686], [-0.09734257185011774, 44.295631277799686], [-0.09734257185011774, 44.295714611133015], [-0.09725923851678442, 44.295714611133015], [-0.09725923851678442, 44.29579794446635], [-0.09717590518345108, 44.29579794446635], [-0.09717590518345108, 44.29588127779969], [-0.09709257185011774, 44.29588127779969], [-0.09709257185011774, 44.29579794446635], [-0.09667590518345108, 44.29579794446635], [-0.09667590518345108, 44.29588127779969], [-0.09659257185011774, 44.29588127779969], [-0.09659257185011774, 44.295964611133016], [-0.09642590518345108, 44.295964611133016], [-0.09642590518345108, 44.29588127779969], [-0.09617590518345108, 44.29588127779969], [-0.09617590518345108, 44.29579794446635], [-0.09575923851678442, 44.29579794446635], [-0.09575923851678442, 44.29588127779969], [-0.09567590518345108, 44.29588127779969], [-0.09567590518345108, 44.295964611133016], [-0.09534257185011775, 44.295964611133016]]]}}, {"type": "Feature", "properties": {"klasse": "Acker"}, "geometry": {"type": "Polygon", "coordinates": [[[-0.09867590518345108, 44.29546461113301], [-0.09875923851678442, 44.29546461113301], [-0.09875923851678442, 44.29554794446635], [-0.09867590518345108, 44.29554794446635], [-0.09867590518345108, 44.29546461113301]]]}}, {"type": "Feature", "properties": {"klasse": "Acker"}, "geometry": {"type": "Polygon", "coordinates": [[[-0.09600923851678442, 44.29621461113302], [-0.09592590518345108, 44.29621461113302], [-0.09592590518345108, 44.29629794446635], [-0.09575923851678442, 44.29629794446635], [-0.09575923851678442, 44.29621461113302], [-0.09584257185011776, 44.29621461113302], [-0.09584257185011776, 44.29604794446635], [-0.09592590518345108, 44.29604794446635], [-0.09592590518345108, 44.295964611133016], [-0.09609257185011774, 44.295964611133016], [-0.09609257185011774, 44.29613127779968], [-0.09600923851678442, 44.29613127779968], [-0.09600923851678442, 44.29621461113302]]]}}, {"type": "Feature", "properties": {"klasse": "Acker"}, "geometry": {"type": "Polygon", "coordinates": [[[-0.10350923851678442, 44.29613127779968], [-0.10350923851678442, 44.295964611133016], [-0.10375923851678442, 44.295964611133016], [-0.10375923851678442, 44.29588127779969], [-0.10381902462037473, 44.29588127779969], [-0.10384257185011775, 44.29588971701121], [-0.10384257185011775, 44.29604794446635], [-0.10428406075324374, 44.29604794446635], [-0.10434257185011775, 44.29606891455618], [-0.10434257185011775, 44.29629794446635], [-0.10425923851678442, 44.29629794446635], [-0.10425923851678442, 44.29638127779968], [-0.10409257185011775, 44.29638127779968], [-0.10409257185011775, 44.29629794446635], [-0.10367590518345107, 44.29629794446635], [-0.10367590518345107, 44.29621461113302], [-0.10359257185011775, 44.29621461113302], [-0.10359257185011775, 44.29613127779968], [-0.10350923851678442, 44.29613127779968]]]}}, {"type": "Feature", "properties": {"klasse": "Acker"}, "geometry": {"type": "Polygon", "coordinates": [[[-0.10250923851678442, 44.29579794446635], [-0.10259257185011775, 44.29579794446635], [-0.10259257185011775, 44.29588127779969], [-0.10267590518345107, 44.29588127779969], [-0.10267590518345107, 44.29604794446635], [-0.10317590518345107, 44.29604794446635], [-0.10317590518345107, 44.29613127779968], [-0.10325923851678442, 44.29613127779968], [-0.10325923851678442, 44.29621461113302], [-0.10334257185011775, 44.29621461113302], [-0.10334257185011775, 44.29646461113302], [-0.10267590518345107, 44.29646461113302], [-0.10267590518345107, 44.29629794446635], [-0.10242590518345107, 44.29629794446635], [-0.10242590518345107, 44.29621461113302], [-0.10234257185011775, 44.29621461113302], [-0.10234257185011775, 44.295964611133016], [-0.10242590518345107, 44.295964611133016], [-0.10242590518345107, 44.29588127779969], [-0.10250923851678442, 44.29588127779969], [-0.10250923851678442, 44.29579794446635]]]}}, {"type": "Feature", "properties": {"klasse": "Acker"}, "geometry": {"type": "Polygon", "coordinates": [[[-0.09725923851678442, 44.29613127779968], [-0.09734257185011774, 44.29613127779968], [-0.09734257185011774, 44.29621461113302], [-0.09725923851678442, 44.29621461113302], [-0.09725923851678442, 44.29613127779968]]]}}, {"type": "Feature", "properties": {"klasse": "Acker"}, "geometry": {"type": "Polygon", "coordinates": [[[-0.10000923851678442, 44.29621461113302], [-0.10009257185011775, 44.29621461113302], [-0.10009257185011775, 44.29638127779968], [-0.10017590518345108, 44.29638127779968], [-0.10017590518345108, 44.29663127779968], [-0.10009257185011775, 44.29663127779968], [-0.10009257185011775, 44.29671461113302], [-0.10000923851678442, 44.29671461113302], [-0.10000923851678442, 44.29679794446635], [-0.09984257185011775, 44.29679794446635], [-0.09984257185011775, 44.296881277799685], [-0.09967590518345108, 44.296881277799685], [-0.09967590518345108, 44.29663127779968], [-0.09975923851678442, 44.29663127779968], [-0.09975923851678442, 44.29646461113302], [-0.09984257185011775, 44.29646461113302], [-0.09984257185011775, 44.29638127779968], [-0.09992590518345108, 44.29638127779968], [-0.09992590518345108, 44.29629794446635], [-0.10000923851678442, 44.29629794446635], [-0.10000923851678442, 44.29621461113302]]]}}, {"type": "Feature", "properties": {"klasse": "Acker"}, "geometry": {"type": "Polygon", "coordinates": [[[-0.09634257185011774, 44.29663127779968], [-0.09634257185011774, 44.29654794446635], [-0.09642590518345108, 44.29654794446635], [-0.09642590518345108, 44.29663127779968], [-0.09634257185011774, 44.29663127779968]]]}}, {"type": "Feature", "properties": {"klasse": "Acker"}, "geometry": {"type": "Polygon", "coordinates": [[[-0.09684257185011774, 44.29654794446635], [-0.09684257185011774, 44.29646461113302], [-0.09700923851678442, 44.29646461113302], [-0.09700923851678442, 44.29654794446635], [-0.09775923851678442, 44.29654794446635], [-0.09775923851678442, 44.29629794446635], [-0.09784257185011774, 44.29629794446635], [-0.09784257185011774, 44.29621461113302], [-0.09792590518345108, 44.29621461113302], [-0.09792590518345108, 44.29613127779968], [-0.09800923851678442, 44.29613127779968], [-0.09800923851678442, 44.29604794446635], [-0.09817590518345108, 44.29604794446635], [-0.09817590518345108, 44.295964611133016], [-0.09825923851678442, 44.295964611133016], [-0.09825923851678442, 44.29588127779969], [-0.09884257185011774, 44.29588127779969], [-0.09884257185011774, 44.29638127779968], [-0.09867590518345108, 44.29638127779968], [-0.09867590518345108, 44.29646461113302], [-0.09850923851678442, 44.29646461113302], [-0.09850923851678442, 44.29679794446635], [-0.09842590518345108, 44.29679794446635], [-0.09842590518345108, 44.296881277799685], [-0.09834257185011774, 44.296881277799685], [-0.09834257185011774, 44.29696461113301], [-0.09825923851678442, 44.29696461113301], [-0.09825923851678442, 44.297131277799686], [-0.09817590518345108, 44.297131277799686], [-0.09817590518345108, 44.297214611133015], [-0.09809257185011774, 44.297214611133015], [-0.09809257185011774, 44.29729794446635], [-0.09800923851678442, 44.29729794446635], [-0.09800923851678442, 44.29738127779969], [-0.09792590518345108, 44.29738127779969], [-0.09792590518345108, 44.297464611133016], [-0.09791388896771652, 44.297464611133016], [-0.09790102549969318, 44.29746149002387], [-0.09736405471335641, 44.29731689058336], [-0.09734257185011774, 44.29731188204323], [-0.09734257185011774, 44.29729794446635], [-0.09725923851678442, 44.29729794446635], [-0.09725923851678442, 44.297214611133015], [-0.09675923851678442, 44.297214611133015], [-0.09675923851678442, 44.297295192140496], [-0.09674558760540286, 44.297283850994475], [-0.09672306450339313, 44.29726851285944], [-0.09669853806509768, 44.297254851222924], [-0.09667224919018481, 44.297243000269276], [-0.09664445608844245, 44.29723307639827], [-0.09661543174368678, 44.297225177081806], [-0.09659257185011774, 44.297220755308444], [-0.09659257185011774, 44.297214611133015], [-0.0965482369129643, 44.297214611133015], [-0.09652946055815198, 44.297198439048685], [-0.09650923851678442, 44.29718417911561], [-0.09650923851678442, 44.29696461113301], [-0.09659257185011774, 44.29696461113301], [-0.09659257185011774, 44.296881277799685], [-0.09667590518345108, 44.296881277799685], [-0.09667590518345108, 44.29671461113302], [-0.09650923851678442, 44.29671461113302], [-0.09650923851678442, 44.29663127779968], [-0.09659257185011774, 44.29663127779968], [-0.09659257185011774, 44.29654794446635], [-0.09684257185011774, 44.29654794446635]]]}}, {"type": "Feature", "properties": {"klasse": "Acker"}, "geometry": {"type": "Polygon", "coordinates": [[[-0.09175923851678441, 44.296881277799685], [-0.09175923851678441, 44.29679794446635], [-0.09240079659194841, 44.29679794446635], [-0.09250602040440256, 44.296847684078315], [-0.09250923851678441, 44.29684903963846], [-0.09250923851678441, 44.29696461113301], [-0.09209257185011775, 44.29696461113301], [-0.09209257185011775, 44.29704794446635], [-0.09192590518345108, 44.29704794446635], [-0.09192590518345108, 44.297131277799686], [-0.09175923851678441, 44.297131277799686], [-0.09175923851678441, 44.29704794446635], [-0.09159257185011775, 44.29704794446635], [-0.09159257185011775, 44.296881277799685], [-0.09175923851678441, 44.296881277799685]]]}}, {"type": "Feature", "properties": {"klasse": "Acker"}, "geometry": {"type": "Polygon", "coordinates": [[[-0.09959257185011774, 44.297214611133015], [-0.09967590518345108, 44.297214611133015], [-0.09967590518345108, 44.29729794446635], [-0.09959257185011774, 44.29729794446635], [-0.09959257185011774, 44.297214611133015]]]}}, {"type": "Feature", "properties": {"klasse": "Acker"}, "geometry": {"type": "Polygon", "coordinates": [[[-0.10192590518345108, 44.29729794446635], [-0.10200923851678442, 44.29729794446635], [-0.10200923851678442, 44.297464611133016], [-0.10192590518345108, 44.297464611133016], [-0.10192590518345108, 44.29754794446635], [-0.10184257185011775, 44.29754794446635], [-0.10184257185011775, 44.29763127779968], [-0.10159257185011775, 44.29763127779968], [-0.10159257185011775, 44.29754794446635], [-0.10150923851678442, 44.29754794446635], [-0.10150923851678442, 44.297214611133015], [-0.10159257185011775, 44.297214611133015], [-0.10159257185011775, 44.297131277799686], [-0.10175923851678442, 44.297131277799686], [-0.10175923851678442, 44.297214611133015], [-0.10192590518345108, 44.297214611133015], [-0.10192590518345108, 44.29729794446635]]]}}, {"type": "Feature", "properties": {"klasse": "Acker"}, "geometry": {"type": "Polygon", "coordinates": [[[-0.09934257185011774, 44.29771461113302], [-0.09925923851678442, 44.29771461113302], [-0.09925923851678442, 44.297464611133016], [-0.09934257185011774, 44.297464611133016], [-0.09934257185011774, 44.29738127779969], [-0.09950923851678442, 44.29738127779969], [-0.09950923851678442, 44.29729794446635], [-0.09959257185011774, 44.29729794446635], [-0.09959257185011774, 44.29738127779969], [-0.09975923851678442, 44.29738127779969], [-0.09975923851678442, 44.297629743363686], [-0.09975466852943683, 44.29763127779968], [-0.09967590518345108, 44.29763127779968], [-0.09967590518345108, 44.29767286794818], [-0.09965556691724847, 44.297689119227655], [-0.09962674663676119, 44.29771461113302], [-0.09950923851678442, 44.29771461113302], [-0.09950923851678442, 44.29754794446635], [-0.09942590518345108, 44.29754794446635], [-0.09942590518345108, 44.29763127779968], [-0.09934257185011774, 44.29763127779968], [-0.09934257185011774, 44.29771461113302]]]}}, {"type": "Feature", "properties": {"klasse": "Acker"}, "geometry": {"type": "Polygon", "coordinates": [[[-0.09542590518345108, 44.29796461113302], [-0.09542590518345108, 44.29829794446635], [-0.09534257185011775, 44.29829794446635], [-0.09534257185011775, 44.298381277799685], [-0.09525923851678442, 44.298381277799685], [-0.09525923851678442, 44.298464611133014], [-0.09517590518345108, 44.298464611133014], [-0.09517590518345108, 44.298714611133015], [-0.09500923851678442, 44.298714611133015], [-0.09500923851678442, 44.298964611133016], [-0.09492590518345108, 44.298964611133016], [-0.09492590518345108, 44.29938127779968], [-0.09484257185011775, 44.29938127779968], [-0.09484257185011775, 44.29946461113302], [-0.09492590518345108, 44.29946461113302], [-0.09492590518345108, 44.29954794446635], [-0.09484257185011775, 44.29954794446635], [-0.09484257185011775, 44.29963127779968], [-0.09475923851678442, 44.29963127779968], [-0.09475923851678442, 44.29971461113302], [-0.09467590518345108, 44.29971461113302], [-0.09467590518345108, 44.29979794446635], [-0.09459257185011775, 44.29979794446635], [-0.09459257185011775, 44.299881277799685], [-0.09442590518345108, 44.299881277799685], [-0.09442590518345108, 44.299964611133014], [-0.09434257185011775, 44.299964611133014], [-0.09434257185011775, 44.29999999999999], [-0.09109257185011775, 44.29999999999999], [-0.09109257185011775, 44.299964611133014], [-0.09117590518345108, 44.299964611133014], [-0.09117590518345108, 44.299881277799685], [-0.09125923851678441, 44.299881277799685], [-0.09125923851678441, 44.29979794446635], [-0.09134257185011775, 44.29979794446635], [-0.09134257185011775, 44.29963127779968], [-0.09125923851678441, 44.29963127779968], [-0.09125923851678441, 44.29929794446635], [-0.09117590518345108, 44.29929794446635], [-0.09117590518345108, 44.29921461113302], [-0.09100923851678441, 44.29921461113302], [-0.09100923851678441, 44.29913127779968], [-0.09084257185011775, 44.29913127779968], [-0.09084257185011775, 44.29904794446635], [-0.09092590518345109, 44.29904794446635], [-0.09092590518345109, 44.298964611133016], [-0.09100923851678441, 44.298964611133016], [-0.09100923851678441, 44.29904794446635], [-0.09134257185011775, 44.29904794446635], [-0.09134257185011775, 44.298964611133016], [-0.09150923851678441, 44.298964611133016], [-0.09150923851678441, 44.29904794446635], [-0.09175923851678441, 44.29904794446635], [-0.09175923851678441, 44.298714611133015], [-0.09167590518345108, 44.298714611133015], [-0.09167590518345108, 44.298464611133014], [-0.09159257185011775, 44.298464611133014], [-0.09159257185011775, 44.29829794446635], [-0.09109257185011775, 44.29829794446635], [-0.09109257185011775, 44.29804794446635], [-0.09117590518345108, 44.29804794446635], [-0.09117590518345108, 44.29788127779968], [-0.09125923851678441, 44.29788127779968], [-0.09125923851678441, 44.29779794446635], [-0.09167590518345108, 44.29779794446635], [-0.09167590518345108, 44.29771461113302], [-0.09192590518345108, 44.29771461113302], [-0.09192590518345108, 44.29763127779968], [-0.09209257185011775, 44.29763127779968], [-0.09209257185011775, 44.297464611133016], [-0.09225923851678441, 44.297464611133016], [-0.09225923851678441, 44.29738127779969], [-0.09234257185011775, 44.29738127779969], [-0.09234257185011775, 44.29729794446635], [-0.09242590518345108, 44.29729794446635], [-0.09242590518345108, 44.297214611133015], [-0.09259257185011775, 44.297214611133015], [-0.09259257185011775, 44.29729794446635], [-0.09284257185011775, 44.29729794446635], [-0.09284257185011775, 44.297131277799686], [-0.09259257185011775, 44.297131277799686], [-0.09259257185011775, 44.29696461113301], [-0.09275923851678441, 44.29696461113301], [-0.09275923851678441, 44.29689788856281], [-0.09300923851678441, 44.29692848709376], [-0.09300923851678441, 44.29696461113301], [-0.09305285539173941, 44.29696461113301], [-0.09305833421120144, 44.296971760065006], [-0.09307390236478717, 44.29698996900436], [-0.09309180611334655, 44.29700703479002], [-0.09309257185011775, 44.29700763618206], [-0.09309257185011775, 44.29704794446635], [-0.09315417478845955, 44.29704794446635], [-0.09315781870513686, 44.297049892889746], [-0.09317590518345108, 44.29705776683376], [-0.09317590518345108, 44.297131277799686], [-0.09325923851678442, 44.297131277799686], [-0.09325923851678442, 44.297214611133015], [-0.09350923851678442, 44.297214611133015], [-0.09350923851678442, 44.29729794446635], [-0.09342590518345108, 44.29729794446635], [-0.09342590518345108, 44.29738127779969], [-0.09392590518345108, 44.29738127779969], [-0.09392590518345108, 44.29729794446635], [-0.09409257185011775, 44.29729794446635], [-0.09409257185011775, 44.297214611133015], [-0.09417590518345108, 44.297214611133015], [-0.09417590518345108, 44.297131277799686], [-0.09444092061550949, 44.297131277799686], [-0.09450923851678442, 44.29716713484536], [-0.09450923851678442, 44.297214611133015], [-0.09460066192471726, 44.297214611133015], [-0.09461650392034775, 44.297222100651716], [-0.09464361781651204, 44.297232345206204], [-0.0946719957148045, 44.297240638057914], [-0.09470136604456712, 44.29724689984574], [-0.09473144773742874, 44.29725107064541], [-0.09475923851678442, 44.29725292902969], [-0.09475923851678442, 44.29729794446635], [-0.09548294995957923, 44.29729794446635], [-0.09550923851678442, 44.29731936182171], [-0.09550923851678442, 44.29738127779969], [-0.09559257185011776, 44.29738127779969], [-0.09559257185011776, 44.29763127779968], [-0.09575923851678442, 44.29763127779968], [-0.09575923851678442, 44.29779794446635], [-0.09567590518345108, 44.29779794446635], [-0.09567590518345108, 44.29788127779968], [-0.09559257185011776, 44.29788127779968], [-0.09559257185011776, 44.29796461113302], [-0.09542590518345108, 44.29796461113302]]]}}, {"type": "Feature", "properties": {"klasse": "Acker"}, "geometry": {"type": "Polygon", "coordinates": [[[-0.1059236000000015, 44.30212589999999], [-0.10569812909444527, 44.30238127779968], [-0.10567590518345107, 44.30238127779968], [-0.10567590518345107, 44.30229794446635], [-0.10550923851678441, 44.30229794446635], [-0.10550923851678441, 44.30221461113302], [-0.10567590518345107, 44.30221461113302], [-0.10567590518345107, 44.30213127779968], [-0.10575923851678441, 44.30213127779968], [-0.10575923851678441, 44.30208175317171], [-0.1059236000000015, 44.30212589999999]]]}}, {"type": "Feature", "properties": {"klasse": "Acker"}, "geometry": {"type": "Polygon", "coordinates": [[[-0.10534257185011775, 44.30246461113302], [-0.10542590518345107, 44.30246461113302], [-0.10542590518345107, 44.30254794446635], [-0.10534257185011775, 44.30254794446635], [-0.10534257185011775, 44.30246461113302]]]}}, {"type": "Feature", "properties": {"klasse": "Acker"}, "geometry": {"type": "Polygon", "coordinates": [[[-0.10102230000000055, 44.3029336], [-0.10141793677036898, 44.30254794446635], [-0.10150923851678442, 44.30254794446635], [-0.10150923851678442, 44.302631277799684], [-0.10159257185011775, 44.302631277799684], [-0.10159257185011775, 44.302881277799685], [-0.10175923851678442, 44.302881277799685], [-0.10175923851678442, 44.30304794446635], [-0.10184257185011775, 44.30304794446635], [-0.10184257185011775, 44.30329794446635], [-0.10161204751495417, 44.30329794446635], [-0.10102230000000055, 44.3029336]], [[-0.10142590518345108, 44.30304794446635], [-0.10142590518345108, 44.303131277799686], [-0.10150923851678442, 44.303131277799686], [-0.10150923851678442, 44.30304794446635], [-0.10142590518345108, 44.30304794446635]]]}}, {"type": "Feature", "properties": {"klasse": "Acker"}, "geometry": {"type": "Polygon", "coordinates": [[[-0.10459257185011775, 44.30304794446635], [-0.10459257185011775, 44.302881277799685], [-0.10467590518345107, 44.302881277799685], [-0.10467590518345107, 44.30279794446635], [-0.10475923851678443, 44.30279794446635], [-0.10475923851678443, 44.30271461113302], [-0.10484257185011775, 44.30271461113302], [-0.10484257185011775, 44.302631277799684], [-0.10500923851678441, 44.302631277799684], [-0.10500923851678441, 44.30254794446635], [-0.10534257185011775, 44.30254794446635], [-0.10534257185011775, 44.302631277799684], [-0.10547740620287883, 44.302631277799684], [-0.10445800000000005, 44.3037859], [-0.1044516224150149, 44.30379794446635], [-0.10442590518345107, 44.30379794446635], [-0.10442590518345107, 44.30354794446635], [-0.10434257185011775, 44.30354794446635], [-0.10434257185011775, 44.30329794446635], [-0.10442590518345107, 44.30329794446635], [-0.10442590518345107, 44.303214611133015], [-0.10450923851678443, 44.303214611133015], [-0.10450923851678443, 44.30304794446635], [-0.10459257185011775, 44.30304794446635]]]}}, {"type": "Feature", "properties": {"klasse": "Acker"}, "geometry": {"type": "Polygon", "coordinates": [[[-0.10392590518345107, 44.305051304735485], [-0.10392590518345107, 44.304714611133015], [-0.10375923851678442, 44.304714611133015], [-0.10375923851678442, 44.304464611133014], [-0.10367590518345107, 44.304464611133014], [-0.10367590518345107, 44.30388127779968], [-0.10375923851678442, 44.30388127779968], [-0.10375923851678442, 44.30379794446635], [-0.10384257185011775, 44.30379794446635], [-0.10384257185011775, 44.30388127779968], [-0.10409257185011775, 44.30388127779968], [-0.10409257185011775, 44.30379794446635], [-0.10417590518345107, 44.30379794446635], [-0.10417590518345107, 44.30388127779968], [-0.10434257185011775, 44.30388127779968], [-0.10434257185011775, 44.30400389324832], [-0.10431924658368988, 44.30404794446635], [-0.10425923851678442, 44.30404794446635], [-0.10425923851678442, 44.304131277799684], [-0.10417590518345107, 44.304131277799684], [-0.10417590518345107, 44.30421461113302], [-0.10423099602946818, 44.30421461113302], [-0.10414274547525025, 44.304381277799685], [-0.10400923851678442, 44.304381277799685], [-0.10400923851678442, 44.30454794446635], [-0.10406815917255467, 44.30454794446635], [-0.10392590518345107, 44.305051304735485]], [[-0.10400923851678442, 44.30396461113302], [-0.10400923851678442, 44.30404794446635], [-0.10409257185011775, 44.30404794446635], [-0.10409257185011775, 44.30396461113302], [-0.10400923851678442, 44.30396461113302]]]}}, {"type": "Feature", "properties": {"klasse": "Acker"}, "geometry": {"type": "Polygon", "coordinates": [[[-0.10259257185011775, 44.30421461113302], [-0.10250923851678442, 44.30421461113302], [-0.10250923851678442, 44.304464611133014], [-0.10267590518345107, 44.304464611133014], [-0.10267590518345107, 44.304714611133015], [-0.10275923851678442, 44.304714611133015], [-0.10275923851678442, 44.30479794446635], [-0.10292590518345107, 44.30479794446635], [-0.10292590518345107, 44.30488127779968], [-0.10300923851678442, 44.30488127779968], [-0.10300923851678442, 44.30504794446635], [-0.10325923851678442, 44.30504794446635], [-0.10325923851678442, 44.30521461113302], [-0.10334257185011775, 44.30521461113302], [-0.10334257185011775, 44.30538127779968], [-0.10350923851678442, 44.30538127779968], [-0.10350923851678442, 44.30529794446635], [-0.10359257185011775, 44.30529794446635], [-0.10359257185011775, 44.30521461113302], [-0.10384257185011775, 44.30521461113302], [-0.10384257185011775, 44.30534617653036], [-0.10380299999999916, 44.305486200000004], [-0.10419038419211737, 44.306131277799686], [-0.10417590518345107, 44.306131277799686], [-0.10417590518345107, 44.306214611133015], [-0.10400923851678442, 44.306214611133015], [-0.10400923851678442, 44.30629794446635], [-0.10392590518345107, 44.30629794446635], [-0.10392590518345107, 44.30638127779968], [-0.10375923851678442, 44.30638127779968], [-0.10375923851678442, 44.306464611133016], [-0.10367590518345107, 44.306464611133016], [-0.10367590518345107, 44.30654794446635], [-0.10384257185011775, 44.30654794446635], [-0.10384257185011775, 44.30671461113302], [-0.10375923851678442, 44.30671461113302], [-0.10375923851678442, 44.306797944466354], [-0.10350923851678442, 44.306797944466354], [-0.10350923851678442, 44.30688127779968], [-0.10259257185011775, 44.30688127779968], [-0.10259257185011775, 44.30696461113302], [-0.10179415855761491, 44.30696461113302], [-0.10199129999999981, 44.3066309], [-0.10235060000000147, 44.305577099999994], [-0.10230789999999994, 44.30458949999999], [-0.10204266955259567, 44.30363127779968], [-0.10217590518345109, 44.30363127779968], [-0.10217590518345109, 44.30379794446635], [-0.10234257185011775, 44.30379794446635], [-0.10234257185011775, 44.30388127779968], [-0.10225923851678442, 44.30388127779968], [-0.10225923851678442, 44.30396461113302], [-0.10242590518345107, 44.30396461113302], [-0.10242590518345107, 44.304131277799684], [-0.10259257185011775, 44.304131277799684], [-0.10259257185011775, 44.30421461113302]]]}}, {"type": "Feature", "properties": {"klasse": "Acker"}, "geometry": {"type": "Polygon", "coordinates": [[[-0.09867590518345108, 44.30654794446635], [-0.09867590518345108, 44.306464611133016], [-0.09871501357656608, 44.306464611133016], [-0.09867324799447842, 44.30663127779968], [-0.09859257185011774, 44.30663127779968], [-0.09859257185011774, 44.30654794446635], [-0.09867590518345108, 44.30654794446635]]]}}, {"type": "Feature", "properties": {"klasse": "Acker"}, "geometry": {"type": "Polygon", "coordinates": [[[-0.10259257185011775, 44.30871461113302], [-0.10284257185011775, 44.30871461113302], [-0.10284257185011775, 44.30879794446635], [-0.10259257185011775, 44.30879794446635], [-0.10259257185011775, 44.30871461113302]]]}}, {"type": "Feature", "properties": {"klasse": "Acker"}, "geometry": {"type": "Polygon", "coordinates": [[[-0.10350923851678442, 44.309214611133015], [-0.10350923851678442, 44.309131277799686], [-0.10367590518345107, 44.309131277799686], [-0.10367590518345107, 44.309214611133015], [-0.10384257185011775, 44.309214611133015], [-0.10384257185011775, 44.309355136932965], [-0.10342590518345107, 44.30927612049963], [-0.10342590518345107, 44.309214611133015], [-0.10350923851678442, 44.309214611133015]]]}}, {"type": "Feature", "properties": {"klasse": "Acker"}, "geometry": {"type": "Polygon", "coordinates": [[[-0.10425923851678442, 44.309214611133015], [-0.10442590518345107, 44.309214611133015], [-0.10442590518345107, 44.30938127779968], [-0.10417590518345107, 44.30938127779968], [-0.10417590518345107, 44.30929794446635], [-0.10425923851678442, 44.30929794446635], [-0.10425923851678442, 44.309214611133015]]]}}, {"type": "Feature", "properties": {"klasse": "Acker"}, "geometry": {"type": "Polygon", "coordinates": [[[-0.10450923851678443, 44.30938127779968], [-0.10459257185011775, 44.30938127779968], [-0.10459257185011775, 44.309464611133016], [-0.10450923851678443, 44.309464611133016], [-0.10450923851678443, 44.30938127779968]]]}}, {"type": "Feature", "properties": {"klasse": "Acker"}, "geometry": {"type": "Polygon", "coordinates": [[[-0.09584257185011776, 44.31021461113302], [-0.09567590518345108, 44.31021461113302], [-0.09567590518345108, 44.310131277799684], [-0.09600923851678442, 44.310131277799684], [-0.09600923851678442, 44.31021461113302], [-0.09609257185011774, 44.31021461113302], [-0.09609257185011774, 44.31029794446635], [-0.09584257185011776, 44.31029794446635], [-0.09584257185011776, 44.31021461113302]]]}}, {"type": "Feature", "properties": {"klasse": "Acker"}, "geometry": {"type": "Polygon", "coordinates": [[[-0.10092590518345108, 44.313464611133014], [-0.10109257185011775, 44.313464611133014], [-0.10109257185011775, 44.313381277799685], [-0.10125923851678441, 44.313381277799685], [-0.10125923851678441, 44.313464611133014], [-0.10117590518345108, 44.313464611133014], [-0.10117590518345108, 44.31354794446635], [-0.10118222280052251, 44.31354794446635], [-0.10092590518345108, 44.313677348659915], [-0.10092590518345108, 44.313464611133014]]]}}, {"type": "Feature", "properties": {"klasse": "Acker"}, "geometry": {"type": "Polygon", "coordinates": [[[-0.10909257185011775, 44.313631277799686], [-0.10909257185011775, 44.31354794446635], [-0.10917590518345108, 44.31354794446635], [-0.10917590518345108, 44.313464611133014], [-0.10925923851678442, 44.313464611133014], [-0.10925923851678442, 44.31354794446635], [-0.10934257185011775, 44.31354794446635], [-0.10934257185011775, 44.313631277799686], [-0.10909257185011775, 44.313631277799686]]]}}, {"type": "Feature", "properties": {"klasse": "Acker"}, "geometry": {"type": "Polygon", "coordinates": [[[-0.09842590518345108, 44.31708503604091], [-0.09842590518345108, 44.31713127779968], [-0.09834399309093296, 44.31713127779968], [-0.09834257185011774, 44.31709840471533], [-0.09834257185011774, 44.317071490480394], [-0.09842590518345108, 44.31708503604091]]]}}, {"type": "Feature", "properties": {"klasse": "Acker"}, "geometry": {"type": "Polygon", "coordinates": [[[-0.09875923851678442, 44.31729794446635], [-0.09925923851678442, 44.31729794446635], [-0.09925923851678442, 44.31771461113302], [-0.09900923851678442, 44.31771461113302], [-0.09900923851678442, 44.317631277799684], [-0.09892590518345108, 44.317631277799684], [-0.09892590518345108, 44.31754794446635], [-0.09867590518345108, 44.31754794446635], [-0.09867590518345108, 44.31729794446635], [-0.09850923851678442, 44.31729794446635], [-0.09850923851678442, 44.31721461113302], [-0.09875923851678442, 44.31721461113302], [-0.09875923851678442, 44.31729794446635]]]}}, {"type": "Feature", "properties": {"klasse": "Acker"}, "geometry": {"type": "Polygon", "coordinates": [[[-0.10909257185011775, 44.335381277799684], [-0.10917590518345108, 44.335381277799684], [-0.10917590518345108, 44.33546461113302], [-0.10925923851678442, 44.33546461113302], [-0.10925923851678442, 44.33554794446635], [-0.10950923851678442, 44.33554794446635], [-0.10950923851678442, 44.335714611133014], [-0.10967590518345108, 44.335714611133014], [-0.10967590518345108, 44.335964611133015], [-0.10959257185011775, 44.335964611133015], [-0.10959257185011775, 44.33604794446635], [-0.10950923851678442, 44.33604794446635], [-0.10950923851678442, 44.33613127779968], [-0.10875923851678442, 44.33613127779968], [-0.10875923851678442, 44.335881277799686], [-0.10884257185011775, 44.335881277799686], [-0.10884257185011775, 44.33579794446635], [-0.10892590518345108, 44.33579794446635], [-0.10892590518345108, 44.33554794446635], [-0.10900923851678442, 44.33554794446635], [-0.10900923851678442, 44.33546461113302], [-0.10909257185011775, 44.33546461113302], [-0.10909257185011775, 44.335381277799684]]]}}, {"type": "Feature", "properties": {"klasse": "Acker"}, "geometry": {"type": "Polygon", "coordinates": [[[-0.10859257185011775, 44.33704794446635], [-0.10867590518345108, 44.33704794446635], [-0.10867590518345108, 44.337131277799685], [-0.10859257185011775, 44.337131277799685], [-0.10859257185011775, 44.33704794446635]]]}}, {"type": "Feature", "properties": {"klasse": "Acker"}, "geometry": {"type": "Polygon", "coordinates": [[[-0.09967590518345108, 44.337214611133014], [-0.09975923851678442, 44.337214611133014], [-0.09975923851678442, 44.337131277799685], [-0.09992590518345108, 44.337131277799685], [-0.09992590518345108, 44.337214611133014], [-0.10000923851678442, 44.337214611133014], [-0.10000923851678442, 44.337381277799686], [-0.09967590518345108, 44.337381277799686], [-0.09967590518345108, 44.337214611133014]]]}}, {"type": "Feature", "properties": {"klasse": "Acker"}, "geometry": {"type": "Polygon", "coordinates": [[[-0.09800923851678442, 44.337714611133016], [-0.09825923851678442, 44.337714611133016], [-0.09825923851678442, 44.33763127779968], [-0.09842590518345108, 44.33763127779968], [-0.09842590518345108, 44.337714611133016], [-0.09850923851678442, 44.337714611133016], [-0.09850923851678442, 44.33788127779968], [-0.09800923851678442, 44.33788127779968], [-0.09800923851678442, 44.337714611133016]]]}}, {"type": "Feature", "properties": {"klasse": "Acker"}, "geometry": {"type": "Polygon", "coordinates": [[[-0.10517590518345107, 44.34088127779968], [-0.10517590518345107, 44.34079794446635], [-0.10525923851678441, 44.34079794446635], [-0.10525923851678441, 44.340714611133016], [-0.10542590518345107, 44.340714611133016], [-0.10542590518345107, 44.34079794446635], [-0.10534257185011775, 44.34079794446635], [-0.10534257185011775, 44.34088127779968], [-0.10517590518345107, 44.34088127779968]]]}}, {"type": "Feature", "properties": {"klasse": "Acker"}, "geometry": {"type": "Polygon", "coordinates": [[[-0.09375923851678442, 44.341881277799686], [-0.09394693493887417, 44.341881277799686], [-0.09394251761832771, 44.34204794446635], [-0.09392590518345108, 44.34204794446635], [-0.09392590518345108, 44.341964611133015], [-0.09367590518345108, 44.341964611133015], [-0.09367590518345108, 44.341881277799686], [-0.09350923851678442, 44.341881277799686], [-0.09350923851678442, 44.341714611133014], [-0.09367590518345108, 44.341714611133014], [-0.09367590518345108, 44.34179794446635], [-0.09375923851678442, 44.34179794446635], [-0.09375923851678442, 44.341881277799686]]]}}, {"type": "Feature", "properties": {"klasse": "Acker"}, "geometry": {"type": "Polygon", "coordinates": [[[-0.10425923851678442, 44.34279794446635], [-0.10423531603153893, 44.34279794446635], [-0.10422810470643037, 44.34263127779968], [-0.10425923851678442, 44.34263127779968], [-0.10425923851678442, 44.34279794446635]]]}}, {"type": "Feature", "properties": {"klasse": "Acker"}, "geometry": {"type": "Polygon", "coordinates": [[[-0.10617590518345107, 44.343214611133014], [-0.10617590518345107, 44.34329794446635], [-0.10625923851678441, 44.34329794446635], [-0.10625923851678441, 44.343381277799686], [-0.10642590518345107, 44.343381277799686], [-0.10642590518345107, 44.343464611133015], [-0.10659257185011775, 44.343464611133015], [-0.10659257185011775, 44.34354794446635], [-0.1066552598853283, 44.34354794446635], [-0.10578930000000052, 44.34397109999999], [-0.10559257185011775, 44.34383844444503], [-0.10559257185011775, 44.34379794446635], [-0.10567590518345107, 44.34379794446635], [-0.10567590518345107, 44.34371461113302], [-0.10584257185011775, 44.34371461113302], [-0.10584257185011775, 44.34363127779968], [-0.10600923851678441, 44.34363127779968], [-0.10600923851678441, 44.34329794446635], [-0.10609257185011775, 44.34329794446635], [-0.10609257185011775, 44.343214611133014], [-0.10617590518345107, 44.343214611133014]]]}}, {"type": "Feature", "properties": {"klasse": "Acker"}, "geometry": {"type": "Polygon", "coordinates": [[[-0.08450923851678442, 44.29521461113302], [-0.08450923851678442, 44.29513127779968], [-0.08459257185011775, 44.29513127779968], [-0.08459257185011775, 44.29504794446635], [-0.08467590518345108, 44.29504794446635], [-0.08467590518345108, 44.29496461113302], [-0.08475923851678442, 44.29496461113302], [-0.08475923851678442, 44.29488127779968], [-0.08484257185011775, 44.29488127779968], [-0.08484257185011775, 44.29479794446635], [-0.08492590518345108, 44.29479794446635], [-0.08492590518345108, 44.29471461113302], [-0.08509257185011775, 44.29471461113302], [-0.08509257185011775, 44.294464611133016], [-0.08517590518345108, 44.294464611133016], [-0.08517590518345108, 44.29438127779969], [-0.08884257185011775, 44.29438127779969], [-0.08884257185011775, 44.294464611133016], [-0.08867590518345109, 44.294464611133016], [-0.08867590518345109, 44.29454794446635], [-0.08859257185011775, 44.29454794446635], [-0.08859257185011775, 44.29463127779968], [-0.08834257185011775, 44.29463127779968], [-0.08834257185011775, 44.29471461113302], [-0.08809257185011775, 44.29471461113302], [-0.08809257185011775, 44.29479794446635], [-0.08792590518345109, 44.29479794446635], [-0.08792590518345109, 44.29488127779968], [-0.08784257185011775, 44.29488127779968], [-0.08784257185011775, 44.29496461113302], [-0.08767590518345109, 44.29496461113302], [-0.08767590518345109, 44.29504794446635], [-0.08742590518345109, 44.29504794446635], [-0.08742590518345109, 44.29513127779968], [-0.08725923851678441, 44.29513127779968], [-0.08725923851678441, 44.29521461113302], [-0.08717590518345109, 44.29521461113302], [-0.08717590518345109, 44.29529794446635], [-0.08700923851678441, 44.29529794446635], [-0.08700923851678441, 44.295381277799684], [-0.08692590518345109, 44.295381277799684], [-0.08692590518345109, 44.29554794446635], [-0.08675923851678441, 44.29554794446635], [-0.08675923851678441, 44.295631277799686], [-0.08650923851678441, 44.295631277799686], [-0.08650923851678441, 44.295714611133015], [-0.08625923851678441, 44.295714611133015], [-0.08625923851678441, 44.29579794446635], [-0.08609257185011775, 44.29579794446635], [-0.08609257185011775, 44.29588127779969], [-0.08584257185011775, 44.29588127779969], [-0.08584257185011775, 44.295964611133016], [-0.08559257185011775, 44.295964611133016], [-0.08559257185011775, 44.29604794446635], [-0.08503611373717344, 44.29604794446635], [-0.0849465948374764, 44.296016386189464], [-0.08491753822202812, 44.296007420256345], [-0.08488737075344528, 44.29600060470072], [-0.08485640005269739, 44.29599600902138], [-0.08482494193109218, 44.29599368008081], [-0.08479331717002, 44.29599364162738], [-0.08467590518345108, 44.295997761389756], [-0.08467590518345108, 44.295964611133016], [-0.08417590518345108, 44.295964611133016], [-0.08417590518345108, 44.295714611133015], [-0.08425923851678442, 44.295714611133015], [-0.08425923851678442, 44.29554794446635], [-0.08434257185011775, 44.29554794446635], [-0.08434257185011775, 44.29546461113301], [-0.08442590518345108, 44.29546461113301], [-0.08442590518345108, 44.29521461113302], [-0.08450923851678442, 44.29521461113302]]]}}, {"type": "Feature", "properties": {"klasse": "Acker"}, "geometry": {"type": "Polygon", "coordinates": [[[-0.07784257185011775, 44.295714611133015], [-0.07792590518345108, 44.295714611133015], [-0.07792590518345108, 44.29579794446635], [-0.07784257185011775, 44.29579794446635], [-0.07784257185011775, 44.295714611133015]]]}}, {"type": "Feature", "properties": {"klasse": "Acker"}, "geometry": {"type": "Polygon", "coordinates": [[[-0.08109257185011774, 44.297464611133016], [-0.08067590518345108, 44.297464611133016], [-0.08067590518345108, 44.29738127779969], [-0.08075923851678442, 44.29738127779969], [-0.08075923851678442, 44.29729794446635], [-0.08109257185011774, 44.29729794446635], [-0.08109257185011774, 44.29738127779969], [-0.08134257185011774, 44.29738127779969], [-0.08134257185011774, 44.297464611133016], [-0.08142590518345108, 44.297464611133016], [-0.08142590518345108, 44.29754794446635], [-0.08167590518345108, 44.29754794446635], [-0.08167590518345108, 44.29763127779968], [-0.08184257185011774, 44.29763127779968], [-0.08184257185011774, 44.29771461113302], [-0.08217590518345108, 44.29771461113302], [-0.08217590518345108, 44.29779794446635], [-0.08234257185011774, 44.29779794446635], [-0.08234257185011774, 44.29788127779968], [-0.08242590518345108, 44.29788127779968], [-0.08242590518345108, 44.29804794446635], [-0.08200923851678442, 44.29804794446635], [-0.08200923851678442, 44.29796461113302], [-0.08192590518345108, 44.29796461113302], [-0.08192590518345108, 44.29788127779968], [-0.08167590518345108, 44.29788127779968], [-0.08167590518345108, 44.29771461113302], [-0.08117590518345108, 44.29771461113302], [-0.08117590518345108, 44.29754794446635], [-0.08109257185011774, 44.29754794446635], [-0.08109257185011774, 44.297464611133016]]]}}, {"type": "Feature", "properties": {"klasse": "Acker"}, "geometry": {"type": "Polygon", "coordinates": [[[-0.07909257185011775, 44.29854794446635], [-0.07909257185011775, 44.298464611133014], [-0.07917590518345108, 44.298464611133014], [-0.07917590518345108, 44.29829794446635], [-0.07909257185011775, 44.29829794446635], [-0.07909257185011775, 44.29821461113302], [-0.07900923851678442, 44.29821461113302], [-0.07900923851678442, 44.29804794446635], [-0.07875923851678442, 44.29804794446635], [-0.07875923851678442, 44.29796461113302], [-0.07842590518345108, 44.29796461113302], [-0.07842590518345108, 44.29771461113302], [-0.07792590518345108, 44.29771461113302], [-0.07792590518345108, 44.29779794446635], [-0.07767590518345108, 44.29779794446635], [-0.07767590518345108, 44.29771461113302], [-0.07759257185011775, 44.29771461113302], [-0.07759257185011775, 44.29763127779968], [-0.07767590518345108, 44.29763127779968], [-0.07767590518345108, 44.29738127779969], [-0.07775923851678442, 44.29738127779969], [-0.07775923851678442, 44.29729794446635], [-0.07784257185011775, 44.29729794446635], [-0.07784257185011775, 44.297131277799686], [-0.07792590518345108, 44.297131277799686], [-0.07792590518345108, 44.29696461113301], [-0.07809257185011775, 44.29696461113301], [-0.07809257185011775, 44.29679794446635], [-0.07817590518345108, 44.29679794446635], [-0.07817590518345108, 44.29671461113302], [-0.07825923851678442, 44.29671461113302], [-0.07825923851678442, 44.29663127779968], [-0.07834257185011775, 44.29663127779968], [-0.07834257185011775, 44.29654794446635], [-0.07867590518345108, 44.29654794446635], [-0.07867590518345108, 44.29646461113302], [-0.07875923851678442, 44.29646461113302], [-0.07875923851678442, 44.29654794446635], [-0.07942590518345108, 44.29654794446635], [-0.07942590518345108, 44.29646461113302], [-0.08050923851678442, 44.29646461113302], [-0.08050923851678442, 44.29654794446635], [-0.08059257185011776, 44.29654794446635], [-0.08059257185011776, 44.29671461113302], [-0.08050923851678442, 44.29671461113302], [-0.08050923851678442, 44.296881277799685], [-0.08059257185011776, 44.296881277799685], [-0.08059257185011776, 44.297214611133015], [-0.08025923851678442, 44.297214611133015], [-0.08025923851678442, 44.29729794446635], [-0.08000923851678442, 44.29729794446635], [-0.08000923851678442, 44.29738127779969], [-0.07992590518345108, 44.29738127779969], [-0.07992590518345108, 44.297464611133016], [-0.07975923851678442, 44.297464611133016], [-0.07975923851678442, 44.29754794446635], [-0.07967590518345108, 44.29754794446635], [-0.07967590518345108, 44.29796461113302], [-0.07975923851678442, 44.29796461113302], [-0.07975923851678442, 44.29829794446635], [-0.07992590518345108, 44.29829794446635], [-0.07992590518345108, 44.29854794446635], [-0.08017590518345108, 44.29854794446635], [-0.08017590518345108, 44.298714611133015], [-0.08009257185011776, 44.298714611133015], [-0.08009257185011776, 44.29888127779968], [-0.07934257185011775, 44.29888127779968], [-0.07934257185011775, 44.29879794446635], [-0.07925923851678442, 44.29879794446635], [-0.07925923851678442, 44.298964611133016], [-0.07909257185011775, 44.298964611133016], [-0.07909257185011775, 44.29888127779968], [-0.07884257185011775, 44.29888127779968], [-0.07884257185011775, 44.298714611133015], [-0.07900923851678442, 44.298714611133015], [-0.07900923851678442, 44.298631277799686], [-0.07917590518345108, 44.298631277799686], [-0.07917590518345108, 44.29854794446635], [-0.07909257185011775, 44.29854794446635]]]}}, {"type": "Feature", "properties": {"klasse": "Acker"}, "geometry": {"type": "Polygon", "coordinates": [[[-0.08334257185011774, 44.29796461113302], [-0.08342590518345108, 44.29796461113302], [-0.08342590518345108, 44.29804794446635], [-0.08334257185011774, 44.29804794446635], [-0.08334257185011774, 44.29796461113302]]]}}, {"type": "Feature", "properties": {"klasse": "Acker"}, "geometry": {"type": "Polygon", "coordinates": [[[-0.08450923851678442, 44.297214611133015], [-0.08459257185011775, 44.297214611133015], [-0.08459257185011775, 44.29763127779968], [-0.08467590518345108, 44.29763127779968], [-0.08467590518345108, 44.29771461113302], [-0.08484257185011775, 44.29771461113302], [-0.08484257185011775, 44.29779794446635], [-0.08475923851678442, 44.29779794446635], [-0.08475923851678442, 44.29788127779968], [-0.08484257185011775, 44.29788127779968], [-0.08484257185011775, 44.29804794446635], [-0.08492590518345108, 44.29804794446635], [-0.08492590518345108, 44.29821461113302], [-0.08475923851678442, 44.29821461113302], [-0.08475923851678442, 44.298381277799685], [-0.08467590518345108, 44.298381277799685], [-0.08467590518345108, 44.298464611133014], [-0.08459257185011775, 44.298464611133014], [-0.08459257185011775, 44.29854794446635], [-0.08450923851678442, 44.29854794446635], [-0.08450923851678442, 44.298631277799686], [-0.08417590518345108, 44.298631277799686], [-0.08417590518345108, 44.298381277799685], [-0.08392590518345108, 44.298381277799685], [-0.08392590518345108, 44.298464611133014], [-0.08384257185011774, 44.298464611133014], [-0.08384257185011774, 44.29854794446635], [-0.08375923851678442, 44.29854794446635], [-0.08375923851678442, 44.298631277799686], [-0.08367590518345108, 44.298631277799686], [-0.08367590518345108, 44.29888127779968], [-0.08359257185011774, 44.29888127779968], [-0.08359257185011774, 44.29913127779968], [-0.08375923851678442, 44.29913127779968], [-0.08375923851678442, 44.29929794446635], [-0.08392590518345108, 44.29929794446635], [-0.08392590518345108, 44.29921461113302], [-0.08400923851678442, 44.29921461113302], [-0.08400923851678442, 44.29929794446635], [-0.08417590518345108, 44.29929794446635], [-0.08417590518345108, 44.29921461113302], [-0.08425923851678442, 44.29921461113302], [-0.08425923851678442, 44.29929794446635], [-0.08434257185011775, 44.29929794446635], [-0.08434257185011775, 44.29938127779968], [-0.08459257185011775, 44.29938127779968], [-0.08459257185011775, 44.29954794446635], [-0.08500923851678442, 44.29954794446635], [-0.08500923851678442, 44.29963127779968], [-0.08492590518345108, 44.29963127779968], [-0.08492590518345108, 44.29971461113302], [-0.08484257185011775, 44.29971461113302], [-0.08484257185011775, 44.29979794446635], [-0.08467590518345108, 44.29979794446635], [-0.08467590518345108, 44.299881277799685], [-0.08459257185011775, 44.299881277799685], [-0.08459257185011775, 44.29979794446635], [-0.08434257185011775, 44.29979794446635], [-0.08434257185011775, 44.29971461113302], [-0.08425923851678442, 44.29971461113302], [-0.08425923851678442, 44.29963127779968], [-0.08409257185011774, 44.29963127779968], [-0.08409257185011774, 44.29954794446635], [-0.08400923851678442, 44.29954794446635], [-0.08400923851678442, 44.29946461113302], [-0.08384257185011774, 44.29946461113302], [-0.08384257185011774, 44.29938127779968], [-0.08359257185011774, 44.29938127779968], [-0.08359257185011774, 44.29929794446635], [-0.08334257185011774, 44.29929794446635], [-0.08334257185011774, 44.29904794446635], [-0.08317590518345108, 44.29904794446635], [-0.08317590518345108, 44.298964611133016], [-0.08334257185011774, 44.298964611133016], [-0.08334257185011774, 44.29888127779968], [-0.08317590518345108, 44.29888127779968], [-0.08317590518345108, 44.298631277799686], [-0.08300923851678442, 44.298631277799686], [-0.08300923851678442, 44.298714611133015], [-0.08292590518345108, 44.298714611133015], [-0.08292590518345108, 44.29879794446635], [-0.08225923851678442, 44.29879794446635], [-0.08225923851678442, 44.298714611133015], [-0.08234257185011774, 44.298714611133015], [-0.08234257185011774, 44.298631277799686], [-0.08241870002136106, 44.298631277799686], [-0.08245035965791447, 44.298634068362105], [-0.08248271516521559, 44.2986345039991], [-0.08251496054019401, 44.298632539465316], [-0.08254675150520706, 44.2986281957356], [-0.08257774863439202, 44.29862151918701], [-0.08260762097776936, 44.298612581103626], [-0.08274172135076426, 44.29856648095568], [-0.08277019246456924, 44.29855535800459], [-0.08279691048199078, 44.298542181397494], [-0.08282158926237748, 44.29852709225176], [-0.08284396450526671, 44.298510252167354], [-0.08286379658095423, 44.298491841496165], [-0.0828808730968396, 44.29847205741035], [-0.0829642126894578, 44.29836331324362], [-0.08309981227844157, 44.29822312752547], [-0.08310717662208879, 44.29821461113302], [-0.08317590518345108, 44.29821461113302], [-0.08317590518345108, 44.29829794446635], [-0.08342590518345108, 44.29829794446635], [-0.08342590518345108, 44.298381277799685], [-0.08350923851678442, 44.298381277799685], [-0.08350923851678442, 44.29829794446635], [-0.08359257185011774, 44.29829794446635], [-0.08359257185011774, 44.29821461113302], [-0.08367590518345108, 44.29821461113302], [-0.08367590518345108, 44.29804794446635], [-0.08359257185011774, 44.29804794446635], [-0.08359257185011774, 44.29765039955622], [-0.08359442156647849, 44.29764530236207], [-0.08359848305510405, 44.29763127779968], [-0.08367590518345108, 44.29763127779968], [-0.08367590518345108, 44.29738127779969], [-0.0836708826158287, 44.29738127779969], [-0.08371624336537296, 44.29722464442688], [-0.08371987726853658, 44.297214611133015], [-0.08375923851678442, 44.297214611133015], [-0.08375923851678442, 44.297131277799686], [-0.08384257185011774, 44.297131277799686], [-0.08384257185011774, 44.29704794446635], [-0.08409257185011774, 44.29704794446635], [-0.08409257185011774, 44.297131277799686], [-0.08442590518345108, 44.297131277799686], [-0.08442590518345108, 44.29704794446635], [-0.08450923851678442, 44.29704794446635], [-0.08450923851678442, 44.297214611133015]]]}}, {"type": "Feature", "properties": {"klasse": "Acker"}, "geometry": {"type": "Polygon", "coordinates": [[[-0.08175923851678442, 44.29879794446635], [-0.08175756724852792, 44.29879794446635], [-0.08175923851678442, 44.29879722938987], [-0.08175923851678442, 44.29879794446635]]]}}, {"type": "Feature", "properties": {"klasse": "Acker"}, "geometry": {"type": "Polygon", "coordinates": [[[-0.09059257185011775, 44.298964611133016], [-0.09067590518345109, 44.298964611133016], [-0.09067590518345109, 44.29921461113302], [-0.09050923851678441, 44.29921461113302], [-0.09050923851678441, 44.29904794446635], [-0.09059257185011775, 44.29904794446635], [-0.09059257185011775, 44.298964611133016]]]}}, {"type": "Feature", "properties": {"klasse": "Acker"}, "geometry": {"type": "Polygon", "coordinates": [[[-0.08017590518345108, 44.29913127779968], [-0.0801959320840011, 44.29913127779968], [-0.08017590518345108, 44.29914274305356], [-0.08017590518345108, 44.29913127779968]]]}}, {"type": "Feature", "properties": {"klasse": "Acker"}, "geometry": {"type": "Polygon", "coordinates": [[[-0.08509257185011775, 44.3010872135606], [-0.08509257185011775, 44.30104794446635], [-0.08522176928261034, 44.30104794446635], [-0.08518078903868848, 44.30105874566824], [-0.08515728111944139, 44.301065732092134], [-0.08509257185011775, 44.3010872135606]]]}}, {"type": "Feature", "properties": {"klasse": "Acker"}, "geometry": {"type": "Polygon", "coordinates": [[[-0.08000923851678442, 44.30054794446635], [-0.08017590518345108, 44.30054794446635], [-0.08017590518345108, 44.30063127779968], [-0.08025923851678442, 44.30063127779968], [-0.08025923851678442, 44.30071461113302], [-0.08042590518345108, 44.30071461113302], [-0.08042590518345108, 44.30079794446635], [-0.08050923851678442, 44.30079794446635], [-0.08050923851678442, 44.30088127779968], [-0.08067590518345108, 44.30088127779968], [-0.08067590518345108, 44.30096461113302], [-0.08075923851678442, 44.30096461113302], [-0.08075923851678442, 44.30113127779968], [-0.08100923851678442, 44.30113127779968], [-0.08100923851678442, 44.30121461113302], [-0.08117590518345108, 44.30121461113302], [-0.08117590518345108, 44.30129794446635], [-0.08125923851678442, 44.30129794446635], [-0.08125923851678442, 44.301381277799685], [-0.08134257185011774, 44.301381277799685], [-0.08134257185011774, 44.301631277799686], [-0.08109257185011774, 44.301631277799686], [-0.08109257185011774, 44.301714611133015], [-0.08084257185011776, 44.301714611133015], [-0.08084257185011776, 44.30179794446635], [-0.08017590518345108, 44.30179794446635], [-0.08017590518345108, 44.30188127779968], [-0.08009257185011776, 44.30188127779968], [-0.08009257185011776, 44.301964611133016], [-0.07992590518345108, 44.301964611133016], [-0.07992590518345108, 44.30204794446635], [-0.07959257185011775, 44.30204794446635], [-0.07959257185011775, 44.30213127779968], [-0.07925923851678442, 44.30213127779968], [-0.07925923851678442, 44.30221461113302], [-0.07892590518345108, 44.30221461113302], [-0.07892590518345108, 44.30229794446635], [-0.07867590518345108, 44.30229794446635], [-0.07867590518345108, 44.30238127779968], [-0.07809257185011775, 44.30238127779968], [-0.07809257185011775, 44.30229794446635], [-0.07709257185011775, 44.30229794446635], [-0.07709257185011775, 44.30221461113302], [-0.07692590518345108, 44.30221461113302], [-0.07692590518345108, 44.30213127779968], [-0.07667590518345108, 44.30213127779968], [-0.07667590518345108, 44.30204794446635], [-0.07559257185011775, 44.30204794446635], [-0.07559257185011775, 44.301964611133016], [-0.0755693243101794, 44.301964611133016], [-0.07615787657294802, 44.3015070136148], [-0.07616838228899535, 44.30149841670778], [-0.0764220352212867, 44.3012798827832], [-0.07658607939024871, 44.30116245651017], [-0.07666202598716992, 44.301110702220164], [-0.07678102759194046, 44.301068101218284], [-0.07680861407070243, 44.30105694138335], [-0.07683449064045181, 44.30104383836282], [-0.07685839285008655, 44.30102892606632], [-0.0768800764265184, 44.301012356893686], [-0.07719034713492608, 44.300749853236226], [-0.07720434352012201, 44.300745096696645], [-0.0774315765317641, 44.300715781751656], [-0.07744196602163898, 44.3007143107888], [-0.07771556701357156, 44.300672110658724], [-0.0777461681541749, 44.30066621355145], [-0.07777578308441936, 44.300658126291644], [-0.07780410873192897, 44.3006479316425], [-0.07783085521896221, 44.300635733933696], [-0.07785574882901079, 44.300621657993766], [-0.07787853480800404, 44.300605847872525], [-0.07813060834398168, 44.30041230629129], [-0.07834193039266187, 44.30034402816956], [-0.0785121586968986, 44.300294066345145], [-0.0787079642084091, 44.30027209550214], [-0.07895044085095335, 44.30029171195336], [-0.07897978234910426, 44.30029308812949], [-0.07900917424428991, 44.300292482114635], [-0.07907897451034727, 44.30028868210738], [-0.07911069564608948, 44.30028577942304], [-0.07914183930295351, 44.30028056895573], [-0.07917208081977442, 44.30027310502259], [-0.07920110494016185, 44.3002634654323], [-0.07922860909900643, 44.30025175067393], [-0.07925430657669769, 44.30023808286935], [-0.07927792948810573, 44.30022260450013], [-0.07959257185011775, 44.29999423979867], [-0.07959257185011775, 44.30004794446635], [-0.07967590518345108, 44.30004794446635], [-0.07967590518345108, 44.300214611133015], [-0.07984257185011776, 44.300214611133015], [-0.07984257185011776, 44.30038127779968], [-0.07992590518345108, 44.30038127779968], [-0.07992590518345108, 44.300464611133016], [-0.08000923851678442, 44.300464611133016], [-0.08000923851678442, 44.30054794446635]]]}}, {"type": "Feature", "properties": {"klasse": "Acker"}, "geometry": {"type": "Polygon", "coordinates": [[[-0.08750923851678441, 44.301964611133016], [-0.08759257185011775, 44.301964611133016], [-0.08759257185011775, 44.30213127779968], [-0.08750923851678441, 44.30213127779968], [-0.08750923851678441, 44.301964611133016]]]}}, {"type": "Feature", "properties": {"klasse": "Acker"}, "geometry": {"type": "Polygon", "coordinates": [[[-0.07700923851678441, 44.30271461113302], [-0.07717590518345108, 44.30271461113302], [-0.07717590518345108, 44.302964611133014], [-0.07700923851678441, 44.302964611133014], [-0.07700923851678441, 44.30271461113302]]]}}, {"type": "Feature", "properties": {"klasse": "Acker"}, "geometry": {"type": "Polygon", "coordinates": [[[-0.08086438651535728, 44.302958560060475], [-0.08057028425911332, 44.3029352337818], [-0.0805358838553071, 44.302933874325674], [-0.08050148364765047, 44.30293523633202], [-0.08046749985435125, 44.302939303321374], [-0.08043434365543425, 44.30294602608589], [-0.08025923851678442, 44.30298912676108], [-0.08025923851678442, 44.302964611133014], [-0.08034257185011776, 44.302964611133014], [-0.08034257185011776, 44.302881277799685], [-0.08042590518345108, 44.302881277799685], [-0.08042590518345108, 44.30279794446635], [-0.08151242418835936, 44.30279794446635], [-0.08150733221323471, 44.30281254408506], [-0.08148136261943742, 44.302827688496706], [-0.08113278052012095, 44.30292556780622], [-0.08086438651535728, 44.302958560060475]]]}}, {"type": "Feature", "properties": {"klasse": "Acker"}, "geometry": {"type": "Polygon", "coordinates": [[[-0.07984257185011776, 44.302964611133014], [-0.07992590518345108, 44.302964611133014], [-0.07992590518345108, 44.30304794446635], [-0.07984257185011776, 44.30304794446635], [-0.07984257185011776, 44.302964611133014]]]}}, {"type": "Feature", "properties": {"klasse": "Acker"}, "geometry": {"type": "Polygon", "coordinates": [[[-0.08742590518345109, 44.30363127779968], [-0.08742590518345109, 44.30371461113302], [-0.08734257185011775, 44.30371461113302], [-0.08734257185011775, 44.30379794446635], [-0.08725923851678441, 44.30379794446635], [-0.08725923851678441, 44.30388127779968], [-0.08700923851678441, 44.30388127779968], [-0.08700923851678441, 44.30329794446635], [-0.08709257185011775, 44.30329794446635], [-0.08709257185011775, 44.303214611133015], [-0.08700923851678441, 44.303214611133015], [-0.08700923851678441, 44.303131277799686], [-0.08717590518345109, 44.303131277799686], [-0.08717590518345109, 44.302881277799685], [-0.08725923851678441, 44.302881277799685], [-0.08725923851678441, 44.30279794446635], [-0.08734257185011775, 44.30279794446635], [-0.08734257185011775, 44.30254794446635], [-0.08742590518345109, 44.30254794446635], [-0.08742590518345109, 44.30246461113302], [-0.08759257185011775, 44.30246461113302], [-0.08759257185011775, 44.30254794446635], [-0.08767590518345109, 44.30254794446635], [-0.08767590518345109, 44.302631277799684], [-0.08777190820803599, 44.302631277799684], [-0.08763299999999923, 44.30309], [-0.08765740000000044, 44.3030906], [-0.08792590518345109, 44.30309748913908], [-0.08792590518345109, 44.303131277799686], [-0.08775923851678441, 44.303131277799686], [-0.08775923851678441, 44.303214611133015], [-0.08767590518345109, 44.303214611133015], [-0.08767590518345109, 44.303464611133016], [-0.08759257185011775, 44.303464611133016], [-0.08759257185011775, 44.30354794446635], [-0.08750923851678441, 44.30354794446635], [-0.08750923851678441, 44.30363127779968], [-0.08742590518345109, 44.30363127779968]]]}}, {"type": "Feature", "properties": {"klasse": "Acker"}, "geometry": {"type": "Polygon", "coordinates": [[[-0.09167590518345108, 44.303214611133015], [-0.091733996008798, 44.303214611133015], [-0.09173312026049064, 44.30329794446635], [-0.09167590518345108, 44.30329794446635], [-0.09167590518345108, 44.303214611133015]]]}}, {"type": "Feature", "properties": {"klasse": "Acker"}, "geometry": {"type": "Polygon", "coordinates": [[[-0.07807093604563972, 44.303469181424056], [-0.0778747864933033, 44.30354794446635], [-0.07784257185011775, 44.30354794446635], [-0.07784257185011775, 44.303464611133016], [-0.07808360688183393, 44.303464611133016], [-0.07807093604563972, 44.303469181424056]]]}}, {"type": "Feature", "properties": {"klasse": "Acker"}, "geometry": {"type": "Polygon", "coordinates": [[[-0.08517590518345108, 44.304381277799685], [-0.08525923851678442, 44.304381277799685], [-0.08525923851678442, 44.304464611133014], [-0.08550923851678442, 44.304464611133014], [-0.08550923851678442, 44.30454794446635], [-0.08575923851678442, 44.30454794446635], [-0.08575923851678442, 44.304631277799686], [-0.08567590518345108, 44.304631277799686], [-0.08567590518345108, 44.304714611133015], [-0.08559257185011775, 44.304714611133015], [-0.08559257185011775, 44.30488127779968], [-0.08475923851678442, 44.30488127779968], [-0.08475923851678442, 44.30479794446635], [-0.08450923851678442, 44.30479794446635], [-0.08450923851678442, 44.304714611133015], [-0.08442590518345108, 44.304714611133015], [-0.08442590518345108, 44.304631277799686], [-0.08509257185011775, 44.304631277799686], [-0.08509257185011775, 44.304464611133014], [-0.08517590518345108, 44.304464611133014], [-0.08517590518345108, 44.304381277799685]]]}}, {"type": "Feature", "properties": {"klasse": "Acker"}, "geometry": {"type": "Polygon", "coordinates": [[[-0.09459257185011775, 44.315131277799686], [-0.09459257185011775, 44.315214611133015], [-0.09475923851678442, 44.315214611133015], [-0.09475923851678442, 44.31529794446635], [-0.09467590518345108, 44.31529794446635], [-0.09467590518345108, 44.31538127779968], [-0.09475923851678442, 44.31538127779968], [-0.09475923851678442, 44.31546461113302], [-0.09459257185011775, 44.31546461113302], [-0.09459257185011775, 44.31554794446635], [-0.09384257185011775, 44.31554794446635], [-0.09384257185011775, 44.31546461113302], [-0.09359257185011775, 44.31546461113302], [-0.09359257185011775, 44.31538127779968], [-0.09342590518345108, 44.31538127779968], [-0.09342590518345108, 44.31546461113302], [-0.09309257185011775, 44.31546461113302], [-0.09309257185011775, 44.31554794446635], [-0.09292590518345108, 44.31554794446635], [-0.09292590518345108, 44.31579794446635], [-0.09275923851678441, 44.31579794446635], [-0.09275923851678441, 44.31588127779968], [-0.09217590518345108, 44.31588127779968], [-0.09217590518345108, 44.31596461113302], [-0.09184257185011775, 44.31596461113302], [-0.09184257185011775, 44.31588127779968], [-0.09159257185011775, 44.31588127779968], [-0.09159257185011775, 44.31579794446635], [-0.09134257185011775, 44.31579794446635], [-0.09134257185011775, 44.31554794446635], [-0.09100923851678441, 44.31554794446635], [-0.09100923851678441, 44.31563127779968], [-0.09075923851678441, 44.31563127779968], [-0.09075923851678441, 44.31571461113302], [-0.09067590518345109, 44.31571461113302], [-0.09067590518345109, 44.31588127779968], [-0.09059257185011775, 44.31588127779968], [-0.09059257185011775, 44.31596461113302], [-0.09050923851678441, 44.31596461113302], [-0.09050923851678441, 44.31604794446635], [-0.09042590518345109, 44.31604794446635], [-0.09042590518345109, 44.316131277799684], [-0.09034257185011775, 44.316131277799684], [-0.09034257185011775, 44.31621461113302], [-0.09025923851678441, 44.31621461113302], [-0.09025923851678441, 44.31629794446635], [-0.09000923851678441, 44.31629794446635], [-0.09000923851678441, 44.316381277799685], [-0.08967590518345109, 44.316381277799685], [-0.08967590518345109, 44.31629794446635], [-0.08934257185011775, 44.31629794446635], [-0.08934257185011775, 44.31621461113302], [-0.08925923851678441, 44.31621461113302], [-0.08925923851678441, 44.316131277799684], [-0.08909257185011775, 44.316131277799684], [-0.08909257185011775, 44.31604794446635], [-0.08867590518345109, 44.31604794446635], [-0.08867590518345109, 44.31596461113302], [-0.08842590518345109, 44.31596461113302], [-0.08842590518345109, 44.31588127779968], [-0.08834257185011775, 44.31588127779968], [-0.08834257185011775, 44.31579794446635], [-0.08817590518345109, 44.31579794446635], [-0.08817590518345109, 44.31571461113302], [-0.08809257185011775, 44.31571461113302], [-0.08809257185011775, 44.31546461113302], [-0.08792590518345109, 44.31546461113302], [-0.08792590518345109, 44.31538127779968], [-0.08750923851678441, 44.31538127779968], [-0.08750923851678441, 44.31546461113302], [-0.08692590518345109, 44.31546461113302], [-0.08692590518345109, 44.31538127779968], [-0.08642590518345108, 44.31538127779968], [-0.08642590518345108, 44.31546461113302], [-0.08617590518345108, 44.31546461113302], [-0.08617590518345108, 44.31538127779968], [-0.08609257185011775, 44.31538127779968], [-0.08609257185011775, 44.31529794446635], [-0.08542590518345108, 44.31529794446635], [-0.08542590518345108, 44.315131277799686], [-0.08534257185011775, 44.315131277799686], [-0.08534257185011775, 44.31504794446635], [-0.08509257185011775, 44.31504794446635], [-0.08509257185011775, 44.314964611133014], [-0.08484257185011775, 44.314964611133014], [-0.08484257185011775, 44.314881277799685], [-0.08459257185011775, 44.314881277799685], [-0.08459257185011775, 44.31479794446635], [-0.08450923851678442, 44.31479794446635], [-0.08450923851678442, 44.314631277799684], [-0.08434257185011775, 44.314631277799684], [-0.08434257185011775, 44.31454794446635], [-0.08425923851678442, 44.31454794446635], [-0.08425923851678442, 44.31438127779968], [-0.08350923851678442, 44.31438127779968], [-0.08350923851678442, 44.31421461113302], [-0.08334257185011774, 44.31421461113302], [-0.08334257185011774, 44.31404794446635], [-0.08342590518345108, 44.31404794446635], [-0.08342590518345108, 44.31396461113302], [-0.08325923851678442, 44.31396461113302], [-0.08325923851678442, 44.31388127779968], [-0.08292590518345108, 44.31388127779968], [-0.08292590518345108, 44.313714611133015], [-0.08275923851678442, 44.313714611133015], [-0.08275923851678442, 44.313631277799686], [-0.08259257185011774, 44.313631277799686], [-0.08259257185011774, 44.31354794446635], [-0.08267590518345108, 44.31354794446635], [-0.08267590518345108, 44.31304794446635], [-0.08259257185011774, 44.31304794446635], [-0.08259257185011774, 44.31288127779968], [-0.08250923851678442, 44.31288127779968], [-0.08250923851678442, 44.31279794446635], [-0.08242590518345108, 44.31279794446635], [-0.08242590518345108, 44.31271461113302], [-0.08234257185011774, 44.31271461113302], [-0.08234257185011774, 44.31263127779968], [-0.08192590518345108, 44.31263127779968], [-0.08192590518345108, 44.31254794446635], [-0.08167590518345108, 44.31254794446635], [-0.08167590518345108, 44.31246461113302], [-0.08084257185011776, 44.31246461113302], [-0.08084257185011776, 44.31238127779968], [-0.08059257185011776, 44.31238127779968], [-0.08059257185011776, 44.312214611133015], [-0.08050923851678442, 44.312214611133015], [-0.08050923851678442, 44.312131277799686], [-0.08034257185011776, 44.312131277799686], [-0.08034257185011776, 44.31204794446635], [-0.08025923851678442, 44.31204794446635], [-0.08025923851678442, 44.311964611133014], [-0.08009257185011776, 44.311964611133014], [-0.08009257185011776, 44.311881277799685], [-0.07984257185011776, 44.311881277799685], [-0.07984257185011776, 44.311964611133014], [-0.07967590518345108, 44.311964611133014], [-0.07967590518345108, 44.31204794446635], [-0.07959257185011775, 44.31204794446635], [-0.07959257185011775, 44.312131277799686], [-0.07942590518345108, 44.312131277799686], [-0.07942590518345108, 44.31246461113302], [-0.07934257185011775, 44.31246461113302], [-0.07934257185011775, 44.31296461113302], [-0.07925923851678442, 44.31296461113302], [-0.07925923851678442, 44.31329794446635], [-0.07942590518345108, 44.31329794446635], [-0.07942590518345108, 44.313381277799685], [-0.07992590518345108, 44.313381277799685], [-0.07992590518345108, 44.313464611133014], [-0.08017590518345108, 44.313464611133014], [-0.08017590518345108, 44.313631277799686], [-0.08025923851678442, 44.313631277799686], [-0.08025923851678442, 44.31379794446635], [-0.08042590518345108, 44.31379794446635], [-0.08042590518345108, 44.31388127779968], [-0.08034257185011776, 44.31388127779968], [-0.08034257185011776, 44.31396461113302], [-0.08050923851678442, 44.31396461113302], [-0.08050923851678442, 44.31401818337278], [-0.07925923851678442, 44.31432177777613], [-0.07925923851678442, 44.31421461113302], [-0.07909257185011775, 44.31421461113302], [-0.07909257185011775, 44.31388127779968], [-0.07900923851678442, 44.31388127779968], [-0.07900923851678442, 44.313714611133015], [-0.07909257185011775, 44.313714611133015], [-0.07909257185011775, 44.313631277799686], [-0.07917590518345108, 44.313631277799686], [-0.07917590518345108, 44.313464611133014], [-0.07900923851678442, 44.313464611133014], [-0.07900923851678442, 44.31329794446635], [-0.07859257185011775, 44.31329794446635], [-0.07859257185011775, 44.313381277799685], [-0.07825923851678442, 44.313381277799685], [-0.07825923851678442, 44.31329794446635], [-0.07817590518345108, 44.31329794446635], [-0.07817590518345108, 44.31321461113302], [-0.07800923851678442, 44.31321461113302], [-0.07800923851678442, 44.31304794446635], [-0.07775923851678442, 44.31304794446635], [-0.07775923851678442, 44.31296461113302], [-0.07750923851678442, 44.31296461113302], [-0.07750923851678442, 44.31288127779968], [-0.07734257185011775, 44.31288127779968], [-0.07734257185011775, 44.31279794446635], [-0.07692590518345108, 44.31279794446635], [-0.07692590518345108, 44.31271461113302], [-0.07667590518345108, 44.31271461113302], [-0.07667590518345108, 44.31263127779968], [-0.07634257185011775, 44.31263127779968], [-0.07634257185011775, 44.31254794446635], [-0.07592590518345109, 44.31254794446635], [-0.07592590518345109, 44.31246461113302], [-0.07567590518345109, 44.31246461113302], [-0.07567590518345109, 44.31229794446635], [-0.07534257185011775, 44.31229794446635], [-0.07534257185011775, 44.312214611133015], [-0.07509257185011775, 44.312214611133015], [-0.07509257185011775, 44.312131277799686], [-0.07484257185011775, 44.312131277799686], [-0.07484257185011775, 44.31204794446635], [-0.07467590518345109, 44.31204794446635], [-0.07467590518345109, 44.311964611133014], [-0.07442590518345109, 44.311964611133014], [-0.07442590518345109, 44.311881277799685], [-0.07417590518345109, 44.311881277799685], [-0.07417590518345109, 44.31179794446635], [-0.07400923851678441, 44.31179794446635], [-0.07400923851678441, 44.31171461113302], [-0.07342590518345109, 44.31171461113302], [-0.07342590518345109, 44.31179794446635], [-0.07334257185011775, 44.31179794446635], [-0.07334257185011775, 44.311881277799685], [-0.07317590518345109, 44.311881277799685], [-0.07317590518345109, 44.311964611133014], [-0.07267590518345109, 44.311964611133014], [-0.07267590518345109, 44.311881277799685], [-0.07167590518345109, 44.311881277799685], [-0.07167590518345109, 44.31179794446635], [-0.07142590518345109, 44.31179794446635], [-0.07142590518345109, 44.31171461113302], [-0.07117590518345109, 44.31171461113302], [-0.07117590518345109, 44.311631277799684], [-0.07109257185011775, 44.311631277799684], [-0.07109257185011775, 44.31171461113302], [-0.06992590518345108, 44.31171461113302], [-0.06992590518345108, 44.311631277799684], [-0.06959257185011775, 44.311631277799684], [-0.06959257185011775, 44.31154794446635], [-0.06950923851678442, 44.31154794446635], [-0.06950923851678442, 44.31138127779968], [-0.06934257185011775, 44.31138127779968], [-0.06934257185011775, 44.31129794446635], [-0.06925923851678442, 44.31129794446635], [-0.06925923851678442, 44.31113127779968], [-0.06909257185011775, 44.31113127779968], [-0.06909257185011775, 44.31104794446635], [-0.06900923851678442, 44.31104794446635], [-0.06900923851678442, 44.31088127779968], [-0.06884257185011775, 44.31088127779968], [-0.06884257185011775, 44.31079794446635], [-0.06875923851678442, 44.31079794446635], [-0.06875923851678442, 44.310714611133015], [-0.06859257185011775, 44.310714611133015], [-0.06859257185011775, 44.310631277799686], [-0.06867590518345108, 44.310631277799686], [-0.06867590518345108, 44.310464611133014], [-0.06850923851678442, 44.310464611133014], [-0.06850923851678442, 44.303214611133015], [-0.06859257185011775, 44.303214611133015], [-0.06859257185011775, 44.303131277799686], [-0.06900923851678442, 44.303131277799686], [-0.06900923851678442, 44.30304794446635], [-0.06917590518345108, 44.30304794446635], [-0.06917590518345108, 44.303131277799686], [-0.06925923851678442, 44.303131277799686], [-0.06925923851678442, 44.30304794446635], [-0.06934257185011775, 44.30304794446635], [-0.06934257185011775, 44.302964611133014], [-0.06959257185011775, 44.302964611133014], [-0.06959257185011775, 44.302881277799685], [-0.06967590518345108, 44.302881277799685], [-0.06967590518345108, 44.30213127779968], [-0.06959257185011775, 44.30213127779968], [-0.06959257185011775, 44.30204794446635], [-0.06942590518345108, 44.30204794446635], [-0.06942590518345108, 44.30179794446635], [-0.06934257185011775, 44.30179794446635], [-0.06934257185011775, 44.301714611133015], [-0.06917590518345108, 44.301714611133015], [-0.06917590518345108, 44.301464611133014], [-0.06925923851678442, 44.301464611133014], [-0.06925923851678442, 44.30129794446635], [-0.06909257185011775, 44.30129794446635], [-0.06909257185011775, 44.30104794446635], [-0.06900923851678442, 44.30104794446635], [-0.06900923851678442, 44.30071461113302], [-0.06884257185011775, 44.30071461113302], [-0.06884257185011775, 44.30054794446635], [-0.06892590518345108, 44.30054794446635], [-0.06892590518345108, 44.300464611133016], [-0.06884257185011775, 44.300464611133016], [-0.06884257185011775, 44.30038127779968], [-0.06875923851678442, 44.30038127779968], [-0.06875923851678442, 44.300214611133015], [-0.06867590518345108, 44.300214611133015], [-0.06867590518345108, 44.300131277799686], [-0.06850923851678442, 44.300131277799686], [-0.06850923851678442, 44.298714611133015], [-0.06859257185011775, 44.298714611133015], [-0.06859257185011775, 44.298631277799686], [-0.06867590518345108, 44.298631277799686], [-0.06867590518345108, 44.29854794446635], [-0.06884257185011775, 44.29854794446635], [-0.06884257185011775, 44.298464611133014], [-0.06934257185011775, 44.298464611133014], [-0.06934257185011775, 44.298631277799686], [-0.06950923851678442, 44.298631277799686], [-0.06950923851678442, 44.298714611133015], [-0.06959257185011775, 44.298714611133015], [-0.06959257185011775, 44.298964611133016], [-0.06967590518345108, 44.298964611133016], [-0.06967590518345108, 44.29929794446635], [-0.06959257185011775, 44.29929794446635], [-0.06959257185011775, 44.29938127779968], [-0.06950923851678442, 44.29938127779968], [-0.06950923851678442, 44.29946461113302], [-0.06959257185011775, 44.29946461113302], [-0.06959257185011775, 44.29954794446635], [-0.06967590518345108, 44.29954794446635], [-0.06967590518345108, 44.29963127779968], [-0.07017590518345108, 44.29963127779968], [-0.07017590518345108, 44.29971461113302], [-0.07034257185011775, 44.29971461113302], [-0.07034257185011775, 44.29979794446635], [-0.07017590518345108, 44.29979794446635], [-0.07017590518345108, 44.299881277799685], [-0.07000923851678442, 44.299881277799685], [-0.07000923851678442, 44.30004794446635], [-0.06992590518345108, 44.30004794446635], [-0.06992590518345108, 44.300214611133015], [-0.06984257185011775, 44.300214611133015], [-0.06984257185011775, 44.30029794446635], [-0.06992590518345108, 44.30029794446635], [-0.06992590518345108, 44.30038127779968], [-0.07000923851678442, 44.30038127779968], [-0.07000923851678442, 44.300464611133016], [-0.07017590518345108, 44.300464611133016], [-0.07017590518345108, 44.30054794446635], [-0.07025923851678442, 44.30054794446635], [-0.07025923851678442, 44.30063127779968], [-0.07050923851678442, 44.30063127779968], [-0.07050923851678442, 44.30071461113302], [-0.07075923851678442, 44.30071461113302], [-0.07075923851678442, 44.30096461113302], [-0.07084257185011775, 44.30096461113302], [-0.07084257185011775, 44.30104794446635], [-0.07125923851678441, 44.30104794446635], [-0.07125923851678441, 44.30113127779968], [-0.07134257185011775, 44.30113127779968], [-0.07134257185011775, 44.30121461113302], [-0.07150923851678441, 44.30121461113302], [-0.07150923851678441, 44.30129794446635], [-0.07159257185011775, 44.30129794446635], [-0.07159257185011775, 44.301381277799685], [-0.07175923851678441, 44.301381277799685], [-0.07175923851678441, 44.301464611133014], [-0.07184257185011775, 44.301464611133014], [-0.07184257185011775, 44.30154794446635], [-0.07200923851678441, 44.30154794446635], [-0.07200923851678441, 44.301631277799686], [-0.07192590518345109, 44.301631277799686], [-0.07192590518345109, 44.301714611133015], [-0.07209257185011775, 44.301714611133015], [-0.07209257185011775, 44.30179794446635], [-0.07217590518345109, 44.30179794446635], [-0.07217590518345109, 44.30188127779968], [-0.07234257185011775, 44.30188127779968], [-0.07234257185011775, 44.301964611133016], [-0.07242590518345109, 44.301964611133016], [-0.07242590518345109, 44.30213127779968], [-0.07284257185011775, 44.30213127779968], [-0.07284257185011775, 44.30221461113302], [-0.07359257185011775, 44.30221461113302], [-0.07359257185011775, 44.30254794446635], [-0.07325923851678441, 44.30254794446635], [-0.07325923851678441, 44.302631277799684], [-0.07309257185011775, 44.302631277799684], [-0.07309257185011775, 44.30271461113302], [-0.07284257185011775, 44.30271461113302], [-0.07284257185011775, 44.30279794446635], [-0.07292590518345109, 44.30279794446635], [-0.07292590518345109, 44.302881277799685], [-0.07234257185011775, 44.302881277799685], [-0.07234257185011775, 44.302964611133014], [-0.07184257185011775, 44.302964611133014], [-0.07184257185011775, 44.30304794446635], [-0.07117590518345109, 44.30304794446635], [-0.07117590518345109, 44.303131277799686], [-0.07100923851678441, 44.303131277799686], [-0.07100923851678441, 44.30304794446635], [-0.07075923851678442, 44.30304794446635], [-0.07075923851678442, 44.303131277799686], [-0.07050923851678442, 44.303131277799686], [-0.07050923851678442, 44.303214611133015], [-0.07034257185011775, 44.303214611133015], [-0.07034257185011775, 44.30329794446635], [-0.07025923851678442, 44.30329794446635], [-0.07025923851678442, 44.303464611133016], [-0.07034257185011775, 44.303464611133016], [-0.07034257185011775, 44.30354794446635], [-0.07059257185011775, 44.30354794446635], [-0.07059257185011775, 44.30363127779968], [-0.07100923851678441, 44.30363127779968], [-0.07100923851678441, 44.30371461113302], [-0.07134257185011775, 44.30371461113302], [-0.07134257185011775, 44.30379794446635], [-0.07150923851678441, 44.30379794446635], [-0.07150923851678441, 44.30388127779968], [-0.07175923851678441, 44.30388127779968], [-0.07175923851678441, 44.30404794446635], [-0.07200923851678441, 44.30404794446635], [-0.07200923851678441, 44.304131277799684], [-0.07192590518345109, 44.304131277799684], [-0.07192590518345109, 44.304464611133014], [-0.07209257185011775, 44.304464611133014], [-0.07209257185011775, 44.30454794446635], [-0.07217590518345109, 44.30454794446635], [-0.07217590518345109, 44.304631277799686], [-0.07309257185011775, 44.304631277799686], [-0.07309257185011775, 44.304714611133015], [-0.07334257185011775, 44.304714611133015], [-0.07334257185011775, 44.30479794446635], [-0.07375923851678441, 44.30479794446635], [-0.07375923851678441, 44.304714611133015], [-0.07392590518345109, 44.304714611133015], [-0.07392590518345109, 44.304631277799686], [-0.07400923851678441, 44.304631277799686], [-0.07400923851678441, 44.30454794446635], [-0.07417590518345109, 44.30454794446635], [-0.07417590518345109, 44.304464611133014], [-0.07450923851678441, 44.304464611133014], [-0.07450923851678441, 44.304381277799685], [-0.07617590518345108, 44.304381277799685], [-0.07617590518345108, 44.30429794446635], [-0.07622874317432213, 44.30429794446635], [-0.07613502568810863, 44.30444953171271], [-0.07612365255664708, 44.30447076228259], [-0.07611532369972598, 44.30449270918872], [-0.0761101243065508, 44.304515147962746], [-0.07610810755905908, 44.30453784910533], [-0.07610929408784324, 44.30456058043342], [-0.07613014206558852, 44.30473016177166], [-0.07610468029977796, 44.30478113217943], [-0.0758907437807192, 44.30510828962062], [-0.07561880951243408, 44.305352393649315], [-0.07560080874170218, 44.30537028589513], [-0.07558533685230712, 44.30538935898178], [-0.07557254284856268, 44.30540942922608], [-0.07556254994583232, 44.3054303033416], [-0.07555545438381722, 44.30545178030001], [-0.07555132449962665, 44.305473653267086], [-0.07555020006952194, 44.3054957115946], [-0.07555209192574519, 44.305517742848984], [-0.07555698185205828, 44.30553953485715], [-0.07556482275904514, 44.30556087774984], [-0.07557553913749102, 44.305581565982855], [-0.07558902778545337, 44.30560140031644], [-0.07560515880205633, 44.30562018973426], [-0.07562377683842596, 44.305637753282895], [-0.07564470259371463, 44.30565392181466], [-0.07566773454183487, 44.30566853961654], [-0.0756926508722454, 44.30568146590991], [-0.07571921162612454, 44.30569257620634], [-0.07574716100733059, 44.305701763506505], [-0.07577622984593317, 44.305708939330714], [-0.07580613819053891, 44.30571403457103], [-0.07583659800447357, 44.305717000156896], [-0.07586731593985539, 44.305717807527685], [-0.07589799616280878, 44.30571644890781], [-0.07592834320264842, 44.30571293738157], [-0.07595806479753793, 44.305707306767175], [-0.07598687470927233, 44.305699611291026], [-0.07601449548000556, 44.30568992506551], [-0.07604066110444127, 44.30567834137512], [-0.07606511959168002, 44.305664971778185], [-0.07608763539209713, 44.305649945032386], [-0.07610799166585176, 44.30563340585468], [-0.07640309133531083, 44.30536850521698], [-0.0764244001203645, 44.305346879455165], [-0.07644202023661414, 44.30532360456222], [-0.07667801894197737, 44.304962703944454], [-0.07668932647121986, 44.30494304592352], [-0.07674302601626468, 44.304835545773344], [-0.07675271671979503, 44.30481225625759], [-0.07675638944209393, 44.30479794446635], [-0.07709257185011775, 44.30479794446635], [-0.07709257185011775, 44.30488127779968], [-0.07742590518345108, 44.30488127779968], [-0.07742590518345108, 44.304964611133016], [-0.07767590518345108, 44.304964611133016], [-0.07767590518345108, 44.30504794446635], [-0.07784257185011775, 44.30504794446635], [-0.07784257185011775, 44.30513127779968], [-0.07792590518345108, 44.30513127779968], [-0.07792590518345108, 44.30521461113302], [-0.07809257185011775, 44.30521461113302], [-0.07809257185011775, 44.30529794446635], [-0.07800923851678442, 44.30529794446635], [-0.07800923851678442, 44.30538127779968], [-0.07817590518345108, 44.30538127779968], [-0.07817590518345108, 44.30546461113302], [-0.07825923851678442, 44.30546461113302], [-0.07825923851678442, 44.30571461113302], [-0.07842590518345108, 44.30571461113302], [-0.07842590518345108, 44.30579794446635], [-0.07825923851678442, 44.30579794446635], [-0.07825923851678442, 44.305881277799685], [-0.07817590518345108, 44.305881277799685], [-0.07817590518345108, 44.306131277799686], [-0.07825923851678442, 44.306131277799686], [-0.07825923851678442, 44.306214611133015], [-0.07850923851678442, 44.306214611133015], [-0.07850923851678442, 44.30638127779968], [-0.07884257185011775, 44.30638127779968], [-0.07884257185011775, 44.306464611133016], [-0.07909257185011775, 44.306464611133016], [-0.07909257185011775, 44.30654794446635], [-0.07959257185011775, 44.30654794446635], [-0.07959257185011775, 44.306464611133016], [-0.07975923851678442, 44.306464611133016], [-0.07975923851678442, 44.30671461113302], [-0.07984257185011776, 44.30671461113302], [-0.07984257185011776, 44.306797944466354], [-0.08025923851678442, 44.306797944466354], [-0.08025923851678442, 44.30688127779968], [-0.08034257185011776, 44.30688127779968], [-0.08034257185011776, 44.30704794446635], [-0.08050923851678442, 44.30704794446635], [-0.08050923851678442, 44.307131277799684], [-0.08067590518345108, 44.307131277799684], [-0.08067590518345108, 44.30721461113302], [-0.08084257185011776, 44.30721461113302], [-0.08084257185011776, 44.30729794446635], [-0.08109257185011774, 44.30729794446635], [-0.08109257185011774, 44.307381277799685], [-0.08142590518345108, 44.307381277799685], [-0.08142590518345108, 44.307464611133014], [-0.08167590518345108, 44.307464611133014], [-0.08167590518345108, 44.307631277799686], [-0.08217590518345108, 44.307631277799686], [-0.08217590518345108, 44.307714611133015], [-0.08234257185011774, 44.307714611133015], [-0.08234257185011774, 44.30779794446635], [-0.08267590518345108, 44.30779794446635], [-0.08267590518345108, 44.30788127779968], [-0.08334257185011774, 44.30788127779968], [-0.08334257185011774, 44.307964611133016], [-0.08359257185011774, 44.307964611133016], [-0.08359257185011774, 44.30804794446635], [-0.08384257185011774, 44.30804794446635], [-0.08384257185011774, 44.30813127779968], [-0.08425923851678442, 44.30813127779968], [-0.08425923851678442, 44.30804794446635], [-0.08434257185011775, 44.30804794446635], [-0.08434257185011775, 44.307964611133016], [-0.08442590518345108, 44.307964611133016], [-0.08442590518345108, 44.307464611133014], [-0.08434257185011775, 44.307464611133014], [-0.08434257185011775, 44.30729794446635], [-0.08442590518345108, 44.30729794446635], [-0.08442590518345108, 44.30721461113302], [-0.08459257185011775, 44.30721461113302], [-0.08459257185011775, 44.307131277799684], [-0.08467590518345108, 44.307131277799684], [-0.08467590518345108, 44.30704794446635], [-0.08484257185011775, 44.30704794446635], [-0.08484257185011775, 44.30688127779968], [-0.08492590518345108, 44.30688127779968], [-0.08492590518345108, 44.306797944466354], [-0.08509257185011775, 44.306797944466354], [-0.08509257185011775, 44.30663127779968], [-0.08525923851678442, 44.30663127779968], [-0.08525923851678442, 44.30654794446635], [-0.08534257185011775, 44.30654794446635], [-0.08534257185011775, 44.306464611133016], [-0.08542590518345108, 44.306464611133016], [-0.08542590518345108, 44.30629794446635], [-0.08550923851678442, 44.30629794446635], [-0.08550923851678442, 44.306131277799686], [-0.08559257185011775, 44.306131277799686], [-0.08559257185011775, 44.30604794446635], [-0.08567590518345108, 44.30604794446635], [-0.08567590518345108, 44.305964611133014], [-0.08575923851678442, 44.305964611133014], [-0.08575923851678442, 44.305881277799685], [-0.08592590518345108, 44.305881277799685], [-0.08592590518345108, 44.30579794446635], [-0.08600923851678442, 44.30579794446635], [-0.08600923851678442, 44.30571461113302], [-0.08625923851678441, 44.30571461113302], [-0.08625923851678441, 44.305631277799684], [-0.08667590518345109, 44.305631277799684], [-0.08667590518345109, 44.30571461113302], [-0.08684257185011775, 44.30571461113302], [-0.08684257185011775, 44.305881277799685], [-0.08675923851678441, 44.305881277799685], [-0.08675923851678441, 44.30654794446635], [-0.08800923851678441, 44.30654794446635], [-0.08800923851678441, 44.30663127779968], [-0.08900923851678441, 44.30663127779968], [-0.08900923851678441, 44.30654794446635], [-0.08925923851678441, 44.30654794446635], [-0.08925923851678441, 44.306464611133016], [-0.08959257185011775, 44.306464611133016], [-0.08959257185011775, 44.30638127779968], [-0.08992590518345109, 44.30638127779968], [-0.08992590518345109, 44.30629794446635], [-0.09000923851678441, 44.30629794446635], [-0.09000923851678441, 44.306214611133015], [-0.09009257185011775, 44.306214611133015], [-0.09009257185011775, 44.306131277799686], [-0.09025923851678441, 44.306131277799686], [-0.09025923851678441, 44.30604794446635], [-0.09050923851678441, 44.30604794446635], [-0.09050923851678441, 44.306131277799686], [-0.09067590518345109, 44.306131277799686], [-0.09067590518345109, 44.30629794446635], [-0.09075923851678441, 44.30629794446635], [-0.09075923851678441, 44.306464611133016], [-0.09067590518345109, 44.306464611133016], [-0.09067590518345109, 44.306797944466354], [-0.09059257185011775, 44.306797944466354], [-0.09059257185011775, 44.30688127779968], [-0.09050923851678441, 44.30688127779968], [-0.09050923851678441, 44.307131277799684], [-0.09042590518345109, 44.307131277799684], [-0.09042590518345109, 44.30721461113302], [-0.09034257185011775, 44.30721461113302], [-0.09034257185011775, 44.307381277799685], [-0.09025923851678441, 44.307381277799685], [-0.09025923851678441, 44.307464611133014], [-0.09017590518345109, 44.307464611133014], [-0.09017590518345109, 44.30754794446635], [-0.09009257185011775, 44.30754794446635], [-0.09009257185011775, 44.307964611133016], [-0.09000923851678441, 44.307964611133016], [-0.09000923851678441, 44.30804794446635], [-0.08992590518345109, 44.30804794446635], [-0.08992590518345109, 44.30838127779968], [-0.08984257185011775, 44.30838127779968], [-0.08984257185011775, 44.30846461113302], [-0.08975923851678441, 44.30846461113302], [-0.08975923851678441, 44.30854794446635], [-0.08950923851678441, 44.30854794446635], [-0.08950923851678441, 44.308631277799684], [-0.08934257185011775, 44.308631277799684], [-0.08934257185011775, 44.30871461113302], [-0.08925923851678441, 44.30871461113302], [-0.08925923851678441, 44.30879794446635], [-0.08900923851678441, 44.30879794446635], [-0.08900923851678441, 44.308881277799685], [-0.08875923851678441, 44.308881277799685], [-0.08875923851678441, 44.308964611133014], [-0.08792590518345109, 44.308964611133014], [-0.08792590518345109, 44.30879794446635], [-0.08742590518345109, 44.30879794446635], [-0.08742590518345109, 44.30871461113302], [-0.08675923851678441, 44.30871461113302], [-0.08675923851678441, 44.308631277799684], [-0.08617590518345108, 44.308631277799684], [-0.08617590518345108, 44.30854794446635], [-0.08600923851678442, 44.30854794446635], [-0.08600923851678442, 44.308631277799684], [-0.08575923851678442, 44.308631277799684], [-0.08575923851678442, 44.30854794446635], [-0.08567590518345108, 44.30854794446635], [-0.08567590518345108, 44.30838127779968], [-0.08517590518345108, 44.30838127779968], [-0.08517590518345108, 44.30829794446635], [-0.08500923851678442, 44.30829794446635], [-0.08500923851678442, 44.30838127779968], [-0.08492590518345108, 44.30838127779968], [-0.08492590518345108, 44.30846461113302], [-0.08484257185011775, 44.30846461113302], [-0.08484257185011775, 44.30854794446635], [-0.08475923851678442, 44.30854794446635], [-0.08475923851678442, 44.308631277799684], [-0.08467590518345108, 44.308631277799684], [-0.08467590518345108, 44.308881277799685], [-0.08450923851678442, 44.308881277799685], [-0.08450923851678442, 44.309131277799686], [-0.08442590518345108, 44.309131277799686], [-0.08442590518345108, 44.309214611133015], [-0.08434257185011775, 44.309214611133015], [-0.08434257185011775, 44.30938127779968], [-0.08425923851678442, 44.30938127779968], [-0.08425923851678442, 44.309464611133016], [-0.08417590518345108, 44.309464611133016], [-0.08417590518345108, 44.30954794446635], [-0.08409257185011774, 44.30954794446635], [-0.08409257185011774, 44.30979794446635], [-0.08434257185011775, 44.30979794446635], [-0.08434257185011775, 44.30988127779968], [-0.08459257185011775, 44.30988127779968], [-0.08459257185011775, 44.30996461113302], [-0.08492590518345108, 44.30996461113302], [-0.08492590518345108, 44.31004794446635], [-0.08542590518345108, 44.31004794446635], [-0.08542590518345108, 44.310131277799684], [-0.08559257185011775, 44.310131277799684], [-0.08559257185011775, 44.31021461113302], [-0.08567590518345108, 44.31021461113302], [-0.08567590518345108, 44.31029794446635], [-0.08584257185011775, 44.31029794446635], [-0.08584257185011775, 44.310381277799685], [-0.08609257185011775, 44.310381277799685], [-0.08609257185011775, 44.310464611133014], [-0.08625923851678441, 44.310464611133014], [-0.08625923851678441, 44.31054794446635], [-0.08659257185011775, 44.31054794446635], [-0.08659257185011775, 44.310631277799686], [-0.08667590518345109, 44.310631277799686], [-0.08667590518345109, 44.310714611133015], [-0.08734257185011775, 44.310714611133015], [-0.08734257185011775, 44.310631277799686], [-0.08742590518345109, 44.310631277799686], [-0.08742590518345109, 44.310464611133014], [-0.08750923851678441, 44.310464611133014], [-0.08750923851678441, 44.310381277799685], [-0.08759257185011775, 44.310381277799685], [-0.08759257185011775, 44.31004794446635], [-0.08767590518345109, 44.31004794446635], [-0.08767590518345109, 44.30996461113302], [-0.08792590518345109, 44.30996461113302], [-0.08792590518345109, 44.30988127779968], [-0.08809257185011775, 44.30988127779968], [-0.08809257185011775, 44.31004794446635], [-0.08834257185011775, 44.31004794446635], [-0.08834257185011775, 44.310131277799684], [-0.08842590518345109, 44.310131277799684], [-0.08842590518345109, 44.310464611133014], [-0.08867590518345109, 44.310464611133014], [-0.08867590518345109, 44.31054794446635], [-0.08884257185011775, 44.31054794446635], [-0.08884257185011775, 44.310631277799686], [-0.08909257185011775, 44.310631277799686], [-0.08909257185011775, 44.31079794446635], [-0.08917590518345109, 44.31079794446635], [-0.08917590518345109, 44.31088127779968], [-0.08934257185011775, 44.31088127779968], [-0.08934257185011775, 44.31104794446635], [-0.08942590518345109, 44.31104794446635], [-0.08942590518345109, 44.31113127779968], [-0.08934257185011775, 44.31113127779968], [-0.08934257185011775, 44.31121461113302], [-0.08925923851678441, 44.31121461113302], [-0.08925923851678441, 44.31129794446635], [-0.08942590518345109, 44.31129794446635], [-0.08942590518345109, 44.31146461113302], [-0.08950923851678441, 44.31146461113302], [-0.08950923851678441, 44.31154794446635], [-0.08967590518345109, 44.31154794446635], [-0.08967590518345109, 44.311631277799684], [-0.08975923851678441, 44.311631277799684], [-0.08975923851678441, 44.31171461113302], [-0.08992590518345109, 44.31171461113302], [-0.08992590518345109, 44.31179794446635], [-0.09000923851678441, 44.31179794446635], [-0.09000923851678441, 44.311881277799685], [-0.09017590518345109, 44.311881277799685], [-0.09017590518345109, 44.311964611133014], [-0.09025923851678441, 44.311964611133014], [-0.09025923851678441, 44.31204794446635], [-0.09034257185011775, 44.31204794446635], [-0.09034257185011775, 44.312131277799686], [-0.09050923851678441, 44.312131277799686], [-0.09050923851678441, 44.312214611133015], [-0.09084257185011775, 44.312214611133015], [-0.09084257185011775, 44.31229794446635], [-0.09092590518345109, 44.31229794446635], [-0.09092590518345109, 44.312214611133015], [-0.09117590518345108, 44.312214611133015], [-0.09117590518345108, 44.312131277799686], [-0.09150923851678441, 44.312131277799686], [-0.09150923851678441, 44.31204794446635], [-0.09175923851678441, 44.31204794446635], [-0.09175923851678441, 44.311881277799685], [-0.09184257185011775, 44.311881277799685], [-0.09184257185011775, 44.31179794446635], [-0.09200923851678441, 44.31179794446635], [-0.09200923851678441, 44.31171461113302], [-0.09209257185011775, 44.31171461113302], [-0.09209257185011775, 44.311631277799684], [-0.09217590518345108, 44.311631277799684], [-0.09217590518345108, 44.31154794446635], [-0.09225923851678441, 44.31154794446635], [-0.09225923851678441, 44.31129794446635], [-0.09242590518345108, 44.31129794446635], [-0.09242590518345108, 44.31121461113302], [-0.09250923851678441, 44.31121461113302], [-0.09250923851678441, 44.31113127779968], [-0.09267590518345108, 44.31113127779968], [-0.09267590518345108, 44.31104794446635], [-0.09292590518345108, 44.31104794446635], [-0.09292590518345108, 44.31138127779968], [-0.09275923851678441, 44.31138127779968], [-0.09275923851678441, 44.31146461113302], [-0.09259257185011775, 44.31146461113302], [-0.09259257185011775, 44.31154794446635], [-0.09250923851678441, 44.31154794446635], [-0.09250923851678441, 44.311631277799684], [-0.09234257185011775, 44.311631277799684], [-0.09234257185011775, 44.31171461113302], [-0.09225923851678441, 44.31171461113302], [-0.09225923851678441, 44.311881277799685], [-0.09217590518345108, 44.311881277799685], [-0.09217590518345108, 44.31204794446635], [-0.09200923851678441, 44.31204794446635], [-0.09200923851678441, 44.312131277799686], [-0.09192590518345108, 44.312131277799686], [-0.09192590518345108, 44.31214888216227], [-0.09183249999999918, 44.3121265], [-0.09071229999999994, 44.3131671], [-0.08729590000000034, 44.3130636], [-0.08695720000000125, 44.314863599999995], [-0.08948989999999966, 44.3157037], [-0.0918598000000001, 44.3146951], [-0.09367590518345108, 44.314654782327615], [-0.09367590518345108, 44.31471461113302], [-0.09392590518345108, 44.31471461113302], [-0.09392590518345108, 44.31479794446635], [-0.09400923851678442, 44.31479794446635], [-0.09400923851678442, 44.314881277799685], [-0.09425923851678442, 44.314881277799685], [-0.09425923851678442, 44.314964611133014], [-0.09450923851678442, 44.314964611133014], [-0.09450923851678442, 44.315131277799686], [-0.09459257185011775, 44.315131277799686]], [[-0.07034257185011775, 44.30304794446635], [-0.07034257185011775, 44.303131277799686], [-0.07042590518345108, 44.303131277799686], [-0.07042590518345108, 44.30304794446635], [-0.07034257185011775, 44.30304794446635]]]}}, {"type": "Feature", "properties": {"klasse": "Acker"}, "geometry": {"type": "Polygon", "coordinates": [[[-0.07809257185011775, 44.313464611133014], [-0.07817590518345108, 44.313464611133014], [-0.07817590518345108, 44.31354794446635], [-0.07809257185011775, 44.31354794446635], [-0.07809257185011775, 44.313464611133014]]]}}, {"type": "Feature", "properties": {"klasse": "Acker"}, "geometry": {"type": "Polygon", "coordinates": [[[-0.07800923851678442, 44.31354794446635], [-0.07809257185011775, 44.31354794446635], [-0.07809257185011775, 44.313631277799686], [-0.07800923851678442, 44.313631277799686], [-0.07800923851678442, 44.31354794446635]]]}}, {"type": "Feature", "properties": {"klasse": "Acker"}, "geometry": {"type": "Polygon", "coordinates": [[[-0.07792590518345108, 44.313631277799686], [-0.07800923851678442, 44.313631277799686], [-0.07800923851678442, 44.313714611133015], [-0.07792590518345108, 44.313714611133015], [-0.07792590518345108, 44.313631277799686]]]}}, {"type": "Feature", "properties": {"klasse": "Acker"}, "geometry": {"type": "Polygon", "coordinates": [[[-0.07759257185011775, 44.31571461113302], [-0.07742590518345108, 44.31571461113302], [-0.07742590518345108, 44.31563127779968], [-0.07750923851678442, 44.31563127779968], [-0.07750923851678442, 44.31554794446635], [-0.07759257185011775, 44.31554794446635], [-0.07759257185011775, 44.31546461113302], [-0.07767590518345108, 44.31546461113302], [-0.07767590518345108, 44.31563127779968], [-0.07759257185011775, 44.31563127779968], [-0.07759257185011775, 44.31571461113302]]]}}, {"type": "Feature", "properties": {"klasse": "Acker"}, "geometry": {"type": "Polygon", "coordinates": [[[-0.07542590518345109, 44.31713127779968], [-0.07542590518345109, 44.31704794446635], [-0.07509257185011775, 44.31704794446635], [-0.07509257185011775, 44.31688127779968], [-0.07517590518345109, 44.31688127779968], [-0.07517590518345109, 44.31679794446635], [-0.07525923851678441, 44.31679794446635], [-0.07525923851678441, 44.316714611133015], [-0.07534257185011775, 44.316714611133015], [-0.07534257185011775, 44.31663127779969], [-0.07542590518345109, 44.31663127779969], [-0.07542590518345109, 44.31654794446635], [-0.07559257185011775, 44.31654794446635], [-0.07559257185011775, 44.316464611133014], [-0.07567590518345109, 44.316464611133014], [-0.07567590518345109, 44.316381277799685], [-0.07609257185011775, 44.316381277799685], [-0.07609257185011775, 44.31629794446635], [-0.07617590518345108, 44.31629794446635], [-0.07617590518345108, 44.31621461113302], [-0.07634257185011775, 44.31621461113302], [-0.07634257185011775, 44.316131277799684], [-0.07659257185011775, 44.316131277799684], [-0.07659257185011775, 44.31604794446635], [-0.07675923851678441, 44.31604794446635], [-0.07675923851678441, 44.31596461113302], [-0.07684257185011775, 44.31596461113302], [-0.07684257185011775, 44.31588127779968], [-0.07692590518345108, 44.31588127779968], [-0.07692590518345108, 44.31579794446635], [-0.07784257185011775, 44.31579794446635], [-0.07784257185011775, 44.31571461113302], [-0.07809257185011775, 44.31571461113302], [-0.07809257185011775, 44.31563127779968], [-0.07817590518345108, 44.31563127779968], [-0.07817590518345108, 44.31571461113302], [-0.07834257185011775, 44.31571461113302], [-0.07834257185011775, 44.31563127779968], [-0.07850923851678442, 44.31563127779968], [-0.07850923851678442, 44.31554794446635], [-0.07892590518345108, 44.31554794446635], [-0.07892590518345108, 44.31563127779968], [-0.07900923851678442, 44.31563127779968], [-0.07900923851678442, 44.31604794446635], [-0.07875923851678442, 44.31604794446635], [-0.07875923851678442, 44.316131277799684], [-0.07892590518345108, 44.316131277799684], [-0.07892590518345108, 44.31617667319482], [-0.07883135214741034, 44.31621461113302], [-0.07850923851678442, 44.31621461113302], [-0.07850923851678442, 44.316131277799684], [-0.07809257185011775, 44.316131277799684], [-0.07809257185011775, 44.31621461113302], [-0.07784257185011775, 44.31621461113302], [-0.07784257185011775, 44.31629794446635], [-0.07775923851678442, 44.31629794446635], [-0.07775923851678442, 44.316464611133014], [-0.07767590518345108, 44.316464611133014], [-0.07767590518345108, 44.31654794446635], [-0.07759257185011775, 44.31654794446635], [-0.07759257185011775, 44.31663127779969], [-0.07750923851678442, 44.31663127779969], [-0.07750923851678442, 44.31674508870744], [-0.07737750567324696, 44.31679794446635], [-0.07734257185011775, 44.31679794446635], [-0.07734257185011775, 44.31681196112069], [-0.07716981331980517, 44.31688127779968], [-0.07709257185011775, 44.31688127779968], [-0.07709257185011775, 44.31691226974057], [-0.07654673625944437, 44.31713127779968], [-0.07625923851678441, 44.31713127779968], [-0.07625923851678441, 44.31704794446635], [-0.07617590518345108, 44.31704794446635], [-0.07617590518345108, 44.31713127779968], [-0.07609257185011775, 44.31713127779968], [-0.07609257185011775, 44.31721461113302], [-0.07600923851678441, 44.31721461113302], [-0.07600923851678441, 44.31713127779968], [-0.07542590518345109, 44.31713127779968]]]}}, {"type": "Feature", "properties": {"klasse": "Acker"}, "geometry": {"type": "Polygon", "coordinates": [[[-0.07825923851678442, 44.316381277799685], [-0.07825923851678442, 44.316444162847816], [-0.07809257185011775, 44.316511035261065], [-0.07809257185011775, 44.316464611133014], [-0.07817590518345108, 44.316464611133014], [-0.07817590518345108, 44.316381277799685], [-0.07825923851678442, 44.316381277799685]]]}}, {"type": "Feature", "properties": {"klasse": "Acker"}, "geometry": {"type": "Polygon", "coordinates": [[[-0.08609257185011775, 44.32279794446635], [-0.08592590518345108, 44.32279794446635], [-0.08592590518345108, 44.32304794446635], [-0.08567590518345108, 44.32304794446635], [-0.08567590518345108, 44.32329794446635], [-0.08559257185011775, 44.32329794446635], [-0.08559257185011775, 44.32338127779968], [-0.08542590518345108, 44.32338127779968], [-0.08542590518345108, 44.32346461113302], [-0.08525923851678442, 44.32346461113302], [-0.08525923851678442, 44.32371461113301], [-0.08517590518345108, 44.32371461113301], [-0.08517590518345108, 44.32379794446635], [-0.08509257185011775, 44.32379794446635], [-0.08509257185011775, 44.323881277799686], [-0.08500923851678442, 44.323881277799686], [-0.08500923851678442, 44.32413127779969], [-0.08492590518345108, 44.32413127779969], [-0.08492590518345108, 44.32429794446635], [-0.08484257185011775, 44.32429794446635], [-0.08484257185011775, 44.32454794446635], [-0.08459257185011775, 44.32454794446635], [-0.08459257185011775, 44.32463127779968], [-0.08475923851678442, 44.32463127779968], [-0.08475923851678442, 44.32471461113302], [-0.08484257185011775, 44.32471461113302], [-0.08484257185011775, 44.324744295019634], [-0.08465404218801388, 44.32496461113302], [-0.08459257185011775, 44.32496461113302], [-0.08459257185011775, 44.32503644548408], [-0.08458273190147449, 44.32504794446635], [-0.08417590518345108, 44.32504794446635], [-0.08417590518345108, 44.325131277799684], [-0.08409257185011774, 44.325131277799684], [-0.08409257185011774, 44.32521461113301], [-0.08400923851678442, 44.32521461113301], [-0.08400923851678442, 44.32529794446635], [-0.08392590518345108, 44.32529794446635], [-0.08392590518345108, 44.325381277799686], [-0.08367590518345108, 44.325381277799686], [-0.08367590518345108, 44.32529794446635], [-0.08359257185011774, 44.32529794446635], [-0.08359257185011774, 44.32488127779968], [-0.08350923851678442, 44.32488127779968], [-0.08350923851678442, 44.32471461113302], [-0.08334257185011774, 44.32471461113302], [-0.08334257185011774, 44.32463127779968], [-0.08325923851678442, 44.32463127779968], [-0.08325923851678442, 44.32454794446635], [-0.08309257185011774, 44.32454794446635], [-0.08309257185011774, 44.32438127779968], [-0.08300923851678442, 44.32438127779968], [-0.08300923851678442, 44.32429794446635], [-0.08284257185011774, 44.32429794446635], [-0.08284257185011774, 44.324214611133016], [-0.08275923851678442, 44.324214611133016], [-0.08275923851678442, 44.32404794446635], [-0.08267590518345108, 44.32404794446635], [-0.08267590518345108, 44.323881277799686], [-0.08250923851678442, 44.323881277799686], [-0.08250923851678442, 44.32379794446635], [-0.08242590518345108, 44.32379794446635], [-0.08242590518345108, 44.32371461113301], [-0.08225923851678442, 44.32371461113301], [-0.08225923851678442, 44.323631277799684], [-0.08217590518345108, 44.323631277799684], [-0.08217590518345108, 44.32354794446635], [-0.08200923851678442, 44.32354794446635], [-0.08200923851678442, 44.32338127779968], [-0.08192590518345108, 44.32338127779968], [-0.08192590518345108, 44.32329794446635], [-0.08167590518345108, 44.32329794446635], [-0.08167590518345108, 44.32313127779968], [-0.08159257185011774, 44.32313127779968], [-0.08159257185011774, 44.32288127779968], [-0.08142590518345108, 44.32288127779968], [-0.08142590518345108, 44.32279794446635], [-0.08134257185011774, 44.32279794446635], [-0.08134257185011774, 44.322714611133016], [-0.08117590518345108, 44.322714611133016], [-0.08117590518345108, 44.32263127779969], [-0.08109257185011774, 44.32263127779969], [-0.08109257185011774, 44.32254794446635], [-0.08092590518345108, 44.32254794446635], [-0.08092590518345108, 44.322464611133015], [-0.08084257185011776, 44.322464611133015], [-0.08084257185011776, 44.32229794446635], [-0.08075923851678442, 44.32229794446635], [-0.08075923851678442, 44.32204794446635], [-0.08059257185011776, 44.32204794446635], [-0.08059257185011776, 44.32196461113302], [-0.08067590518345108, 44.32196461113302], [-0.08067590518345108, 44.32188127779968], [-0.08075923851678442, 44.32188127779968], [-0.08075923851678442, 44.32154794446635], [-0.08084257185011776, 44.32154794446635], [-0.08084257185011776, 44.32146461113302], [-0.08109257185011774, 44.32146461113302], [-0.08109257185011774, 44.32138127779968], [-0.08117590518345108, 44.32138127779968], [-0.08117590518345108, 44.32129794446635], [-0.08125923851678442, 44.32129794446635], [-0.08125923851678442, 44.32117601823344], [-0.08400923851678442, 44.31978824415164], [-0.08400923851678442, 44.31979794446635], [-0.08409257185011774, 44.31979794446635], [-0.08409257185011774, 44.31988127779968], [-0.08425923851678442, 44.31988127779968], [-0.08425923851678442, 44.32004794446635], [-0.08434257185011775, 44.32004794446635], [-0.08434257185011775, 44.32021461113302], [-0.08442590518345108, 44.32021461113302], [-0.08442590518345108, 44.32029794446635], [-0.08459257185011775, 44.32029794446635], [-0.08459257185011775, 44.32038127779968], [-0.08467590518345108, 44.32038127779968], [-0.08467590518345108, 44.32054794446635], [-0.08484257185011775, 44.32054794446635], [-0.08484257185011775, 44.320631277799684], [-0.08492590518345108, 44.320631277799684], [-0.08492590518345108, 44.32071461113301], [-0.08509257185011775, 44.32071461113301], [-0.08509257185011775, 44.32079794446635], [-0.08517590518345108, 44.32079794446635], [-0.08517590518345108, 44.32104794446635], [-0.08525923851678442, 44.32104794446635], [-0.08525923851678442, 44.32113127779969], [-0.08542590518345108, 44.32113127779969], [-0.08542590518345108, 44.321214611133016], [-0.08550923851678442, 44.321214611133016], [-0.08550923851678442, 44.32129794446635], [-0.08567590518345108, 44.32129794446635], [-0.08567590518345108, 44.32138127779968], [-0.08575923851678442, 44.32138127779968], [-0.08575923851678442, 44.32146461113302], [-0.08592590518345108, 44.32146461113302], [-0.08592590518345108, 44.32154794446635], [-0.08600923851678442, 44.32154794446635], [-0.08600923851678442, 44.32163127779968], [-0.08617590518345108, 44.32163127779968], [-0.08617590518345108, 44.32179794446635], [-0.08625923851678441, 44.32179794446635], [-0.08625923851678441, 44.32188127779968], [-0.08659257185011775, 44.32188127779968], [-0.08659257185011775, 44.32179794446635], [-0.08675923851678441, 44.32179794446635], [-0.08675923851678441, 44.32171461113302], [-0.08684257185011775, 44.32171461113302], [-0.08684257185011775, 44.32163127779968], [-0.08692590518345109, 44.32163127779968], [-0.08692590518345109, 44.32146461113302], [-0.08700923851678441, 44.32146461113302], [-0.08700923851678441, 44.32138127779968], [-0.08709257185011775, 44.32138127779968], [-0.08709257185011775, 44.321214611133016], [-0.08725923851678441, 44.321214611133016], [-0.08725923851678441, 44.32104794446635], [-0.08742590518345109, 44.32104794446635], [-0.08742590518345109, 44.32079794446635], [-0.08750923851678441, 44.32079794446635], [-0.08750923851678441, 44.32071461113301], [-0.08759257185011775, 44.32071461113301], [-0.08759257185011775, 44.320631277799684], [-0.08767590518345109, 44.320631277799684], [-0.08767590518345109, 44.32054794446635], [-0.08792590518345109, 44.32054794446635], [-0.08792590518345109, 44.320631277799684], [-0.08809257185011775, 44.320631277799684], [-0.08809257185011775, 44.32071461113301], [-0.08817590518345109, 44.32071461113301], [-0.08817590518345109, 44.320631277799684], [-0.08836217708825694, 44.320631277799684], [-0.08714990221702644, 44.32204794446635], [-0.08675923851678441, 44.32204794446635], [-0.08675923851678441, 44.32196461113302], [-0.08667590518345109, 44.32196461113302], [-0.08667590518345109, 44.32204794446635], [-0.08659257185011775, 44.32204794446635], [-0.08659257185011775, 44.322131277799684], [-0.08675923851678441, 44.322131277799684], [-0.08675923851678441, 44.32221461113301], [-0.08667590518345109, 44.32221461113301], [-0.08667590518345109, 44.32229794446635], [-0.08675923851678441, 44.32229794446635], [-0.08675923851678441, 44.322381277799686], [-0.08686466107085063, 44.322381277799686], [-0.08679335078431123, 44.322464611133015], [-0.08650923851678441, 44.322464611133015], [-0.08650923851678441, 44.322381277799686], [-0.08642590518345108, 44.322381277799686], [-0.08642590518345108, 44.322464611133015], [-0.08634257185011775, 44.322464611133015], [-0.08634257185011775, 44.32254794446635], [-0.08617590518345108, 44.32254794446635], [-0.08617590518345108, 44.32263127779969], [-0.08609257185011775, 44.32263127779969], [-0.08609257185011775, 44.32279794446635]]]}}, {"type": "Feature", "properties": {"klasse": "Acker"}, "geometry": {"type": "Polygon", "coordinates": [[[-0.07767590518345108, 44.32496461113302], [-0.07775923851678442, 44.32496461113302], [-0.07775923851678442, 44.32488127779968], [-0.07784257185011775, 44.32488127779968], [-0.07784257185011775, 44.32479794446635], [-0.07792590518345108, 44.32479794446635], [-0.07792590518345108, 44.32504794446635], [-0.07767590518345108, 44.32504794446635], [-0.07767590518345108, 44.32496461113302]]]}}, {"type": "Feature", "properties": {"klasse": "Acker"}, "geometry": {"type": "Polygon", "coordinates": [[[-0.08117590518345108, 44.32504794446635], [-0.08184257185011774, 44.32504794446635], [-0.08184257185011774, 44.32521461113301], [-0.08167590518345108, 44.32521461113301], [-0.08167590518345108, 44.32529794446635], [-0.08067590518345108, 44.32529794446635], [-0.08067590518345108, 44.32521461113301], [-0.08042590518345108, 44.32521461113301], [-0.08042590518345108, 44.325131277799684], [-0.08050923851678442, 44.325131277799684], [-0.08050923851678442, 44.32504794446635], [-0.08067590518345108, 44.32504794446635], [-0.08067590518345108, 44.32496461113302], [-0.08117590518345108, 44.32496461113302], [-0.08117590518345108, 44.32504794446635]]]}}, {"type": "Feature", "properties": {"klasse": "Acker"}, "geometry": {"type": "Polygon", "coordinates": [[[-0.08225923851678442, 44.325131277799684], [-0.08234257185011774, 44.325131277799684], [-0.08234257185011774, 44.32529794446635], [-0.08225923851678442, 44.32529794446635], [-0.08225923851678442, 44.325131277799684]]]}}, {"type": "Feature", "properties": {"klasse": "Acker"}, "geometry": {"type": "Polygon", "coordinates": [[[-0.07750923851678442, 44.32521461113301], [-0.07767590518345108, 44.32521461113301], [-0.07767590518345108, 44.32529794446635], [-0.07750923851678442, 44.32529794446635], [-0.07750923851678442, 44.32521461113301]]]}}, {"type": "Feature", "properties": {"klasse": "Acker"}, "geometry": {"type": "Polygon", "coordinates": [[[-0.08342590518345108, 44.32563127779969], [-0.08342590518345108, 44.32554794446635], [-0.08359257185011774, 44.32554794446635], [-0.08359257185011774, 44.325714611133016], [-0.08334257185011774, 44.325714611133016], [-0.08334257185011774, 44.32563127779969], [-0.08342590518345108, 44.32563127779969]]]}}, {"type": "Feature", "properties": {"klasse": "Acker"}, "geometry": {"type": "Polygon", "coordinates": [[[-0.07742590518345108, 44.32588127779968], [-0.07725923851678441, 44.32588127779968], [-0.07725923851678441, 44.325464611133015], [-0.07742590518345108, 44.325464611133015], [-0.07742590518345108, 44.325381277799686], [-0.07759257185011775, 44.325381277799686], [-0.07759257185011775, 44.325464611133015], [-0.07750923851678442, 44.325464611133015], [-0.07750923851678442, 44.325714611133016], [-0.07742590518345108, 44.325714611133016], [-0.07742590518345108, 44.32588127779968]]]}}, {"type": "Feature", "properties": {"klasse": "Acker"}, "geometry": {"type": "Polygon", "coordinates": [[[-0.08075923851678442, 44.328714611133016], [-0.08084257185011776, 44.328714611133016], [-0.08084257185011776, 44.32863127779969], [-0.08092590518345108, 44.32863127779969], [-0.08092590518345108, 44.32854794446635], [-0.08100923851678442, 44.32854794446635], [-0.08100923851678442, 44.328464611133015], [-0.08109257185011774, 44.328464611133015], [-0.08109257185011774, 44.328381277799686], [-0.08117590518345108, 44.328381277799686], [-0.08117590518345108, 44.32829794446635], [-0.08125923851678442, 44.32829794446635], [-0.08125923851678442, 44.32821461113301], [-0.08184257185011774, 44.32821461113301], [-0.08184257185011774, 44.32825010059299], [-0.08073197642814656, 44.32954794446635], [-0.08059257185011776, 44.32954794446635], [-0.08059257185011776, 44.32946461113302], [-0.08050923851678442, 44.32946461113302], [-0.08050923851678442, 44.32913127779968], [-0.08059257185011776, 44.32913127779968], [-0.08059257185011776, 44.32904794446635], [-0.08067590518345108, 44.32904794446635], [-0.08067590518345108, 44.32888127779968], [-0.08075923851678442, 44.32888127779968], [-0.08075923851678442, 44.328714611133016]]]}}, {"type": "Feature", "properties": {"klasse": "Acker"}, "geometry": {"type": "Polygon", "coordinates": [[[-0.07767590518345108, 44.332881277799686], [-0.07787956496641879, 44.332881277799686], [-0.07773694439333392, 44.33304794446635], [-0.07767590518345108, 44.33304794446635], [-0.07767590518345108, 44.332881277799686]]]}}, {"type": "Feature", "properties": {"klasse": "Acker"}, "geometry": {"type": "Polygon", "coordinates": [[[-0.07817590518345108, 44.34088127779968], [-0.07850923851678442, 44.34088127779968], [-0.07850923851678442, 44.34104794446635], [-0.07917590518345108, 44.34104794446635], [-0.07917590518345108, 44.34113127779968], [-0.07925923851678442, 44.34113127779968], [-0.07925923851678442, 44.34121340167739], [-0.07916120000000057, 44.3412278], [-0.07724159999999983, 44.34107399999999], [-0.0772297936032876, 44.34079794446635], [-0.07725923851678441, 44.34079794446635], [-0.07725923851678441, 44.340714611133016], [-0.07750923851678442, 44.340714611133016], [-0.07750923851678442, 44.34079794446635], [-0.07775923851678442, 44.34079794446635], [-0.07775923851678442, 44.34088127779968], [-0.07809257185011775, 44.34088127779968], [-0.07809257185011775, 44.34079794446635], [-0.07817590518345108, 44.34079794446635], [-0.07817590518345108, 44.34088127779968]]]}}, {"type": "Feature", "properties": {"klasse": "Acker"}, "geometry": {"type": "Polygon", "coordinates": [[[-0.08450923851678442, 44.34113127779968], [-0.08450923851678442, 44.34104794446635], [-0.08500923851678442, 44.34104794446635], [-0.08500923851678442, 44.34113127779968], [-0.08542590518345108, 44.34113127779968], [-0.08542590518345108, 44.341381277799684], [-0.08550923851678442, 44.341381277799684], [-0.08550923851678442, 44.341714611133014], [-0.08542590518345108, 44.341714611133014], [-0.08542590518345108, 44.34179794446635], [-0.08559257185011775, 44.34179794446635], [-0.08559257185011775, 44.341714611133014], [-0.08592590518345108, 44.341714611133014], [-0.08592590518345108, 44.34179794446635], [-0.08584257185011775, 44.34179794446635], [-0.08584257185011775, 44.341881277799686], [-0.08575923851678442, 44.341881277799686], [-0.08575923851678442, 44.34194968183132], [-0.08409257185011774, 44.34168240518866], [-0.08409257185011774, 44.341631277799685], [-0.08417590518345108, 44.341631277799685], [-0.08417590518345108, 44.34154794446635], [-0.08425923851678442, 44.34154794446635], [-0.08425923851678442, 44.34129794446635], [-0.08434257185011775, 44.34129794446635], [-0.08434257185011775, 44.34121461113302], [-0.08442590518345108, 44.34121461113302], [-0.08442590518345108, 44.34113127779968], [-0.08450923851678442, 44.34113127779968]]]}}, {"type": "Feature", "properties": {"klasse": "Acker"}, "geometry": {"type": "Polygon", "coordinates": [[[-0.08650923851678441, 44.34154794446635], [-0.08667590518345109, 44.34154794446635], [-0.08667590518345109, 44.341631277799685], [-0.08650923851678441, 44.341631277799685], [-0.08650923851678441, 44.34154794446635]]]}}, {"type": "Feature", "properties": {"klasse": "Acker"}, "geometry": {"type": "Polygon", "coordinates": [[[-0.08800923851678441, 44.341964611133015], [-0.08842590518345109, 44.341964611133015], [-0.08842590518345109, 44.34204794446635], [-0.08867590518345109, 44.34204794446635], [-0.08867590518345109, 44.342214611133016], [-0.08900923851678441, 44.342214611133016], [-0.08900923851678441, 44.34229794446635], [-0.08909257185011775, 44.34229794446635], [-0.08909257185011775, 44.34238127779968], [-0.08925923851678441, 44.34238127779968], [-0.08925923851678441, 44.34263127779968], [-0.08917590518345109, 44.34263127779968], [-0.08917590518345109, 44.342667760814194], [-0.08885230000000133, 44.34262999999999], [-0.08726840000000013, 44.3421917], [-0.08700923851678441, 44.34215013931332], [-0.08700923851678441, 44.341964611133015], [-0.08709257185011775, 44.341964611133015], [-0.08709257185011775, 44.341881277799686], [-0.08725923851678441, 44.341881277799686], [-0.08725923851678441, 44.34179794446635], [-0.08775923851678441, 44.34179794446635], [-0.08775923851678441, 44.341881277799686], [-0.08800923851678441, 44.341881277799686], [-0.08800923851678441, 44.341964611133015]]]}}, {"type": "Feature", "properties": {"klasse": "Acker"}, "geometry": {"type": "Polygon", "coordinates": [[[-0.08175923851678442, 44.347381277799684], [-0.08178650895285151, 44.347381277799684], [-0.08175923851678442, 44.34744323928377], [-0.08175923851678442, 44.347381277799684]]]}}, {"type": "Feature", "properties": {"klasse": "Acker"}, "geometry": {"type": "Polygon", "coordinates": [[[-0.08167590518345108, 44.34754794446635], [-0.08171315576021704, 44.34754794446635], [-0.08167590518345108, 44.34763258194753], [-0.08167590518345108, 44.34754794446635]]]}}, {"type": "Feature", "properties": {"klasse": "Acker"}, "geometry": {"type": "Polygon", "coordinates": [[[-0.08242590518345108, 44.34871461113302], [-0.08234257185011774, 44.34871461113302], [-0.08234257185011774, 44.34863127779968], [-0.08225923851678442, 44.34863127779968], [-0.08225923851678442, 44.34854794446635], [-0.08217590518345108, 44.34854794446635], [-0.08217590518345108, 44.34846461113302], [-0.08209257185011774, 44.34846461113302], [-0.08209257185011774, 44.34838127779968], [-0.08192590518345108, 44.34838127779968], [-0.08192590518345108, 44.34821461113302], [-0.08184257185011774, 44.34821461113302], [-0.08184257185011774, 44.34813127779968], [-0.08159257185011774, 44.34813127779968], [-0.08159257185011774, 44.34804794446635], [-0.08142590518345108, 44.34804794446635], [-0.08142590518345108, 44.34788127779969], [-0.08159257185011774, 44.34788127779969], [-0.08159257185011774, 44.34779794446635], [-0.08167590518345108, 44.34779794446635], [-0.08167590518345108, 44.34779455933379], [-0.08172209999999966, 44.3478426], [-0.083120857008216, 44.34929794446635], [-0.08300923851678442, 44.34929794446635], [-0.08300923851678442, 44.349214611133014], [-0.08292590518345108, 44.349214611133014], [-0.08292590518345108, 44.349131277799685], [-0.08267590518345108, 44.349131277799685], [-0.08267590518345108, 44.34896461113302], [-0.08250923851678442, 44.34896461113302], [-0.08250923851678442, 44.348881277799684], [-0.08242590518345108, 44.348881277799684], [-0.08242590518345108, 44.34871461113302]]]}}, {"type": "Feature", "properties": {"klasse": "Acker"}, "geometry": {"type": "Polygon", "coordinates": [[[-0.08025923851678442, 44.349131277799685], [-0.08034257185011776, 44.349131277799685], [-0.08034257185011776, 44.34938127779969], [-0.08025923851678442, 44.34938127779969], [-0.08025923851678442, 44.34963127779968], [-0.08017590518345108, 44.34963127779968], [-0.08017590518345108, 44.34971461113302], [-0.07975923851678442, 44.34971461113302], [-0.07975923851678442, 44.349464611133016], [-0.07959257185011775, 44.349464611133016], [-0.07959257185011775, 44.349214611133014], [-0.07975923851678442, 44.349214611133014], [-0.07975923851678442, 44.349131277799685], [-0.07984257185011776, 44.349131277799685], [-0.07984257185011776, 44.34904794446635], [-0.08025923851678442, 44.34904794446635], [-0.08025923851678442, 44.349131277799685]]]}}, {"type": "Feature", "properties": {"klasse": "Acker"}, "geometry": {"type": "Polygon", "coordinates": [[[-0.08325923851678442, 44.34963127779968], [-0.08325923851678442, 44.34944192427239], [-0.08344122950204691, 44.34963127779968], [-0.08325923851678442, 44.34963127779968]]]}}, {"type": "Feature", "properties": {"klasse": "Acker"}, "geometry": {"type": "Polygon", "coordinates": [[[-0.08350923851678442, 44.34971461113302], [-0.08350923851678442, 44.34970203815525], [-0.08352132262550804, 44.34971461113302], [-0.08350923851678442, 44.34971461113302]]]}}, {"type": "Feature", "properties": {"klasse": "Acker"}, "geometry": {"type": "Polygon", "coordinates": [[[-0.06884257185011775, 44.29529794446635], [-0.06884257185011775, 44.295381277799684], [-0.06875923851678442, 44.295381277799684], [-0.06875923851678442, 44.29554794446635], [-0.06850923851678442, 44.29554794446635], [-0.06850923851678442, 44.29438127779969], [-0.06942590518345108, 44.29438127779969], [-0.06942590518345108, 44.29471461113302], [-0.06950923851678442, 44.29471461113302], [-0.06950923851678442, 44.29521461113302], [-0.06909257185011775, 44.29521461113302], [-0.06909257185011775, 44.29529794446635], [-0.06884257185011775, 44.29529794446635]]]}}, {"type": "Feature", "properties": {"klasse": "Acker"}, "geometry": {"type": "Polygon", "coordinates": [[[-0.07392590518345109, 44.29488127779968], [-0.07392590518345109, 44.29513127779968], [-0.07400923851678441, 44.29513127779968], [-0.07400923851678441, 44.29521461113302], [-0.07425923851678441, 44.29521461113302], [-0.07425923851678441, 44.295714611133015], [-0.07450923851678441, 44.295714611133015], [-0.07450923851678441, 44.29579794446635], [-0.07467590518345109, 44.29579794446635], [-0.07467590518345109, 44.29588127779969], [-0.07475923851678441, 44.29588127779969], [-0.07475923851678441, 44.295964611133016], [-0.07484257185011775, 44.295964611133016], [-0.07484257185011775, 44.29613127779968], [-0.07475923851678441, 44.29613127779968], [-0.07475923851678441, 44.29638127779968], [-0.07459257185011775, 44.29638127779968], [-0.07459257185011775, 44.29646461113302], [-0.07434257185011775, 44.29646461113302], [-0.07434257185011775, 44.29638127779968], [-0.07400923851678441, 44.29638127779968], [-0.07400923851678441, 44.29629794446635], [-0.07375923851678441, 44.29629794446635], [-0.07375923851678441, 44.29621461113302], [-0.07350923851678441, 44.29621461113302], [-0.07350923851678441, 44.29579794446635], [-0.07342590518345109, 44.29579794446635], [-0.07342590518345109, 44.29529794446635], [-0.07325923851678441, 44.29529794446635], [-0.07325923851678441, 44.29513127779968], [-0.07317590518345109, 44.29513127779968], [-0.07317590518345109, 44.29504794446635], [-0.07300923851678441, 44.29504794446635], [-0.07300923851678441, 44.29496461113302], [-0.07292590518345109, 44.29496461113302], [-0.07292590518345109, 44.29488127779968], [-0.07284257185011775, 44.29488127779968], [-0.07284257185011775, 44.29479794446635], [-0.07259257185011775, 44.29479794446635], [-0.07259257185011775, 44.29463127779968], [-0.07242590518345109, 44.29463127779968], [-0.07242590518345109, 44.29454794446635], [-0.07234257185011775, 44.29454794446635], [-0.07234257185011775, 44.294464611133016], [-0.07167590518345109, 44.294464611133016], [-0.07167590518345109, 44.29438127779969], [-0.07411278353042491, 44.29438127779969], [-0.07418799213074657, 44.29442142529965], [-0.07421430905568004, 44.29443404309021], [-0.07424226442905191, 44.29444468910219], [-0.07427157285598807, 44.294453254650634], [-0.07430193512787105, 44.294459652289945], [-0.07433304127702303, 44.2944638167066], [-0.07434257185011775, 44.294464387553134], [-0.07434257185011775, 44.294464611133016], [-0.07425923851678441, 44.294464611133016], [-0.07425923851678441, 44.29454794446635], [-0.07417590518345109, 44.29454794446635], [-0.07417590518345109, 44.29463127779968], [-0.07409257185011775, 44.29463127779968], [-0.07409257185011775, 44.29479794446635], [-0.07400923851678441, 44.29479794446635], [-0.07400923851678441, 44.29488127779968], [-0.07392590518345109, 44.29488127779968]]]}}, {"type": "Feature", "properties": {"klasse": "Acker"}, "geometry": {"type": "Polygon", "coordinates": [[[-0.07209257185011775, 44.300464611133016], [-0.07200923851678441, 44.300464611133016], [-0.07200923851678441, 44.30038127779968], [-0.07192590518345109, 44.30038127779968], [-0.07192590518345109, 44.30029794446635], [-0.07184257185011775, 44.30029794446635], [-0.07184257185011775, 44.300214611133015], [-0.07200923851678441, 44.300214611133015], [-0.07200923851678441, 44.30029794446635], [-0.07225923851678441, 44.30029794446635], [-0.07225923851678441, 44.30038127779968], [-0.07234257185011775, 44.30038127779968], [-0.07234257185011775, 44.300464611133016], [-0.07250923851678441, 44.300464611133016], [-0.07250923851678441, 44.30054794446635], [-0.07267590518345109, 44.30054794446635], [-0.07267590518345109, 44.30063127779968], [-0.07275923851678441, 44.30063127779968], [-0.07275923851678441, 44.30071461113302], [-0.07292590518345109, 44.30071461113302], [-0.07292590518345109, 44.30079794446635], [-0.07300923851678441, 44.30079794446635], [-0.07300923851678441, 44.30088127779968], [-0.07275923851678441, 44.30088127779968], [-0.07275923851678441, 44.30079794446635], [-0.07242590518345109, 44.30079794446635], [-0.07242590518345109, 44.30071461113302], [-0.07225923851678441, 44.30071461113302], [-0.07225923851678441, 44.30063127779968], [-0.07217590518345109, 44.30063127779968], [-0.07217590518345109, 44.30054794446635], [-0.07209257185011775, 44.30054794446635], [-0.07209257185011775, 44.300464611133016]]]}}, {"type": "Feature", "properties": {"klasse": "Acker"}, "geometry": {"type": "Polygon", "coordinates": [[[-0.07475923851678441, 44.30154794446635], [-0.07484257185011775, 44.30154794446635], [-0.07484257185011775, 44.301631277799686], [-0.07475923851678441, 44.301631277799686], [-0.07475923851678441, 44.30154794446635]]]}}, {"type": "Feature", "properties": {"klasse": "Acker"}, "geometry": {"type": "Polygon", "coordinates": [[[-0.07509838776488413, 44.30228637203321], [-0.07512181744400596, 44.30227399379692], [-0.07520761754721542, 44.30222409365236], [-0.07522279232118628, 44.30221461113302], [-0.07534257185011775, 44.30221461113302], [-0.07534257185011775, 44.30229794446635], [-0.07525923851678441, 44.30229794446635], [-0.07525923851678441, 44.30238127779968], [-0.07472200397333487, 44.30238127779968], [-0.07473568090539322, 44.3023786647335], [-0.07501998186001654, 44.30231346452321], [-0.0750472494503533, 44.302306192869445], [-0.07507346010375153, 44.30229713600224], [-0.07509838776488413, 44.30228637203321]]]}}, {"type": "Feature", "properties": {"klasse": "Acker"}, "geometry": {"type": "Polygon", "coordinates": [[[-0.07375923851678441, 44.30238127779968], [-0.07384257185011775, 44.30238127779968], [-0.07384257185011775, 44.30246461113302], [-0.07375923851678441, 44.30246461113302], [-0.07375923851678441, 44.30238127779968]]]}}, {"type": "Feature", "properties": {"klasse": "Acker"}, "geometry": {"type": "Polygon", "coordinates": [[[-0.07642590518345108, 44.31429794446635], [-0.07659257185011775, 44.31429794446635], [-0.07659257185011775, 44.31446461113302], [-0.07634257185011775, 44.31446461113302], [-0.07634257185011775, 44.31438127779968], [-0.07642590518345108, 44.31438127779968], [-0.07642590518345108, 44.31429794446635]]]}}, {"type": "Feature", "properties": {"klasse": "Acker"}, "geometry": {"type": "Polygon", "coordinates": [[[-0.07625923851678441, 44.314631277799684], [-0.07625923851678441, 44.31454794446635], [-0.07634257185011775, 44.31454794446635], [-0.07634257185011775, 44.314631277799684], [-0.07625923851678441, 44.314631277799684]]]}}, {"type": "Feature", "properties": {"klasse": "Acker"}, "geometry": {"type": "Polygon", "coordinates": [[[-0.07542590518345109, 44.31479794446635], [-0.07559257185011775, 44.31479794446635], [-0.07559257185011775, 44.314964611133014], [-0.07542590518345109, 44.314964611133014], [-0.07542590518345109, 44.31479794446635]]]}}, {"type": "Feature", "properties": {"klasse": "Acker"}, "geometry": {"type": "Polygon", "coordinates": [[[-0.07284257185011775, 44.314964611133014], [-0.07309257185011775, 44.314964611133014], [-0.07309257185011775, 44.31504794446635], [-0.07317590518345109, 44.31504794446635], [-0.07317590518345109, 44.315131277799686], [-0.07292590518345109, 44.315131277799686], [-0.07292590518345109, 44.31504794446635], [-0.07259257185011775, 44.31504794446635], [-0.07259257185011775, 44.314964611133014], [-0.07267590518345109, 44.314964611133014], [-0.07267590518345109, 44.314881277799685], [-0.07275923851678441, 44.314881277799685], [-0.07275923851678441, 44.31479794446635], [-0.07284257185011775, 44.31479794446635], [-0.07284257185011775, 44.314964611133014]]]}}, {"type": "Feature", "properties": {"klasse": "Acker"}, "geometry": {"type": "Polygon", "coordinates": [[[-0.07209257185011775, 44.314964611133014], [-0.07209257185011775, 44.31499028352567], [-0.0720596096106299, 44.314964611133014], [-0.07209257185011775, 44.314964611133014]]]}}, {"type": "Feature", "properties": {"klasse": "Acker"}, "geometry": {"type": "Polygon", "coordinates": [[[-0.07425923851678441, 44.315214611133015], [-0.07442590518345109, 44.315214611133015], [-0.07442590518345109, 44.31529794446635], [-0.07425923851678441, 44.31529794446635], [-0.07425923851678441, 44.315214611133015]]]}}, {"type": "Feature", "properties": {"klasse": "Acker"}, "geometry": {"type": "Polygon", "coordinates": [[[-0.07109257185011775, 44.31785090020223], [-0.07109257185011775, 44.31779794446635], [-0.07117590518345109, 44.31779794446635], [-0.07117590518345109, 44.317881277799685], [-0.07113114885150076, 44.317881277799685], [-0.07109257185011775, 44.31785090020223]]]}}, {"type": "Feature", "properties": {"klasse": "Acker"}, "geometry": {"type": "Polygon", "coordinates": [[[-0.07125923851678441, 44.317881277799685], [-0.07142590518345109, 44.317881277799685], [-0.07142590518345109, 44.317964611133014], [-0.07125923851678441, 44.317964611133014], [-0.07125923851678441, 44.317881277799685]]]}}, {"type": "Feature", "properties": {"klasse": "Acker"}, "geometry": {"type": "Polygon", "coordinates": [[[-0.07225923851678441, 44.31863127779968], [-0.07225923851678441, 44.31871461113302], [-0.07234257185011775, 44.31871461113302], [-0.07234257185011775, 44.318818133518185], [-0.07232820000000169, 44.318823899999984], [-0.07155445423235232, 44.318214611133016], [-0.07175923851678441, 44.318214611133016], [-0.07175923851678441, 44.31829794446635], [-0.07192590518345109, 44.31829794446635], [-0.07192590518345109, 44.31838127779968], [-0.07200923851678441, 44.31838127779968], [-0.07200923851678441, 44.31854794446635], [-0.07209257185011775, 44.31854794446635], [-0.07209257185011775, 44.31863127779968], [-0.07225923851678441, 44.31863127779968]]]}}, {"type": "Feature", "properties": {"klasse": "Acker"}, "geometry": {"type": "Polygon", "coordinates": [[[-0.07434257185011775, 44.321214611133016], [-0.07434257185011775, 44.32129794446635], [-0.07409257185011775, 44.32129794446635], [-0.07409257185011775, 44.321214611133016], [-0.07400923851678441, 44.321214611133016], [-0.07400923851678441, 44.32113127779969], [-0.07384257185011775, 44.32113127779969], [-0.07384257185011775, 44.32104794446635], [-0.07392590518345109, 44.32104794446635], [-0.07392590518345109, 44.320881277799685], [-0.07375923851678441, 44.320881277799685], [-0.07375923851678441, 44.320964611133014], [-0.07367590518345109, 44.320964611133014], [-0.07367590518345109, 44.32104794446635], [-0.07359257185011775, 44.32104794446635], [-0.07359257185011775, 44.32113127779969], [-0.07334257185011775, 44.32113127779969], [-0.07334257185011775, 44.32104794446635], [-0.07350923851678441, 44.32104794446635], [-0.07350923851678441, 44.320881277799685], [-0.07359257185011775, 44.320881277799685], [-0.07359257185011775, 44.32079794446635], [-0.07367590518345109, 44.32079794446635], [-0.07367590518345109, 44.32071461113301], [-0.07375923851678441, 44.32071461113301], [-0.07375923851678441, 44.32054794446635], [-0.07384257185011775, 44.32054794446635], [-0.07384257185011775, 44.32052394835101], [-0.07400923851678441, 44.320509357571986], [-0.07400923851678441, 44.32054794446635], [-0.07425923851678441, 44.32054794446635], [-0.07425923851678441, 44.32071461113301], [-0.07442590518345109, 44.32071461113301], [-0.07442590518345109, 44.32079794446635], [-0.07450923851678441, 44.32079794446635], [-0.07450923851678441, 44.32113127779969], [-0.07442590518345109, 44.32113127779969], [-0.07442590518345109, 44.321214611133016], [-0.07434257185011775, 44.321214611133016]]]}}, {"type": "Feature", "properties": {"klasse": "Acker"}, "geometry": {"type": "Polygon", "coordinates": [[[-0.07284257185011775, 44.32129794446635], [-0.07267590518345109, 44.32129794446635], [-0.07267590518345109, 44.32138127779968], [-0.07258523396115169, 44.32138127779968], [-0.07305982728083936, 44.320881277799685], [-0.07317590518345109, 44.320881277799685], [-0.07317590518345109, 44.320964611133014], [-0.07309257185011775, 44.320964611133014], [-0.07309257185011775, 44.32104794446635], [-0.07300923851678441, 44.32104794446635], [-0.07300923851678441, 44.32113127779969], [-0.07292590518345109, 44.32113127779969], [-0.07292590518345109, 44.321214611133016], [-0.07284257185011775, 44.321214611133016], [-0.07284257185011775, 44.32129794446635]]]}}, {"type": "Feature", "properties": {"klasse": "Acker"}, "geometry": {"type": "Polygon", "coordinates": [[[-0.07300923851678441, 44.32204794446635], [-0.07317590518345109, 44.32204794446635], [-0.07317590518345109, 44.32196461113302], [-0.07334257185011775, 44.32196461113302], [-0.07334257185011775, 44.32188127779968], [-0.07342590518345109, 44.32188127779968], [-0.07342590518345109, 44.32196461113302], [-0.07367590518345109, 44.32196461113302], [-0.07367590518345109, 44.32204794446635], [-0.07409257185011775, 44.32204794446635], [-0.07409257185011775, 44.322131277799684], [-0.07417590518345109, 44.322131277799684], [-0.07417590518345109, 44.322714611133016], [-0.07392590518345109, 44.322714611133016], [-0.07392590518345109, 44.32288127779968], [-0.07342590518345109, 44.32288127779968], [-0.07342590518345109, 44.322714611133016], [-0.07300923851678441, 44.322714611133016], [-0.07300923851678441, 44.32279794446635], [-0.07275923851678441, 44.32279794446635], [-0.07275923851678441, 44.32263127779969], [-0.07259257185011775, 44.32263127779969], [-0.07259257185011775, 44.32254794446635], [-0.07250923851678441, 44.32254794446635], [-0.07250923851678441, 44.32263127779969], [-0.07217590518345109, 44.32263127779969], [-0.07217590518345109, 44.32254794446635], [-0.07192590518345109, 44.32254794446635], [-0.07192590518345109, 44.322464611133015], [-0.07167590518345109, 44.322464611133015], [-0.07167590518345109, 44.32254794446635], [-0.07150923851678441, 44.32254794446635], [-0.07150923851678441, 44.32263127779969], [-0.07142590518345109, 44.32263127779969], [-0.07142590518345109, 44.322714611133016], [-0.07134257185011775, 44.322714611133016], [-0.07134257185011775, 44.32279794446635], [-0.07125923851678441, 44.32279794446635], [-0.07125923851678441, 44.32296461113302], [-0.07109257185011775, 44.32296461113302], [-0.07109257185011775, 44.32304794446635], [-0.07100923851678441, 44.32304794446635], [-0.07100923851678441, 44.32346461113302], [-0.07060776055469757, 44.32346461113302], [-0.07062220000000012, 44.323449399999994], [-0.0725061350745337, 44.32146461113302], [-0.07250923851678441, 44.32146461113302], [-0.07250923851678441, 44.32179794446635], [-0.07242590518345109, 44.32179794446635], [-0.07242590518345109, 44.32188127779968], [-0.07234257185011775, 44.32188127779968], [-0.07234257185011775, 44.32204794446635], [-0.07259257185011775, 44.32204794446635], [-0.07259257185011775, 44.322131277799684], [-0.07300923851678441, 44.322131277799684], [-0.07300923851678441, 44.32204794446635]]]}}, {"type": "Feature", "properties": {"klasse": "Acker"}, "geometry": {"type": "Polygon", "coordinates": [[[-0.07284257185011775, 44.32296461113302], [-0.07292590518345109, 44.32296461113302], [-0.07292590518345109, 44.32304794446635], [-0.07284257185011775, 44.32304794446635], [-0.07284257185011775, 44.32296461113302]]]}}, {"type": "Feature", "properties": {"klasse": "Acker"}, "geometry": {"type": "Polygon", "coordinates": [[[-0.07242590518345109, 44.32329794446635], [-0.07175923851678441, 44.32329794446635], [-0.07175923851678441, 44.32321461113302], [-0.07184257185011775, 44.32321461113302], [-0.07184257185011775, 44.32313127779968], [-0.07200923851678441, 44.32313127779968], [-0.07200923851678441, 44.32296461113302], [-0.07217590518345109, 44.32296461113302], [-0.07217590518345109, 44.32304794446635], [-0.07242590518345109, 44.32304794446635], [-0.07242590518345109, 44.32329794446635]]]}}, {"type": "Feature", "properties": {"klasse": "Acker"}, "geometry": {"type": "Polygon", "coordinates": [[[-0.07359257185011775, 44.32346461113302], [-0.07367590518345109, 44.32346461113302], [-0.07367590518345109, 44.32354794446635], [-0.07359257185011775, 44.32354794446635], [-0.07359257185011775, 44.32346461113302]]]}}, {"type": "Feature", "properties": {"klasse": "Acker"}, "geometry": {"type": "Polygon", "coordinates": [[[-0.07350923851678441, 44.323631277799684], [-0.07350923851678441, 44.32354794446635], [-0.07359257185011775, 44.32354794446635], [-0.07359257185011775, 44.323631277799684], [-0.07350923851678441, 44.323631277799684]]]}}, {"type": "Feature", "properties": {"klasse": "Acker"}, "geometry": {"type": "Polygon", "coordinates": [[[-0.07034257185011775, 44.32379794446635], [-0.07029133781181741, 44.32379794446635], [-0.07034257185011775, 44.32374397232575], [-0.07034257185011775, 44.32379794446635]]]}}, {"type": "Feature", "properties": {"klasse": "Acker"}, "geometry": {"type": "Polygon", "coordinates": [[[-0.07584257185011775, 44.32446461113302], [-0.07600923851678441, 44.32446461113302], [-0.07600923851678441, 44.32454794446635], [-0.07584257185011775, 44.32454794446635], [-0.07584257185011775, 44.32446461113302]]]}}, {"type": "Feature", "properties": {"klasse": "Acker"}, "geometry": {"type": "Polygon", "coordinates": [[[-0.07467590518345109, 44.325131277799684], [-0.07409257185011775, 44.325131277799684], [-0.07409257185011775, 44.32504794446635], [-0.07392590518345109, 44.32504794446635], [-0.07392590518345109, 44.32488127779968], [-0.07417590518345109, 44.32488127779968], [-0.07417590518345109, 44.32479794446635], [-0.07442590518345109, 44.32479794446635], [-0.07442590518345109, 44.32504794446635], [-0.07467590518345109, 44.32504794446635], [-0.07467590518345109, 44.325131277799684]]]}}, {"type": "Feature", "properties": {"klasse": "Acker"}, "geometry": {"type": "Polygon", "coordinates": [[[-0.07500923851678441, 44.325381277799686], [-0.07525923851678441, 44.325381277799686], [-0.07525923851678441, 44.325464611133015], [-0.07500923851678441, 44.325464611133015], [-0.07500923851678441, 44.325381277799686]]]}}, {"type": "Feature", "properties": {"klasse": "Acker"}, "geometry": {"type": "Polygon", "coordinates": [[[-0.07025923851678442, 44.325714611133016], [-0.07025923851678442, 44.32580885316411], [-0.07013706674313476, 44.325714611133016], [-0.07025923851678442, 44.325714611133016]]]}}, {"type": "Feature", "properties": {"klasse": "Acker"}, "geometry": {"type": "Polygon", "coordinates": [[[-0.07050923851678442, 44.32596461113302], [-0.07050923851678442, 44.32600170055489], [-0.07046115720528026, 44.32596461113302], [-0.07050923851678442, 44.32596461113302]]]}}, {"type": "Feature", "properties": {"klasse": "Acker"}, "geometry": {"type": "Polygon", "coordinates": [[[-0.07067590518345108, 44.327214611133016], [-0.07042590518345108, 44.327214611133016], [-0.07042590518345108, 44.32713127779969], [-0.07016956771799063, 44.32713127779969], [-0.07084257185011775, 44.326698485766656], [-0.07084257185011775, 44.326881277799686], [-0.07092590518345109, 44.326881277799686], [-0.07092590518345109, 44.32704794446635], [-0.07084257185011775, 44.32704794446635], [-0.07084257185011775, 44.32713127779969], [-0.07092590518345109, 44.32713127779969], [-0.07092590518345109, 44.32729794446635], [-0.07067590518345108, 44.32729794446635], [-0.07067590518345108, 44.327214611133016]]]}}, {"type": "Feature", "properties": {"klasse": "Acker"}, "geometry": {"type": "Polygon", "coordinates": [[[-0.07125923851678441, 44.32779794446635], [-0.07142590518345109, 44.32779794446635], [-0.07142590518345109, 44.32804794446635], [-0.07150923851678441, 44.32804794446635], [-0.07150923851678441, 44.32821461113301], [-0.07092590518345109, 44.32821461113301], [-0.07092590518345109, 44.328131277799685], [-0.07050923851678442, 44.328131277799685], [-0.07050923851678442, 44.32804794446635], [-0.07025923851678442, 44.32804794446635], [-0.07025923851678442, 44.32796461113302], [-0.07009257185011775, 44.32796461113302], [-0.07009257185011775, 44.32804794446635], [-0.07000923851678442, 44.32804794446635], [-0.07000923851678442, 44.328131277799685], [-0.06992590518345108, 44.328131277799685], [-0.06992590518345108, 44.32796461113302], [-0.06917590518345108, 44.32796461113302], [-0.06917590518345108, 44.32788127779968], [-0.06900923851678442, 44.32788127779968], [-0.06900923851678442, 44.32787745632966], [-0.06952163899707166, 44.32754794446635], [-0.07017590518345108, 44.32754794446635], [-0.07017590518345108, 44.32763127779968], [-0.07067590518345108, 44.32763127779968], [-0.07067590518345108, 44.32771461113302], [-0.07092590518345109, 44.32771461113302], [-0.07092590518345109, 44.32754794446635], [-0.07117590518345109, 44.32754794446635], [-0.07117590518345109, 44.32763127779968], [-0.07125923851678441, 44.32763127779968], [-0.07125923851678441, 44.32779794446635]]]}}, {"type": "Feature", "properties": {"klasse": "Acker"}, "geometry": {"type": "Polygon", "coordinates": [[[-0.07434257185011775, 44.33729794446635], [-0.07425923851678441, 44.33729794446635], [-0.07425923851678441, 44.337381277799686], [-0.07417590518345109, 44.337381277799686], [-0.07417590518345109, 44.337464611133015], [-0.0740341793693938, 44.337464611133015], [-0.07367975023831293, 44.336881277799684], [-0.07384257185011775, 44.336881277799684], [-0.07384257185011775, 44.33696461113302], [-0.07400923851678441, 44.33696461113302], [-0.07400923851678441, 44.33704794446635], [-0.07409257185011775, 44.33704794446635], [-0.07409257185011775, 44.337131277799685], [-0.07417590518345109, 44.337131277799685], [-0.07417590518345109, 44.337214611133014], [-0.07434257185011775, 44.337214611133014], [-0.07434257185011775, 44.33729794446635]]]}}, {"type": "Feature", "properties": {"klasse": "Acker"}, "geometry": {"type": "Polygon", "coordinates": [[[-0.07584257185011775, 44.33904794446635], [-0.07609257185011775, 44.33904794446635], [-0.07609257185011775, 44.33929794446635], [-0.07625923851678441, 44.33929794446635], [-0.07625923851678441, 44.33938127779968], [-0.07634257185011775, 44.33938127779968], [-0.07634257185011775, 44.33963127779968], [-0.07650923851678441, 44.33963127779968], [-0.07650923851678441, 44.33971461113302], [-0.07642590518345108, 44.33971461113302], [-0.07642590518345108, 44.33979794446635], [-0.07659257185011775, 44.33979794446635], [-0.07659257185011775, 44.339881277799684], [-0.07684257185011775, 44.339881277799684], [-0.07684257185011775, 44.33996461113302], [-0.07692590518345108, 44.33996461113302], [-0.07692590518345108, 44.34004794446635], [-0.07659257185011775, 44.34004794446635], [-0.07659257185011775, 44.33996461113302], [-0.07609257185011775, 44.33996461113302], [-0.07609257185011775, 44.339881277799684], [-0.07534257185011775, 44.339881277799684], [-0.07534257185011775, 44.33971461113302], [-0.07517590518345109, 44.33971461113302], [-0.07517590518345109, 44.33963127779968], [-0.07509257185011775, 44.33963127779968], [-0.07509257185011775, 44.33946461113302], [-0.07517590518345109, 44.33946461113302], [-0.07517590518345109, 44.33938127779968], [-0.07525923851678441, 44.33938127779968], [-0.07525923851678441, 44.339214611133016], [-0.07509257185011775, 44.339214611133016], [-0.07509257185011775, 44.338964611133015], [-0.07484257185011775, 44.338964611133015], [-0.07484257185011775, 44.33883009748461], [-0.07490461468543655, 44.33879794446635], [-0.07500923851678441, 44.33879794446635], [-0.07500923851678441, 44.33874671569612], [-0.07507885043035509, 44.338714611133014], [-0.07509257185011775, 44.338714611133014], [-0.07509257185011775, 44.338708282903205], [-0.07524669999999961, 44.338637199999994], [-0.07524001972846792, 44.338631277799685], [-0.07525923851678441, 44.338631277799685], [-0.07525923851678441, 44.33846461113302], [-0.07534257185011775, 44.33846461113302], [-0.07534257185011775, 44.338381277799684], [-0.07567590518345109, 44.338381277799684], [-0.07567590518345109, 44.338631277799685], [-0.07575923851678441, 44.338631277799685], [-0.07575923851678441, 44.33879794446635], [-0.07584257185011775, 44.33879794446635], [-0.07584257185011775, 44.33904794446635]]]}}, {"type": "Feature", "properties": {"klasse": "Acker"}, "geometry": {"type": "Polygon", "coordinates": [[[-0.07125923851678441, 44.34279794446635], [-0.07125923851678441, 44.34271461113302], [-0.07217590518345109, 44.34271461113302], [-0.07217590518345109, 44.34279794446635], [-0.07259257185011775, 44.34279794446635], [-0.07259257185011775, 44.342881277799684], [-0.07275923851678441, 44.342881277799684], [-0.07275923851678441, 44.34279794446635], [-0.07292590518345109, 44.34279794446635], [-0.07292590518345109, 44.34271461113302], [-0.07300923851678441, 44.34271461113302], [-0.07300923851678441, 44.34263127779968], [-0.07317590518345109, 44.34263127779968], [-0.07317590518345109, 44.34271461113302], [-0.07392590518345109, 44.34271461113302], [-0.07392590518345109, 44.34279794446635], [-0.07425923851678441, 44.34279794446635], [-0.07425923851678441, 44.342881277799684], [-0.07437895122538497, 44.342881277799684], [-0.07432209999999954, 44.3430997], [-0.07117590518345109, 44.34324965808682], [-0.07117590518345109, 44.343214611133014], [-0.07067590518345108, 44.343214611133014], [-0.07067590518345108, 44.343131277799685], [-0.07025923851678442, 44.343131277799685], [-0.07025923851678442, 44.34304794446635], [-0.07000923851678442, 44.34304794446635], [-0.07000923851678442, 44.342881277799684], [-0.07009257185011775, 44.342881277799684], [-0.07009257185011775, 44.34279794446635], [-0.07125923851678441, 44.34279794446635]]]}}, {"type": "Feature", "properties": {"klasse": "Acker"}, "geometry": {"type": "Polygon", "coordinates": [[[-0.06942590518345108, 44.343214611133014], [-0.06892590518345108, 44.343214611133014], [-0.06892590518345108, 44.343131277799685], [-0.06850923851678442, 44.343131277799685], [-0.06850923851678442, 44.34279794446635], [-0.06917590518345108, 44.34279794446635], [-0.06917590518345108, 44.342881277799684], [-0.06950923851678442, 44.342881277799684], [-0.06950923851678442, 44.343131277799685], [-0.06942590518345108, 44.343131277799685], [-0.06942590518345108, 44.343214611133014]]]}}, {"type": "Feature", "properties": {"klasse": "Acker"}, "geometry": {"type": "Polygon", "coordinates": [[[-0.07692590518345108, 44.34513127779968], [-0.07692590518345108, 44.345130175632846], [-0.07693449360226534, 44.34513127779968], [-0.07692590518345108, 44.34513127779968]]]}}, {"type": "Feature", "properties": {"klasse": "Acker"}, "geometry": {"type": "Polygon", "coordinates": [[[-0.07600923851678441, 44.34596461113302], [-0.07592590518345109, 44.34596461113302], [-0.07592590518345109, 44.346214611133014], [-0.07584257185011775, 44.346214611133014], [-0.07584257185011775, 44.34629794446635], [-0.07577356756949928, 44.34629794446635], [-0.07627310000000176, 44.345046399999994], [-0.07634257185011775, 44.34505531544423], [-0.07634257185011775, 44.34521461113302], [-0.07625923851678441, 44.34521461113302], [-0.07625923851678441, 44.34529794446635], [-0.07617590518345108, 44.34529794446635], [-0.07617590518345108, 44.34563127779968], [-0.07609257185011775, 44.34563127779968], [-0.07609257185011775, 44.34571461113302], [-0.07600923851678441, 44.34571461113302], [-0.07600923851678441, 44.34596461113302]]]}}, {"type": "Feature", "properties": {"klasse": "Acker"}, "geometry": {"type": "Polygon", "coordinates": [[[-0.07567590518345109, 44.34696461113302], [-0.07559257185011775, 44.34696461113302], [-0.07559257185011775, 44.34713127779968], [-0.07544095691393843, 44.34713127779968], [-0.07575923851678441, 44.34633384493154], [-0.07575923851678441, 44.34688127779968], [-0.07567590518345109, 44.34688127779968], [-0.07567590518345109, 44.34696461113302]]]}}, {"type": "Feature", "properties": {"klasse": "Acker"}, "geometry": {"type": "Polygon", "coordinates": [[[-0.07542590518345109, 44.347381277799684], [-0.07534257185011775, 44.347381277799684], [-0.07534257185011775, 44.347714611133014], [-0.07525923851678441, 44.347714611133014], [-0.07525923851678441, 44.34779794446635], [-0.07517590518345109, 44.34779794446635], [-0.07517590518345109, 44.34804794446635], [-0.07507508519282034, 44.34804794446635], [-0.07542590518345109, 44.34716898888479], [-0.07542590518345109, 44.347381277799684]]]}}, {"type": "Feature", "properties": {"klasse": "Acker"}, "geometry": {"type": "Polygon", "coordinates": [[[-0.07500923851678441, 44.34829794446635], [-0.07497530199615152, 44.34829794446635], [-0.07500923851678441, 44.34821291882635], [-0.07500923851678441, 44.34829794446635]]]}}, {"type": "Feature", "properties": {"klasse": "Acker"}, "geometry": {"type": "Polygon", "coordinates": [[[-0.07492590518345109, 44.34854794446635], [-0.07487551879948554, 44.34854794446635], [-0.07492590518345109, 44.34842170481466], [-0.07492590518345109, 44.34854794446635]]]}}, {"type": "Feature", "properties": {"klasse": "Acker"}, "geometry": {"type": "Polygon", "coordinates": [[[-0.07484257185011775, 44.34863127779968], [-0.07484225773392832, 44.34863127779968], [-0.07484257185011775, 44.348630490802975], [-0.07484257185011775, 44.34863127779968]]]}}, {"type": "Feature", "properties": {"klasse": "Acker"}, "geometry": {"type": "Polygon", "coordinates": [[[-0.07459257185011775, 44.34929794446635], [-0.07457616920947906, 44.34929794446635], [-0.07459257185011775, 44.34925684876791], [-0.07459257185011775, 44.34929794446635]]]}}, {"type": "Feature", "properties": {"klasse": "Gebäude"}, "geometry": {"type": "Polygon", "coordinates": [[[-0.1392592385167844, 44.30054794446635], [-0.1392592385167844, 44.30063127779968], [-0.13917590518345108, 44.30063127779968], [-0.13917590518345108, 44.30054794446635], [-0.1392592385167844, 44.30054794446635]]]}}, {"type": "Feature", "properties": {"klasse": "Gebäude"}, "geometry": {"type": "Polygon", "coordinates": [[[-0.13917590518345108, 44.30063127779968], [-0.13917590518345108, 44.30071461113302], [-0.13909257185011775, 44.30071461113302], [-0.13909257185011775, 44.30063127779968], [-0.13917590518345108, 44.30063127779968]]]}}, {"type": "Feature", "properties": {"klasse": "Gebäude"}, "geometry": {"type": "Polygon", "coordinates": [[[-0.1465410000000017, 44.309070599999984], [-0.14760230000000085, 44.30914159999998], [-0.14738090000000031, 44.3097153], [-0.14743050000000188, 44.309936599999986], [-0.14826469999999936, 44.310190599999984], [-0.1483238000000007, 44.310345], [-0.14824559999999995, 44.3105102], [-0.14805660000000007, 44.31081209999999], [-0.14753360000000068, 44.310961], [-0.1470372999999996, 44.310207000000005], [-0.14551790000000098, 44.30993929999999], [-0.14573169999999983, 44.309425699999984], [-0.14517327327580684, 44.308964611133014], [-0.14509257185011776, 44.308964611133014], [-0.14509257185011776, 44.30889797655533], [-0.14493770000000075, 44.3087701], [-0.14474680000000076, 44.3086171], [-0.14547979999999958, 44.3083494], [-0.1460677000000009, 44.308420399999996], [-0.1465410000000017, 44.309070599999984]]]}}, {"type": "Feature", "properties": {"klasse": "Gebäude"}, "geometry": {"type": "Polygon", "coordinates": [[[-0.14313610000000024, 44.312186], [-0.14309219999999945, 44.311806499999996], [-0.14379400000000084, 44.31168100000001], [-0.14481080000000018, 44.31081929999999], [-0.1453212000000008, 44.3110304], [-0.1452654000000001, 44.311195899999994], [-0.14564019999999983, 44.311287199999995], [-0.14543690000000076, 44.3114613], [-0.14497830000000092, 44.311330000000005], [-0.14485470000000059, 44.3116367], [-0.14547870000000096, 44.31190779999999], [-0.14505010000000088, 44.31226589999999], [-0.14442210000000097, 44.31211039999999], [-0.14313610000000024, 44.312186]]]}}, {"type": "Feature", "properties": {"klasse": "Gebäude"}, "geometry": {"type": "Polygon", "coordinates": [[[-0.1511759051834511, 44.31579794446635], [-0.1511759051834511, 44.31563127779968], [-0.1510092385167844, 44.31563127779968], [-0.1510092385167844, 44.31546461113302], [-0.1509259051834511, 44.31546461113302], [-0.1509259051834511, 44.31538127779968], [-0.1507592385167844, 44.31538127779968], [-0.1507592385167844, 44.315214611133015], [-0.1506759051834511, 44.315214611133015], [-0.1506759051834511, 44.314964611133014], [-0.15059257185011773, 44.314964611133014], [-0.15059257185011773, 44.31479794446635], [-0.1506759051834511, 44.31479794446635], [-0.1506759051834511, 44.314881277799685], [-0.15084257185011773, 44.314881277799685], [-0.15084257185011773, 44.314964611133014], [-0.1507592385167844, 44.314964611133014], [-0.1507592385167844, 44.315131277799686], [-0.1509259051834511, 44.315131277799686], [-0.1509259051834511, 44.315214611133015], [-0.1510092385167844, 44.315214611133015], [-0.1510092385167844, 44.31538127779968], [-0.1511759051834511, 44.31538127779968], [-0.1511759051834511, 44.31554794446635], [-0.1512592385167844, 44.31554794446635], [-0.1512592385167844, 44.31563127779968], [-0.15134257185011774, 44.31563127779968], [-0.15134257185011774, 44.31571461113302], [-0.1514259051834511, 44.31571461113302], [-0.1514259051834511, 44.31579794446635], [-0.1515092385167844, 44.31579794446635], [-0.1515092385167844, 44.31596461113302], [-0.15159257185011774, 44.31596461113302], [-0.15159257185011774, 44.316131277799684], [-0.1516759051834511, 44.316131277799684], [-0.1516759051834511, 44.31621461113302], [-0.1515092385167844, 44.31621461113302], [-0.1515092385167844, 44.316131277799684], [-0.15134257185011774, 44.316131277799684], [-0.15134257185011774, 44.31588127779968], [-0.1512592385167844, 44.31588127779968], [-0.1512592385167844, 44.31579794446635], [-0.1511759051834511, 44.31579794446635]]]}}, {"type": "Feature", "properties": {"klasse": "Gebäude"}, "geometry": {"type": "Polygon", "coordinates": [[[-0.1517592385167844, 44.31621461113302], [-0.1517592385167844, 44.31629794446635], [-0.1516759051834511, 44.31629794446635], [-0.1516759051834511, 44.31621461113302], [-0.1517592385167844, 44.31621461113302]]]}}, {"type": "Feature", "properties": {"klasse": "Gebäude"}, "geometry": {"type": "Polygon", "coordinates": [[[-0.14217590518345108, 44.32539141543257], [-0.14217590518345108, 44.325381277799686], [-0.14235260584071974, 44.325381277799686], [-0.14234809999999984, 44.325414099999996], [-0.14217590518345108, 44.32539141543257]]]}}, {"type": "Feature", "properties": {"klasse": "Gebäude"}, "geometry": {"type": "Polygon", "coordinates": [[[-0.15381929999999958, 44.3256825], [-0.15081830000000027, 44.32570849999999], [-0.15111569999999955, 44.32521810000001], [-0.1528682000000005, 44.32470070000001], [-0.15670539999999925, 44.32552129999999], [-0.15885119999999953, 44.3224818], [-0.1626582999999999, 44.32327050000001], [-0.16182759999999954, 44.325735400000006], [-0.16058379999999958, 44.32831479999999], [-0.1638425718501179, 44.3290410492476], [-0.1638425718501179, 44.33029553616297], [-0.16165390000000085, 44.3296939], [-0.159942900000001, 44.329505699999984], [-0.15954399999999874, 44.33046620000001], [-0.15861899999999973, 44.330939400000005], [-0.15798100000000045, 44.33077289999999], [-0.15705900000000214, 44.3298886], [-0.1570719999999983, 44.328757], [-0.15555809999999995, 44.32874649999999], [-0.15388079999999946, 44.32979789999999], [-0.15146049999999994, 44.330186999999995], [-0.1497144000000022, 44.330737199999994], [-0.14761260000000054, 44.330452099999995], [-0.14711499999999997, 44.329035199999986], [-0.14919839999999948, 44.32890459999999], [-0.15062679999999887, 44.328450499999995], [-0.15262870000000053, 44.32808889999999], [-0.1535696999999996, 44.3279764], [-0.15366370000000035, 44.32724999999999], [-0.1544077000000001, 44.326962099999996], [-0.15449970000000168, 44.3261897], [-0.15381929999999958, 44.3256825]]]}}, {"type": "Feature", "properties": {"klasse": "Gebäude"}, "geometry": {"type": "Polygon", "coordinates": [[[-0.1544259051834511, 44.34546461113302], [-0.1544259051834511, 44.34563127779968], [-0.15450923851678441, 44.34563127779968], [-0.15450923851678441, 44.34571461113302], [-0.1544259051834511, 44.34571461113302], [-0.1544259051834511, 44.34579794446635], [-0.15434257185011774, 44.34579794446635], [-0.15434257185011774, 44.34571461113302], [-0.1541759051834511, 44.34571461113302], [-0.1541759051834511, 44.34554794446635], [-0.1542592385167844, 44.34554794446635], [-0.1542592385167844, 44.34546461113302], [-0.1544259051834511, 44.34546461113302]]]}}, {"type": "Feature", "properties": {"klasse": "Gebäude"}, "geometry": {"type": "Polygon", "coordinates": [[[-0.15284257185011774, 44.34579794446635], [-0.15284257185011774, 44.345881277799684], [-0.1524259051834511, 44.345881277799684], [-0.1524259051834511, 44.34571461113302], [-0.1525092385167844, 44.34571461113302], [-0.1525092385167844, 44.34563127779968], [-0.1526759051834511, 44.34563127779968], [-0.1526759051834511, 44.34579794446635], [-0.15284257185011774, 44.34579794446635]]]}}, {"type": "Feature", "properties": {"klasse": "Gebäude"}, "geometry": {"type": "Polygon", "coordinates": [[[-0.1520092385167844, 44.346381277799686], [-0.1520092385167844, 44.34654794446635], [-0.1517592385167844, 44.34654794446635], [-0.1517592385167844, 44.346381277799686], [-0.15184257185011774, 44.346381277799686], [-0.15184257185011774, 44.34629794446635], [-0.1519259051834511, 44.34629794446635], [-0.1519259051834511, 44.346381277799686], [-0.1520092385167844, 44.346381277799686]]]}}, {"type": "Feature", "properties": {"klasse": "Gebäude"}, "geometry": {"type": "Polygon", "coordinates": [[[-0.16334257185011775, 44.34654794446635], [-0.16317590518345107, 44.34654794446635], [-0.16317590518345107, 44.346381277799686], [-0.16334257185011775, 44.346381277799686], [-0.16334257185011775, 44.34654794446635]]]}}, {"type": "Feature", "properties": {"klasse": "Gebäude"}, "geometry": {"type": "Polygon", "coordinates": [[[-0.1549259051834511, 44.34679794446635], [-0.15484257185011774, 44.34679794446635], [-0.15484257185011774, 44.34671461113302], [-0.1549259051834511, 44.34671461113302], [-0.1549259051834511, 44.34679794446635]]]}}, {"type": "Feature", "properties": {"klasse": "Gebäude"}, "geometry": {"type": "Polygon", "coordinates": [[[-0.15509257185011774, 44.34721461113302], [-0.15509257185011774, 44.34704794446635], [-0.15534257185011774, 44.34704794446635], [-0.15534257185011774, 44.34713127779968], [-0.15525923851678441, 44.34713127779968], [-0.15525923851678441, 44.34721461113302], [-0.15509257185011774, 44.34721461113302]]]}}, {"type": "Feature", "properties": {"klasse": "Gebäude"}, "geometry": {"type": "Polygon", "coordinates": [[[-0.1579259051834511, 44.347714611133014], [-0.1579259051834511, 44.34779794446635], [-0.15775923851678442, 44.34779794446635], [-0.15775923851678442, 44.347714611133014], [-0.15784257185011774, 44.347714611133014], [-0.15784257185011774, 44.347631277799685], [-0.15800923851678442, 44.347631277799685], [-0.15800923851678442, 44.347714611133014], [-0.1579259051834511, 44.347714611133014]]]}}, {"type": "Feature", "properties": {"klasse": "Gebäude"}, "geometry": {"type": "Polygon", "coordinates": [[[-0.1536759051834511, 44.34779794446635], [-0.1536759051834511, 44.347714611133014], [-0.1537592385167844, 44.347714611133014], [-0.1537592385167844, 44.347631277799685], [-0.15384257185011774, 44.347631277799685], [-0.15384257185011774, 44.34779794446635], [-0.1536759051834511, 44.34779794446635]]]}}, {"type": "Feature", "properties": {"klasse": "Gebäude"}, "geometry": {"type": "Polygon", "coordinates": [[[-0.16109257185011774, 44.347964611133015], [-0.16092590518345107, 44.347964611133015], [-0.16092590518345107, 44.34788127779969], [-0.16109257185011774, 44.34788127779969], [-0.16109257185011774, 44.347964611133015]]]}}, {"type": "Feature", "properties": {"klasse": "Gebäude"}, "geometry": {"type": "Polygon", "coordinates": [[[-0.15875923851678442, 44.347964611133015], [-0.1586759051834511, 44.347964611133015], [-0.1586759051834511, 44.34788127779969], [-0.15875923851678442, 44.34788127779969], [-0.15875923851678442, 44.347964611133015]]]}}, {"type": "Feature", "properties": {"klasse": "Gebäude"}, "geometry": {"type": "Polygon", "coordinates": [[[-0.10059257185011775, 44.29513127779968], [-0.10059257185011775, 44.29504794446635], [-0.10067590518345108, 44.29504794446635], [-0.10067590518345108, 44.29496461113302], [-0.10075923851678442, 44.29496461113302], [-0.10075923851678442, 44.29513127779968], [-0.10059257185011775, 44.29513127779968]]]}}, {"type": "Feature", "properties": {"klasse": "Gebäude"}, "geometry": {"type": "Polygon", "coordinates": [[[-0.10267590518345107, 44.29604794446635], [-0.10267590518345107, 44.295964611133016], [-0.10275923851678442, 44.295964611133016], [-0.10275923851678442, 44.29588127779969], [-0.10309257185011775, 44.29588127779969], [-0.10309257185011775, 44.29604794446635], [-0.10267590518345107, 44.29604794446635]]]}}, {"type": "Feature", "properties": {"klasse": "Gebäude"}, "geometry": {"type": "Polygon", "coordinates": [[[-0.09934257185011774, 44.29771461113302], [-0.09934257185011774, 44.29763127779968], [-0.09942590518345108, 44.29763127779968], [-0.09942590518345108, 44.29754794446635], [-0.09950923851678442, 44.29754794446635], [-0.09950923851678442, 44.29771461113302], [-0.09934257185011774, 44.29771461113302]]]}}, {"type": "Feature", "properties": {"klasse": "Gebäude"}, "geometry": {"type": "Polygon", "coordinates": [[[-0.09975923851678442, 44.29963127779968], [-0.09975923851678442, 44.29946461113302], [-0.09984257185011775, 44.29946461113302], [-0.09984257185011775, 44.29938127779968], [-0.09992590518345108, 44.29938127779968], [-0.09992590518345108, 44.29963127779968], [-0.09975923851678442, 44.29963127779968]]]}}, {"type": "Feature", "properties": {"klasse": "Gebäude"}, "geometry": {"type": "Polygon", "coordinates": [[[-0.10209257185011775, 44.30363127779968], [-0.10204266955259567, 44.30363127779968], [-0.10202020000000013, 44.3035501], [-0.10201671093750285, 44.30354794446635], [-0.10209257185011775, 44.30354794446635], [-0.10209257185011775, 44.30363127779968]]]}}, {"type": "Feature", "properties": {"klasse": "Gebäude"}, "geometry": {"type": "Polygon", "coordinates": [[[-0.10234257185011775, 44.30388127779968], [-0.10234257185011775, 44.30396461113302], [-0.10225923851678442, 44.30396461113302], [-0.10225923851678442, 44.30388127779968], [-0.10234257185011775, 44.30388127779968]]]}}, {"type": "Feature", "properties": {"klasse": "Gebäude"}, "geometry": {"type": "Polygon", "coordinates": [[[-0.10924132700008762, 44.31329794446635], [-0.109241418232201, 44.31329794446635], [-0.10925923851678442, 44.31334140620363], [-0.10925923851678442, 44.313464611133014], [-0.10909257185011775, 44.313464611133014], [-0.10909257185011775, 44.31338855552152], [-0.10910451960418313, 44.313381277799685], [-0.10917590518345108, 44.313381277799685], [-0.10917590518345108, 44.313337794783045], [-0.10924132700008762, 44.31329794446635]]]}}, {"type": "Feature", "properties": {"klasse": "Gebäude"}, "geometry": {"type": "Polygon", "coordinates": [[[-0.11059257185011775, 44.31596461113302], [-0.11067590518345108, 44.31596461113302], [-0.11067590518345108, 44.31588127779968], [-0.11075923851678442, 44.31588127779968], [-0.11075923851678442, 44.31604794446635], [-0.11059257185011775, 44.31604794446635], [-0.11059257185011775, 44.31596461113302]]]}}, {"type": "Feature", "properties": {"klasse": "Gebäude"}, "geometry": {"type": "Polygon", "coordinates": [[[-0.11084257185011775, 44.316131277799684], [-0.11075923851678442, 44.316131277799684], [-0.11075923851678442, 44.31604794446635], [-0.11084257185011775, 44.31604794446635], [-0.11084257185011775, 44.316131277799684]]]}}, {"type": "Feature", "properties": {"klasse": "Gebäude"}, "geometry": {"type": "Polygon", "coordinates": [[[-0.11109257185011776, 44.31629794446635], [-0.11109257185011776, 44.316381277799685], [-0.11100923851678442, 44.316381277799685], [-0.11100923851678442, 44.31654794446635], [-0.11084257185011775, 44.31654794446635], [-0.11084257185011775, 44.31621461113302], [-0.11092590518345108, 44.31621461113302], [-0.11092590518345108, 44.316131277799684], [-0.11100923851678442, 44.316131277799684], [-0.11100923851678442, 44.31629794446635], [-0.11109257185011776, 44.31629794446635]]]}}, {"type": "Feature", "properties": {"klasse": "Gebäude"}, "geometry": {"type": "Polygon", "coordinates": [[[-0.13517590518345107, 44.31679794446635], [-0.13517590518345107, 44.31688127779968], [-0.13509257185011775, 44.31688127779968], [-0.13509257185011775, 44.31679794446635], [-0.13517590518345107, 44.31679794446635]]]}}, {"type": "Feature", "properties": {"klasse": "Gebäude"}, "geometry": {"type": "Polygon", "coordinates": [[[-0.11050923851678442, 44.33092040722131], [-0.11067590518345108, 44.33094747317017], [-0.11067590518345108, 44.33104794446635], [-0.11050923851678442, 44.33104794446635], [-0.11050923851678442, 44.33092040722131]]]}}, {"type": "Feature", "properties": {"klasse": "Gebäude"}, "geometry": {"type": "Polygon", "coordinates": [[[-0.11009257185011775, 44.332714611133014], [-0.11000923851678442, 44.332714611133014], [-0.11000923851678442, 44.332631277799685], [-0.11009257185011775, 44.332631277799685], [-0.11009257185011775, 44.332714611133014]]]}}, {"type": "Feature", "properties": {"klasse": "Gebäude"}, "geometry": {"type": "Polygon", "coordinates": [[[-0.11000923851678442, 44.33279794446635], [-0.10992590518345108, 44.33279794446635], [-0.10992590518345108, 44.332714611133014], [-0.11000923851678442, 44.332714611133014], [-0.11000923851678442, 44.33279794446635]]]}}, {"type": "Feature", "properties": {"klasse": "Gebäude"}, "geometry": {"type": "Polygon", "coordinates": [[[-0.10992590518345108, 44.33279794446635], [-0.10992590518345108, 44.332881277799686], [-0.10975923851678442, 44.332881277799686], [-0.10975923851678442, 44.33279794446635], [-0.10992590518345108, 44.33279794446635]]]}}, {"type": "Feature", "properties": {"klasse": "Gebäude"}, "geometry": {"type": "Polygon", "coordinates": [[[-0.07759257185011775, 44.33279794446635], [-0.07759257185011775, 44.332881277799686], [-0.07750923851678442, 44.332881277799686], [-0.07750923851678442, 44.33279794446635], [-0.07759257185011775, 44.33279794446635]]]}}, {"type": "Feature", "properties": {"klasse": "Gebäude"}, "geometry": {"type": "Polygon", "coordinates": [[[-0.10959257185011775, 44.33371461113302], [-0.10959257185011775, 44.33379794446635], [-0.10950923851678442, 44.33379794446635], [-0.10950923851678442, 44.33371461113302], [-0.10959257185011775, 44.33371461113302]]]}}, {"type": "Feature", "properties": {"klasse": "Gebäude"}, "geometry": {"type": "Polygon", "coordinates": [[[-0.1264259051834511, 44.33554794446635], [-0.1264259051834511, 44.33554654311705], [-0.12669426131917708, 44.33546461113302], [-0.12684257185011774, 44.33546461113302], [-0.12684257185011774, 44.33554794446635], [-0.1264259051834511, 44.33554794446635]]]}}, {"type": "Feature", "properties": {"klasse": "Gebäude"}, "geometry": {"type": "Polygon", "coordinates": [[[-0.10425923851678442, 44.34263127779968], [-0.10422810470643037, 44.34263127779968], [-0.10422089338132182, 44.34246461113302], [-0.10425923851678442, 44.34246461113302], [-0.10425923851678442, 44.34254794446635], [-0.10442590518345107, 44.34254794446635], [-0.10442590518345107, 44.34263127779968], [-0.10434257185011775, 44.34263127779968], [-0.10434257185011775, 44.34271461113302], [-0.10425923851678442, 44.34271461113302], [-0.10425923851678442, 44.34263127779968]]]}}, {"type": "Feature", "properties": {"klasse": "Wald"}, "geometry": {"type": "Polygon", "coordinates": [[[-0.16213829999999965, 44.3196953], [-0.1598342999999995, 44.32008189999999], [-0.15930240000000137, 44.321177], [-0.1584724999999997, 44.3207787], [-0.15842470000000122, 44.3196968], [-0.1565846999999998, 44.32007279999999], [-0.1547809999999999, 44.321279999999994], [-0.15371549999999953, 44.32080379999999], [-0.1541097000000002, 44.3192126], [-0.1523235000000003, 44.3188473], [-0.15130009630772123, 44.32021461113302], [-0.1512592385167844, 44.32021461113302], [-0.1512592385167844, 44.32026919889036], [-0.15105060330217737, 44.32054794446635], [-0.1510092385167844, 44.32054794446635], [-0.1510092385167844, 44.32060320958998], [-0.14991220000000022, 44.3220689], [-0.14792590518345108, 44.32164293237272], [-0.14792590518345108, 44.32163127779968], [-0.14809257185011776, 44.32163127779968], [-0.14809257185011776, 44.32138127779968], [-0.1480092385167844, 44.32138127779968], [-0.1480092385167844, 44.32113127779969], [-0.14784257185011773, 44.32113127779969], [-0.14784257185011773, 44.320964611133014], [-0.14767590518345108, 44.320964611133014], [-0.14767590518345108, 44.32104794446635], [-0.14759257185011776, 44.32104794446635], [-0.14759257185011776, 44.321214611133016], [-0.1477592385167844, 44.321214611133016], [-0.1477592385167844, 44.32160719014354], [-0.14710039999999924, 44.32146589999999], [-0.14659257185011776, 44.32208561825485], [-0.14659257185011776, 44.32204794446635], [-0.14642590518345108, 44.32204794446635], [-0.14642590518345108, 44.32188127779968], [-0.14634257185011776, 44.32188127779968], [-0.14634257185011776, 44.32221461113301], [-0.14648686863071392, 44.32221461113301], [-0.14445709999999942, 44.32469160000001], [-0.1442699000000018, 44.32768379999999], [-0.14475230000000183, 44.32808899999999], [-0.14711499999999997, 44.329035199999986], [-0.14761260000000054, 44.330452099999995], [-0.1497144000000022, 44.330737199999994], [-0.15146049999999994, 44.330186999999995], [-0.15388079999999946, 44.32979789999999], [-0.1548781000000008, 44.331358699999996], [-0.15446949999999987, 44.33261739999999], [-0.15359319999999987, 44.333803499999995], [-0.15447499999999975, 44.3353669], [-0.15452280000000024, 44.336448799999985], [-0.15163869999999974, 44.33752539999999], [-0.15426380000000028, 44.33913239999999], [-0.1544200999999996, 44.340045399999994], [-0.1589533999999982, 44.3395136], [-0.15984450000000058, 44.33866], [-0.15774959999999974, 44.338541299999996], [-0.1583313000000003, 44.335946], [-0.15950920000000077, 44.3363352], [-0.16008550000000052, 44.3362388], [-0.160037600000001, 44.33515689999999], [-0.158601800000002, 44.334189900000005], [-0.15902870000000166, 44.333346899999995], [-0.1604165000000001, 44.333231999999995], [-0.16137540000000053, 44.33129379999999], [-0.16302840000000124, 44.331922899999995], [-0.16239900000000163, 44.3334364], [-0.16310210000000172, 44.33358679999998], [-0.16304129999999875, 44.334838700000006], [-0.1638425718501179, 44.33486139933773], [-0.1638425718501179, 44.34118096747053], [-0.1637976529240519, 44.34154794446635], [-0.16384257185011775, 44.34154794446635], [-0.16384257185011775, 44.34271461113302], [-0.16365484993002063, 44.34271461113302], [-0.16359364864686513, 44.343214611133014], [-0.16375923851678442, 44.343214611133014], [-0.16375923851678442, 44.343464611133015], [-0.16384257185011775, 44.343464611133015], [-0.16384257185011775, 44.34429794446635], [-0.16375923851678442, 44.34429794446635], [-0.16375923851678442, 44.344381277799684], [-0.16384257185011775, 44.344381277799684], [-0.16384257185011775, 44.34513127779968], [-0.16375923851678442, 44.34513127779968], [-0.16375923851678442, 44.34504794446635], [-0.16367590518345107, 44.34504794446635], [-0.16367590518345107, 44.344964611133015], [-0.16337944415581868, 44.344964611133015], [-0.1633756999999992, 44.3449952], [-0.16175179999999967, 44.34503229999999], [-0.16174142250338885, 44.34479794446635], [-0.16150923851678442, 44.34479794446635], [-0.16150923851678442, 44.344714611133014], [-0.16125923851678442, 44.344714611133014], [-0.16125923851678442, 44.344631277799685], [-0.16117590518345107, 44.344631277799685], [-0.16117590518345107, 44.34435899693795], [-0.1593992, 44.344335900000004], [-0.15879062640125635, 44.34404794446635], [-0.15834257185011774, 44.34404794446635], [-0.15834257185011774, 44.34413127779968], [-0.15825923851678442, 44.34413127779968], [-0.15825923851678442, 44.34421461113302], [-0.1581759051834511, 44.34421461113302], [-0.1581759051834511, 44.34429794446635], [-0.1579259051834511, 44.34429794446635], [-0.1579259051834511, 44.34404794446635], [-0.15800923851678442, 44.34404794446635], [-0.15800923851678442, 44.34388127779968], [-0.1581759051834511, 44.34388127779968], [-0.1581759051834511, 44.34379794446635], [-0.15826226913112598, 44.34379794446635], [-0.1575577927709271, 44.343464611133015], [-0.1574259051834511, 44.343464611133015], [-0.1574259051834511, 44.34340220658456], [-0.15738319999999997, 44.343381999999984], [-0.15412169999999994, 44.34380039999999], [-0.1537945000000006, 44.3438079], [-0.15238199999999982, 44.34383999999999], [-0.15214390000000158, 44.3441356], [-0.15163920000000172, 44.34476219999999], [-0.15145890000000092, 44.345932499999996], [-0.1493497000000009, 44.346159199999995], [-0.14933272544957438, 44.346464611133015], [-0.1495092385167844, 44.346464611133015], [-0.1495092385167844, 44.346381277799686], [-0.15009257185011773, 44.346381277799686], [-0.15009257185011773, 44.34629794446635], [-0.1502592385167844, 44.34629794446635], [-0.1502592385167844, 44.346464611133015], [-0.1504259051834511, 44.346464611133015], [-0.1504259051834511, 44.34654794446635], [-0.1505092385167844, 44.34654794446635], [-0.1505092385167844, 44.34663127779968], [-0.1507592385167844, 44.34663127779968], [-0.1507592385167844, 44.346464611133015], [-0.1509259051834511, 44.346464611133015], [-0.1509259051834511, 44.34654794446635], [-0.1510092385167844, 44.34654794446635], [-0.1510092385167844, 44.34671461113302], [-0.1511759051834511, 44.34671461113302], [-0.1511759051834511, 44.34679794446635], [-0.1512592385167844, 44.34679794446635], [-0.1512592385167844, 44.34696461113302], [-0.1514259051834511, 44.34696461113302], [-0.1514259051834511, 44.34688127779968], [-0.1520092385167844, 44.34688127779968], [-0.1520092385167844, 44.34679794446635], [-0.15209257185011774, 44.34679794446635], [-0.15209257185011774, 44.34671461113302], [-0.1521759051834511, 44.34671461113302], [-0.1521759051834511, 44.34663127779968], [-0.1522592385167844, 44.34663127779968], [-0.1522592385167844, 44.34654794446635], [-0.1525092385167844, 44.34654794446635], [-0.1525092385167844, 44.346464611133015], [-0.15259257185011774, 44.346464611133015], [-0.15259257185011774, 44.346381277799686], [-0.1531759051834511, 44.346381277799686], [-0.1531759051834511, 44.346464611133015], [-0.1534259051834511, 44.346464611133015], [-0.1534259051834511, 44.34663127779968], [-0.15384257185011774, 44.34663127779968], [-0.15384257185011774, 44.34654794446635], [-0.1546759051834511, 44.34654794446635], [-0.1546759051834511, 44.34663127779968], [-0.15484257185011774, 44.34663127779968], [-0.15484257185011774, 44.34654794446635], [-0.15525923851678441, 44.34654794446635], [-0.15525923851678441, 44.346464611133015], [-0.15534257185011774, 44.346464611133015], [-0.15534257185011774, 44.346381277799686], [-0.1556759051834511, 44.346381277799686], [-0.1556759051834511, 44.34663127779968], [-0.15559257185011774, 44.34663127779968], [-0.15559257185011774, 44.34671461113302], [-0.15550923851678441, 44.34671461113302], [-0.15550923851678441, 44.34696461113302], [-0.15534257185011774, 44.34696461113302], [-0.15534257185011774, 44.34704794446635], [-0.15509257185011774, 44.34704794446635], [-0.15509257185011774, 44.34721461113302], [-0.15525923851678441, 44.34721461113302], [-0.15525923851678441, 44.34713127779968], [-0.15534257185011774, 44.34713127779968], [-0.15534257185011774, 44.34721461113302], [-0.15550923851678441, 44.34721461113302], [-0.15550923851678441, 44.34754794446635], [-0.15509257185011774, 44.34754794446635], [-0.15509257185011774, 44.34746461113302], [-0.1549259051834511, 44.34746461113302], [-0.1549259051834511, 44.34754794446635], [-0.15475923851678441, 44.34754794446635], [-0.15475923851678441, 44.34746461113302], [-0.1542592385167844, 44.34746461113302], [-0.1542592385167844, 44.34754794446635], [-0.1541759051834511, 44.34754794446635], [-0.1541759051834511, 44.347631277799685], [-0.1539259051834511, 44.347631277799685], [-0.1539259051834511, 44.347714611133014], [-0.15384257185011774, 44.347714611133014], [-0.15384257185011774, 44.347631277799685], [-0.1537592385167844, 44.347631277799685], [-0.1537592385167844, 44.34746461113302], [-0.15359257185011774, 44.34746461113302], [-0.15359257185011774, 44.347381277799684], [-0.1535092385167844, 44.347381277799684], [-0.1535092385167844, 44.34729794446635], [-0.15309257185011774, 44.34729794446635], [-0.15309257185011774, 44.347381277799684], [-0.1530092385167844, 44.347381277799684], [-0.1530092385167844, 44.34746461113302], [-0.1529259051834511, 44.34746461113302], [-0.1529259051834511, 44.34754794446635], [-0.15284257185011774, 44.34754794446635], [-0.15284257185011774, 44.347714611133014], [-0.1530092385167844, 44.347714611133014], [-0.1530092385167844, 44.34779794446635], [-0.1529259051834511, 44.34779794446635], [-0.1529259051834511, 44.34788127779969], [-0.15284257185011774, 44.34788127779969], [-0.15284257185011774, 44.347964611133015], [-0.1526759051834511, 44.347964611133015], [-0.1526759051834511, 44.34779794446635], [-0.15234257185011774, 44.34779794446635], [-0.15234257185011774, 44.347714611133014], [-0.1522592385167844, 44.347714611133014], [-0.1522592385167844, 44.34754794446635], [-0.1520092385167844, 44.34754794446635], [-0.1520092385167844, 44.347714611133014], [-0.1516759051834511, 44.347714611133014], [-0.1516759051834511, 44.34779794446635], [-0.15159257185011774, 44.34779794446635], [-0.15159257185011774, 44.34788127779969], [-0.1515092385167844, 44.34788127779969], [-0.1515092385167844, 44.347964611133015], [-0.1514259051834511, 44.347964611133015], [-0.1514259051834511, 44.34813127779968], [-0.15134257185011774, 44.34813127779968], [-0.15134257185011774, 44.34821461113302], [-0.1512592385167844, 44.34821461113302], [-0.1512592385167844, 44.34829794446635], [-0.1511759051834511, 44.34829794446635], [-0.1511759051834511, 44.34863127779968], [-0.1507592385167844, 44.34863127779968], [-0.1507592385167844, 44.34871461113302], [-0.15059257185011773, 44.34871461113302], [-0.15059257185011773, 44.34879794446635], [-0.1505092385167844, 44.34879794446635], [-0.1505092385167844, 44.348881277799684], [-0.15034257185011773, 44.348881277799684], [-0.15034257185011773, 44.34896461113302], [-0.1502592385167844, 44.34896461113302], [-0.1502592385167844, 44.34904794446635], [-0.15017590518345109, 44.34904794446635], [-0.15017590518345109, 44.349131277799685], [-0.15009257185011773, 44.349131277799685], [-0.15009257185011773, 44.349214611133014], [-0.1497592385167844, 44.349214611133014], [-0.1497592385167844, 44.349131277799685], [-0.14967590518345109, 44.349131277799685], [-0.14967590518345109, 44.34904794446635], [-0.14917590518345109, 44.34904794446635], [-0.14917590518345109, 44.34896461113302], [-0.14892590518345108, 44.34896461113302], [-0.14892590518345108, 44.348881277799684], [-0.14842590518345108, 44.348881277799684], [-0.14842590518345108, 44.34879794446635], [-0.14834257185011773, 44.34879794446635], [-0.14834257185011773, 44.348881277799684], [-0.14800083800837252, 44.348881277799684], [-0.14731248005153105, 44.34971461113302], [-0.08352132262550804, 44.34971461113302], [-0.08350923851678442, 44.34970203815525], [-0.08350923851678442, 44.34971461113302], [-0.08017590518345108, 44.34971461113302], [-0.08017590518345108, 44.34963127779968], [-0.08025923851678442, 44.34963127779968], [-0.08025923851678442, 44.34938127779969], [-0.08034257185011776, 44.34938127779969], [-0.08034257185011776, 44.349131277799685], [-0.08025923851678442, 44.349131277799685], [-0.08025923851678442, 44.34904794446635], [-0.07984257185011776, 44.34904794446635], [-0.07984257185011776, 44.349131277799685], [-0.07975923851678442, 44.349131277799685], [-0.07975923851678442, 44.349214611133014], [-0.07959257185011775, 44.349214611133014], [-0.07959257185011775, 44.349464611133016], [-0.07975923851678442, 44.349464611133016], [-0.07975923851678442, 44.34971461113302], [-0.07451281342187419, 44.34971461113302], [-0.06848815614701964, 44.34971461113302], [-0.06848815614701964, 44.34337776512622], [-0.06850923851678442, 44.34337676027051], [-0.06850923851678442, 44.343131277799685], [-0.06892590518345108, 44.343131277799685], [-0.06892590518345108, 44.343214611133014], [-0.06942590518345108, 44.343214611133014], [-0.06942590518345108, 44.343131277799685], [-0.06950923851678442, 44.343131277799685], [-0.06950923851678442, 44.342881277799684], [-0.06917590518345108, 44.342881277799684], [-0.06917590518345108, 44.34279794446635], [-0.06850923851678442, 44.34279794446635], [-0.06850923851678442, 44.34231961315337], [-0.06848815614701964, 44.342332836592306], [-0.06848815614701964, 44.33413476802562], [-0.06848815614701964, 44.31196220783514], [-0.06850923851678442, 44.311964205935695], [-0.06850923851678442, 44.310464611133014], [-0.06867590518345108, 44.310464611133014], [-0.06867590518345108, 44.310631277799686], [-0.06859257185011775, 44.310631277799686], [-0.06859257185011775, 44.310714611133015], [-0.06875923851678442, 44.310714611133015], [-0.06875923851678442, 44.31079794446635], [-0.06884257185011775, 44.31079794446635], [-0.06884257185011775, 44.31088127779968], [-0.06900923851678442, 44.31088127779968], [-0.06900923851678442, 44.31104794446635], [-0.06909257185011775, 44.31104794446635], [-0.06909257185011775, 44.31113127779968], [-0.06925923851678442, 44.31113127779968], [-0.06925923851678442, 44.31129794446635], [-0.06934257185011775, 44.31129794446635], [-0.06934257185011775, 44.31138127779968], [-0.06950923851678442, 44.31138127779968], [-0.06950923851678442, 44.31154794446635], [-0.06959257185011775, 44.31154794446635], [-0.06959257185011775, 44.311631277799684], [-0.06992590518345108, 44.311631277799684], [-0.06992590518345108, 44.31171461113302], [-0.07109257185011775, 44.31171461113302], [-0.07109257185011775, 44.311631277799684], [-0.07117590518345109, 44.311631277799684], [-0.07117590518345109, 44.31171461113302], [-0.07142590518345109, 44.31171461113302], [-0.07142590518345109, 44.31179794446635], [-0.07167590518345109, 44.31179794446635], [-0.07167590518345109, 44.311881277799685], [-0.07267590518345109, 44.311881277799685], [-0.07267590518345109, 44.311964611133014], [-0.07317590518345109, 44.311964611133014], [-0.07317590518345109, 44.311881277799685], [-0.07334257185011775, 44.311881277799685], [-0.07334257185011775, 44.31179794446635], [-0.07342590518345109, 44.31179794446635], [-0.07342590518345109, 44.31171461113302], [-0.07400923851678441, 44.31171461113302], [-0.07400923851678441, 44.31179794446635], [-0.07417590518345109, 44.31179794446635], [-0.07417590518345109, 44.311881277799685], [-0.07442590518345109, 44.311881277799685], [-0.07442590518345109, 44.311964611133014], [-0.07467590518345109, 44.311964611133014], [-0.07467590518345109, 44.31204794446635], [-0.07484257185011775, 44.31204794446635], [-0.07484257185011775, 44.312131277799686], [-0.07509257185011775, 44.312131277799686], [-0.07509257185011775, 44.312214611133015], [-0.07534257185011775, 44.312214611133015], [-0.07534257185011775, 44.31229794446635], [-0.07567590518345109, 44.31229794446635], [-0.07567590518345109, 44.31246461113302], [-0.07592590518345109, 44.31246461113302], [-0.07592590518345109, 44.31254794446635], [-0.07634257185011775, 44.31254794446635], [-0.07634257185011775, 44.31263127779968], [-0.07667590518345108, 44.31263127779968], [-0.07667590518345108, 44.31271461113302], [-0.07692590518345108, 44.31271461113302], [-0.07692590518345108, 44.31279794446635], [-0.07734257185011775, 44.31279794446635], [-0.07734257185011775, 44.31288127779968], [-0.07750923851678442, 44.31288127779968], [-0.07750923851678442, 44.31296461113302], [-0.07775923851678442, 44.31296461113302], [-0.07775923851678442, 44.31304794446635], [-0.07800923851678442, 44.31304794446635], [-0.07800923851678442, 44.31321461113302], [-0.07817590518345108, 44.31321461113302], [-0.07817590518345108, 44.31329794446635], [-0.07825923851678442, 44.31329794446635], [-0.07825923851678442, 44.313381277799685], [-0.07859257185011775, 44.313381277799685], [-0.07859257185011775, 44.31329794446635], [-0.07900923851678442, 44.31329794446635], [-0.07900923851678442, 44.313464611133014], [-0.07917590518345108, 44.313464611133014], [-0.07917590518345108, 44.313631277799686], [-0.07909257185011775, 44.313631277799686], [-0.07909257185011775, 44.313714611133015], [-0.07900923851678442, 44.313714611133015], [-0.07900923851678442, 44.31388127779968], [-0.07909257185011775, 44.31388127779968], [-0.07909257185011775, 44.31421461113302], [-0.07925923851678442, 44.31421461113302], [-0.07925923851678442, 44.31432177777613], [-0.07951209265149142, 44.314260365696], [-0.08050923851678442, 44.31401818337278], [-0.08050923851678442, 44.31396461113302], [-0.08034257185011776, 44.31396461113302], [-0.08034257185011776, 44.31388127779968], [-0.08042590518345108, 44.31388127779968], [-0.08042590518345108, 44.31379794446635], [-0.08025923851678442, 44.31379794446635], [-0.08025923851678442, 44.313631277799686], [-0.08017590518345108, 44.313631277799686], [-0.08017590518345108, 44.313464611133014], [-0.07992590518345108, 44.313464611133014], [-0.07992590518345108, 44.313381277799685], [-0.07942590518345108, 44.313381277799685], [-0.07942590518345108, 44.31329794446635], [-0.07925923851678442, 44.31329794446635], [-0.07925923851678442, 44.31296461113302], [-0.07934257185011775, 44.31296461113302], [-0.07934257185011775, 44.31246461113302], [-0.07942590518345108, 44.31246461113302], [-0.07942590518345108, 44.312131277799686], [-0.07959257185011775, 44.312131277799686], [-0.07959257185011775, 44.31204794446635], [-0.07967590518345108, 44.31204794446635], [-0.07967590518345108, 44.311964611133014], [-0.07984257185011776, 44.311964611133014], [-0.07984257185011776, 44.311881277799685], [-0.08009257185011776, 44.311881277799685], [-0.08009257185011776, 44.311964611133014], [-0.08025923851678442, 44.311964611133014], [-0.08025923851678442, 44.31204794446635], [-0.08034257185011776, 44.31204794446635], [-0.08034257185011776, 44.312131277799686], [-0.08050923851678442, 44.312131277799686], [-0.08050923851678442, 44.312214611133015], [-0.08059257185011776, 44.312214611133015], [-0.08059257185011776, 44.31238127779968], [-0.08084257185011776, 44.31238127779968], [-0.08084257185011776, 44.31246461113302], [-0.08167590518345108, 44.31246461113302], [-0.08167590518345108, 44.31254794446635], [-0.08192590518345108, 44.31254794446635], [-0.08192590518345108, 44.31263127779968], [-0.08234257185011774, 44.31263127779968], [-0.08234257185011774, 44.31271461113302], [-0.08242590518345108, 44.31271461113302], [-0.08242590518345108, 44.31279794446635], [-0.08250923851678442, 44.31279794446635], [-0.08250923851678442, 44.31288127779968], [-0.08259257185011774, 44.31288127779968], [-0.08259257185011774, 44.31304794446635], [-0.08267590518345108, 44.31304794446635], [-0.08267590518345108, 44.31354794446635], [-0.08259257185011774, 44.31354794446635], [-0.08259257185011774, 44.313631277799686], [-0.08275923851678442, 44.313631277799686], [-0.08275923851678442, 44.313714611133015], [-0.08292590518345108, 44.313714611133015], [-0.08292590518345108, 44.31388127779968], [-0.08325923851678442, 44.31388127779968], [-0.08325923851678442, 44.31396461113302], [-0.08342590518345108, 44.31396461113302], [-0.08342590518345108, 44.31404794446635], [-0.08334257185011774, 44.31404794446635], [-0.08334257185011774, 44.31421461113302], [-0.08350923851678442, 44.31421461113302], [-0.08350923851678442, 44.31438127779968], [-0.08425923851678442, 44.31438127779968], [-0.08425923851678442, 44.31454794446635], [-0.08434257185011775, 44.31454794446635], [-0.08434257185011775, 44.314631277799684], [-0.08450923851678442, 44.314631277799684], [-0.08450923851678442, 44.31479794446635], [-0.08459257185011775, 44.31479794446635], [-0.08459257185011775, 44.314881277799685], [-0.08484257185011775, 44.314881277799685], [-0.08484257185011775, 44.314964611133014], [-0.08509257185011775, 44.314964611133014], [-0.08509257185011775, 44.31504794446635], [-0.08534257185011775, 44.31504794446635], [-0.08534257185011775, 44.315131277799686], [-0.08542590518345108, 44.315131277799686], [-0.08542590518345108, 44.31529794446635], [-0.08609257185011775, 44.31529794446635], [-0.08609257185011775, 44.31538127779968], [-0.08617590518345108, 44.31538127779968], [-0.08617590518345108, 44.31546461113302], [-0.08642590518345108, 44.31546461113302], [-0.08642590518345108, 44.31538127779968], [-0.08692590518345109, 44.31538127779968], [-0.08692590518345109, 44.31546461113302], [-0.08750923851678441, 44.31546461113302], [-0.08750923851678441, 44.31538127779968], [-0.08792590518345109, 44.31538127779968], [-0.08792590518345109, 44.31546461113302], [-0.08809257185011775, 44.31546461113302], [-0.08809257185011775, 44.31571461113302], [-0.08817590518345109, 44.31571461113302], [-0.08817590518345109, 44.31579794446635], [-0.08834257185011775, 44.31579794446635], [-0.08834257185011775, 44.31588127779968], [-0.08842590518345109, 44.31588127779968], [-0.08842590518345109, 44.31596461113302], [-0.08867590518345109, 44.31596461113302], [-0.08867590518345109, 44.31604794446635], [-0.08909257185011775, 44.31604794446635], [-0.08909257185011775, 44.316131277799684], [-0.08925923851678441, 44.316131277799684], [-0.08925923851678441, 44.31621461113302], [-0.08934257185011775, 44.31621461113302], [-0.08934257185011775, 44.31629794446635], [-0.08967590518345109, 44.31629794446635], [-0.08967590518345109, 44.316381277799685], [-0.09000923851678441, 44.316381277799685], [-0.09000923851678441, 44.31629794446635], [-0.09025923851678441, 44.31629794446635], [-0.09025923851678441, 44.31621461113302], [-0.09034257185011775, 44.31621461113302], [-0.09034257185011775, 44.316131277799684], [-0.09042590518345109, 44.316131277799684], [-0.09042590518345109, 44.31604794446635], [-0.09050923851678441, 44.31604794446635], [-0.09050923851678441, 44.31596461113302], [-0.09059257185011775, 44.31596461113302], [-0.09059257185011775, 44.31588127779968], [-0.09067590518345109, 44.31588127779968], [-0.09067590518345109, 44.31571461113302], [-0.09075923851678441, 44.31571461113302], [-0.09075923851678441, 44.31563127779968], [-0.09100923851678441, 44.31563127779968], [-0.09100923851678441, 44.31554794446635], [-0.09134257185011775, 44.31554794446635], [-0.09134257185011775, 44.31579794446635], [-0.09159257185011775, 44.31579794446635], [-0.09159257185011775, 44.31588127779968], [-0.09184257185011775, 44.31588127779968], [-0.09184257185011775, 44.31596461113302], [-0.09217590518345108, 44.31596461113302], [-0.09217590518345108, 44.31588127779968], [-0.09275923851678441, 44.31588127779968], [-0.09275923851678441, 44.31579794446635], [-0.09292590518345108, 44.31579794446635], [-0.09292590518345108, 44.31554794446635], [-0.09309257185011775, 44.31554794446635], [-0.09309257185011775, 44.31546461113302], [-0.09342590518345108, 44.31546461113302], [-0.09342590518345108, 44.31538127779968], [-0.09359257185011775, 44.31538127779968], [-0.09359257185011775, 44.31546461113302], [-0.09384257185011775, 44.31546461113302], [-0.09384257185011775, 44.31554794446635], [-0.09459257185011775, 44.31554794446635], [-0.09459257185011775, 44.31546461113302], [-0.09475923851678442, 44.31546461113302], [-0.09475923851678442, 44.31538127779968], [-0.09467590518345108, 44.31538127779968], [-0.09467590518345108, 44.31529794446635], [-0.09475923851678442, 44.31529794446635], [-0.09475923851678442, 44.315214611133015], [-0.09459257185011775, 44.315214611133015], [-0.09459257185011775, 44.315131277799686], [-0.09450923851678442, 44.315131277799686], [-0.09450923851678442, 44.314964611133014], [-0.09425923851678442, 44.314964611133014], [-0.09425923851678442, 44.314881277799685], [-0.09400923851678442, 44.314881277799685], [-0.09400923851678442, 44.31479794446635], [-0.09392590518345108, 44.31479794446635], [-0.09392590518345108, 44.31471461113302], [-0.09367590518345108, 44.31471461113302], [-0.09367590518345108, 44.314654782327615], [-0.0918598000000001, 44.3146951], [-0.08948989999999966, 44.3157037], [-0.08695720000000125, 44.314863599999995], [-0.08729590000000034, 44.3130636], [-0.09071229999999994, 44.3131671], [-0.09183249999999918, 44.3121265], [-0.09192590518345108, 44.31214888216227], [-0.09192590518345108, 44.312131277799686], [-0.09200923851678441, 44.312131277799686], [-0.09200923851678441, 44.31204794446635], [-0.09217590518345108, 44.31204794446635], [-0.09217590518345108, 44.311881277799685], [-0.09225923851678441, 44.311881277799685], [-0.09225923851678441, 44.31171461113302], [-0.09234257185011775, 44.31171461113302], [-0.09234257185011775, 44.311631277799684], [-0.09250923851678441, 44.311631277799684], [-0.09250923851678441, 44.31154794446635], [-0.09259257185011775, 44.31154794446635], [-0.09259257185011775, 44.31146461113302], [-0.09275923851678441, 44.31146461113302], [-0.09275923851678441, 44.31138127779968], [-0.09292590518345108, 44.31138127779968], [-0.09292590518345108, 44.31104794446635], [-0.09267590518345108, 44.31104794446635], [-0.09267590518345108, 44.31113127779968], [-0.09250923851678441, 44.31113127779968], [-0.09250923851678441, 44.31121461113302], [-0.09242590518345108, 44.31121461113302], [-0.09242590518345108, 44.31129794446635], [-0.09225923851678441, 44.31129794446635], [-0.09225923851678441, 44.31154794446635], [-0.09217590518345108, 44.31154794446635], [-0.09217590518345108, 44.311631277799684], [-0.09209257185011775, 44.311631277799684], [-0.09209257185011775, 44.31171461113302], [-0.09200923851678441, 44.31171461113302], [-0.09200923851678441, 44.31179794446635], [-0.09184257185011775, 44.31179794446635], [-0.09184257185011775, 44.311881277799685], [-0.09175923851678441, 44.311881277799685], [-0.09175923851678441, 44.31204794446635], [-0.09150923851678441, 44.31204794446635], [-0.09150923851678441, 44.312131277799686], [-0.09117590518345108, 44.312131277799686], [-0.09117590518345108, 44.312214611133015], [-0.09092590518345109, 44.312214611133015], [-0.09092590518345109, 44.31229794446635], [-0.09084257185011775, 44.31229794446635], [-0.09084257185011775, 44.312214611133015], [-0.09050923851678441, 44.312214611133015], [-0.09050923851678441, 44.312131277799686], [-0.09034257185011775, 44.312131277799686], [-0.09034257185011775, 44.31204794446635], [-0.09025923851678441, 44.31204794446635], [-0.09025923851678441, 44.311964611133014], [-0.09017590518345109, 44.311964611133014], [-0.09017590518345109, 44.311881277799685], [-0.09000923851678441, 44.311881277799685], [-0.09000923851678441, 44.31179794446635], [-0.08992590518345109, 44.31179794446635], [-0.08992590518345109, 44.31171461113302], [-0.08975923851678441, 44.31171461113302], [-0.08975923851678441, 44.311631277799684], [-0.08967590518345109, 44.311631277799684], [-0.08967590518345109, 44.31154794446635], [-0.08950923851678441, 44.31154794446635], [-0.08950923851678441, 44.31146461113302], [-0.08942590518345109, 44.31146461113302], [-0.08942590518345109, 44.31129794446635], [-0.08925923851678441, 44.31129794446635], [-0.08925923851678441, 44.31121461113302], [-0.08934257185011775, 44.31121461113302], [-0.08934257185011775, 44.31113127779968], [-0.08942590518345109, 44.31113127779968], [-0.08942590518345109, 44.31104794446635], [-0.08934257185011775, 44.31104794446635], [-0.08934257185011775, 44.31088127779968], [-0.08917590518345109, 44.31088127779968], [-0.08917590518345109, 44.31079794446635], [-0.08909257185011775, 44.31079794446635], [-0.08909257185011775, 44.310631277799686], [-0.08884257185011775, 44.310631277799686], [-0.08884257185011775, 44.31054794446635], [-0.08867590518345109, 44.31054794446635], [-0.08867590518345109, 44.310464611133014], [-0.08842590518345109, 44.310464611133014], [-0.08842590518345109, 44.310131277799684], [-0.08834257185011775, 44.310131277799684], [-0.08834257185011775, 44.31004794446635], [-0.08809257185011775, 44.31004794446635], [-0.08809257185011775, 44.30988127779968], [-0.08792590518345109, 44.30988127779968], [-0.08792590518345109, 44.30996461113302], [-0.08767590518345109, 44.30996461113302], [-0.08767590518345109, 44.31004794446635], [-0.08759257185011775, 44.31004794446635], [-0.08759257185011775, 44.310381277799685], [-0.08750923851678441, 44.310381277799685], [-0.08750923851678441, 44.310464611133014], [-0.08742590518345109, 44.310464611133014], [-0.08742590518345109, 44.310631277799686], [-0.08734257185011775, 44.310631277799686], [-0.08734257185011775, 44.310714611133015], [-0.08667590518345109, 44.310714611133015], [-0.08667590518345109, 44.310631277799686], [-0.08659257185011775, 44.310631277799686], [-0.08659257185011775, 44.31054794446635], [-0.08625923851678441, 44.31054794446635], [-0.08625923851678441, 44.310464611133014], [-0.08609257185011775, 44.310464611133014], [-0.08609257185011775, 44.310381277799685], [-0.08584257185011775, 44.310381277799685], [-0.08584257185011775, 44.31029794446635], [-0.08567590518345108, 44.31029794446635], [-0.08567590518345108, 44.31021461113302], [-0.08559257185011775, 44.31021461113302], [-0.08559257185011775, 44.310131277799684], [-0.08542590518345108, 44.310131277799684], [-0.08542590518345108, 44.31004794446635], [-0.08492590518345108, 44.31004794446635], [-0.08492590518345108, 44.30996461113302], [-0.08459257185011775, 44.30996461113302], [-0.08459257185011775, 44.30988127779968], [-0.08434257185011775, 44.30988127779968], [-0.08434257185011775, 44.30979794446635], [-0.08409257185011774, 44.30979794446635], [-0.08409257185011774, 44.30954794446635], [-0.08417590518345108, 44.30954794446635], [-0.08417590518345108, 44.309464611133016], [-0.08425923851678442, 44.309464611133016], [-0.08425923851678442, 44.30938127779968], [-0.08434257185011775, 44.30938127779968], [-0.08434257185011775, 44.309214611133015], [-0.08442590518345108, 44.309214611133015], [-0.08442590518345108, 44.309131277799686], [-0.08450923851678442, 44.309131277799686], [-0.08450923851678442, 44.308881277799685], [-0.08467590518345108, 44.308881277799685], [-0.08467590518345108, 44.308631277799684], [-0.08475923851678442, 44.308631277799684], [-0.08475923851678442, 44.30854794446635], [-0.08484257185011775, 44.30854794446635], [-0.08484257185011775, 44.30846461113302], [-0.08492590518345108, 44.30846461113302], [-0.08492590518345108, 44.30838127779968], [-0.08500923851678442, 44.30838127779968], [-0.08500923851678442, 44.30829794446635], [-0.08517590518345108, 44.30829794446635], [-0.08517590518345108, 44.30838127779968], [-0.08567590518345108, 44.30838127779968], [-0.08567590518345108, 44.30854794446635], [-0.08575923851678442, 44.30854794446635], [-0.08575923851678442, 44.308631277799684], [-0.08600923851678442, 44.308631277799684], [-0.08600923851678442, 44.30854794446635], [-0.08617590518345108, 44.30854794446635], [-0.08617590518345108, 44.308631277799684], [-0.08675923851678441, 44.308631277799684], [-0.08675923851678441, 44.30871461113302], [-0.08742590518345109, 44.30871461113302], [-0.08742590518345109, 44.30879794446635], [-0.08792590518345109, 44.30879794446635], [-0.08792590518345109, 44.308964611133014], [-0.08875923851678441, 44.308964611133014], [-0.08875923851678441, 44.308881277799685], [-0.08900923851678441, 44.308881277799685], [-0.08900923851678441, 44.30879794446635], [-0.08925923851678441, 44.30879794446635], [-0.08925923851678441, 44.30871461113302], [-0.08934257185011775, 44.30871461113302], [-0.08934257185011775, 44.308631277799684], [-0.08950923851678441, 44.308631277799684], [-0.08950923851678441, 44.30854794446635], [-0.08975923851678441, 44.30854794446635], [-0.08975923851678441, 44.30846461113302], [-0.08984257185011775, 44.30846461113302], [-0.08984257185011775, 44.30838127779968], [-0.08992590518345109, 44.30838127779968], [-0.08992590518345109, 44.30804794446635], [-0.09000923851678441, 44.30804794446635], [-0.09000923851678441, 44.307964611133016], [-0.09009257185011775, 44.307964611133016], [-0.09009257185011775, 44.30754794446635], [-0.09017590518345109, 44.30754794446635], [-0.09017590518345109, 44.307464611133014], [-0.09025923851678441, 44.307464611133014], [-0.09025923851678441, 44.307381277799685], [-0.09034257185011775, 44.307381277799685], [-0.09034257185011775, 44.30721461113302], [-0.09042590518345109, 44.30721461113302], [-0.09042590518345109, 44.307131277799684], [-0.09050923851678441, 44.307131277799684], [-0.09050923851678441, 44.30688127779968], [-0.09059257185011775, 44.30688127779968], [-0.09059257185011775, 44.306797944466354], [-0.09067590518345109, 44.306797944466354], [-0.09067590518345109, 44.306464611133016], [-0.09075923851678441, 44.306464611133016], [-0.09075923851678441, 44.30629794446635], [-0.09067590518345109, 44.30629794446635], [-0.09067590518345109, 44.306131277799686], [-0.09050923851678441, 44.306131277799686], [-0.09050923851678441, 44.30604794446635], [-0.09025923851678441, 44.30604794446635], [-0.09025923851678441, 44.306131277799686], [-0.09009257185011775, 44.306131277799686], [-0.09009257185011775, 44.306214611133015], [-0.09000923851678441, 44.306214611133015], [-0.09000923851678441, 44.30629794446635], [-0.08992590518345109, 44.30629794446635], [-0.08992590518345109, 44.30638127779968], [-0.08959257185011775, 44.30638127779968], [-0.08959257185011775, 44.306464611133016], [-0.08925923851678441, 44.306464611133016], [-0.08925923851678441, 44.30654794446635], [-0.08900923851678441, 44.30654794446635], [-0.08900923851678441, 44.30663127779968], [-0.08800923851678441, 44.30663127779968], [-0.08800923851678441, 44.30654794446635], [-0.08675923851678441, 44.30654794446635], [-0.08675923851678441, 44.305881277799685], [-0.08684257185011775, 44.305881277799685], [-0.08684257185011775, 44.30571461113302], [-0.08667590518345109, 44.30571461113302], [-0.08667590518345109, 44.305631277799684], [-0.08625923851678441, 44.305631277799684], [-0.08625923851678441, 44.30571461113302], [-0.08600923851678442, 44.30571461113302], [-0.08600923851678442, 44.30579794446635], [-0.08592590518345108, 44.30579794446635], [-0.08592590518345108, 44.305881277799685], [-0.08575923851678442, 44.305881277799685], [-0.08575923851678442, 44.305964611133014], [-0.08567590518345108, 44.305964611133014], [-0.08567590518345108, 44.30604794446635], [-0.08559257185011775, 44.30604794446635], [-0.08559257185011775, 44.306131277799686], [-0.08550923851678442, 44.306131277799686], [-0.08550923851678442, 44.30629794446635], [-0.08542590518345108, 44.30629794446635], [-0.08542590518345108, 44.306464611133016], [-0.08534257185011775, 44.306464611133016], [-0.08534257185011775, 44.30654794446635], [-0.08525923851678442, 44.30654794446635], [-0.08525923851678442, 44.30663127779968], [-0.08509257185011775, 44.30663127779968], [-0.08509257185011775, 44.306797944466354], [-0.08492590518345108, 44.306797944466354], [-0.08492590518345108, 44.30688127779968], [-0.08484257185011775, 44.30688127779968], [-0.08484257185011775, 44.30704794446635], [-0.08467590518345108, 44.30704794446635], [-0.08467590518345108, 44.307131277799684], [-0.08459257185011775, 44.307131277799684], [-0.08459257185011775, 44.30721461113302], [-0.08442590518345108, 44.30721461113302], [-0.08442590518345108, 44.30729794446635], [-0.08434257185011775, 44.30729794446635], [-0.08434257185011775, 44.307464611133014], [-0.08442590518345108, 44.307464611133014], [-0.08442590518345108, 44.307964611133016], [-0.08434257185011775, 44.307964611133016], [-0.08434257185011775, 44.30804794446635], [-0.08425923851678442, 44.30804794446635], [-0.08425923851678442, 44.30813127779968], [-0.08384257185011774, 44.30813127779968], [-0.08384257185011774, 44.30804794446635], [-0.08359257185011774, 44.30804794446635], [-0.08359257185011774, 44.307964611133016], [-0.08334257185011774, 44.307964611133016], [-0.08334257185011774, 44.30788127779968], [-0.08267590518345108, 44.30788127779968], [-0.08267590518345108, 44.30779794446635], [-0.08234257185011774, 44.30779794446635], [-0.08234257185011774, 44.307714611133015], [-0.08217590518345108, 44.307714611133015], [-0.08217590518345108, 44.307631277799686], [-0.08167590518345108, 44.307631277799686], [-0.08167590518345108, 44.307464611133014], [-0.08142590518345108, 44.307464611133014], [-0.08142590518345108, 44.307381277799685], [-0.08109257185011774, 44.307381277799685], [-0.08109257185011774, 44.30729794446635], [-0.08084257185011776, 44.30729794446635], [-0.08084257185011776, 44.30721461113302], [-0.08067590518345108, 44.30721461113302], [-0.08067590518345108, 44.307131277799684], [-0.08050923851678442, 44.307131277799684], [-0.08050923851678442, 44.30704794446635], [-0.08034257185011776, 44.30704794446635], [-0.08034257185011776, 44.30688127779968], [-0.08025923851678442, 44.30688127779968], [-0.08025923851678442, 44.306797944466354], [-0.07984257185011776, 44.306797944466354], [-0.07984257185011776, 44.30671461113302], [-0.07975923851678442, 44.30671461113302], [-0.07975923851678442, 44.306464611133016], [-0.07959257185011775, 44.306464611133016], [-0.07959257185011775, 44.30654794446635], [-0.07909257185011775, 44.30654794446635], [-0.07909257185011775, 44.306464611133016], [-0.07884257185011775, 44.306464611133016], [-0.07884257185011775, 44.30638127779968], [-0.07850923851678442, 44.30638127779968], [-0.07850923851678442, 44.306214611133015], [-0.07825923851678442, 44.306214611133015], [-0.07825923851678442, 44.306131277799686], [-0.07817590518345108, 44.306131277799686], [-0.07817590518345108, 44.305881277799685], [-0.07825923851678442, 44.305881277799685], [-0.07825923851678442, 44.30579794446635], [-0.07842590518345108, 44.30579794446635], [-0.07842590518345108, 44.30571461113302], [-0.07825923851678442, 44.30571461113302], [-0.07825923851678442, 44.30546461113302], [-0.07817590518345108, 44.30546461113302], [-0.07817590518345108, 44.30538127779968], [-0.07800923851678442, 44.30538127779968], [-0.07800923851678442, 44.30529794446635], [-0.07809257185011775, 44.30529794446635], [-0.07809257185011775, 44.30521461113302], [-0.07792590518345108, 44.30521461113302], [-0.07792590518345108, 44.30513127779968], [-0.07784257185011775, 44.30513127779968], [-0.07784257185011775, 44.30504794446635], [-0.07767590518345108, 44.30504794446635], [-0.07767590518345108, 44.304964611133016], [-0.07742590518345108, 44.304964611133016], [-0.07742590518345108, 44.30488127779968], [-0.07709257185011775, 44.30488127779968], [-0.07709257185011775, 44.30479794446635], [-0.07675638944209393, 44.30479794446635], [-0.07675885113187887, 44.304788351802536], [-0.07676135761628834, 44.30476411157572], [-0.0767602069056213, 44.304739818665595], [-0.07674042598263887, 44.304578931109894], [-0.07683032729370705, 44.304433514106634], [-0.0769175370687051, 44.304296237012345], [-0.07702671870384414, 44.30420768356727], [-0.07708259792496011, 44.30417733782823], [-0.07731611531831965, 44.30416634702264], [-0.07764334661744954, 44.30415105026805], [-0.07766883713708696, 44.30414910377317], [-0.0776940206341778, 44.304145666930964], [-0.07785492121131911, 44.30411876684694], [-0.07788602353564657, 44.304112333958116], [-0.07791603533748329, 44.30410363048062], [-0.07794463613723655, 44.30409274935413], [-0.07797152052310402, 44.30407980677231], [-0.07799640141245538, 44.30406494094187], [-0.07818914607120599, 44.303937115976595], [-0.07834004510381012, 44.30387652301091], [-0.07844952767341275, 44.30385698815722], [-0.0784598159200849, 44.303855018515215], [-0.0786233644433213, 44.30382155949625], [-0.07909732643434038, 44.30378137389833], [-0.07912791513373733, 44.30377766953768], [-0.0791578435495264, 44.303771810487014], [-0.07918681811851105, 44.30376385421685], [-0.0792145546339261, 44.3037538787689], [-0.07924078103323594, 44.303741981990726], [-0.07963269970434347, 44.303544045844845], [-0.08007534761053334, 44.3035048334575], [-0.08010732955584444, 44.303500782024464], [-0.08013855540506215, 44.303494374233864], [-0.0805711674229037, 44.30338789062035], [-0.0808394166936279, 44.30340916632819], [-0.08086853139913876, 44.30341049387678], [-0.08089769181299968, 44.303409870372555], [-0.08092664495392152, 44.30340730122463], [-0.08126994622631756, 44.30336510110077], [-0.08130098526177894, 44.30336010887458], [-0.08133115916797581, 44.3033528816916], [-0.0817549604904702, 44.30323388130604], [-0.08178437799805043, 44.303224338431214], [-0.08181227156615857, 44.303212671941516], [-0.08183834492648266, 44.303199005751544], [-0.08198324509907247, 44.30311450550694], [-0.08200472610150639, 44.30310075575911], [-0.08202435924365407, 44.30308564830632], [-0.08204197881211442, 44.30306931066396], [-0.08205743608955783, 44.30305188073082], [-0.08207060060995648, 44.303033505625166], [-0.08208136125973847, 44.303014340442836], [-0.08208962721559615, 44.30299454694826], [-0.08212421143363083, 44.30289538500999], [-0.08254403313748944, 44.302735516027155], [-0.08255435488237257, 44.30273140467817], [-0.08308005611257714, 44.30251260399194], [-0.08310572041237584, 44.3025006844356], [-0.08348795301612633, 44.30230352068729], [-0.08366939812050238, 44.30230098338956], [-0.0837007535720814, 44.302299412071534], [-0.08373173182855737, 44.30229559178968], [-0.08376202090731467, 44.30228956101802], [-0.08384252117442743, 44.30227036095597], [-0.08387138424710175, 44.30226231898931], [-0.08389900074530009, 44.302252269969756], [-0.0839251008398819, 44.30224031208223], [-0.08394942951829482, 44.3022265621623], [-0.08397174907624896, 44.30221115455478], [-0.08399184144023672, 44.3021942398009], [-0.08400951029823202, 44.30217598316748], [-0.08405876808211395, 44.30211930060856], [-0.08412349388007867, 44.30213363619582], [-0.08415202139631371, 44.30213891338005], [-0.08418111312718125, 44.30214224247301], [-0.08421051171428694, 44.30214359402398], [-0.08423995708454078, 44.302142956076416], [-0.08426918875094731, 44.30214033427386], [-0.0842979481170805, 44.30213575180982], [-0.08432598076480936, 44.3021292492228], [-0.08435303870508035, 44.30212088403748], [-0.08437888257178605, 44.30211073025593], [-0.08440328373937327, 44.30209887770288], [-0.08463938409907162, 44.30197217732691], [-0.08465957225115243, 44.30196037362789], [-0.08467832567384571, 44.30194740670643], [-0.08469551480776501, 44.30193336614608], [-0.08485101464371539, 44.30179516581167], [-0.08487064854837244, 44.301775668404844], [-0.08488726989945816, 44.301754776373876], [-0.08495806897654586, 44.30165357476008], [-0.08501238278494898, 44.30162276732527], [-0.0852107951657501, 44.301543557107856], [-0.08540856345749964, 44.30147790412758], [-0.08563296279825301, 44.30141875904816], [-0.08589204910680258, 44.301439713354654], [-0.08592454989135526, 44.30144111883153], [-0.08595707823591439, 44.30144009360644], [-0.08598928260337672, 44.30143664875901], [-0.08602081495798639, 44.30143082151791], [-0.08605133452670939, 44.30142267485865], [-0.08608051148211758, 44.3014122968228], [-0.08610803050695585, 44.30139979956663], [-0.08645853985794759, 44.30122165617018], [-0.08648402565995611, 44.301212521481624], [-0.08680264063643957, 44.30125296848416], [-0.0870943144725194, 44.301294692704325], [-0.08712124899881525, 44.3012976774249], [-0.08714844286147608, 44.30129896931318], [-0.08717569015867968, 44.30129855858737], [-0.08720278458399033, 44.301296448357306], [-0.08733517211610951, 44.3012819284517], [-0.08758021769976101, 44.30126327313506], [-0.0876135348653494, 44.30125942380029], [-0.08764608196723017, 44.301253022606524], [-0.08772394355189801, 44.30123441758914], [-0.08795972098371604, 44.30125515793515], [-0.08799156445098488, 44.30125678192443], [-0.08802347270053255, 44.30125606961637], [-0.0880551142351659, 44.30125302841114], [-0.08808616032867331, 44.301247689903875], [-0.08811628844111029, 44.30124010955668], [-0.08815297773302838, 44.30122934132015], [-0.08815314631510499, 44.301229751066415], [-0.08816583269918281, 44.301251722012736], [-0.0881816788123785, 44.301272608045416], [-0.0881829381899437, 44.301273916846284], [-0.08834874654469474, 44.30072636120219], [-0.08833698039667016, 44.30072472250173], [-0.08830579119124077, 44.30072266702706], [-0.08827447207458441, 44.30072285889898], [-0.08824333623781816, 44.30072529619865], [-0.08821269503929587, 44.30072995455296], [-0.08818285489113259, 44.3007367873783], [-0.08809705516370052, 44.30075988730342], [-0.0880885117263426, 44.3007622905349], [-0.08795486525144494, 44.300801515700265], [-0.08773007981628045, 44.30078174216856], [-0.08770241692990598, 44.3007801979569], [-0.08767467229183971, 44.30078041800842], [-0.08764706364240074, 44.300782400596106], [-0.08761980765469167, 44.300786130160525], [-0.08759311823419466, 44.3007915774319], [-0.08748047831785673, 44.300818492792885], [-0.08726198346316842, 44.300835126807534], [-0.08724771520981295, 44.30083645166859], [-0.08716266533910383, 44.300845779748606], [-0.08692168607307585, 44.300811307428376], [-0.08691501812572439, 44.3008104073758], [-0.08649121965024827, 44.30075660761798], [-0.08645818423907152, 44.300753703447164], [-0.08642490622992594, 44.30075333316792], [-0.0863917613960635, 44.30075550096127], [-0.08635912400694129, 44.300760182348526], [-0.08632736260214817, 44.30076732446766], [-0.08629683582999638, 44.30077684667008], [-0.08615733620610597, 44.3008268465102], [-0.08613633282602998, 44.30083510945221], [-0.08611626996983468, 44.30084450073778], [-0.085843573248499, 44.30098309645619], [-0.0856295518201494, 44.30096578675454], [-0.08560056598396353, 44.300964415927325], [-0.08557152796895404, 44.300964979560426], [-0.08554268755918733, 44.3009674728054], [-0.08551429283897216, 44.30097187421536], [-0.08548658805892063, 44.30097814592942], [-0.08522176928261034, 44.30104794446635], [-0.08509257185011775, 44.30104794446635], [-0.08509257185011775, 44.3010872135606], [-0.08493738174584471, 44.30113873185721], [-0.08491662226298897, 44.301146308209894], [-0.08468592282767395, 44.30123840791921], [-0.08466438371627781, 44.301247841592385], [-0.08464397174157161, 44.3012584896279], [-0.08451527190961734, 44.301331489414764], [-0.08448964606100406, 44.301347731216126], [-0.08446663712637363, 44.30136588157171], [-0.08444651910741081, 44.30138572434009], [-0.0844295315803913, 44.30140702322565], [-0.08434263763476374, 44.3015312296847], [-0.08423296418151337, 44.30162870119389], [-0.08415590493037904, 44.30167005405125], [-0.0840828061343086, 44.30165386390498], [-0.08405326450421309, 44.301648436455075], [-0.08402312796243035, 44.3016450977332], [-0.08399268215774218, 44.30164387938529], [-0.08396221567014864, 44.301644792959316], [-0.08393201727566141, 44.30164782979595], [-0.0839023732092421, 44.30165296111044], [-0.08387356445181607, 44.30166013826567], [-0.0838458640670816, 44.30166929323296], [-0.08372256438814146, 44.30171539308624], [-0.08369383468793473, 44.30172757328794], [-0.08366707205225611, 44.30174187897933], [-0.0836425801409439, 44.301758147842854], [-0.08362063685004631, 44.301776195286], [-0.08360149115870483, 44.30179581653569], [-0.0835520699322225, 44.30185268680797], [-0.08337830294859642, 44.301855116617475], [-0.08334689348456865, 44.301856692548455], [-0.08331586305426772, 44.3018605251953], [-0.08328552524487444, 44.301866575825954], [-0.08325618664430028, 44.301874783293904], [-0.0832281437429561, 44.301885064656034], [-0.08320167993756519, 44.301897316010844], [-0.08275270741018889, 44.30212890539735], [-0.08224535303615356, 44.302340069621195], [-0.081746369120361, 44.302530083194895], [-0.08172139261786658, 44.30254068655566], [-0.08169788959055312, 44.302552904187976], [-0.08167606172621664, 44.30256663124842], [-0.08165609633792474, 44.302581749940664], [-0.08163816475662714, 44.302598130526206], [-0.08162242086088776, 44.3026156324378], [-0.08156332065377665, 44.302688532292855], [-0.08154973272732251, 44.30270726381451], [-0.08153865128685657, 44.302726828019274], [-0.08153017404393065, 44.30274705240244], [-0.08151242418835936, 44.30279794446635], [-0.08042590518345108, 44.30279794446635], [-0.08042590518345108, 44.302881277799685], [-0.08034257185011776, 44.302881277799685], [-0.08034257185011776, 44.302964611133014], [-0.08025923851678442, 44.302964611133014], [-0.08025923851678442, 44.30298912676108], [-0.07996629084460045, 44.3030612333969], [-0.0794782545998758, 44.30310446640873], [-0.07944801143250842, 44.30310823372686], [-0.07941842698266088, 44.303114108790254], [-0.07938978537629961, 44.303122035175356], [-0.07936236168469808, 44.30313193675795], [-0.07933641928275685, 44.3031437184442], [-0.07894521092126869, 44.30334129579998], [-0.07852497568560128, 44.303376925980785], [-0.07850023323300023, 44.303379748254514], [-0.07847588402400228, 44.303383981552926], [-0.07829330544715486, 44.303421333817475], [-0.07814827338073574, 44.30344721171608], [-0.07812162172191489, 44.30345287974527], [-0.07809577475838182, 44.30346022225636], [-0.07808360688183393, 44.303464611133016], [-0.07784257185011775, 44.303464611133016], [-0.07784257185011775, 44.30354794446635], [-0.0778747864933033, 44.30354794446635], [-0.07785103658076471, 44.3035574811456], [-0.0778199410584033, 44.30357175635349], [-0.07779139964406745, 44.3035885590939], [-0.07763223187100178, 44.30369411615699], [-0.07757700914265975, 44.30370334853523], [-0.07727521484114733, 44.30371745626266], [-0.07694801609024841, 44.303732856237865], [-0.07691784143609164, 44.30373533610893], [-0.07688814310171012, 44.30373990302009], [-0.07685920032701311, 44.30374651403067], [-0.07683128524793942, 44.303755106980276], [-0.07680466033776392, 44.303765601073216], [-0.07677957593924249, 44.303777897638206], [-0.07662397616928403, 44.30386239738833], [-0.07660013615970533, 44.303876733515075], [-0.07657839307625351, 44.30389269648997], [-0.0764174929983754, 44.304023196159164], [-0.07639813830545582, 44.30404055182057], [-0.07638126442691151, 44.30405919497373], [-0.07636703626186479, 44.30407894343197], [-0.07625973564196317, 44.30424784314892], [-0.07625842643565374, 44.3042499320406], [-0.07622874317432213, 44.30429794446635], [-0.07617590518345108, 44.30429794446635], [-0.07617590518345108, 44.304381277799685], [-0.07450923851678441, 44.304381277799685], [-0.07450923851678441, 44.304464611133014], [-0.07417590518345109, 44.304464611133014], [-0.07417590518345109, 44.30454794446635], [-0.07400923851678441, 44.30454794446635], [-0.07400923851678441, 44.304631277799686], [-0.07392590518345109, 44.304631277799686], [-0.07392590518345109, 44.304714611133015], [-0.07375923851678441, 44.304714611133015], [-0.07375923851678441, 44.30479794446635], [-0.07334257185011775, 44.30479794446635], [-0.07334257185011775, 44.304714611133015], [-0.07309257185011775, 44.304714611133015], [-0.07309257185011775, 44.304631277799686], [-0.07217590518345109, 44.304631277799686], [-0.07217590518345109, 44.30454794446635], [-0.07209257185011775, 44.30454794446635], [-0.07209257185011775, 44.304464611133014], [-0.07192590518345109, 44.304464611133014], [-0.07192590518345109, 44.304131277799684], [-0.07200923851678441, 44.304131277799684], [-0.07200923851678441, 44.30404794446635], [-0.07175923851678441, 44.30404794446635], [-0.07175923851678441, 44.30388127779968], [-0.07150923851678441, 44.30388127779968], [-0.07150923851678441, 44.30379794446635], [-0.07134257185011775, 44.30379794446635], [-0.07134257185011775, 44.30371461113302], [-0.07100923851678441, 44.30371461113302], [-0.07100923851678441, 44.30363127779968], [-0.07059257185011775, 44.30363127779968], [-0.07059257185011775, 44.30354794446635], [-0.07034257185011775, 44.30354794446635], [-0.07034257185011775, 44.303464611133016], [-0.07025923851678442, 44.303464611133016], [-0.07025923851678442, 44.30329794446635], [-0.07034257185011775, 44.30329794446635], [-0.07034257185011775, 44.303214611133015], [-0.07050923851678442, 44.303214611133015], [-0.07050923851678442, 44.303131277799686], [-0.07075923851678442, 44.303131277799686], [-0.07075923851678442, 44.30304794446635], [-0.07100923851678441, 44.30304794446635], [-0.07100923851678441, 44.303131277799686], [-0.07117590518345109, 44.303131277799686], [-0.07117590518345109, 44.30304794446635], [-0.07184257185011775, 44.30304794446635], [-0.07184257185011775, 44.302964611133014], [-0.07234257185011775, 44.302964611133014], [-0.07234257185011775, 44.302881277799685], [-0.07292590518345109, 44.302881277799685], [-0.07292590518345109, 44.30279794446635], [-0.07284257185011775, 44.30279794446635], [-0.07284257185011775, 44.30271461113302], [-0.07309257185011775, 44.30271461113302], [-0.07309257185011775, 44.302631277799684], [-0.07325923851678441, 44.302631277799684], [-0.07325923851678441, 44.30254794446635], [-0.07359257185011775, 44.30254794446635], [-0.07359257185011775, 44.30221461113302], [-0.07284257185011775, 44.30221461113302], [-0.07284257185011775, 44.30213127779968], [-0.07242590518345109, 44.30213127779968], [-0.07242590518345109, 44.301964611133016], [-0.07234257185011775, 44.301964611133016], [-0.07234257185011775, 44.30188127779968], [-0.07217590518345109, 44.30188127779968], [-0.07217590518345109, 44.30179794446635], [-0.07209257185011775, 44.30179794446635], [-0.07209257185011775, 44.301714611133015], [-0.07192590518345109, 44.301714611133015], [-0.07192590518345109, 44.301631277799686], [-0.07200923851678441, 44.301631277799686], [-0.07200923851678441, 44.30154794446635], [-0.07184257185011775, 44.30154794446635], [-0.07184257185011775, 44.301464611133014], [-0.07175923851678441, 44.301464611133014], [-0.07175923851678441, 44.301381277799685], [-0.07159257185011775, 44.301381277799685], [-0.07159257185011775, 44.30129794446635], [-0.07150923851678441, 44.30129794446635], [-0.07150923851678441, 44.30121461113302], [-0.07134257185011775, 44.30121461113302], [-0.07134257185011775, 44.30113127779968], [-0.07125923851678441, 44.30113127779968], [-0.07125923851678441, 44.30104794446635], [-0.07084257185011775, 44.30104794446635], [-0.07084257185011775, 44.30096461113302], [-0.07075923851678442, 44.30096461113302], [-0.07075923851678442, 44.30071461113302], [-0.07050923851678442, 44.30071461113302], [-0.07050923851678442, 44.30063127779968], [-0.07025923851678442, 44.30063127779968], [-0.07025923851678442, 44.30054794446635], [-0.07017590518345108, 44.30054794446635], [-0.07017590518345108, 44.300464611133016], [-0.07000923851678442, 44.300464611133016], [-0.07000923851678442, 44.30038127779968], [-0.06992590518345108, 44.30038127779968], [-0.06992590518345108, 44.30029794446635], [-0.06984257185011775, 44.30029794446635], [-0.06984257185011775, 44.300214611133015], [-0.06992590518345108, 44.300214611133015], [-0.06992590518345108, 44.30004794446635], [-0.07000923851678442, 44.30004794446635], [-0.07000923851678442, 44.299881277799685], [-0.07017590518345108, 44.299881277799685], [-0.07017590518345108, 44.29979794446635], [-0.07034257185011775, 44.29979794446635], [-0.07034257185011775, 44.29971461113302], [-0.07017590518345108, 44.29971461113302], [-0.07017590518345108, 44.29963127779968], [-0.06967590518345108, 44.29963127779968], [-0.06967590518345108, 44.29954794446635], [-0.06959257185011775, 44.29954794446635], [-0.06959257185011775, 44.29946461113302], [-0.06950923851678442, 44.29946461113302], [-0.06950923851678442, 44.29938127779968], [-0.06959257185011775, 44.29938127779968], [-0.06959257185011775, 44.29929794446635], [-0.06967590518345108, 44.29929794446635], [-0.06967590518345108, 44.298964611133016], [-0.06959257185011775, 44.298964611133016], [-0.06959257185011775, 44.298714611133015], [-0.06950923851678442, 44.298714611133015], [-0.06950923851678442, 44.298631277799686], [-0.06934257185011775, 44.298631277799686], [-0.06934257185011775, 44.298464611133014], [-0.06884257185011775, 44.298464611133014], [-0.06884257185011775, 44.29854794446635], [-0.06867590518345108, 44.29854794446635], [-0.06867590518345108, 44.298631277799686], [-0.06859257185011775, 44.298631277799686], [-0.06859257185011775, 44.298714611133015], [-0.06850923851678442, 44.298714611133015], [-0.06850923851678442, 44.29554794446635], [-0.06875923851678442, 44.29554794446635], [-0.06875923851678442, 44.295381277799684], [-0.06884257185011775, 44.295381277799684], [-0.06884257185011775, 44.29529794446635], [-0.06909257185011775, 44.29529794446635], [-0.06909257185011775, 44.29521461113302], [-0.06950923851678442, 44.29521461113302], [-0.06950923851678442, 44.29471461113302], [-0.06942590518345108, 44.29471461113302], [-0.06942590518345108, 44.29438127779969], [-0.07167590518345109, 44.29438127779969], [-0.07167590518345109, 44.294464611133016], [-0.07234257185011775, 44.294464611133016], [-0.07234257185011775, 44.29454794446635], [-0.07242590518345109, 44.29454794446635], [-0.07242590518345109, 44.29463127779968], [-0.07259257185011775, 44.29463127779968], [-0.07259257185011775, 44.29479794446635], [-0.07284257185011775, 44.29479794446635], [-0.07284257185011775, 44.29488127779968], [-0.07292590518345109, 44.29488127779968], [-0.07292590518345109, 44.29496461113302], [-0.07300923851678441, 44.29496461113302], [-0.07300923851678441, 44.29504794446635], [-0.07317590518345109, 44.29504794446635], [-0.07317590518345109, 44.29513127779968], [-0.07325923851678441, 44.29513127779968], [-0.07325923851678441, 44.29529794446635], [-0.07342590518345109, 44.29529794446635], [-0.07342590518345109, 44.29579794446635], [-0.07350923851678441, 44.29579794446635], [-0.07350923851678441, 44.29621461113302], [-0.07375923851678441, 44.29621461113302], [-0.07375923851678441, 44.29629794446635], [-0.07400923851678441, 44.29629794446635], [-0.07400923851678441, 44.29638127779968], [-0.07434257185011775, 44.29638127779968], [-0.07434257185011775, 44.29646461113302], [-0.07459257185011775, 44.29646461113302], [-0.07459257185011775, 44.29638127779968], [-0.07475923851678441, 44.29638127779968], [-0.07475923851678441, 44.29613127779968], [-0.07484257185011775, 44.29613127779968], [-0.07484257185011775, 44.295964611133016], [-0.07475923851678441, 44.295964611133016], [-0.07475923851678441, 44.29588127779969], [-0.07467590518345109, 44.29588127779969], [-0.07467590518345109, 44.29579794446635], [-0.07450923851678441, 44.29579794446635], [-0.07450923851678441, 44.295714611133015], [-0.07425923851678441, 44.295714611133015], [-0.07425923851678441, 44.29521461113302], [-0.07400923851678441, 44.29521461113302], [-0.07400923851678441, 44.29513127779968], [-0.07392590518345109, 44.29513127779968], [-0.07392590518345109, 44.29488127779968], [-0.07400923851678441, 44.29488127779968], [-0.07400923851678441, 44.29479794446635], [-0.07409257185011775, 44.29479794446635], [-0.07409257185011775, 44.29463127779968], [-0.07417590518345109, 44.29463127779968], [-0.07417590518345109, 44.29454794446635], [-0.07425923851678441, 44.29454794446635], [-0.07425923851678441, 44.294464611133016], [-0.07434257185011775, 44.294464611133016], [-0.07434257185011775, 44.294464387553134], [-0.07436457374125648, 44.29446570538608], [-0.07439621060596885, 44.29446529904672], [-0.07442762889066191, 44.29446260183675], [-0.07463333931025287, 44.29443731512655], [-0.0747062477098936, 44.29447872582728], [-0.07473112736236939, 44.29449149030335], [-0.07475762151702257, 44.294502451383785], [-0.07478547762588078, 44.294511504584776], [-0.07481443015806671, 44.29451856360886], [-0.07484420313096704, 44.294523561167516], [-0.07487451274103214, 44.29452644962266], [-0.07513201370891547, 44.294541849707024], [-0.07516058470124419, 44.29454261775682], [-0.07518913415021695, 44.29454151109385], [-0.07537091434511681, 44.294528466335095], [-0.07552933598173923, 44.294541066593595], [-0.07559055265483298, 44.29458391834582], [-0.07572678250049528, 44.29468518771377], [-0.07575130583920621, 44.2947015668333], [-0.07577812410734713, 44.29471597152888], [-0.07580693064075956, 44.294728237083426], [-0.07583739603888154, 44.29473822324059], [-0.0758691719314829, 44.29474581580887], [-0.07623927316503337, 44.29481871610913], [-0.07624858556442353, 44.2948204404223], [-0.07637457175587407, 44.29484229231309], [-0.07668976128277426, 44.29498708316596], [-0.07671360548518118, 44.29499700301777], [-0.07673857149228168, 44.295005379060136], [-0.07676446601236725, 44.295012146443874], [-0.07696836666454407, 44.29505824662845], [-0.0769986987593799, 44.29506392327273], [-0.07702966901511053, 44.2950673937328], [-0.07706096717120427, 44.295068623241434], [-0.07709227968208153, 44.29506759948128], [-0.07728188035552234, 44.295054547110134], [-0.07756639312307291, 44.29515640389718], [-0.07759259898193802, 44.29516473342481], [-0.07761975526832676, 44.29517130755157], [-0.07764763458308403, 44.29517607122737], [-0.07767600347238102, 44.295178984562426], [-0.07770462438267062, 44.29518002316113], [-0.07773325764995546, 44.29517917832649], [-0.07776166350674249, 44.29517645713284], [-0.0782243248656048, 44.295116548904886], [-0.07829500991072785, 44.295121141450274], [-0.07842613988316455, 44.295172113177884], [-0.07845455780853611, 44.29518186611766], [-0.0784841959724884, 44.29518951964112], [-0.0785147545996005, 44.29519499633646], [-0.07889673133847754, 44.29524896223719], [-0.07898371298956626, 44.29527256757727], [-0.07913964268753239, 44.295359374753986], [-0.079161197767314, 44.295370361029164], [-0.07918396593788105, 44.29538000273855], [-0.07920778501842675, 44.29538823120265], [-0.07948138577054271, 44.29547273151774], [-0.07951184673091267, 44.295480822600645], [-0.07954331061205595, 44.29548660440261], [-0.07957543902651398, 44.29549001474144], [-0.07960788643964042, 44.295491016939515], [-0.07964030388587366, 44.29548960021827], [-0.07985085533949043, 44.295472492541435], [-0.08012990638262812, 44.29554627657122], [-0.08015963092348453, 44.29555295085516], [-0.08019013147342126, 44.29555747174016], [-0.08022110640185307, 44.295559794517494], [-0.0802522493867148, 44.29555989621629], [-0.08028325244388992, 44.29555777583071], [-0.08031380897307636, 44.29555345432993], [-0.08042639581162479, 44.295533308381025], [-0.08055501081734684, 44.295572754847974], [-0.0805839208252845, 44.29558043682344], [-0.08061374230343794, 44.295586040312074], [-0.0806441863318563, 44.295589511025334], [-0.08067495795889296, 44.29559081533773], [-0.0807057590588775, 44.295589940612594], [-0.08098478006344381, 44.2955721071019], [-0.08126619126545602, 44.29558183723356], [-0.08178670632843084, 44.295672428678856], [-0.08200498616717734, 44.29573846036764], [-0.08225710193209392, 44.29587804207456], [-0.08228341050862951, 44.29589112501876], [-0.08231144059324597, 44.29590221151707], [-0.0825206411165493, 44.29597521178055], [-0.08254798974581516, 44.295983626500906], [-0.08257632678208005, 44.29599013928177], [-0.08260539646410729, 44.29599469134062], [-0.08263493641777854, 44.295997241591884], [-0.08266468002428115, 44.29599776701767], [-0.0828161923128212, 44.295995271434954], [-0.08295062229847532, 44.29604462240409], [-0.0832263080617779, 44.29615354694569], [-0.0833326996023169, 44.29629223916137], [-0.08335022788514895, 44.29631247293699], [-0.08337063842783585, 44.29633126124981], [-0.08339370212527071, 44.2963483932015], [-0.08341916009006198, 44.2963636764861], [-0.0834467265585073, 44.29637693954874], [-0.08347609209829414, 44.29638803351143], [-0.08349194120889546, 44.29639327110829], [-0.0834732192542321, 44.296441864682514], [-0.08337570107345053, 44.29651665863723], [-0.08335467372041555, 44.296534571287374], [-0.08333635485151815, 44.296553957709556], [-0.08332094323208616, 44.296574607558], [-0.08330860608387138, 44.2965962967783], [-0.08326570570576543, 44.296684596657634], [-0.08325830773413237, 44.29670207534322], [-0.08310810578417285, 44.297116774894235], [-0.0831045810416835, 44.29712759721204], [-0.08300440199862279, 44.29747350964221], [-0.08276138063165296, 44.297611021593475], [-0.08273947749672445, 44.29762464045534], [-0.08271942034308796, 44.29763965465985], [-0.08270138080531214, 44.297655935727356], [-0.08268551325319999, 44.29767334433732], [-0.08263191307174073, 44.297738544206524], [-0.08261649349085559, 44.297759815212686], [-0.08260431479817003, 44.29778214434761], [-0.08259551543615061, 44.29780527778943], [-0.0825901954338249, 44.29782895257327], [-0.08258841526955386, 44.29785289958025], [-0.08258841475879455, 44.29794922747401], [-0.08256695161192584, 44.29798553262317], [-0.08244048855434394, 44.29811627158933], [-0.0824233283025364, 44.29813614218288], [-0.08240848468001079, 44.29815551043113], [-0.08231666345301875, 44.29813418566881], [-0.08229076869428463, 44.29812904164371], [-0.08226435534212845, 44.298125510463144], [-0.08215165575551107, 44.298114010517516], [-0.0821248653777949, 44.298112116044095], [-0.08209794744065645, 44.29811188085264], [-0.08192634809719758, 44.29811568085585], [-0.08189696900609138, 44.29811732756992], [-0.08186793546796467, 44.29812095010744], [-0.08183950452499587, 44.29812651639694], [-0.08181192788458089, 44.29813397715843], [-0.08178544969095376, 44.298143266339565], [-0.08176030436377718, 44.29815430170045], [-0.08173671452279313, 44.29816698554171], [-0.08171488901694726, 44.29818120556947], [-0.08162898903574446, 44.298242705404505], [-0.08160262240605025, 44.298264151668214], [-0.08145210694636834, 44.29840352658277], [-0.08097751306021554, 44.29850502975643], [-0.0809474130411044, 44.29851268716832], [-0.08091855517719705, 44.2985225060024], [-0.08089123946784339, 44.29853438418451], [-0.08086574988102847, 44.29854819823208], [-0.08073165002271093, 44.2986288980009], [-0.08070995883327518, 44.2986432529188], [-0.08069024420975342, 44.2986590096983], [-0.08067268101935333, 44.298676028579195], [-0.08065742504681088, 44.298694158606565], [-0.08048731613925549, 44.29891966353881], [-0.08035973304747393, 44.29903750294784], [-0.0801959320840011, 44.29913127779968], [-0.08017590518345108, 44.29913127779968], [-0.08017590518345108, 44.29914274305356], [-0.08015994399207353, 44.29915188071872], [-0.0797656569974426, 44.29933388885699], [-0.07974928232663127, 44.299341986283125], [-0.07925578310567391, 44.29960298550564], [-0.07923670527856874, 44.299613923729], [-0.07921887165317062, 44.29962589584124], [-0.07892776111482701, 44.29983718073198], [-0.07873625989614995, 44.29982168813631], [-0.07870844089933522, 44.29982033452687], [-0.07868056451375631, 44.299820763150464], [-0.07865285167966567, 44.29982297060988], [-0.07837925269993645, 44.29985367052208], [-0.07834361496812862, 44.29985921218929], [-0.07830911561440974, 44.299867690978715], [-0.07809991625374028, 44.29992909077998], [-0.07808989944783826, 44.299932177847744], [-0.07781630024077968, 44.300020577562805], [-0.07778869745939095, 44.300030703773025], [-0.07776262356327499, 44.30004273981036], [-0.0777383339239277, 44.30005656779249], [-0.07771606643810902, 44.300072052286524], [-0.0774880963117207, 44.30024708671927], [-0.07731561182073404, 44.30027369062572], [-0.07705262483308589, 44.300307618122446], [-0.07702572193063138, 44.300311974728416], [-0.07699945697102163, 44.300318014050696], [-0.07697403359963592, 44.300325689263325], [-0.07686133391568364, 44.30036398914029], [-0.07683206705139202, 44.30037533836944], [-0.07680464111700844, 44.30038885254307], [-0.0767793654215886, 44.30040437924921], [-0.07675652502458453, 44.300421743378514], [-0.07644408998358612, 44.300686076914154], [-0.07634067377148121, 44.30072309844594], [-0.07631367487355552, 44.30073399220241], [-0.07628830599792531, 44.30074674753209], [-0.07626481516964166, 44.30076123972983], [-0.07615211522300101, 44.3008380395196], [-0.07614659440363247, 44.30084189542852], [-0.07596959444255597, 44.30096859508863], [-0.07595011912167525, 44.30098388337042], [-0.07569231952449658, 44.3012059884343], [-0.07495995104264552, 44.30177539941979], [-0.07480477466305882, 44.30187951287019], [-0.07477333563023635, 44.3018977973238], [-0.07454511975202806, 44.301950135198595], [-0.07451633404668709, 44.30195787368878], [-0.07448874315219924, 44.301967601133576], [-0.07446261278179338, 44.30197922385331], [-0.0744381945836013, 44.301992629915866], [-0.07441572371721311, 44.30200769021466], [-0.07439541658899186, 44.30202425971197], [-0.07437746876799117, 44.3020421788357], [-0.07436205310249248, 44.302061275016044], [-0.07434931805535037, 44.302081364347465], [-0.07433938627415554, 44.30210225335965], [-0.0743323534099855, 44.30212374088082], [-0.07432828719613711, 44.30214561997503], [-0.07432722679569896, 44.30216767993502], [-0.07432918242427633, 44.30218970831149], [-0.07433413525146002, 44.302211492959096], [-0.07434203758206274, 44.30223282407945], [-0.07435281331531916, 44.302253496241704], [-0.07436635867765998, 44.3022733103609], [-0.0743825432220047, 44.30229207561535], [-0.07440121108396794, 44.30230961128435], [-0.07442218248284144, 44.30232574848869], [-0.0744452554529497, 44.302340331817085], [-0.07447020778867167, 44.30235322082291], [-0.0744967991844229, 44.3023642913768], [-0.07452477354895237, 44.30237343686219], [-0.07455386147171754, 44.30238056920209], [-0.07458378281752118, 44.30238561970737], [-0.07461424942447696, 44.30238853973828], [-0.07464496787927756, 44.30238930117292], [-0.07467564234304833, 44.30238789667807], [-0.07470597740056327, 44.30238433977989], [-0.07472200397333487, 44.30238127779968], [-0.07525923851678441, 44.30238127779968], [-0.07525923851678441, 44.30229794446635], [-0.07534257185011775, 44.30229794446635], [-0.07534257185011775, 44.30221461113302], [-0.07522279232118628, 44.30221461113302], [-0.07522432139204575, 44.30221365563648], [-0.0753960214866318, 44.30209845531919], [-0.07541227674884983, 44.30208671511401], [-0.0755693243101794, 44.301964611133016], [-0.07559257185011775, 44.301964611133016], [-0.07559257185011775, 44.30204794446635], [-0.07667590518345108, 44.30204794446635], [-0.07667590518345108, 44.30213127779968], [-0.07692590518345108, 44.30213127779968], [-0.07692590518345108, 44.30221461113302], [-0.07709257185011775, 44.30221461113302], [-0.07709257185011775, 44.30229794446635], [-0.07809257185011775, 44.30229794446635], [-0.07809257185011775, 44.30238127779968], [-0.07867590518345108, 44.30238127779968], [-0.07867590518345108, 44.30229794446635], [-0.07892590518345108, 44.30229794446635], [-0.07892590518345108, 44.30221461113302], [-0.07925923851678442, 44.30221461113302], [-0.07925923851678442, 44.30213127779968], [-0.07959257185011775, 44.30213127779968], [-0.07959257185011775, 44.30204794446635], [-0.07992590518345108, 44.30204794446635], [-0.07992590518345108, 44.301964611133016], [-0.08009257185011776, 44.301964611133016], [-0.08009257185011776, 44.30188127779968], [-0.08017590518345108, 44.30188127779968], [-0.08017590518345108, 44.30179794446635], [-0.08084257185011776, 44.30179794446635], [-0.08084257185011776, 44.301714611133015], [-0.08109257185011774, 44.301714611133015], [-0.08109257185011774, 44.301631277799686], [-0.08134257185011774, 44.301631277799686], [-0.08134257185011774, 44.301381277799685], [-0.08125923851678442, 44.301381277799685], [-0.08125923851678442, 44.30129794446635], [-0.08117590518345108, 44.30129794446635], [-0.08117590518345108, 44.30121461113302], [-0.08100923851678442, 44.30121461113302], [-0.08100923851678442, 44.30113127779968], [-0.08075923851678442, 44.30113127779968], [-0.08075923851678442, 44.30096461113302], [-0.08067590518345108, 44.30096461113302], [-0.08067590518345108, 44.30088127779968], [-0.08050923851678442, 44.30088127779968], [-0.08050923851678442, 44.30079794446635], [-0.08042590518345108, 44.30079794446635], [-0.08042590518345108, 44.30071461113302], [-0.08025923851678442, 44.30071461113302], [-0.08025923851678442, 44.30063127779968], [-0.08017590518345108, 44.30063127779968], [-0.08017590518345108, 44.30054794446635], [-0.08000923851678442, 44.30054794446635], [-0.08000923851678442, 44.300464611133016], [-0.07992590518345108, 44.300464611133016], [-0.07992590518345108, 44.30038127779968], [-0.07984257185011776, 44.30038127779968], [-0.07984257185011776, 44.300214611133015], [-0.07967590518345108, 44.300214611133015], [-0.07967590518345108, 44.30004794446635], [-0.07959257185011775, 44.30004794446635], [-0.07959257185011775, 44.29999423979867], [-0.0796469199067169, 44.29995479444986], [-0.08011271046308924, 44.29970844889653], [-0.0805120449056093, 44.29952411033633], [-0.08053792453525663, 44.299510781522685], [-0.08077932484137836, 44.29937258112037], [-0.08080689619038721, 44.299354781274516], [-0.08083134559639053, 44.2993347663209], [-0.08099764537874746, 44.29918116595682], [-0.08101259652126229, 44.29916611902965], [-0.08102577673417505, 44.29915024121173], [-0.08117972772437129, 44.29894615379294], [-0.08121838729815528, 44.29892288881883], [-0.08167668933725929, 44.29882486982664], [-0.08170596051795444, 44.29881745693954], [-0.08173406629624189, 44.29880799969132], [-0.08175756724852792, 44.29879794446635], [-0.08175923851678442, 44.29879794446635], [-0.08175923851678442, 44.29879722938987], [-0.08176073063688405, 44.298796590964535], [-0.08184113079235951, 44.29875819084723], [-0.08186825049953118, 44.29874366185304], [-0.08189302963385263, 44.29872711661323], [-0.08191517900649804, 44.298708748222886], [-0.08207312002284604, 44.29856249645553], [-0.08209027042774814, 44.2985621166622], [-0.08214957047986135, 44.29856816769432], [-0.08231233117515496, 44.29860596755083], [-0.08235607065263573, 44.298618534499376], [-0.08238669754781798, 44.29862604075755], [-0.08241823947180782, 44.298631237205655], [-0.08241870002136106, 44.298631277799686], [-0.08234257185011774, 44.298631277799686], [-0.08234257185011774, 44.298714611133015], [-0.08225923851678442, 44.298714611133015], [-0.08225923851678442, 44.29879794446635], [-0.08292590518345108, 44.29879794446635], [-0.08292590518345108, 44.298714611133015], [-0.08300923851678442, 44.298714611133015], [-0.08300923851678442, 44.298631277799686], [-0.08317590518345108, 44.298631277799686], [-0.08317590518345108, 44.29888127779968], [-0.08334257185011774, 44.29888127779968], [-0.08334257185011774, 44.298964611133016], [-0.08317590518345108, 44.298964611133016], [-0.08317590518345108, 44.29904794446635], [-0.08334257185011774, 44.29904794446635], [-0.08334257185011774, 44.29929794446635], [-0.08359257185011774, 44.29929794446635], [-0.08359257185011774, 44.29938127779968], [-0.08384257185011774, 44.29938127779968], [-0.08384257185011774, 44.29946461113302], [-0.08400923851678442, 44.29946461113302], [-0.08400923851678442, 44.29954794446635], [-0.08409257185011774, 44.29954794446635], [-0.08409257185011774, 44.29963127779968], [-0.08425923851678442, 44.29963127779968], [-0.08425923851678442, 44.29971461113302], [-0.08434257185011775, 44.29971461113302], [-0.08434257185011775, 44.29979794446635], [-0.08459257185011775, 44.29979794446635], [-0.08459257185011775, 44.299881277799685], [-0.08467590518345108, 44.299881277799685], [-0.08467590518345108, 44.29979794446635], [-0.08484257185011775, 44.29979794446635], [-0.08484257185011775, 44.29971461113302], [-0.08492590518345108, 44.29971461113302], [-0.08492590518345108, 44.29963127779968], [-0.08500923851678442, 44.29963127779968], [-0.08500923851678442, 44.29954794446635], [-0.08459257185011775, 44.29954794446635], [-0.08459257185011775, 44.29938127779968], [-0.08434257185011775, 44.29938127779968], [-0.08434257185011775, 44.29929794446635], [-0.08425923851678442, 44.29929794446635], [-0.08425923851678442, 44.29921461113302], [-0.08417590518345108, 44.29921461113302], [-0.08417590518345108, 44.29929794446635], [-0.08400923851678442, 44.29929794446635], [-0.08400923851678442, 44.29921461113302], [-0.08392590518345108, 44.29921461113302], [-0.08392590518345108, 44.29929794446635], [-0.08375923851678442, 44.29929794446635], [-0.08375923851678442, 44.29913127779968], [-0.08359257185011774, 44.29913127779968], [-0.08359257185011774, 44.29888127779968], [-0.08367590518345108, 44.29888127779968], [-0.08367590518345108, 44.298631277799686], [-0.08375923851678442, 44.298631277799686], [-0.08375923851678442, 44.29854794446635], [-0.08384257185011774, 44.29854794446635], [-0.08384257185011774, 44.298464611133014], [-0.08392590518345108, 44.298464611133014], [-0.08392590518345108, 44.298381277799685], [-0.08417590518345108, 44.298381277799685], [-0.08417590518345108, 44.298631277799686], [-0.08450923851678442, 44.298631277799686], [-0.08450923851678442, 44.29854794446635], [-0.08459257185011775, 44.29854794446635], [-0.08459257185011775, 44.298464611133014], [-0.08467590518345108, 44.298464611133014], [-0.08467590518345108, 44.298381277799685], [-0.08475923851678442, 44.298381277799685], [-0.08475923851678442, 44.29821461113302], [-0.08492590518345108, 44.29821461113302], [-0.08492590518345108, 44.29804794446635], [-0.08484257185011775, 44.29804794446635], [-0.08484257185011775, 44.29788127779968], [-0.08475923851678442, 44.29788127779968], [-0.08475923851678442, 44.29779794446635], [-0.08484257185011775, 44.29779794446635], [-0.08484257185011775, 44.29771461113302], [-0.08467590518345108, 44.29771461113302], [-0.08467590518345108, 44.29763127779968], [-0.08459257185011775, 44.29763127779968], [-0.08459257185011775, 44.297214611133015], [-0.08450923851678442, 44.297214611133015], [-0.08450923851678442, 44.29704794446635], [-0.08442590518345108, 44.29704794446635], [-0.08442590518345108, 44.297131277799686], [-0.08409257185011774, 44.297131277799686], [-0.08409257185011774, 44.29704794446635], [-0.08384257185011774, 44.29704794446635], [-0.08384257185011774, 44.297131277799686], [-0.08375923851678442, 44.297131277799686], [-0.08375923851678442, 44.297214611133015], [-0.08371987726853658, 44.297214611133015], [-0.08386128854552954, 44.29682417120258], [-0.08387817329802971, 44.296789417407965], [-0.08398310010024622, 44.2967089406334], [-0.08400266603168606, 44.29669240214726], [-0.08401992162073389, 44.296674586363274], [-0.08403470622578414, 44.29665565914035], [-0.08404688220967875, 44.29663579668434], [-0.08405633622097053, 44.29661518390764], [-0.08412114687181217, 44.2964469612162], [-0.08412746310895425, 44.29644221081183], [-0.08415881854767791, 44.29645001787611], [-0.08418754126784331, 44.296456081699915], [-0.08421693893420466, 44.296460148066714], [-0.08424674290124061, 44.29646217981659], [-0.08427668081036917, 44.29646215838266], [-0.08474315712889988, 44.296445791007024], [-0.08503000507897929, 44.296546914067896], [-0.0850613889928269, 44.29655649254069], [-0.08509403687252448, 44.29656356360629], [-0.0851275616497683, 44.29656804343107], [-0.08516156585950602, 44.29656987890271], [-0.085398786423186, 44.29657337967868], [-0.08554511528060744, 44.2965892526492], [-0.08567953590211302, 44.296610682034256], [-0.08570959080801671, 44.29661438125051], [-0.08574000415762399, 44.29661596370615], [-0.0857704876227938, 44.29661541439894], [-0.0858007522106185, 44.296612738536375], [-0.08583051100326704, 44.296607961486394], [-0.08585948187814278, 44.296601128536835], [-0.08599898231717239, 44.29656272841242], [-0.0860286041242309, 44.29655328461651], [-0.0862883691926384, 44.29645862447599], [-0.08640935735516904, 44.29643932652631], [-0.08652520026469558, 44.296439326520755], [-0.08656324474946515, 44.29643766069071], [-0.08660072571108425, 44.296432687917246], [-0.08661527128795624, 44.29643009196073], [-0.08662155771381141, 44.296435523893344], [-0.08664293696811562, 44.29645074882365], [-0.0866662530023038, 44.29646442897686], [-0.08669129033109041, 44.29647643792104], [-0.08671781756054958, 44.296486664669494], [-0.08674558952666962, 44.296495014706515], [-0.08677434956120113, 44.29650141086094], [-0.08680383186384762, 44.29650579401932], [-0.08683376395885503, 44.296508123672375], [-0.0868638692133186, 44.29650837828932], [-0.08689386939391461, 44.29650655551689], [-0.08699348286847294, 44.2964970213875], [-0.0872887937380415, 44.29655284141387], [-0.08754970884700379, 44.29664614766855], [-0.08757932859434024, 44.29665540345266], [-0.08761011826144807, 44.29666241877098], [-0.08764175029607468, 44.2966671189917], [-0.08767388818420843, 44.29666945411187], [-0.08770619003014832, 44.29666939928948], [-0.08775150300312012, 44.29666764159237], [-0.08775296740185598, 44.296668855938705], [-0.08777337010678149, 44.29668424191652], [-0.08779570320550031, 44.29669817658899], [-0.087819767412627, 44.29671053561171], [-0.08784534799501592, 44.296721208700305], [-0.08787221668790972, 44.29673010061455], [-0.08790013373187246, 44.29673713200832], [-0.08791570071014425, 44.296740468835594], [-0.08795155284191068, 44.29677183025343], [-0.08797720414532247, 44.296791696945384], [-0.08800599536435495, 44.29680920436345], [-0.08809179546531495, 44.29685530450638], [-0.08811556202180215, 44.29686689253662], [-0.08814070699042725, 44.296876867819094], [-0.08816701882064923, 44.29688514642911], [-0.08819427614450374, 44.29689165871641], [-0.08822224963906088, 44.296896349891334], [-0.08825070395583617, 44.29689918048567], [-0.08827939970090906, 44.296900126684776], [-0.08842420025439948, 44.29690012669962], [-0.08845251523679044, 44.296899205500985], [-0.08848059828879536, 44.296896449480705], [-0.08850821938135899, 44.296891881213384], [-0.08853515226946322, 44.29688553811772], [-0.08856117634535553, 44.29687747215012], [-0.08858607844561774, 44.29686774937904], [-0.0887012444554409, 44.296817807269264], [-0.08879335806890853, 44.29685464260407], [-0.08892344164284026, 44.296910475867634], [-0.08894895250964925, 44.296920305811916], [-0.08897561825677246, 44.29692840187194], [-0.0891204186908903, 44.29696680202042], [-0.08915089277595194, 44.296973637692226], [-0.08918217751099229, 44.296978209616725], [-0.08921394778589085, 44.296980470282506], [-0.08924587344461725, 44.29698039619666], [-0.0895194325033317, 44.296969732084186], [-0.08964725236950077, 44.29697734043542], [-0.08982260223494365, 44.29702512775936], [-0.08992142329023926, 44.297056993662935], [-0.08994981640484244, 44.29706498059862], [-0.08997915644380337, 44.29707094653911], [-0.09000916525577436, 44.2970748349256], [-0.09003955834903518, 44.29707660889502], [-0.09007004758861174, 44.29707625162954], [-0.09010034392799293, 44.29707376651608], [-0.09013016014944528, 44.29706917711408], [-0.09015921358701967, 44.2970625269323], [-0.09024501386003456, 44.29703952685778], [-0.09027035886112485, 44.29703180506317], [-0.09029466168535263, 44.29702251447479], [-0.09031773452318241, 44.29701172688936], [-0.0905269348753234, 44.2969042265667], [-0.09053568904078019, 44.29689956055037], [-0.09077433773482649, 44.296767671593216], [-0.09083061896573869, 44.2967624935754], [-0.09107265346578018, 44.29676935211883], [-0.09110167576986335, 44.296769207893846], [-0.09113055486002772, 44.29676713471088], [-0.09115904271751614, 44.29676315037469], [-0.09118689468363907, 44.296757289103404], [-0.09143237234623364, 44.29669662706559], [-0.09162614910993612, 44.29669662706428], [-0.0919299224377629, 44.29673516956041], [-0.0921266318732149, 44.296761826931096], [-0.09215381316980635, 44.29676463053095], [-0.0921812319299789, 44.296765713297724], [-0.09220867735376431, 44.29676506690685], [-0.09223593843617611, 44.29676269632783], [-0.09230805734292047, 44.296754106344984], [-0.09240079659194841, 44.29679794446635], [-0.09175923851678441, 44.29679794446635], [-0.09175923851678441, 44.296881277799685], [-0.09159257185011775, 44.296881277799685], [-0.09159257185011775, 44.29704794446635], [-0.09175923851678441, 44.29704794446635], [-0.09175923851678441, 44.297131277799686], [-0.09192590518345108, 44.297131277799686], [-0.09192590518345108, 44.29704794446635], [-0.09209257185011775, 44.29704794446635], [-0.09209257185011775, 44.29696461113301], [-0.09250923851678441, 44.29696461113301], [-0.09250923851678441, 44.29684903963846], [-0.09253392074610223, 44.29685943649298], [-0.0925633600650049, 44.29686905947014], [-0.09259402434280917, 44.29687645036478], [-0.09262558649455786, 44.296881530340656], [-0.09275923851678441, 44.29689788856281], [-0.09275923851678441, 44.29696461113301], [-0.09259257185011775, 44.29696461113301], [-0.09259257185011775, 44.297131277799686], [-0.09284257185011775, 44.297131277799686], [-0.09284257185011775, 44.29729794446635], [-0.09259257185011775, 44.29729794446635], [-0.09259257185011775, 44.297214611133015], [-0.09242590518345108, 44.297214611133015], [-0.09242590518345108, 44.29729794446635], [-0.09234257185011775, 44.29729794446635], [-0.09234257185011775, 44.29738127779969], [-0.09225923851678441, 44.29738127779969], [-0.09225923851678441, 44.297464611133016], [-0.09209257185011775, 44.297464611133016], [-0.09209257185011775, 44.29763127779968], [-0.09192590518345108, 44.29763127779968], [-0.09192590518345108, 44.29771461113302], [-0.09167590518345108, 44.29771461113302], [-0.09167590518345108, 44.29779794446635], [-0.09125923851678441, 44.29779794446635], [-0.09125923851678441, 44.29788127779968], [-0.09117590518345108, 44.29788127779968], [-0.09117590518345108, 44.29804794446635], [-0.09109257185011775, 44.29804794446635], [-0.09109257185011775, 44.29829794446635], [-0.09159257185011775, 44.29829794446635], [-0.09159257185011775, 44.298464611133014], [-0.09167590518345108, 44.298464611133014], [-0.09167590518345108, 44.298714611133015], [-0.09175923851678441, 44.298714611133015], [-0.09175923851678441, 44.29904794446635], [-0.09150923851678441, 44.29904794446635], [-0.09150923851678441, 44.298964611133016], [-0.09134257185011775, 44.298964611133016], [-0.09134257185011775, 44.29904794446635], [-0.09100923851678441, 44.29904794446635], [-0.09100923851678441, 44.298964611133016], [-0.09092590518345109, 44.298964611133016], [-0.09092590518345109, 44.29904794446635], [-0.09084257185011775, 44.29904794446635], [-0.09084257185011775, 44.29913127779968], [-0.09100923851678441, 44.29913127779968], [-0.09100923851678441, 44.29921461113302], [-0.09117590518345108, 44.29921461113302], [-0.09117590518345108, 44.29929794446635], [-0.09125923851678441, 44.29929794446635], [-0.09125923851678441, 44.29963127779968], [-0.09134257185011775, 44.29963127779968], [-0.09134257185011775, 44.29979794446635], [-0.09125923851678441, 44.29979794446635], [-0.09125923851678441, 44.299881277799685], [-0.09117590518345108, 44.299881277799685], [-0.09117590518345108, 44.299964611133014], [-0.09109257185011775, 44.299964611133014], [-0.09109257185011775, 44.29999999999999], [-0.09434257185011775, 44.29999999999999], [-0.09434257185011775, 44.299964611133014], [-0.09442590518345108, 44.299964611133014], [-0.09442590518345108, 44.299881277799685], [-0.09459257185011775, 44.299881277799685], [-0.09459257185011775, 44.29979794446635], [-0.09467590518345108, 44.29979794446635], [-0.09467590518345108, 44.29971461113302], [-0.09475923851678442, 44.29971461113302], [-0.09475923851678442, 44.29963127779968], [-0.09484257185011775, 44.29963127779968], [-0.09484257185011775, 44.29954794446635], [-0.09492590518345108, 44.29954794446635], [-0.09492590518345108, 44.29946461113302], [-0.09484257185011775, 44.29946461113302], [-0.09484257185011775, 44.29938127779968], [-0.09492590518345108, 44.29938127779968], [-0.09492590518345108, 44.298964611133016], [-0.09500923851678442, 44.298964611133016], [-0.09500923851678442, 44.298714611133015], [-0.09517590518345108, 44.298714611133015], [-0.09517590518345108, 44.298464611133014], [-0.09525923851678442, 44.298464611133014], [-0.09525923851678442, 44.298381277799685], [-0.09534257185011775, 44.298381277799685], [-0.09534257185011775, 44.29829794446635], [-0.09542590518345108, 44.29829794446635], [-0.09542590518345108, 44.29796461113302], [-0.09559257185011776, 44.29796461113302], [-0.09559257185011776, 44.29788127779968], [-0.09567590518345108, 44.29788127779968], [-0.09567590518345108, 44.29779794446635], [-0.09575923851678442, 44.29779794446635], [-0.09575923851678442, 44.29763127779968], [-0.09559257185011776, 44.29763127779968], [-0.09559257185011776, 44.29738127779969], [-0.09550923851678442, 44.29738127779969], [-0.09550923851678442, 44.29731936182171], [-0.09552786964155496, 44.29733454064711], [-0.09554610787282738, 44.297348195761764], [-0.09556587962209498, 44.29736070161888], [-0.09558704496676562, 44.29737196971517], [-0.09572114517456488, 44.297437269926036], [-0.09574962412025838, 44.29744960550614], [-0.09577976385360489, 44.297459702614], [-0.09578052347705866, 44.29745988961321], [-0.09579508717756771, 44.29747246449128], [-0.09581730422509589, 44.29748816748998], [-0.09584158473151222, 44.29750220654931], [-0.09586768816612252, 44.29751444259285], [-0.09589535593907655, 44.29752475440544], [-0.09592431396309405, 44.29753303983405], [-0.09595427536872576, 44.29753921679979], [-0.09598494334626773, 44.297543224110996], [-0.09601601408617046, 44.29754502206952], [-0.09604717978878966, 44.297544592863936], [-0.096078131713686, 44.29754194074604], [-0.0961032439115383, 44.29753793953558], [-0.09612948820200376, 44.29756297764475], [-0.09614983866535133, 44.297580472035975], [-0.09617255020868473, 44.29759639720077], [-0.09619738954638275, 44.297610589559575], [-0.09622410153605403, 44.29762290333179], [-0.09625241179931089, 44.29763321203303], [-0.09628202954014116, 44.297641409774506], [-0.09631265053197219, 44.29764741235071], [-0.09631428669224006, 44.29764760809382], [-0.09633576268704369, 44.29767835493495], [-0.09635177905648562, 44.29769859781585], [-0.09637062331404864, 44.29771754315386], [-0.0963920935479255, 44.29773498795143], [-0.09641595970860126, 44.2977507452889], [-0.09644196607377042, 44.297764646327515], [-0.09646983398835622, 44.29777654211844], [-0.09649926485031428, 44.29778630519891], [-0.09649974200744413, 44.29778642225081], [-0.09651726981515497, 44.297803594232505], [-0.09653770309392967, 44.29781997889327], [-0.09656026698484085, 44.2978348518524], [-0.09658474571043328, 44.2978480708794], [-0.09661090518113695, 44.2978595095602], [-0.09663849523389458, 44.29786905850624], [-0.09666725202450602, 44.297876626400445], [-0.09669690055082912, 44.29788214087061], [-0.09672715728271317, 44.29788554918151], [-0.09675773287348581, 44.29788681873917], [-0.09678833492708366, 44.29788593740269], [-0.0968186707943428, 44.297882913600226], [-0.09693137120848005, 44.297867613554196], [-0.09696208698363432, 44.29786227829598], [-0.09699189776214974, 44.29785474713896], [-0.09702050002784453, 44.297845096761066], [-0.09704760256929978, 44.29783342541685], [-0.09707292944487211, 44.29781985193716], [-0.09709622279223133, 44.29780451451928], [-0.09711724545377483, 44.2977875693197], [-0.09713578339123387, 44.297769188864336], [-0.09714933036170288, 44.297752427660505], [-0.09719731511082327, 44.297752427632815], [-0.09768594607842669, 44.297884009844886], [-0.0976956583045865, 44.297886495029935], [-0.09801766226730972, 44.29796462415586], [-0.09831304844986591, 44.29805361691994], [-0.0983262429101473, 44.29805734215383], [-0.09842824321680185, 44.29808424225793], [-0.09845939585983372, 44.29809115930098], [-0.09849138105920333, 44.29809571260257], [-0.09852385209601058, 44.29809785280486], [-0.09865795260591761, 44.29810165283291], [-0.09869014690293476, 44.29810137561685], [-0.09872213144827219, 44.29809872604397], [-0.09875257229474795, 44.298093890324154], [-0.09879059754904983, 44.298122998505015], [-0.09879413150165824, 44.298125659791246], [-0.09894963144339625, 44.29824086009428], [-0.09897270017645701, 44.29825631117926], [-0.09899781603200047, 44.29827001733991], [-0.09902472422808034, 44.29828183953643], [-0.09905315180013904, 44.29829165784054], [-0.09908281037008174, 44.298299372651975], [-0.09911339907173806, 44.29830490570899], [-0.0992743996425364, 44.29832790580993], [-0.09930671236038824, 44.2983312755561], [-0.09933933797867792, 44.29833221087714], [-0.09937192188178207, 44.298330701606695], [-0.09940410990747374, 44.29832676414929], [-0.099435552196531, 44.29832044130195], [-0.09962595282512589, 44.29827434115278], [-0.09962721487356531, 44.29827398515794], [-0.09962851618514051, 44.29827371162449], [-0.09964151585539291, 44.29826995117985], [-0.09965456033089583, 44.298266271633295], [-0.09965576771597717, 44.29826582851122], [-0.09965702542951273, 44.29826546468952], [-0.09983672594212924, 44.29820596449796], [-0.09984562620976478, 44.298202627949536], [-0.09985467951917176, 44.29819951100501], [-0.09985924195131783, 44.29819752365572], [-0.09986397230718462, 44.29819575033136], [-0.09987237434622438, 44.29819180331735], [-0.09988095866097345, 44.29818806407668], [-0.09988522789093336, 44.29818576512581], [-0.0998896934456193, 44.29818366734849], [-0.0998975163387602, 44.29817914788144], [-0.09990554898725287, 44.29817482235565], [-0.09990948389997958, 44.29817223394338], [-0.0999136416473378, 44.29816983191617], [-0.09992081005608958, 44.29816478352111], [-0.09992821367865902, 44.29815991336799], [-0.09993177637832469, 44.29815706042259], [-0.0999355862772211, 44.29815437727833], [-0.09994203116598178, 44.29814884857426], [-0.09994873446140315, 44.29814348069662], [-0.10000000000000184, 44.2980981354292], [-0.10000000000000209, 44.29758827515468], [-0.09984062959756705, 44.29760987246795], [-0.09981009629791955, 44.29761516128606], [-0.09978045413700076, 44.29762261992793], [-0.09975923851678442, 44.297629743363686], [-0.09975923851678442, 44.29738127779969], [-0.09959257185011774, 44.29738127779969], [-0.09959257185011774, 44.29729794446635], [-0.09950923851678442, 44.29729794446635], [-0.09950923851678442, 44.29738127779969], [-0.09934257185011774, 44.29738127779969], [-0.09934257185011774, 44.297464611133016], [-0.09925923851678442, 44.297464611133016], [-0.09925923851678442, 44.29771461113302], [-0.09962674663676119, 44.29771461113302], [-0.09950835840069883, 44.29781932703649], [-0.09940998117626927, 44.297851900451654], [-0.09932482770356078, 44.2978725180107], [-0.0992456494278128, 44.29781385999164], [-0.09901670112908148, 44.29763860145769], [-0.09899415794353754, 44.29762298831201], [-0.09896955630732414, 44.29760907018931], [-0.09894314222283729, 44.297596986262036], [-0.09891517981529303, 44.297586857361765], [-0.09888594869168274, 44.29757878477095], [-0.0988557411449236, 44.29757284921023], [-0.09882485923118965, 44.2975691100313], [-0.09879361174964794, 44.297567604623374], [-0.09876231115474345, 44.29756834803952], [-0.0987312704319811, 44.29757133284593], [-0.09870079996837576, 44.297576529196405], [-0.09867120444889113, 44.29758388513072], [-0.09864277980987793, 44.2975933270942], [-0.09861581027999113, 44.29760476067321], [-0.09859056553815007, 44.297618071539205], [-0.09856729801697199, 44.297633126591876], [-0.0985585525368471, 44.29763938183104], [-0.09854881218810234, 44.297636813050794], [-0.09824965151912227, 44.29754668326744], [-0.0982287398972215, 44.29754100453748], [-0.09791388896771652, 44.297464611133016], [-0.09792590518345108, 44.297464611133016], [-0.09792590518345108, 44.29738127779969], [-0.09800923851678442, 44.29738127779969], [-0.09800923851678442, 44.29729794446635], [-0.09809257185011774, 44.29729794446635], [-0.09809257185011774, 44.297214611133015], [-0.09817590518345108, 44.297214611133015], [-0.09817590518345108, 44.297131277799686], [-0.09825923851678442, 44.297131277799686], [-0.09825923851678442, 44.29696461113301], [-0.09834257185011774, 44.29696461113301], [-0.09834257185011774, 44.296881277799685], [-0.09842590518345108, 44.296881277799685], [-0.09842590518345108, 44.29679794446635], [-0.09850923851678442, 44.29679794446635], [-0.09850923851678442, 44.29646461113302], [-0.09867590518345108, 44.29646461113302], [-0.09867590518345108, 44.29638127779968], [-0.09884257185011774, 44.29638127779968], [-0.09884257185011774, 44.29588127779969], [-0.09825923851678442, 44.29588127779969], [-0.09825923851678442, 44.295964611133016], [-0.09817590518345108, 44.295964611133016], [-0.09817590518345108, 44.29604794446635], [-0.09800923851678442, 44.29604794446635], [-0.09800923851678442, 44.29613127779968], [-0.09792590518345108, 44.29613127779968], [-0.09792590518345108, 44.29621461113302], [-0.09784257185011774, 44.29621461113302], [-0.09784257185011774, 44.29629794446635], [-0.09775923851678442, 44.29629794446635], [-0.09775923851678442, 44.29654794446635], [-0.09700923851678442, 44.29654794446635], [-0.09700923851678442, 44.29646461113302], [-0.09684257185011774, 44.29646461113302], [-0.09684257185011774, 44.29654794446635], [-0.09659257185011774, 44.29654794446635], [-0.09659257185011774, 44.29663127779968], [-0.09650923851678442, 44.29663127779968], [-0.09650923851678442, 44.29671461113302], [-0.09667590518345108, 44.29671461113302], [-0.09667590518345108, 44.296881277799685], [-0.09659257185011774, 44.296881277799685], [-0.09659257185011774, 44.29696461113301], [-0.09650923851678442, 44.29696461113301], [-0.09650923851678442, 44.29718417911561], [-0.09650723251552976, 44.297182764548054], [-0.09648294628882381, 44.297168753519], [-0.09636494644264992, 44.29710735371199], [-0.09633885681921586, 44.29709515079622], [-0.09631120908236603, 44.29708486863715], [-0.09628227647395186, 44.297076608852734], [-0.09625234493372264, 44.29707045307384], [-0.09622171027346621, 44.297066462137586], [-0.09619067525361136, 44.29706467548602], [-0.09615954659114159, 44.2970651107764], [-0.09613235168587386, 44.29706744449754], [-0.09612344077564977, 44.29706458656423], [-0.09609517446194633, 44.2970577524303], [-0.09603099091283797, 44.297044642139824], [-0.09597144816874946, 44.297015647842755], [-0.09582991586276014, 44.29690034189475], [-0.09576719505108175, 44.29681351623738], [-0.09575157107844767, 44.296794281314014], [-0.09573337540768981, 44.296776250238025], [-0.09571278639068723, 44.29675959974564], [-0.09569000583780296, 44.29674449304076], [-0.09566525703975201, 44.29673107819536], [-0.09563878257895665, 44.296719486698066], [-0.09561084195182461, 44.29670983216554], [-0.09558170902527102, 44.296702209228734], [-0.09555166935240299, 44.29669669260544], [-0.09552101737368919, 44.296693336367916], [-0.09549005353101273, 44.296692173412936], [-0.09545908132292762, 44.29669321513936], [-0.09542840432995871, 44.2966964513364], [-0.09540304954444893, 44.296701002008106], [-0.09539260522754389, 44.2966992919349], [-0.09536019967364077, 44.29669648850729], [-0.09532756385435211, 44.29669612260566], [-0.09529505225263275, 44.296698198204254], [-0.09526301800223441, 44.29670269275829], [-0.09523180905216645, 44.29670955744879], [-0.0952017643874775, 44.29671871771291], [-0.09502691889913584, 44.29677993449298], [-0.09491958110397522, 44.29677354199996], [-0.09488592240627532, 44.296772842012736], [-0.0948523536195274, 44.296774741438256], [-0.09482917302393729, 44.296777877559], [-0.094719085652135, 44.29672009762897], [-0.09469537793263144, 44.29670880387766], [-0.09467034107836968, 44.29669910182091], [-0.09450404149719079, 44.29664150202921], [-0.09447631877663694, 44.29663305439708], [-0.09444759451405758, 44.2966265581601], [-0.09441813430147497, 44.29662207338403], [-0.09438821053544534, 44.29661964153615], [-0.0943580998984917, 44.29661928510184], [-0.09418640055536219, 44.29662318510459], [-0.09415683323066906, 44.296624865876424], [-0.09397136809560935, 44.29664178661018], [-0.09377281335171327, 44.29659826773115], [-0.09374112485217143, 44.29659260073329], [-0.09370878698373358, 44.296589334434884], [-0.09367615134598262, 44.29658850434927], [-0.0936435727759109, 44.29659011950161], [-0.09361140549002472, 44.29659416233075], [-0.09357999923318719, 44.29660058888016], [-0.093549695476077, 44.296609329275874], [-0.09350570839291522, 44.29662397261694], [-0.09350013946372158, 44.296617465566676], [-0.09348203660618419, 44.29660025780299], [-0.09346172225871288, 44.29658437437023], [-0.0934393831928592, 44.29656996130036], [-0.09341522479492993, 44.29655715110677], [-0.09338946917767077, 44.29654606156597], [-0.0933623531381776, 44.29653679463472], [-0.09333412598082234, 44.29652943551276], [-0.09317852648139867, 44.29649483565171], [-0.09313851159471913, 44.29648796939066], [-0.09279553553091995, 44.296445991347845], [-0.09254997897502033, 44.29632991609082], [-0.09252485646139713, 44.296319211857195], [-0.09249845461161676, 44.29631023527929], [-0.09247100311251033, 44.29630306444996], [-0.09244274078215942, 44.29629776175263], [-0.09241391349232071, 44.296294373318695], [-0.09238477202950265, 44.29629292862616], [-0.09235556991328259, 44.29629344024323], [-0.09232656119086684, 44.296295903718935], [-0.09218822204983929, 44.29631238124148], [-0.09204426835754058, 44.29629287313958], [-0.0920406820241994, 44.296292402638684], [-0.09170808322056646, 44.29625020282857], [-0.09168094578605165, 44.29624763204609], [-0.0916535994547783, 44.296246772954774], [-0.09138000050057901, 44.29624677298279], [-0.09134547593640693, 44.296248143861256], [-0.09131137221394268, 44.29625223986159], [-0.09127810505034942, 44.29625901105431], [-0.0910386510567159, 44.296318184676075], [-0.09082914741514317, 44.29631224792572], [-0.09080302915186696, 44.29631229059372], [-0.09077700666687458, 44.29631389615318], [-0.09061070729306389, 44.296329196112325], [-0.09057815877812032, 44.29633345598659], [-0.09054641758979785, 44.29634015817187], [-0.09051583795915265, 44.296349227871886], [-0.0904867611546827, 44.29636056386889], [-0.09045951167386848, 44.29637403965326], [-0.0901580326294239, 44.29654065143983], [-0.09003755981029217, 44.29660255788932], [-0.08982820752189274, 44.29654550407957], [-0.08980043660199193, 44.29653898271746], [-0.08977194034985521, 44.29653434847177], [-0.08974296678708554, 44.29653164167729], [-0.08954976751344207, 44.29652014174031], [-0.08950692551332955, 44.29651970380997], [-0.0892766111277836, 44.296528682257026], [-0.08921982643586376, 44.29651362333578], [-0.08911055754512799, 44.29646672406701], [-0.08910225080003291, 44.29646328158602], [-0.08891995119479507, 44.296390381838556], [-0.08889168008649967, 44.29638037994171], [-0.08886215251543904, 44.29637246932971], [-0.08883166748500178, 44.29636673010713], [-0.08880053369368443, 44.296363220390546], [-0.08876906640923196, 44.29636197572002], [-0.08873758427627766, 44.29636300869923], [-0.0885712849076962, 44.29637450867269], [-0.08854355891157695, 44.296377329268886], [-0.08851629455226272, 44.296381917324645], [-0.08848970980667244, 44.296388236158705], [-0.08846401721842366, 44.29639623525232], [-0.08843942219860405, 44.296405850653144], [-0.08837535745962272, 44.29643363257013], [-0.08833904585801089, 44.29640186939847], [-0.08831824368129187, 44.29638540450269], [-0.08829527988008688, 44.296370495010876], [-0.08827037881997897, 44.29635728659369], [-0.08824378379369693, 44.29634590830162], [-0.08821575464408483, 44.29633647130412], [-0.08818656522537614, 44.29632906780357], [-0.08816669651032885, 44.296324808911386], [-0.08812453131276647, 44.29628984374221], [-0.08810260135589075, 44.29627341699971], [-0.08807847249907622, 44.29625866587553], [-0.08805239174862003, 44.296245741375365], [-0.08802462609158543, 44.29623477580588], [-0.08799545976272094, 44.29622588142028], [-0.08796519133483009, 44.296219149269206], [-0.08793413066237604, 44.29621464826883], [-0.08790259570963885, 44.29621242449517], [-0.08787090929585506, 44.29621250071262], [-0.08775492103004176, 44.29621700005984], [-0.08753919087941292, 44.29613985250009], [-0.08750982590999058, 44.296130665356294], [-0.0874793079691665, 44.296123680438505], [-0.08709310926979465, 44.296050680741565], [-0.08706326112955504, 44.29604614245582], [-0.08703293977786364, 44.29604371164561], [-0.08700243298260246, 44.29604341138069], [-0.08699329608425524, 44.29604396229038], [-0.08698998581375451, 44.29604080476271], [-0.0869704779412595, 44.296023969862084], [-0.08694878278292645, 44.296008577467845], [-0.08692510605368581, 44.29599477353051], [-0.08689967225721075, 44.29598268893868], [-0.08687272255717512, 44.29597243827812], [-0.0868445124905726, 44.29596411874518], [-0.08681530954476249, 44.29595780922534], [-0.08678539062121601, 44.29595356954513], [-0.08675503941003795, 44.29595143990491], [-0.08672454370010237, 44.29595144049778], [-0.08669419265033468, 44.29595357131804], [-0.08666427404803416, 44.29595781216121], [-0.0864868716374398, 44.295989473494195], [-0.08637500026469477, 44.295989473486884], [-0.08634084776821856, 44.29599081492186], [-0.08630710263490786, 44.2959948232642], [-0.08611400333187152, 44.29602562316869], [-0.08608869129515878, 44.296030466464835], [-0.08606403135373894, 44.29603681206348], [-0.08604019603057876, 44.29604461557033], [-0.08575966699829685, 44.296146842224715], [-0.08572329046681731, 44.29615685556381], [-0.08567036405596057, 44.29614841800361], [-0.08564926974899265, 44.29614559591002], [-0.08547227039515201, 44.29612639599949], [-0.08543193306448571, 44.29612392104708], [-0.08524375343224266, 44.29612114410366], [-0.08503611373717344, 44.29604794446635], [-0.08559257185011775, 44.29604794446635], [-0.08559257185011775, 44.295964611133016], [-0.08584257185011775, 44.295964611133016], [-0.08584257185011775, 44.29588127779969], [-0.08609257185011775, 44.29588127779969], [-0.08609257185011775, 44.29579794446635], [-0.08625923851678441, 44.29579794446635], [-0.08625923851678441, 44.295714611133015], [-0.08650923851678441, 44.295714611133015], [-0.08650923851678441, 44.295631277799686], [-0.08675923851678441, 44.295631277799686], [-0.08675923851678441, 44.29554794446635], [-0.08692590518345109, 44.29554794446635], [-0.08692590518345109, 44.295381277799684], [-0.08700923851678441, 44.295381277799684], [-0.08700923851678441, 44.29529794446635], [-0.08717590518345109, 44.29529794446635], [-0.08717590518345109, 44.29521461113302], [-0.08725923851678441, 44.29521461113302], [-0.08725923851678441, 44.29513127779968], [-0.08742590518345109, 44.29513127779968], [-0.08742590518345109, 44.29504794446635], [-0.08767590518345109, 44.29504794446635], [-0.08767590518345109, 44.29496461113302], [-0.08784257185011775, 44.29496461113302], [-0.08784257185011775, 44.29488127779968], [-0.08792590518345109, 44.29488127779968], [-0.08792590518345109, 44.29479794446635], [-0.08809257185011775, 44.29479794446635], [-0.08809257185011775, 44.29471461113302], [-0.08834257185011775, 44.29471461113302], [-0.08834257185011775, 44.29463127779968], [-0.08859257185011775, 44.29463127779968], [-0.08859257185011775, 44.29454794446635], [-0.08867590518345109, 44.29454794446635], [-0.08867590518345109, 44.294464611133016], [-0.08884257185011775, 44.294464611133016], [-0.08884257185011775, 44.29438127779969], [-0.09959257185011774, 44.29438127779969], [-0.09959257185011774, 44.294464611133016], [-0.09950923851678442, 44.294464611133016], [-0.09950923851678442, 44.29454794446635], [-0.09942590518345108, 44.29454794446635], [-0.09942590518345108, 44.29471461113302], [-0.09934257185011774, 44.29471461113302], [-0.09934257185011774, 44.29479794446635], [-0.09917590518345108, 44.29479794446635], [-0.09917590518345108, 44.29488127779968], [-0.09909257185011774, 44.29488127779968], [-0.09909257185011774, 44.29504794446635], [-0.09892590518345108, 44.29504794446635], [-0.09892590518345108, 44.29513127779968], [-0.09884257185011774, 44.29513127779968], [-0.09884257185011774, 44.295381277799684], [-0.09934257185011774, 44.295381277799684], [-0.09934257185011774, 44.29513127779968], [-0.09942590518345108, 44.29513127779968], [-0.09942590518345108, 44.29504794446635], [-0.09959257185011774, 44.29504794446635], [-0.09959257185011774, 44.29496461113302], [-0.09967590518345108, 44.29496461113302], [-0.09967590518345108, 44.29488127779968], [-0.09984257185011775, 44.29488127779968], [-0.09984257185011775, 44.29479794446635], [-0.09992590518345108, 44.29479794446635], [-0.09992590518345108, 44.29471461113302], [-0.10000923851678442, 44.29471461113302], [-0.10000923851678442, 44.29438127779969], [-0.10150923851678442, 44.29438127779969], [-0.10150923851678442, 44.294464611133016], [-0.10125923851678441, 44.294464611133016], [-0.10125923851678441, 44.29454794446635], [-0.10117590518345108, 44.29454794446635], [-0.10117590518345108, 44.29463127779968], [-0.10109257185011775, 44.29463127779968], [-0.10109257185011775, 44.29454794446635], [-0.10100923851678442, 44.29454794446635], [-0.10100923851678442, 44.29463127779968], [-0.10092590518345108, 44.29463127779968], [-0.10092590518345108, 44.29479794446635], [-0.10084257185011775, 44.29479794446635], [-0.10084257185011775, 44.29488127779968], [-0.10075923851678442, 44.29488127779968], [-0.10075923851678442, 44.29496461113302], [-0.10067590518345108, 44.29496461113302], [-0.10067590518345108, 44.29504794446635], [-0.10059257185011775, 44.29504794446635], [-0.10059257185011775, 44.29513127779968], [-0.10067590518345108, 44.29513127779968], [-0.10067590518345108, 44.29521461113302], [-0.10059257185011775, 44.29521461113302], [-0.10059257185011775, 44.295631277799686], [-0.10117590518345108, 44.295631277799686], [-0.10117590518345108, 44.29554794446635], [-0.10134257185011775, 44.29554794446635], [-0.10134257185011775, 44.295381277799684], [-0.10109257185011775, 44.295381277799684], [-0.10109257185011775, 44.29513127779968], [-0.10117590518345108, 44.29513127779968], [-0.10117590518345108, 44.29504794446635], [-0.10134257185011775, 44.29504794446635], [-0.10134257185011775, 44.29488127779968], [-0.10150923851678442, 44.29488127779968], [-0.10150923851678442, 44.29479794446635], [-0.10159257185011775, 44.29479794446635], [-0.10159257185011775, 44.29471461113302], [-0.10175923851678442, 44.29471461113302], [-0.10175923851678442, 44.29463127779968], [-0.10200923851678442, 44.29463127779968], [-0.10200923851678442, 44.29438127779969], [-0.10378463809170564, 44.29438127779969], [-0.10388714458187556, 44.294345816633715], [-0.11045681971218664, 44.294345816633715], [-0.11047080927505104, 44.29438127779969], [-0.11084257185011775, 44.29438127779969], [-0.11084257185011775, 44.294464611133016], [-0.11092590518345108, 44.294464611133016], [-0.11092590518345108, 44.29454794446635], [-0.11125923851678442, 44.29454794446635], [-0.11125923851678442, 44.294464611133016], [-0.11142590518345108, 44.294464611133016], [-0.11142590518345108, 44.29438127779969], [-0.11442590518345108, 44.29438127779969], [-0.11442590518345108, 44.29454794446635], [-0.11417590518345108, 44.29454794446635], [-0.11417590518345108, 44.29463127779968], [-0.1140092385167844, 44.29463127779968], [-0.1140092385167844, 44.29471461113302], [-0.11392590518345108, 44.29471461113302], [-0.11392590518345108, 44.29479794446635], [-0.11384257185011776, 44.29479794446635], [-0.11384257185011776, 44.29488127779968], [-0.1137592385167844, 44.29488127779968], [-0.1137592385167844, 44.29496461113302], [-0.11342590518345108, 44.29496461113302], [-0.11342590518345108, 44.29488127779968], [-0.11309257185011776, 44.29488127779968], [-0.11309257185011776, 44.29496461113302], [-0.1130092385167844, 44.29496461113302], [-0.1130092385167844, 44.29504794446635], [-0.11292590518345108, 44.29504794446635], [-0.11292590518345108, 44.29521461113302], [-0.11284257185011776, 44.29521461113302], [-0.11284257185011776, 44.29529794446635], [-0.1127592385167844, 44.29529794446635], [-0.1127592385167844, 44.295381277799684], [-0.11267590518345108, 44.295381277799684], [-0.11267590518345108, 44.29546461113301], [-0.11259257185011776, 44.29546461113301], [-0.11259257185011776, 44.29554794446635], [-0.1125092385167844, 44.29554794446635], [-0.1125092385167844, 44.295631277799686], [-0.11242590518345108, 44.295631277799686], [-0.11242590518345108, 44.295714611133015], [-0.11234257185011776, 44.295714611133015], [-0.11234257185011776, 44.29579794446635], [-0.1125092385167844, 44.29579794446635], [-0.1125092385167844, 44.29588127779969], [-0.11259257185011776, 44.29588127779969], [-0.11259257185011776, 44.295964611133016], [-0.11284257185011776, 44.295964611133016], [-0.11284257185011776, 44.29604794446635], [-0.11384257185011776, 44.29604794446635], [-0.11384257185011776, 44.29629794446635], [-0.1137592385167844, 44.29629794446635], [-0.1137592385167844, 44.29621461113302], [-0.11359257185011776, 44.29621461113302], [-0.11359257185011776, 44.29613127779968], [-0.11342590518345108, 44.29613127779968], [-0.11342590518345108, 44.29621461113302], [-0.11317590518345108, 44.29621461113302], [-0.11317590518345108, 44.29629794446635], [-0.11309257185011776, 44.29629794446635], [-0.11309257185011776, 44.2963773901453], [-0.11343689999999948, 44.29649140000001], [-0.11351656365522457, 44.29704794446635], [-0.11359257185011776, 44.29704794446635], [-0.11359257185011776, 44.297131277799686], [-0.11384257185011776, 44.297131277799686], [-0.11384257185011776, 44.297214611133015], [-0.11417590518345108, 44.297214611133015], [-0.11417590518345108, 44.29729794446635], [-0.11434257185011776, 44.29729794446635], [-0.11434257185011776, 44.297214611133015], [-0.11442590518345108, 44.297214611133015], [-0.11442590518345108, 44.297131277799686], [-0.1145092385167844, 44.297131277799686], [-0.1145092385167844, 44.29704794446635], [-0.11467590518345108, 44.29704794446635], [-0.11467590518345108, 44.29696461113301], [-0.1150092385167844, 44.29696461113301], [-0.1150092385167844, 44.296881277799685], [-0.11509257185011774, 44.296881277799685], [-0.11509257185011774, 44.29704794446635], [-0.11517590518345108, 44.29704794446635], [-0.11517590518345108, 44.29696461113301], [-0.11534257185011774, 44.29696461113301], [-0.11534257185011774, 44.29663127779968], [-0.11517590518345108, 44.29663127779968], [-0.11517590518345108, 44.29654794446635], [-0.11617590518345108, 44.29654794446635], [-0.11617590518345108, 44.29646461113302], [-0.11642590518345108, 44.29646461113302], [-0.11642590518345108, 44.29638127779968], [-0.11667590518345108, 44.29638127779968], [-0.11667590518345108, 44.29629794446635], [-0.11692590518345108, 44.29629794446635], [-0.11692590518345108, 44.29621461113302], [-0.11734257185011775, 44.29621461113302], [-0.11734257185011775, 44.29638127779968], [-0.11817590518345109, 44.29638127779968], [-0.11817590518345109, 44.29629794446635], [-0.11834257185011775, 44.29629794446635], [-0.11834257185011775, 44.29621461113302], [-0.11842590518345109, 44.29621461113302], [-0.11842590518345109, 44.29613127779968], [-0.11873584659615616, 44.29613127779968], [-0.11882967129735054, 44.295631277799686], [-0.11875923851678441, 44.295631277799686], [-0.11875923851678441, 44.29554794446635], [-0.11867590518345109, 44.29554794446635], [-0.11867590518345109, 44.2955253160338], [-0.11850923851678441, 44.29551415537947], [-0.11850923851678441, 44.29554794446635], [-0.11842590518345109, 44.29554794446635], [-0.11842590518345109, 44.295631277799686], [-0.11675923851678441, 44.295631277799686], [-0.11675923851678441, 44.29554794446635], [-0.11650923851678441, 44.29554794446635], [-0.11650923851678441, 44.29546461113301], [-0.11642590518345108, 44.29546461113301], [-0.11642590518345108, 44.295381277799684], [-0.11592590518345108, 44.295381277799684], [-0.11592590518345108, 44.29534116523738], [-0.11559257185011775, 44.29531884392872], [-0.11559257185011775, 44.295381277799684], [-0.1152592385167844, 44.295381277799684], [-0.1152592385167844, 44.29529794446635], [-0.1150092385167844, 44.29529794446635], [-0.1150092385167844, 44.29479794446635], [-0.11509257185011774, 44.29479794446635], [-0.11509257185011774, 44.29463127779968], [-0.11517590518345108, 44.29463127779968], [-0.11517590518345108, 44.294464611133016], [-0.1152592385167844, 44.294464611133016], [-0.1152592385167844, 44.29438127779969], [-0.11580857746625803, 44.29438127779969], [-0.1158353459393323, 44.294345816633715], [-0.12664049121088503, 44.294345816633715], [-0.1638425718501179, 44.294345816633715], [-0.1638425718501179, 44.3], [-0.1638425718501179, 44.31052890869119], [-0.1638425718501179, 44.31743537787907], [-0.16213829999999965, 44.3196953]], [[-0.09967590518345108, 44.29729794446635], [-0.09967590518345108, 44.297214611133015], [-0.09959257185011774, 44.297214611133015], [-0.09959257185011774, 44.29729794446635], [-0.09967590518345108, 44.29729794446635]], [[-0.14209257185011775, 44.32521461113301], [-0.14184257185011775, 44.32521461113301], [-0.14184257185011775, 44.32529794446635], [-0.1417592385167844, 44.32529794446635], [-0.1417592385167844, 44.32533652467986], [-0.14234809999999984, 44.325414099999996], [-0.14238692590973775, 44.325131277799684], [-0.14209257185011775, 44.325131277799684], [-0.14209257185011775, 44.32521461113301]], [[-0.14542590518345108, 44.319131277799684], [-0.1455092385167844, 44.319131277799684], [-0.1455092385167844, 44.31904794446635], [-0.14559257185011776, 44.31904794446635], [-0.14559257185011776, 44.31881127367209], [-0.1453515999999995, 44.318995499999986], [-0.14529375164270755, 44.31921461113301], [-0.14542590518345108, 44.31921461113301], [-0.14542590518345108, 44.319131277799684]], [[-0.14467590518345108, 44.31738127779968], [-0.14467590518345108, 44.31713127779968], [-0.1445092385167844, 44.31713127779968], [-0.1445092385167844, 44.31721461113302], [-0.14442590518345108, 44.31721461113302], [-0.14442590518345108, 44.31738127779968], [-0.1445092385167844, 44.31738127779968], [-0.1445092385167844, 44.31762098683105], [-0.1447592385167844, 44.317451260101755], [-0.1447592385167844, 44.31738127779968], [-0.14467590518345108, 44.31738127779968]], [[-0.14192590518345108, 44.316131277799684], [-0.1417592385167844, 44.316131277799684], [-0.1417592385167844, 44.31621461113302], [-0.14167590518345108, 44.31621461113302], [-0.14167590518345108, 44.31622399806573], [-0.14179984890101244, 44.31629794446635], [-0.14192590518345108, 44.31629794446635], [-0.14192590518345108, 44.316131277799684]], [[-0.1412592385167844, 44.31588127779968], [-0.14117590518345108, 44.31588127779968], [-0.14117590518345108, 44.31592569169703], [-0.1412411391845873, 44.31596461113302], [-0.1412592385167844, 44.31596461113302], [-0.1412592385167844, 44.31588127779968]], [[-0.12725923851678442, 44.31721461113302], [-0.12725923851678442, 44.31713127779968], [-0.12709257185011774, 44.31713127779968], [-0.12709257185011774, 44.31696461113302], [-0.12700923851678442, 44.31696461113302], [-0.12700923851678442, 44.31688127779968], [-0.12675923851678442, 44.31688127779968], [-0.12675923851678442, 44.31696461113302], [-0.12667590518345107, 44.31696461113302], [-0.12667590518345107, 44.31704794446635], [-0.12659257185011774, 44.31704794446635], [-0.12659257185011774, 44.31721461113302], [-0.12684257185011774, 44.31721461113302], [-0.12684257185011774, 44.31729794446635], [-0.12700923851678442, 44.31729794446635], [-0.12700923851678442, 44.31738127779968], [-0.12725923851678442, 44.31738127779968], [-0.12725923851678442, 44.31746461113302], [-0.12734257185011774, 44.31746461113302], [-0.12734257185011774, 44.31754794446635], [-0.12742222014903173, 44.31754794446635], [-0.12750923851678442, 44.31721839530206], [-0.12750923851678442, 44.31721461113302], [-0.12725923851678442, 44.31721461113302]], [[-0.12734257185011774, 44.31784958228169], [-0.12735620695799368, 44.31779794446635], [-0.12734257185011774, 44.31779794446635], [-0.12734257185011774, 44.31784958228169]], [[-0.12167590518345109, 44.31595918213437], [-0.12167590518345109, 44.31546461113302], [-0.12175923851678441, 44.31546461113302], [-0.12175923851678441, 44.31538127779968], [-0.12192590518345109, 44.31538127779968], [-0.12192590518345109, 44.31529794446635], [-0.12200923851678441, 44.31529794446635], [-0.12200923851678441, 44.315214611133015], [-0.12317590518345109, 44.315214611133015], [-0.12317590518345109, 44.31529794446635], [-0.12359257185011774, 44.31529794446635], [-0.12359257185011774, 44.31538127779968], [-0.12392590518345109, 44.31538127779968], [-0.12392590518345109, 44.315131277799686], [-0.12400923851678441, 44.315131277799686], [-0.12400923851678441, 44.31504794446635], [-0.12409257185011774, 44.31504794446635], [-0.12409257185011774, 44.314881277799685], [-0.12417590518345109, 44.314881277799685], [-0.12417590518345109, 44.31479794446635], [-0.12425923851678441, 44.31479794446635], [-0.12425923851678441, 44.31438127779968], [-0.12409257185011774, 44.31438127779968], [-0.12409257185011774, 44.31421461113302], [-0.12384257185011774, 44.31421461113302], [-0.12384257185011774, 44.31413127779968], [-0.12359257185011774, 44.31413127779968], [-0.12359257185011774, 44.31404794446635], [-0.12342590518345109, 44.31404794446635], [-0.12342590518345109, 44.31396461113302], [-0.12317590518345109, 44.31396461113302], [-0.12317590518345109, 44.31388127779968], [-0.12275923851678441, 44.31388127779968], [-0.12275923851678441, 44.31379794446635], [-0.12234257185011775, 44.31379794446635], [-0.12234257185011775, 44.313714611133015], [-0.12200923851678441, 44.313714611133015], [-0.12200923851678441, 44.313131277799684], [-0.12209257185011775, 44.313131277799684], [-0.12209257185011775, 44.31279794446635], [-0.12192590518345109, 44.31279794446635], [-0.12192590518345109, 44.31271461113302], [-0.1217913142312458, 44.31271461113302], [-0.12150923851678441, 44.31399509216412], [-0.12150923851678441, 44.31438127779968], [-0.12142590518345109, 44.31438127779968], [-0.12142590518345109, 44.31446461113302], [-0.12134257185011775, 44.31446461113302], [-0.12134257185011775, 44.31454794446635], [-0.12034257185011775, 44.31454794446635], [-0.12034257185011775, 44.31446461113302], [-0.12025200420670396, 44.31446461113302], [-0.11913230000000094, 44.3146109], [-0.11903819999999957, 44.3151123], [-0.11867590518345109, 44.315153172869955], [-0.11867590518345109, 44.31529794446635], [-0.11859257185011775, 44.31529794446635], [-0.11859257185011775, 44.31538127779968], [-0.11825923851678441, 44.31538127779968], [-0.11825923851678441, 44.31546461113302], [-0.11759257185011775, 44.31546461113302], [-0.11759257185011775, 44.31554794446635], [-0.11750923851678441, 44.31554794446635], [-0.11750923851678441, 44.31563127779968], [-0.11742590518345108, 44.31563127779968], [-0.11742590518345108, 44.31588127779968], [-0.11734257185011775, 44.31588127779968], [-0.11734257185011775, 44.31596461113302], [-0.11725923851678441, 44.31596461113302], [-0.11725923851678441, 44.31604794446635], [-0.11675923851678441, 44.31604794446635], [-0.11675923851678441, 44.31588127779968], [-0.11667590518345108, 44.31588127779968], [-0.11667590518345108, 44.31579794446635], [-0.11609257185011775, 44.31579794446635], [-0.11609257185011775, 44.31588127779968], [-0.11600923851678441, 44.31588127779968], [-0.11600923851678441, 44.31596461113302], [-0.11592590518345108, 44.31596461113302], [-0.11592590518345108, 44.31604794446635], [-0.11575923851678441, 44.31604794446635], [-0.11575923851678441, 44.316131277799684], [-0.11559257185011775, 44.316131277799684], [-0.11559257185011775, 44.31629794446635], [-0.11575923851678441, 44.31629794446635], [-0.11575923851678441, 44.316381277799685], [-0.11592590518345108, 44.316381277799685], [-0.11592590518345108, 44.31629794446635], [-0.11625923851678441, 44.31629794446635], [-0.11625923851678441, 44.316381277799685], [-0.11617590518345108, 44.316381277799685], [-0.11617590518345108, 44.316464611133014], [-0.11609257185011775, 44.316464611133014], [-0.11609257185011775, 44.316714611133015], [-0.11584257185011775, 44.316714611133015], [-0.11584257185011775, 44.31663127779969], [-0.11575923851678441, 44.31663127779969], [-0.11575923851678441, 44.31654794446635], [-0.11567590518345108, 44.31654794446635], [-0.11567590518345108, 44.31663127779969], [-0.11559257185011775, 44.31663127779969], [-0.11559257185011775, 44.31704794446635], [-0.11550923851678441, 44.31704794446635], [-0.11550923851678441, 44.31696461113302], [-0.11542590518345108, 44.31696461113302], [-0.11542590518345108, 44.31704794446635], [-0.11534257185011774, 44.31704794446635], [-0.11534257185011774, 44.31713127779968], [-0.1152592385167844, 44.31713127779968], [-0.1152592385167844, 44.31704794446635], [-0.1150092385167844, 44.31704794446635], [-0.1150092385167844, 44.31713127779968], [-0.11492590518345108, 44.31713127779968], [-0.11492590518345108, 44.31738127779968], [-0.11509257185011774, 44.31738127779968], [-0.11509257185011774, 44.317499123094784], [-0.11613630000000072, 44.31776049999999], [-0.11653120000000027, 44.318834599999995], [-0.11742590518345108, 44.31891289113511], [-0.11742590518345108, 44.31888127779968], [-0.11750923851678441, 44.31888127779968], [-0.11750923851678441, 44.31879794446635], [-0.11759257185011775, 44.31879794446635], [-0.11759257185011775, 44.31871461113302], [-0.11775923851678441, 44.31871461113302], [-0.11775923851678441, 44.31838127779968], [-0.11784257185011775, 44.31838127779968], [-0.11784257185011775, 44.31829794446635], [-0.11792590518345109, 44.31829794446635], [-0.11792590518345109, 44.318053562815], [-0.11792517027790722, 44.31804794446635], [-0.11775923851678441, 44.31804794446635], [-0.11775923851678441, 44.317881277799685], [-0.11784257185011775, 44.317881277799685], [-0.11784257185011775, 44.31738127779968], [-0.11792590518345109, 44.31738127779968], [-0.11792590518345109, 44.31729794446635], [-0.11800923851678441, 44.31729794446635], [-0.11800923851678441, 44.31738127779968], [-0.11817590518345109, 44.31738127779968], [-0.11817590518345109, 44.31746461113302], [-0.11892590518345109, 44.31746461113302], [-0.11892590518345109, 44.31751975024834], [-0.12009257185011775, 44.317388455522256], [-0.12009257185011775, 44.31738127779968], [-0.12015635209417187, 44.31738127779968], [-0.12017590518345109, 44.31737907732754], [-0.12017590518345109, 44.31729794446635], [-0.12034257185011775, 44.31729794446635], [-0.12034257185011775, 44.31713127779968], [-0.12042590518345109, 44.31713127779968], [-0.12042590518345109, 44.31704794446635], [-0.12084564808435645, 44.31704794446635], [-0.12122830000000001, 44.316521699999996], [-0.12162830000000166, 44.3159706], [-0.12167590518345109, 44.31595918213437]], [[-0.12500923851678442, 44.31079794446635], [-0.12475923851678442, 44.31079794446635], [-0.12475923851678442, 44.31087964275485], [-0.12500923851678442, 44.31085763598959], [-0.12500923851678442, 44.31079794446635]], [[-0.1254259051834511, 44.30813127779968], [-0.1254259051834511, 44.30821461113302], [-0.12525923851678442, 44.30821461113302], [-0.12525923851678442, 44.30846461113302], [-0.12550923851678442, 44.30846461113302], [-0.12550923851678442, 44.30821461113302], [-0.12556720053495982, 44.30821461113302], [-0.1255800823978101, 44.30813127779968], [-0.1254259051834511, 44.30813127779968]], [[-0.12600923851678442, 44.30634073873966], [-0.12600923851678442, 44.305631277799684], [-0.12609257185011774, 44.305631277799684], [-0.12609257185011774, 44.30554794446635], [-0.1259259051834511, 44.30554794446635], [-0.1259259051834511, 44.30546461113302], [-0.12575923851678442, 44.30546461113302], [-0.12575923851678442, 44.30554794446635], [-0.12567590518345106, 44.30554794446635], [-0.12567590518345106, 44.30571461113302], [-0.1254259051834511, 44.30571461113302], [-0.1254259051834511, 44.30538127779968], [-0.12550923851678442, 44.30538127779968], [-0.12550923851678442, 44.30529794446635], [-0.12559257185011774, 44.30529794446635], [-0.12559257185011774, 44.30521461113302], [-0.12567590518345106, 44.30521461113302], [-0.12567590518345106, 44.30479794446635], [-0.12559257185011774, 44.30479794446635], [-0.12559257185011774, 44.30454794446635], [-0.12550923851678442, 44.30454794446635], [-0.12550923851678442, 44.304464611133014], [-0.1254259051834511, 44.304464611133014], [-0.1254259051834511, 44.30454794446635], [-0.12509257185011774, 44.30454794446635], [-0.12509257185011774, 44.304631277799686], [-0.12492590518345109, 44.304631277799686], [-0.12492590518345109, 44.304714611133015], [-0.12467590518345109, 44.304714611133015], [-0.12467590518345109, 44.30479794446635], [-0.12442590518345109, 44.30479794446635], [-0.12442590518345109, 44.304714611133015], [-0.12450923851678442, 44.304714611133015], [-0.12450923851678442, 44.304631277799686], [-0.12434257185011774, 44.304631277799686], [-0.12434257185011774, 44.30454794446635], [-0.12425923851678441, 44.30454794446635], [-0.12425923851678441, 44.304464611133014], [-0.12384257185011774, 44.304464611133014], [-0.12384257185011774, 44.30454794446635], [-0.12367590518345109, 44.30454794446635], [-0.12367590518345109, 44.304631277799686], [-0.12361013721007924, 44.304631277799686], [-0.12359257185011774, 44.30466840126326], [-0.12359257185011774, 44.304714611133015], [-0.12357070716083213, 44.304714611133015], [-0.12349184706233454, 44.30488127779968], [-0.12367590518345109, 44.30488127779968], [-0.12367590518345109, 44.304964611133016], [-0.12417590518345109, 44.304964611133016], [-0.12417590518345109, 44.30488127779968], [-0.12425923851678441, 44.30488127779968], [-0.12425923851678441, 44.30479794446635], [-0.12434257185011774, 44.30479794446635], [-0.12434257185011774, 44.30488127779968], [-0.12442590518345109, 44.30488127779968], [-0.12442590518345109, 44.30504794446635], [-0.12425923851678441, 44.30504794446635], [-0.12425923851678441, 44.30513127779968], [-0.12417590518345109, 44.30513127779968], [-0.12417590518345109, 44.30521461113302], [-0.12414204563592261, 44.30521461113302], [-0.12441290000000114, 44.30532809999999], [-0.12388063151897416, 44.307381277799685], [-0.12392590518345109, 44.307381277799685], [-0.12392590518345109, 44.30754794446635], [-0.12409257185011774, 44.30754794446635], [-0.12409257185011774, 44.307714611133015], [-0.12417590518345109, 44.307714611133015], [-0.12417590518345109, 44.30779794446635], [-0.12442590518345109, 44.30779794446635], [-0.12442590518345109, 44.30788127779968], [-0.12492590518345109, 44.30788127779968], [-0.12492590518345109, 44.30779794446635], [-0.12517590518345106, 44.30779794446635], [-0.12517590518345106, 44.307631277799686], [-0.12525923851678442, 44.307631277799686], [-0.12525923851678442, 44.30754794446635], [-0.12534257185011774, 44.30754794446635], [-0.12534257185011774, 44.307464611133014], [-0.1254259051834511, 44.307464611133014], [-0.1254259051834511, 44.30729794446635], [-0.12559257185011774, 44.30729794446635], [-0.12559257185011774, 44.30696461113302], [-0.12567590518345106, 44.30696461113302], [-0.12567590518345106, 44.30688127779968], [-0.12577331034055786, 44.30688127779968], [-0.1258510000000012, 44.306378699999996], [-0.12600923851678442, 44.30634073873966]], [[-0.12575923851678442, 44.303464611133016], [-0.12575923851678442, 44.30354794446635], [-0.12567590518345106, 44.30354794446635], [-0.12567590518345106, 44.30388127779968], [-0.12559257185011774, 44.30388127779968], [-0.12559257185011774, 44.30396461113302], [-0.12550923851678442, 44.30396461113302], [-0.12550923851678442, 44.304381277799685], [-0.12559257185011774, 44.304381277799685], [-0.12559257185011774, 44.304464611133014], [-0.12584257185011774, 44.304464611133014], [-0.12584257185011774, 44.30454794446635], [-0.12600923851678442, 44.30454794446635], [-0.12600923851678442, 44.30479794446635], [-0.1259259051834511, 44.30479794446635], [-0.1259259051834511, 44.304964611133016], [-0.12584257185011774, 44.304964611133016], [-0.12584257185011774, 44.30513127779968], [-0.1259259051834511, 44.30513127779968], [-0.1259259051834511, 44.30529794446635], [-0.12617590518345106, 44.30529794446635], [-0.12617590518345106, 44.304964611133016], [-0.12625923851678442, 44.304964611133016], [-0.12625923851678442, 44.30488127779968], [-0.12634257185011774, 44.30488127779968], [-0.12634257185011774, 44.30479794446635], [-0.1264259051834511, 44.30479794446635], [-0.1264259051834511, 44.304714611133015], [-0.1269259051834511, 44.304714611133015], [-0.1269259051834511, 44.304631277799686], [-0.12709257185011774, 44.304631277799686], [-0.12709257185011774, 44.304381277799685], [-0.12717590518345107, 44.304381277799685], [-0.12717590518345107, 44.30429794446635], [-0.12725923851678442, 44.30429794446635], [-0.12725923851678442, 44.30404794446635], [-0.12734257185011774, 44.30404794446635], [-0.12734257185011774, 44.30396461113302], [-0.1274259051834511, 44.30396461113302], [-0.1274259051834511, 44.30388127779968], [-0.12725923851678442, 44.30388127779968], [-0.12725923851678442, 44.30379794446635], [-0.12734257185011774, 44.30379794446635], [-0.12734257185011774, 44.30371461113302], [-0.12750923851678442, 44.30371461113302], [-0.12750923851678442, 44.30354794446635], [-0.1274259051834511, 44.30354794446635], [-0.1274259051834511, 44.303464611133016], [-0.12734257185011774, 44.303464611133016], [-0.12734257185011774, 44.30338127779968], [-0.1274259051834511, 44.30338127779968], [-0.1274259051834511, 44.303214611133015], [-0.12759257185011774, 44.303214611133015], [-0.12759257185011774, 44.30319245817822], [-0.12650923851678442, 44.30331445781727], [-0.12650923851678442, 44.30338127779968], [-0.12634257185011774, 44.30338127779968], [-0.12634257185011774, 44.303464611133016], [-0.12617590518345106, 44.303464611133016], [-0.12617590518345106, 44.30338127779968], [-0.12591588992303251, 44.30338127779968], [-0.12584257185011774, 44.30338953451823], [-0.12584257185011774, 44.303464611133016], [-0.12575923851678442, 44.303464611133016]], [[-0.12784257185011774, 44.303464611133016], [-0.12775923851678442, 44.303464611133016], [-0.12775923851678442, 44.30354794446635], [-0.12799368994462607, 44.30354794446635], [-0.12790806055510365, 44.30338127779968], [-0.12784257185011774, 44.30338127779968], [-0.12784257185011774, 44.303464611133016]], [[-0.12859257185011774, 44.30379794446635], [-0.12859257185011774, 44.30388127779968], [-0.12850923851678442, 44.30388127779968], [-0.12850923851678442, 44.30396461113302], [-0.1284259051834511, 44.30396461113302], [-0.1284259051834511, 44.304131277799684], [-0.12834257185011774, 44.304131277799684], [-0.12834257185011774, 44.30421461113302], [-0.12850923851678442, 44.30421461113302], [-0.12850923851678442, 44.304464611133014], [-0.12859257185011774, 44.304464611133014], [-0.12859257185011774, 44.304631277799686], [-0.12850923851678442, 44.304631277799686], [-0.12850923851678442, 44.304714611133015], [-0.1284259051834511, 44.304714611133015], [-0.1284259051834511, 44.30479794446635], [-0.12834257185011774, 44.30479794446635], [-0.12834257185011774, 44.30488127779968], [-0.12817590518345107, 44.30488127779968], [-0.12817590518345107, 44.304964611133016], [-0.12800923851678442, 44.304964611133016], [-0.12800923851678442, 44.30504794446635], [-0.1279259051834511, 44.30504794446635], [-0.1279259051834511, 44.30546461113302], [-0.12834257185011774, 44.30546461113302], [-0.12834257185011774, 44.30554794446635], [-0.12859257185011774, 44.30554794446635], [-0.12859257185011774, 44.305631277799684], [-0.12867590518345107, 44.305631277799684], [-0.12867590518345107, 44.30571461113302], [-0.12884257185011774, 44.30571461113302], [-0.12884257185011774, 44.30579794446635], [-0.12936569340967335, 44.30579794446635], [-0.1294259051834511, 44.30570419238953], [-0.1294259051834511, 44.305631277799684], [-0.1294727341918066, 44.305631277799684], [-0.12950923851678442, 44.30557443914397], [-0.12950923851678442, 44.30554794446635], [-0.12952625458287548, 44.30554794446635], [-0.13028760000000061, 44.3043625], [-0.13037520479453144, 44.304381277799685], [-0.1304259051834511, 44.304381277799685], [-0.1304259051834511, 44.30429794446635], [-0.1309259051834511, 44.30429794446635], [-0.1309259051834511, 44.304381277799685], [-0.13100923851678442, 44.304381277799685], [-0.13100923851678442, 44.30421461113302], [-0.13109257185011775, 44.30421461113302], [-0.13109257185011775, 44.304131277799684], [-0.13117590518345107, 44.304131277799684], [-0.13117590518345107, 44.30379794446635], [-0.13100923851678442, 44.30379794446635], [-0.13100923851678442, 44.30363127779968], [-0.13067590518345107, 44.30363127779968], [-0.13067590518345107, 44.30354794446635], [-0.13000923851678442, 44.30354794446635], [-0.13000923851678442, 44.30363127779968], [-0.12967590518345107, 44.30363127779968], [-0.12967590518345107, 44.30371461113302], [-0.12950923851678442, 44.30371461113302], [-0.12950923851678442, 44.30363127779968], [-0.12915050784252377, 44.30363127779968], [-0.12909257185011774, 44.30364788412579], [-0.12909257185011774, 44.30371461113302], [-0.12885977530260745, 44.30371461113302], [-0.12875923851678442, 44.30374342822204], [-0.12875923851678442, 44.30379794446635], [-0.12859257185011774, 44.30379794446635]], [[-0.10260907440831066, 44.2978008737171], [-0.10258152769542196, 44.297791631560806], [-0.10255286297586882, 44.297784351303406], [-0.10252335040079036, 44.29777910155764], [-0.10249326811164909, 44.29777593179964], [-0.102462899618986, 44.297774871902725], [-0.10239671278096309, 44.29777487194472], [-0.10235762846428122, 44.297749230473094], [-0.10233379547518262, 44.29773507968935], [-0.10230813559777505, 44.29772268585723], [-0.10228089898720934, 44.29771216980213], [-0.10225235116947747, 44.29770363404331], [-0.1022227704529034, 44.2976971617943], [-0.10219244521501429, 44.29769281615186], [-0.10216167109127719, 44.297690639480784], [-0.10213074809309511, 44.29769065300097], [-0.10209997768315057, 44.297692856580525], [-0.10195384131045142, 44.297708587070545], [-0.10178425139755104, 44.29767272883526], [-0.10174714863214995, 44.29766661574753], [-0.1013609500302132, 44.29762051595759], [-0.10132981572977731, 44.297617941085115], [-0.10129847899825258, 44.29761761386626], [-0.10126732907498377, 44.29761953292955], [-0.10124086709809653, 44.297604516265984], [-0.10121570187100075, 44.29759163127495], [-0.1011888909088583, 44.29758059036453], [-0.10116069529692859, 44.297571501050726], [-0.10113138960371695, 44.297564451844885], [-0.10110125920729462, 44.29755951139183], [-0.10107059751636907, 44.297556727801386], [-0.10103970311317576, 44.29755612817995], [-0.1010088768459896, 44.29755771836652], [-0.10097841889957289, 44.29756148287584], [-0.1009486258720989, 44.29756738504919], [-0.10091978788698033, 44.29757536741139], [-0.10089218576775008, 44.2975853522304], [-0.10088318451914362, 44.29758945321405], [-0.10085286568927944, 44.29758376858415], [-0.1008215256905967, 44.297580273400946], [-0.10078985419177998, 44.29757907255743], [-0.10076060470375121, 44.297580093587364], [-0.10261664511188621, 44.297804089845265], [-0.10260907440831066, 44.2978008737171]], [[-0.15087449999999994, 44.31477100000001], [-0.1491940000000006, 44.3146523], [-0.14913122276978644, 44.31429794446635], [-0.14892590518345108, 44.31429794446635], [-0.14892590518345108, 44.31438127779968], [-0.1487592385167844, 44.31438127779968], [-0.1487592385167844, 44.31446461113302], [-0.14867590518345108, 44.31446461113302], [-0.14867590518345108, 44.31471461113302], [-0.14859257185011776, 44.31471461113302], [-0.14859257185011776, 44.31479794446635], [-0.1485092385167844, 44.31479794446635], [-0.1485092385167844, 44.314881277799685], [-0.14834257185011773, 44.314881277799685], [-0.14834257185011773, 44.314964611133014], [-0.1482592385167844, 44.314964611133014], [-0.1482592385167844, 44.31529794446635], [-0.14817590518345108, 44.31529794446635], [-0.14817590518345108, 44.31538127779968], [-0.14809257185011776, 44.31538127779968], [-0.14809257185011776, 44.31546461113302], [-0.1480092385167844, 44.31546461113302], [-0.1480092385167844, 44.31563127779968], [-0.14784257185011773, 44.31563127779968], [-0.14784257185011773, 44.31571461113302], [-0.14767590518345108, 44.31571461113302], [-0.14767590518345108, 44.31579794446635], [-0.14742590518345108, 44.31579794446635], [-0.14742590518345108, 44.31588127779968], [-0.1470092385167844, 44.31588127779968], [-0.1470092385167844, 44.31579794446635], [-0.14642590518345108, 44.31579794446635], [-0.14642590518345108, 44.31588127779968], [-0.14634257185011776, 44.31588127779968], [-0.14634257185011776, 44.31604794446635], [-0.14617590518345108, 44.31604794446635], [-0.14617590518345108, 44.316131277799684], [-0.14609257185011776, 44.316131277799684], [-0.14609257185011776, 44.31663127779969], [-0.14667590518345108, 44.31663127779969], [-0.14667590518345108, 44.316714611133015], [-0.14692590518345108, 44.316714611133015], [-0.14692590518345108, 44.31679794446635], [-0.14759257185011776, 44.31679794446635], [-0.14759257185011776, 44.31688127779968], [-0.14792590518345108, 44.31688127779968], [-0.14792590518345108, 44.31704794446635], [-0.14809257185011776, 44.31704794446635], [-0.14809257185011776, 44.31696461113302], [-0.14834257185011773, 44.31696461113302], [-0.14834257185011773, 44.31704794446635], [-0.14867590518345108, 44.31704794446635], [-0.14867590518345108, 44.31713127779968], [-0.14884257185011773, 44.31713127779968], [-0.14884257185011773, 44.31721461113302], [-0.14942590518345109, 44.31721461113302], [-0.14942590518345109, 44.31729794446635], [-0.15009257185011773, 44.31729794446635], [-0.15009257185011773, 44.31746461113302], [-0.1504259051834511, 44.31746461113302], [-0.1504259051834511, 44.31754794446635], [-0.1514259051834511, 44.31754794446635], [-0.1514259051834511, 44.317631277799684], [-0.1517592385167844, 44.317631277799684], [-0.1517592385167844, 44.31754794446635], [-0.1519259051834511, 44.31754794446635], [-0.1519259051834511, 44.31746461113302], [-0.1521759051834511, 44.31746461113302], [-0.1521759051834511, 44.31738127779968], [-0.1522592385167844, 44.31738127779968], [-0.1522592385167844, 44.31729794446635], [-0.15234257185011774, 44.31729794446635], [-0.15234257185011774, 44.31721461113302], [-0.1524259051834511, 44.31721461113302], [-0.1524259051834511, 44.31713127779968], [-0.1525092385167844, 44.31713127779968], [-0.1525092385167844, 44.31704794446635], [-0.1526759051834511, 44.31704794446635], [-0.1526759051834511, 44.31688127779968], [-0.15284257185011774, 44.31688127779968], [-0.15284257185011774, 44.31679794446635], [-0.1529259051834511, 44.31679794446635], [-0.1529259051834511, 44.316714611133015], [-0.15309257185011774, 44.316714611133015], [-0.15309257185011774, 44.31663127779969], [-0.15334257185011774, 44.31663127779969], [-0.15334257185011774, 44.316464611133014], [-0.1537592385167844, 44.316464611133014], [-0.1537592385167844, 44.316381277799685], [-0.15359257185011774, 44.316381277799685], [-0.15359257185011774, 44.31621461113302], [-0.1535092385167844, 44.31621461113302], [-0.1535092385167844, 44.31604794446635], [-0.15309257185011774, 44.31604794446635], [-0.15309257185011774, 44.316131277799684], [-0.1529259051834511, 44.316131277799684], [-0.1529259051834511, 44.31621461113302], [-0.1526759051834511, 44.31621461113302], [-0.1526759051834511, 44.31629794446635], [-0.1524259051834511, 44.31629794446635], [-0.1524259051834511, 44.316381277799685], [-0.15184257185011774, 44.316381277799685], [-0.15184257185011774, 44.31629794446635], [-0.1517592385167844, 44.31629794446635], [-0.1517592385167844, 44.316131277799684], [-0.15159257185011774, 44.316131277799684], [-0.15159257185011774, 44.31596461113302], [-0.1515092385167844, 44.31596461113302], [-0.1515092385167844, 44.31579794446635], [-0.1514259051834511, 44.31579794446635], [-0.1514259051834511, 44.31563127779968], [-0.1512592385167844, 44.31563127779968], [-0.1512592385167844, 44.31504794446635], [-0.1511759051834511, 44.31504794446635], [-0.1511759051834511, 44.314964611133014], [-0.15109257185011774, 44.314964611133014], [-0.15109257185011774, 44.314854057758815], [-0.15094524389810038, 44.31479794446635], [-0.1509259051834511, 44.31479794446635], [-0.1509259051834511, 44.31479057886508], [-0.15087449999999994, 44.31477100000001]], [[-0.14557579827032557, 44.311757043596494], [-0.14554563848256324, 44.31176472427412], [-0.14551672733035304, 44.31177457409344], [-0.14548936649429683, 44.31178649027424], [-0.1454638414783339, 44.31180034847423], [-0.14544041863063883, 44.31181600408668], [-0.1454193423643607, 44.31183329374919], [-0.14538311263593648, 44.31186627157948], [-0.14485470000000059, 44.3116367], [-0.14485688514496053, 44.311631277799684], [-0.14492590518345108, 44.311631277799684], [-0.14492590518345108, 44.31154794446635], [-0.1450092385167844, 44.31154794446635], [-0.1450092385167844, 44.31146461113302], [-0.14517590518345108, 44.31146461113302], [-0.14517590518345108, 44.31138657557913], [-0.14543690000000076, 44.3114613], [-0.14564019999999983, 44.311287199999995], [-0.1452654000000001, 44.311195899999994], [-0.1453212000000008, 44.3110304], [-0.14481080000000018, 44.31081929999999], [-0.14379400000000084, 44.31168100000001], [-0.14317590518345108, 44.31179153134721], [-0.14317590518345108, 44.31171461113302], [-0.1432592385167844, 44.31171461113302], [-0.1432592385167844, 44.311631277799684], [-0.14334257185011776, 44.311631277799684], [-0.14334257185011776, 44.31171461113302], [-0.14359257185011776, 44.31171461113302], [-0.14359257185011776, 44.311631277799684], [-0.14384257185011776, 44.311631277799684], [-0.14384257185011776, 44.31154794446635], [-0.14392590518345108, 44.31154794446635], [-0.14392590518345108, 44.31138127779968], [-0.1440092385167844, 44.31138127779968], [-0.1440092385167844, 44.31129794446635], [-0.14409257185011776, 44.31129794446635], [-0.14409257185011776, 44.31121461113302], [-0.14417590518345108, 44.31121461113302], [-0.14417590518345108, 44.31104794446635], [-0.1442592385167844, 44.31104794446635], [-0.1442592385167844, 44.310964611133016], [-0.14434257185011776, 44.310964611133016], [-0.14434257185011776, 44.31088127779968], [-0.14442590518345108, 44.31088127779968], [-0.14442590518345108, 44.31079794446635], [-0.1445092385167844, 44.31079794446635], [-0.1445092385167844, 44.310464611133014], [-0.14409257185011776, 44.310464611133014], [-0.14409257185011776, 44.31054794446635], [-0.1440092385167844, 44.31054794446635], [-0.1440092385167844, 44.310714611133015], [-0.1437592385167844, 44.310714611133015], [-0.1437592385167844, 44.310631277799686], [-0.1435092385167844, 44.310631277799686], [-0.1435092385167844, 44.310464611133014], [-0.14334257185011776, 44.310464611133014], [-0.14334257185011776, 44.310381277799685], [-0.1430092385167844, 44.310381277799685], [-0.1430092385167844, 44.31029794446635], [-0.14259257185011776, 44.31029794446635], [-0.14259257185011776, 44.310631277799686], [-0.14217590518345108, 44.310631277799686], [-0.14217590518345108, 44.310714611133015], [-0.1422592385167844, 44.310714611133015], [-0.1422592385167844, 44.310964611133016], [-0.14217590518345108, 44.310964611133016], [-0.14217590518345108, 44.31113127779968], [-0.14234257185011776, 44.31113127779968], [-0.14234257185011776, 44.31146461113302], [-0.14242590518345108, 44.31146461113302], [-0.14242590518345108, 44.311631277799684], [-0.14259257185011776, 44.311631277799684], [-0.14259257185011776, 44.31171461113302], [-0.14267590518345108, 44.31171461113302], [-0.14267590518345108, 44.312214611133015], [-0.1427592385167844, 44.312214611133015], [-0.1427592385167844, 44.31246461113302], [-0.14292590518345108, 44.31246461113302], [-0.14292590518345108, 44.31254794446635], [-0.14284257185011776, 44.31254794446635], [-0.14284257185011776, 44.31263127779968], [-0.1427592385167844, 44.31263127779968], [-0.1427592385167844, 44.31279794446635], [-0.1432592385167844, 44.31279794446635], [-0.1432592385167844, 44.31271461113302], [-0.14342590518345108, 44.31271461113302], [-0.14342590518345108, 44.31263127779968], [-0.1435092385167844, 44.31263127779968], [-0.1435092385167844, 44.31246461113302], [-0.14359257185011776, 44.31246461113302], [-0.14359257185011776, 44.31238127779968], [-0.1437592385167844, 44.31238127779968], [-0.1437592385167844, 44.31229794446635], [-0.14384257185011776, 44.31229794446635], [-0.14384257185011776, 44.312214611133015], [-0.14409257185011776, 44.312214611133015], [-0.14409257185011776, 44.312131277799686], [-0.14417590518345108, 44.312131277799686], [-0.14417590518345108, 44.31212487303897], [-0.14442210000000097, 44.31211039999999], [-0.14480428284623295, 44.31220503285443], [-0.1446804182990324, 44.31223669986042], [-0.144652616434281, 44.31224490680402], [-0.14462603806023788, 44.31225498921224], [-0.14460092789091394, 44.31226685425389], [-0.14457751712259936, 44.31228039268459], [-0.14455602130520098, 44.31229547985265], [-0.1445366383576426, 44.3123119768466], [-0.1445195467455562, 44.31232973177428], [-0.14450490383808853, 44.312348581161274], [-0.1444928444588965, 44.31236835145605], [-0.14448347964473848, 44.31238886062783], [-0.14447689562303842, 44.31240991984262], [-0.14447580309729163, 44.31241617132714], [-0.14433207674783394, 44.31247943131595], [-0.14430665998250325, 44.31249189140646], [-0.14428306863415533, 44.312506082040905], [-0.14426153038756473, 44.31252186626341], [-0.14401473027082196, 44.31272146575677], [-0.14399506296598535, 44.312739077815735], [-0.1439779533404697, 44.31275801660216], [-0.14396357372666724, 44.31277809136257], [-0.14395206896046597, 44.31279909990173], [-0.14394355492237562, 44.31282083061901], [-0.14393811737023715, 44.312843064639715], [-0.14393581107534983, 44.312865578019576], [-0.1439366592706618, 44.31288814400032], [-0.1439391349404517, 44.31291112861725], [-0.14391946420060533, 44.312919238156844], [-0.14389532885120804, 44.3129314954457], [-0.14387291012440614, 44.31294533163788], [-0.1438524076596616, 44.31296062352234], [-0.14383400403258112, 44.312977234925086], [-0.14381786312907008, 44.31299501792169], [-0.14380412868589784, 44.31301381415458], [-0.1437929230106693, 44.31303345624318], [-0.14378434589262323, 44.313053769274376], [-0.14377847371391858, 44.313074572360144], [-0.14377675974277948, 44.313082565371786], [-0.14373329005684984, 44.313105550726455], [-0.14357663444088667, 44.3130926363944], [-0.14354499025393988, 44.31309118744515], [-0.14351330416459612, 44.313092042655605], [-0.14348190078457665, 44.31309519326433], [-0.14339094195042118, 44.313107716826416], [-0.1436675000000004, 44.31314090000001], [-0.1432545907168154, 44.3136177197005], [-0.14337330617492045, 44.31356820498219], [-0.1435528049788471, 44.313543490923735], [-0.14378416628205357, 44.313562563693665], [-0.14381342255291388, 44.31356398366059], [-0.14384273557485264, 44.313563433381674], [-0.1438718485292928, 44.313560917677975], [-0.1439005063505417, 44.31355645859012], [-0.14392845796055564, 44.31355009518519], [-0.14395545846876395, 44.31354188321442], [-0.14398127131767824, 44.313531894624795], [-0.14400567035548453, 44.3135202169286], [-0.14425247074427727, 44.31338971653949], [-0.14427623907531323, 44.313375810686274], [-0.14429800035764764, 44.313360303232905], [-0.1443175461546668, 44.31334334271589], [-0.14433468925103668, 44.313325091589626], [-0.14434926544588567, 44.313305724670336], [-0.1443610002565456, 44.31328565808826], [-0.14438744425909023, 44.31327907201868], [-0.14441513598290037, 44.31326992379666], [-0.14444145832867622, 44.313258886545036], [-0.14446616208364102, 44.313246064761735], [-0.1444890133598584, 44.31323157984016], [-0.14450979580865903, 44.31321556891978], [-0.144528312668969, 44.31319818358776], [-0.14454438863017044, 44.313179588443674], [-0.14455787149186694, 44.31315995954115], [-0.1445686336047983, 44.313139482720956], [-0.1445765730793232, 44.31311835185154], [-0.14458161474997133, 44.31309676699348], [-0.14458371088699185, 44.31307493250539], [-0.14458284164811713, 44.313053055109016], [-0.1445716001391629, 44.312948697366636], [-0.1446991857835181, 44.31284551179054], [-0.14493852490861125, 44.31274016808962], [-0.14496297215787807, 44.31272823296048], [-0.14498574363568767, 44.312714696335384], [-0.14500663655129165, 44.312699678764986], [-0.14502546484392725, 44.31268331398848], [-0.14504206083978252, 44.312665747742486], [-0.14505627674518123, 44.312647136463234], [-0.1450679859627287, 44.31262764589332], [-0.14507435035735972, 44.312613518226364], [-0.14519098339746833, 44.31258369980639], [-0.14521911815741095, 44.31257538063309], [-0.14524599617319156, 44.3125651409481], [-0.14527136388546788, 44.31255307734974], [-0.14528698651817284, 44.312543966474706], [-0.14531619357237857, 44.312550720213274], [-0.14534722797617153, 44.31255547488989], [-0.14537877308626573, 44.312557950896164], [-0.14541050522155474, 44.31255812282593], [-0.1454420987817942, 44.312555988914916], [-0.1454732295886619, 44.312551571058904], [-0.1455035782122377, 44.312544914588926], [-0.14553283324874458, 44.31253608780625], [-0.14556069451592457, 44.31252518128145], [-0.14558687613325472, 44.312512306925086], [-0.14572636946925452, 44.31243598315355], [-0.14572470000000118, 44.312427299999996], [-0.1455991810312609, 44.31175295914084], [-0.14557579827032557, 44.311757043596494]], [[-0.14825509999999933, 44.3107697], [-0.14835250000000016, 44.31031899999999], [-0.14833150000000023, 44.31011139999999], [-0.14830831573789544, 44.31002127578111], [-0.148270849841049, 44.31005256999545], [-0.14825251068162368, 44.31006945119689], [-0.14823648981805204, 44.31008750789879], [-0.1482229323976901, 44.3101065765117], [-0.14818527408775656, 44.31016641613316], [-0.14792590518345108, 44.310087442623576], [-0.14792590518345108, 44.31004794446635], [-0.14784257185011773, 44.31004794446635], [-0.14784257185011773, 44.30996461113302], [-0.1480092385167844, 44.30996461113302], [-0.1480092385167844, 44.30971461113302], [-0.14792590518345108, 44.30971461113302], [-0.14792590518345108, 44.30963127779968], [-0.1475092385167844, 44.30963127779968], [-0.1475092385167844, 44.30954794446635], [-0.14759257185011776, 44.30954794446635], [-0.14759257185011776, 44.30929794446635], [-0.1475419641714266, 44.30929794446635], [-0.14760230000000085, 44.30914159999998], [-0.1474480049130334, 44.309131277799686], [-0.1475092385167844, 44.309131277799686], [-0.1475092385167844, 44.30904794446635], [-0.14762792130927213, 44.30904794446635], [-0.1476286430434963, 44.30905007587562], [-0.14763888754670026, 44.30907104713276], [-0.14765196414961046, 44.3090911901119], [-0.14766774520028864, 44.30911030817563], [-0.14768607664533143, 44.309128214691754], [-0.14770677953367944, 44.309144734855025], [-0.14772965176349484, 44.30915970739389], [-0.1477544700550797, 44.30917298614463], [-0.1477809921305323, 44.309184441478415], [-0.14784723736420588, 44.30920994239629], [-0.1479103883034843, 44.30928227495867], [-0.1479277241946237, 44.30930014622175], [-0.14794738586829656, 44.309316729833036], [-0.14796918899252468, 44.30933187031631], [-0.14799292915812962, 44.30934542572499], [-0.14801838379510293, 44.30935726897293], [-0.14804531425928497, 44.309367289025914], [-0.1480734680697423, 44.309375391942694], [-0.1481025812759047, 44.30938150175577], [-0.14814564758128917, 44.309388935597745], [-0.14814249999999954, 44.3093767], [-0.1476921692997296, 44.30841100079912], [-0.14768841886115205, 44.30842045862969], [-0.14768304423102097, 44.308441292185634], [-0.1476627109096481, 44.30854794446635], [-0.14759257185011776, 44.30854794446635], [-0.14759257185011776, 44.30846461113302], [-0.14717590518345108, 44.30846461113302], [-0.14717590518345108, 44.30854794446635], [-0.14634257185011776, 44.30854794446635], [-0.14634257185011776, 44.30846461113302], [-0.1460998826042153, 44.30846461113302], [-0.1460677000000009, 44.308420399999996], [-0.14584257185011776, 44.30839321153488], [-0.14584257185011776, 44.30829794446635], [-0.1457592385167844, 44.30829794446635], [-0.1457592385167844, 44.30822775425858], [-0.14559257185011776, 44.30821321348718], [-0.14559257185011776, 44.30821461113302], [-0.1455092385167844, 44.30821461113302], [-0.1455092385167844, 44.30829794446635], [-0.14559257185011776, 44.30829794446635], [-0.14559257185011776, 44.30836301932532], [-0.14547979999999958, 44.3083494], [-0.14492590518345108, 44.308551688734504], [-0.14492590518345108, 44.30854794446635], [-0.14459257185011776, 44.30854794446635], [-0.14459257185011776, 44.30846461113302], [-0.1445092385167844, 44.30846461113302], [-0.1445092385167844, 44.30838127779968], [-0.14434257185011776, 44.30838127779968], [-0.14434257185011776, 44.30829794446635], [-0.1442592385167844, 44.30829794446635], [-0.1442592385167844, 44.30821461113302], [-0.14384257185011776, 44.30821461113302], [-0.14384257185011776, 44.308060535387504], [-0.14369825441325448, 44.30804794446635], [-0.14359257185011776, 44.30804794446635], [-0.14359257185011776, 44.30803872423041], [-0.14259257185011776, 44.30795147960202], [-0.14259257185011776, 44.307964611133016], [-0.14242590518345108, 44.307964611133016], [-0.14242590518345108, 44.30804794446635], [-0.14234257185011776, 44.30804794446635], [-0.14234257185011776, 44.30821461113302], [-0.1422592385167844, 44.30821461113302], [-0.1422592385167844, 44.30829794446635], [-0.14217590518345108, 44.30829794446635], [-0.14217590518345108, 44.30838127779968], [-0.14209257185011775, 44.30838127779968], [-0.14209257185011775, 44.30854794446635], [-0.1420092385167844, 44.30854794446635], [-0.1420092385167844, 44.308631277799684], [-0.14192590518345108, 44.308631277799684], [-0.14192590518345108, 44.30871461113302], [-0.14184257185011775, 44.30871461113302], [-0.14184257185011775, 44.308881277799685], [-0.14192590518345108, 44.308881277799685], [-0.14192590518345108, 44.308964611133014], [-0.14217590518345108, 44.308964611133014], [-0.14217590518345108, 44.30904794446635], [-0.14259257185011776, 44.30904794446635], [-0.14259257185011776, 44.309131277799686], [-0.14292590518345108, 44.309131277799686], [-0.14292590518345108, 44.309214611133015], [-0.14334257185011776, 44.309214611133015], [-0.14334257185011776, 44.30929794446635], [-0.14342590518345108, 44.30929794446635], [-0.14342590518345108, 44.309464611133016], [-0.1440092385167844, 44.309464611133016], [-0.1440092385167844, 44.30938127779968], [-0.14459257185011776, 44.30938127779968], [-0.14459257185011776, 44.309214611133015], [-0.14467590518345108, 44.309214611133015], [-0.14467590518345108, 44.30904794446635], [-0.14484257185011776, 44.30904794446635], [-0.14484257185011776, 44.308964611133014], [-0.14492590518345108, 44.308964611133014], [-0.14492590518345108, 44.30904794446635], [-0.14517590518345108, 44.30904794446635], [-0.14517590518345108, 44.30929794446635], [-0.14492590518345108, 44.30929794446635], [-0.14492590518345108, 44.30938127779968], [-0.1447592385167844, 44.30938127779968], [-0.1447592385167844, 44.30954794446635], [-0.14467590518345108, 44.30954794446635], [-0.14467590518345108, 44.30971461113302], [-0.14459257185011776, 44.30971461113302], [-0.14459257185011776, 44.30979794446635], [-0.1445092385167844, 44.30979794446635], [-0.1445092385167844, 44.310131277799684], [-0.14459257185011776, 44.310131277799684], [-0.14459257185011776, 44.31029794446635], [-0.1447592385167844, 44.31029794446635], [-0.1447592385167844, 44.310381277799685], [-0.14509257185011776, 44.310381277799685], [-0.14509257185011776, 44.31029794446635], [-0.1452592385167844, 44.31029794446635], [-0.1452592385167844, 44.31021461113302], [-0.14534257185011776, 44.31021461113302], [-0.14534257185011776, 44.310131277799684], [-0.1455092385167844, 44.310131277799684], [-0.1455092385167844, 44.31004794446635], [-0.14567590518345108, 44.31004794446635], [-0.14567590518345108, 44.31029794446635], [-0.1457592385167844, 44.31029794446635], [-0.1457592385167844, 44.310381277799685], [-0.14567590518345108, 44.310381277799685], [-0.14567590518345108, 44.310464611133014], [-0.14559257185011776, 44.310464611133014], [-0.14559257185011776, 44.31054794446635], [-0.14542590518345108, 44.31054794446635], [-0.14542590518345108, 44.310631277799686], [-0.14534257185011776, 44.310631277799686], [-0.14534257185011776, 44.310714611133015], [-0.1460092385167844, 44.310714611133015], [-0.1460092385167844, 44.31079794446635], [-0.14609257185011776, 44.31079794446635], [-0.14609257185011776, 44.31088127779968], [-0.1462592385167844, 44.31088127779968], [-0.1462592385167844, 44.310964611133016], [-0.14634257185011776, 44.310964611133016], [-0.14634257185011776, 44.31104794446635], [-0.1464131991007916, 44.31104794446635], [-0.1465021, 44.3109995], [-0.14744900000000147, 44.31122319999998], [-0.14825509999999933, 44.3107697]], [[-0.152027991580436, 44.30347880246131], [-0.15200883178872635, 44.303496146120054], [-0.15199213895953564, 44.30351475833271], [-0.1519780747981324, 44.30353445880329], [-0.15196677554638924, 44.30355505669377], [-0.15195835066293129, 44.303576352472575], [-0.15189992206650402, 44.30375753273498], [-0.1518375750162416, 44.303864562009096], [-0.15165360083352197, 44.30395787061561], [-0.15164947049687721, 44.30396000174702], [-0.15135359747552865, 44.30411529356492], [-0.15107380165806295, 44.304206669262946], [-0.15174750000000048, 44.3042925], [-0.15205654984856976, 44.303458562273576], [-0.1520494327324913, 44.30346289536384], [-0.152027991580436, 44.30347880246131]], [[-0.15134257185011774, 44.30329794446635], [-0.15134257185011774, 44.30338127779968], [-0.1516759051834511, 44.30338127779968], [-0.1516759051834511, 44.30331161557006], [-0.1514259051834511, 44.30321903431711], [-0.1514259051834511, 44.30329794446635], [-0.15134257185011774, 44.30329794446635]], [[-0.1542592385167844, 44.31579794446635], [-0.1542592385167844, 44.31571461113302], [-0.1541759051834511, 44.31571461113302], [-0.1541759051834511, 44.31546461113302], [-0.1539259051834511, 44.31546461113302], [-0.1539259051834511, 44.31538127779968], [-0.1536759051834511, 44.31538127779968], [-0.1536759051834511, 44.31529794446635], [-0.1534259051834511, 44.31529794446635], [-0.1534259051834511, 44.315131277799686], [-0.1530767513407455, 44.315131277799686], [-0.1530092385167844, 44.3151793151935], [-0.1530092385167844, 44.31554794446635], [-0.1531759051834511, 44.31554794446635], [-0.1531759051834511, 44.31563127779968], [-0.1532592385167844, 44.31563127779968], [-0.1532592385167844, 44.31571461113302], [-0.1535092385167844, 44.31571461113302], [-0.1535092385167844, 44.31579794446635], [-0.1540092385167844, 44.31579794446635], [-0.1540092385167844, 44.31588127779968], [-0.1542592385167844, 44.31588127779968], [-0.1542592385167844, 44.31604794446635], [-0.15434257185011774, 44.31604794446635], [-0.15434257185011774, 44.316131277799684], [-0.15441292179718577, 44.316131277799684], [-0.15463300000000071, 44.315963], [-0.1545436150642918, 44.31579794446635], [-0.1542592385167844, 44.31579794446635]], [[-0.15409257185011774, 44.315131277799686], [-0.1540092385167844, 44.315131277799686], [-0.1540092385167844, 44.315214611133015], [-0.15422771403788257, 44.315214611133015], [-0.15409257185011774, 44.314965061634055], [-0.15409257185011774, 44.315131277799686]], [[-0.1539259051834511, 44.314657299980574], [-0.1539259051834511, 44.31479794446635], [-0.1540020704475897, 44.31479794446635], [-0.1539259051834511, 44.314657299980574]], [[-0.14634257185011776, 44.30071461113302], [-0.14634257185011776, 44.30063127779968], [-0.14592590518345108, 44.30063127779968], [-0.14592590518345108, 44.30071461113302], [-0.1457592385167844, 44.30071461113302], [-0.1457592385167844, 44.30029794446635], [-0.14509257185011776, 44.30029794446635], [-0.14509257185011776, 44.30038127779968], [-0.1450092385167844, 44.30038127779968], [-0.1450092385167844, 44.300464611133016], [-0.14492590518345108, 44.300464611133016], [-0.14492590518345108, 44.30054794446635], [-0.14484257185011776, 44.30054794446635], [-0.14484257185011776, 44.30063127779968], [-0.14467590518345108, 44.30063127779968], [-0.14467590518345108, 44.30071461113302], [-0.14459257185011776, 44.30071461113302], [-0.14459257185011776, 44.30079794446635], [-0.1445092385167844, 44.30079794446635], [-0.1445092385167844, 44.30088127779968], [-0.14442590518345108, 44.30088127779968], [-0.14442590518345108, 44.30113127779968], [-0.1442592385167844, 44.30113127779968], [-0.1442592385167844, 44.30121461113302], [-0.14417590518345108, 44.30121461113302], [-0.14417590518345108, 44.30129794446635], [-0.14392590518345108, 44.30129794446635], [-0.14392590518345108, 44.301381277799685], [-0.14384257185011776, 44.301381277799685], [-0.14384257185011776, 44.30154794446635], [-0.1437592385167844, 44.30154794446635], [-0.1437592385167844, 44.301631277799686], [-0.14392590518345108, 44.301631277799686], [-0.14392590518345108, 44.30179794446635], [-0.1440092385167844, 44.30179794446635], [-0.1440092385167844, 44.30188127779968], [-0.14417590518345108, 44.30188127779968], [-0.14417590518345108, 44.301895171809164], [-0.1447592385167844, 44.30193754258688], [-0.1447592385167844, 44.30188127779968], [-0.14484257185011776, 44.30188127779968], [-0.14484257185011776, 44.30179794446635], [-0.14492590518345108, 44.30179794446635], [-0.14492590518345108, 44.301714611133015], [-0.1450092385167844, 44.301714611133015], [-0.1450092385167844, 44.301631277799686], [-0.14517590518345108, 44.301631277799686], [-0.14517590518345108, 44.30238127779968], [-0.1452592385167844, 44.30238127779968], [-0.1452592385167844, 44.30246461113302], [-0.14559257185011776, 44.30246461113302], [-0.14559257185011776, 44.30238127779968], [-0.1457592385167844, 44.30238127779968], [-0.1457592385167844, 44.30213127779968], [-0.14584257185011776, 44.30213127779968], [-0.14584257185011776, 44.30204794446635], [-0.14592590518345108, 44.30204794446635], [-0.14592590518345108, 44.301964611133016], [-0.1460092385167844, 44.301964611133016], [-0.1460092385167844, 44.30188127779968], [-0.14609257185011776, 44.30188127779968], [-0.14609257185011776, 44.30179794446635], [-0.14617590518345108, 44.30179794446635], [-0.14617590518345108, 44.30188127779968], [-0.1462592385167844, 44.30188127779968], [-0.1462592385167844, 44.301714611133015], [-0.14642590518345108, 44.301714611133015], [-0.14642590518345108, 44.301631277799686], [-0.1465092385167844, 44.301631277799686], [-0.1465092385167844, 44.30154794446635], [-0.14659257185011776, 44.30154794446635], [-0.14659257185011776, 44.30129794446635], [-0.14667590518345108, 44.30129794446635], [-0.14667590518345108, 44.30121461113302], [-0.14675257056758614, 44.30121461113302], [-0.1467592385167844, 44.30119145994273], [-0.1467592385167844, 44.30113127779968], [-0.14677657203041222, 44.30113127779968], [-0.14684160000000096, 44.300905500000006], [-0.14684257185011776, 44.30090554746848], [-0.14684257185011776, 44.30079794446635], [-0.1465092385167844, 44.30079794446635], [-0.1465092385167844, 44.30071461113302], [-0.14634257185011776, 44.30071461113302]], [[-0.1430092385167844, 44.304714611133015], [-0.14317590518345108, 44.304714611133015], [-0.14317590518345108, 44.30479794446635], [-0.1432592385167844, 44.30479794446635], [-0.1432592385167844, 44.30488127779968], [-0.14342590518345108, 44.30488127779968], [-0.14342590518345108, 44.30479794446635], [-0.1435092385167844, 44.30479794446635], [-0.1435092385167844, 44.304631277799686], [-0.14359257185011776, 44.304631277799686], [-0.14359257185011776, 44.30454794446635], [-0.1437592385167844, 44.30454794446635], [-0.1437592385167844, 44.304464611133014], [-0.14384257185011776, 44.304464611133014], [-0.14384257185011776, 44.304381277799685], [-0.1440092385167844, 44.304381277799685], [-0.1440092385167844, 44.30421461113302], [-0.14409257185011776, 44.30421461113302], [-0.14409257185011776, 44.30396461113302], [-0.14417590518345108, 44.30396461113302], [-0.14417590518345108, 44.30388127779968], [-0.1442592385167844, 44.30388127779968], [-0.1442592385167844, 44.30379794446635], [-0.14434257185011776, 44.30379794446635], [-0.14434257185011776, 44.30338127779968], [-0.14442590518345108, 44.30338127779968], [-0.14442590518345108, 44.30329794446635], [-0.1445092385167844, 44.30329794446635], [-0.1445092385167844, 44.303131277799686], [-0.14442590518345108, 44.303131277799686], [-0.14442590518345108, 44.30304794446635], [-0.1445092385167844, 44.30304794446635], [-0.1445092385167844, 44.302964611133014], [-0.14417590518345108, 44.302964611133014], [-0.14417590518345108, 44.30304794446635], [-0.14409257185011776, 44.30304794446635], [-0.14409257185011776, 44.30329794446635], [-0.14392590518345108, 44.30329794446635], [-0.14392590518345108, 44.30338127779968], [-0.14384257185011776, 44.30338127779968], [-0.14384257185011776, 44.30363127779968], [-0.1437592385167844, 44.30363127779968], [-0.1437592385167844, 44.30371461113302], [-0.14367590518345108, 44.30371461113302], [-0.14367590518345108, 44.30388127779968], [-0.1435092385167844, 44.30388127779968], [-0.1435092385167844, 44.30396461113302], [-0.14342590518345108, 44.30396461113302], [-0.14342590518345108, 44.30404794446635], [-0.14334257185011776, 44.30404794446635], [-0.14334257185011776, 44.304131277799684], [-0.1432592385167844, 44.304131277799684], [-0.1432592385167844, 44.304381277799685], [-0.1430092385167844, 44.304381277799685], [-0.1430092385167844, 44.304220698213754], [-0.14290035016906305, 44.304381277799685], [-0.14292590518345108, 44.304381277799685], [-0.14292590518345108, 44.304464611133014], [-0.1430092385167844, 44.304464611133014], [-0.1430092385167844, 44.304714611133015]], [[-0.1462592385167844, 44.29979794446635], [-0.1462592385167844, 44.29946461113302], [-0.1460092385167844, 44.29946461113302], [-0.1460092385167844, 44.29938127779968], [-0.14584257185011776, 44.29938127779968], [-0.14584257185011776, 44.29946461113302], [-0.1457592385167844, 44.29946461113302], [-0.1457592385167844, 44.29954794446635], [-0.14567590518345108, 44.29954794446635], [-0.14567590518345108, 44.29963127779968], [-0.1457592385167844, 44.29963127779968], [-0.1457592385167844, 44.299881277799685], [-0.14592590518345108, 44.299881277799685], [-0.14592590518345108, 44.299964611133014], [-0.1460092385167844, 44.299964611133014], [-0.1460092385167844, 44.300131277799686], [-0.14609257185011776, 44.300131277799686], [-0.14609257185011776, 44.300214611133015], [-0.1462592385167844, 44.300214611133015], [-0.1462592385167844, 44.30029794446635], [-0.14634257185011776, 44.30029794446635], [-0.14634257185011776, 44.300464611133016], [-0.14659257185011776, 44.300464611133016], [-0.14659257185011776, 44.30038127779968], [-0.14684257185011776, 44.30038127779968], [-0.14684257185011776, 44.30029794446635], [-0.14692590518345108, 44.30029794446635], [-0.14692590518345108, 44.300214611133015], [-0.1470092385167844, 44.300214611133015], [-0.1470092385167844, 44.30038127779968], [-0.14709257185011776, 44.30038127779968], [-0.14709257185011776, 44.300464611133016], [-0.14759257185011776, 44.300464611133016], [-0.14759257185011776, 44.30054794446635], [-0.1477592385167844, 44.30054794446635], [-0.1477592385167844, 44.30063127779968], [-0.14834257185011773, 44.30063127779968], [-0.14834257185011773, 44.30054794446635], [-0.1485092385167844, 44.30054794446635], [-0.1485092385167844, 44.300464611133016], [-0.14859257185011776, 44.300464611133016], [-0.14859257185011776, 44.300214611133015], [-0.1485092385167844, 44.300214611133015], [-0.1485092385167844, 44.300131277799686], [-0.14842590518345108, 44.300131277799686], [-0.14842590518345108, 44.299964611133014], [-0.14817590518345108, 44.299964611133014], [-0.14817590518345108, 44.29979794446635], [-0.1480092385167844, 44.29979794446635], [-0.1480092385167844, 44.29971461113302], [-0.14792590518345108, 44.29971461113302], [-0.14792590518345108, 44.29963127779968], [-0.1477592385167844, 44.29963127779968], [-0.1477592385167844, 44.29954794446635], [-0.1475092385167844, 44.29954794446635], [-0.1475092385167844, 44.29946461113302], [-0.1472592385167844, 44.29946461113302], [-0.1472592385167844, 44.29921461113302], [-0.14717598639636553, 44.29921461113302], [-0.14689919999999995, 44.299571500000006], [-0.1465092385167844, 44.29948738195666], [-0.1465092385167844, 44.29971461113302], [-0.14642590518345108, 44.29971461113302], [-0.14642590518345108, 44.29979794446635], [-0.1462592385167844, 44.29979794446635]], [[-0.1367961478125933, 44.29929794446635], [-0.13692590518345107, 44.29929794446635], [-0.13692590518345107, 44.29938127779968], [-0.13700923851678443, 44.29938127779968], [-0.13700923851678443, 44.29954794446635], [-0.13684257185011775, 44.29954794446635], [-0.13684257185011775, 44.29963127779968], [-0.13667590518345107, 44.29963127779968], [-0.13667590518345107, 44.29971461113302], [-0.13659257185011775, 44.29971461113302], [-0.13659257185011775, 44.29976839013331], [-0.13709257185011775, 44.299944352584], [-0.13709257185011775, 44.29963127779968], [-0.13717590518345107, 44.29963127779968], [-0.13717590518345107, 44.29954794446635], [-0.13734257185011775, 44.29954794446635], [-0.13734257185011775, 44.29946461113302], [-0.13759257185011775, 44.29946461113302], [-0.13759257185011775, 44.29938127779968], [-0.1377592385167844, 44.29938127779968], [-0.1377592385167844, 44.29946461113302], [-0.13784257185011775, 44.29946461113302], [-0.13784257185011775, 44.29954794446635], [-0.13809257185011775, 44.29954794446635], [-0.13809257185011775, 44.29946461113302], [-0.1382592385167844, 44.29946461113302], [-0.1382592385167844, 44.29938127779968], [-0.13834257185011775, 44.29938127779968], [-0.13834257185011775, 44.29929794446635], [-0.13850923851678443, 44.29929794446635], [-0.13850923851678443, 44.29963127779968], [-0.13842590518345108, 44.29963127779968], [-0.13842590518345108, 44.29971461113302], [-0.13834257185011775, 44.29971461113302], [-0.13834257185011775, 44.299964611133014], [-0.13817590518345108, 44.299964611133014], [-0.13817590518345108, 44.30004794446635], [-0.13809257185011775, 44.30004794446635], [-0.13809257185011775, 44.300214611133015], [-0.1382592385167844, 44.300214611133015], [-0.1382592385167844, 44.30029794446635], [-0.13842590518345108, 44.30029794446635], [-0.13842590518345108, 44.300214611133015], [-0.13867590518345108, 44.300214611133015], [-0.13867590518345108, 44.300131277799686], [-0.13884257185011775, 44.300131277799686], [-0.13884257185011775, 44.30004794446635], [-0.13892590518345108, 44.30004794446635], [-0.13892590518345108, 44.299964611133014], [-0.13917590518345108, 44.299964611133014], [-0.13917590518345108, 44.299881277799685], [-0.13934257185011775, 44.299881277799685], [-0.13934257185011775, 44.29979794446635], [-0.13942590518345108, 44.29979794446635], [-0.13942590518345108, 44.29971461113302], [-0.13950923851678443, 44.29971461113302], [-0.13950923851678443, 44.29938127779968], [-0.13942590518345108, 44.29938127779968], [-0.13942590518345108, 44.29929794446635], [-0.1392592385167844, 44.29929794446635], [-0.1392592385167844, 44.29921461113302], [-0.13917590518345108, 44.29921461113302], [-0.13917590518345108, 44.29904794446635], [-0.13900923851678443, 44.29904794446635], [-0.13900923851678443, 44.29888127779968], [-0.13892590518345108, 44.29888127779968], [-0.13892590518345108, 44.29879794446635], [-0.1387592385167844, 44.29879794446635], [-0.1387592385167844, 44.298714611133015], [-0.13867590518345108, 44.298714611133015], [-0.13867590518345108, 44.298631277799686], [-0.13859257185011775, 44.298631277799686], [-0.13859257185011775, 44.29853429247695], [-0.1394941226414151, 44.298613631299276], [-0.14062454207386227, 44.29872099079593], [-0.14065345023973835, 44.29872276263203], [-0.1406824626688242, 44.298722605691985], [-0.14221720780334077, 44.298663164917556], [-0.14319608863853284, 44.298867494317385], [-0.14321577883908407, 44.298871111120114], [-0.14389168119702825, 44.29897861158081], [-0.14391954903639273, 44.29898210404687], [-0.14394774199032137, 44.298983776388724], [-0.1439760300537244, 44.29898361496293], [-0.1440041824455482, 44.298981621086355], [-0.14437428383135498, 44.29894322097845], [-0.14440312949755166, 44.298939228331655], [-0.1444313274017584, 44.298933312295624], [-0.14445862947044616, 44.29892552491719], [-0.14448479551151505, 44.29891593470642], [-0.14450959532747482, 44.29890462603399], [-0.14453281074065827, 44.298891698388836], [-0.14468946176406547, 44.29879568903578], [-0.1449207260543994, 44.29871618645668], [-0.1449474783075425, 44.29870581488162], [-0.14497270437509946, 44.29869362941264], [-0.14498316031368252, 44.29868744175743], [-0.1440848000000004, 44.298885299999995], [-0.13778300000000002, 44.29802829999999], [-0.1367961478125933, 44.29929794446635]], [[-0.13738692977121109, 44.30004794446635], [-0.13742590518345107, 44.30006166088446], [-0.13742590518345107, 44.30004794446635], [-0.13738692977121109, 44.30004794446635]], [[-0.1392592385167844, 44.30063127779968], [-0.1392592385167844, 44.30054794446635], [-0.13917590518345108, 44.30054794446635], [-0.13917590518345108, 44.30063127779968], [-0.1392592385167844, 44.30063127779968]], [[-0.13909257185011775, 44.30063127779968], [-0.13909257185011775, 44.30071461113302], [-0.13917590518345108, 44.30071461113302], [-0.13917590518345108, 44.30063127779968], [-0.13909257185011775, 44.30063127779968]], [[-0.1457592385167844, 44.29913127779968], [-0.14592590518345108, 44.29913127779968], [-0.14592590518345108, 44.29904794446635], [-0.1460092385167844, 44.29904794446635], [-0.1460092385167844, 44.298964611133016], [-0.14609257185011776, 44.298964611133016], [-0.14609257185011776, 44.29879794446635], [-0.1457592385167844, 44.29879794446635], [-0.1457592385167844, 44.29888127779968], [-0.1455092385167844, 44.29888127779968], [-0.1455092385167844, 44.298964611133016], [-0.14542590518345108, 44.298964611133016], [-0.14542590518345108, 44.29904794446635], [-0.1452592385167844, 44.29904794446635], [-0.1452592385167844, 44.29921461113302], [-0.14517590518345108, 44.29921461113302], [-0.14517590518345108, 44.29929794446635], [-0.14509257185011776, 44.29929794446635], [-0.14509257185011776, 44.29938127779968], [-0.1450092385167844, 44.29938127779968], [-0.1450092385167844, 44.29946461113302], [-0.14492590518345108, 44.29946461113302], [-0.14492590518345108, 44.29954794446635], [-0.1450092385167844, 44.29954794446635], [-0.1450092385167844, 44.29963127779968], [-0.14534257185011776, 44.29963127779968], [-0.14534257185011776, 44.29954794446635], [-0.1455092385167844, 44.29954794446635], [-0.1455092385167844, 44.29938127779968], [-0.14559257185011776, 44.29938127779968], [-0.14559257185011776, 44.29929794446635], [-0.14567590518345108, 44.29929794446635], [-0.14567590518345108, 44.29921461113302], [-0.1457592385167844, 44.29921461113302], [-0.1457592385167844, 44.29913127779968]], [[-0.15084257185011773, 44.30379794446635], [-0.15109257185011774, 44.30379794446635], [-0.15109257185011774, 44.30388127779968], [-0.1511759051834511, 44.30388127779968], [-0.1511759051834511, 44.30371461113302], [-0.1512592385167844, 44.30371461113302], [-0.1512592385167844, 44.30354794446635], [-0.15109257185011774, 44.30354794446635], [-0.15109257185011774, 44.30363127779968], [-0.1509259051834511, 44.30363127779968], [-0.1509259051834511, 44.30371461113302], [-0.15084257185011773, 44.30371461113302], [-0.15084257185011773, 44.30379794446635]], [[-0.12900923851678442, 44.30654794446635], [-0.1289259051834511, 44.30654794446635], [-0.1289259051834511, 44.30671461113302], [-0.12884257185011774, 44.30671461113302], [-0.12884257185011774, 44.30704794446635], [-0.12934257185011774, 44.30704794446635], [-0.12934257185011774, 44.307131277799684], [-0.12959257185011774, 44.307131277799684], [-0.12959257185011774, 44.306797944466354], [-0.12950923851678442, 44.306797944466354], [-0.12950923851678442, 44.30671461113302], [-0.1294259051834511, 44.30671461113302], [-0.1294259051834511, 44.30654794446635], [-0.12925923851678442, 44.30654794446635], [-0.12925923851678442, 44.306464611133016], [-0.12900923851678442, 44.306464611133016], [-0.12900923851678442, 44.30654794446635]], [[-0.1407592385167844, 44.31171461113302], [-0.14092590518345108, 44.31171461113302], [-0.14092590518345108, 44.31154794446635], [-0.1407592385167844, 44.31154794446635], [-0.1407592385167844, 44.311631277799684], [-0.14067590518345108, 44.311631277799684], [-0.14067590518345108, 44.31179794446635], [-0.1407592385167844, 44.31179794446635], [-0.1407592385167844, 44.31171461113302]], [[-0.14142590518345108, 44.31121461113302], [-0.14134257185011775, 44.31121461113302], [-0.14134257185011775, 44.31129794446635], [-0.14142590518345108, 44.31129794446635], [-0.14142590518345108, 44.31146461113302], [-0.14159257185011775, 44.31146461113302], [-0.14159257185011775, 44.31154794446635], [-0.14192590518345108, 44.31154794446635], [-0.14192590518345108, 44.31129794446635], [-0.14184257185011775, 44.31129794446635], [-0.14184257185011775, 44.31121461113302], [-0.14167590518345108, 44.31121461113302], [-0.14167590518345108, 44.31104794446635], [-0.1415092385167844, 44.31104794446635], [-0.1415092385167844, 44.31113127779968], [-0.14142590518345108, 44.31113127779968], [-0.14142590518345108, 44.31121461113302]], [[-0.14167590518345108, 44.312131277799686], [-0.1417592385167844, 44.312131277799686], [-0.1417592385167844, 44.31229794446635], [-0.14209257185011775, 44.31229794446635], [-0.14209257185011775, 44.312214611133015], [-0.1422592385167844, 44.312214611133015], [-0.1422592385167844, 44.311881277799685], [-0.14217590518345108, 44.311881277799685], [-0.14217590518345108, 44.31179794446635], [-0.1415092385167844, 44.31179794446635], [-0.1415092385167844, 44.31204794446635], [-0.14167590518345108, 44.31204794446635], [-0.14167590518345108, 44.312131277799686]], [[-0.14217590518345108, 44.315214611133015], [-0.14217590518345108, 44.31504794446635], [-0.141967802319503, 44.31504794446635], [-0.14147078337144878, 44.31554794446635], [-0.14159257185011775, 44.31554794446635], [-0.14159257185011775, 44.31571461113302], [-0.14209257185011775, 44.31571461113302], [-0.14209257185011775, 44.315214611133015], [-0.14217590518345108, 44.315214611133015]], [[-0.13880489047172437, 44.316341620822655], [-0.13878382952823398, 44.31635643948466], [-0.1387648024410631, 44.31637261417945], [-0.13874797778046785, 44.316390001608895], [-0.1385707906033684, 44.316592866062884], [-0.13823227132724442, 44.316748128342525], [-0.1377180874829816, 44.316910002691024], [-0.13768916489338742, 44.3169204178308], [-0.13767590518345107, 44.31692649598192], [-0.13767590518345107, 44.31679794446635], [-0.1377592385167844, 44.31679794446635], [-0.1377592385167844, 44.316714611133015], [-0.13792590518345108, 44.316714611133015], [-0.13792590518345108, 44.31621461113302], [-0.13784257185011775, 44.31621461113302], [-0.13784257185011775, 44.316131277799684], [-0.13750923851678443, 44.316131277799684], [-0.13750923851678443, 44.31621461113302], [-0.13717590518345107, 44.31621461113302], [-0.13717590518345107, 44.31629794446635], [-0.13692590518345107, 44.31629794446635], [-0.13692590518345107, 44.31621461113302], [-0.13667590518345107, 44.31621461113302], [-0.13667590518345107, 44.316131277799684], [-0.13642590518345107, 44.316131277799684], [-0.13642590518345107, 44.31596461113302], [-0.13600923851678443, 44.31596461113302], [-0.13600923851678443, 44.31604794446635], [-0.13575923851678443, 44.31604794446635], [-0.13575923851678443, 44.316131277799684], [-0.13525923851678442, 44.316131277799684], [-0.13525923851678442, 44.31621461113302], [-0.13517590518345107, 44.31621461113302], [-0.13517590518345107, 44.31654794446635], [-0.13509257185011775, 44.31654794446635], [-0.13509257185011775, 44.316464611133014], [-0.13500923851678442, 44.316464611133014], [-0.13500923851678442, 44.31654794446635], [-0.13492590518345107, 44.31654794446635], [-0.13492590518345107, 44.31663127779969], [-0.13475923851678442, 44.31663127779969], [-0.13475923851678442, 44.31679794446635], [-0.13467590518345107, 44.31679794446635], [-0.13467590518345107, 44.31704794446635], [-0.13517590518345107, 44.31704794446635], [-0.13517590518345107, 44.31713127779968], [-0.13542590518345107, 44.31713127779968], [-0.13542590518345107, 44.31721461113302], [-0.13567590518345107, 44.31721461113302], [-0.13567590518345107, 44.31738127779968], [-0.13559257185011775, 44.31738127779968], [-0.13559257185011775, 44.3174890791842], [-0.13650923851678443, 44.31746836887964], [-0.13650923851678443, 44.31746461113302], [-0.13659257185011775, 44.31746461113302], [-0.13659257185011775, 44.31738127779968], [-0.13675923851678443, 44.31738127779968], [-0.13675923851678443, 44.31729794446635], [-0.13684257185011775, 44.31729794446635], [-0.13684257185011775, 44.31721461113302], [-0.13700923851678443, 44.31721461113302], [-0.13700923851678443, 44.31704794446635], [-0.13754559560744692, 44.31704794446635], [-0.1375386868580449, 44.31706523983341], [-0.1375252865479632, 44.31710677185556], [-0.13751217490453102, 44.31711692902131], [-0.137337959280591, 44.317153328179835], [-0.13731008707677478, 44.31716018752049], [-0.1372832356521798, 44.317168896386505], [-0.13725764249683678, 44.31717937775151], [-0.13723353397224922, 44.317191538912155], [-0.13721112330934018, 44.31720527230787], [-0.13719060872252928, 44.317220456472334], [-0.1371721716566315, 44.3172369571076], [-0.13715597518201583, 44.31725462827198], [-0.13714216255229478, 44.31727331367082], [-0.13713085593724944, 44.31729284803874], [-0.1370729530622092, 44.317407873600665], [-0.13695205698747784, 44.31745836425558], [-0.13724260000000005, 44.31745180000001], [-0.13961870000000123, 44.31606539999999], [-0.1394594051921984, 44.315936669569055], [-0.13944601750718127, 44.315953300662734], [-0.13925392646075357, 44.316103310311355], [-0.13882779868295173, 44.31632828947783], [-0.13880489047172437, 44.316341620822655]], [[-0.12659257185011774, 44.31554794446635], [-0.12709257185011774, 44.31554794446635], [-0.12709257185011774, 44.31529794446635], [-0.12684257185011774, 44.31529794446635], [-0.12684257185011774, 44.315214611133015], [-0.12650923851678442, 44.315214611133015], [-0.12650923851678442, 44.31529794446635], [-0.1264259051834511, 44.31529794446635], [-0.1264259051834511, 44.31538127779968], [-0.12659257185011774, 44.31538127779968], [-0.12659257185011774, 44.31554794446635]], [[-0.12967590518345107, 44.316131277799684], [-0.12925923851678442, 44.316131277799684], [-0.12925923851678442, 44.31604794446635], [-0.12917590518345107, 44.31604794446635], [-0.12917590518345107, 44.31596461113302], [-0.12884257185011774, 44.31596461113302], [-0.12884257185011774, 44.31588127779968], [-0.12825923851678442, 44.31588127779968], [-0.12825923851678442, 44.31596461113302], [-0.12817590518345107, 44.31596461113302], [-0.12817590518345107, 44.316131277799684], [-0.12825923851678442, 44.316131277799684], [-0.12825923851678442, 44.31621461113302], [-0.1284259051834511, 44.31621461113302], [-0.1284259051834511, 44.316381277799685], [-0.12867590518345107, 44.316381277799685], [-0.12867590518345107, 44.316464611133014], [-0.12875923851678442, 44.316464611133014], [-0.12875923851678442, 44.31654794446635], [-0.12917590518345107, 44.31654794446635], [-0.12917590518345107, 44.31663127779969], [-0.1294259051834511, 44.31663127779969], [-0.1294259051834511, 44.316714611133015], [-0.12950923851678442, 44.316714611133015], [-0.12950923851678442, 44.31679794446635], [-0.1299259051834511, 44.31679794446635], [-0.1299259051834511, 44.31688127779968], [-0.13017590518345107, 44.31688127779968], [-0.13017590518345107, 44.31704794446635], [-0.13034257185011774, 44.31704794446635], [-0.13034257185011774, 44.31713127779968], [-0.1309259051834511, 44.31713127779968], [-0.1309259051834511, 44.316464611133014], [-0.13067590518345107, 44.316464611133014], [-0.13067590518345107, 44.316381277799685], [-0.13017590518345107, 44.316381277799685], [-0.13017590518345107, 44.31629794446635], [-0.1299259051834511, 44.31629794446635], [-0.1299259051834511, 44.31621461113302], [-0.12967590518345107, 44.31621461113302], [-0.12967590518345107, 44.316131277799684]], [[-0.13309257185011775, 44.31771461113302], [-0.13300923851678442, 44.31771461113302], [-0.13300923851678442, 44.317631277799684], [-0.13309257185011775, 44.317631277799684], [-0.13309257185011775, 44.31754794446635], [-0.13334257185011775, 44.31754794446635], [-0.13334257185011775, 44.31729794446635], [-0.13342590518345107, 44.31729794446635], [-0.13342590518345107, 44.31688127779968], [-0.13334257185011775, 44.31688127779968], [-0.13334257185011775, 44.31679794446635], [-0.13342590518345107, 44.31679794446635], [-0.13342590518345107, 44.31629794446635], [-0.13317590518345107, 44.31629794446635], [-0.13317590518345107, 44.31621461113302], [-0.13292590518345107, 44.31621461113302], [-0.13292590518345107, 44.31629794446635], [-0.13275923851678442, 44.31629794446635], [-0.13275923851678442, 44.316381277799685], [-0.13267590518345107, 44.316381277799685], [-0.13267590518345107, 44.316464611133014], [-0.13234257185011775, 44.316464611133014], [-0.13234257185011775, 44.31654794446635], [-0.13225923851678442, 44.31654794446635], [-0.13225923851678442, 44.316714611133015], [-0.13217590518345107, 44.316714611133015], [-0.13217590518345107, 44.31688127779968], [-0.13209257185011775, 44.31688127779968], [-0.13209257185011775, 44.31696461113302], [-0.13200923851678442, 44.31696461113302], [-0.13200923851678442, 44.31713127779968], [-0.13150923851678442, 44.31713127779968], [-0.13150923851678442, 44.31721461113302], [-0.13134257185011775, 44.31721461113302], [-0.13134257185011775, 44.31754794446635], [-0.13117590518345107, 44.31754794446635], [-0.13117590518345107, 44.317631277799684], [-0.1309259051834511, 44.317631277799684], [-0.1309259051834511, 44.31771461113302], [-0.13084257185011774, 44.31771461113302], [-0.13084257185011774, 44.31779794446635], [-0.13067590518345107, 44.31779794446635], [-0.13067590518345107, 44.317881277799685], [-0.13059257185011774, 44.317881277799685], [-0.13059257185011774, 44.31804794446635], [-0.13067590518345107, 44.31804794446635], [-0.13067590518345107, 44.31813127779969], [-0.13125923851678442, 44.31813127779969], [-0.13125923851678442, 44.31804794446635], [-0.13167590518345107, 44.31804794446635], [-0.13167590518345107, 44.31813127779969], [-0.13184257185011775, 44.31813127779969], [-0.13184257185011775, 44.318214611133016], [-0.13200923851678442, 44.318214611133016], [-0.13200923851678442, 44.31813127779969], [-0.13234257185011775, 44.31813127779969], [-0.13234257185011775, 44.31804794446635], [-0.13284257185011775, 44.31804794446635], [-0.13284257185011775, 44.317964611133014], [-0.13300923851678442, 44.317964611133014], [-0.13300923851678442, 44.317881277799685], [-0.13309257185011775, 44.317881277799685], [-0.13309257185011775, 44.31771461113302]], [[-0.13517590518345107, 44.31721461113302], [-0.13492590518345107, 44.31721461113302], [-0.13492590518345107, 44.31729794446635], [-0.13517590518345107, 44.31729794446635], [-0.13517590518345107, 44.31721461113302]], [[-0.13617590518345107, 44.31571461113302], [-0.13584257185011775, 44.31571461113302], [-0.13584257185011775, 44.31579794446635], [-0.13617590518345107, 44.31579794446635], [-0.13617590518345107, 44.31571461113302]], [[-0.14209257185011775, 44.31629794446635], [-0.1420092385167844, 44.31629794446635], [-0.1420092385167844, 44.316381277799685], [-0.14209257185011775, 44.316381277799685], [-0.14209257185011775, 44.31629794446635]], [[-0.14259257185011776, 44.31604794446635], [-0.1425092385167844, 44.31604794446635], [-0.1425092385167844, 44.31596461113302], [-0.14242590518345108, 44.31596461113302], [-0.14242590518345108, 44.31604794446635], [-0.14234257185011776, 44.31604794446635], [-0.14234257185011776, 44.316131277799684], [-0.14259257185011776, 44.316131277799684], [-0.14259257185011776, 44.31604794446635]], [[-0.14267590518345108, 44.31579794446635], [-0.14259257185011776, 44.31579794446635], [-0.14259257185011776, 44.31588127779968], [-0.1427592385167844, 44.31588127779968], [-0.1427592385167844, 44.31596461113302], [-0.1430092385167844, 44.31596461113302], [-0.1430092385167844, 44.31579794446635], [-0.14292590518345108, 44.31579794446635], [-0.14292590518345108, 44.31571461113302], [-0.1430092385167844, 44.31571461113302], [-0.1430092385167844, 44.31563127779968], [-0.14284257185011776, 44.31563127779968], [-0.14284257185011776, 44.31571461113302], [-0.14267590518345108, 44.31571461113302], [-0.14267590518345108, 44.31579794446635]], [[-0.14292590518345108, 44.31621461113302], [-0.1427592385167844, 44.31621461113302], [-0.1427592385167844, 44.316381277799685], [-0.14292590518345108, 44.316381277799685], [-0.14292590518345108, 44.31621461113302]], [[-0.14342590518345108, 44.316464611133014], [-0.14342590518345108, 44.31629794446635], [-0.1432592385167844, 44.31629794446635], [-0.1432592385167844, 44.316381277799685], [-0.14334257185011776, 44.316381277799685], [-0.14334257185011776, 44.316464611133014], [-0.14342590518345108, 44.316464611133014]], [[-0.14317590518345108, 44.316381277799685], [-0.14317590518345108, 44.316464611133014], [-0.1432592385167844, 44.316464611133014], [-0.1432592385167844, 44.316381277799685], [-0.14317590518345108, 44.316381277799685]], [[-0.1482592385167844, 44.34871461113302], [-0.1485092385167844, 44.34871461113302], [-0.1485092385167844, 44.34854794446635], [-0.14859257185011776, 44.34854794446635], [-0.14859257185011776, 44.34846461113302], [-0.14867590518345108, 44.34846461113302], [-0.14867590518345108, 44.34838127779968], [-0.14859257185011776, 44.34838127779968], [-0.14859257185011776, 44.34829794446635], [-0.14848268857816038, 44.34829794446635], [-0.14820734539542613, 44.34863127779968], [-0.1482592385167844, 44.34863127779968], [-0.1482592385167844, 44.34871461113302]], [[-0.1487592385167844, 44.34804794446635], [-0.14884257185011773, 44.34804794446635], [-0.14884257185011773, 44.34786226601788], [-0.14875803176090047, 44.347964611133015], [-0.1487592385167844, 44.347964611133015], [-0.1487592385167844, 44.34804794446635]], [[-0.15434257185011774, 44.34688127779968], [-0.1540092385167844, 44.34688127779968], [-0.1540092385167844, 44.34696461113302], [-0.1539259051834511, 44.34696461113302], [-0.1539259051834511, 44.34704794446635], [-0.15384257185011774, 44.34704794446635], [-0.15384257185011774, 44.34713127779968], [-0.1542592385167844, 44.34713127779968], [-0.1542592385167844, 44.34704794446635], [-0.15450923851678441, 44.34704794446635], [-0.15450923851678441, 44.34696461113302], [-0.1546759051834511, 44.34696461113302], [-0.1546759051834511, 44.34671461113302], [-0.15459257185011774, 44.34671461113302], [-0.15459257185011774, 44.34679794446635], [-0.15434257185011774, 44.34679794446635], [-0.15434257185011774, 44.34688127779968]], [[-0.1549259051834511, 44.34671461113302], [-0.15484257185011774, 44.34671461113302], [-0.15484257185011774, 44.34679794446635], [-0.1549259051834511, 44.34679794446635], [-0.1549259051834511, 44.34671461113302]], [[-0.1551759051834511, 44.34688127779968], [-0.15509257185011774, 44.34688127779968], [-0.15509257185011774, 44.34696461113302], [-0.1551759051834511, 44.34696461113302], [-0.1551759051834511, 44.34688127779968]], [[-0.10384257185011775, 44.29588971701121], [-0.10381902462037473, 44.29588127779969], [-0.10375923851678442, 44.29588127779969], [-0.10375923851678442, 44.295964611133016], [-0.10350923851678442, 44.295964611133016], [-0.10350923851678442, 44.29613127779968], [-0.10359257185011775, 44.29613127779968], [-0.10359257185011775, 44.29621461113302], [-0.10367590518345107, 44.29621461113302], [-0.10367590518345107, 44.29629794446635], [-0.10409257185011775, 44.29629794446635], [-0.10409257185011775, 44.29638127779968], [-0.10425923851678442, 44.29638127779968], [-0.10425923851678442, 44.29629794446635], [-0.10434257185011775, 44.29629794446635], [-0.10434257185011775, 44.29606891455618], [-0.10428406075324374, 44.29604794446635], [-0.10384257185011775, 44.29604794446635], [-0.10384257185011775, 44.29588971701121]], [[-0.1152772504945776, 44.29725382951257], [-0.11507527813605754, 44.29722306495746], [-0.11503360314055038, 44.297218794112126], [-0.11481900394950223, 44.29720729417718], [-0.11478808778638583, 44.29720673707835], [-0.11475724584823342, 44.297208372564405], [-0.11472677886517069, 44.29721218468813], [-0.1146969839113544, 44.29721813627861], [-0.11435908503204352, 44.297298736017844], [-0.11432522194773405, 44.29730841840312], [-0.11429315446613705, 44.29732086077211], [-0.1139119840917717, 44.29749003994643], [-0.11388632844056114, 44.297494475280274], [-0.1137840990206563, 44.297472953272354], [-0.11375883105037242, 44.29746844365408], [-0.11373312884462404, 44.297465456967], [-0.11370717003571396, 44.29746401385251], [-0.11357563714156492, 44.29746064235019], [-0.11360329999999921, 44.29765390000001], [-0.11533430000000103, 44.2974486], [-0.11557245694116972, 44.29719299912628], [-0.1154115489338001, 44.29724265251251], [-0.1152772504945776, 44.29725382951257]], [[-0.11767590518345108, 44.29654794446635], [-0.11767590518345108, 44.29663127779968], [-0.11700923851678441, 44.29663127779968], [-0.11700923851678441, 44.29671461113302], [-0.11675923851678441, 44.29671461113302], [-0.11675923851678441, 44.29675536662146], [-0.11859257185011775, 44.29654830265958], [-0.11859257185011775, 44.29646461113302], [-0.11792590518345109, 44.29646461113302], [-0.11792590518345109, 44.29654794446635], [-0.11767590518345108, 44.29654794446635]], [[-0.09725923851678442, 44.295714611133015], [-0.09734257185011774, 44.295714611133015], [-0.09734257185011774, 44.295631277799686], [-0.09742590518345108, 44.295631277799686], [-0.09742590518345108, 44.29554794446635], [-0.09684257185011774, 44.29554794446635], [-0.09684257185011774, 44.29546461113301], [-0.09692590518345108, 44.29546461113301], [-0.09692590518345108, 44.295381277799684], [-0.09709257185011774, 44.295381277799684], [-0.09709257185011774, 44.29513127779968], [-0.09684257185011774, 44.29513127779968], [-0.09684257185011774, 44.29504794446635], [-0.09659257185011774, 44.29504794446635], [-0.09659257185011774, 44.29529794446635], [-0.09650923851678442, 44.29529794446635], [-0.09650923851678442, 44.295381277799684], [-0.09642590518345108, 44.295381277799684], [-0.09642590518345108, 44.29546461113301], [-0.09609257185011774, 44.29546461113301], [-0.09609257185011774, 44.29521461113302], [-0.09592590518345108, 44.29521461113302], [-0.09592590518345108, 44.29529794446635], [-0.09584257185011776, 44.29529794446635], [-0.09584257185011776, 44.29546461113301], [-0.09542590518345108, 44.29546461113301], [-0.09542590518345108, 44.29554794446635], [-0.09534257185011775, 44.29554794446635], [-0.09534257185011775, 44.295631277799686], [-0.09525923851678442, 44.295631277799686], [-0.09525923851678442, 44.295714611133015], [-0.09517590518345108, 44.295714611133015], [-0.09517590518345108, 44.29588127779969], [-0.09534257185011775, 44.29588127779969], [-0.09534257185011775, 44.295964611133016], [-0.09567590518345108, 44.295964611133016], [-0.09567590518345108, 44.29588127779969], [-0.09575923851678442, 44.29588127779969], [-0.09575923851678442, 44.29579794446635], [-0.09617590518345108, 44.29579794446635], [-0.09617590518345108, 44.29588127779969], [-0.09642590518345108, 44.29588127779969], [-0.09642590518345108, 44.295964611133016], [-0.09659257185011774, 44.295964611133016], [-0.09659257185011774, 44.29588127779969], [-0.09667590518345108, 44.29588127779969], [-0.09667590518345108, 44.29579794446635], [-0.09709257185011774, 44.29579794446635], [-0.09709257185011774, 44.29588127779969], [-0.09717590518345108, 44.29588127779969], [-0.09717590518345108, 44.29579794446635], [-0.09725923851678442, 44.29579794446635], [-0.09725923851678442, 44.295714611133015]], [[-0.09567590518345108, 44.29496461113302], [-0.09567590518345108, 44.29504794446635], [-0.09559257185011776, 44.29504794446635], [-0.09559257185011776, 44.29521461113302], [-0.09575923851678442, 44.29521461113302], [-0.09575923851678442, 44.29513127779968], [-0.09584257185011776, 44.29513127779968], [-0.09584257185011776, 44.29504794446635], [-0.09592590518345108, 44.29504794446635], [-0.09592590518345108, 44.29513127779968], [-0.09600923851678442, 44.29513127779968], [-0.09600923851678442, 44.29496461113302], [-0.09567590518345108, 44.29496461113302]], [[-0.09550923851678442, 44.29521461113302], [-0.09550923851678442, 44.29529794446635], [-0.09559257185011776, 44.29529794446635], [-0.09559257185011776, 44.29521461113302], [-0.09550923851678442, 44.29521461113302]], [[-0.09584257185011776, 44.29621461113302], [-0.09575923851678442, 44.29621461113302], [-0.09575923851678442, 44.29629794446635], [-0.09592590518345108, 44.29629794446635], [-0.09592590518345108, 44.29621461113302], [-0.09600923851678442, 44.29621461113302], [-0.09600923851678442, 44.29613127779968], [-0.09609257185011774, 44.29613127779968], [-0.09609257185011774, 44.295964611133016], [-0.09592590518345108, 44.295964611133016], [-0.09592590518345108, 44.29604794446635], [-0.09584257185011776, 44.29604794446635], [-0.09584257185011776, 44.29621461113302]], [[-0.09625923851678442, 44.29513127779968], [-0.09642590518345108, 44.29513127779968], [-0.09642590518345108, 44.29504794446635], [-0.09650923851678442, 44.29504794446635], [-0.09650923851678442, 44.29496461113302], [-0.09642590518345108, 44.29496461113302], [-0.09642590518345108, 44.29488127779968], [-0.09634257185011774, 44.29488127779968], [-0.09634257185011774, 44.29496461113302], [-0.09625923851678442, 44.29496461113302], [-0.09625923851678442, 44.29513127779968]], [[-0.09642590518345108, 44.29654794446635], [-0.09634257185011774, 44.29654794446635], [-0.09634257185011774, 44.29663127779968], [-0.09642590518345108, 44.29663127779968], [-0.09642590518345108, 44.29654794446635]], [[-0.09734257185011774, 44.29613127779968], [-0.09725923851678442, 44.29613127779968], [-0.09725923851678442, 44.29621461113302], [-0.09734257185011774, 44.29621461113302], [-0.09734257185011774, 44.29613127779968]], [[-0.09750923851678442, 44.29496461113302], [-0.09742590518345108, 44.29496461113302], [-0.09742590518345108, 44.29504794446635], [-0.09750923851678442, 44.29504794446635], [-0.09750923851678442, 44.29496461113302]], [[-0.09775923851678442, 44.29521461113302], [-0.09767590518345108, 44.29521461113302], [-0.09767590518345108, 44.29529794446635], [-0.09775923851678442, 44.29529794446635], [-0.09775923851678442, 44.29521461113302]], [[-0.09875923851678442, 44.29546461113301], [-0.09867590518345108, 44.29546461113301], [-0.09867590518345108, 44.29554794446635], [-0.09875923851678442, 44.29554794446635], [-0.09875923851678442, 44.29546461113301]], [[-0.10009257185011775, 44.29621461113302], [-0.10000923851678442, 44.29621461113302], [-0.10000923851678442, 44.29629794446635], [-0.09992590518345108, 44.29629794446635], [-0.09992590518345108, 44.29638127779968], [-0.09984257185011775, 44.29638127779968], [-0.09984257185011775, 44.29646461113302], [-0.09975923851678442, 44.29646461113302], [-0.09975923851678442, 44.29663127779968], [-0.09967590518345108, 44.29663127779968], [-0.09967590518345108, 44.296881277799685], [-0.09984257185011775, 44.296881277799685], [-0.09984257185011775, 44.29679794446635], [-0.10000923851678442, 44.29679794446635], [-0.10000923851678442, 44.29671461113302], [-0.10009257185011775, 44.29671461113302], [-0.10009257185011775, 44.29663127779968], [-0.10017590518345108, 44.29663127779968], [-0.10017590518345108, 44.29638127779968], [-0.10009257185011775, 44.29638127779968], [-0.10009257185011775, 44.29621461113302]], [[-0.10175923851678442, 44.297131277799686], [-0.10159257185011775, 44.297131277799686], [-0.10159257185011775, 44.297214611133015], [-0.10150923851678442, 44.297214611133015], [-0.10150923851678442, 44.29754794446635], [-0.10159257185011775, 44.29754794446635], [-0.10159257185011775, 44.29763127779968], [-0.10184257185011775, 44.29763127779968], [-0.10184257185011775, 44.29754794446635], [-0.10192590518345108, 44.29754794446635], [-0.10192590518345108, 44.297464611133016], [-0.10200923851678442, 44.297464611133016], [-0.10200923851678442, 44.29729794446635], [-0.10192590518345108, 44.29729794446635], [-0.10192590518345108, 44.297214611133015], [-0.10175923851678442, 44.297214611133015], [-0.10175923851678442, 44.297131277799686]], [[-0.10275923851678442, 44.295964611133016], [-0.10267590518345107, 44.295964611133016], [-0.10267590518345107, 44.29588127779969], [-0.10259257185011775, 44.29588127779969], [-0.10259257185011775, 44.29579794446635], [-0.10250923851678442, 44.29579794446635], [-0.10250923851678442, 44.29588127779969], [-0.10242590518345107, 44.29588127779969], [-0.10242590518345107, 44.295964611133016], [-0.10234257185011775, 44.295964611133016], [-0.10234257185011775, 44.29621461113302], [-0.10242590518345107, 44.29621461113302], [-0.10242590518345107, 44.29629794446635], [-0.10267590518345107, 44.29629794446635], [-0.10267590518345107, 44.29646461113302], [-0.10334257185011775, 44.29646461113302], [-0.10334257185011775, 44.29621461113302], [-0.10325923851678442, 44.29621461113302], [-0.10325923851678442, 44.29613127779968], [-0.10317590518345107, 44.29613127779968], [-0.10317590518345107, 44.29604794446635], [-0.10309257185011775, 44.29604794446635], [-0.10309257185011775, 44.29588127779969], [-0.10275923851678442, 44.29588127779969], [-0.10275923851678442, 44.295964611133016]], [[-0.12717590518345107, 44.34079794446635], [-0.12734257185011774, 44.34079794446635], [-0.12734257185011774, 44.340464611133015], [-0.12725923851678442, 44.340464611133015], [-0.12725923851678442, 44.34029794446635], [-0.12709257185011774, 44.34029794446635], [-0.12709257185011774, 44.340131277799685], [-0.12700923851678442, 44.340131277799685], [-0.12700923851678442, 44.33996461113302], [-0.12684257185011774, 44.33996461113302], [-0.12684257185011774, 44.339881277799684], [-0.12667590518345107, 44.339881277799684], [-0.12667590518345107, 44.33979794446635], [-0.12650923851678442, 44.33979794446635], [-0.12650923851678442, 44.33971461113302], [-0.1264259051834511, 44.33971461113302], [-0.1264259051834511, 44.33963127779968], [-0.12625923851678442, 44.33963127779968], [-0.12625923851678442, 44.33954794446635], [-0.12617590518345106, 44.33954794446635], [-0.12617590518345106, 44.33938127779968], [-0.12600923851678442, 44.33938127779968], [-0.12600923851678442, 44.33929794446635], [-0.1259259051834511, 44.33929794446635], [-0.1259259051834511, 44.339214611133016], [-0.12575923851678442, 44.339214611133016], [-0.12575923851678442, 44.33913127779968], [-0.12567590518345106, 44.33913127779968], [-0.12567590518345106, 44.33904794446635], [-0.12550923851678442, 44.33904794446635], [-0.12550923851678442, 44.338964611133015], [-0.12559257185011774, 44.338964611133015], [-0.12559257185011774, 44.33879794446635], [-0.12534257185011774, 44.33879794446635], [-0.12534257185011774, 44.338714611133014], [-0.12517590518345106, 44.338714611133014], [-0.12517590518345106, 44.338381277799684], [-0.12509257185011774, 44.338381277799684], [-0.12509257185011774, 44.33829794446635], [-0.12500923851678442, 44.33829794446635], [-0.12500923851678442, 44.338381277799684], [-0.12492590518345109, 44.338381277799684], [-0.12492590518345109, 44.338631277799685], [-0.12485559006180379, 44.338631277799685], [-0.12650923851678442, 44.341038995389766], [-0.12650923851678442, 44.34096461113302], [-0.12675923851678442, 44.34096461113302], [-0.12675923851678442, 44.34088127779968], [-0.12717590518345107, 44.34088127779968], [-0.12717590518345107, 44.34079794446635]], [[-0.12479835575887423, 44.33854794446635], [-0.12484257185011774, 44.338612323240646], [-0.12484257185011774, 44.33854794446635], [-0.12479835575887423, 44.33854794446635]], [[-0.12492590518345109, 44.33829794446635], [-0.12492590518345109, 44.33821461113302], [-0.12484257185011774, 44.33821461113302], [-0.12484257185011774, 44.33796461113302], [-0.12475923851678442, 44.33796461113302], [-0.12475923851678442, 44.33788127779968], [-0.12459257185011774, 44.33788127779968], [-0.12459257185011774, 44.33763127779968], [-0.12450923851678442, 44.33763127779968], [-0.12450923851678442, 44.33754794446635], [-0.12434257185011774, 44.33754794446635], [-0.12434257185011774, 44.337464611133015], [-0.12417590518345109, 44.337464611133015], [-0.12417590518345109, 44.33754794446635], [-0.12411154412374396, 44.33754794446635], [-0.12468388715301999, 44.338381277799684], [-0.12475923851678442, 44.338381277799684], [-0.12475923851678442, 44.33829794446635], [-0.12492590518345109, 44.33829794446635]], [[-0.12275923851678441, 44.337214611133014], [-0.12275923851678441, 44.337131277799685], [-0.12284257185011774, 44.337131277799685], [-0.12284257185011774, 44.33704794446635], [-0.12292590518345109, 44.33704794446635], [-0.12292590518345109, 44.336881277799684], [-0.12300923851678441, 44.336881277799684], [-0.12300923851678441, 44.33679794446635], [-0.12325923851678441, 44.33679794446635], [-0.12325923851678441, 44.33671461113302], [-0.12334257185011774, 44.33671461113302], [-0.12334257185011774, 44.33663127779968], [-0.12342590518345109, 44.33663127779968], [-0.12342590518345109, 44.33654794446635], [-0.12309257185011774, 44.33654794446635], [-0.12309257185011774, 44.33663127779968], [-0.12275923851678441, 44.33663127779968], [-0.12275923851678441, 44.33671461113302], [-0.12259257185011774, 44.33671461113302], [-0.12259257185011774, 44.33679794446635], [-0.12242590518345109, 44.33679794446635], [-0.12242590518345109, 44.33671461113302], [-0.12234257185011775, 44.33671461113302], [-0.12234257185011775, 44.33679794446635], [-0.12225923851678441, 44.33679794446635], [-0.12225923851678441, 44.336881277799684], [-0.12209257185011775, 44.336881277799684], [-0.12209257185011775, 44.33696461113302], [-0.12200923851678441, 44.33696461113302], [-0.12200923851678441, 44.33704794446635], [-0.12209257185011775, 44.33704794446635], [-0.12209257185011775, 44.337131277799685], [-0.12225923851678441, 44.337131277799685], [-0.12225923851678441, 44.337214611133014], [-0.12234257185011775, 44.337214611133014], [-0.12234257185011775, 44.33743027881597], [-0.12284257185011774, 44.337315489228345], [-0.12284257185011774, 44.337214611133014], [-0.12275923851678441, 44.337214611133014]], [[-0.1264259051834511, 44.33554794446635], [-0.12684257185011774, 44.33554794446635], [-0.12684257185011774, 44.33541933034964], [-0.12625923851678442, 44.335597428224006], [-0.12625923851678442, 44.335631277799685], [-0.1264259051834511, 44.335631277799685], [-0.1264259051834511, 44.33554794446635]], [[-0.12750923851678442, 44.33521461113302], [-0.12809257185011774, 44.33521461113302], [-0.12809257185011774, 44.33513127779968], [-0.12817590518345107, 44.33513127779968], [-0.12817590518345107, 44.33504794446635], [-0.1284259051834511, 44.33504794446635], [-0.1284259051834511, 44.33496461113302], [-0.12850923851678442, 44.33496461113302], [-0.12850923851678442, 44.33488127779968], [-0.1284259051834511, 44.33488127779968], [-0.1284259051834511, 44.33479794446635], [-0.12825923851678442, 44.33479794446635], [-0.12825923851678442, 44.33463127779968], [-0.12817590518345107, 44.33463127779968], [-0.12817590518345107, 44.334597122417996], [-0.12746804537638518, 44.33504794446635], [-0.12750923851678442, 44.33504794446635], [-0.12750923851678442, 44.33521461113302]], [[-0.13100923851678442, 44.33954794446635], [-0.13084257185011774, 44.33954794446635], [-0.13084257185011774, 44.33963127779968], [-0.13075923851678442, 44.33963127779968], [-0.13075923851678442, 44.33984938275363], [-0.1314259051834511, 44.33950283197326], [-0.1314259051834511, 44.33946461113302], [-0.13100923851678442, 44.33946461113302], [-0.13100923851678442, 44.33954794446635]], [[-0.12750923851678442, 44.34279794446635], [-0.12750923851678442, 44.34281600797051], [-0.12755804731147136, 44.34271461113302], [-0.1274259051834511, 44.34271461113302], [-0.1274259051834511, 44.34279794446635], [-0.12750923851678442, 44.34279794446635]], [[-0.12917590518345107, 44.34654794446635], [-0.12900923851678442, 44.34654794446635], [-0.12900923851678442, 44.34663127779968], [-0.12875923851678442, 44.34663127779968], [-0.12875923851678442, 44.34671461113302], [-0.12850923851678442, 44.34671461113302], [-0.12850923851678442, 44.34679794446635], [-0.12817590518345107, 44.34679794446635], [-0.12817590518345107, 44.34688127779968], [-0.12759257185011774, 44.34688127779968], [-0.12759257185011774, 44.34696461113302], [-0.12750923851678442, 44.34696461113302], [-0.12750923851678442, 44.34704794446635], [-0.12725923851678442, 44.34704794446635], [-0.12725923851678442, 44.34713127779968], [-0.12684257185011774, 44.34713127779968], [-0.12684257185011774, 44.34721461113302], [-0.12675923851678442, 44.34721461113302], [-0.12675923851678442, 44.34727192492719], [-0.12942500000000082, 44.34697160000001], [-0.1291817891775327, 44.346464611133015], [-0.12917590518345107, 44.346464611133015], [-0.12917590518345107, 44.34654794446635]], [[-0.12625923851678442, 44.34696461113302], [-0.12617590518345106, 44.34696461113302], [-0.12617590518345106, 44.34679794446635], [-0.12600923851678442, 44.34679794446635], [-0.12600923851678442, 44.34663127779968], [-0.1259259051834511, 44.34663127779968], [-0.1259259051834511, 44.346381277799686], [-0.12584257185011774, 44.346381277799686], [-0.12584257185011774, 44.346131277799685], [-0.12567590518345106, 44.346131277799685], [-0.12567590518345106, 44.345881277799684], [-0.12559257185011774, 44.345881277799684], [-0.12559257185011774, 44.34563127779968], [-0.12550923851678442, 44.34563127779968], [-0.12550923851678442, 44.34554794446635], [-0.12534257185011774, 44.34554794446635], [-0.12534257185011774, 44.34538127779968], [-0.12525923851678442, 44.34538127779968], [-0.12525923851678442, 44.344964611133015], [-0.12509257185011774, 44.344964611133015], [-0.12509257185011774, 44.344881277799686], [-0.12500923851678442, 44.344881277799686], [-0.12500923851678442, 44.34446461113302], [-0.12492590518345109, 44.34446461113302], [-0.12492590518345109, 44.34421461113302], [-0.12475923851678442, 44.34421461113302], [-0.12475923851678442, 44.34413127779968], [-0.12467590518345109, 44.34413127779968], [-0.12467590518345109, 44.34396461113302], [-0.12459257185011774, 44.34396461113302], [-0.12459257185011774, 44.34371461113302], [-0.12442590518345109, 44.34371461113302], [-0.12442590518345109, 44.34354794446635], [-0.12434257185011774, 44.34354794446635], [-0.12434257185011774, 44.343381277799686], [-0.12425923851678441, 44.343381277799686], [-0.12425923851678441, 44.343214611133014], [-0.12434257185011774, 44.343214611133014], [-0.12434257185011774, 44.343131277799685], [-0.12417590518345109, 44.343131277799685], [-0.12417590518345109, 44.34304794446635], [-0.12425923851678441, 44.34304794446635], [-0.12425923851678441, 44.34296461113302], [-0.12409257185011774, 44.34296461113302], [-0.12409257185011774, 44.342881277799684], [-0.12400923851678441, 44.342881277799684], [-0.12400923851678441, 44.34279794446635], [-0.12387303121868266, 44.34279794446635], [-0.12601440007838735, 44.34704794446635], [-0.12625923851678442, 44.34704794446635], [-0.12625923851678442, 44.34696461113302]], [[-0.12384257185011774, 44.342737491398765], [-0.12384257185011774, 44.34255615803385], [-0.12376720000000155, 44.3425879], [-0.12384257185011774, 44.342737491398765]], [[-0.12709257185011774, 44.34696461113302], [-0.12709257185011774, 44.34688127779968], [-0.12650923851678442, 44.34688127779968], [-0.12650923851678442, 44.34696461113302], [-0.1264259051834511, 44.34696461113302], [-0.1264259051834511, 44.34704794446635], [-0.12659257185011774, 44.34704794446635], [-0.12659257185011774, 44.34713127779968], [-0.12667590518345107, 44.34713127779968], [-0.12667590518345107, 44.34704794446635], [-0.12675923851678442, 44.34704794446635], [-0.12675923851678442, 44.34696461113302], [-0.12684257185011774, 44.34696461113302], [-0.12684257185011774, 44.34704794446635], [-0.12717590518345107, 44.34704794446635], [-0.12717590518345107, 44.34696461113302], [-0.12709257185011774, 44.34696461113302]], [[-0.12684257185011774, 44.34129794446635], [-0.12684257185011774, 44.34121461113302], [-0.12675923851678442, 44.34121461113302], [-0.12675923851678442, 44.34129794446635], [-0.12684257185011774, 44.34129794446635]], [[-0.09842590518345108, 44.31708503604091], [-0.09834257185011774, 44.317071490480394], [-0.09834257185011774, 44.31709840471533], [-0.09834399309093296, 44.31713127779968], [-0.09842590518345108, 44.31713127779968], [-0.09842590518345108, 44.31708503604091]], [[-0.10117590518345108, 44.313464611133014], [-0.10125923851678441, 44.313464611133014], [-0.10125923851678441, 44.313381277799685], [-0.10109257185011775, 44.313381277799685], [-0.10109257185011775, 44.313464611133014], [-0.10092590518345108, 44.313464611133014], [-0.10092590518345108, 44.313677348659915], [-0.10118222280052251, 44.31354794446635], [-0.10117590518345108, 44.31354794446635], [-0.10117590518345108, 44.313464611133014]], [[-0.10367590518345107, 44.309214611133015], [-0.10367590518345107, 44.309131277799686], [-0.10350923851678442, 44.309131277799686], [-0.10350923851678442, 44.309214611133015], [-0.10342590518345107, 44.309214611133015], [-0.10342590518345107, 44.30927612049963], [-0.10384257185011775, 44.309355136932965], [-0.10384257185011775, 44.309214611133015], [-0.10367590518345107, 44.309214611133015]], [[-0.10384257185011775, 44.30521461113302], [-0.10359257185011775, 44.30521461113302], [-0.10359257185011775, 44.30529794446635], [-0.10350923851678442, 44.30529794446635], [-0.10350923851678442, 44.30538127779968], [-0.10334257185011775, 44.30538127779968], [-0.10334257185011775, 44.30521461113302], [-0.10325923851678442, 44.30521461113302], [-0.10325923851678442, 44.30504794446635], [-0.10300923851678442, 44.30504794446635], [-0.10300923851678442, 44.30488127779968], [-0.10292590518345107, 44.30488127779968], [-0.10292590518345107, 44.30479794446635], [-0.10275923851678442, 44.30479794446635], [-0.10275923851678442, 44.304714611133015], [-0.10267590518345107, 44.304714611133015], [-0.10267590518345107, 44.304464611133014], [-0.10250923851678442, 44.304464611133014], [-0.10250923851678442, 44.30421461113302], [-0.10259257185011775, 44.30421461113302], [-0.10259257185011775, 44.304131277799684], [-0.10242590518345107, 44.304131277799684], [-0.10242590518345107, 44.30396461113302], [-0.10234257185011775, 44.30396461113302], [-0.10234257185011775, 44.30379794446635], [-0.10217590518345109, 44.30379794446635], [-0.10217590518345109, 44.30363127779968], [-0.10209257185011775, 44.30363127779968], [-0.10209257185011775, 44.30354794446635], [-0.10201671093750285, 44.30354794446635], [-0.10202020000000013, 44.3035501], [-0.10230789999999994, 44.30458949999999], [-0.10235060000000147, 44.305577099999994], [-0.10199129999999981, 44.3066309], [-0.10179415855761491, 44.30696461113302], [-0.10259257185011775, 44.30696461113302], [-0.10259257185011775, 44.30688127779968], [-0.10350923851678442, 44.30688127779968], [-0.10350923851678442, 44.306797944466354], [-0.10375923851678442, 44.306797944466354], [-0.10375923851678442, 44.30671461113302], [-0.10384257185011775, 44.30671461113302], [-0.10384257185011775, 44.30654794446635], [-0.10367590518345107, 44.30654794446635], [-0.10367590518345107, 44.306464611133016], [-0.10375923851678442, 44.306464611133016], [-0.10375923851678442, 44.30638127779968], [-0.10392590518345107, 44.30638127779968], [-0.10392590518345107, 44.30629794446635], [-0.10400923851678442, 44.30629794446635], [-0.10400923851678442, 44.306214611133015], [-0.10417590518345107, 44.306214611133015], [-0.10417590518345107, 44.306131277799686], [-0.10419038419211737, 44.306131277799686], [-0.10380299999999916, 44.305486200000004], [-0.10384257185011775, 44.30534617653036], [-0.10384257185011775, 44.30521461113302]], [[-0.09867590518345108, 44.30654794446635], [-0.09859257185011774, 44.30654794446635], [-0.09859257185011774, 44.30663127779968], [-0.09867324799447842, 44.30663127779968], [-0.09871501357656608, 44.306464611133016], [-0.09867590518345108, 44.306464611133016], [-0.09867590518345108, 44.30654794446635]], [[-0.09167590518345108, 44.30329794446635], [-0.09173312026049064, 44.30329794446635], [-0.091733996008798, 44.303214611133015], [-0.09167590518345108, 44.303214611133015], [-0.09167590518345108, 44.30329794446635]], [[-0.08777190820803592, 44.302631277799684], [-0.08767590518345109, 44.302631277799684], [-0.08767590518345109, 44.30254794446635], [-0.08759257185011775, 44.30254794446635], [-0.08759257185011775, 44.30246461113302], [-0.08742590518345109, 44.30246461113302], [-0.08742590518345109, 44.30254794446635], [-0.08734257185011775, 44.30254794446635], [-0.08734257185011775, 44.30279794446635], [-0.08725923851678441, 44.30279794446635], [-0.08725923851678441, 44.302881277799685], [-0.08717590518345109, 44.302881277799685], [-0.08717590518345109, 44.303131277799686], [-0.08700923851678441, 44.303131277799686], [-0.08700923851678441, 44.303214611133015], [-0.08709257185011775, 44.303214611133015], [-0.08709257185011775, 44.30329794446635], [-0.08700923851678441, 44.30329794446635], [-0.08700923851678441, 44.30388127779968], [-0.08725923851678441, 44.30388127779968], [-0.08725923851678441, 44.30379794446635], [-0.08734257185011775, 44.30379794446635], [-0.08734257185011775, 44.30371461113302], [-0.08742590518345109, 44.30371461113302], [-0.08742590518345109, 44.30363127779968], [-0.08750923851678441, 44.30363127779968], [-0.08750923851678441, 44.30354794446635], [-0.08759257185011775, 44.30354794446635], [-0.08759257185011775, 44.303464611133016], [-0.08767590518345109, 44.303464611133016], [-0.08767590518345109, 44.303214611133015], [-0.08775923851678441, 44.303214611133015], [-0.08775923851678441, 44.303131277799686], [-0.08792590518345109, 44.303131277799686], [-0.08792590518345109, 44.30309748913908], [-0.08765740000000044, 44.3030906], [-0.08763299999999923, 44.30309], [-0.08777190820803592, 44.302631277799684]], [[-0.09984257185011775, 44.29946461113302], [-0.09975923851678442, 44.29946461113302], [-0.09975923851678442, 44.29963127779968], [-0.09992590518345108, 44.29963127779968], [-0.09992590518345108, 44.29938127779968], [-0.09984257185011775, 44.29938127779968], [-0.09984257185011775, 44.29946461113302]], [[-0.10467590518345107, 44.302881277799685], [-0.10459257185011775, 44.302881277799685], [-0.10459257185011775, 44.30304794446635], [-0.10450923851678443, 44.30304794446635], [-0.10450923851678443, 44.303214611133015], [-0.10442590518345107, 44.303214611133015], [-0.10442590518345107, 44.30329794446635], [-0.10434257185011775, 44.30329794446635], [-0.10434257185011775, 44.30354794446635], [-0.10442590518345107, 44.30354794446635], [-0.10442590518345107, 44.30379794446635], [-0.1044516224150149, 44.30379794446635], [-0.10445800000000005, 44.3037859], [-0.10547740620287883, 44.302631277799684], [-0.10534257185011775, 44.302631277799684], [-0.10534257185011775, 44.30254794446635], [-0.10500923851678441, 44.30254794446635], [-0.10500923851678441, 44.302631277799684], [-0.10484257185011775, 44.302631277799684], [-0.10484257185011775, 44.30271461113302], [-0.10475923851678443, 44.30271461113302], [-0.10475923851678443, 44.30279794446635], [-0.10467590518345107, 44.30279794446635], [-0.10467590518345107, 44.302881277799685]], [[-0.10542590518345107, 44.30254794446635], [-0.10542590518345107, 44.30246461113302], [-0.10534257185011775, 44.30246461113302], [-0.10534257185011775, 44.30254794446635], [-0.10542590518345107, 44.30254794446635]], [[-0.10409257185011775, 44.30379794446635], [-0.10409257185011775, 44.30388127779968], [-0.10384257185011775, 44.30388127779968], [-0.10384257185011775, 44.30379794446635], [-0.10375923851678442, 44.30379794446635], [-0.10375923851678442, 44.30388127779968], [-0.10367590518345107, 44.30388127779968], [-0.10367590518345107, 44.304464611133014], [-0.10375923851678442, 44.304464611133014], [-0.10375923851678442, 44.304714611133015], [-0.10392590518345107, 44.304714611133015], [-0.10392590518345107, 44.305051304735485], [-0.10406815917255467, 44.30454794446635], [-0.10400923851678442, 44.30454794446635], [-0.10400923851678442, 44.304381277799685], [-0.10414274547525025, 44.304381277799685], [-0.10423099602946818, 44.30421461113302], [-0.10417590518345107, 44.30421461113302], [-0.10417590518345107, 44.304131277799684], [-0.10425923851678442, 44.304131277799684], [-0.10425923851678442, 44.30404794446635], [-0.10431924658368988, 44.30404794446635], [-0.10434257185011775, 44.30400389324832], [-0.10434257185011775, 44.30388127779968], [-0.10417590518345107, 44.30388127779968], [-0.10417590518345107, 44.30379794446635], [-0.10409257185011775, 44.30379794446635]], [[-0.10175923851678442, 44.302881277799685], [-0.10159257185011775, 44.302881277799685], [-0.10159257185011775, 44.302631277799684], [-0.10150923851678442, 44.302631277799684], [-0.10150923851678442, 44.30254794446635], [-0.10141793677036898, 44.30254794446635], [-0.10102230000000055, 44.3029336], [-0.10161204751495417, 44.30329794446635], [-0.10184257185011775, 44.30329794446635], [-0.10184257185011775, 44.30304794446635], [-0.10175923851678442, 44.30304794446635], [-0.10175923851678442, 44.302881277799685]], [[-0.10550923851678441, 44.30221461113302], [-0.10550923851678441, 44.30229794446635], [-0.10567590518345107, 44.30229794446635], [-0.10567590518345107, 44.30238127779968], [-0.10569812909444527, 44.30238127779968], [-0.1059236000000015, 44.30212589999999], [-0.10575923851678441, 44.30208175317171], [-0.10575923851678441, 44.30213127779968], [-0.10567590518345107, 44.30213127779968], [-0.10567590518345107, 44.30221461113302], [-0.10550923851678441, 44.30221461113302]], [[-0.10910451960418313, 44.313381277799685], [-0.10909257185011775, 44.31338855552152], [-0.10909257185011775, 44.313464611133014], [-0.10917590518345108, 44.313464611133014], [-0.10917590518345108, 44.31354794446635], [-0.10909257185011775, 44.31354794446635], [-0.10909257185011775, 44.313631277799686], [-0.10934257185011775, 44.313631277799686], [-0.10934257185011775, 44.31354794446635], [-0.10925923851678442, 44.31354794446635], [-0.10925923851678442, 44.31334140620363], [-0.109241418232201, 44.31329794446635], [-0.10924132700008762, 44.31329794446635], [-0.10917590518345108, 44.313337794783045], [-0.10917590518345108, 44.313381277799685], [-0.10910451960418313, 44.313381277799685]], [[-0.12075923851678441, 44.31113127779968], [-0.12067590518345109, 44.31113127779968], [-0.12067590518345109, 44.31108702051995], [-0.12060309999999996, 44.3110782], [-0.1204381344947349, 44.31154794446635], [-0.12084257185011775, 44.31154794446635], [-0.12084257185011775, 44.31129794446635], [-0.12075923851678441, 44.31129794446635], [-0.12075923851678441, 44.31113127779968]], [[-0.09892590518345108, 44.317631277799684], [-0.09900923851678442, 44.317631277799684], [-0.09900923851678442, 44.31771461113302], [-0.09925923851678442, 44.31771461113302], [-0.09925923851678442, 44.31729794446635], [-0.09875923851678442, 44.31729794446635], [-0.09875923851678442, 44.31721461113302], [-0.09850923851678442, 44.31721461113302], [-0.09850923851678442, 44.31729794446635], [-0.09867590518345108, 44.31729794446635], [-0.09867590518345108, 44.31754794446635], [-0.09892590518345108, 44.31754794446635], [-0.09892590518345108, 44.317631277799684]], [[-0.11067590518345108, 44.31596461113302], [-0.11059257185011775, 44.31596461113302], [-0.11059257185011775, 44.31604794446635], [-0.11075923851678442, 44.31604794446635], [-0.11075923851678442, 44.316131277799684], [-0.11084257185011775, 44.316131277799684], [-0.11084257185011775, 44.31621461113302], [-0.11075923851678442, 44.31621461113302], [-0.11075923851678442, 44.31629794446635], [-0.11084257185011775, 44.31629794446635], [-0.11084257185011775, 44.31654794446635], [-0.11100923851678442, 44.31654794446635], [-0.11100923851678442, 44.316381277799685], [-0.11109257185011776, 44.316381277799685], [-0.11109257185011776, 44.31604794446635], [-0.11100923851678442, 44.31604794446635], [-0.11100923851678442, 44.31596461113302], [-0.11075923851678442, 44.31596461113302], [-0.11075923851678442, 44.31588127779968], [-0.11067590518345108, 44.31588127779968], [-0.11067590518345108, 44.31596461113302]], [[-0.11234257185011776, 44.31571461113302], [-0.11209257185011776, 44.31571461113302], [-0.11209257185011776, 44.31579794446635], [-0.11200923851678442, 44.31579794446635], [-0.11200923851678442, 44.31596461113302], [-0.11192590518345108, 44.31596461113302], [-0.11192590518345108, 44.31604794446635], [-0.11184257185011776, 44.31604794446635], [-0.11184257185011776, 44.31621461113302], [-0.11200923851678442, 44.31621461113302], [-0.11200923851678442, 44.31629794446635], [-0.11225923851678442, 44.31629794446635], [-0.11225923851678442, 44.316381277799685], [-0.11259257185011776, 44.316381277799685], [-0.11259257185011776, 44.31629794446635], [-0.11284257185011776, 44.31629794446635], [-0.11284257185011776, 44.31596461113302], [-0.1127592385167844, 44.31596461113302], [-0.1127592385167844, 44.31588127779968], [-0.1125092385167844, 44.31588127779968], [-0.1125092385167844, 44.31579794446635], [-0.11234257185011776, 44.31579794446635], [-0.11234257185011776, 44.31571461113302]], [[-0.12258805947565096, 44.32429466758075], [-0.12241645911968439, 44.32447116718728], [-0.12240096201221394, 44.324488794162754], [-0.12238780446521878, 44.32450737526542], [-0.12237709947134774, 44.32452675093002], [-0.12236893896224267, 44.32454675476791], [-0.1223633930190004, 44.32456721499578], [-0.12236050927027545, 44.32458795591091], [-0.12235805410009115, 44.32462109841775], [-0.122342580867196, 44.32462163329256], [-0.12231214116959703, 44.324624854365425], [-0.12228228831709531, 44.32463020307772], [-0.12225331017249688, 44.32463762785327], [-0.12222548616429127, 44.324647057096925], [-0.12219908459229538, 44.324658399885024], [-0.12217436004054943, 44.32467154684203], [-0.1221515509224953, 44.32468637119529], [-0.12213087718201744, 44.32470272999734], [-0.12211253817259943, 44.324720465504285], [-0.12209890417652396, 44.324736781737286], [-0.12207936196482962, 44.32472766961762], [-0.1220509393530451, 44.32471720106699], [-0.1220211796140917, 44.32470886441063], [-0.12182808022043223, 44.32466276459298], [-0.12179668042526007, 44.324656549035], [-0.12176455143931639, 44.32465270703678], [-0.12173204044756501, 44.32465128011476], [-0.12169949876274415, 44.32465228368808], [-0.12160261973948225, 44.32465890575524], [-0.12140202444752668, 44.32454097928442], [-0.12137650103563835, 44.324527463854814], [-0.12134920508823739, 44.32451586989896], [-0.12132041627542373, 44.32450631620625], [-0.12129042956241896, 44.32449890066187], [-0.12125955218748445, 44.32449369924392], [-0.12122810051409565, 44.32449076524497], [-0.12119639678964644, 44.32449012872607], [-0.12116476584388074, 44.324491796208775], [-0.12083313700889467, 44.32452145255201], [-0.12081484042285523, 44.32450509134621], [-0.12079361626936475, 44.3244879766347], [-0.12077007665910659, 44.324472500832286], [-0.12074446588329263, 44.32445882454378], [-0.12071704972669708, 44.32444708969882], [-0.12068811270940995, 44.32443741807908], [-0.12065795513418616, 44.3244299100544], [-0.12062688997004187, 44.32442464354133], [-0.12059523960440245, 44.32442167319446], [-0.1205633324975589, 44.32442102983924], [-0.12053149977407854, 44.32442272015218], [-0.12050007178659133, 44.32442672659151], [-0.1203605722878458, 44.3244498265192], [-0.12033047700731428, 44.3244559606377], [-0.12030138384885118, 44.324464218577724], [-0.12027382837902675, 44.324474427052145], [-0.12025738666780757, 44.32446747708718], [-0.12022848057251394, 44.32445667041531], [-0.12019816713811728, 44.32444807764407], [-0.12016677432573485, 44.32444179173848], [-0.12013464177385741, 44.32443788070549], [-0.12010211712389421, 44.32443638685839], [-0.12006955225918486, 44.32443732635893], [-0.1200372994981037, 44.3244406890426], [-0.11993009989038164, 44.32445598899593], [-0.11990029045794731, 44.324461346391665], [-0.11987135541621997, 44.3244687741644], [-0.11984357306985682, 44.32447820087193], [-0.11981721063693472, 44.32448953584573], [-0.11979252167884699, 44.32450267006312], [-0.11976974366152, 44.32451747719569], [-0.1197490956714271, 44.324533814824456], [-0.11973077630836056, 44.32455152580962], [-0.11971949909445852, 44.32456362602769], [-0.11966574139564859, 44.32453916173438], [-0.11958611484513378, 44.32444079207725], [-0.11956890923165862, 44.324421806241574], [-0.11954913101141536, 44.324404158829246], [-0.11952698073742421, 44.32438802878462], [-0.11950268301471906, 44.32437357966582], [-0.11947648422282621, 44.3243609579863], [-0.11944865001750028, 44.32435029172928], [-0.11941946263700236, 44.32434168904998], [-0.11938921804027025, 44.32433523717899], [-0.11935822290598128, 44.32433100153782], [-0.11932679152294384, 44.3243290250755], [-0.11929524260331642, 44.32432932783312], [-0.11926389605100612, 44.32433190674066], [-0.11923306971797493, 44.32433673564807], [-0.11920307618134375, 44.32434376559043], [-0.11917421957398887, 44.32435292528449], [-0.11914679250073931, 44.32436412185142], [-0.11912107307145442, 44.32437724175854], [-0.11900738647308932, 44.32444165686655], [-0.11899453851662178, 44.32443786519507], [-0.11896588202283664, 44.324430553702754], [-0.11893637309954741, 44.32442527100065], [-0.11890628975016625, 44.324422066857004], [-0.11887591538956703, 44.32442097145789], [-0.1188455361741143, 44.32442199512296], [-0.11881543830588745, 44.32442512820819], [-0.1187859053364634, 44.32443034119678], [-0.11875721549567443, 44.324437584977105], [-0.11872963907049036, 44.32444679130556], [-0.11870343585871704, 44.324457873449305], [-0.11867885272149982, 44.324470727003394], [-0.11865700673975339, 44.32448466589029], [-0.11861360000000098, 44.32465959999999], [-0.12026410000000136, 44.3249168], [-0.12028467980138377, 44.32498301627724], [-0.12028973819377503, 44.324983721975116], [-0.12032004760315469, 44.32498578958879], [-0.12035049346751564, 44.32498573577998], [-0.12038078832790035, 44.32498356105667], [-0.12041064615109656, 44.32497928595171], [-0.12043978503036239, 44.324972950829014], [-0.12046792984716563, 44.32496461550244], [-0.12049481486883712, 44.324954358671015], [-0.12050709848717042, 44.324948509387724], [-0.12054075808540861, 44.32497860854439], [-0.12056085516846446, 44.32499489844097], [-0.12058305094447395, 44.32500971807364], [-0.12060713768614621, 44.32502292874635], [-0.12063288996827454, 44.325034406821146], [-0.1206600667775013, 44.32504404487523], [-0.12068841376797321, 44.325051752706415], [-0.12071766564179735, 44.32505745817738], [-0.1207475486320159, 44.32506110789073], [-0.1207777830648629, 44.32506266768886], [-0.12080808597728615, 44.3250621229736], [-0.12083817376530233, 44.325059478842796], [-0.12086776483831148, 44.325054760042725], [-0.12089658225458413, 44.325048010736396], [-0.12092435631324078, 44.32503929409021], [-0.12095082707843913, 44.325028691682874], [-0.12097574681216204, 44.32501630274176], [-0.12099888229283516, 44.32500224321427], [-0.12102001699805927, 44.32498664468273], [-0.12103895313103633, 44.324969653132776], [-0.12105207766506142, 44.3249552088783], [-0.12110891581096198, 44.32495012606184], [-0.12130537460760135, 44.32506562086013], [-0.12132995203809561, 44.325078684737306], [-0.12135618648281095, 44.32508996647363], [-0.12138382803549443, 44.325099358600184], [-0.12141261338548276, 44.32510677164818], [-0.12144226832601537, 44.325112135001426], [-0.12147251036638541, 44.325115397568865], [-0.12150305142299549, 44.32511652827145], [-0.12153360056372833, 44.32511551633806], [-0.12169306949592322, 44.32510461617245], [-0.12174591657802161, 44.325117232709324], [-0.12190545824477299, 44.32524272522472], [-0.12192560163027391, 44.32525719011639], [-0.12194749212960372, 44.325270281707], [-0.12197094874301354, 44.325281891749114], [-0.12199577752102353, 44.325291924245334], [-0.12202177316810271, 44.32530029624217], [-0.12204872074017907, 44.32530693851586], [-0.12223112133779275, 44.32534533867176], [-0.1222603418186588, 44.32535041145502], [-0.12229010503264728, 44.32535345067961], [-0.12232013699808868, 44.32535442836823], [-0.12235016125924941, 44.32535333552079], [-0.12237990143129723, 44.325350182197276], [-0.12240908374461575, 44.32534499742518], [-0.12243743956504335, 44.325337828932206], [-0.12246470786682727, 44.32532874270697], [-0.12249063763553414, 44.325317822391504], [-0.12251499017878985, 44.32530516851129], [-0.12253754132355937, 44.32529089754986], [-0.1225580834797741, 44.3252751408765], [-0.12257642755126394, 44.32525804353687], [-0.12259240467644278, 44.325239762917874], [-0.12260586778270473, 44.32522046729872], [-0.1226166929402117, 44.32520033430192], [-0.12262478050264274, 44.3251795492581], [-0.12265276273101933, 44.32509153682524], [-0.12266375704070262, 44.32509232260705], [-0.12269431540989638, 44.325093428948676], [-0.12270058954667118, 44.325093215763594], [-0.12261041646105023, 44.32427428309431], [-0.12260954930579748, 44.32427499205795], [-0.12258805947565096, 44.32429466758075]], [[-0.08325923851678442, 44.34944192427239], [-0.08325923851678442, 44.34963127779968], [-0.08344122950204691, 44.34963127779968], [-0.08325923851678442, 44.34944192427239]], [[-0.08159257185011774, 44.34779794446635], [-0.08159257185011774, 44.34788127779969], [-0.08142590518345108, 44.34788127779969], [-0.08142590518345108, 44.34804794446635], [-0.08159257185011774, 44.34804794446635], [-0.08159257185011774, 44.34813127779968], [-0.08184257185011774, 44.34813127779968], [-0.08184257185011774, 44.34821461113302], [-0.08192590518345108, 44.34821461113302], [-0.08192590518345108, 44.34838127779968], [-0.08209257185011774, 44.34838127779968], [-0.08209257185011774, 44.34846461113302], [-0.08217590518345108, 44.34846461113302], [-0.08217590518345108, 44.34854794446635], [-0.08225923851678442, 44.34854794446635], [-0.08225923851678442, 44.34863127779968], [-0.08234257185011774, 44.34863127779968], [-0.08234257185011774, 44.34871461113302], [-0.08242590518345108, 44.34871461113302], [-0.08242590518345108, 44.348881277799684], [-0.08250923851678442, 44.348881277799684], [-0.08250923851678442, 44.34896461113302], [-0.08267590518345108, 44.34896461113302], [-0.08267590518345108, 44.349131277799685], [-0.08292590518345108, 44.349131277799685], [-0.08292590518345108, 44.349214611133014], [-0.08300923851678442, 44.349214611133014], [-0.08300923851678442, 44.34929794446635], [-0.083120857008216, 44.34929794446635], [-0.08172209999999966, 44.3478426], [-0.08167590518345108, 44.34779455933379], [-0.08167590518345108, 44.34779794446635], [-0.08159257185011774, 44.34779794446635]], [[-0.08171315576021704, 44.34754794446635], [-0.08167590518345108, 44.34754794446635], [-0.08167590518345108, 44.34763258194753], [-0.08171315576021704, 44.34754794446635]], [[-0.08178650895285151, 44.347381277799684], [-0.08175923851678442, 44.347381277799684], [-0.08175923851678442, 44.34744323928377], [-0.08178650895285151, 44.347381277799684]], [[-0.07692590518345108, 44.345130175632846], [-0.07692590518345108, 44.34513127779968], [-0.07693449360226534, 44.34513127779968], [-0.07692590518345108, 44.345130175632846]], [[-0.07584257185011775, 44.346214611133014], [-0.07592590518345109, 44.346214611133014], [-0.07592590518345109, 44.34596461113302], [-0.07600923851678441, 44.34596461113302], [-0.07600923851678441, 44.34571461113302], [-0.07609257185011775, 44.34571461113302], [-0.07609257185011775, 44.34563127779968], [-0.07617590518345108, 44.34563127779968], [-0.07617590518345108, 44.34529794446635], [-0.07625923851678441, 44.34529794446635], [-0.07625923851678441, 44.34521461113302], [-0.07634257185011775, 44.34521461113302], [-0.07634257185011775, 44.34505531544423], [-0.07627310000000176, 44.345046399999994], [-0.07577356756949928, 44.34629794446635], [-0.07584257185011775, 44.34629794446635], [-0.07584257185011775, 44.346214611133014]], [[-0.07567590518345109, 44.34696461113302], [-0.07567590518345109, 44.34688127779968], [-0.07575923851678441, 44.34688127779968], [-0.07575923851678441, 44.34633384493154], [-0.07544095691393843, 44.34713127779968], [-0.07559257185011775, 44.34713127779968], [-0.07559257185011775, 44.34696461113302], [-0.07567590518345109, 44.34696461113302]], [[-0.07525923851678441, 44.34779794446635], [-0.07525923851678441, 44.347714611133014], [-0.07534257185011775, 44.347714611133014], [-0.07534257185011775, 44.347381277799684], [-0.07542590518345109, 44.347381277799684], [-0.07542590518345109, 44.34716898888479], [-0.07507508519282034, 44.34804794446635], [-0.07517590518345109, 44.34804794446635], [-0.07517590518345109, 44.34779794446635], [-0.07525923851678441, 44.34779794446635]], [[-0.07497530199615152, 44.34829794446635], [-0.07500923851678441, 44.34829794446635], [-0.07500923851678441, 44.34821291882635], [-0.07497530199615152, 44.34829794446635]], [[-0.07487551879948554, 44.34854794446635], [-0.07492590518345109, 44.34854794446635], [-0.07492590518345109, 44.34842170481466], [-0.07487551879948554, 44.34854794446635]], [[-0.07484225773392832, 44.34863127779968], [-0.07484257185011775, 44.34863127779968], [-0.07484257185011775, 44.348630490802975], [-0.07484225773392832, 44.34863127779968]], [[-0.07457616920947906, 44.34929794446635], [-0.07459257185011775, 44.34929794446635], [-0.07459257185011775, 44.34925684876791], [-0.07457616920947906, 44.34929794446635]], [[-0.07425923851678441, 44.34279794446635], [-0.07392590518345109, 44.34279794446635], [-0.07392590518345109, 44.34271461113302], [-0.07317590518345109, 44.34271461113302], [-0.07317590518345109, 44.34263127779968], [-0.07300923851678441, 44.34263127779968], [-0.07300923851678441, 44.34271461113302], [-0.07292590518345109, 44.34271461113302], [-0.07292590518345109, 44.34279794446635], [-0.07275923851678441, 44.34279794446635], [-0.07275923851678441, 44.342881277799684], [-0.07259257185011775, 44.342881277799684], [-0.07259257185011775, 44.34279794446635], [-0.07217590518345109, 44.34279794446635], [-0.07217590518345109, 44.34271461113302], [-0.07125923851678441, 44.34271461113302], [-0.07125923851678441, 44.34279794446635], [-0.07009257185011775, 44.34279794446635], [-0.07009257185011775, 44.342881277799684], [-0.07000923851678442, 44.342881277799684], [-0.07000923851678442, 44.34304794446635], [-0.07025923851678442, 44.34304794446635], [-0.07025923851678442, 44.343131277799685], [-0.07067590518345108, 44.343131277799685], [-0.07067590518345108, 44.343214611133014], [-0.07117590518345109, 44.343214611133014], [-0.07117590518345109, 44.34324965808682], [-0.07432209999999954, 44.3430997], [-0.07437895122538497, 44.342881277799684], [-0.07425923851678441, 44.342881277799684], [-0.07425923851678441, 44.34279794446635]], [[-0.07925923851678442, 44.34113127779968], [-0.07917590518345108, 44.34113127779968], [-0.07917590518345108, 44.34104794446635], [-0.07850923851678442, 44.34104794446635], [-0.07850923851678442, 44.34088127779968], [-0.07817590518345108, 44.34088127779968], [-0.07817590518345108, 44.34079794446635], [-0.07809257185011775, 44.34079794446635], [-0.07809257185011775, 44.34088127779968], [-0.07775923851678442, 44.34088127779968], [-0.07775923851678442, 44.34079794446635], [-0.07750923851678442, 44.34079794446635], [-0.07750923851678442, 44.340714611133016], [-0.07725923851678441, 44.340714611133016], [-0.07725923851678441, 44.34079794446635], [-0.0772297936032876, 44.34079794446635], [-0.07724159999999983, 44.34107399999999], [-0.07916120000000057, 44.3412278], [-0.07925923851678442, 44.34121340167739], [-0.07925923851678442, 44.34113127779968]], [[-0.08584257185011775, 44.34179794446635], [-0.08592590518345108, 44.34179794446635], [-0.08592590518345108, 44.341714611133014], [-0.08559257185011775, 44.341714611133014], [-0.08559257185011775, 44.34179794446635], [-0.08542590518345108, 44.34179794446635], [-0.08542590518345108, 44.341714611133014], [-0.08550923851678442, 44.341714611133014], [-0.08550923851678442, 44.341381277799684], [-0.08542590518345108, 44.341381277799684], [-0.08542590518345108, 44.34113127779968], [-0.08500923851678442, 44.34113127779968], [-0.08500923851678442, 44.34104794446635], [-0.08450923851678442, 44.34104794446635], [-0.08450923851678442, 44.34113127779968], [-0.08442590518345108, 44.34113127779968], [-0.08442590518345108, 44.34121461113302], [-0.08434257185011775, 44.34121461113302], [-0.08434257185011775, 44.34129794446635], [-0.08425923851678442, 44.34129794446635], [-0.08425923851678442, 44.34154794446635], [-0.08417590518345108, 44.34154794446635], [-0.08417590518345108, 44.341631277799685], [-0.08409257185011774, 44.341631277799685], [-0.08409257185011774, 44.34168240518866], [-0.08575923851678442, 44.34194968183132], [-0.08575923851678442, 44.341881277799686], [-0.08584257185011775, 44.341881277799686], [-0.08584257185011775, 44.34179794446635]], [[-0.08917590518345109, 44.34263127779968], [-0.08925923851678441, 44.34263127779968], [-0.08925923851678441, 44.34238127779968], [-0.08909257185011775, 44.34238127779968], [-0.08909257185011775, 44.34229794446635], [-0.08900923851678441, 44.34229794446635], [-0.08900923851678441, 44.342214611133016], [-0.08867590518345109, 44.342214611133016], [-0.08867590518345109, 44.34204794446635], [-0.08842590518345109, 44.34204794446635], [-0.08842590518345109, 44.341964611133015], [-0.08800923851678441, 44.341964611133015], [-0.08800923851678441, 44.341881277799686], [-0.08775923851678441, 44.341881277799686], [-0.08775923851678441, 44.34179794446635], [-0.08725923851678441, 44.34179794446635], [-0.08725923851678441, 44.341881277799686], [-0.08709257185011775, 44.341881277799686], [-0.08709257185011775, 44.341964611133015], [-0.08700923851678441, 44.341964611133015], [-0.08700923851678441, 44.34215013931332], [-0.08726840000000013, 44.3421917], [-0.08885230000000133, 44.34262999999999], [-0.08917590518345109, 44.342667760814194], [-0.08917590518345109, 44.34263127779968]], [[-0.09367590518345108, 44.34179794446635], [-0.09367590518345108, 44.341714611133014], [-0.09350923851678442, 44.341714611133014], [-0.09350923851678442, 44.341881277799686], [-0.09367590518345108, 44.341881277799686], [-0.09367590518345108, 44.341964611133015], [-0.09392590518345108, 44.341964611133015], [-0.09392590518345108, 44.34204794446635], [-0.09394251761832771, 44.34204794446635], [-0.09394693493887417, 44.341881277799686], [-0.09375923851678442, 44.341881277799686], [-0.09375923851678442, 44.34179794446635], [-0.09367590518345108, 44.34179794446635]], [[-0.07425923851678441, 44.337381277799686], [-0.07425923851678441, 44.33729794446635], [-0.07434257185011775, 44.33729794446635], [-0.07434257185011775, 44.337214611133014], [-0.07417590518345109, 44.337214611133014], [-0.07417590518345109, 44.337131277799685], [-0.07409257185011775, 44.337131277799685], [-0.07409257185011775, 44.33704794446635], [-0.07400923851678441, 44.33704794446635], [-0.07400923851678441, 44.33696461113302], [-0.07384257185011775, 44.33696461113302], [-0.07384257185011775, 44.336881277799684], [-0.07367975023831293, 44.336881277799684], [-0.0740341793693938, 44.337464611133015], [-0.07417590518345109, 44.337464611133015], [-0.07417590518345109, 44.337381277799686], [-0.07425923851678441, 44.337381277799686]], [[-0.07507885043035509, 44.338714611133014], [-0.07500923851678441, 44.33874671569612], [-0.07500923851678441, 44.33879794446635], [-0.07490461468543655, 44.33879794446635], [-0.07484257185011775, 44.33883009748461], [-0.07484257185011775, 44.338964611133015], [-0.07509257185011775, 44.338964611133015], [-0.07509257185011775, 44.339214611133016], [-0.07525923851678441, 44.339214611133016], [-0.07525923851678441, 44.33938127779968], [-0.07517590518345109, 44.33938127779968], [-0.07517590518345109, 44.33946461113302], [-0.07509257185011775, 44.33946461113302], [-0.07509257185011775, 44.33963127779968], [-0.07517590518345109, 44.33963127779968], [-0.07517590518345109, 44.33971461113302], [-0.07534257185011775, 44.33971461113302], [-0.07534257185011775, 44.339881277799684], [-0.07609257185011775, 44.339881277799684], [-0.07609257185011775, 44.33996461113302], [-0.07659257185011775, 44.33996461113302], [-0.07659257185011775, 44.34004794446635], [-0.07692590518345108, 44.34004794446635], [-0.07692590518345108, 44.33996461113302], [-0.07684257185011775, 44.33996461113302], [-0.07684257185011775, 44.339881277799684], [-0.07659257185011775, 44.339881277799684], [-0.07659257185011775, 44.33979794446635], [-0.07642590518345108, 44.33979794446635], [-0.07642590518345108, 44.33971461113302], [-0.07650923851678441, 44.33971461113302], [-0.07650923851678441, 44.33963127779968], [-0.07634257185011775, 44.33963127779968], [-0.07634257185011775, 44.33938127779968], [-0.07625923851678441, 44.33938127779968], [-0.07625923851678441, 44.33929794446635], [-0.07609257185011775, 44.33929794446635], [-0.07609257185011775, 44.33904794446635], [-0.07584257185011775, 44.33904794446635], [-0.07584257185011775, 44.33879794446635], [-0.07575923851678441, 44.33879794446635], [-0.07575923851678441, 44.338631277799685], [-0.07567590518345109, 44.338631277799685], [-0.07567590518345109, 44.338381277799684], [-0.07534257185011775, 44.338381277799684], [-0.07534257185011775, 44.33846461113302], [-0.07525923851678441, 44.33846461113302], [-0.07525923851678441, 44.338631277799685], [-0.07524001972846792, 44.338631277799685], [-0.07524669999999961, 44.338637199999994], [-0.07509257185011775, 44.338708282903205], [-0.07509257185011775, 44.338714611133014], [-0.07507885043035509, 44.338714611133014]], [[-0.07773694439333392, 44.33304794446635], [-0.07787956496641879, 44.332881277799686], [-0.07767590518345108, 44.332881277799686], [-0.07767590518345108, 44.33304794446635], [-0.07773694439333392, 44.33304794446635]], [[-0.08125923851678442, 44.32829794446635], [-0.08117590518345108, 44.32829794446635], [-0.08117590518345108, 44.328381277799686], [-0.08109257185011774, 44.328381277799686], [-0.08109257185011774, 44.328464611133015], [-0.08100923851678442, 44.328464611133015], [-0.08100923851678442, 44.32854794446635], [-0.08092590518345108, 44.32854794446635], [-0.08092590518345108, 44.32863127779969], [-0.08084257185011776, 44.32863127779969], [-0.08084257185011776, 44.328714611133016], [-0.08075923851678442, 44.328714611133016], [-0.08075923851678442, 44.32888127779968], [-0.08067590518345108, 44.32888127779968], [-0.08067590518345108, 44.32904794446635], [-0.08059257185011776, 44.32904794446635], [-0.08059257185011776, 44.32913127779968], [-0.08050923851678442, 44.32913127779968], [-0.08050923851678442, 44.32946461113302], [-0.08059257185011776, 44.32946461113302], [-0.08059257185011776, 44.32954794446635], [-0.08073197642814656, 44.32954794446635], [-0.08184257185011774, 44.32825010059299], [-0.08184257185011774, 44.32821461113301], [-0.08125923851678442, 44.32821461113301], [-0.08125923851678442, 44.32829794446635]], [[-0.08484257185011775, 44.324744295019634], [-0.08484257185011775, 44.32471461113302], [-0.08475923851678442, 44.32471461113302], [-0.08475923851678442, 44.32463127779968], [-0.08459257185011775, 44.32463127779968], [-0.08459257185011775, 44.32454794446635], [-0.08484257185011775, 44.32454794446635], [-0.08484257185011775, 44.32429794446635], [-0.08492590518345108, 44.32429794446635], [-0.08492590518345108, 44.32413127779969], [-0.08500923851678442, 44.32413127779969], [-0.08500923851678442, 44.323881277799686], [-0.08509257185011775, 44.323881277799686], [-0.08509257185011775, 44.32379794446635], [-0.08517590518345108, 44.32379794446635], [-0.08517590518345108, 44.32371461113301], [-0.08525923851678442, 44.32371461113301], [-0.08525923851678442, 44.32346461113302], [-0.08542590518345108, 44.32346461113302], [-0.08542590518345108, 44.32338127779968], [-0.08559257185011775, 44.32338127779968], [-0.08559257185011775, 44.32329794446635], [-0.08567590518345108, 44.32329794446635], [-0.08567590518345108, 44.32304794446635], [-0.08592590518345108, 44.32304794446635], [-0.08592590518345108, 44.32279794446635], [-0.08609257185011775, 44.32279794446635], [-0.08609257185011775, 44.32263127779969], [-0.08617590518345108, 44.32263127779969], [-0.08617590518345108, 44.32254794446635], [-0.08634257185011775, 44.32254794446635], [-0.08634257185011775, 44.322464611133015], [-0.08642590518345108, 44.322464611133015], [-0.08642590518345108, 44.322381277799686], [-0.08650923851678441, 44.322381277799686], [-0.08650923851678441, 44.322464611133015], [-0.08679335078431123, 44.322464611133015], [-0.08686466107085063, 44.322381277799686], [-0.08675923851678441, 44.322381277799686], [-0.08675923851678441, 44.32229794446635], [-0.08667590518345109, 44.32229794446635], [-0.08667590518345109, 44.32221461113301], [-0.08675923851678441, 44.32221461113301], [-0.08675923851678441, 44.322131277799684], [-0.08659257185011775, 44.322131277799684], [-0.08659257185011775, 44.32204794446635], [-0.08667590518345109, 44.32204794446635], [-0.08667590518345109, 44.32196461113302], [-0.08675923851678441, 44.32196461113302], [-0.08675923851678441, 44.32204794446635], [-0.08714990221702644, 44.32204794446635], [-0.08836217708825694, 44.320631277799684], [-0.08817590518345109, 44.320631277799684], [-0.08817590518345109, 44.32071461113301], [-0.08809257185011775, 44.32071461113301], [-0.08809257185011775, 44.320631277799684], [-0.08792590518345109, 44.320631277799684], [-0.08792590518345109, 44.32054794446635], [-0.08767590518345109, 44.32054794446635], [-0.08767590518345109, 44.320631277799684], [-0.08759257185011775, 44.320631277799684], [-0.08759257185011775, 44.32071461113301], [-0.08750923851678441, 44.32071461113301], [-0.08750923851678441, 44.32079794446635], [-0.08742590518345109, 44.32079794446635], [-0.08742590518345109, 44.32104794446635], [-0.08725923851678441, 44.32104794446635], [-0.08725923851678441, 44.321214611133016], [-0.08709257185011775, 44.321214611133016], [-0.08709257185011775, 44.32138127779968], [-0.08700923851678441, 44.32138127779968], [-0.08700923851678441, 44.32146461113302], [-0.08692590518345109, 44.32146461113302], [-0.08692590518345109, 44.32163127779968], [-0.08684257185011775, 44.32163127779968], [-0.08684257185011775, 44.32171461113302], [-0.08675923851678441, 44.32171461113302], [-0.08675923851678441, 44.32179794446635], [-0.08659257185011775, 44.32179794446635], [-0.08659257185011775, 44.32188127779968], [-0.08625923851678441, 44.32188127779968], [-0.08625923851678441, 44.32179794446635], [-0.08617590518345108, 44.32179794446635], [-0.08617590518345108, 44.32163127779968], [-0.08600923851678442, 44.32163127779968], [-0.08600923851678442, 44.32154794446635], [-0.08592590518345108, 44.32154794446635], [-0.08592590518345108, 44.32146461113302], [-0.08575923851678442, 44.32146461113302], [-0.08575923851678442, 44.32138127779968], [-0.08567590518345108, 44.32138127779968], [-0.08567590518345108, 44.32129794446635], [-0.08550923851678442, 44.32129794446635], [-0.08550923851678442, 44.321214611133016], [-0.08542590518345108, 44.321214611133016], [-0.08542590518345108, 44.32113127779969], [-0.08525923851678442, 44.32113127779969], [-0.08525923851678442, 44.32104794446635], [-0.08517590518345108, 44.32104794446635], [-0.08517590518345108, 44.32079794446635], [-0.08509257185011775, 44.32079794446635], [-0.08509257185011775, 44.32071461113301], [-0.08492590518345108, 44.32071461113301], [-0.08492590518345108, 44.320631277799684], [-0.08484257185011775, 44.320631277799684], [-0.08484257185011775, 44.32054794446635], [-0.08467590518345108, 44.32054794446635], [-0.08467590518345108, 44.32038127779968], [-0.08459257185011775, 44.32038127779968], [-0.08459257185011775, 44.32029794446635], [-0.08442590518345108, 44.32029794446635], [-0.08442590518345108, 44.32021461113302], [-0.08434257185011775, 44.32021461113302], [-0.08434257185011775, 44.32004794446635], [-0.08425923851678442, 44.32004794446635], [-0.08425923851678442, 44.31988127779968], [-0.08409257185011774, 44.31988127779968], [-0.08409257185011774, 44.31979794446635], [-0.08400923851678442, 44.31979794446635], [-0.08400923851678442, 44.31978824415164], [-0.08125923851678442, 44.32117601823344], [-0.08125923851678442, 44.32129794446635], [-0.08117590518345108, 44.32129794446635], [-0.08117590518345108, 44.32138127779968], [-0.08109257185011774, 44.32138127779968], [-0.08109257185011774, 44.32146461113302], [-0.08084257185011776, 44.32146461113302], [-0.08084257185011776, 44.32154794446635], [-0.08075923851678442, 44.32154794446635], [-0.08075923851678442, 44.32188127779968], [-0.08067590518345108, 44.32188127779968], [-0.08067590518345108, 44.32196461113302], [-0.08059257185011776, 44.32196461113302], [-0.08059257185011776, 44.32204794446635], [-0.08075923851678442, 44.32204794446635], [-0.08075923851678442, 44.32229794446635], [-0.08084257185011776, 44.32229794446635], [-0.08084257185011776, 44.322464611133015], [-0.08092590518345108, 44.322464611133015], [-0.08092590518345108, 44.32254794446635], [-0.08109257185011774, 44.32254794446635], [-0.08109257185011774, 44.32263127779969], [-0.08117590518345108, 44.32263127779969], [-0.08117590518345108, 44.322714611133016], [-0.08134257185011774, 44.322714611133016], [-0.08134257185011774, 44.32279794446635], [-0.08142590518345108, 44.32279794446635], [-0.08142590518345108, 44.32288127779968], [-0.08159257185011774, 44.32288127779968], [-0.08159257185011774, 44.32313127779968], [-0.08167590518345108, 44.32313127779968], [-0.08167590518345108, 44.32329794446635], [-0.08192590518345108, 44.32329794446635], [-0.08192590518345108, 44.32338127779968], [-0.08200923851678442, 44.32338127779968], [-0.08200923851678442, 44.32354794446635], [-0.08217590518345108, 44.32354794446635], [-0.08217590518345108, 44.323631277799684], [-0.08225923851678442, 44.323631277799684], [-0.08225923851678442, 44.32371461113301], [-0.08242590518345108, 44.32371461113301], [-0.08242590518345108, 44.32379794446635], [-0.08250923851678442, 44.32379794446635], [-0.08250923851678442, 44.323881277799686], [-0.08267590518345108, 44.323881277799686], [-0.08267590518345108, 44.32404794446635], [-0.08275923851678442, 44.32404794446635], [-0.08275923851678442, 44.324214611133016], [-0.08284257185011774, 44.324214611133016], [-0.08284257185011774, 44.32429794446635], [-0.08300923851678442, 44.32429794446635], [-0.08300923851678442, 44.32438127779968], [-0.08309257185011774, 44.32438127779968], [-0.08309257185011774, 44.32454794446635], [-0.08325923851678442, 44.32454794446635], [-0.08325923851678442, 44.32463127779968], [-0.08334257185011774, 44.32463127779968], [-0.08334257185011774, 44.32471461113302], [-0.08350923851678442, 44.32471461113302], [-0.08350923851678442, 44.32488127779968], [-0.08359257185011774, 44.32488127779968], [-0.08359257185011774, 44.32529794446635], [-0.08367590518345108, 44.32529794446635], [-0.08367590518345108, 44.325381277799686], [-0.08392590518345108, 44.325381277799686], [-0.08392590518345108, 44.32529794446635], [-0.08400923851678442, 44.32529794446635], [-0.08400923851678442, 44.32521461113301], [-0.08409257185011774, 44.32521461113301], [-0.08409257185011774, 44.325131277799684], [-0.08417590518345108, 44.325131277799684], [-0.08417590518345108, 44.32504794446635], [-0.08458273190147449, 44.32504794446635], [-0.08459257185011775, 44.32503644548408], [-0.08459257185011775, 44.32496461113302], [-0.08465404218801388, 44.32496461113302], [-0.08484257185011775, 44.324744295019634]], [[-0.11317590518345108, 44.33979794446635], [-0.11317590518345108, 44.339881277799684], [-0.11292590518345108, 44.339881277799684], [-0.11292590518345108, 44.33996461113302], [-0.11242590518345108, 44.33996461113302], [-0.11242590518345108, 44.34004794446635], [-0.11217590518345108, 44.34004794446635], [-0.11217590518345108, 44.340131277799685], [-0.11150923851678442, 44.340131277799685], [-0.11150923851678442, 44.340214611133014], [-0.11142590518345108, 44.340214611133014], [-0.11142590518345108, 44.34029794446635], [-0.11125923851678442, 44.34029794446635], [-0.11125923851678442, 44.340381277799686], [-0.11117590518345108, 44.340381277799686], [-0.11117590518345108, 44.340464611133015], [-0.11084257185011775, 44.340464611133015], [-0.11084257185011775, 44.34054794446635], [-0.11075923851678442, 44.34054794446635], [-0.11075923851678442, 44.340714611133016], [-0.11092590518345108, 44.340714611133016], [-0.11092590518345108, 44.34096461113302], [-0.11100923851678442, 44.34096461113302], [-0.11100923851678442, 44.34104794446635], [-0.11109207133889346, 44.34104794446635], [-0.11392590518345108, 44.340100289929964], [-0.11392590518345108, 44.34004794446635], [-0.11367590518345108, 44.34004794446635], [-0.11367590518345108, 44.339881277799684], [-0.11342590518345108, 44.339881277799684], [-0.11342590518345108, 44.33979794446635], [-0.11317590518345108, 44.33979794446635]], [[-0.12054620000000144, 44.340797], [-0.12084257185011775, 44.34069786357684], [-0.12084257185011775, 44.34063127779968], [-0.12034257185011775, 44.34063127779968], [-0.12034257185011775, 44.34054794446635], [-0.12014582097298329, 44.34054794446635], [-0.12054620000000144, 44.340797]], [[-0.12009257185011775, 44.340464611133015], [-0.12001185519262011, 44.340464611133015], [-0.12009257185011775, 44.3405148208814], [-0.12009257185011775, 44.340464611133015]], [[-0.11067590518345108, 44.33094747317017], [-0.11050923851678442, 44.33092040722131], [-0.11050923851678442, 44.33104794446635], [-0.11067590518345108, 44.33104794446635], [-0.11067590518345108, 44.33094747317017]], [[-0.10442590518345107, 44.34254794446635], [-0.10425923851678442, 44.34254794446635], [-0.10425923851678442, 44.34246461113302], [-0.10422089338132182, 44.34246461113302], [-0.10423531603153893, 44.34279794446635], [-0.10425923851678442, 44.34279794446635], [-0.10425923851678442, 44.34271461113302], [-0.10434257185011775, 44.34271461113302], [-0.10434257185011775, 44.34263127779968], [-0.10442590518345107, 44.34263127779968], [-0.10442590518345107, 44.34254794446635]], [[-0.10642590518345107, 44.343464611133015], [-0.10642590518345107, 44.343381277799686], [-0.10625923851678441, 44.343381277799686], [-0.10625923851678441, 44.34329794446635], [-0.10617590518345107, 44.34329794446635], [-0.10617590518345107, 44.343214611133014], [-0.10609257185011775, 44.343214611133014], [-0.10609257185011775, 44.34329794446635], [-0.10600923851678441, 44.34329794446635], [-0.10600923851678441, 44.34363127779968], [-0.10584257185011775, 44.34363127779968], [-0.10584257185011775, 44.34371461113302], [-0.10567590518345107, 44.34371461113302], [-0.10567590518345107, 44.34379794446635], [-0.10559257185011775, 44.34379794446635], [-0.10559257185011775, 44.34383844444503], [-0.10578930000000052, 44.34397109999999], [-0.1066552598853283, 44.34354794446635], [-0.10659257185011775, 44.34354794446635], [-0.10659257185011775, 44.343464611133015], [-0.10642590518345107, 44.343464611133015]], [[-0.10534257185011775, 44.34079794446635], [-0.10542590518345107, 44.34079794446635], [-0.10542590518345107, 44.340714611133016], [-0.10525923851678441, 44.340714611133016], [-0.10525923851678441, 44.34079794446635], [-0.10517590518345107, 44.34079794446635], [-0.10517590518345107, 44.34088127779968], [-0.10534257185011775, 44.34088127779968], [-0.10534257185011775, 44.34079794446635]], [[-0.10867590518345108, 44.33704794446635], [-0.10859257185011775, 44.33704794446635], [-0.10859257185011775, 44.337131277799685], [-0.10867590518345108, 44.337131277799685], [-0.10867590518345108, 44.33704794446635]], [[-0.10925923851678442, 44.33546461113302], [-0.10917590518345108, 44.33546461113302], [-0.10917590518345108, 44.335381277799684], [-0.10909257185011775, 44.335381277799684], [-0.10909257185011775, 44.33546461113302], [-0.10900923851678442, 44.33546461113302], [-0.10900923851678442, 44.33554794446635], [-0.10892590518345108, 44.33554794446635], [-0.10892590518345108, 44.33579794446635], [-0.10884257185011775, 44.33579794446635], [-0.10884257185011775, 44.335881277799686], [-0.10875923851678442, 44.335881277799686], [-0.10875923851678442, 44.33613127779968], [-0.10950923851678442, 44.33613127779968], [-0.10950923851678442, 44.33604794446635], [-0.10959257185011775, 44.33604794446635], [-0.10959257185011775, 44.335964611133015], [-0.10967590518345108, 44.335964611133015], [-0.10967590518345108, 44.335714611133014], [-0.10950923851678442, 44.335714611133014], [-0.10950923851678442, 44.33554794446635], [-0.10925923851678442, 44.33554794446635], [-0.10925923851678442, 44.33546461113302]], [[-0.10959257185011775, 44.33371461113302], [-0.10950923851678442, 44.33371461113302], [-0.10950923851678442, 44.33379794446635], [-0.10959257185011775, 44.33379794446635], [-0.10959257185011775, 44.33371461113302]], [[-0.11009257185011775, 44.332714611133014], [-0.11009257185011775, 44.332631277799685], [-0.11000923851678442, 44.332631277799685], [-0.11000923851678442, 44.332714611133014], [-0.11009257185011775, 44.332714611133014]], [[-0.10992590518345108, 44.332714611133014], [-0.10992590518345108, 44.33279794446635], [-0.11000923851678442, 44.33279794446635], [-0.11000923851678442, 44.332714611133014], [-0.10992590518345108, 44.332714611133014]], [[-0.10975923851678442, 44.33279794446635], [-0.10975923851678442, 44.332881277799686], [-0.10992590518345108, 44.332881277799686], [-0.10992590518345108, 44.33279794446635], [-0.10975923851678442, 44.33279794446635]], [[-0.07375923851678441, 44.32071461113301], [-0.07367590518345109, 44.32071461113301], [-0.07367590518345109, 44.32079794446635], [-0.07359257185011775, 44.32079794446635], [-0.07359257185011775, 44.320881277799685], [-0.07350923851678441, 44.320881277799685], [-0.07350923851678441, 44.32104794446635], [-0.07334257185011775, 44.32104794446635], [-0.07334257185011775, 44.32113127779969], [-0.07359257185011775, 44.32113127779969], [-0.07359257185011775, 44.32104794446635], [-0.07367590518345109, 44.32104794446635], [-0.07367590518345109, 44.320964611133014], [-0.07375923851678441, 44.320964611133014], [-0.07375923851678441, 44.320881277799685], [-0.07392590518345109, 44.320881277799685], [-0.07392590518345109, 44.32104794446635], [-0.07384257185011775, 44.32104794446635], [-0.07384257185011775, 44.32113127779969], [-0.07400923851678441, 44.32113127779969], [-0.07400923851678441, 44.321214611133016], [-0.07409257185011775, 44.321214611133016], [-0.07409257185011775, 44.32129794446635], [-0.07434257185011775, 44.32129794446635], [-0.07434257185011775, 44.321214611133016], [-0.07442590518345109, 44.321214611133016], [-0.07442590518345109, 44.32113127779969], [-0.07450923851678441, 44.32113127779969], [-0.07450923851678441, 44.32079794446635], [-0.07442590518345109, 44.32079794446635], [-0.07442590518345109, 44.32071461113301], [-0.07425923851678441, 44.32071461113301], [-0.07425923851678441, 44.32054794446635], [-0.07400923851678441, 44.32054794446635], [-0.07400923851678441, 44.320509357571986], [-0.07390103346330318, 44.320518830348135], [-0.07384257185011775, 44.32052394835101], [-0.07384257185011775, 44.32054794446635], [-0.07375923851678441, 44.32054794446635], [-0.07375923851678441, 44.32071461113301]], [[-0.07284257185011775, 44.32129794446635], [-0.07284257185011775, 44.321214611133016], [-0.07292590518345109, 44.321214611133016], [-0.07292590518345109, 44.32113127779969], [-0.07300923851678441, 44.32113127779969], [-0.07300923851678441, 44.32104794446635], [-0.07309257185011775, 44.32104794446635], [-0.07309257185011775, 44.320964611133014], [-0.07317590518345109, 44.320964611133014], [-0.07317590518345109, 44.320881277799685], [-0.07305982728083936, 44.320881277799685], [-0.07305771034838014, 44.32088350805912], [-0.07258523396115169, 44.32138127779968], [-0.07267590518345109, 44.32138127779968], [-0.07267590518345109, 44.32129794446635], [-0.07284257185011775, 44.32129794446635]], [[-0.07109257185011775, 44.32304794446635], [-0.07109257185011775, 44.32296461113302], [-0.07125923851678441, 44.32296461113302], [-0.07125923851678441, 44.32279794446635], [-0.07134257185011775, 44.32279794446635], [-0.07134257185011775, 44.322714611133016], [-0.07142590518345109, 44.322714611133016], [-0.07142590518345109, 44.32263127779969], [-0.07150923851678441, 44.32263127779969], [-0.07150923851678441, 44.32254794446635], [-0.07167590518345109, 44.32254794446635], [-0.07167590518345109, 44.322464611133015], [-0.07192590518345109, 44.322464611133015], [-0.07192590518345109, 44.32254794446635], [-0.07217590518345109, 44.32254794446635], [-0.07217590518345109, 44.32263127779969], [-0.07250923851678441, 44.32263127779969], [-0.07250923851678441, 44.32254794446635], [-0.07259257185011775, 44.32254794446635], [-0.07259257185011775, 44.32263127779969], [-0.07275923851678441, 44.32263127779969], [-0.07275923851678441, 44.32279794446635], [-0.07300923851678441, 44.32279794446635], [-0.07300923851678441, 44.322714611133016], [-0.07342590518345109, 44.322714611133016], [-0.07342590518345109, 44.32288127779968], [-0.07392590518345109, 44.32288127779968], [-0.07392590518345109, 44.322714611133016], [-0.07417590518345109, 44.322714611133016], [-0.07417590518345109, 44.322131277799684], [-0.07409257185011775, 44.322131277799684], [-0.07409257185011775, 44.32204794446635], [-0.07367590518345109, 44.32204794446635], [-0.07367590518345109, 44.32196461113302], [-0.07342590518345109, 44.32196461113302], [-0.07342590518345109, 44.32188127779968], [-0.07334257185011775, 44.32188127779968], [-0.07334257185011775, 44.32196461113302], [-0.07317590518345109, 44.32196461113302], [-0.07317590518345109, 44.32204794446635], [-0.07300923851678441, 44.32204794446635], [-0.07300923851678441, 44.322131277799684], [-0.07259257185011775, 44.322131277799684], [-0.07259257185011775, 44.32204794446635], [-0.07234257185011775, 44.32204794446635], [-0.07234257185011775, 44.32188127779968], [-0.07242590518345109, 44.32188127779968], [-0.07242590518345109, 44.32179794446635], [-0.07250923851678441, 44.32179794446635], [-0.07250923851678441, 44.32146461113302], [-0.0725061350745337, 44.32146461113302], [-0.07062220000000012, 44.323449399999994], [-0.07060776055469757, 44.32346461113302], [-0.07100923851678441, 44.32346461113302], [-0.07100923851678441, 44.32304794446635], [-0.07109257185011775, 44.32304794446635]], [[-0.07034257185011775, 44.32379794446635], [-0.07034257185011775, 44.32374397232575], [-0.07029133781181741, 44.32379794446635], [-0.07034257185011775, 44.32379794446635]], [[-0.07013724702598735, 44.32571475020133], [-0.07025923851678442, 44.32580885316411], [-0.07025923851678442, 44.325714611133016], [-0.07013706674313476, 44.325714611133016], [-0.07013724702598735, 44.32571475020133]], [[-0.07050923851678442, 44.32596461113302], [-0.07046115720528026, 44.32596461113302], [-0.07050923851678442, 44.32600170055489], [-0.07050923851678442, 44.32596461113302]], [[-0.07067590518345108, 44.32729794446635], [-0.07092590518345109, 44.32729794446635], [-0.07092590518345109, 44.32713127779969], [-0.07084257185011775, 44.32713127779969], [-0.07084257185011775, 44.32704794446635], [-0.07092590518345109, 44.32704794446635], [-0.07092590518345109, 44.326881277799686], [-0.07084257185011775, 44.326881277799686], [-0.07084257185011775, 44.326698485766656], [-0.07016956771799063, 44.32713127779969], [-0.07042590518345108, 44.32713127779969], [-0.07042590518345108, 44.327214611133016], [-0.07067590518345108, 44.327214611133016], [-0.07067590518345108, 44.32729794446635]], [[-0.06917590518345108, 44.32796461113302], [-0.06992590518345108, 44.32796461113302], [-0.06992590518345108, 44.328131277799685], [-0.07000923851678442, 44.328131277799685], [-0.07000923851678442, 44.32804794446635], [-0.07009257185011775, 44.32804794446635], [-0.07009257185011775, 44.32796461113302], [-0.07025923851678442, 44.32796461113302], [-0.07025923851678442, 44.32804794446635], [-0.07050923851678442, 44.32804794446635], [-0.07050923851678442, 44.328131277799685], [-0.07092590518345109, 44.328131277799685], [-0.07092590518345109, 44.32821461113301], [-0.07150923851678441, 44.32821461113301], [-0.07150923851678441, 44.32804794446635], [-0.07142590518345109, 44.32804794446635], [-0.07142590518345109, 44.32779794446635], [-0.07125923851678441, 44.32779794446635], [-0.07125923851678441, 44.32763127779968], [-0.07117590518345109, 44.32763127779968], [-0.07117590518345109, 44.32754794446635], [-0.07092590518345109, 44.32754794446635], [-0.07092590518345109, 44.32771461113302], [-0.07067590518345108, 44.32771461113302], [-0.07067590518345108, 44.32763127779968], [-0.07017590518345108, 44.32763127779968], [-0.07017590518345108, 44.32754794446635], [-0.06952163899707166, 44.32754794446635], [-0.06951386957686002, 44.32755294078511], [-0.06900923851678442, 44.32787745632966], [-0.06900923851678442, 44.32788127779968], [-0.06917590518345108, 44.32788127779968], [-0.06917590518345108, 44.32796461113302]], [[-0.07892590518345108, 44.31563127779968], [-0.07892590518345108, 44.31554794446635], [-0.07850923851678442, 44.31554794446635], [-0.07850923851678442, 44.31563127779968], [-0.07834257185011775, 44.31563127779968], [-0.07834257185011775, 44.31571461113302], [-0.07817590518345108, 44.31571461113302], [-0.07817590518345108, 44.31563127779968], [-0.07809257185011775, 44.31563127779968], [-0.07809257185011775, 44.31571461113302], [-0.07784257185011775, 44.31571461113302], [-0.07784257185011775, 44.31579794446635], [-0.07692590518345108, 44.31579794446635], [-0.07692590518345108, 44.31588127779968], [-0.07684257185011775, 44.31588127779968], [-0.07684257185011775, 44.31596461113302], [-0.07675923851678441, 44.31596461113302], [-0.07675923851678441, 44.31604794446635], [-0.07659257185011775, 44.31604794446635], [-0.07659257185011775, 44.316131277799684], [-0.07634257185011775, 44.316131277799684], [-0.07634257185011775, 44.31621461113302], [-0.07617590518345108, 44.31621461113302], [-0.07617590518345108, 44.31629794446635], [-0.07609257185011775, 44.31629794446635], [-0.07609257185011775, 44.316381277799685], [-0.07567590518345109, 44.316381277799685], [-0.07567590518345109, 44.316464611133014], [-0.07559257185011775, 44.316464611133014], [-0.07559257185011775, 44.31654794446635], [-0.07542590518345109, 44.31654794446635], [-0.07542590518345109, 44.31663127779969], [-0.07534257185011775, 44.31663127779969], [-0.07534257185011775, 44.316714611133015], [-0.07525923851678441, 44.316714611133015], [-0.07525923851678441, 44.31679794446635], [-0.07517590518345109, 44.31679794446635], [-0.07517590518345109, 44.31688127779968], [-0.07509257185011775, 44.31688127779968], [-0.07509257185011775, 44.31704794446635], [-0.07542590518345109, 44.31704794446635], [-0.07542590518345109, 44.31713127779968], [-0.07600923851678441, 44.31713127779968], [-0.07600923851678441, 44.31721461113302], [-0.07609257185011775, 44.31721461113302], [-0.07609257185011775, 44.31713127779968], [-0.07617590518345108, 44.31713127779968], [-0.07617590518345108, 44.31704794446635], [-0.07625923851678441, 44.31704794446635], [-0.07625923851678441, 44.31713127779968], [-0.07654673625944437, 44.31713127779968], [-0.07654713237516445, 44.317131118864395], [-0.07709257185011775, 44.31691226974057], [-0.07709257185011775, 44.31688127779968], [-0.07716981331980517, 44.31688127779968], [-0.07734257185011775, 44.31681196112069], [-0.07734257185011775, 44.31679794446635], [-0.07737750567324696, 44.31679794446635], [-0.07737831870223873, 44.31679761825109], [-0.07750923851678442, 44.31674508870744], [-0.07750923851678442, 44.31663127779969], [-0.07759257185011775, 44.31663127779969], [-0.07759257185011775, 44.31654794446635], [-0.07767590518345108, 44.31654794446635], [-0.07767590518345108, 44.316464611133014], [-0.07775923851678442, 44.316464611133014], [-0.07775923851678442, 44.31629794446635], [-0.07784257185011775, 44.31629794446635], [-0.07784257185011775, 44.31621461113302], [-0.07809257185011775, 44.31621461113302], [-0.07809257185011775, 44.316131277799684], [-0.07850923851678442, 44.316131277799684], [-0.07850923851678442, 44.31621461113302], [-0.07883135214741034, 44.31621461113302], [-0.07883141019914482, 44.31621458784066], [-0.07892590518345108, 44.31617667319482], [-0.07892590518345108, 44.316131277799684], [-0.07875923851678442, 44.316131277799684], [-0.07875923851678442, 44.31604794446635], [-0.07900923851678442, 44.31604794446635], [-0.07900923851678442, 44.31563127779968], [-0.07892590518345108, 44.31563127779968]], [[-0.07809257185011775, 44.316511035261065], [-0.07825923851678442, 44.316444162847816], [-0.07825923851678442, 44.316381277799685], [-0.07817590518345108, 44.316381277799685], [-0.07817590518345108, 44.316464611133014], [-0.07809257185011775, 44.316464611133014], [-0.07809257185011775, 44.316511035261065]], [[-0.07200923851678441, 44.31838127779968], [-0.07192590518345109, 44.31838127779968], [-0.07192590518345109, 44.31829794446635], [-0.07175923851678441, 44.31829794446635], [-0.07175923851678441, 44.318214611133016], [-0.07155445423235232, 44.318214611133016], [-0.07232820000000169, 44.318823899999984], [-0.07234257185011775, 44.318818133518185], [-0.07234257185011775, 44.31871461113302], [-0.07225923851678441, 44.31871461113302], [-0.07225923851678441, 44.31863127779968], [-0.07209257185011775, 44.31863127779968], [-0.07209257185011775, 44.31854794446635], [-0.07200923851678441, 44.31854794446635], [-0.07200923851678441, 44.31838127779968]], [[-0.07113114885150076, 44.317881277799685], [-0.07117590518345109, 44.317881277799685], [-0.07117590518345109, 44.31779794446635], [-0.07109257185011775, 44.31779794446635], [-0.07109257185011775, 44.31785090020223], [-0.07113112160480269, 44.31788125634417], [-0.07113114885150076, 44.317881277799685]], [[-0.07209257185011775, 44.31499028352567], [-0.07209257185011775, 44.314964611133014], [-0.0720596096106299, 44.314964611133014], [-0.07209257185011775, 44.31499028352567]], [[-0.07125923851678441, 44.317881277799685], [-0.07125923851678441, 44.317964611133014], [-0.07142590518345109, 44.317964611133014], [-0.07142590518345109, 44.317881277799685], [-0.07125923851678441, 44.317881277799685]], [[-0.07259257185011775, 44.314964611133014], [-0.07259257185011775, 44.31504794446635], [-0.07292590518345109, 44.31504794446635], [-0.07292590518345109, 44.315131277799686], [-0.07317590518345109, 44.315131277799686], [-0.07317590518345109, 44.31504794446635], [-0.07309257185011775, 44.31504794446635], [-0.07309257185011775, 44.314964611133014], [-0.07284257185011775, 44.314964611133014], [-0.07284257185011775, 44.31479794446635], [-0.07275923851678441, 44.31479794446635], [-0.07275923851678441, 44.314881277799685], [-0.07267590518345109, 44.314881277799685], [-0.07267590518345109, 44.314964611133014], [-0.07259257185011775, 44.314964611133014]], [[-0.07425923851678441, 44.315214611133015], [-0.07425923851678441, 44.31529794446635], [-0.07442590518345109, 44.31529794446635], [-0.07442590518345109, 44.315214611133015], [-0.07425923851678441, 44.315214611133015]], [[-0.07542590518345109, 44.31479794446635], [-0.07542590518345109, 44.314964611133014], [-0.07559257185011775, 44.314964611133014], [-0.07559257185011775, 44.31479794446635], [-0.07542590518345109, 44.31479794446635]], [[-0.07625923851678441, 44.31454794446635], [-0.07625923851678441, 44.314631277799684], [-0.07634257185011775, 44.314631277799684], [-0.07634257185011775, 44.31454794446635], [-0.07625923851678441, 44.31454794446635]], [[-0.07634257185011775, 44.31438127779968], [-0.07634257185011775, 44.31446461113302], [-0.07659257185011775, 44.31446461113302], [-0.07659257185011775, 44.31429794446635], [-0.07642590518345108, 44.31429794446635], [-0.07642590518345108, 44.31438127779968], [-0.07634257185011775, 44.31438127779968]], [[-0.07759257185011775, 44.31571461113302], [-0.07759257185011775, 44.31563127779968], [-0.07767590518345108, 44.31563127779968], [-0.07767590518345108, 44.31546461113302], [-0.07759257185011775, 44.31546461113302], [-0.07759257185011775, 44.31554794446635], [-0.07750923851678442, 44.31554794446635], [-0.07750923851678442, 44.31563127779968], [-0.07742590518345108, 44.31563127779968], [-0.07742590518345108, 44.31571461113302], [-0.07759257185011775, 44.31571461113302]], [[-0.07817590518345108, 44.313464611133014], [-0.07809257185011775, 44.313464611133014], [-0.07809257185011775, 44.31354794446635], [-0.07817590518345108, 44.31354794446635], [-0.07817590518345108, 44.313464611133014]], [[-0.07800923851678442, 44.31354794446635], [-0.07800923851678442, 44.313631277799686], [-0.07809257185011775, 44.313631277799686], [-0.07809257185011775, 44.31354794446635], [-0.07800923851678442, 44.31354794446635]], [[-0.07792590518345108, 44.313631277799686], [-0.07792590518345108, 44.313714611133015], [-0.07800923851678442, 44.313714611133015], [-0.07800923851678442, 44.313631277799686], [-0.07792590518345108, 44.313631277799686]], [[-0.07175923851678441, 44.32438127779968], [-0.07175923851678441, 44.32446461113302], [-0.07184257185011775, 44.32446461113302], [-0.07184257185011775, 44.32438127779968], [-0.07175923851678441, 44.32438127779968]], [[-0.07242590518345109, 44.32329794446635], [-0.07242590518345109, 44.32304794446635], [-0.07217590518345109, 44.32304794446635], [-0.07217590518345109, 44.32296461113302], [-0.07200923851678441, 44.32296461113302], [-0.07200923851678441, 44.32313127779968], [-0.07184257185011775, 44.32313127779968], [-0.07184257185011775, 44.32321461113302], [-0.07175923851678441, 44.32321461113302], [-0.07175923851678441, 44.32329794446635], [-0.07242590518345109, 44.32329794446635]], [[-0.07284257185011775, 44.32296461113302], [-0.07284257185011775, 44.32304794446635], [-0.07292590518345109, 44.32304794446635], [-0.07292590518345109, 44.32296461113302], [-0.07284257185011775, 44.32296461113302]], [[-0.07367590518345109, 44.32346461113302], [-0.07359257185011775, 44.32346461113302], [-0.07359257185011775, 44.32354794446635], [-0.07367590518345109, 44.32354794446635], [-0.07367590518345109, 44.32346461113302]], [[-0.07350923851678441, 44.32354794446635], [-0.07350923851678441, 44.323631277799684], [-0.07359257185011775, 44.323631277799684], [-0.07359257185011775, 44.32354794446635], [-0.07350923851678441, 44.32354794446635]], [[-0.07467590518345109, 44.325131277799684], [-0.07467590518345109, 44.32504794446635], [-0.07442590518345109, 44.32504794446635], [-0.07442590518345109, 44.32479794446635], [-0.07417590518345109, 44.32479794446635], [-0.07417590518345109, 44.32488127779968], [-0.07392590518345109, 44.32488127779968], [-0.07392590518345109, 44.32504794446635], [-0.07409257185011775, 44.32504794446635], [-0.07409257185011775, 44.325131277799684], [-0.07467590518345109, 44.325131277799684]], [[-0.07500923851678441, 44.325381277799686], [-0.07500923851678441, 44.325464611133015], [-0.07525923851678441, 44.325464611133015], [-0.07525923851678441, 44.325381277799686], [-0.07500923851678441, 44.325381277799686]], [[-0.07584257185011775, 44.32446461113302], [-0.07584257185011775, 44.32454794446635], [-0.07600923851678441, 44.32454794446635], [-0.07600923851678441, 44.32446461113302], [-0.07584257185011775, 44.32446461113302]], [[-0.07742590518345108, 44.32588127779968], [-0.07742590518345108, 44.325714611133016], [-0.07750923851678442, 44.325714611133016], [-0.07750923851678442, 44.325464611133015], [-0.07759257185011775, 44.325464611133015], [-0.07759257185011775, 44.325381277799686], [-0.07742590518345108, 44.325381277799686], [-0.07742590518345108, 44.325464611133015], [-0.07725923851678441, 44.325464611133015], [-0.07725923851678441, 44.32588127779968], [-0.07742590518345108, 44.32588127779968]], [[-0.07750923851678442, 44.33279794446635], [-0.07750923851678442, 44.332881277799686], [-0.07759257185011775, 44.332881277799686], [-0.07759257185011775, 44.33279794446635], [-0.07750923851678442, 44.33279794446635]], [[-0.07750923851678442, 44.32521461113301], [-0.07750923851678442, 44.32529794446635], [-0.07767590518345108, 44.32529794446635], [-0.07767590518345108, 44.32521461113301], [-0.07750923851678442, 44.32521461113301]], [[-0.07784257185011775, 44.32479794446635], [-0.07784257185011775, 44.32488127779968], [-0.07775923851678442, 44.32488127779968], [-0.07775923851678442, 44.32496461113302], [-0.07767590518345108, 44.32496461113302], [-0.07767590518345108, 44.32504794446635], [-0.07792590518345108, 44.32504794446635], [-0.07792590518345108, 44.32479794446635], [-0.07784257185011775, 44.32479794446635]], [[-0.08042590518345108, 44.325131277799684], [-0.08042590518345108, 44.32521461113301], [-0.08067590518345108, 44.32521461113301], [-0.08067590518345108, 44.32529794446635], [-0.08167590518345108, 44.32529794446635], [-0.08167590518345108, 44.32521461113301], [-0.08184257185011774, 44.32521461113301], [-0.08184257185011774, 44.32504794446635], [-0.08117590518345108, 44.32504794446635], [-0.08117590518345108, 44.32496461113302], [-0.08067590518345108, 44.32496461113302], [-0.08067590518345108, 44.32504794446635], [-0.08050923851678442, 44.32504794446635], [-0.08050923851678442, 44.325131277799684], [-0.08042590518345108, 44.325131277799684]], [[-0.08225923851678442, 44.325131277799684], [-0.08225923851678442, 44.32529794446635], [-0.08234257185011774, 44.32529794446635], [-0.08234257185011774, 44.325131277799684], [-0.08225923851678442, 44.325131277799684]], [[-0.08334257185011774, 44.32563127779969], [-0.08334257185011774, 44.325714611133016], [-0.08359257185011774, 44.325714611133016], [-0.08359257185011774, 44.32554794446635], [-0.08342590518345108, 44.32554794446635], [-0.08342590518345108, 44.32563127779969], [-0.08334257185011774, 44.32563127779969]], [[-0.08650923851678441, 44.34154794446635], [-0.08650923851678441, 44.341631277799685], [-0.08667590518345109, 44.341631277799685], [-0.08667590518345109, 44.34154794446635], [-0.08650923851678441, 44.34154794446635]], [[-0.09842590518345108, 44.337714611133016], [-0.09842590518345108, 44.33763127779968], [-0.09825923851678442, 44.33763127779968], [-0.09825923851678442, 44.337714611133016], [-0.09800923851678442, 44.337714611133016], [-0.09800923851678442, 44.33788127779968], [-0.09850923851678442, 44.33788127779968], [-0.09850923851678442, 44.337714611133016], [-0.09842590518345108, 44.337714611133016]], [[-0.09992590518345108, 44.337214611133014], [-0.09992590518345108, 44.337131277799685], [-0.09975923851678442, 44.337131277799685], [-0.09975923851678442, 44.337214611133014], [-0.09967590518345108, 44.337214611133014], [-0.09967590518345108, 44.337381277799686], [-0.10000923851678442, 44.337381277799686], [-0.10000923851678442, 44.337214611133014], [-0.09992590518345108, 44.337214611133014]], [[-0.07250923851678441, 44.300464611133016], [-0.07234257185011775, 44.300464611133016], [-0.07234257185011775, 44.30038127779968], [-0.07225923851678441, 44.30038127779968], [-0.07225923851678441, 44.30029794446635], [-0.07200923851678441, 44.30029794446635], [-0.07200923851678441, 44.300214611133015], [-0.07184257185011775, 44.300214611133015], [-0.07184257185011775, 44.30029794446635], [-0.07192590518345109, 44.30029794446635], [-0.07192590518345109, 44.30038127779968], [-0.07200923851678441, 44.30038127779968], [-0.07200923851678441, 44.300464611133016], [-0.07209257185011775, 44.300464611133016], [-0.07209257185011775, 44.30054794446635], [-0.07217590518345109, 44.30054794446635], [-0.07217590518345109, 44.30063127779968], [-0.07225923851678441, 44.30063127779968], [-0.07225923851678441, 44.30071461113302], [-0.07242590518345109, 44.30071461113302], [-0.07242590518345109, 44.30079794446635], [-0.07275923851678441, 44.30079794446635], [-0.07275923851678441, 44.30088127779968], [-0.07300923851678441, 44.30088127779968], [-0.07300923851678441, 44.30079794446635], [-0.07292590518345109, 44.30079794446635], [-0.07292590518345109, 44.30071461113302], [-0.07275923851678441, 44.30071461113302], [-0.07275923851678441, 44.30063127779968], [-0.07267590518345109, 44.30063127779968], [-0.07267590518345109, 44.30054794446635], [-0.07250923851678441, 44.30054794446635], [-0.07250923851678441, 44.300464611133016]], [[-0.07384257185011775, 44.30238127779968], [-0.07375923851678441, 44.30238127779968], [-0.07375923851678441, 44.30246461113302], [-0.07384257185011775, 44.30246461113302], [-0.07384257185011775, 44.30238127779968]], [[-0.07484257185011775, 44.30154794446635], [-0.07475923851678441, 44.30154794446635], [-0.07475923851678441, 44.301631277799686], [-0.07484257185011775, 44.301631277799686], [-0.07484257185011775, 44.30154794446635]], [[-0.07717590518345108, 44.30271461113302], [-0.07700923851678441, 44.30271461113302], [-0.07700923851678441, 44.302964611133014], [-0.07717590518345108, 44.302964611133014], [-0.07717590518345108, 44.30271461113302]], [[-0.07992590518345108, 44.29829794446635], [-0.07975923851678442, 44.29829794446635], [-0.07975923851678442, 44.29796461113302], [-0.07967590518345108, 44.29796461113302], [-0.07967590518345108, 44.29754794446635], [-0.07975923851678442, 44.29754794446635], [-0.07975923851678442, 44.297464611133016], [-0.07992590518345108, 44.297464611133016], [-0.07992590518345108, 44.29738127779969], [-0.08000923851678442, 44.29738127779969], [-0.08000923851678442, 44.29729794446635], [-0.08025923851678442, 44.29729794446635], [-0.08025923851678442, 44.297214611133015], [-0.08059257185011776, 44.297214611133015], [-0.08059257185011776, 44.296881277799685], [-0.08050923851678442, 44.296881277799685], [-0.08050923851678442, 44.29671461113302], [-0.08059257185011776, 44.29671461113302], [-0.08059257185011776, 44.29654794446635], [-0.08050923851678442, 44.29654794446635], [-0.08050923851678442, 44.29646461113302], [-0.07942590518345108, 44.29646461113302], [-0.07942590518345108, 44.29654794446635], [-0.07875923851678442, 44.29654794446635], [-0.07875923851678442, 44.29646461113302], [-0.07867590518345108, 44.29646461113302], [-0.07867590518345108, 44.29654794446635], [-0.07834257185011775, 44.29654794446635], [-0.07834257185011775, 44.29663127779968], [-0.07825923851678442, 44.29663127779968], [-0.07825923851678442, 44.29671461113302], [-0.07817590518345108, 44.29671461113302], [-0.07817590518345108, 44.29679794446635], [-0.07809257185011775, 44.29679794446635], [-0.07809257185011775, 44.29696461113301], [-0.07792590518345108, 44.29696461113301], [-0.07792590518345108, 44.297131277799686], [-0.07784257185011775, 44.297131277799686], [-0.07784257185011775, 44.29729794446635], [-0.07775923851678442, 44.29729794446635], [-0.07775923851678442, 44.29738127779969], [-0.07767590518345108, 44.29738127779969], [-0.07767590518345108, 44.29763127779968], [-0.07759257185011775, 44.29763127779968], [-0.07759257185011775, 44.29771461113302], [-0.07767590518345108, 44.29771461113302], [-0.07767590518345108, 44.29779794446635], [-0.07792590518345108, 44.29779794446635], [-0.07792590518345108, 44.29771461113302], [-0.07842590518345108, 44.29771461113302], [-0.07842590518345108, 44.29796461113302], [-0.07875923851678442, 44.29796461113302], [-0.07875923851678442, 44.29804794446635], [-0.07900923851678442, 44.29804794446635], [-0.07900923851678442, 44.29821461113302], [-0.07909257185011775, 44.29821461113302], [-0.07909257185011775, 44.29829794446635], [-0.07917590518345108, 44.29829794446635], [-0.07917590518345108, 44.298464611133014], [-0.07909257185011775, 44.298464611133014], [-0.07909257185011775, 44.29854794446635], [-0.07917590518345108, 44.29854794446635], [-0.07917590518345108, 44.298631277799686], [-0.07900923851678442, 44.298631277799686], [-0.07900923851678442, 44.298714611133015], [-0.07884257185011775, 44.298714611133015], [-0.07884257185011775, 44.29888127779968], [-0.07909257185011775, 44.29888127779968], [-0.07909257185011775, 44.298964611133016], [-0.07925923851678442, 44.298964611133016], [-0.07925923851678442, 44.29879794446635], [-0.07934257185011775, 44.29879794446635], [-0.07934257185011775, 44.29888127779968], [-0.08009257185011776, 44.29888127779968], [-0.08009257185011776, 44.298714611133015], [-0.08017590518345108, 44.298714611133015], [-0.08017590518345108, 44.29854794446635], [-0.07992590518345108, 44.29854794446635], [-0.07992590518345108, 44.29829794446635]], [[-0.07792590518345108, 44.295714611133015], [-0.07784257185011775, 44.295714611133015], [-0.07784257185011775, 44.29579794446635], [-0.07792590518345108, 44.29579794446635], [-0.07792590518345108, 44.295714611133015]], [[-0.07992590518345108, 44.302964611133014], [-0.07984257185011776, 44.302964611133014], [-0.07984257185011776, 44.30304794446635], [-0.07992590518345108, 44.30304794446635], [-0.07992590518345108, 44.302964611133014]], [[-0.08167590518345108, 44.29754794446635], [-0.08142590518345108, 44.29754794446635], [-0.08142590518345108, 44.297464611133016], [-0.08134257185011774, 44.297464611133016], [-0.08134257185011774, 44.29738127779969], [-0.08109257185011774, 44.29738127779969], [-0.08109257185011774, 44.29729794446635], [-0.08075923851678442, 44.29729794446635], [-0.08075923851678442, 44.29738127779969], [-0.08067590518345108, 44.29738127779969], [-0.08067590518345108, 44.297464611133016], [-0.08109257185011774, 44.297464611133016], [-0.08109257185011774, 44.29754794446635], [-0.08117590518345108, 44.29754794446635], [-0.08117590518345108, 44.29771461113302], [-0.08167590518345108, 44.29771461113302], [-0.08167590518345108, 44.29788127779968], [-0.08192590518345108, 44.29788127779968], [-0.08192590518345108, 44.29796461113302], [-0.08200923851678442, 44.29796461113302], [-0.08200923851678442, 44.29804794446635], [-0.08242590518345108, 44.29804794446635], [-0.08242590518345108, 44.29788127779968], [-0.08234257185011774, 44.29788127779968], [-0.08234257185011774, 44.29779794446635], [-0.08217590518345108, 44.29779794446635], [-0.08217590518345108, 44.29771461113302], [-0.08184257185011774, 44.29771461113302], [-0.08184257185011774, 44.29763127779968], [-0.08167590518345108, 44.29763127779968], [-0.08167590518345108, 44.29754794446635]], [[-0.09059257185011775, 44.29904794446635], [-0.09050923851678441, 44.29904794446635], [-0.09050923851678441, 44.29921461113302], [-0.09067590518345109, 44.29921461113302], [-0.09067590518345109, 44.298964611133016], [-0.09059257185011775, 44.298964611133016], [-0.09059257185011775, 44.29904794446635]], [[-0.08517590518345108, 44.304381277799685], [-0.08517590518345108, 44.304464611133014], [-0.08509257185011775, 44.304464611133014], [-0.08509257185011775, 44.304631277799686], [-0.08442590518345108, 44.304631277799686], [-0.08442590518345108, 44.304714611133015], [-0.08450923851678442, 44.304714611133015], [-0.08450923851678442, 44.30479794446635], [-0.08475923851678442, 44.30479794446635], [-0.08475923851678442, 44.30488127779968], [-0.08559257185011775, 44.30488127779968], [-0.08559257185011775, 44.304714611133015], [-0.08567590518345108, 44.304714611133015], [-0.08567590518345108, 44.304631277799686], [-0.08575923851678442, 44.304631277799686], [-0.08575923851678442, 44.30454794446635], [-0.08550923851678442, 44.30454794446635], [-0.08550923851678442, 44.304464611133014], [-0.08525923851678442, 44.304464611133014], [-0.08525923851678442, 44.304381277799685], [-0.08517590518345108, 44.304381277799685]], [[-0.08750923851678441, 44.301964611133016], [-0.08750923851678441, 44.30213127779968], [-0.08759257185011775, 44.30213127779968], [-0.08759257185011775, 44.301964611133016], [-0.08750923851678441, 44.301964611133016]], [[-0.09600923851678442, 44.31021461113302], [-0.09600923851678442, 44.310131277799684], [-0.09567590518345108, 44.310131277799684], [-0.09567590518345108, 44.31021461113302], [-0.09584257185011776, 44.31021461113302], [-0.09584257185011776, 44.31029794446635], [-0.09609257185011774, 44.31029794446635], [-0.09609257185011774, 44.31021461113302], [-0.09600923851678442, 44.31021461113302]], [[-0.10259257185011775, 44.30871461113302], [-0.10259257185011775, 44.30879794446635], [-0.10284257185011775, 44.30879794446635], [-0.10284257185011775, 44.30871461113302], [-0.10259257185011775, 44.30871461113302]], [[-0.10417590518345107, 44.30929794446635], [-0.10417590518345107, 44.30938127779968], [-0.10442590518345107, 44.30938127779968], [-0.10442590518345107, 44.309214611133015], [-0.10425923851678442, 44.309214611133015], [-0.10425923851678442, 44.30929794446635], [-0.10417590518345107, 44.30929794446635]], [[-0.10450923851678443, 44.30938127779968], [-0.10450923851678443, 44.309464611133016], [-0.10459257185011775, 44.309464611133016], [-0.10459257185011775, 44.30938127779968], [-0.10450923851678443, 44.30938127779968]]]}}, {"type": "Feature", "properties": {"klasse": "Wald"}, "geometry": {"type": "Polygon", "coordinates": [[[-0.14767590518345108, 44.30885349947933], [-0.14767590518345108, 44.308734611587276], [-0.14771681499370126, 44.30881071308254], [-0.14767590518345108, 44.30885349947933]]]}}, {"type": "Feature", "properties": {"klasse": "Wald"}, "geometry": {"type": "Polygon", "coordinates": [[[-0.14779618328282934, 44.31004794446635], [-0.14784257185011773, 44.31004794446635], [-0.14784257185011773, 44.31006206901213], [-0.14779618328282934, 44.31004794446635]]]}}, {"type": "Feature", "properties": {"klasse": "Wald"}, "geometry": {"type": "Polygon", "coordinates": [[[-0.15825923851678442, 44.34529794446635], [-0.15825923851678442, 44.34563127779968], [-0.1581759051834511, 44.34563127779968], [-0.1581759051834511, 44.34571461113302], [-0.1576759051834511, 44.34571461113302], [-0.1576759051834511, 44.34563127779968], [-0.15759257185011774, 44.34563127779968], [-0.15759257185011774, 44.34546461113302], [-0.1576759051834511, 44.34546461113302], [-0.1576759051834511, 44.34538127779968], [-0.15784257185011774, 44.34538127779968], [-0.15784257185011774, 44.34529794446635], [-0.15825923851678442, 44.34529794446635]]]}}, {"type": "Feature", "properties": {"klasse": "Wald"}, "geometry": {"type": "Polygon", "coordinates": [[[-0.15450923851678441, 44.34571461113302], [-0.15450923851678441, 44.34563127779968], [-0.15459257185011774, 44.34563127779968], [-0.15459257185011774, 44.34579794446635], [-0.1544259051834511, 44.34579794446635], [-0.1544259051834511, 44.34571461113302], [-0.15450923851678441, 44.34571461113302]]]}}, {"type": "Feature", "properties": {"klasse": "Wald"}, "geometry": {"type": "Polygon", "coordinates": [[[-0.15159257185011774, 44.345881277799684], [-0.15159257185011774, 44.34579794446635], [-0.1516759051834511, 44.34579794446635], [-0.1516759051834511, 44.34571461113302], [-0.15209257185011774, 44.34571461113302], [-0.15209257185011774, 44.34604794446635], [-0.1520092385167844, 44.34604794446635], [-0.1520092385167844, 44.34629794446635], [-0.1517592385167844, 44.34629794446635], [-0.1517592385167844, 44.346214611133014], [-0.1515092385167844, 44.346214611133014], [-0.1515092385167844, 44.346131277799685], [-0.1514259051834511, 44.346131277799685], [-0.1514259051834511, 44.34596461113302], [-0.1515092385167844, 44.34596461113302], [-0.1515092385167844, 44.345881277799684], [-0.15159257185011774, 44.345881277799684]]]}}, {"type": "Feature", "properties": {"klasse": "Wald"}, "geometry": {"type": "Polygon", "coordinates": [[[-0.1537592385167844, 44.346131277799685], [-0.1537592385167844, 44.346214611133014], [-0.1535092385167844, 44.346214611133014], [-0.1535092385167844, 44.346131277799685], [-0.15359257185011774, 44.346131277799685], [-0.15359257185011774, 44.34604794446635], [-0.1536759051834511, 44.34604794446635], [-0.1536759051834511, 44.34596461113302], [-0.15384257185011774, 44.34596461113302], [-0.15384257185011774, 44.346131277799685], [-0.1537592385167844, 44.346131277799685]]]}}, {"type": "Feature", "properties": {"klasse": "Wald"}, "geometry": {"type": "Polygon", "coordinates": [[[-0.15634257185011774, 44.34679794446635], [-0.15634257185011774, 44.34671461113302], [-0.1564259051834511, 44.34671461113302], [-0.1564259051834511, 44.34688127779968], [-0.15625923851678442, 44.34688127779968], [-0.15625923851678442, 44.34679794446635], [-0.15634257185011774, 44.34679794446635]]]}}, {"type": "Feature", "properties": {"klasse": "Wald"}, "geometry": {"type": "Polygon", "coordinates": [[[-0.16200923851678442, 44.34746461113302], [-0.16200923851678442, 44.347714611133014], [-0.16234257185011775, 44.347714611133014], [-0.16234257185011775, 44.347631277799685], [-0.16240258307452873, 44.347631277799685], [-0.1626598999999997, 44.347177599999995], [-0.1638425718501179, 44.34718907865602], [-0.1638425718501179, 44.34840133879606], [-0.1637752394451626, 44.34829794446635], [-0.16375923851678442, 44.34829794446635], [-0.16375923851678442, 44.34827337375236], [-0.1637209711524775, 44.34821461113302], [-0.16359257185011775, 44.34821461113302], [-0.16359257185011775, 44.34813127779968], [-0.16350923851678442, 44.34813127779968], [-0.16350923851678442, 44.34806057427852], [-0.16222889999999912, 44.3479375], [-0.16226078810150613, 44.34788127779969], [-0.16150923851678442, 44.34788127779969], [-0.16150923851678442, 44.34754794446635], [-0.16159257185011774, 44.34754794446635], [-0.16159257185011774, 44.34746461113302], [-0.16167590518345107, 44.34746461113302], [-0.16167590518345107, 44.34721461113302], [-0.16192590518345107, 44.34721461113302], [-0.16192590518345107, 44.34746461113302], [-0.16200923851678442, 44.34746461113302]]]}}, {"type": "Feature", "properties": {"klasse": "Wald"}, "geometry": {"type": "Polygon", "coordinates": [[[-0.15484257185011774, 44.347964611133015], [-0.15484257185011774, 44.34788127779969], [-0.15500923851678441, 44.34788127779969], [-0.15500923851678441, 44.347964611133015], [-0.15484257185011774, 44.347964611133015]]]}}, {"type": "Feature", "properties": {"klasse": "Wald"}, "geometry": {"type": "Polygon", "coordinates": [[[-0.1529259051834511, 44.347964611133015], [-0.1529259051834511, 44.34788127779969], [-0.15309257185011774, 44.34788127779969], [-0.15309257185011774, 44.347964611133015], [-0.1529259051834511, 44.347964611133015]]]}}, {"type": "Feature", "properties": {"klasse": "Wald"}, "geometry": {"type": "Polygon", "coordinates": [[[-0.16025923851678442, 44.34813127779968], [-0.16025923851678442, 44.34804794446635], [-0.16034257185011774, 44.34804794446635], [-0.16034257185011774, 44.347964611133015], [-0.16042590518345107, 44.347964611133015], [-0.16042590518345107, 44.34788127779969], [-0.16059257185011774, 44.34788127779969], [-0.16059257185011774, 44.34813127779968], [-0.16025923851678442, 44.34813127779968]]]}}, {"type": "Feature", "properties": {"klasse": "Wald"}, "geometry": {"type": "Polygon", "coordinates": [[[-0.15575923851678442, 44.34754794446635], [-0.15575923851678442, 44.347631277799685], [-0.15584257185011774, 44.347631277799685], [-0.15584257185011774, 44.347714611133014], [-0.15600923851678442, 44.347714611133014], [-0.15600923851678442, 44.34804794446635], [-0.1559259051834511, 44.34804794446635], [-0.1559259051834511, 44.34846461113302], [-0.1556759051834511, 44.34846461113302], [-0.1556759051834511, 44.34838127779968], [-0.15559257185011774, 44.34838127779968], [-0.15559257185011774, 44.34829794446635], [-0.1554259051834511, 44.34829794446635], [-0.1554259051834511, 44.34788127779969], [-0.15559257185011774, 44.34788127779969], [-0.15559257185011774, 44.34754794446635], [-0.15575923851678442, 44.34754794446635]]]}}, {"type": "Feature", "properties": {"klasse": "Wald"}, "geometry": {"type": "Polygon", "coordinates": [[[-0.15934257185011774, 44.34813127779968], [-0.15934257185011774, 44.34804794446635], [-0.15942590518345107, 44.34804794446635], [-0.15942590518345107, 44.347964611133015], [-0.15959257185011774, 44.347964611133015], [-0.15959257185011774, 44.34804794446635], [-0.15975923851678442, 44.34804794446635], [-0.15975923851678442, 44.34813127779968], [-0.15934257185011774, 44.34813127779968]]]}}, {"type": "Feature", "properties": {"klasse": "Wald"}, "geometry": {"type": "Polygon", "coordinates": [[[-0.1530092385167844, 44.34813127779968], [-0.1530092385167844, 44.34804794446635], [-0.1531759051834511, 44.34804794446635], [-0.1531759051834511, 44.34813127779968], [-0.1530092385167844, 44.34813127779968]]]}}, {"type": "Feature", "properties": {"klasse": "Wald"}, "geometry": {"type": "Polygon", "coordinates": [[[-0.1544259051834511, 44.347964611133015], [-0.1544259051834511, 44.34804794446635], [-0.15459257185011774, 44.34804794446635], [-0.15459257185011774, 44.34813127779968], [-0.15450923851678441, 44.34813127779968], [-0.15450923851678441, 44.34821461113302], [-0.1542592385167844, 44.34821461113302], [-0.1542592385167844, 44.34829794446635], [-0.1541759051834511, 44.34829794446635], [-0.1541759051834511, 44.34838127779968], [-0.1537592385167844, 44.34838127779968], [-0.1537592385167844, 44.34829794446635], [-0.1539259051834511, 44.34829794446635], [-0.1539259051834511, 44.34813127779968], [-0.1540092385167844, 44.34813127779968], [-0.1540092385167844, 44.34804794446635], [-0.1541759051834511, 44.34804794446635], [-0.1541759051834511, 44.347964611133015], [-0.1544259051834511, 44.347964611133015]]]}}, {"type": "Feature", "properties": {"klasse": "Wald"}, "geometry": {"type": "Polygon", "coordinates": [[[-0.1541759051834511, 44.349214611133014], [-0.1541759051834511, 44.349131277799685], [-0.1537592385167844, 44.349131277799685], [-0.1537592385167844, 44.34904794446635], [-0.15384257185011774, 44.34904794446635], [-0.15384257185011774, 44.34896461113302], [-0.1539259051834511, 44.34896461113302], [-0.1539259051834511, 44.348881277799684], [-0.1540092385167844, 44.348881277799684], [-0.1540092385167844, 44.34879794446635], [-0.15409257185011774, 44.34879794446635], [-0.15409257185011774, 44.34863127779968], [-0.1541759051834511, 44.34863127779968], [-0.1541759051834511, 44.34846461113302], [-0.1542592385167844, 44.34846461113302], [-0.1542592385167844, 44.34838127779968], [-0.15434257185011774, 44.34838127779968], [-0.15434257185011774, 44.34854794446635], [-0.1544259051834511, 44.34854794446635], [-0.1544259051834511, 44.34863127779968], [-0.15459257185011774, 44.34863127779968], [-0.15459257185011774, 44.34871461113302], [-0.15484257185011774, 44.34871461113302], [-0.15484257185011774, 44.34879794446635], [-0.15500923851678441, 44.34879794446635], [-0.15500923851678441, 44.348881277799684], [-0.1551759051834511, 44.348881277799684], [-0.1551759051834511, 44.34896461113302], [-0.1554259051834511, 44.34896461113302], [-0.1554259051834511, 44.34904794446635], [-0.1559259051834511, 44.34904794446635], [-0.1559259051834511, 44.34896461113302], [-0.15600923851678442, 44.34896461113302], [-0.15600923851678442, 44.348881277799684], [-0.15675923851678442, 44.348881277799684], [-0.15675923851678442, 44.34879794446635], [-0.1569259051834511, 44.34879794446635], [-0.1569259051834511, 44.34871461113302], [-0.15700923851678442, 44.34871461113302], [-0.15700923851678442, 44.34863127779968], [-0.15709257185011774, 44.34863127779968], [-0.15709257185011774, 44.34854794446635], [-0.1571759051834511, 44.34854794446635], [-0.1571759051834511, 44.34838127779968], [-0.15725923851678442, 44.34838127779968], [-0.15725923851678442, 44.34829794446635], [-0.1574259051834511, 44.34829794446635], [-0.1574259051834511, 44.34813127779968], [-0.15759257185011774, 44.34813127779968], [-0.15759257185011774, 44.34804794446635], [-0.1576759051834511, 44.34804794446635], [-0.1576759051834511, 44.347964611133015], [-0.15784257185011774, 44.347964611133015], [-0.15784257185011774, 44.34804794446635], [-0.15800923851678442, 44.34804794446635], [-0.15800923851678442, 44.34813127779968], [-0.15809257185011774, 44.34813127779968], [-0.15809257185011774, 44.34838127779968], [-0.1581759051834511, 44.34838127779968], [-0.1581759051834511, 44.34854794446635], [-0.15834257185011774, 44.34854794446635], [-0.15834257185011774, 44.34863127779968], [-0.1586759051834511, 44.34863127779968], [-0.1586759051834511, 44.34871461113302], [-0.15884257185011774, 44.34871461113302], [-0.15884257185011774, 44.34879794446635], [-0.15892590518345107, 44.34879794446635], [-0.15892590518345107, 44.34904794446635], [-0.15959257185011774, 44.34904794446635], [-0.15959257185011774, 44.349214611133014], [-0.15967590518345107, 44.349214611133014], [-0.15967590518345107, 44.349131277799685], [-0.15992590518345107, 44.349131277799685], [-0.15992590518345107, 44.34904794446635], [-0.16017590518345107, 44.34904794446635], [-0.16017590518345107, 44.349464611133016], [-0.16042590518345107, 44.349464611133016], [-0.16042590518345107, 44.34971461113302], [-0.16017590518345107, 44.34971461113302], [-0.16017590518345107, 44.34963127779968], [-0.15992590518345107, 44.34963127779968], [-0.15992590518345107, 44.34954794446635], [-0.15984257185011774, 44.34954794446635], [-0.15984257185011774, 44.34963127779968], [-0.15975923851678442, 44.34963127779968], [-0.15975923851678442, 44.34971461113302], [-0.15826569281699826, 44.34971461113302], [-0.1562370211116201, 44.34971461113302], [-0.15450923851678441, 44.34971461113302], [-0.15450923851678441, 44.34963127779968], [-0.1546759051834511, 44.34963127779968], [-0.1546759051834511, 44.34938127779969], [-0.15450923851678441, 44.34938127779969], [-0.15450923851678441, 44.34929794446635], [-0.1544259051834511, 44.34929794446635], [-0.1544259051834511, 44.349214611133014], [-0.1541759051834511, 44.349214611133014]]]}}, {"type": "Feature", "properties": {"klasse": "Wald"}, "geometry": {"type": "Polygon", "coordinates": [[[-0.16125923851678442, 44.34971461113302], [-0.16125923851678442, 44.34963127779968], [-0.16142590518345107, 44.34963127779968], [-0.16142590518345107, 44.34971461113302], [-0.16125923851678442, 44.34971461113302]]]}}, {"type": "Feature", "properties": {"klasse": "Wald"}, "geometry": {"type": "Polygon", "coordinates": [[[-0.14634257185011776, 44.299964611133014], [-0.14634257185011776, 44.299881277799685], [-0.1465092385167844, 44.299881277799685], [-0.1465092385167844, 44.299964611133014], [-0.14634257185011776, 44.299964611133014]]]}}, {"type": "Feature", "properties": {"klasse": "Wald"}, "geometry": {"type": "Polygon", "coordinates": [[[-0.14584257185011776, 44.30113127779968], [-0.14584257185011776, 44.30121461113302], [-0.1457592385167844, 44.30121461113302], [-0.1457592385167844, 44.30129794446635], [-0.14542590518345108, 44.30129794446635], [-0.14542590518345108, 44.30121461113302], [-0.1455092385167844, 44.30121461113302], [-0.1455092385167844, 44.30113127779968], [-0.14559257185011776, 44.30113127779968], [-0.14559257185011776, 44.30104794446635], [-0.14567590518345108, 44.30104794446635], [-0.14567590518345108, 44.30113127779968], [-0.14584257185011776, 44.30113127779968]]]}}, {"type": "Feature", "properties": {"klasse": "Wald"}, "geometry": {"type": "Polygon", "coordinates": [[[-0.14334257185011776, 44.304464611133014], [-0.14334257185011776, 44.304381277799685], [-0.14342590518345108, 44.304381277799685], [-0.14342590518345108, 44.304464611133014], [-0.14334257185011776, 44.304464611133014]]]}}, {"type": "Feature", "properties": {"klasse": "Wald"}, "geometry": {"type": "Polygon", "coordinates": [[[-0.14574375716106217, 44.30838127779968], [-0.1457592385167844, 44.30838127779968], [-0.1457592385167844, 44.30838314746503], [-0.14574375716106217, 44.30838127779968]]]}}, {"type": "Feature", "properties": {"klasse": "Wald"}, "geometry": {"type": "Polygon", "coordinates": [[[-0.14752249561880365, 44.30996461113302], [-0.14767590518345108, 44.30996461113302], [-0.14767590518345108, 44.31001132178924], [-0.14752249561880365, 44.30996461113302]]]}}, {"type": "Feature", "properties": {"klasse": "Wald"}, "geometry": {"type": "Polygon", "coordinates": [[[-0.14709257185011776, 44.310381277799685], [-0.1470092385167844, 44.310381277799685], [-0.1470092385167844, 44.31029794446635], [-0.14709257185011776, 44.31029794446635], [-0.14709257185011776, 44.310290971337885], [-0.14731656932623852, 44.310631277799686], [-0.14709257185011776, 44.310631277799686], [-0.14709257185011776, 44.310381277799685]]]}}, {"type": "Feature", "properties": {"klasse": "Wald"}, "geometry": {"type": "Polygon", "coordinates": [[[-0.14737142122720892, 44.310714611133015], [-0.14734257185011773, 44.310714611133015], [-0.14734257185011773, 44.31067078193631], [-0.14737142122720892, 44.310714611133015]]]}}, {"type": "Feature", "properties": {"klasse": "Wald"}, "geometry": {"type": "Polygon", "coordinates": [[[-0.13759257185011775, 44.31696461113302], [-0.13761230462408783, 44.31696461113302], [-0.1375927819106665, 44.31698150432489], [-0.13759257185011775, 44.31698172992561], [-0.13759257185011775, 44.31696461113302]]]}}, {"type": "Feature", "properties": {"klasse": "Wald"}, "geometry": {"type": "Polygon", "coordinates": [[[-0.1319259051834511, 44.31738127779968], [-0.1319259051834511, 44.31729794446635], [-0.13209257185011775, 44.31729794446635], [-0.13209257185011775, 44.31746461113302], [-0.13225923851678442, 44.31746461113302], [-0.13225923851678442, 44.31754794446635], [-0.13234257185011775, 44.31754794446635], [-0.13234257185011775, 44.317881277799685], [-0.13225923851678442, 44.317881277799685], [-0.13225923851678442, 44.31771461113302], [-0.13200923851678442, 44.31771461113302], [-0.13200923851678442, 44.317631277799684], [-0.13175923851678442, 44.317631277799684], [-0.13175923851678442, 44.31746461113302], [-0.13184257185011775, 44.31746461113302], [-0.13184257185011775, 44.31738127779968], [-0.1319259051834511, 44.31738127779968]]]}}, {"type": "Feature", "properties": {"klasse": "Wald"}, "geometry": {"type": "Polygon", "coordinates": [[[-0.1465092385167844, 44.322187312475464], [-0.1465092385167844, 44.322131277799684], [-0.14655515613419762, 44.322131277799684], [-0.1465092385167844, 44.322187312475464]]]}}, {"type": "Feature", "properties": {"klasse": "Wald"}, "geometry": {"type": "Polygon", "coordinates": [[[-0.09975466852943683, 44.29763127779968], [-0.09975200124336107, 44.2976321733776], [-0.0997250237847673, 44.297643725550444], [-0.099699793090108, 44.29765716025943], [-0.09967656292053398, 44.297672342383756], [-0.09967590518345108, 44.29767286794818], [-0.09967590518345108, 44.29763127779968], [-0.09975466852943683, 44.29763127779968]]]}}, {"type": "Feature", "properties": {"klasse": "Wald"}, "geometry": {"type": "Polygon", "coordinates": [[[-0.10142590518345108, 44.303131277799686], [-0.10142590518345108, 44.30304794446635], [-0.10150923851678442, 44.30304794446635], [-0.10150923851678442, 44.303131277799686], [-0.10142590518345108, 44.303131277799686]]]}}, {"type": "Feature", "properties": {"klasse": "Wald"}, "geometry": {"type": "Polygon", "coordinates": [[[-0.10400923851678442, 44.30404794446635], [-0.10400923851678442, 44.30396461113302], [-0.10409257185011775, 44.30396461113302], [-0.10409257185011775, 44.30404794446635], [-0.10400923851678442, 44.30404794446635]]]}}, {"type": "Feature", "properties": {"klasse": "Wald"}, "geometry": {"type": "Polygon", "coordinates": [[[-0.08475923851678442, 44.29488127779968], [-0.08475923851678442, 44.29496461113302], [-0.08467590518345108, 44.29496461113302], [-0.08467590518345108, 44.29504794446635], [-0.08459257185011775, 44.29504794446635], [-0.08459257185011775, 44.29513127779968], [-0.08450923851678442, 44.29513127779968], [-0.08450923851678442, 44.29521461113302], [-0.08442590518345108, 44.29521461113302], [-0.08442590518345108, 44.29546461113301], [-0.08434257185011775, 44.29546461113301], [-0.08434257185011775, 44.29554794446635], [-0.08425923851678442, 44.29554794446635], [-0.08425923851678442, 44.295714611133015], [-0.08417590518345108, 44.295714611133015], [-0.08417590518345108, 44.295964611133016], [-0.08467590518345108, 44.295964611133016], [-0.08467590518345108, 44.295997761389756], [-0.0843066864684262, 44.29601071656933], [-0.08424068105645702, 44.29599428212522], [-0.08421293931897474, 44.29598839046823], [-0.08418455899120843, 44.29598436247571], [-0.0841557822376376, 44.29598223251775], [-0.08412685460524814, 44.29598201876882], [-0.08409802292838012, 44.295983723052736], [-0.08406953322261253, 44.295987330827074], [-0.08394073207298364, 44.296008087750934], [-0.08382839363877655, 44.29600619303521], [-0.08373109873644217, 44.29587936049092], [-0.08371569431471476, 44.29586133932633], [-0.08369800161127844, 44.29584443679756], [-0.08367817700804533, 44.29582880230045], [-0.08365639572966181, 44.295814574023], [-0.0836328502947338, 44.295801877724], [-0.08360774881421693, 44.29579082562157], [-0.08324834960405965, 44.295648826115396], [-0.08323993589008795, 44.29564562053201], [-0.08303073638883915, 44.295568820805165], [-0.0830024501321367, 44.29555967569717], [-0.08297304296951372, 44.29555258526347], [-0.0829428034145949, 44.295547619068145], [-0.08291202814730726, 44.295544825834334], [-0.08288101910323491, 44.295544232966336], [-0.08272614153517979, 44.2955467841165], [-0.0826140536534579, 44.29550767124764], [-0.08235519719848362, 44.29536435805063], [-0.08233317940088172, 44.295353218256516], [-0.0823099104002444, 44.295343478347135], [-0.08228556228815932, 44.29533521035609], [-0.08200656306562015, 44.29525081067245], [-0.08198297498249409, 44.2952444644777], [-0.08195875308738754, 44.29523950032814], [-0.081384755055761, 44.29513960074983], [-0.08135560706496299, 44.29513556734758], [-0.0813260583146917, 44.2951335341432], [-0.08099345957697814, 44.29512203422077], [-0.08095063996613698, 44.295122659420585], [-0.08072862084468681, 44.29513684982465], [-0.08057568890922823, 44.29508994524777], [-0.08054854916922514, 44.29508266782044], [-0.08052058925361924, 44.29507722272431], [-0.08049204841408397, 44.29507365655267], [-0.08046317087304176, 44.29507199982099], [-0.08043420373393502, 44.29507226670576], [-0.08040539486684785, 44.295074454923174], [-0.0803769907875615, 44.29507854574871], [-0.08025587942498975, 44.295100217185066], [-0.07999759385383658, 44.29503192365529], [-0.07996980985452842, 44.29502561478091], [-0.07994132969493847, 44.29502118796712], [-0.07991239994661108, 44.29501868153968], [-0.07988327107332654, 44.29501811719825], [-0.07985419526273382, 44.29501949982868], [-0.07965247095605146, 44.29503589046789], [-0.07949184271287583, 44.29498628124425], [-0.07933025634109156, 44.29489632521543], [-0.07930475384370268, 44.29488353172644], [-0.07927761000738372, 44.29487261850342], [-0.0792490926491414, 44.29486369322219], [-0.07909359311000674, 44.294821493384525], [-0.07906876761106038, 44.2948155943426], [-0.07904334345820443, 44.29481120335822], [-0.07868237457987144, 44.29476020567023], [-0.07853645951095978, 44.29470348684957], [-0.07850779575016577, 44.294693660252854], [-0.07847789359568992, 44.294685969460616], [-0.07844706062241553, 44.29468049358048], [-0.07841561397930613, 44.29467728893738], [-0.07823861464299792, 44.29466578899875], [-0.0782106150548056, 44.29466487433303], [-0.07818261374451986, 44.29466576138123], [-0.07815483500830811, 44.294668443037864], [-0.0777528036060552, 44.294720500874256], [-0.07748100678532932, 44.29462319636778], [-0.07745437608275946, 44.294614748348216], [-0.07742676819319554, 44.294608112986246], [-0.0773984217004033, 44.294603347623685], [-0.07736958157082875, 44.29460049344202], [-0.07734049703668897, 44.294599575106574], [-0.07731141944221734, 44.29460060055343], [-0.0770957981728905, 44.29461544441013], [-0.07699220248765128, 44.29459202234272], [-0.07666783824009124, 44.29444301709494], [-0.0766376625507804, 44.294430789065586], [-0.07660579084725039, 44.29442103000969], [-0.07657261324202158, 44.294413859378594], [-0.0764002884503606, 44.29438397030394], [-0.07638661905965768, 44.29438127779969], [-0.08517590518345108, 44.29438127779969], [-0.08517590518345108, 44.294464611133016], [-0.08509257185011775, 44.294464611133016], [-0.08509257185011775, 44.29471461113302], [-0.08492590518345108, 44.29471461113302], [-0.08492590518345108, 44.29479794446635], [-0.08484257185011775, 44.29479794446635], [-0.08484257185011775, 44.29488127779968], [-0.08475923851678442, 44.29488127779968]]]}}, {"type": "Feature", "properties": {"klasse": "Wald"}, "geometry": {"type": "Polygon", "coordinates": [[[-0.09302809915854543, 44.29693230843921], [-0.09305285539173941, 44.29696461113301], [-0.09300923851678441, 44.29696461113301], [-0.09300923851678441, 44.29692848709376], [-0.09301296572583806, 44.296928943282246], [-0.09302809915854543, 44.29693230843921]]]}}, {"type": "Feature", "properties": {"klasse": "Wald"}, "geometry": {"type": "Polygon", "coordinates": [[[-0.09313395447231536, 44.29703713254595], [-0.09315417478845955, 44.29704794446635], [-0.09309257185011775, 44.29704794446635], [-0.09309257185011775, 44.29700763618206], [-0.09311188388123931, 44.29702280340679], [-0.09313395447231536, 44.29703713254595]]]}}, {"type": "Feature", "properties": {"klasse": "Wald"}, "geometry": {"type": "Polygon", "coordinates": [[[-0.09450923851678442, 44.297214611133015], [-0.09450923851678442, 44.29716713484536], [-0.09459091350031275, 44.29721000243291], [-0.09460066192471726, 44.297214611133015], [-0.09450923851678442, 44.297214611133015]]]}}, {"type": "Feature", "properties": {"klasse": "Wald"}, "geometry": {"type": "Polygon", "coordinates": [[[-0.09350923851678442, 44.29729794446635], [-0.09350923851678442, 44.297214611133015], [-0.09325923851678442, 44.297214611133015], [-0.09325923851678442, 44.297131277799686], [-0.09317590518345108, 44.297131277799686], [-0.09317590518345108, 44.29705776683376], [-0.0931832612105491, 44.2970609692784], [-0.09321005237535873, 44.2970702617494], [-0.09323795041457854, 44.297077686439756], [-0.09335595079100177, 44.29710458654725], [-0.0933839814562082, 44.2971099639219], [-0.09341258472620885, 44.29711345521223], [-0.09344151511679798, 44.29711503045458], [-0.0934705243361909, 44.29711467612952], [-0.09349936341601542, 44.29711239527793], [-0.09352778484812782, 44.2971082074749], [-0.09355554470891003, 44.297102148661686], [-0.0935824047527692, 44.297094270837285], [-0.09370448943100519, 44.29705362893294], [-0.0938527867923199, 44.29708613240264], [-0.09388488059692096, 44.29709185568857], [-0.09391763575412466, 44.29709511667366], [-0.09395068707683804, 44.29709587900109], [-0.09398366607586972, 44.29709413417155], [-0.09422103872189064, 44.297072477841404], [-0.09430113573671155, 44.29707065854499], [-0.09437255365631822, 44.297095395005684], [-0.09444092061550949, 44.297131277799686], [-0.09417590518345108, 44.297131277799686], [-0.09417590518345108, 44.297214611133015], [-0.09409257185011775, 44.297214611133015], [-0.09409257185011775, 44.29729794446635], [-0.09392590518345108, 44.29729794446635], [-0.09392590518345108, 44.29738127779969], [-0.09342590518345108, 44.29738127779969], [-0.09342590518345108, 44.29729794446635], [-0.09350923851678442, 44.29729794446635]]]}}, {"type": "Feature", "properties": {"klasse": "Wald"}, "geometry": {"type": "Polygon", "coordinates": [[[-0.09658546123255916, 44.29721937990662], [-0.09655483892459234, 44.2972157418123], [-0.09654898940144743, 44.29721525925174], [-0.0965482369129643, 44.297214611133015], [-0.09659257185011774, 44.297214611133015], [-0.09659257185011774, 44.297220755308444], [-0.09658546123255916, 44.29721937990662]]]}}, {"type": "Feature", "properties": {"klasse": "Wald"}, "geometry": {"type": "Polygon", "coordinates": [[[-0.095060919380846, 44.297233358044146], [-0.09509448255343385, 44.29723405968549], [-0.09512795741728047, 44.297232176626686], [-0.09516095918513343, 44.29722773051302], [-0.0951931085080403, 44.29722077245162], [-0.0952240358360399, 44.29721138242394], [-0.09533113934184953, 44.29717388354148], [-0.09533466982287853, 44.29717714025656], [-0.09548294995957923, 44.29729794446635], [-0.09475923851678442, 44.29729794446635], [-0.09475923851678442, 44.29725292902969], [-0.09476195291715697, 44.297253110543096], [-0.09479258965466547, 44.29725300001719], [-0.09482306476180949, 44.29725074012538], [-0.09485308659725539, 44.29724635249429], [-0.09488236785751633, 44.297239879112695], [-0.09493602234273811, 44.297225919871615], [-0.095060919380846, 44.297233358044146]]]}}, {"type": "Feature", "properties": {"klasse": "Wald"}, "geometry": {"type": "Polygon", "coordinates": [[[-0.09725409937280168, 44.29730257241825], [-0.09693760058262237, 44.297302572450604], [-0.09690698909991989, 44.297303649426915], [-0.09687667076262464, 44.29730687012077], [-0.09684693591385132, 44.29731220368918], [-0.09681806930911616, 44.29731959905523], [-0.09679139066147074, 44.29732863215673], [-0.09678376075588187, 44.29731893916919], [-0.09676588614768138, 44.29730071497708], [-0.09675923851678442, 44.297295192140496], [-0.09675923851678442, 44.297214611133015], [-0.09725923851678442, 44.297214611133015], [-0.09725923851678442, 44.29729794446635], [-0.09734257185011774, 44.29729794446635], [-0.09734257185011774, 44.29731188204323], [-0.09733734862522063, 44.29731066429441], [-0.09730997341629427, 44.29730618086288], [-0.09728214911839418, 44.297303476324835], [-0.09725409937280168, 44.29730257241825]]]}}, {"type": "Feature", "properties": {"klasse": "Wald"}, "geometry": {"type": "Polygon", "coordinates": [[[-0.08367590518345108, 44.29738127779969], [-0.08367590518345108, 44.29763127779968], [-0.08359848305510405, 44.29763127779968], [-0.0836708826158287, 44.29738127779969], [-0.08367590518345108, 44.29738127779969]]]}}, {"type": "Feature", "properties": {"klasse": "Wald"}, "geometry": {"type": "Polygon", "coordinates": [[[-0.08342590518345108, 44.29829794446635], [-0.08317590518345108, 44.29829794446635], [-0.08317590518345108, 44.29821461113302], [-0.08310717662208879, 44.29821461113302], [-0.08311679364094537, 44.29820348966576], [-0.08313087877959642, 44.29818270375758], [-0.08318987839431627, 44.298082903599074], [-0.08320069259780248, 44.298061713817134], [-0.08320849570692762, 44.298039852403605], [-0.0832132091678047, 44.298017539446704], [-0.08321478553156289, 44.29799499958027], [-0.08321478517274225, 44.29792716563083], [-0.08348162095940655, 44.29777617755388], [-0.08350516119118565, 44.29776143320342], [-0.08352653937742102, 44.29774507814818], [-0.0835455428756805, 44.29772727506837], [-0.08356198266455414, 44.2977082010472], [-0.08357569522376525, 44.29768804580954], [-0.08358654416059866, 44.29766700983465], [-0.08359257185011774, 44.29765039955622], [-0.08359257185011774, 44.29804794446635], [-0.08367590518345108, 44.29804794446635], [-0.08367590518345108, 44.29821461113302], [-0.08359257185011774, 44.29821461113302], [-0.08359257185011774, 44.29829794446635], [-0.08350923851678442, 44.29829794446635], [-0.08350923851678442, 44.298381277799685], [-0.08342590518345108, 44.298381277799685], [-0.08342590518345108, 44.29829794446635]], [[-0.08342590518345108, 44.29796461113302], [-0.08334257185011774, 44.29796461113302], [-0.08334257185011774, 44.29804794446635], [-0.08342590518345108, 44.29804794446635], [-0.08342590518345108, 44.29796461113302]]]}}, {"type": "Feature", "properties": {"klasse": "Wald"}, "geometry": {"type": "Polygon", "coordinates": [[[-0.06892590518345108, 44.300464611133016], [-0.06892590518345108, 44.30054794446635], [-0.06884257185011775, 44.30054794446635], [-0.06884257185011775, 44.30071461113302], [-0.06900923851678442, 44.30071461113302], [-0.06900923851678442, 44.30104794446635], [-0.06909257185011775, 44.30104794446635], [-0.06909257185011775, 44.30129794446635], [-0.06925923851678442, 44.30129794446635], [-0.06925923851678442, 44.301464611133014], [-0.06917590518345108, 44.301464611133014], [-0.06917590518345108, 44.301714611133015], [-0.06934257185011775, 44.301714611133015], [-0.06934257185011775, 44.30179794446635], [-0.06942590518345108, 44.30179794446635], [-0.06942590518345108, 44.30204794446635], [-0.06959257185011775, 44.30204794446635], [-0.06959257185011775, 44.30213127779968], [-0.06967590518345108, 44.30213127779968], [-0.06967590518345108, 44.302881277799685], [-0.06959257185011775, 44.302881277799685], [-0.06959257185011775, 44.302964611133014], [-0.06934257185011775, 44.302964611133014], [-0.06934257185011775, 44.30304794446635], [-0.06925923851678442, 44.30304794446635], [-0.06925923851678442, 44.303131277799686], [-0.06917590518345108, 44.303131277799686], [-0.06917590518345108, 44.30304794446635], [-0.06900923851678442, 44.30304794446635], [-0.06900923851678442, 44.303131277799686], [-0.06859257185011775, 44.303131277799686], [-0.06859257185011775, 44.303214611133015], [-0.06850923851678442, 44.303214611133015], [-0.06850923851678442, 44.300131277799686], [-0.06867590518345108, 44.300131277799686], [-0.06867590518345108, 44.300214611133015], [-0.06875923851678442, 44.300214611133015], [-0.06875923851678442, 44.30038127779968], [-0.06884257185011775, 44.30038127779968], [-0.06884257185011775, 44.300464611133016], [-0.06892590518345108, 44.300464611133016]]]}}, {"type": "Feature", "properties": {"klasse": "Wald"}, "geometry": {"type": "Polygon", "coordinates": [[[-0.07034257185011775, 44.303131277799686], [-0.07034257185011775, 44.30304794446635], [-0.07042590518345108, 44.30304794446635], [-0.07042590518345108, 44.303131277799686], [-0.07034257185011775, 44.303131277799686]]]}}, {"type": "Feature", "properties": {"klasse": "Wasser"}, "geometry": {"type": "Polygon", "coordinates": [[[-0.1601749280952154, 44.294458916863015], [-0.16014551780573746, 44.294460611938796], [-0.16011601593756059, 44.294460311633216], [-0.1600866843447785, 44.294458018611806], [-0.16005778337006735, 44.294453753227124], [-0.16002956953385472, 44.2944475533382], [-0.16000229325741994, 44.29443947397429], [-0.1598198927863951, 44.29437807375085], [-0.1597937472827121, 44.29436816586133], [-0.15976901894097942, 44.294356531528294], [-0.15975035605364382, 44.294345816633715], [-0.16044102762660042, 44.294345816633715], [-0.16033519415475866, 44.29440889585051], [-0.16031162668244114, 44.2944216453937], [-0.1602864932770371, 44.29443274541592], [-0.16026001701772988, 44.294442097395255], [-0.1602324329029951, 44.29444961832514], [-0.16020398576475398, 44.29445524145102], [-0.1601749280952154, 44.294458916863015]]]}}, {"type": "Feature", "properties": {"klasse": "Wasser"}, "geometry": {"type": "Polygon", "coordinates": [[[-0.15684313119919863, 44.29448170468301], [-0.15681202280455517, 44.29448576148267], [-0.15678050343405983, 44.29448754482108], [-0.15658740269539428, 44.294491444816536], [-0.15658546268683463, 44.2944914796765], [-0.15634406176339388, 44.29449527966674], [-0.1563124252003301, 44.29449462873037], [-0.1562810416664884, 44.29449168773153], [-0.15625023168625204, 44.29448648670714], [-0.15622030992600028, 44.294479078776085], [-0.15619158198028332, 44.29446953959665], [-0.15616434125064843, 44.29445796659375], [-0.156138865949044, 44.294444477963985], [-0.1561154162563542, 44.29442921146838], [-0.15609423166513656, 44.29441232302535], [-0.1560755285336554, 44.29439398511832], [-0.15603142839980155, 44.294345816633715], [-0.15708920414854682, 44.294345816633715], [-0.15700408852709402, 44.294413486341654], [-0.15698173658473966, 44.2944295468912], [-0.1569572439219944, 44.29444390692641], [-0.15693086017004365, 44.29445642008787], [-0.15690285423484338, 44.294466958839735], [-0.15687351155634488, 44.29447541576951], [-0.15684313119919863, 44.29448170468301]]]}}, {"type": "Feature", "properties": {"klasse": "Wasser"}, "geometry": {"type": "Polygon", "coordinates": [[[-0.15185376187046973, 44.29457608927876], [-0.1518465046571597, 44.2945967639167], [-0.15183655450735592, 44.29461685214335], [-0.15182400082354422, 44.294636173459814], [-0.1517650010836604, 44.29471677360909], [-0.15174904933496208, 44.29473614577172], [-0.15173048200869155, 44.29475427602002], [-0.15170948499518236, 44.29477098283741], [-0.1516862685108688, 44.29478609895828], [-0.15166106499367754, 44.29479947304263], [-0.15163412677588203, 44.29481097119143], [-0.15160572355778854, 44.29482047828711], [-0.15146082311425244, 44.29486277842428], [-0.15143387737994707, 44.29486963308978], [-0.15140617366163864, 44.2948746945388], [-0.15137794277472083, 44.294877920601586], [-0.15134941992686102, 44.294879284400004], [-0.1513208427582903, 44.29487877457158], [-0.1512924493618077, 44.294876395364014], [-0.15126447629903708, 44.29487216659994], [-0.15098254638825007, 44.294819791469344], [-0.15080790733628724, 44.29479403601151], [-0.15077798661328193, 44.29478850595019], [-0.15074897014708225, 44.294780885359565], [-0.15072114033264167, 44.294771248405205], [-0.15069476801574633, 44.29475968887634], [-0.15067010985702858, 44.29474631927307], [-0.15064740583404398, 44.2947312697115], [-0.1506268769057534, 44.294714686657336], [-0.15060872286210555, 44.29469673150048], [-0.15059312037967676, 44.2946775789842], [-0.1505802213022755, 44.29465741550455], [-0.1505701511632403, 44.294636437296305], [-0.15051115186176137, 44.29449053716009], [-0.15050426784893595, 44.294469936398166], [-0.15050011290930565, 44.294448961839095], [-0.1504987238992912, 44.294427799552714], [-0.15049872433715838, 44.294345816633715], [-0.1517825345947406, 44.294345816633715], [-0.15183885078413606, 44.29445028614922], [-0.15184824514456688, 44.29447051194544], [-0.15185493094706967, 44.29449128573893], [-0.15185884811512307, 44.294512420871925], [-0.15185996144894917, 44.29453372743981], [-0.15185826094189872, 44.2945550139973], [-0.15185376187046973, 44.29457608927876]], [[-0.15112507590333163, 44.29438172653853], [-0.15113074192282727, 44.29438267000767], [-0.15112507585302878, 44.294372158902455], [-0.15112507590333163, 44.29438172653853]]]}}, {"type": "Feature", "properties": {"klasse": "Wasser"}, "geometry": {"type": "Polygon", "coordinates": [[[-0.16360917574735426, 44.29625640144422], [-0.16357854627389076, 44.29625043788971], [-0.1635489143451209, 44.296242278731086], [-0.16335581382425535, 44.296180878504266], [-0.16332581674603677, 44.296169920004225], [-0.16329763011313655, 44.296156713003484], [-0.1632715794073771, 44.29614141000905], [-0.16301947933462038, 44.295976309543846], [-0.16299793476075833, 44.295960751494256], [-0.1629786033814644, 44.2959437597878], [-0.1629616691605823, 44.295925496125], [-0.16294729324909615, 44.295906134310755], [-0.1629356124515982, 44.29588585860027], [-0.16292673792448498, 44.29586486194557], [-0.1628784386059096, 44.29572666183561], [-0.16287577379655413, 44.2957183767384], [-0.1628347815166828, 44.295578962292396], [-0.16280074673624984, 44.295489611005785], [-0.1627804636780581, 44.29546592410551], [-0.16274926811246038, 44.29545803968356], [-0.1626471243621214, 44.29545613606398], [-0.16262350545514975, 44.29546149570909], [-0.16257352681926981, 44.29557225031851], [-0.162562031101355, 44.29559386526482], [-0.16254750450313585, 44.29561451766559], [-0.1625301007353695, 44.29563398898664], [-0.16251000395424053, 44.295652073191185], [-0.16248742681277356, 44.29566857892017], [-0.16246260821067873, 44.29568333151712], [-0.16243581076643876, 44.295696174876326], [-0.16240731803837888, 44.29570697309478], [-0.16237743152413, 44.2957156119102], [-0.16222193101445587, 44.29575401203478], [-0.16219100670874417, 44.295760393352026], [-0.16215933399590615, 44.295764462194974], [-0.16212724717577853, 44.2957661756178], [-0.16209508491914007, 44.29576551553575], [-0.1620631866929948, 44.29576248891594], [-0.16203188917742142, 44.29575712770392], [-0.16200152271186896, 44.295749488486436], [-0.1619724078083674, 44.29573965189409], [-0.1619307034937176, 44.295723633676786], [-0.16190598437494388, 44.29574942842717], [-0.16188673366943027, 44.295767488498946], [-0.16186504193629936, 44.295784059952496], [-0.16171484187591018, 44.29588776023481], [-0.16168036913681286, 44.295908361860235], [-0.1615462689129677, 44.295977462067604], [-0.1615211181980941, 44.295989155155794], [-0.16149452686511268, 44.29599906869285], [-0.16146673826506974, 44.296007111954694], [-0.16143800670617708, 44.296013211333154], [-0.16140859512643874, 44.296017311009564], [-0.1610759938814303, 44.29605191110704], [-0.16105561887378042, 44.29605354369772], [-0.16085171809717314, 44.296065043720944], [-0.16082248516025746, 44.29606570856726], [-0.16079329334330716, 44.296064411939916], [-0.16076439723604855, 44.29606116514722], [-0.16073604884913542, 44.29605599650539], [-0.16070849541623045, 44.29604895109162], [-0.1606819772377413, 44.29604009035085], [-0.16065672558505031, 44.29602949156], [-0.16063296068349714, 44.29601724715387], [-0.16047746053555623, 44.29592894688696], [-0.1604534556869522, 44.29591382553311], [-0.16043171931519157, 44.295897027339876], [-0.1604124773503841, 44.29587872691106], [-0.16039592979470702, 44.295859114464854], [-0.16038224864361572, 44.2958383938566], [-0.16037157609817262, 44.295816780459795], [-0.16036402308710063, 44.29579449892754], [-0.1603596681138987, 44.29577178085734], [-0.1603435688257002, 44.2956373808322], [-0.1603424178813212, 44.29561736171635], [-0.16034375187859054, 44.29559734846174], [-0.16034756023040175, 44.295577499863306], [-0.16035381271699525, 44.295557973409366], [-0.1603624597258078, 44.295538924032044], [-0.16045896048885178, 44.295354624298355], [-0.16046714891788996, 44.29534046945701], [-0.1606012496938679, 44.29512926981012], [-0.16060319708716225, 44.2951262617403], [-0.16066321987498722, 44.29503530688852], [-0.1606597099495635, 44.29485724600169], [-0.160560120630497, 44.294663040574584], [-0.1605505634278547, 44.29464096633254], [-0.16054421114448728, 44.294618304144], [-0.16054113086987376, 44.29459529336851], [-0.16053193701000587, 44.29444680409554], [-0.1604945367495135, 44.294345816633715], [-0.16114267110368322, 44.294345816633715], [-0.16114595298549889, 44.29435467806123], [-0.16115285637750718, 44.29437839405908], [-0.1611561681474963, 44.294402505775786], [-0.16116470573440717, 44.294540372008335], [-0.16126597965112677, 44.2947378583717], [-0.16127630410678473, 44.294762135452636], [-0.16128275434351436, 44.294787093442565], [-0.1612852482086728, 44.29481241448648], [-0.16129054964014802, 44.29508121450946], [-0.1612896485448197, 44.29510174549645], [-0.16128614344847308, 44.295122131833956], [-0.16128006357925673, 44.295142203509734], [-0.1612714596378302, 44.295161793135485], [-0.16126040337462957, 44.29518073734284], [-0.16117019299528007, 44.29531743869744], [-0.16104148212175512, 44.295520152658355], [-0.1609967460911862, 44.29560559246071], [-0.16124320200462025, 44.295579953982], [-0.16129696616508446, 44.2955522500192], [-0.16140804075149143, 44.295475562892406], [-0.16151871703905968, 44.295360071312665], [-0.16153886733606695, 44.295341253753875], [-0.16156166668017002, 44.29532406625106], [-0.16158686112391465, 44.295308700243424], [-0.16161417004323372, 44.29529532688167], [-0.1616432892631074, 44.29528409512186], [-0.16167389444549762, 44.2952751300662], [-0.16179729404251722, 44.29524433016614], [-0.16182831434500772, 44.295237854423796], [-0.1618600984032308, 44.2952337081447], [-0.16189230805436017, 44.29523193544282], [-0.16192460060765354, 44.295232555178686], [-0.16195663249034284, 44.295235560758826], [-0.16198806290290677, 44.295240920205785], [-0.1620185574448552, 44.29524857649846], [-0.1620477916724336, 44.29525844817866], [-0.16205804179927133, 44.29526238516896], [-0.1620892964466683, 44.29520191727977], [-0.16210178732964303, 44.29518104730167], [-0.16211714535785138, 44.29516118861574], [-0.1621352138879078, 44.295142543766076], [-0.16215580863180998, 44.29512530291632], [-0.16217871953660298, 44.29510964191026], [-0.16220371292678523, 44.29509572047828], [-0.16223053388764536, 44.29508368060837], [-0.1622589088651625, 44.295073645097986], [-0.16228854845600704, 44.29506571630161], [-0.16250844771615056, 44.29501581646297], [-0.1625420026817802, 44.29500964484565], [-0.16257630133188677, 44.2950061723421], [-0.16261092411920128, 44.29500544142868], [-0.1628148233421378, 44.29500924139394], [-0.1628473246520366, 44.295011066140745], [-0.16287938577111485, 44.29501530760638], [-0.16291065929845738, 44.29502191983217], [-0.1630930587391149, 44.29506801965242], [-0.1631212642494011, 44.29507627600283], [-0.163148219718848, 44.29508646112981], [-0.16317367019526618, 44.29509847870001], [-0.1631973749606352, 44.29511221504828], [-0.16321910980784146, 44.29512754025275], [-0.16323866916128713, 44.29514430936363], [-0.16325586802129693, 44.29516236377414], [-0.16335776838082558, 44.295281363546806], [-0.1633661271185685, 44.29529224902285], [-0.16336261296207952, 44.29518973684585], [-0.16336321722278577, 44.29516917895596], [-0.16336643283133045, 44.29514874659703], [-0.16337223291292696, 44.295128610517615], [-0.16345813405599516, 44.294886710774506], [-0.16346758610185363, 44.29486481869635], [-0.16348009097993488, 44.29484373113499], [-0.16349551884538174, 44.294823667048604], [-0.16351370950360175, 44.294804834768094], [-0.1635344740737034, 44.2947874298341], [-0.16372217408992978, 44.29464543020579], [-0.16374517279939654, 44.29462970983474], [-0.16377026937123937, 44.294615742669635], [-0.16379720588103763, 44.294603672254226], [-0.16382570549542855, 44.2945936226389], [-0.1638425718501179, 44.294589132358304], [-0.1638425718501179, 44.296226640337444], [-0.16382463005909187, 44.29623447453831], [-0.16379598409441493, 44.29624428326616], [-0.16376610309103284, 44.296251959583], [-0.1637352938573967, 44.29625742467091], [-0.1637038727330265, 44.29626062241614], [-0.16367216234033014, 44.296261519985336], [-0.1636404882719071, 44.29626010816259], [-0.16360917574735426, 44.29625640144422]]]}}, {"type": "Feature", "properties": {"klasse": "Wasser"}, "geometry": {"type": "Polygon", "coordinates": [[[-0.15355277052935543, 44.29514327363385], [-0.1535285640501406, 44.295157606553886], [-0.15350248247465248, 44.295170128184196], [-0.15347478751883423, 44.29518071287589], [-0.15329238700520628, 44.29524221307385], [-0.1532635156010821, 44.29525071428282], [-0.15323360964056884, 44.29525710983109], [-0.15320296600244385, 44.29526133622959], [-0.15317188888869124, 44.29526335152259], [-0.15314068680456458, 44.2952631357042], [-0.15310966949593022, 44.295260690916926], [-0.15274542931670995, 44.295218702358326], [-0.15273907759586777, 44.29523289873573], [-0.1527270576102293, 44.29525288456288], [-0.15271240379018947, 44.29527194218955], [-0.15269525340778622, 44.29528989308722], [-0.15267576712285885, 44.295306569094855], [-0.15265412747806237, 44.29532181399421], [-0.15263053718886382, 44.29533548497339], [-0.15255003705948897, 44.295377685099446], [-0.15252438520735953, 44.2953897947139], [-0.15249720594176336, 44.29540004250316], [-0.1524687603806798, 44.29540833001399], [-0.15243932180809705, 44.29541457762604], [-0.1524091730484286, 44.29541872531682], [-0.15237860374926265, 44.2954207332384], [-0.15234790759854386, 44.29542058210018], [-0.15231737950292906, 44.29541827335429], [-0.1522873127544491, 44.29541382918158], [-0.1522579962126648, 44.29540729227855], [-0.15222971152943124, 44.295398725447136], [-0.1522027304429159, 44.29538821099129], [-0.1521066579294045, 44.295346269404185], [-0.15193214361560103, 44.29538788424739], [-0.15166544680117555, 44.29549123750479], [-0.15158821949767012, 44.29554370609753], [-0.15156224252587294, 44.29555952421915], [-0.15153402767882954, 44.295573222950324], [-0.1515039086082491, 44.295584640297584], [-0.15137973320754822, 44.29562567606655], [-0.15122311240247416, 44.295692930453114], [-0.1511706263868677, 44.29572232098798], [-0.15115399245365757, 44.29574611832477], [-0.15113853885484052, 44.29576571414337], [-0.15112043439459538, 44.295784101878276], [-0.15109986055848165, 44.295801097201924], [-0.15107702358680616, 44.295816529744876], [-0.15105215240720918, 44.295830244803646], [-0.15102549633977774, 44.29584210489156], [-0.1509973225977201, 44.29585199111711], [-0.1509679136086346, 44.29585980437566], [-0.1509375641832549, 44.29586546634314], [-0.1509065785600243, 44.29586892026109], [-0.1508752673551579, 44.29587013150571], [-0.15084394444876012, 44.29586908793491], [-0.15081292383821582, 44.295865800010105], [-0.15061522870733876, 44.295837519621024], [-0.15058451388723668, 44.29584729154504], [-0.1504605135686921, 44.29590571109503], [-0.15042833782238021, 44.295955265735216], [-0.150413835148456, 44.295974985686485], [-0.15039668477583654, 44.29599357724445], [-0.1503770552989859, 44.296010857644745], [-0.15035513968371744, 44.296026657012185], [-0.15033115337028088, 44.296040820030804], [-0.15030533215548642, 44.29605320747073], [-0.1502150201979868, 44.2960920269961], [-0.15016379557749454, 44.296312004060084], [-0.15015756155696536, 44.29633272116113], [-0.15014864011760604, 44.296352924855896], [-0.15013711047280826, 44.29637243574983], [-0.15012307499527558, 44.29639108059981], [-0.15010665830810405, 44.29640869385251], [-0.15008800617827786, 44.29642511911421], [-0.14999680621567116, 44.29649811930036], [-0.14997300092520308, 44.296515226894705], [-0.14994677566228595, 44.29653039983995], [-0.14972083972097996, 44.296647309806616], [-0.14952277861727056, 44.29680294892682], [-0.14950274488327675, 44.29681732824521], [-0.14948098429554524, 44.296830348888385], [-0.14945767482266167, 44.29684190436665], [-0.1492460683563797, 44.296936957322245], [-0.1491557842922218, 44.29704197348732], [-0.14913789077455145, 44.297060617273715], [-0.14911747794929775, 44.29707787451382], [-0.14909475268540293, 44.297093570316505], [-0.14906994528745243, 44.29710754561477], [-0.1490433071617017, 44.297119658777675], [-0.14888230677461142, 44.297184958983465], [-0.14885482377866044, 44.29719486089398], [-0.14882612130115835, 44.29720277962071], [-0.14879647598667586, 44.29720863884015], [-0.1487661735674688, 44.29721238207905], [-0.1487355061093981, 44.29721397325881], [-0.14870476919679784, 44.29721339704313], [-0.14867425908343374, 44.29721065898586], [-0.1486442698369959, 44.29720578547753], [-0.14861509050467492, 44.297198823490845], [-0.1485870023271306, 44.29718984012806], [-0.14856027602772795, 44.297178921974144], [-0.1485351692031445, 44.29716617426216], [-0.14845441064781853, 44.29712074081468], [-0.14836917233365277, 44.29711364376229], [-0.1480994692853855, 44.297163432514644], [-0.1479195223945539, 44.297202719607526], [-0.14785067335268393, 44.29730332096853], [-0.14783487012034943, 44.29732367545054], [-0.14781621925276375, 44.297342746316026], [-0.14779492096176855, 44.297360328841954], [-0.14777120387952464, 44.297376234282325], [-0.1477453226042249, 44.2973902918942], [-0.14771755496700797, 44.29740235077086], [-0.14757805461362036, 44.29745605094133], [-0.1475493794692069, 44.29746578086536], [-0.14751948122090502, 44.297473378146805], [-0.14748866644826494, 44.29747876488242], [-0.147457251129263, 44.29748188583609], [-0.1474255574001271, 44.2974827090053], [-0.14716746446934345, 44.29748001989487], [-0.14716697264262632, 44.29748028384376], [-0.1471423297095578, 44.29749224289689], [-0.14711621839657002, 44.2975024692387], [-0.14690701782096008, 44.29757536947267], [-0.14687617013802223, 44.29758469152619], [-0.14684411354054655, 44.29759159632373], [-0.1462760391581276, 44.29769053709474], [-0.14615335976060806, 44.297729566891704], [-0.14606490720732798, 44.2978390709802], [-0.1460484266409985, 44.29785736989865], [-0.14602955768712095, 44.29787443748936], [-0.1460084774730298, 44.297890113533136], [-0.1459853838843791, 44.297904250873586], [-0.1458190836526237, 44.297996451144705], [-0.1458085230522195, 44.29800153200479], [-0.14576417150337775, 44.29817722587599], [-0.14575694070341746, 44.29819940439737], [-0.1457466237053949, 44.298220943981775], [-0.14573332630867689, 44.29824162373695], [-0.14571718487756907, 44.29826123158809], [-0.14569836494296523, 44.29827956645285], [-0.1456770595048776, 44.29829644030341], [-0.14551075946876174, 44.29841544062264], [-0.14548633461660873, 44.29843117589333], [-0.1454597515735797, 44.29844498960653], [-0.1454313021044548, 44.29845673014786], [-0.14540129845982522, 44.29846626865732], [-0.1451008250063493, 44.29854856197069], [-0.1450799755869842, 44.298589902179266], [-0.14506824720555714, 44.29861004559293], [-0.1450538547466938, 44.29862927746424], [-0.14503693381544494, 44.298647416588146], [-0.14501764384087346, 44.29866429205544], [-0.14499616657395012, 44.298679744863136], [-0.14497270437509946, 44.29869362941264], [-0.1449474783075425, 44.29870581488162], [-0.1449207260543994, 44.29871618645668], [-0.14468946176406547, 44.29879568903578], [-0.14453281074065827, 44.298891698388836], [-0.14450959532747482, 44.29890462603399], [-0.14448479551151505, 44.29891593470642], [-0.14445862947044616, 44.29892552491719], [-0.1444313274017584, 44.298933312295624], [-0.14440312949755166, 44.298939228331655], [-0.14437428383135498, 44.29894322097845], [-0.1440041824455482, 44.298981621086355], [-0.1439760300537244, 44.29898361496293], [-0.14394774199032137, 44.298983776388724], [-0.14391954903639273, 44.29898210404687], [-0.14389168119702825, 44.29897861158081], [-0.14321577883908407, 44.298871111120114], [-0.14319608863853284, 44.298867494317385], [-0.14221720780334077, 44.298663164917556], [-0.1406824626688242, 44.298722605691985], [-0.14065345023973835, 44.29872276263203], [-0.14062454207386227, 44.29872099079593], [-0.1394941226414151, 44.298613631299276], [-0.1385354056356258, 44.29852926170089], [-0.13853243057565923, 44.29852889268708], [-0.13852942427043974, 44.29852869324938], [-0.13830412344391, 44.29850569314112], [-0.13829599342115736, 44.29850456847108], [-0.13828780080945804, 44.2985037094313], [-0.13828091205208845, 44.29850248218369], [-0.13828091205204912, 44.298502482183686], [-0.13827394262537268, 44.29850151806519], [-0.13826600524729613, 44.29849982650292], [-0.1382660052472918, 44.29849982650292], [-0.13825796932781248, 44.298498394885804], [-0.138251281237339, 44.29849668861792], [-0.13824447695444894, 44.298495238533505], [-0.13823680866258028, 44.298492996369774], [-0.13822900682690545, 44.29849100596283], [-0.13790781502582014, 44.29839607377242], [-0.1374318099659087, 44.298299811639644], [-0.13742028414744342, 44.29829730804349], [-0.1368087822091559, 44.298155207478835], [-0.13679245943087054, 44.29815105294597], [-0.13613808713239867, 44.2979697221323], [-0.13594098140065675, 44.298019224041255], [-0.13591083940365578, 44.298025594857435], [-0.13587996027913193, 44.2980297646053], [-0.13584865481426348, 44.298031691317945], [-0.13581723808731067, 44.29803135560378], [-0.13578602629636255, 44.29802876084175], [-0.13575533357680228, 44.29802393314729], [-0.13572546883954492, 44.2980169211095], [-0.13539280182346736, 44.297925308799], [-0.13503011264747283, 44.29785677052083], [-0.13458669957548405, 44.297788772573895], [-0.13455563644536572, 44.29778279647285], [-0.13452559034710096, 44.29777456418853], [-0.13414675552740365, 44.297654424011206], [-0.13378794116699602, 44.297627405007745], [-0.13375756772842887, 44.297624028768276], [-0.13372780133247114, 44.29761853063477], [-0.13369892864869096, 44.29761096355793], [-0.13367122773932158, 44.29760140041366], [-0.13364496538127515, 44.29758993330129], [-0.13362039449686058, 44.29757667265648], [-0.13359775171794952, 44.29756174618768], [-0.13357725510704369, 44.29754529764613], [-0.1335591020572162, 44.29752748544148], [-0.13354346739111836, 44.2975084811161], [-0.13353050167739475, 44.29748846769304], [-0.13352032978068143, 44.29746763791339], [-0.13351304965918817, 44.29744619238], [-0.13350873142140915, 44.297424337625515], [-0.13350741665105484, 44.29740228412345], [-0.1335091180067015, 44.2973802442611], [-0.13351381910002194, 44.29735843029414], [-0.13352147465373496, 44.297337052302545], [-0.1335320109377717, 44.29731631616746], [-0.1335453264794504, 44.2972964215883], [-0.13356129304081524, 44.29727756015976], [-0.13357975685370527, 44.29725991352661], [-0.13360054010068875, 44.297243651634375], [-0.13362344262757192, 44.29722893109277], [-0.13364824387099525, 44.29721589366749], [-0.13367470498256886, 44.297204664914915], [-0.13370257112906284, 44.297195352973084], [-0.13373157394652319, 44.297188047520216], [-0.1337614341246816, 44.29718281891114], [-0.13379186409675542, 44.29717971749973], [-0.1338225708087573, 44.297178773154045], [-0.13385325854164634, 44.29717999496863], [-0.13426095702072377, 44.29721069481253], [-0.13429305077157025, 44.297214328401026], [-0.13432444768834798, 44.29722033037367], [-0.1343548098833947, 44.29722863613851], [-0.13474907401644629, 44.297353669352965], [-0.13516809831421034, 44.29741792706987], [-0.13518239531110396, 44.297420372740916], [-0.1355686940095704, 44.297493372438424], [-0.13560113135354496, 44.29750087911991], [-0.13584256236016634, 44.29756736623036], [-0.1360400183141925, 44.29751777612685], [-0.1360702512454933, 44.29751138952371], [-0.13610122477377218, 44.29750721727669], [-0.13613262530672846, 44.297505301627865], [-0.13616413492896678, 44.29750566197239], [-0.13619543462061842, 44.29750829466206], [-0.13622620748717248, 44.2975131730422], [-0.13625614196776012, 44.29752024772163], [-0.13700985838694552, 44.29772910755464], [-0.13760738575592124, 44.29786796048366], [-0.13809508773762055, 44.29796658786557], [-0.13812939325556167, 44.29797509425986], [-0.13843111514089948, 44.298064271739605], [-0.13861458780480518, 44.29808300173022], [-0.13957179047697768, 44.29816723785884], [-0.1395747617453419, 44.298167509688135], [-0.14067780197814356, 44.298272268816255], [-0.14223663134891287, 44.29821189437467], [-0.14227176864435576, 44.29821195086264], [-0.14230667600280733, 44.298214833654015], [-0.14234091406358976, 44.298220506464695], [-0.1433611473908338, 44.29843346767503], [-0.14397125084345444, 44.298530502975225], [-0.1441950811082772, 44.29850727931229], [-0.14431399025227407, 44.29843440160316], [-0.14433537651097592, 44.29842240425059], [-0.1443581285628043, 44.29841178150104], [-0.14438207559586896, 44.29840261310492], [-0.14453467274185677, 44.298350154417314], [-0.14456072579590604, 44.29829849727397], [-0.1445722303915771, 44.2982786921331], [-0.14458631056095894, 44.2982597644971], [-0.14460283814484823, 44.29824188664415], [-0.14462166270823337, 44.298225221297244], [-0.14464261290958458, 44.298209920143144], [-0.144665498060432, 44.29819612245167], [-0.14469010986099284, 44.29818395380825], [-0.1447162242961121, 44.29817352497071], [-0.14474360367417752, 44.29816493086136], [-0.14511584364778032, 44.29806298265665], [-0.145165353481353, 44.2980275547962], [-0.1452176303391708, 44.29782047352603], [-0.1452244463168647, 44.29779933831673], [-0.14523406564884145, 44.29777877300129], [-0.14524639884811413, 44.29775896888922], [-0.14526133118218984, 44.297740110208736], [-0.1452787237404562, 44.297722372393004], [-0.14529841472646132, 44.297705920448195], [-0.14532022096307845, 44.297690907418485], [-0.14534393959653255, 44.29767747296252], [-0.14536934998345089, 44.29766574205415], [-0.1454529964542336, 44.297631101454385], [-0.14555394721327025, 44.29757513248078], [-0.14566259434739964, 44.29744062874397], [-0.14568050001640298, 44.29742091570487], [-0.1457011758476145, 44.29740265437463], [-0.14572439545378083, 44.2973860447012], [-0.14574990459586765, 44.297371268547955], [-0.145777423966798, 44.29735848770253], [-0.14580665224962708, 44.29734784210536], [-0.14604805154415906, 44.29727104235349], [-0.14607416674252796, 44.29726371954722], [-0.1461010890898438, 44.297258103308536], [-0.1466638226742794, 44.29716009282402], [-0.1468159338324808, 44.297107086614375], [-0.14687792836248872, 44.297073816010176], [-0.14690223732772076, 44.29706200314132], [-0.14692797926109863, 44.297051876486776], [-0.14695492808486918, 44.297043524983366], [-0.14698284712214438, 44.29703702197775], [-0.14701149117545106, 44.297032424582255], [-0.1470406086801021, 44.29702977317332], [-0.14706994391347233, 44.29702909103681], [-0.14733848031508262, 44.297031889144286], [-0.1474173282713229, 44.29691667869473], [-0.14743291539740752, 44.29689657194271], [-0.147451281479897, 44.296877714263395], [-0.14747223426970885, 44.29686030304918], [-0.1474955544420356, 44.29684452055146], [-0.14752099789215647, 44.296830531972994], [-0.14754829829060137, 44.29681848373862], [-0.14757716987092073, 44.29680850196272], [-0.14760731042087624, 44.29680069112899], [-0.14792380934462573, 44.2967315913518], [-0.14793693334177122, 44.296728948665134], [-0.1482695321686874, 44.29666754886018], [-0.14829765224206456, 44.2966633345685], [-0.14832619166410096, 44.29666098843354], [-0.14835491034469314, 44.296660530192455], [-0.1483835666857433, 44.29666196370028], [-0.14861416582937098, 44.29668116360537], [-0.1486424452046639, 44.29668446564586], [-0.14867018609821145, 44.29668960992692], [-0.14869715635604017, 44.296696553397965], [-0.14871225030196397, 44.29670160016116], [-0.14875151718651153, 44.29665592622509], [-0.14876771263608135, 44.29663888879442], [-0.14878601332016608, 44.296622988668844], [-0.14880626530528837, 44.296608359588575], [-0.14882829824544314, 44.296595124602575], [-0.14885192681492757, 44.29658339503376], [-0.14908927154781418, 44.296476780923804], [-0.14928032264533925, 44.296326651076996], [-0.14930327081076608, 44.29631038493545], [-0.14932842587671522, 44.29629589949978], [-0.1495531832591457, 44.296179599797846], [-0.14956101734601907, 44.29617332911561], [-0.14962110647814933, 44.29591529535827], [-0.1496274968454602, 44.29589415815065], [-0.1496366844271553, 44.29587355950376], [-0.14964858426385916, 44.29585368989098], [-0.14966308631660594, 44.29583473304418], [-0.1496800564844291, 44.29581686425486], [-0.14969933784445236, 44.29580024875326], [-0.1497207521029789, 44.29578504018048], [-0.1497441012441766, 44.29577137916789], [-0.14976916936109905, 44.29575939203672], [-0.14990125594560663, 44.295702616491], [-0.14993046351082853, 44.295657633764044], [-0.1499438738447531, 44.2956392464967], [-0.14995958707288054, 44.29562182538248], [-0.14997746938270792, 44.29560551877603], [-0.14999736849066583, 44.29559046554088], [-0.15001911493894968, 44.295576793867106], [-0.15004252353861022, 44.29556462017958], [-0.1502624231045223, 44.295461020497186], [-0.15028438948466616, 44.29545157068628], [-0.15030735726678934, 44.295443441260566], [-0.15045225684338417, 44.29539734140951], [-0.15048215203584725, 44.29538911555158], [-0.15051306025940506, 44.29538312463553], [-0.15054465854710924, 44.2953794312618], [-0.15057661672159992, 44.295378074023375], [-0.1506086008450801, 44.29537906710243], [-0.1506402767085855, 44.29538240012216], [-0.1507348123849341, 44.29539592360861], [-0.1508532354450771, 44.29532961063237], [-0.15088508935708594, 44.29531394086301], [-0.15107278893453333, 44.295233341114645], [-0.1511025926704972, 44.29522205942102], [-0.15119524469096557, 44.29519144112188], [-0.1512650816431496, 44.295143993723464], [-0.1512858145256772, 44.295131095279125], [-0.15130803926745576, 44.29511954924199], [-0.15133158538625074, 44.29510944417942], [-0.15165878456268042, 44.29498264458159], [-0.15168332994161235, 44.294974101764495], [-0.1517088171474382, 44.294967125242195], [-0.15204681602679504, 44.2948865255033], [-0.15207585275741264, 44.2948806994917], [-0.1521055349130456, 44.294876905763964], [-0.1521355874276445, 44.294875179476854], [-0.15216573180312426, 44.29487553662801], [-0.15219568869012723, 44.294877973907816], [-0.1522251804766765, 44.29488246872993], [-0.15222586174090277, 44.29488262299063], [-0.1522324669668691, 44.29487596157704], [-0.15225324271160035, 44.294858932861345], [-0.15227629671847667, 44.29484349049968], [-0.15230139540199747, 44.29482979095458], [-0.15232828446047708, 44.29481797303023], [-0.15235669145261319, 44.2948081564661], [-0.15238632855782405, 44.294800440723776], [-0.15241689549238674, 44.294794903979366], [-0.15263139470858805, 44.29476420407313], [-0.15265892439879308, 44.29476117087994], [-0.15268672042673323, 44.294759906362295], [-0.15271456295619334, 44.29476042052117], [-0.15274223178317126, 44.29476270929022], [-0.15305819726763792, 44.294799133179], [-0.15308485454291998, 44.29465239787423], [-0.15309055444919495, 44.29462996013132], [-0.15309938873257528, 44.29460805231865], [-0.15311126655692694, 44.29458689968898], [-0.1531260657932718, 44.29456671973015], [-0.1531436342756219, 44.294547719928985], [-0.15316379136559424, 44.29453009563791], [-0.15318632980978275, 44.29451402806649], [-0.15329362972992813, 44.29444492825977], [-0.15331718127347757, 44.29443117992033], [-0.15334247505202175, 44.29441913345788], [-0.15336927352699958, 44.2944089020026], [-0.15339732502942077, 44.294400581639664], [-0.1534263661232875, 44.294394250506784], [-0.15345612407949508, 44.29438996806062], [-0.15348631943698593, 44.29438777451824], [-0.15351666862712585, 44.29438769047963], [-0.153546886636648, 44.294389716734074], [-0.15371867071934003, 44.29440730046962], [-0.15373508102702815, 44.29440190201926], [-0.15377525454480906, 44.294345816633715], [-0.15449792658524664, 44.294345816633715], [-0.15441663118676957, 44.29441884498639], [-0.15435803535406853, 44.29451465884242], [-0.154349784882762, 44.294527100053436], [-0.15424248537737842, 44.29467690032666], [-0.15422761206985813, 44.29469544012511], [-0.15421035330108218, 44.29471288100239], [-0.1541908652460986, 44.29472906513361], [-0.1541693242535109, 44.29474384606617], [-0.15414592524970192, 44.29475709004516], [-0.15412087997491924, 44.29476867722376], [-0.1540944150671962, 44.294778502747675], [-0.15389591449906795, 44.29484380295824], [-0.15386826484534513, 44.294851778998336], [-0.15383968495501713, 44.294857831672516], [-0.1538104335358004, 44.2948619061915], [-0.15378077537433993, 44.2948639656724], [-0.15375097893925263, 44.294863991472646], [-0.15372131395084884, 44.294861983358814], [-0.15367922849510027, 44.29485767556258], [-0.15365224732485763, 44.295006201473406], [-0.15364663555154576, 44.29502837011169], [-0.1536379639070162, 44.295050024285565], [-0.1536263194035346, 44.29507094670642], [-0.1536118188848604, 44.295090927428184], [-0.1535946078538737, 44.29510976595404], [-0.15357485901261123, 44.29512727324843], [-0.15355277052935543, 44.29514327363385]]]}}, {"type": "Feature", "properties": {"klasse": "Wasser"}, "geometry": {"type": "Polygon", "coordinates": [[[-0.16372390263399514, 44.29764298832929], [-0.16371193858262417, 44.29766225391818], [-0.16369751417902062, 44.2976806298456], [-0.1636807562863642, 44.297697954491774], [-0.1636618122916901, 44.29771407548304], [-0.1636408488096418, 44.29772885103205], [-0.16361805021708514, 44.29774215118475], [-0.1635936170314817, 44.29775385896347], [-0.16356776414728208, 44.29776387139575], [-0.163431283100338, 44.29781093560711], [-0.16341020461948258, 44.297927877627984], [-0.1634046719419284, 44.2979499009833], [-0.16339611951213098, 44.29797142050032], [-0.1633846319830937, 44.29799222316816], [-0.16337032306123864, 44.29801210307139], [-0.16335333438099653, 44.29803086342844], [-0.16333383410290794, 44.29804831853935], [-0.16331201524914765, 44.29806429562413], [-0.16328809379292816, 44.29807863653289], [-0.16326230652069917, 44.29809119931143], [-0.16323490868828222, 44.298101859606426], [-0.16320617149418573, 44.2981105118963], [-0.1631763793950735, 44.29811707053583], [-0.16315128527534653, 44.29812068455377], [-0.16311760581709356, 44.29824813943297], [-0.1631100881552418, 44.29827035655324], [-0.1630994689461144, 44.298291910812566], [-0.16308585790428695, 44.298312579512], [-0.16306939565642697, 44.298332149101945], [-0.16305025228845046, 44.29835041738863], [-0.16302862558825393, 44.29836719562327], [-0.16300473900221582, 44.29838231045225], [-0.16297883932656004, 44.29839560570816], [-0.16289025939277582, 44.29843635728222], [-0.162858886768414, 44.298473774599564], [-0.16286077291447693, 44.29847630702576], [-0.16287419635793982, 44.29849673453985], [-0.16288469941945247, 44.29851802593807], [-0.16289217617945492, 44.298539966511015], [-0.1628965512363318, 44.29856233500253], [-0.16289778046691072, 44.298584905840926], [-0.16289585147156793, 44.298607451413766], [-0.16289078369941437, 44.29862974436305], [-0.16288262825230002, 44.29865155987818], [-0.16287146736962854, 44.298672677962884], [-0.1628574135991527, 44.298692885653836], [-0.16276091396437709, 44.298815785892664], [-0.16274307764361554, 44.298835924000485], [-0.16272237062506523, 44.29885459147086], [-0.1626990260389184, 44.29887157813367], [-0.16267330671146613, 44.298886692742194], [-0.1626455022060306, 44.29889976512638], [-0.16246122615058298, 44.29897669607008], [-0.16236351868455373, 44.2991003893879], [-0.16235506212902212, 44.29911047094576], [-0.16220486254242905, 44.29927937130186], [-0.16218861587109992, 44.299295944184344], [-0.16217035789759585, 44.299311399486875], [-0.16215023686417288, 44.29932561172172], [-0.1621284161403665, 44.29933846549407], [-0.1620351724323368, 44.29938852007835], [-0.16202868398227518, 44.29955615076693], [-0.16202612842637604, 44.29957924376359], [-0.16202027914972014, 44.29960202552069], [-0.1620111981908621, 44.299624254395944], [-0.16199898186657355, 44.29964569461111], [-0.16198375975036616, 44.29966611875292], [-0.16196569329824445, 44.29968531018523], [-0.1619449741362624, 44.299703065346876], [-0.16153727421946057, 44.30001796616347], [-0.16151662498831126, 44.30003250704474], [-0.16149419625088962, 44.30004561813167], [-0.16147017922474086, 44.30005718764439], [-0.1614447786689087, 44.30006711694574], [-0.1614182111382094, 44.30007532138236], [-0.16139070313693865, 44.30008173100639], [-0.1613624891877245, 44.3000862911719], [-0.16133380983203238, 44.300088963000675], [-0.16081880787172775, 44.30011966306562], [-0.16078873199647994, 44.30012041399623], [-0.16075869460129777, 44.30011908851201], [-0.1607289729946784, 44.30011569885003], [-0.16069984156960263, 44.300110276304125], [-0.1606715692702237, 44.30010287093586], [-0.16052295217141244, 44.30005802328882], [-0.16006462689004053, 44.30005139716869], [-0.15941351021094935, 44.300064474411634], [-0.1591943474577103, 44.30018777171823], [-0.15916920275074983, 44.30020053675167], [-0.15914243417216342, 44.30021146688387], [-0.15911430045957428, 44.30022045646703], [-0.1589211998550025, 44.30027415664139], [-0.15889144903368632, 44.300281222946616], [-0.15886086392205723, 44.30028611895588], [-0.15882975066491375, 44.30028879566217], [-0.1587984206937387, 44.30028922627281], [-0.1587671876092819, 44.300287406477636], [-0.15873636404243993, 44.30028335449217], [-0.1587062585248324, 44.30027711087531], [-0.15867717240042598, 44.30026873812323], [-0.1585376720348028, 44.3002226379546], [-0.1585268223622864, 44.30021886917961], [-0.15824511885670575, 44.300116166219404], [-0.15823934815024113, 44.30012089228537], [-0.158217314752529, 44.300135761596174], [-0.15819338764135085, 44.30014903590022], [-0.15816778978717838, 44.30016059149717], [-0.15814075973020608, 44.30017032070291], [-0.15811254935741553, 44.30017813285303], [-0.15808342155523805, 44.30018395514774], [-0.15805364775970915, 44.300187733330304], [-0.15802350542692392, 44.300189432192674], [-0.15799327544740369, 44.30018903590358], [-0.15783237483938994, 44.30018133585848], [-0.15780077600882347, 44.30017866042971], [-0.15776971819105481, 44.3001736964653], [-0.1577395219004592, 44.300166495193125], [-0.1577104987601927, 44.30015713092986], [-0.1576829482861808, 44.30014570031409], [-0.15765715479606005, 44.30013232130889], [-0.15763338447501624, 44.30011713198444], [-0.15761188262874568, 44.30010028909316], [-0.1575928711519316, 44.30008196645195], [-0.15757654623836334, 44.30006235314839], [-0.15756307635628705, 44.30004165158934], [-0.15755803727164658, 44.30003127303291], [-0.1575047185218295, 44.30005530964458], [-0.1574779356166866, 44.30006610667521], [-0.15744980894939742, 44.300074967861136], [-0.15742060899865162, 44.30008180798911], [-0.157390616564646, 44.30008656128133], [-0.15736012006870312, 44.30008918202799], [-0.15732941277958204, 44.300089645026794], [-0.15729878999317828, 44.30008794582546], [-0.15726854619271396, 44.30008410076439], [-0.1572389722167558, 44.300078146819565], [-0.15721035246229012, 44.300070141247026], [-0.15710043392598905, 44.30003484445768], [-0.15710216554664788, 44.30003905252444], [-0.15710941741914303, 44.300060494247695], [-0.157113709129173, 44.300082343078294], [-0.15711499937481124, 44.30010438876761], [-0.15711327573679362, 44.3001264191724], [-0.15710855479815658, 44.30014822229633], [-0.15710088198478747, 44.300169588329936], [-0.15709033112842244, 44.30019031166955], [-0.157004531694224, 44.300336211899975], [-0.15699308032422746, 44.30035357562075], [-0.15697960742181336, 44.300370174191215], [-0.15696421128149576, 44.30038588651087], [-0.15679801778207478, 44.300540969863874], [-0.15680072793196506, 44.30055452023535], [-0.15680352476447437, 44.300575351825806], [-0.1568036135487737, 44.30059627992699], [-0.1568009935133945, 44.30061712336928], [-0.1567956873365408, 44.300637701715694], [-0.15678774094986433, 44.300657836823994], [-0.15673293300585897, 44.300775539038455], [-0.1567046603923148, 44.300930603797944], [-0.15669888410382046, 44.300953227007426], [-0.1566899210103669, 44.30097530832171], [-0.15667786482612756, 44.3009966168597], [-0.1566628416068685, 44.30101692982014], [-0.15664500843203572, 44.301036034811325], [-0.15662455176241827, 44.30105373207184], [-0.15660168549060516, 44.301069836559314], [-0.15650508541284483, 44.30113123673191], [-0.15648036432630646, 44.301145417183825], [-0.15645377728364765, 44.30115773421383], [-0.15642559557945065, 44.30116806213836], [-0.15639610678077528, 44.301176295570755], [-0.15636561179275008, 44.301182350496624], [-0.15633442178803217, 44.30118616513124], [-0.15631942418526745, 44.301186894621246], [-0.15631794758101267, 44.301194297083356], [-0.15631206323501776, 44.30121607900732], [-0.15630321925130664, 44.301237338616374], [-0.15629150168255052, 44.30125786904537], [-0.15627702454299514, 44.30127747052414], [-0.15625992869913222, 44.301295952321446], [-0.15624038049909708, 44.3013131346009], [-0.15621857015408272, 44.3013288501709], [-0.1561947098875143, 44.301342946111454], [-0.1561690318700552, 44.30135528526232], [-0.156141785960433, 44.30136574755753], [-0.1561132372741783, 44.30137423119386], [-0.15608366360386988, 44.30138065362135], [-0.15605388577983012, 44.30138598475087], [-0.15605255874810078, 44.30140957855533], [-0.15604968309041153, 44.301432224693535], [-0.15604363818671452, 44.30145454658973], [-0.15603448581627716, 44.3014763160998], [-0.1560223195189638, 44.3014973107251], [-0.15600726363931866, 44.301517315886656], [-0.15598947205580033, 44.30153612711822], [-0.15596912660811793, 44.301553552156165], [-0.15594643523877094, 44.30156941290455], [-0.1554549122111852, 44.30187981632941], [-0.15527883828804695, 44.30219146695572], [-0.1552665528607004, 44.302210589707016], [-0.1552518308719104, 44.30222880351026], [-0.15523480137397963, 44.30224594870146], [-0.1552156136474602, 44.302261874984005], [-0.1551944358925777, 44.30227644274628], [-0.15517145375479313, 44.30228952428554], [-0.15514686869741978, 44.30230100492739], [-0.15507800719097273, 44.30232996157564], [-0.15502421192281438, 44.30248401364909], [-0.15501580904183498, 44.30250406843206], [-0.1550048452477685, 44.30252347504917], [-0.1549914155838193, 44.30254206526355], [-0.15497563647025553, 44.30255967791566], [-0.15495764469521206, 44.30257616032031], [-0.15493759622892198, 44.302591369590395], [-0.15491566487161185, 44.302605173875655], [-0.15454016439739648, 44.3028201745018], [-0.1545143777254968, 44.30283346222832], [-0.15448685091846343, 44.30284480771942], [-0.1544578666107722, 44.30285409448377], [-0.1544277224024425, 44.30286122716827], [-0.15439672780329497, 44.30286613253711], [-0.15436520105493615, 44.302868760223774], [-0.1543334658630466, 44.30286908324817], [-0.15412593678009529, 44.3028636389771], [-0.1539841367527214, 44.30291625724487], [-0.15372908402236496, 44.303203065293836], [-0.15371001437814993, 44.303222219331204], [-0.15368826097241145, 44.303239836860726], [-0.1536640621760117, 44.30325572483015], [-0.15363768315695853, 44.30326970913959], [-0.1536094129747162, 44.303281636549336], [-0.15357956141266133, 44.303291376358985], [-0.15325662183897198, 44.303382419846045], [-0.15300354374968367, 44.30350314963393], [-0.15254328496942873, 44.303756503083406], [-0.15250425086548752, 44.30387754692101], [-0.15249721593688864, 44.303895820452695], [-0.15248806307950835, 44.30391360364064], [-0.15238076379828314, 44.30409780392953], [-0.1523682485852439, 44.30411675475051], [-0.15235332972696486, 44.30413478606863], [-0.15233613693685363, 44.30415174110642], [-0.15231681969992988, 44.304167472444234], [-0.15229554597313136, 44.30418184330211], [-0.152272500724985, 44.30419472872898], [-0.15201707750319848, 44.304324275590865], [-0.1516973301151825, 44.30449209848286], [-0.15167057496082006, 44.304504688343954], [-0.1516421712443082, 44.304515253030445], [-0.15123376760273208, 44.30464862985011], [-0.15112027577440645, 44.30477768610083], [-0.15099250623282423, 44.30503789882911], [-0.15098010950108362, 44.30505949748097], [-0.15096466002127254, 44.30508005632575], [-0.1509463244398961, 44.305099353600525], [-0.15092530053566142, 44.30511718115046], [-0.1509018150861585, 44.30513334667401], [-0.15062432236471243, 44.3053054115942], [-0.15045874227651834, 44.30552930178503], [-0.150442862612813, 44.30554842422056], [-0.1504244281277958, 44.305566325658184], [-0.15040361943124664, 44.30558283070853], [-0.1503806403948118, 44.305597777663166], [-0.1503557161545856, 44.30561102007907], [-0.1503426933321977, 44.305616599975856], [-0.1503448397248133, 44.305652022319315], [-0.15034461263132298, 44.305674795696746], [-0.15034117987477194, 44.30569743585769], [-0.15033457664122515, 44.30571971071438], [-0.15032487061800412, 44.30574139192357], [-0.15031216129995395, 44.30576225722731], [-0.15029657896962537, 44.3057820927315], [-0.15027828336183072, 44.30580069509844], [-0.15025746202625181, 44.30581787363148], [-0.1502343284048912, 44.305833452229706], [-0.15017511396581543, 44.30586946117742], [-0.1501930310211608, 44.30591343006856], [-0.15019994349689253, 44.3059339074409], [-0.15020415732354175, 44.305954759438364], [-0.15020563552247618, 44.30597580308758], [-0.15020436511975363, 44.3059968537333], [-0.15020035726007433, 44.30601772665866], [-0.15019364710908487, 44.30603823870606], [-0.15018429354490537, 44.306058209884426], [-0.15017237864157484, 44.30607746494855], [-0.15001147942158694, 44.30630776536135], [-0.14999828862732617, 44.306324767898126], [-0.14998310034849976, 44.30634088794672], [-0.14996602830044134, 44.30635600481394], [-0.149805128379229, 44.30648650514467], [-0.14978467729921932, 44.30650160451072], [-0.14976234899156285, 44.30651526398914], [-0.14973833925044155, 44.306527363800974], [-0.1497049489423536, 44.306542566997194], [-0.1497301686197106, 44.306600707163085], [-0.14973771508514663, 44.30662158053873], [-0.1497424431689145, 44.3066428769261], [-0.14974430940771868, 44.306664400570305], [-0.14974329664405733, 44.30668595362737], [-0.14973941418405737, 44.30670733798268], [-0.14973269771204187, 44.306728357072146], [-0.14972320896263605, 44.306748817689005], [-0.14971103515341153, 44.306768531759715], [-0.14969033000641208, 44.30679814292541], [-0.14971988806071623, 44.30695157860711], [-0.14972263090870802, 44.306974128858116], [-0.14972220356373872, 44.30699676287868], [-0.14971861035006542, 44.307019251444565], [-0.14971188765412982, 44.30704136680437], [-0.14970210355620459, 44.30706288498604], [-0.1496893571410313, 44.307083588065225], [-0.1496737774944826, 44.30710326637223], [-0.14965552239633909, 44.30712172061553], [-0.1495375225399763, 44.30722912087204], [-0.149518977265174, 44.30724451347241], [-0.14949857019903096, 44.307258639269065], [-0.14947646843584023, 44.30727138259835], [-0.14945285294663302, 44.30728263911632], [-0.14942791709736236, 44.307292316653175], [-0.1490738161200442, 44.307415217047954], [-0.14904477673424704, 44.307424030561386], [-0.1490146506752724, 44.30743070338987], [-0.14898374310877666, 44.30743516794018], [-0.1489523671170443, 44.30743737898813], [-0.14892084052746632, 44.30743731413675], [-0.14888948269296245, 44.30743497404299], [-0.1488698891514224, 44.30743205981853], [-0.14887424678951766, 44.307471154438375], [-0.148875202947137, 44.30749280170008], [-0.1488732553204933, 44.30751441464628], [-0.1488684219633743, 44.30753579289767], [-0.14886074768404936, 44.30755673825072], [-0.14885030362996748, 44.30757705651515], [-0.14883718662822262, 44.30759655931443], [-0.1488215182879321, 44.30761506583229], [-0.1488034438728445, 44.30763240448909], [-0.1487831309546087, 44.30764841453268], [-0.1486044286732555, 44.30777631056017], [-0.14858260446932833, 44.307796609408825], [-0.14859548270500803, 44.30792538476819], [-0.14862761929159676, 44.308224180347395], [-0.14862844224396538, 44.30824738144622], [-0.14862593141925448, 44.30827051993443], [-0.14862011354435412, 44.308293349474674], [-0.14861105055390378, 44.308315627018516], [-0.14859883893109643, 44.30833711539386], [-0.14858360868061926, 44.3083575858301], [-0.1485655219447188, 44.308376820393654], [-0.1484045221913556, 44.308530320751004], [-0.1483817034630802, 44.3085496972444], [-0.14835599052435244, 44.30856710488687], [-0.14832771062692138, 44.308582322127705], [-0.14828457709685902, 44.30860291047901], [-0.14828250562566464, 44.30861377634303], [-0.14836073569634806, 44.308759298812284], [-0.1483702873438558, 44.30878000298304], [-0.1483770015167819, 44.308801274085305], [-0.1483808150837395, 44.30882291212306], [-0.14838169218539543, 44.30884471365009], [-0.1483796245717515, 44.30886647368277], [-0.14837463167982975, 44.30888798762737], [-0.1483667604510439, 44.3089090532038], [-0.14835608488996346, 44.308929472347366], [-0.14834981753101717, 44.308938644532745], [-0.14837331032486892, 44.308965552756526], [-0.1485601170711226, 44.30899779794913], [-0.14858884838187994, 44.30900381308558], [-0.14861664916708464, 44.3090117695202], [-0.14864326567665032, 44.30902159463125], [-0.14866845496952322, 44.309033198740806], [-0.14869198713108212, 44.30904647593313], [-0.1487136473716312, 44.30906130502146], [-0.14891754746701097, 44.30921490462129], [-0.14893697939025516, 44.30923100518981], [-0.14895420269346935, 44.30924835366819], [-0.14896906285410044, 44.309266794412935], [-0.14898142655036264, 44.30928616198104], [-0.14899118285742322, 44.3093062826142], [-0.14899824424264885, 44.309326975797745], [-0.14900254735101073, 44.30934805588009], [-0.14900405357357668, 44.3093693337383], [-0.1490027493940071, 44.30939061847494], [-0.14899864650992847, 44.30941171913056], [-0.14896644712099116, 44.30953451923295], [-0.14896628880637044, 44.30953511853223], [-0.14893204339102925, 44.309663800864726], [-0.1489594832046263, 44.30985357163911], [-0.14896095436955134, 44.309884911123746], [-0.14895015550880208, 44.31009981118307], [-0.14894761956794267, 44.31012138369387], [-0.14894220708687236, 44.31014268122979], [-0.14893396820181565, 44.31016350649806], [-0.1489229792320169, 44.31018366658065], [-0.1489093419728561, 44.310202974721356], [-0.14889318275292546, 44.310221252055975], [-0.148874651263849, 44.31023832926914], [-0.14877531816816925, 44.31032130011516], [-0.14869726909856498, 44.31044532305134], [-0.1486918523700551, 44.310453488802615], [-0.14855362794671423, 44.310651506032215], [-0.1484366640656515, 44.31082630932531], [-0.1484218680172947, 44.31084587723338], [-0.14840445007196057, 44.310864298889726], [-0.1483845809057651, 44.31088139378055], [-0.14836245521484007, 44.31089699439295], [-0.14833828980754238, 44.31091094785632], [-0.14831232147994974, 44.31092311744044], [-0.1480488420136615, 44.31103364170448], [-0.14793286048816268, 44.31113382145381], [-0.1475659841539726, 44.31148036291846], [-0.1474643883022102, 44.31169845179078], [-0.1474534568741496, 44.31171863196416], [-0.1474398736926302, 44.31173796393644], [-0.14742376462763002, 44.31175626856235], [-0.1474052789563664, 44.31177337621665], [-0.14738458798002463, 44.31178912836609], [-0.1473618834363876, 44.31180337903848], [-0.147337375723052, 44.311815996175454], [-0.14731129194770026, 44.311826862856286], [-0.14728387382352692, 44.31183587838133], [-0.1472553754292735, 44.3118429592053], [-0.14722606085466627, 44.31184803971139], [-0.14719620175307271, 44.311851072819444], [-0.14716607482406208, 44.31185203042223], [-0.14713595924917208, 44.311850903645855], [-0.1471061341047014, 44.311847702932084], [-0.14694523353391367, 44.31182470283139], [-0.14691815677399647, 44.311819923839074], [-0.14689177909385384, 44.31181343506295], [-0.14686630946204535, 44.31180528790836], [-0.1468419496531619, 44.31179554691858], [-0.1468194606493434, 44.31178456659144], [-0.14667277391843536, 44.31181830832154], [-0.14664268549569576, 44.31182406267652], [-0.14661195010423794, 44.31182764390846], [-0.1465808713968517, 44.3118290166364], [-0.14654975641824058, 44.31182816729845], [-0.14651891257142935, 44.3118251042858], [-0.1464886445806688, 44.31181985785982], [-0.14646813922453403, 44.31181471078015], [-0.14645736540971863, 44.31183173090078], [-0.14643852354020034, 44.311854144775005], [-0.14629912384726787, 44.31200004509669], [-0.1462801574023798, 44.312017912719654], [-0.14625880321748347, 44.31203433276153], [-0.14623527431225516, 44.31204914142206], [-0.1462098054011186, 44.312062190975425], [-0.14605960509335264, 44.312131291188415], [-0.1460336636069607, 44.31214200656418], [-0.1460064164088294, 44.312150895621386], [-0.14597811217813378, 44.31215787723149], [-0.14594900924166598, 44.31216288767481], [-0.14588324968892333, 44.312171848296835], [-0.14588917592088005, 44.31220009835631], [-0.14589224177423088, 44.31222184061214], [-0.14589235464763115, 44.31224369387134], [-0.14588951347235724, 44.31226545185622], [-0.1458837450636756, 44.312286909188146], [-0.14587510386784003, 44.31230786332623], [-0.14586367144827966, 44.3123281164791], [-0.14584955571579877, 44.31234747747201], [-0.1458328899100788, 44.31236576355133], [-0.14581383134205084, 44.312382802109745], [-0.14579255990906795, 44.31239843231544], [-0.14576927639683143, 44.31241250663035], [-0.14558687613325472, 44.312512306925086], [-0.14556069451592457, 44.31252518128145], [-0.14553283324874458, 44.31253608780625], [-0.1455035782122377, 44.312544914588926], [-0.1454732295886619, 44.312551571058904], [-0.1454420987817942, 44.312555988914916], [-0.14541050522155474, 44.31255812282593], [-0.14537877308626573, 44.312557950896164], [-0.14534722797617153, 44.31255547488989], [-0.14531619357237857, 44.312550720213274], [-0.14528698651817284, 44.312543966474706], [-0.14527136388546788, 44.31255307734974], [-0.14524599617319156, 44.3125651409481], [-0.14521911815741095, 44.31257538063309], [-0.14519098339746833, 44.31258369980639], [-0.14507435035735972, 44.312613518226364], [-0.1450679859627287, 44.31262764589332], [-0.14505627674518123, 44.312647136463234], [-0.14504206083978252, 44.312665747742486], [-0.14502546484392725, 44.31268331398848], [-0.14500663655129165, 44.312699678764986], [-0.14498574363568767, 44.312714696335384], [-0.14496297215787807, 44.31272823296048], [-0.14493852490861125, 44.31274016808962], [-0.1446991857835181, 44.31284551179054], [-0.1445716001391629, 44.312948697366636], [-0.14458284164811713, 44.313053055109016], [-0.14458371088699185, 44.31307493250539], [-0.14458161474997133, 44.31309676699348], [-0.1445765730793232, 44.31311835185154], [-0.1445686336047983, 44.313139482720956], [-0.14455787149186694, 44.31315995954115], [-0.14454438863017044, 44.313179588443674], [-0.144528312668969, 44.31319818358776], [-0.14450979580865903, 44.31321556891978], [-0.1444890133598584, 44.31323157984016], [-0.14446616208364102, 44.313246064761735], [-0.14444145832867622, 44.313258886545036], [-0.14441513598290037, 44.31326992379666], [-0.14438744425909023, 44.31327907201868], [-0.1443610002565456, 44.31328565808826], [-0.14434926544588567, 44.313305724670336], [-0.14433468925103668, 44.313325091589626], [-0.1443175461546668, 44.31334334271589], [-0.14429800035764764, 44.313360303232905], [-0.14427623907531323, 44.313375810686274], [-0.14425247074427727, 44.31338971653949], [-0.14400567035548453, 44.3135202169286], [-0.14398127131767824, 44.313531894624795], [-0.14395545846876395, 44.31354188321442], [-0.14392845796055564, 44.31355009518519], [-0.1439005063505417, 44.31355645859012], [-0.1438718485292928, 44.313560917677975], [-0.14384273557485264, 44.313563433381674], [-0.14381342255291388, 44.31356398366059], [-0.14378416628205357, 44.313562563693665], [-0.1435528049788471, 44.313543490923735], [-0.14337330617492045, 44.31356820498219], [-0.1431618595166568, 44.31365639671298], [-0.1431376830230293, 44.31366549305121], [-0.14311249551773186, 44.31367304389552], [-0.14278037601666277, 44.3137606154081], [-0.14255430775501668, 44.313947290301634], [-0.14252559605212295, 44.31396809299552], [-0.14227955470144069, 44.31412453394729], [-0.14213467769921914, 44.31432535468589], [-0.14211979363127727, 44.314343791342125], [-0.14210254633198463, 44.31436113395132], [-0.1420830906051989, 44.314377226852216], [-0.1420616010772818, 44.31439192560043], [-0.1420382706297517, 44.314405098264864], [-0.1420133086680305, 44.31441662661202], [-0.1419869392418944, 44.314426407167225], [-0.14165444979280417, 44.31453572926974], [-0.1415389026956706, 44.314634913411474], [-0.14152406313830138, 44.314646771009585], [-0.1412558631372293, 44.314846371536234], [-0.141232663099172, 44.31486197011], [-0.14120738110383707, 44.31487580061191], [-0.14103568078876821, 44.31496020086828], [-0.1410238284927244, 44.31496574890764], [-0.14066461953993029, 44.31512571197332], [-0.14063223474416656, 44.3152834103019], [-0.14062741846802365, 44.31530162494396], [-0.14062052924574228, 44.315319492930605], [-0.1406116138802302, 44.31533689286833], [-0.1404828147530055, 44.31555949321583], [-0.1404703171485602, 44.31557852678972], [-0.14045539687803496, 44.315596638563804], [-0.140438184519577, 44.31561367002622], [-0.14041883071177516, 44.315629472119724], [-0.14022161951304432, 44.31577605531305], [-0.1402167970337535, 44.31584524274448], [-0.14021390953180146, 44.31586645888519], [-0.14020823760245357, 44.31588738349232], [-0.1401998321866679, 44.31590782862623], [-0.14018876877713343, 44.315927610653546], [-0.14017514674029302, 44.31594655189664], [-0.1399712474689071, 44.31619985239752], [-0.13995245743653575, 44.31622049358351], [-0.13993063327896402, 44.316239534010705], [-0.1396946333421258, 44.31642383448642], [-0.13967309420843038, 44.316439103838086], [-0.13964960316032707, 44.31645280953558], [-0.1392471034861534, 44.31666531483537], [-0.1390642239393033, 44.31687469831226], [-0.1390484850727377, 44.3168910632342], [-0.13903079439061625, 44.31690636610507], [-0.13901129018160696, 44.31692048730062], [-0.13899012491124957, 44.31693331643379], [-0.13896746403013205, 44.31694475321771], [-0.13854906316868892, 44.31713665380967], [-0.13852808368441405, 44.31714547245458], [-0.13850621494718163, 44.31715309664055], [-0.13811275225540112, 44.31727696626605], [-0.13810792988013074, 44.317289024479905], [-0.13809574704603975, 44.31731069886692], [-0.1380804972275931, 44.31733134859477], [-0.13806234508102644, 44.317350750698864], [-0.1380414866009127, 44.3173686956856], [-0.13791278662939768, 44.31746839594393], [-0.13789270866102024, 44.317482609553295], [-0.13787093201287312, 44.31749546955248], [-0.13784763307902267, 44.3175068717731], [-0.1378230005846813, 44.317516723854894], [-0.13779723405746877, 44.317524945994094], [-0.13777054221117743, 44.31753147158973], [-0.1376659997916289, 44.317553313928514], [-0.13762354567315038, 44.31763765148879], [-0.13761149828251057, 44.31765830515334], [-0.13759665033107632, 44.317677996508124], [-0.13757914896009818, 44.31769653041082], [-0.13755916760682563, 44.31771372318948], [-0.1375369042857946, 44.317729404462526], [-0.13751257962652022, 44.317743418827426], [-0.13748643468705923, 44.317755627400736], [-0.13737836566906714, 44.317800761277766], [-0.13737379542276246, 44.31789171004841], [-0.1373713573261062, 44.317912748917244], [-0.13736618254605257, 44.31793353100745], [-0.13735831666613835, 44.317953873242566], [-0.13734782897690803, 44.317973596420785], [-0.13733481186560362, 44.317992526793645], [-0.1373193800023693, 44.318010497596596], [-0.13730166933014198, 44.31802735051816], [-0.1372818358671351, 44.3180429370946], [-0.13712093583213245, 44.318158037403556], [-0.13709967146584473, 44.318171913320604], [-0.13707672571853716, 44.318184332122776], [-0.1370522916161468, 44.318195189339235], [-0.13702657470547755, 44.31820439363567], [-0.1369997913250445, 44.318211867582576], [-0.1369927761609825, 44.31821331018514], [-0.13699843916204546, 44.31841639838161], [-0.1369975452006524, 44.318438465258744], [-0.1369936424893209, 44.318460362937856], [-0.13698676861869516, 44.31848188048343], [-0.1369769898001333, 44.31850281062151], [-0.1369644002280323, 44.31852295173628], [-0.1369491211725733, 44.318542109812206], [-0.13693129981163454, 44.31856010030309], [-0.13691110781313484, 44.31857674990964], [-0.1368887396814208, 44.31859189824898], [-0.13658833939102263, 44.31877619877388], [-0.13656687580043197, 44.318788248134325], [-0.13654403517539207, 44.31879891311579], [-0.13651999025839515, 44.31880811305927], [-0.13625543591569286, 44.318898961184544], [-0.1358694871757441, 44.319040391111336], [-0.13568238177947173, 44.31918696977292], [-0.13565958534844705, 44.31920309200133], [-0.13563461717951836, 44.31921746074707], [-0.13560773773317875, 44.31922992611893], [-0.1355792274084532, 44.31924035808113], [-0.13554938361779706, 44.31924864780998], [-0.13551851768449533, 44.31925470882892], [-0.13548695159492216, 44.319258477910864], [-0.1354550146395402, 44.319259915737675], [-0.13542303997771163, 44.31925900731034], [-0.13537657307043233, 44.31925597515783], [-0.13496099332416403, 44.31936830548957], [-0.1349339494423236, 44.31937462509502], [-0.13490621874560454, 44.31937915803344], [-0.13487802974018467, 44.31938186695261], [-0.13484961470891033, 44.31938272953055], [-0.1348212077971687, 44.31938173865956], [-0.13479304308342008, 44.31937890250465], [-0.13445749980573787, 44.31933388130858], [-0.1343498600171786, 44.31942556392585], [-0.13433142403075435, 44.31943994886501], [-0.1343113179953813, 44.31945313032261], [-0.13428969376184047, 44.31946500874511], [-0.13423632130461569, 44.319491769644806], [-0.13408814938907648, 44.319666343562844], [-0.13407131173478148, 44.31968419567623], [-0.13405217069927866, 44.319700808461114], [-0.13403090213662672, 44.31971602928962], [-0.13400770144772975, 44.31972971832225], [-0.13398278178511924, 44.319741749792605], [-0.13395637209464106, 44.31975201316286], [-0.13392871501200243, 44.31976041413943], [-0.1339000646335437, 44.319766875539216], [-0.1338706841816861, 44.319771337998816], [-0.13384084358654158, 44.31977376051985], [-0.13381081700586472, 44.31977412084572], [-0.1336711909736242, 44.31977098923364], [-0.13363089167098205, 44.31983107835545], [-0.13361684113351263, 44.31984972554867], [-0.13360040756104663, 44.31986734020903], [-0.1335817369463455, 44.31988376584905], [-0.1335609951563191, 44.31989885654436], [-0.13353836645850248, 44.31991247823003], [-0.1335140518840446, 44.31992450989166], [-0.13348826744174516, 44.31993484464056], [-0.1334612421990322, 44.31994339066319], [-0.13343321624688023, 44.31995007203707], [-0.13340443856680587, 44.3199548294051], [-0.13318118862622605, 44.31998385850958], [-0.13303223042881607, 44.32001259271748], [-0.1329474346062086, 44.32010788953567], [-0.13293068774131173, 44.32012491630061], [-0.13291181734661586, 44.320140757029286], [-0.13289098546605063, 44.320155275692855], [-0.13286837098779028, 44.32016834761531], [-0.13284416810808988, 44.320179860544165], [-0.13268316774517458, 44.32024896076004], [-0.1326555671271057, 44.32025950207314], [-0.13262664058500404, 44.320268016166345], [-0.1325966761356117, 44.32027441826622], [-0.13256597213026264, 44.32027864462811], [-0.13253483428417423, 44.320280653170805], [-0.1325035726323637, 44.32028042389564], [-0.13216900559814374, 44.320265963790135], [-0.13201350922456148, 44.3202731168897], [-0.13202009667869466, 44.320400666294894], [-0.1320196800577968, 44.320423277261284], [-0.13201610320589346, 44.32044574393286], [-0.1320094022703795, 44.32046783924069], [-0.13199964497372788, 44.32048933986896], [-0.13198692992916375, 44.320510028512], [-0.13197138564409633, 44.32052969607059], [-0.13195316922141068, 44.32054814376539], [-0.13193246477170412, 44.320565185146066], [-0.13190948155254847, 44.32058064797565], [-0.1318844518535587, 44.320594375971496], [-0.1318576286486403, 44.320606230384826], [-0.13142852758395712, 44.32077513091971], [-0.1314022950445475, 44.32078434214596], [-0.13137498186386878, 44.32079175998581], [-0.13134682531608535, 44.32079731999917], [-0.13131807000206194, 44.320800973885326], [-0.13128896572441548, 44.32080268990236], [-0.13125976531735115, 44.32080245314299], [-0.13123072245018524, 44.32080026566405], [-0.13120208942357972, 44.320796146468666], [-0.1310418621449182, 44.32076746117282], [-0.1307274478475905, 44.32085630214011], [-0.13069813263828806, 44.32086340673418], [-0.1306679842763082, 44.320868400909525], [-0.1306372967733832, 44.320871235962215], [-0.13060636939918965, 44.32087188424445], [-0.13057550376273186, 44.320870339434144], [-0.13054500087088952, 44.320866616596625], [-0.13051515819284626, 44.32086075203773], [-0.13048626675903663, 44.32085280294969], [-0.13045860832288472, 44.320842846853346], [-0.13043245261302794, 44.32083098084215], [-0.1302500523541318, 44.32073888054895], [-0.13022499942174906, 44.32072481348837], [-0.1302020621340459, 44.320708995463406], [-0.13018147686021503, 44.32069158948046], [-0.13016345573114702, 44.32067277490981], [-0.13014818445344387, 44.32065274563717], [-0.13001494610038175, 44.320454749173145], [-0.12988808160107496, 44.320303444032284], [-0.1298196294007394, 44.32028656751336], [-0.12981579279370337, 44.32028815559387], [-0.1297186027671381, 44.32041658091802], [-0.12970515302632984, 44.320432707981034], [-0.12968987464796003, 44.32044797253767], [-0.12942686194428568, 44.3206888315154], [-0.12918507287185352, 44.320937090243326], [-0.12916332125081015, 44.32095694807129], [-0.1291386050775199, 44.32097492960669], [-0.12911123611893333, 44.32099080803078], [-0.12891813579768574, 44.32109050832998], [-0.1288951935294462, 44.32110129248138], [-0.12887102562411226, 44.32111059515159], [-0.12884581722054578, 44.32111834507712], [-0.1288197614286317, 44.32112448288935], [-0.12847636023697023, 44.321193583110826], [-0.1284447829060251, 44.32119869052634], [-0.1284126400776447, 44.321201431808326], [-0.1280908388487232, 44.3212168318343], [-0.1280574852714105, 44.32121715039184], [-0.12790717242836663, 44.32121283659369], [-0.12790299010363695, 44.32121526897479], [-0.1278768788352652, 44.321278724430535], [-0.12786566739772356, 44.32130142036958], [-0.12785114044679563, 44.32132312578589], [-0.12784877752426557, 44.32132586169639], [-0.1278977343133508, 44.32136588734941], [-0.12791723963059054, 44.321383545368114], [-0.12793418573480297, 44.321402515976956], [-0.12794840250968148, 44.321422608739226], [-0.12795974723687384, 44.321443621953264], [-0.12796810602877245, 44.321465344677186], [-0.1279733949718848, 44.32148755884648], [-0.12797556096933568, 44.3215100414629], [-0.12797458227401964, 44.32153256683319], [-0.12797046870705658, 44.32155490883462], [-0.12796326155933846, 44.32157684318498], [-0.12795303317717904, 44.32159814969404], [-0.12792589775409036, 44.321646640171735], [-0.1279615661475398, 44.32168837883166], [-0.12797656273414038, 44.321708068295216], [-0.1279887518246333, 44.321728732523546], [-0.12799801209241957, 44.321750165836214], [-0.1280042513624745, 44.321772154897516], [-0.12800740752893977, 44.32179448083987], [-0.12800744917342236, 44.32181692144231], [-0.12800437587786342, 44.321839253342354], [-0.12799821822882718, 44.32186125425924], [-0.127989037513207, 44.32188270520638], [-0.12797692510833292, 44.32190339267113], [-0.12785882573057655, 44.32207989297809], [-0.1278448521845164, 44.322098485205494], [-0.1278285105174213, 44.322116054288834], [-0.127809944883578, 44.32213244524434], [-0.1277893190561777, 44.32214751348082], [-0.12776681498262077, 44.322161126075265], [-0.1277426311795001, 44.32217316294539], [-0.12771698098140224, 44.32218351790894], [-0.12769009065896267, 44.322192099620466], [-0.127662197422811, 44.32219883237706], [-0.1275119969033696, 44.322229532475596], [-0.12748345803221003, 44.32223434201671], [-0.12745441793601692, 44.32223721573856], [-0.12742513082608456, 44.32223812848519], [-0.12739585307606902, 44.32223707226672], [-0.1273668409776722, 44.32223405632912], [-0.12733834849702888, 44.32222910707339], [-0.12731062505147753, 44.32222226782443], [-0.1272839133261322, 44.32221359845169], [-0.12725844714941711, 44.32220317484515], [-0.12711595447570864, 44.32213832860724], [-0.12710875757308632, 44.32213892190125], [-0.12704711282533485, 44.32222037819291], [-0.12703159210185547, 44.32223873908145], [-0.12701370278654828, 44.32225595358148], [-0.126993607979097, 44.32227186474391], [-0.1269714908876806, 44.32228632750235], [-0.12694755315863887, 44.322299209995855], [-0.12692201303801146, 44.322310394771115], [-0.12689510338170595, 44.32231977985337], [-0.12686706953244423, 44.322327279676124], [-0.1268381670828618, 44.322332825861324], [-0.12666941447632077, 44.32235908239461], [-0.12656894325702034, 44.32242140082837], [-0.12654495624371623, 44.322434874588254], [-0.12651926025848634, 44.32244661275627], [-0.12649209811066808, 44.32245650441447], [-0.1264637264642731, 44.32246445609317], [-0.12643441341262754, 44.322470392654246], [-0.12640443594500422, 44.32247425800111], [-0.12622114564859277, 44.32249133938445], [-0.12608250846717303, 44.322549966499125], [-0.12585760015882905, 44.32273094168677], [-0.12583725655135952, 44.32274585638084], [-0.12581507453548155, 44.32275935297035], [-0.12579124515422885, 44.32277131521498], [-0.12576597363906014, 44.32278164008907], [-0.1257394776422746, 44.322790238668865], [-0.12571198536242684, 44.32279703689847], [-0.12568373357890497, 44.322801976227595], [-0.12565496561258613, 44.32280501411589], [-0.12544036479778412, 44.322820414152616], [-0.12542038083140558, 44.322821386313635], [-0.12531827682091973, 44.322824003572336], [-0.12531514803728175, 44.32282922797254], [-0.12536305138955173, 44.32293206816285], [-0.1253713072718087, 44.322953155107164], [-0.12537666692862307, 44.32297471853645], [-0.1254302684995295, 44.323274018432876], [-0.1254324536685796, 44.32329173360473], [-0.12543268238348174, 44.32330951733653], [-0.12542198372857463, 44.323562817401275], [-0.12541947421303135, 44.32358521139102], [-0.12541386529897688, 44.3236073139617], [-0.12540521293958162, 44.3236289046099], [-0.12539360345082173, 44.32364976793908], [-0.1253791526504706, 44.32366969580853], [-0.12536200470276565, 44.323688489409875], [-0.12534233068025366, 44.32370596125042], [-0.1253203268571622, 44.32372193702378], [-0.1252962127513178, 44.323736257348884], [-0.12527022893417183, 44.323748779359974], [-0.12524263463073088, 44.323759378132], [-0.12521370513338823, 44.32376794792696], [-0.1251837290554248, 44.32377440324878], [-0.1251530054515992, 44.32377867969633], [-0.125121840834555, 44.32378073460592], [-0.12486433984891183, 44.32378843460911], [-0.12483201679646538, 44.32378820310917], [-0.1247998989796871, 44.32378558219628], [-0.12476832823477858, 44.32378059976546], [-0.12473764057512579, 44.32377330884579], [-0.12470816261493037, 44.323763787035986], [-0.12468020809289797, 44.323752135678546], [-0.12458574541281858, 44.323707935748054], [-0.1244501607406021, 44.32378152255368], [-0.12442557565170788, 44.323793591800566], [-0.12439950528274754, 44.323803930760505], [-0.12437218520215283, 44.32381244601181], [-0.12434386227094864, 44.3238190606116], [-0.12431479241208933, 44.3238237147911], [-0.12428523829790003, 44.323826366495666], [-0.12414583776626603, 44.32383406651078], [-0.12412180024477595, 44.32383472940557], [-0.12398229971105328, 44.32383472939146], [-0.12394640075700951, 44.323833248169166], [-0.12375361858396909, 44.323817286689014], [-0.12366795173722167, 44.3238451647191], [-0.12372778952707457, 44.32393384489777], [-0.12374008562754642, 44.32395467829184], [-0.12374940390270601, 44.323976293084975], [-0.12375565005910116, 44.323998470560674], [-0.12375876088931224, 44.32402098630844], [-0.12375870491166713, 44.324043612494656], [-0.12375548268895384, 44.32406612016789], [-0.12373408319624825, 44.32416592023905], [-0.12372770010575188, 44.32418815701184], [-0.12371822682259667, 44.324209818573706], [-0.12370575986269633, 44.32423068422431], [-0.12369042624364815, 44.324250541372244], [-0.12367238219070363, 44.32426918770112], [-0.1236518115451379, 44.32428643323095], [-0.12362892389122337, 44.324302102253775], [-0.12360395242088885, 44.32431603512394], [-0.12357715155783408, 44.32432808988467], [-0.12330895090434636, 44.32443559022423], [-0.12330320194104649, 44.32443783828664], [-0.12319282782944947, 44.324479931336015], [-0.12309195961752077, 44.32456239903183], [-0.12298154103137286, 44.32467597119046], [-0.12297749080913714, 44.32473065306505], [-0.12300272639208476, 44.32482689113866], [-0.12300691162562692, 44.32484864902956], [-0.12300812071451758, 44.3248705962138], [-0.12300634212612871, 44.32489252341356], [-0.12300159281693236, 44.32491422154132], [-0.122993918070933, 44.324935483693665], [-0.12298339106797349, 44.32495610712427], [-0.12297011218605425, 44.324975895177104], [-0.12295420804425065, 44.324994659161824], [-0.12293583029542338, 44.32501222015293], [-0.12291515418017324, 44.32502841069605], [-0.12289237685587043, 44.32504307640476], [-0.12286771551666002, 44.32505607743269], [-0.12284140532238219, 44.325067289807166], [-0.12281369715615352, 44.32507660661134], [-0.1227848552320126, 44.32508393900381], [-0.12275515457540873, 44.32508921706566], [-0.12272487840058996, 44.3250923904674], [-0.12269431540989638, 44.325093428948676], [-0.12266375704070262, 44.32509232260705], [-0.12265276273101933, 44.32509153682524], [-0.12262478050264274, 44.3251795492581], [-0.1226166929402117, 44.32520033430192], [-0.12260586778270473, 44.32522046729872], [-0.12259240467644278, 44.325239762917874], [-0.12257642755126394, 44.32525804353687], [-0.1225580834797741, 44.3252751408765], [-0.12253754132355937, 44.32529089754986], [-0.12251499017878985, 44.32530516851129], [-0.12249063763553414, 44.325317822391504], [-0.12246470786682727, 44.32532874270697], [-0.12243743956504335, 44.325337828932206], [-0.12240908374461575, 44.32534499742518], [-0.12237990143129723, 44.325350182197276], [-0.12235016125924941, 44.32535333552079], [-0.12232013699808868, 44.32535442836823], [-0.12229010503264728, 44.32535345067961], [-0.1222603418186588, 44.32535041145502], [-0.12223112133779275, 44.32534533867176], [-0.12204872074017907, 44.32530693851586], [-0.12202177316810271, 44.32530029624217], [-0.12199577752102353, 44.325291924245334], [-0.12197094874301354, 44.325281891749114], [-0.12194749212960372, 44.325270281707], [-0.12192560163027391, 44.32525719011639], [-0.12190545824477299, 44.32524272522472], [-0.12174591657802161, 44.325117232709324], [-0.12169306949592322, 44.32510461617245], [-0.12153360056372833, 44.32511551633806], [-0.12150305142299549, 44.32511652827145], [-0.12147251036638541, 44.325115397568865], [-0.12144226832601537, 44.325112135001426], [-0.12141261338548276, 44.32510677164818], [-0.12138382803549443, 44.325099358600184], [-0.12135618648281095, 44.32508996647363], [-0.12132995203809561, 44.325078684737306], [-0.12130537460760135, 44.32506562086013], [-0.12110891581096198, 44.32495012606184], [-0.12105207766506142, 44.3249552088783], [-0.12103895313103633, 44.324969653132776], [-0.12102001699805927, 44.32498664468273], [-0.12099888229283516, 44.32500224321427], [-0.12097574681216204, 44.32501630274176], [-0.12095082707843913, 44.325028691682874], [-0.12092435631324078, 44.32503929409021], [-0.12089658225458413, 44.325048010736396], [-0.12086776483831148, 44.325054760042725], [-0.12083817376530233, 44.325059478842796], [-0.12080808597728615, 44.3250621229736], [-0.1207777830648629, 44.32506266768886], [-0.1207475486320159, 44.32506110789073], [-0.12071766564179735, 44.32505745817738], [-0.12068841376797321, 44.325051752706415], [-0.1206600667775013, 44.32504404487523], [-0.12063288996827454, 44.325034406821146], [-0.12060713768614621, 44.32502292874635], [-0.12058305094447395, 44.32500971807364], [-0.12056085516846446, 44.32499489844097], [-0.12054075808540861, 44.32497860854439], [-0.12050709848717042, 44.324948509387724], [-0.12049481486883712, 44.324954358671015], [-0.12046792984716563, 44.32496461550244], [-0.12043978503036239, 44.324972950829014], [-0.12041064615109656, 44.32497928595171], [-0.12038078832790035, 44.32498356105667], [-0.12035049346751564, 44.32498573577998], [-0.12032004760315469, 44.32498578958879], [-0.12028973819377503, 44.324983721975116], [-0.12025985140991331, 44.32497955246069], [-0.12023066943166384, 44.324973320412695], [-0.12020246778436446, 44.324965084671916], [-0.12017551273710358, 44.32495492299725], [-0.12012765372033066, 44.32493469292112], [-0.12012282512461055, 44.324939873923135], [-0.12010527405203235, 44.32495691097849], [-0.12008556752147333, 44.32497268683569], [-0.12006388042290596, 44.32498706148719], [-0.12004040522387954, 44.324999907360734], [-0.12001535026141237, 44.3250111104516], [-0.11998893789301446, 44.32502057133444], [-0.11996140252328659, 44.32502820604566], [-0.11993298852356116, 44.325033946828555], [-0.1199039480631027, 44.32503774273476], [-0.11987453887107591, 44.32503956007627], [-0.11984502194916755, 44.32503938272462], [-0.11965192121677802, 44.325031682675984], [-0.11962018598122663, 44.325029248536254], [-0.11958896031980955, 44.325024509552826], [-0.11955856820838556, 44.32501751489423], [-0.11952932497415814, 44.325008337132324], [-0.11950153402397194, 44.324997071489264], [-0.11926553360350535, 44.324889671133256], [-0.11924544621234028, 44.32487952933987], [-0.1192273055686468, 44.32488882766439], [-0.11920121491785979, 44.32489964796936], [-0.1191737970748606, 44.32490861921504], [-0.11914530559308041, 44.324915658437504], [-0.11911600395501476, 44.32492070053971], [-0.119086163135533, 44.324923698893436], [-0.11905605909587552, 44.32492462577073], [-0.11902597023154772, 44.324923472600084], [-0.11901916813589437, 44.3249227369135], [-0.11901627579803022, 44.32492611493251], [-0.11899866374555096, 44.324942930616515], [-0.11897894011661304, 44.32495849150233], [-0.11895727746241536, 44.32497266145513], [-0.1189338652981935, 44.32498531650863], [-0.11890890844522672, 44.324996345949614], [-0.11887722511495293, 44.3250089208079], [-0.11877963756051378, 44.325110985849705], [-0.11877043328580428, 44.3251201136362], [-0.11856663357996794, 44.32531191408628], [-0.1185463735681796, 44.32532912068258], [-0.11852381731146715, 44.325344786041676], [-0.118499191110937, 44.32535875299595], [-0.11812359047169198, 44.325550653573416], [-0.11809753044560366, 44.32556262227994], [-0.11806995323451924, 44.325572687847796], [-0.11804112767822954, 44.32558075215141], [-0.11801133478656245, 44.32558673657482], [-0.11798086499984871, 44.32559058277804], [-0.11795001535743035, 44.32559225326586], [-0.11791908660183005, 44.32559173175336], [-0.11788838024682437, 44.32558902332468], [-0.11764167935662061, 44.325558323186094], [-0.11761155294670433, 44.32555346574991], [-0.11758223880879638, 44.325546503382554], [-0.11755402160324127, 44.32553750369352], [-0.11752717533804315, 44.32552655407609], [-0.11750196070800335, 44.325513760858684], [-0.11747862256316477, 44.32549924827214], [-0.11745738753111616, 44.325483157243546], [-0.1174384618163032, 44.32546564402754], [-0.11742202919766766, 44.32544687868899], [-0.11731902599476465, 44.32531527807536], [-0.11716664183643043, 44.325260774719936], [-0.11674670781081133, 44.32515824921128], [-0.11671441962174188, 44.32514889942036], [-0.11668377576725805, 44.325137035873524], [-0.116404875241034, 44.32501423546158], [-0.1163774276335541, 44.32500065696157], [-0.11635214482872308, 44.3249850621125], [-0.11632931297282707, 44.3249676274153], [-0.11630919047187152, 44.32494855019398], [-0.11629200506702854, 44.324928046362174], [-0.11619540553192213, 44.32479754614169], [-0.11618131718592063, 44.32477578589252], [-0.11607401801032718, 44.324583885642596], [-0.1160637410955893, 44.32456243505773], [-0.11605652610278976, 44.3245403504991], [-0.11605244640850028, 44.32451785657772], [-0.11605154350157812, 44.32449518206772], [-0.11605382656134183, 44.324472557579696], [-0.11605927236437268, 44.324450213215194], [-0.11606782552084374, 44.32442837622655], [-0.11607939903800725, 44.32440726870558], [-0.11609387520507583, 44.32438710532491], [-0.11620241926916941, 44.324252989787055], [-0.1162765270275241, 44.32412934375296], [-0.11624738766344832, 44.32406679618677], [-0.1161831668908705, 44.32397913785748], [-0.11597566327504949, 44.32389289107728], [-0.11556738989538352, 44.32383856066133], [-0.1155369127744407, 44.32383336160379], [-0.11550731114642171, 44.32382600388332], [-0.11547888089869832, 44.323816561045255], [-0.1154519062095284, 44.32380512747704], [-0.1154266567074593, 44.32379181746463], [-0.11540338477617498, 44.32377676405023], [-0.11530688479335566, 44.32370776386481], [-0.11528832882166613, 44.32369328097359], [-0.11527160711867288, 44.32367768927655], [-0.1152493820254462, 44.323654975838885], [-0.1150879272585736, 44.32368794578211], [-0.1150582856434046, 44.32369289565639], [-0.11502811491210341, 44.32369575782434], [-0.1149976996979027, 44.3236965052841], [-0.11496732694056623, 44.32369513098416], [-0.11493728317927884, 44.32369164788989], [-0.11490785184931727, 44.32368608886115], [-0.11487931060801791, 44.32367850634236], [-0.11485192871525488, 44.32366897186767], [-0.11469942416779016, 44.32360913480919], [-0.11466851071797275, 44.32362634450094], [-0.11464362464500823, 44.32363886025669], [-0.11461716682325766, 44.32364958669332], [-0.11458938607870016, 44.32365842293245], [-0.11456054367931282, 44.32366528587232], [-0.11453091087787748, 44.3236701109694], [-0.114500766360867, 44.32367285284531], [-0.11447039362741095, 44.32367348571374], [-0.11444007832298131, 44.32367200362285], [-0.11441010555292119, 44.32366842051129], [-0.11416340468864133, 44.323630020345696], [-0.11413640710674808, 44.32362490409798], [-0.11411015123047846, 44.32361808273194], [-0.11408484557765859, 44.32360961042136], [-0.11385954505104202, 44.32352521012291], [-0.11383017092868501, 44.32351269874415], [-0.11380286837310681, 44.32349796644863], [-0.11377796182082582, 44.32348118830136], [-0.11375574723573237, 44.32346256367819], [-0.11353265017183502, 44.32325344553317], [-0.1132669248398823, 44.32324372832587], [-0.11306029956730607, 44.32324372830488], [-0.11304612041329977, 44.323243228231405], [-0.11303193641833023, 44.323242804791924], [-0.11291393597546202, 44.32323510475103], [-0.11288611401152374, 44.323232382278015], [-0.11285874329667302, 44.32322788262613], [-0.11283204365414083, 44.32322164193366], [-0.11280622951735673, 44.32321371032173], [-0.11278150820772194, 44.323204151491794], [-0.11213780694316516, 44.32292785055664], [-0.11213360071023257, 44.322926012698744], [-0.11136887987780675, 44.32258593311178], [-0.11086057524371444, 44.322458639600896], [-0.11063711806806109, 44.32251424734244], [-0.11057642482567037, 44.32254580169454], [-0.10973053121154464, 44.32315097228188], [-0.1087380972139797, 44.323937322776324], [-0.10872351404747174, 44.323948128062426], [-0.10838021391552323, 44.32418602870968], [-0.10836706546177367, 44.32419463611313], [-0.10813106524136953, 44.3243405365276], [-0.10812331111825982, 44.32434517622184], [-0.10767271056915216, 44.32460607697935], [-0.10764416745323427, 44.32462078654962], [-0.1076135095789314, 44.32463310951054], [-0.10758112247775176, 44.32464289089703], [-0.1072807215037697, 44.32471969114621], [-0.10725140238956232, 44.32472604620032], [-0.10722135904888817, 44.32473031611406], [-0.10693165796424692, 44.32476101620068], [-0.10690300370136405, 44.32476309226631], [-0.10687420493931257, 44.32476327089042], [-0.10684550498293124, 44.32476155056396], [-0.1068171463022475, 44.32475794582112], [-0.10648454514419027, 44.32470424559113], [-0.10646122094860933, 44.32469979586587], [-0.10643844302712359, 44.32469407065278], [-0.10603240012658316, 44.32457922759313], [-0.10589062141634827, 44.32457922756994], [-0.10554212035480516, 44.3246533168787], [-0.10509641607273021, 44.32475964888293], [-0.10506867955745751, 44.32476526342923], [-0.10504034176572104, 44.32476902488559], [-0.10501164241284876, 44.324770901433126], [-0.10477564150960537, 44.32477850143793], [-0.10474355770724647, 44.32477835419955], [-0.10471166308705149, 44.324775852428445], [-0.10468029207821544, 44.324771022356906], [-0.10464977361941935, 44.32476391463044], [-0.10462042770966415, 44.32475460377679], [-0.10459256205284559, 44.324743187424325], [-0.10456646883127785, 44.32472978527847], [-0.10454242164198253, 44.32471453786642], [-0.10452067262790148, 44.32469760506361], [-0.10450144983407264, 44.32467916441734], [-0.10448495481652283, 44.32465940928506], [-0.1044472076017992, 44.324608454197545], [-0.10440525084398306, 44.32459844086584], [-0.10440258177288032, 44.32459779428982], [-0.10405928070754515, 44.32451339395786], [-0.10403126338598336, 44.32450540542829], [-0.10400444519383185, 44.32449552101549], [-0.10397907438804706, 44.32448383222018], [-0.10375367407872137, 44.32436863185513], [-0.1037332440002868, 44.324357249692405], [-0.10371419106271805, 44.32434469685193], [-0.10354259109419749, 44.32422189652209], [-0.10352276625648554, 44.32420631128815], [-0.1035050636013266, 44.32418946075631], [-0.10348963898976925, 44.324171493287096], [-0.1034766282254454, 44.324152567074876], [-0.10340826006284838, 44.32404010607236], [-0.1032731492122866, 44.32397971269909], [-0.1029965161565848, 44.32392686098676], [-0.10297240545729058, 44.32392149926238], [-0.10294897419607815, 44.323914761733654], [-0.10277468160105618, 44.323858695569704], [-0.10266500341392627, 44.323847450271906], [-0.1022405735982449, 44.323946506656974], [-0.10221079000320317, 44.323952310415685], [-0.10218035553126588, 44.3239559826572], [-0.10214956544417177, 44.32395748775516], [-0.1021187184537659, 44.32395681110788], [-0.10185051744351098, 44.32394141102256], [-0.10181849512698835, 44.32393837323922], [-0.10178707863588361, 44.323932984934025], [-0.10175660185164463, 44.323925303371816], [-0.10172738866854938, 44.32391541018915], [-0.10154482209821836, 44.32384510670907], [-0.10129829288498879, 44.32387713238438], [-0.1012645694736663, 44.32388016842592], [-0.10123058637963232, 44.32388056442567], [-0.1011967434696293, 44.323878315724166], [-0.10101670707008485, 44.323859237032124], [-0.10085648232338618, 44.32392717761839], [-0.10072339285270494, 44.32402240703945], [-0.10070268077239886, 44.32403595698875], [-0.10068036508195985, 44.3240481242947], [-0.10065662427985674, 44.32405881163317], [-0.10010942296599769, 44.32428131233424], [-0.1000948463697961, 44.32428688040564], [-0.09988034579086745, 44.324363680651516], [-0.09985387677036912, 44.32437208529683], [-0.0998264403438195, 44.324378700779825], [-0.09979827061698514, 44.32438347065284], [-0.09976960795283327, 44.32438635421616], [-0.09942620664696007, 44.324409354268404], [-0.09939777619976421, 44.32441032635018], [-0.09936934017315385, 44.32440944236542], [-0.09934113321974146, 44.32440670960881], [-0.09931338810176567, 44.32440215063093], [-0.0992863337702701, 44.32439580305234], [-0.0989752328471226, 44.324311402727545], [-0.09894269345264221, 44.32430102214953], [-0.09861009266359055, 44.32417822171329], [-0.09857946817360538, 44.324165288419145], [-0.09855108034540136, 44.32414994929497], [-0.0982273783472447, 44.323953441718814], [-0.09790900624606728, 44.32384303177087], [-0.0978839172119693, 44.32383329614036], [-0.09786016528358342, 44.32382196314698], [-0.09783794725188229, 44.323809126688], [-0.09781744719868278, 44.32379489311729], [-0.09779883497148337, 44.32377938036412], [-0.09767154172486531, 44.32366296375199], [-0.09733557548383777, 44.32360149478436], [-0.09697902863097005, 44.32357464661271], [-0.09646041154587223, 44.323603742883144], [-0.09645950016067069, 44.323603793052946], [-0.09589089799147453, 44.32363449311144], [-0.09586016021483088, 44.323635066486986], [-0.09582949216271405, 44.32363347426713], [-0.09579918918856181, 44.3236297317861], [-0.09576954312972934, 44.32362387508648], [-0.09574083949681048, 44.32361596057224], [-0.09571335472391261, 44.323606064465324], [-0.09568735350634357, 44.32359428207165], [-0.09566308625138668, 44.32358072686326], [-0.09564078666668181, 44.32356552938542], [-0.09562066950946961, 44.323548835999325], [-0.09560292851835953, 44.3235308074726], [-0.09558773454754606, 44.323511617430924], [-0.09557523392143187, 44.32349145068587], [-0.09556554702552442, 44.323470501455056], [-0.09555876714713765, 44.323448971491665], [-0.09555495957709605, 44.323427068141456], [-0.09555416098107249, 44.32340500234588], [-0.09555637904659528, 44.32338298661058], [-0.09556159240915227, 44.323361232958845], [-0.09556975085806259, 44.32333995088976], [-0.09558077582016392, 44.32331934536058], [-0.09559456111661112, 44.32329961481297], [-0.09561097398554266, 44.32328094926182], [-0.09562985636071493, 44.32326352846551], [-0.09565102639382651, 44.32324752019462], [-0.0956742802058343, 44.32323307861637], [-0.0956993938504259, 44.32322034280984], [-0.09572612547072956, 44.323209435426726], [-0.09575421762846373, 44.32320046151009], [-0.09578339978315527, 44.32319350748284], [-0.09581339089748674, 44.323188640315394], [-0.09584390214374136, 44.32318590688081], [-0.0964120442352929, 44.32315523154689], [-0.0969587865097497, 44.323124557169564], [-0.09698735393589658, 44.32312389310387], [-0.09701588679476258, 44.32312510066165], [-0.09742358527260436, 44.32315580050494], [-0.0974682818993851, 44.32316154094866], [-0.09792958033264172, 44.32324594059589], [-0.09795764203662248, 44.323252092487266], [-0.09798477908995018, 44.323260101792805], [-0.09801075351956101, 44.32326989827667], [-0.09803533754744684, 44.32328139603071], [-0.09805831558805954, 44.32329449422774], [-0.0980794861388406, 44.323309078005785], [-0.0980986635472383, 44.32332501947521], [-0.09824694811764545, 44.3234606330113], [-0.09853569189575721, 44.32356076759078], [-0.09855887670011451, 44.32356968822628], [-0.0985809374636996, 44.32357997350736], [-0.09860171869469843, 44.32359155094019], [-0.09892845624836805, 44.323789900581176], [-0.09921344742681278, 44.32389512266614], [-0.09944011131991594, 44.323956615548774], [-0.0996530714567612, 44.32394235202182], [-0.09980776407885146, 44.32388696555383], [-0.1003109692675856, 44.323682354788566], [-0.10044200831079624, 44.323588592868994], [-0.10046126566950107, 44.32357591774245], [-0.10048192708056784, 44.32356443841889], [-0.10050384888424947, 44.3235542347142], [-0.10079344822125402, 44.32343143509853], [-0.10082036926238128, 44.323421251640426], [-0.10084853940184528, 44.32341299091102], [-0.10087769293617836, 44.32340673082621], [-0.10090755488673228, 44.323402530431736], [-0.10093784359322315, 44.32340042934611], [-0.10096827337028405, 44.32340044738703], [-0.10099855720198447, 44.323402584384404], [-0.10123734644700831, 44.32342788931488], [-0.10154080618605645, 44.32338846772926], [-0.10157058868003586, 44.32338564930046], [-0.10160061027271956, 44.323384891298176], [-0.10163059500327305, 44.32338620069013], [-0.10166026724966805, 44.32338956544036], [-0.1016893542621374, 44.32339495461988], [-0.10171758867022543, 44.32340231869099], [-0.10174471094041768, 44.32341158996258], [-0.10196583564871993, 44.323496741588485], [-0.10210632120853785, 44.32350480823013], [-0.10254042542124929, 44.32340349364512], [-0.10256797766729052, 44.32339804701045], [-0.10259610660057186, 44.32339442516874], [-0.10262457821880448, 44.32339265824984], [-0.1026531556689998, 44.32339276095269], [-0.10268160121778694, 44.323394732422976], [-0.10290690039090812, 44.32341783231399], [-0.10293555542881225, 44.32342175502463], [-0.10296357808388992, 44.32342757384822], [-0.10299072545326683, 44.32343523834683], [-0.10318213457039041, 44.32349681047458], [-0.10347958212658677, 44.323553638678426], [-0.10350909582516636, 44.32356041554682], [-0.10353753274166928, 44.32356925203356], [-0.10356461475062442, 44.32358006171418], [-0.10382211427718253, 44.32369516133008], [-0.10384793902607418, 44.323708038921275], [-0.10387183578711541, 44.32372270978373], [-0.10389356389357696, 44.32373902616661], [-0.10391290451878908, 44.32375682374703], [-0.1039296628799722, 44.32377592328458], [-0.10394367019997516, 44.323796132426665], [-0.10402716260112131, 44.32393346978561], [-0.10413824572198939, 44.32401296257286], [-0.10430541498015845, 44.32409840121161], [-0.10460428495476694, 44.324171878001536], [-0.10476384789742815, 44.32420995887042], [-0.1047916446219376, 44.32421766458087], [-0.10481829599790139, 44.32422723093576], [-0.10484356099477417, 44.32423857141892], [-0.10486721111976861, 44.32425158346916], [-0.10488903248427466, 44.324266149407954], [-0.10490882773822699, 44.3242821375035], [-0.10492641785490801, 44.32429940316225], [-0.10494164375006917, 44.32431779023632], [-0.10494462523056948, 44.324321814909744], [-0.10534938311357363, 44.32422525139166], [-0.10535922841533481, 44.324223031122216], [-0.10575622705467218, 44.32413863139368], [-0.1057854259637549, 44.3241335033655], [-0.1058151750319875, 44.32413040755867], [-0.10584520044975136, 44.32412937246699], [-0.10609189950586322, 44.324129372441895], [-0.10612125626410916, 44.3241303618369], [-0.1061503547554226, 44.32413332138706], [-0.10617893897999583, 44.324138225055194], [-0.10620675746221073, 44.32414502970038], [-0.10664565228443924, 44.324269164395226], [-0.10689779549595324, 44.32430987423579], [-0.10709943429022732, 44.324288506186015], [-0.10732072790359548, 44.32423193048154], [-0.10772596092863379, 44.32399729846016], [-0.10795139119429879, 44.323857933157974], [-0.10828074373153586, 44.323629699007405], [-0.10927150433320461, 44.322844678806746], [-0.10928253057510587, 44.32283637767498], [-0.11015153038522024, 44.32221467934412], [-0.11016960291945148, 44.32220272635601], [-0.11018892471566061, 44.32219182688896], [-0.11025402482226475, 44.32215798149416], [-0.10997786211844056, 44.322035948891305], [-0.10995578807693937, 44.322025239738124], [-0.10962318766956301, 44.3218486391875], [-0.10959857661813846, 44.321834125920624], [-0.10957614515859895, 44.32181789392515], [-0.10934591229389537, 44.321633415277844], [-0.1091822160073324, 44.32157209262884], [-0.10876938110530915, 44.32144656836576], [-0.1083021169028551, 44.32131740497077], [-0.10827389636989751, 44.321308434661915], [-0.10824704211350565, 44.32129751461496], [-0.10822181471068505, 44.3212847507917], [-0.10786597598994786, 44.321085179600836], [-0.10766840946084551, 44.32103602802904], [-0.10764221239998267, 44.32102854675661], [-0.10761705820545979, 44.32101940511715], [-0.10759315056434848, 44.32100867713568], [-0.10757068306936654, 44.32099644968269], [-0.1075498376512307, 44.32098282177068], [-0.10729378664496986, 44.320799632437534], [-0.106773268757119, 44.32072123526015], [-0.10674264335735167, 44.320715448566965], [-0.10671298809640044, 44.32070747196729], [-0.10668460595092048, 44.320697386955246], [-0.1066577868901746, 44.3206852965658], [-0.1066328049134673, 44.32067132432205], [-0.10635796430605234, 44.32050090409958], [-0.10623527596779521, 44.3204716614391], [-0.10598457469629392, 44.32046636977213], [-0.10576851901471543, 44.32053182938658], [-0.10573969370749219, 44.32053939148093], [-0.10570997613138022, 44.32054489267816], [-0.10567965142474871, 44.32054828019471], [-0.10564901055152322, 44.32054952152761], [-0.10561834750931118, 44.32054860476642], [-0.10533678526100984, 44.320530236887315], [-0.10498639174411761, 44.320626712221284], [-0.10495819450523758, 44.32063339392033], [-0.10492924281081968, 44.32063812924406], [-0.10489979671091201, 44.320640875658896], [-0.10487012069654528, 44.32064160849604], [-0.10484048132393847, 44.32064032117307], [-0.10481114482015691, 44.320637025253085], [-0.10478237469171765, 44.3206317503408], [-0.10464287424103251, 44.32060105021723], [-0.10441731971632334, 44.320551394278915], [-0.10408686237252926, 44.320564485819034], [-0.10405750851111463, 44.320564659914474], [-0.10402826079536877, 44.320562860971016], [-0.10399937597619131, 44.32055910478077], [-0.10358087452508107, 44.32049000448611], [-0.10355242605069886, 44.32048428103756], [-0.10352485501249699, 44.32047665927172], [-0.10349840657916735, 44.32046720696344], [-0.10347331593656865, 44.32045600816524], [-0.10344980619635502, 44.32044316245975], [-0.10342808641197701, 44.32042878407436], [-0.10340834971972415, 44.32041300086528], [-0.10339077162131566, 44.32039595318059], [-0.10337550842332185, 44.32037779261236], [-0.10331995926556285, 44.32030404715846], [-0.10318654701881473, 44.320202588194036], [-0.10301505575182568, 44.32009427763843], [-0.10281386343511141, 44.31996700002492], [-0.10228529390610831, 44.31993598347572], [-0.1019534441240117, 44.3199504157349], [-0.10194168884444722, 44.3199507680688], [-0.10148114164869332, 44.31995835562051], [-0.10109559464658227, 44.3199660405704], [-0.10106622411997035, 44.31996563687768], [-0.10103703536160803, 44.319963260110285], [-0.10100828497827528, 44.3199589311631], [-0.10098022572271693, 44.31995268809327], [-0.10095310427156086, 44.31994458578543], [-0.10081735814017721, 44.31989855999556], [-0.10053848470621932, 44.31990462405274], [-0.10051099215279176, 44.319904355298405], [-0.10048363828938009, 44.31990235711886], [-0.10045663378485968, 44.31989864490337], [-0.10043018661736497, 44.31989324724204], [-0.10014058570813353, 44.319824146968514], [-0.10012900673929533, 44.319821201959805], [-0.09964620530417878, 44.31969070145725], [-0.09961799730880157, 44.319681919489035], [-0.09959112414719586, 44.319671194846414], [-0.09956584462427186, 44.31965863081463], [-0.09954240219673069, 44.319644348393325], [-0.09952102262839044, 44.31962848513123], [-0.09950191181594628, 44.31961119380142], [-0.09948525380607554, 44.31959264093002], [-0.09947120902300678, 44.319573005192375], [-0.09945991272360752, 44.319552475692305], [-0.09945147369486003, 44.31953125014087], [-0.0994459732062852, 44.31950953295228], [-0.09944346422738141, 44.31948753327529], [-0.09944397091763166, 44.31946546297892], [-0.09944748839395301, 44.31944353461204], [-0.09945398277785941, 44.31942195935649], [-0.0994633915218558, 44.31940094499314], [-0.09947562401191465, 44.319380693901074], [-0.09949056244025319, 44.31936140110841], [-0.0995080629399597, 44.31934325241423], [-0.09952795697058069, 44.31932642259922], [-0.09955005294130191, 44.319311073742476], [-0.09957413805608188, 44.3192973536607], [-0.09959998036299307, 44.31928539448462], [-0.09962733098800014, 44.3192753113866], [-0.09965592653170949, 44.31926720147145], [-0.0996854916059586, 44.31926114284131], [-0.09971574148586002, 44.31925719384356], [-0.09974638485174464, 44.31925539250887], [-0.09977712659460598, 44.31925575618496], [-0.09980767065803253, 44.31925828136957], [-0.09983772288926109, 44.31926294374415], [-0.09986699387191024, 44.31926969840805], [-0.10034404320441052, 44.31939864391462], [-0.1005750695673303, 44.319453767965804], [-0.10087361396611191, 44.31944727593374], [-0.10090314374048986, 44.319447633581674], [-0.10093249540458053, 44.31944998587806], [-0.1009614081362025, 44.319454311920246], [-0.10098962501342656, 44.31946057326659], [-0.10101689529754126, 44.31946871427811], [-0.10115301949492027, 44.31951486827068], [-0.1014645038963717, 44.31950865941279], [-0.10146601293238436, 44.31950863194266], [-0.10192142896309143, 44.31950112884719], [-0.10226965462326638, 44.31948598428046], [-0.10231412411932284, 44.319486320331336], [-0.10296852165607655, 44.319524720120214], [-0.10299695895620287, 44.319527333577724], [-0.1030249444370572, 44.31953180231321], [-0.10305224376488527, 44.3195380889082], [-0.10307862835115512, 44.319546140722586], [-0.10310387726657648, 44.31955589033531], [-0.10312777909098801, 44.31956725610893], [-0.10315013368362583, 44.31958014287316], [-0.10342903833572305, 44.319756582128264], [-0.10361134296950014, 44.31987172161907], [-0.10363222558907254, 44.31988619633322], [-0.10380382567952005, 44.320016695995086], [-0.10382164374731605, 44.320031484442396], [-0.10383760547865238, 44.320047327975516], [-0.10385159024862084, 44.32006410686437], [-0.10385933025370792, 44.32007438216254], [-0.10409661096939136, 44.320113560272745], [-0.10443853623843982, 44.320100014192874], [-0.10446614992613901, 44.32009979523146], [-0.10449368320699029, 44.32010132276531], [-0.10452092217812671, 44.320104584927265], [-0.10454765522304017, 44.32010955637404], [-0.10482653965061156, 44.32017095289698], [-0.10486280775082683, 44.320178934491835], [-0.10518040770715116, 44.32009148805678], [-0.10520756667603724, 44.320085015046274], [-0.1052354350262477, 44.32008034805027], [-0.10526378026916902, 44.32007752600269], [-0.10529236593787589, 44.32007657244624], [-0.10532095355977411, 44.320077495335916], [-0.10559704616969946, 44.32009550652817], [-0.10580378097432246, 44.32003287077325], [-0.10583536042398216, 44.3200247039815], [-0.10586797561350657, 44.32001900945034], [-0.10590125219670093, 44.32001585253975], [-0.10593480823634627, 44.32001526948378], [-0.10629960684564829, 44.32002296941752], [-0.10632991040938632, 44.32002466797718], [-0.10635984210003749, 44.320028466681244], [-0.10638912019906444, 44.32003432977619], [-0.10661441949137214, 44.32008802956362], [-0.10664302862571091, 44.32009598477635], [-0.10667041681275748, 44.32010591067888], [-0.1066963214277276, 44.32011771209226], [-0.10672049407130323, 44.320131275853264], [-0.10698114193014455, 44.320292895130564], [-0.10751342856737553, 44.320373064283366], [-0.10754256814970416, 44.320378514473], [-0.10757084435117006, 44.32038594776483], [-0.10759799597914112, 44.320395295496276], [-0.10762377222852293, 44.32040647132073], [-0.10764793499844305, 44.32041937200512], [-0.10767026109161092, 44.32043387838337], [-0.10794135826804122, 44.32062783165295], [-0.10812038900053657, 44.32067237161123], [-0.10815223000852062, 44.320681728395066], [-0.10818244998291432, 44.320693535156835], [-0.10821068451261125, 44.320707649523854], [-0.10857081962776532, 44.320909629778484], [-0.108999380872841, 44.32102809439013], [-0.10900899093089556, 44.32103088271532], [-0.10943818973757521, 44.32116138222677], [-0.10946094498064018, 44.32116908858943], [-0.10968624445409082, 44.321253488290964], [-0.10971057578381452, 44.321263625750014], [-0.10973354241256322, 44.32127528914905], [-0.10975495918239012, 44.32128838445771], [-0.10977465342997099, 44.32130280610156], [-0.11002151762156448, 44.32150060982382], [-0.1103176911755016, 44.3216578682042], [-0.11066193976850719, 44.32180998659585], [-0.11085617504514265, 44.32188308681775], [-0.11088480797337083, 44.32189529744751], [-0.11091147375221648, 44.32190962093104], [-0.11093587109798955, 44.32192589543517], [-0.11095772435611753, 44.32194393708307], [-0.11105118707579563, 44.322029932492214], [-0.11160779751527032, 44.32216932251794], [-0.11163950643555715, 44.322178689693175], [-0.11166959966979971, 44.32219048820881], [-0.11246150514726717, 44.322542656241815], [-0.1130417914387565, 44.32279173661815], [-0.11307451086808892, 44.322793871685896], [-0.11327489956733862, 44.322793871665546], [-0.11328286515147361, 44.32279415258087], [-0.11329084032825101, 44.32279416294215], [-0.11370923873975024, 44.322809462841896], [-0.11373923933160231, 44.32281160244294], [-0.11376881459723362, 44.32281580204132], [-0.11379769071546265, 44.322822022755346], [-0.11382560033788809, 44.3228302069909], [-0.11385228506405853, 44.322840278974724], [-0.11387749783379905, 44.3228521454558], [-0.11390100521457386, 44.32286569656879], [-0.11392258956268556, 44.32288080685115], [-0.1139420510383215, 44.32289733640472], [-0.11421102408095793, 44.32314945459101], [-0.11433738635354967, 44.323196791290634], [-0.11440001833440874, 44.32320654027156], [-0.11447759016585815, 44.323163355517735], [-0.11450237974831008, 44.32315088341137], [-0.11452873019661111, 44.323140186834955], [-0.1145563955500524, 44.32313136563239], [-0.11458511757473186, 44.323124502142456], [-0.11461462817387881, 44.32311966043026], [-0.11464465189025226, 44.32311688568929], [-0.11467490847722707, 44.32311620381954], [-0.11470511551457346, 44.323117621185794], [-0.11473499104452549, 44.32312112455819], [-0.11476425620354205, 44.32312668123571], [-0.11479263782517708, 44.32313423935143], [-0.11481987098978912, 44.32314372835656], [-0.11503988335887722, 44.323230053175], [-0.11529207203532031, 44.323178554409004], [-0.1153210592012321, 44.323173690424426], [-0.11535055854028635, 44.32317082320992], [-0.11538030377577245, 44.32316997864659], [-0.11541002641145315, 44.323171164357966], [-0.11543945815505183, 44.32317436964129], [-0.11546833333993117, 44.323179565564054], [-0.11549639132306092, 44.32318670522514], [-0.11552337883764663, 44.323195724178206], [-0.11554905227920192, 44.32320654101336], [-0.11557317990439714, 44.32321905809203], [-0.11559554392288031, 44.323233162428174], [-0.11561594246315451, 44.32324872670824], [-0.11563419139479328, 44.323265610440274], [-0.11576859064844036, 44.32340296195292], [-0.11577692869494248, 44.323408923860356], [-0.11614300798129133, 44.32345763901785], [-0.11617763620997232, 44.32346372791551], [-0.11621107673544616, 44.32347260136134], [-0.11624289660411724, 44.323484144471365], [-0.11657539591933541, 44.32362234399849], [-0.11660006023916049, 44.32363373385957], [-0.11662313311664861, 44.32364672924337], [-0.11664441241955424, 44.32366121630323], [-0.11666371172791509, 44.323677068124496], [-0.11668086196721285, 44.32369414583631], [-0.11669571288958973, 44.323712299828216], [-0.11681381346918226, 44.3238734995583], [-0.11682467021546575, 44.32388989150915], [-0.11683365053531831, 44.32390685848676], [-0.11690875127909242, 44.324068058312065], [-0.11691747296147625, 44.324090621684185], [-0.11692287972079309, 44.3241137137006], [-0.11692491295685198, 44.324137084099476], [-0.1169235506302199, 44.32416047960175], [-0.11691880750124205, 44.32418364665594], [-0.11691073497025954, 44.324206334186115], [-0.11689942052070892, 44.32422829631301], [-0.11677062134463767, 44.32444319665778], [-0.11675372544202998, 44.32446729376783], [-0.1167125407100935, 44.32451818172383], [-0.11675664735372804, 44.324597063134696], [-0.11680532051088878, 44.32466281687059], [-0.11698160668410046, 44.32474043571005], [-0.11738839005403184, 44.324839750250284], [-0.11742723433120572, 44.32485137690304], [-0.11768473370072435, 44.32494347657289], [-0.11771188588489928, 44.32495442951509], [-0.11773738918049924, 44.324967263395685], [-0.11776099160499644, 44.32498185141157], [-0.11778245995660792, 44.32499804942812], [-0.11780158211841697, 44.32501569740312], [-0.11781816915419528, 44.32503462096813], [-0.11788521467989657, 44.325120279983814], [-0.11809714788808941, 44.32501199992139], [-0.11826740642961539, 44.32485176694172], [-0.11840246388071075, 44.324710513914454], [-0.11842001564254537, 44.324693868854524], [-0.11843964151728147, 44.32467846362322], [-0.11846117244652536, 44.32466443092095], [-0.118484422962184, 44.324651891625045], [-0.11850919278408069, 44.3246409537487], [-0.118526633081296, 44.32463403186311], [-0.11860107931070933, 44.3245372080974], [-0.11861705050730681, 44.32451862874249], [-0.11863545562197046, 44.32450124842137], [-0.11865612125769169, 44.32448523087448], [-0.11867885272149982, 44.324470727003394], [-0.11870343585871704, 44.324457873449305], [-0.11872963907049036, 44.32444679130556], [-0.11875721549567443, 44.324437584977105], [-0.1187859053364634, 44.32443034119678], [-0.11881543830588745, 44.32442512820819], [-0.1188455361741143, 44.32442199512296], [-0.11887591538956703, 44.32442097145789], [-0.11890628975016625, 44.324422066857004], [-0.11893637309954741, 44.32442527100065], [-0.11896588202283664, 44.324430553702754], [-0.11899453851662178, 44.32443786519507], [-0.11900738647308932, 44.32444165686655], [-0.11912107307145442, 44.32437724175854], [-0.11914679250073931, 44.32436412185142], [-0.11917421957398887, 44.32435292528449], [-0.11920307618134375, 44.32434376559043], [-0.11923306971797493, 44.32433673564807], [-0.11926389605100612, 44.32433190674066], [-0.11929524260331642, 44.32432932783312], [-0.11932679152294384, 44.3243290250755], [-0.11935822290598128, 44.32433100153782], [-0.11938921804027025, 44.32433523717899], [-0.11941946263700236, 44.32434168904998], [-0.11944865001750028, 44.32435029172928], [-0.11947648422282621, 44.3243609579863], [-0.11950268301471906, 44.32437357966582], [-0.11952698073742421, 44.32438802878462], [-0.11954913101141536, 44.324404158829246], [-0.11956890923165862, 44.324421806241574], [-0.11958611484513378, 44.32444079207725], [-0.11966574139564859, 44.32453916173438], [-0.11971949909445852, 44.32456362602769], [-0.11973077630836056, 44.32455152580962], [-0.1197490956714271, 44.324533814824456], [-0.11976974366152, 44.32451747719569], [-0.11979252167884699, 44.32450267006312], [-0.11981721063693472, 44.32448953584573], [-0.11984357306985682, 44.32447820087193], [-0.11987135541621997, 44.3244687741644], [-0.11990029045794731, 44.324461346391665], [-0.11993009989038164, 44.32445598899593], [-0.1200372994981037, 44.3244406890426], [-0.12006955225918486, 44.32443732635893], [-0.12010211712389421, 44.32443638685839], [-0.12013464177385741, 44.32443788070549], [-0.12016677432573485, 44.32444179173848], [-0.12019816713811728, 44.32444807764407], [-0.12022848057251394, 44.32445667041531], [-0.12025738666780757, 44.32446747708718], [-0.12027382837902675, 44.324474427052145], [-0.12030138384885118, 44.324464218577724], [-0.12033047700731428, 44.3244559606377], [-0.1203605722878458, 44.3244498265192], [-0.12050007178659133, 44.32442672659151], [-0.12053149977407854, 44.32442272015218], [-0.1205633324975589, 44.32442102983924], [-0.12059523960440245, 44.32442167319446], [-0.12062688997004187, 44.32442464354133], [-0.12065795513418616, 44.3244299100544], [-0.12068811270940995, 44.32443741807908], [-0.12071704972669708, 44.32444708969882], [-0.12074446588329263, 44.32445882454378], [-0.12077007665910659, 44.324472500832286], [-0.12079361626936475, 44.3244879766347], [-0.12081484042285523, 44.32450509134621], [-0.12083313700889467, 44.32452145255201], [-0.12116476584388074, 44.324491796208775], [-0.12119639678964644, 44.32449012872607], [-0.12122810051409565, 44.32449076524497], [-0.12125955218748445, 44.32449369924392], [-0.12129042956241896, 44.32449890066187], [-0.12132041627542373, 44.32450631620625], [-0.12134920508823739, 44.32451586989896], [-0.12137650103563835, 44.324527463854814], [-0.12140202444752668, 44.32454097928442], [-0.12160261973948225, 44.32465890575524], [-0.12169949876274415, 44.32465228368808], [-0.12173204044756501, 44.32465128011476], [-0.12176455143931639, 44.32465270703678], [-0.12179668042526007, 44.324656549035], [-0.12182808022043223, 44.32466276459298], [-0.1220211796140917, 44.32470886441063], [-0.1220509393530451, 44.32471720106699], [-0.12207936196482962, 44.32472766961762], [-0.12209890417652396, 44.324736781737286], [-0.12211253817259943, 44.324720465504285], [-0.12213087718201744, 44.32470272999734], [-0.1221515509224953, 44.32468637119529], [-0.12217436004054943, 44.32467154684203], [-0.12219908459229538, 44.324658399885024], [-0.12222548616429127, 44.324647057096925], [-0.12225331017249688, 44.32463762785327], [-0.12228228831709531, 44.32463020307772], [-0.12231214116959703, 44.324624854365425], [-0.122342580867196, 44.32462163329256], [-0.12235805410009115, 44.32462109841775], [-0.12236050927027545, 44.32458795591091], [-0.1223633930190004, 44.32456721499578], [-0.12236893896224267, 44.32454675476791], [-0.12237709947134774, 44.32452675093002], [-0.12238780446521878, 44.32450737526542], [-0.12240096201221394, 44.324488794162754], [-0.12241645911968439, 44.32447116718728], [-0.12258805947565096, 44.32429466758075], [-0.12260954930579748, 44.32427499205795], [-0.12275974938662294, 44.32415219236811], [-0.12277939207812129, 44.3241375274076], [-0.1228008002431209, 44.324124196513964], [-0.12282379874551448, 44.32411230874408], [-0.12284819943937159, 44.32410196134888], [-0.12300630820227641, 44.324041664010466], [-0.12308338902444665, 44.32401076857935], [-0.12301361041495865, 44.323907354032514], [-0.12300180823920792, 44.32388748326208], [-0.12299271576402733, 44.32386689139717], [-0.12298641684816972, 44.323845768360556], [-0.12298296958463964, 44.3238243089739], [-0.12298240576500699, 44.32380271116086], [-0.1229847305863009, 44.323781174121606], [-0.12298992260319051, 44.32375989649563], [-0.12299793392589742, 44.323739074529485], [-0.12300869066199811, 44.32371890026701], [-0.12302209359804435, 44.323699559777964], [-0.12303801911470842, 44.323681231441924], [-0.12305632032701334, 44.323664084303154], [-0.12322802045935179, 44.323518284664516], [-0.12324687482467106, 44.32350364325782], [-0.12326746130787682, 44.32349025802571], [-0.12328961813782963, 44.323478234150336], [-0.12331317120381677, 44.32346766611617], [-0.12333793542371979, 44.32345863696755], [-0.12357393474287798, 44.32338183721548], [-0.1236001289731867, 44.323374314096704], [-0.12362715967533411, 44.32336851293456], [-0.12365480769454325, 44.3233644807627], [-0.12368284887122051, 44.323362250272524], [-0.1237110558582963, 44.323361839548035], [-0.12373919996439903, 44.323363251919304], [-0.1240003088808425, 44.32338487060852], [-0.12410976330584673, 44.32338487059457], [-0.1241455410398552, 44.3233828943586], [-0.12438343994096616, 44.32325377765894], [-0.12440989344103709, 44.323240888242665], [-0.12443803892323345, 44.323230001147046], [-0.12446758334245396, 44.323221229726116], [-0.12449821908862332, 44.32321466530594], [-0.12452962718936636, 44.32321037623383], [-0.12456148063098071, 44.32320840716664], [-0.12459344776311244, 44.323208778605945], [-0.12462519575169896, 44.32321148668448], [-0.12465639404424222, 44.32321650320652], [-0.12468671781132676, 44.32322377594127], [-0.12471585132856422, 44.32323322916686], [-0.12474349126375953, 44.32324476445851], [-0.12479776804940211, 44.323270161146816], [-0.12475903722723307, 44.32305388343081], [-0.12468294877447679, 44.32289053084368], [-0.12467423209281626, 44.322867977047586], [-0.1246688273962768, 44.3228448950914], [-0.12466679320375833, 44.322821534909885], [-0.12466815153773952, 44.32279814945022], [-0.12467288768600177, 44.32277499193298], [-0.12468095036109376, 44.322752313110286], [-0.12469225225585123, 44.32273035855058], [-0.12482095308020377, 44.32251545889507], [-0.12483385303107283, 44.322496437834054], [-0.12484918521991066, 44.32247837095027], [-0.12486681401296157, 44.322461418067086], [-0.12488658346064503, 44.32244572915297], [-0.12490831867714869, 44.3224314429951], [-0.12493182738752893, 44.32241868597139], [-0.1249569016286027, 44.322407570932796], [-0.12498331958861293, 44.32239819620487], [-0.12501084756938668, 44.3223906447181], [-0.12503924205361702, 44.32238498327421], [-0.12506825185899773, 44.32238126195533], [-0.12509762036016087, 44.322379513680914], [-0.12538800564979272, 44.32237207036605], [-0.125471227911575, 44.322366098251834], [-0.12564750115113663, 44.32222425838949], [-0.1256702633231692, 44.32220774470252], [-0.12569527678056344, 44.322193004596095], [-0.12572227468480393, 44.32218019531386], [-0.12595827414306845, 44.32208039562643], [-0.12598625106286113, 44.32206989009409], [-0.12601555870266487, 44.3220614592152], [-0.1260458994614684, 44.32205518860006], [-0.12607696524791287, 44.322051141922906], [-0.12623045574321387, 44.32203683775331], [-0.126320157774874, 44.321981199113885], [-0.1263448058889516, 44.3219673907627], [-0.1263712482321277, 44.32195541464077], [-0.12639922151187494, 44.32194538999675], [-0.12642844719227955, 44.321937416647984], [-0.12645863426740606, 44.32193157398672], [-0.12656505791125977, 44.3219150154282], [-0.12663588877776807, 44.3218214215169], [-0.12665147234091462, 44.32180299379921], [-0.12666944167973737, 44.32178572170459], [-0.12668963173175432, 44.321769763888916], [-0.1267118570361734, 44.321755266935426], [-0.12673591343750804, 44.32174236400831], [-0.12676157996087545, 44.32173117362945], [-0.12678862084178064, 44.32172179858984], [-0.12681678769172933, 44.32171432500533], [-0.12684582177978349, 44.321708821525654], [-0.12687545640910902, 44.32170533870392], [-0.12715445535372974, 44.32168233876291], [-0.12718478382101173, 44.3216809038274], [-0.12721516325727966, 44.321681585269125], [-0.1272453077801205, 44.321684376675584], [-0.12726471393052619, 44.32168757006012], [-0.12726324589046034, 44.32167507251591], [-0.12726387706863065, 44.321651787557656], [-0.12726785869439322, 44.32162867426765], [-0.1272751480782855, 44.321605980435116], [-0.12728566706982494, 44.32158394935209], [-0.12729974917543185, 44.32155878545111], [-0.1272015647203158, 44.321478511673625], [-0.1271828788421606, 44.3214616728929], [-0.12716652102855702, 44.32144362874976], [-0.1271526411349735, 44.32142454455079], [-0.12714136631569717, 44.3214045951306], [-0.12713279985902148, 44.321383963250106], [-0.1271270202410903, 44.32136283792216], [-0.12712408040706044, 44.32134141268003], [-0.12712400728617632, 44.32131988380427], [-0.1271268015451692, 44.321298448524686], [-0.12713243758226841, 44.32127730321343], [-0.12714086376186404, 44.32125664158592], [-0.12715200288763992, 44.32123665292636], [-0.1271657529098898, 44.321217520353585], [-0.1271819878604849, 44.32119941914354], [-0.1272005590069594, 44.321182515123596], [-0.12729523377806456, 44.32110434423022], [-0.12732962244731688, 44.321020774950846], [-0.12734003818708955, 44.32099946496222], [-0.1273533780062447, 44.32097901220785], [-0.12736950742479505, 44.320959622869395], [-0.12738826384162039, 44.320941492408274], [-0.127409458173697, 44.32092480359506], [-0.1274328767622704, 44.32090972466724], [-0.12760447655653712, 44.3208099249566], [-0.12763054679232602, 44.32079629634733], [-0.12765843034682708, 44.32078466383356], [-0.12768783180111853, 44.32077515065844], [-0.12771843965506097, 44.32076785761127], [-0.12774992962745202, 44.32076286195975], [-0.12778196809160108, 44.320760216631385], [-0.1278142156098881, 44.320759949652725], [-0.12806582610067335, 44.32076717067006], [-0.12833853319199764, 44.320754120042224], [-0.12859726606212343, 44.32070205703694], [-0.12870208014985174, 44.320647940253465], [-0.12891822877754022, 44.32042600977107], [-0.12892842618875625, 44.32041612637199], [-0.1291805305804943, 44.32018525867734], [-0.12930739883581635, 44.32001761879178], [-0.12932224916057533, 44.31999997475655], [-0.12933928720478577, 44.31998338090752], [-0.1293583698516526, 44.31996797662871], [-0.12937933681063993, 44.3199538913119], [-0.12940201196388038, 44.319941243269874], [-0.12942620484552303, 44.31993013874265], [-0.12963010436577185, 44.31984573900792], [-0.1296565190619442, 44.31983597267652], [-0.1296841035950428, 44.319828046601124], [-0.12971260989311253, 44.319822032062106], [-0.1297417815948821, 44.31981798314915], [-0.1297713563551988, 44.31981593627473], [-0.12980106820425133, 44.319815909846746], [-0.1298306499393889, 44.31981790410296], [-0.12985983552803465, 44.319821901108845], [-0.12988836250007083, 44.319827864918835], [-0.13019946153566211, 44.31990456461764], [-0.13022846076537128, 44.31991289601753], [-0.13025616038687043, 44.31992325896842], [-0.1302822850974729, 44.31993555047479], [-0.1303065752467943, 44.3199496483734], [-0.13032878941734619, 44.319965412547454], [-0.1303487068239452, 44.31998268631919], [-0.1303661295080804, 44.32000129800705], [-0.13055923022502797, 44.32023159757446], [-0.13057291383717204, 44.32024975396065], [-0.13066720624882125, 44.320389873665334], [-0.1309056516686578, 44.3203224981333], [-0.1309363040643292, 44.32031512363901], [-0.1309678517642982, 44.32031005594562], [-0.13099995890478017, 44.32030734900499], [-0.13103228366623365, 44.320307031635906], [-0.13106448191233286, 44.32030910721723], [-0.13109621085358206, 44.32031355365198], [-0.13123476496735748, 44.32033835893515], [-0.13138673666126355, 44.32027854077494], [-0.13138320438129653, 44.32021013284342], [-0.13138344903530472, 44.32018962020533], [-0.13138629574291774, 44.32016920887292], [-0.13139172082474854, 44.320149068611805], [-0.13139967915662154, 44.32012936693292], [-0.1314101045449591, 44.3201102676992], [-0.13142291027740205, 44.32009192976281], [-0.13143798984408941, 44.320074505643916], [-0.13157749015071174, 44.31992860596586], [-0.1315966002231275, 44.31991062802448], [-0.13161812824894759, 44.31989411857567], [-0.13164185661017788, 44.31987924450532], [-0.13166754544727452, 44.31986615616797], [-0.13169493508376107, 44.31985498586699], [-0.13172374865113476, 44.31984584651726], [-0.13175369488753833, 44.319838830503805], [-0.13178447108189523, 44.3198340087479], [-0.13181576613378151, 44.31983142999023], [-0.1321483648632797, 44.31981613001476], [-0.132187228521026, 44.31981607618311], [-0.13244466450511214, 44.31982720273731], [-0.13245917080991979, 44.31982097674267], [-0.1325695669129016, 44.319696910235976], [-0.13258627123831015, 44.31967992276236], [-0.13260508930778148, 44.31966411534474], [-0.13262586029510226, 44.319649623077886], [-0.13264840668425554, 44.319636569816815], [-0.1326725357865278, 44.31962506711838], [-0.1326980413872749, 44.3196152132878], [-0.1327247055082596, 44.319607092538554], [-0.13275230027051185, 44.31960077427282], [-0.13303119929420687, 44.31954697444458], [-0.13305666268373512, 44.31954287047926], [-0.13313559898737945, 44.31953260647061], [-0.13319500996854075, 44.31944402130351], [-0.13320935556922386, 44.31942502392931], [-0.13322617423260816, 44.319407102531066], [-0.13324531072444967, 44.31939042251891], [-0.13326658841796482, 44.319375137845114], [-0.13328981092408695, 44.31936138958329], [-0.13331476390408753, 44.31934930462627], [-0.13334121704786356, 44.31933899451495], [-0.1333689261996066, 44.31933055440884], [-0.1333976356112542, 44.31932406220785], [-0.13342708030289774, 44.319319577833184], [-0.1334569885084202, 44.319317142674414], [-0.13348708418372338, 44.31931677920743], [-0.13364800160031184, 44.31932038859505], [-0.13373545226724035, 44.319217356275786], [-0.13375372195231486, 44.3191981431744], [-0.13377465804348707, 44.31918038755523], [-0.1337980365954894, 44.31916427934145], [-0.1338236075378747, 44.31914999083458], [-0.13389722162891018, 44.31911308094856], [-0.13409604134946715, 44.318943736073805], [-0.1341164829076463, 44.31892792949059], [-0.13413893928269782, 44.31891360122758], [-0.13416320398344425, 44.3189008830354], [-0.1341890538913118, 44.318889891859804], [-0.1342162513119216, 44.31888072876629], [-0.13424454616068582, 44.318873478010836], [-0.13427367826231046, 44.31886820626523], [-0.1343033797430891, 44.31886496200394], [-0.13433337749394966, 44.31886377505846], [-0.13436339568164682, 44.318864656343], [-0.13439315828500498, 44.318867597754114], [-0.13482212017734832, 44.31892515373426], [-0.13522300590201008, 44.3188167948415], [-0.13524985012696708, 44.3188105147126], [-0.1352773728366557, 44.31880599504715], [-0.1353053505270761, 44.31880327254807], [-0.13532294840270037, 44.31880270901201], [-0.13544571948270429, 44.31870653024226], [-0.13546550787846076, 44.31869235330369], [-0.13548697772601473, 44.31867949918657], [-0.1355099580876368, 44.31866807023176], [-0.13553426599964047, 44.31865815743328], [-0.13597416483519384, 44.31849695794837], [-0.13598141139328945, 44.31849438650262], [-0.13621251937813478, 44.31841502400723], [-0.13636899570297448, 44.3183190237072], [-0.13636126288060046, 44.31804160078176], [-0.13636212779329066, 44.31801980429496], [-0.13636592832197264, 44.317998170353974], [-0.136372628746812, 44.317976902270416], [-0.13638216609550444, 44.31795619991741], [-0.13639445073517031, 44.317936257851294], [-0.13640936721481625, 44.317917263483174], [-0.1364267753503986, 44.31789939531778], [-0.13644651154230925, 44.31788282127582], [-0.13646839031288846, 44.31786769711615], [-0.13649220604953455, 44.31785416497174], [-0.1365177349369994, 44.317842352014246], [-0.1365447370607323, 44.31783236925873], [-0.13657295866150745, 44.31782431052048], [-0.13660213452012362, 44.31781825153338], [-0.13674134465347684, 44.31779452468853], [-0.1367520593334298, 44.31778685995237], [-0.13675840584715016, 44.31766058915404], [-0.13676113145753863, 44.31763801331087], [-0.13676700711767087, 44.31761574892317], [-0.1367759731897473, 44.317594021960595], [-0.1367879386704985, 44.31757305293803], [-0.13680278211492933, 44.317553054677596], [-0.13682035286901684, 44.31753423014851], [-0.1368404725988354, 44.31751677040728], [-0.13686293710059733, 44.317500852658526], [-0.1368875183732052, 44.3174866384566], [-0.1369139669323421, 44.31747427206594], [-0.1370729530622092, 44.317407873600665], [-0.13713085593724944, 44.31729284803874], [-0.13714216255229478, 44.31727331367082], [-0.13715597518201583, 44.31725462827198], [-0.1371721716566315, 44.3172369571076], [-0.13719060872252928, 44.317220456472334], [-0.13721112330934018, 44.31720527230787], [-0.13723353397224922, 44.317191538912155], [-0.13725764249683678, 44.31717937775151], [-0.1372832356521798, 44.317168896386505], [-0.13731008707677478, 44.31716018752049], [-0.137337959280591, 44.317153328179835], [-0.13751217490453102, 44.31711692902131], [-0.1375252865479632, 44.31710677185556], [-0.1375386868580449, 44.31706523983341], [-0.13754760692695805, 44.31704290932798], [-0.1375596874216598, 44.31702135845384], [-0.13757479948166987, 44.3170008170844], [-0.1375927819106665, 44.31698150432489], [-0.13761344289600014, 44.31696362617537], [-0.13763656205472977, 44.316947373333385], [-0.13766189278438973, 44.31693291916005], [-0.13768916489338742, 44.3169204178308], [-0.1377180874829816, 44.316910002691024], [-0.13823227132724442, 44.316748128342525], [-0.1385707906033684, 44.316592866062884], [-0.13874797778046785, 44.316390001608895], [-0.1387648024410631, 44.31637261417945], [-0.13878382952823398, 44.31635643948466], [-0.13880489047172437, 44.316341620822655], [-0.13882779868295173, 44.31632828947783], [-0.13925392646075357, 44.316103310311355], [-0.13944601750718127, 44.315953300662734], [-0.13959478615763563, 44.31576849011792], [-0.13960170394126506, 44.315669256450974], [-0.13960495253654617, 44.31564631076955], [-0.1396114567488949, 44.315623724556545], [-0.13962114818974622, 44.31560173528203], [-0.13963392496053534, 44.315580574139666], [-0.13964965272417335, 44.31556046361593], [-0.13966816611757818, 44.315541615150984], [-0.13968927049036553, 44.31552422691566], [-0.13992694884354467, 44.31534756662748], [-0.14001804647894048, 44.315190127420195], [-0.1400659669744594, 44.31495678904472], [-0.14007181830525905, 44.314935483373624], [-0.14008050393450705, 44.31491468211975], [-0.14009194290193536, 44.31489457916821], [-0.14010602858416268, 44.31487536189524], [-0.14012262968861375, 44.31485720942156], [-0.14014159147733476, 44.31484029094302], [-0.14016273720933087, 44.31482476415344], [-0.14018586978796888, 44.3148107737749], [-0.1402107735980905, 44.31479845020886], [-0.1406875591693789, 44.314586128773534], [-0.14082709172940908, 44.314517540947996], [-0.14106542548296047, 44.314340168446186], [-0.14121929862644858, 44.31420808645066], [-0.14123810562794864, 44.31419332906988], [-0.14125866427300723, 44.314179829677556], [-0.1412808119767285, 44.31416769503087], [-0.1413043735878038, 44.314157021094154], [-0.14132916277364094, 44.31414789228004], [-0.14162795383225033, 44.31404965054271], [-0.1417500240857763, 44.31388044509643], [-0.1417644418087651, 44.31386252933641], [-0.14178109147358472, 44.313845640630674], [-0.1417998321877957, 44.31382992189264], [-0.14182050536472696, 44.31381550613533], [-0.14209490418181245, 44.3136410354879], [-0.14236039360450514, 44.31342180981496], [-0.14238223955584148, 44.313405504742995], [-0.14240625629837425, 44.313390857873586], [-0.14243220084410632, 44.31337801739477], [-0.14245981070125202, 44.313367113218554], [-0.14248880652991974, 44.313358255666614], [-0.14287081044947197, 44.313257531121785], [-0.1431046409019854, 44.31316000342865], [-0.14313597937699601, 44.31314857009862], [-0.1431689045284402, 44.313139729569144], [-0.14320300180833354, 44.31313359314794], [-0.14348190078457665, 44.31309519326433], [-0.14351330416459612, 44.313092042655605], [-0.14354499025393988, 44.31309118744515], [-0.14357663444088667, 44.3130926363944], [-0.14373329005684984, 44.313105550726455], [-0.14377675974277948, 44.313082565371786], [-0.14377847371391858, 44.313074572360144], [-0.14378434589262323, 44.313053769274376], [-0.1437929230106693, 44.31303345624318], [-0.14380412868589784, 44.31301381415458], [-0.14381786312907008, 44.31299501792169], [-0.14383400403258112, 44.312977234925086], [-0.1438524076596616, 44.31296062352234], [-0.14387291012440614, 44.31294533163788], [-0.14389532885120804, 44.3129314954457], [-0.14391946420060533, 44.312919238156844], [-0.1439391349404517, 44.31291112861725], [-0.1439366592706618, 44.31288814400032], [-0.14393581107534983, 44.312865578019576], [-0.14393811737023715, 44.312843064639715], [-0.14394355492237562, 44.31282083061901], [-0.14395206896046597, 44.31279909990173], [-0.14396357372666724, 44.31277809136257], [-0.1439779533404697, 44.31275801660216], [-0.14399506296598535, 44.312739077815735], [-0.14401473027082196, 44.31272146575677], [-0.14426153038756473, 44.31252186626341], [-0.14428306863415533, 44.312506082040905], [-0.14430665998250325, 44.31249189140646], [-0.14433207674783394, 44.31247943131595], [-0.14447580309729163, 44.31241617132714], [-0.14447689562303842, 44.31240991984262], [-0.14448347964473848, 44.31238886062783], [-0.1444928444588965, 44.31236835145605], [-0.14450490383808853, 44.312348581161274], [-0.1445195467455562, 44.31232973177428], [-0.1445366383576426, 44.3123119768466], [-0.14455602130520098, 44.31229547985265], [-0.14457751712259936, 44.31228039268459], [-0.14460092789091394, 44.31226685425389], [-0.14462603806023788, 44.31225498921224], [-0.144652616434281, 44.31224490680402], [-0.1446804182990324, 44.31223669986042], [-0.14484287332532253, 44.31219516687615], [-0.14486718100565896, 44.31214797602793], [-0.14487935610475666, 44.31212751251575], [-0.14489428768844054, 44.31210801291943], [-0.14491182961690136, 44.312089668083864], [-0.1449318102030464, 44.31207265755204], [-0.14495403389287442, 44.31205714780783], [-0.14497828317941563, 44.31204329064662], [-0.14500432073149824, 44.3120312216897], [-0.14503189171652045, 44.31202105905705], [-0.14506072629448372, 44.31201290221119], [-0.14509054225887486, 44.31200683098384], [-0.14512104779857432, 44.31200290479461], [-0.14515194435374404, 44.312001162069485], [-0.14518292953776032, 44.3120016198647], [-0.14521370009658066, 44.312004273699884], [-0.1452439548766235, 44.31200909760186], [-0.1452497471876924, 44.3120104642405], [-0.14525416372854993, 44.31200057422212], [-0.1452669886851806, 44.31197952881927], [-0.14528273626619964, 44.311959532387995], [-0.1453012422204795, 44.31194079349242], [-0.1454193423643607, 44.31183329374919], [-0.14544041863063883, 44.31181600408668], [-0.1454638414783339, 44.31180034847423], [-0.14548936649429683, 44.31178649027424], [-0.14551672733035304, 44.31177457409344], [-0.14554563848256324, 44.31176472427412], [-0.14557579827032557, 44.311757043596494], [-0.14560689198426177, 44.311751612206415], [-0.14577263605945115, 44.311729027493186], [-0.14581837136082143, 44.31170798684121], [-0.1459011454105125, 44.31162135352136], [-0.14599524919368745, 44.311446302697085], [-0.146007346935756, 44.3114266487948], [-0.14602200137237417, 44.31140791344773], [-0.14603907876399627, 44.31139026763582], [-0.14605842325946874, 44.31137387239555], [-0.1460798583183728, 44.31135887735066], [-0.14617645824060918, 44.31129747752331], [-0.14620105467609726, 44.311283361292496], [-0.14622750046535982, 44.31127108930919], [-0.14625552841897918, 44.311260785560364], [-0.1462848553630045, 44.311252554147465], [-0.1463151849998524, 44.31124647823443], [-0.14634621090180283, 44.3112426192078], [-0.14637761960682263, 44.311241016056314], [-0.14640909378542635, 44.31124168497706], [-0.146440315446632, 44.311244619211884], [-0.14647096915058958, 44.31124978911561], [-0.1465007451954334, 44.31125714245557], [-0.14652934274618526, 44.31126660493925], [-0.14655647287407542, 44.31127808096496], [-0.14658186147561308, 44.31129145458755], [-0.1466052520418689, 44.31130659068993], [-0.14666326504182234, 44.311348110073745], [-0.14678202573467425, 44.31132079183319], [-0.1468108083177589, 44.31131523991478], [-0.14684019542753565, 44.31131167704208], [-0.1468699210836106, 44.311310135462456], [-0.14689971624151477, 44.31131062912873], [-0.14692931122772732, 44.31131315357279], [-0.14695843818037982, 44.311317685946236], [-0.146978929836022, 44.311322376197026], [-0.146988213558581, 44.31130244778804], [-0.14700079499595775, 44.31127965334482], [-0.14701675708681008, 44.311257977614225], [-0.14703591015691478, 44.31123767815964], [-0.14743821074753896, 44.31085767904897], [-0.14744260264333686, 44.31085392792502], [-0.14744670281991437, 44.310850010255585], [-0.1476023029565264, 44.31071561058562], [-0.1476080250107917, 44.31071113450762], [-0.147613466306935, 44.31070648142708], [-0.1476184130285468, 44.31070300847882], [-0.14762309139387775, 44.31069934882668], [-0.147629396912583, 44.31069529701576], [-0.1476354471878745, 44.3106910492948], [-0.147640844172549, 44.31068794121601], [-0.14764599958018942, 44.31068462844541], [-0.14765282783788228, 44.31068103992234], [-0.1476594288249157, 44.31067723846856], [-0.14766522409706648, 44.31067452519136], [-0.14767080689759834, 44.310671591205946], [-0.14767809213463023, 44.31066850052987], [-0.14768518026263935, 44.310665181953006], [-0.1479134701381193, 44.31056941930391], [-0.1479900375189188, 44.31045499030566], [-0.1479923479387943, 44.31045161017575], [-0.14812892587750337, 44.310255954287605], [-0.1482229323976901, 44.3101065765117], [-0.14823648981805204, 44.31008750789879], [-0.14825251068162368, 44.31006945119689], [-0.148270849841049, 44.31005256999545], [-0.14832800303122118, 44.310004831536375], [-0.14833405632919716, 44.30988439465888], [-0.14830411776805646, 44.30967732744683], [-0.14830244883277216, 44.3096554554707], [-0.14830375065161558, 44.3096335706438], [-0.14830801087535325, 44.30961188051327], [-0.14835083194982684, 44.30945098022152], [-0.14835323507072953, 44.309441815725734], [-0.14832387798396487, 44.30941970063868], [-0.1481025812759047, 44.30938150175577], [-0.1480734680697423, 44.309375391942694], [-0.14804531425928497, 44.309367289025914], [-0.14801838379510293, 44.30935726897293], [-0.14799292915812962, 44.30934542572499], [-0.14796918899252468, 44.30933187031631], [-0.14794738586829656, 44.309316729833036], [-0.1479277241946237, 44.30930014622175], [-0.1479103883034843, 44.30928227495867], [-0.14784723736420588, 44.30920994239629], [-0.1477809921305323, 44.309184441478415], [-0.1477544700550797, 44.30917298614463], [-0.14772965176349484, 44.30915970739389], [-0.14770677953367944, 44.309144734855025], [-0.14768607664533143, 44.309128214691754], [-0.14766774520028864, 44.30911030817563], [-0.14765196414961046, 44.3090911901119], [-0.14763888754670026, 44.30907104713276], [-0.1476286430434963, 44.30905007587562], [-0.14762133064443012, 44.309028481063265], [-0.1476170217302694, 44.30900647350553], [-0.14761575836143737, 44.3089842680412], [-0.14761755286753356, 44.30896208144081], [-0.14762238772711678, 44.30894013029051], [-0.1476302157388719, 44.30891862887772], [-0.14764096048252537, 44.30889778709932], [-0.1476545170649785, 44.3088778084126], [-0.14767075314436875, 44.30885888784919], [-0.14771681499370126, 44.30881071308254], [-0.14766896440310348, 44.30872170016677], [-0.1476590891617462, 44.308700153859405], [-0.1476522862701018, 44.308678002934734], [-0.1476486249073481, 44.308655472658884], [-0.14764814230441606, 44.30863279215553], [-0.1476508433655048, 44.30861019207588], [-0.14768304423102097, 44.308441292185634], [-0.14768841886115205, 44.30842045862969], [-0.14769649961689194, 44.30840008063466], [-0.14770721479426613, 44.30838033901623], [-0.14772046931412686, 44.30836140894335], [-0.14773614556588174, 44.30834345838381], [-0.14775410445111417, 44.30832664661405], [-0.14777418661787428, 44.30831112280581], [-0.1477962138746446, 44.30829702470259], [-0.14781999077146254, 44.30828447739744], [-0.14793629481290568, 44.30822896382817], [-0.1479938668240406, 44.3081740740009], [-0.14797078215688628, 44.30795941874684], [-0.14797065670198895, 44.30795820975342], [-0.1479491578440602, 44.30774320972492], [-0.14794851870278206, 44.307719795301445], [-0.14795127336548847, 44.30769646006552], [-0.14795739196764168, 44.3076734569711], [-0.14796680817980312, 44.30765103537147], [-0.14797941992681404, 44.307629438316184], [-0.14799509049442353, 44.307608899916566], [-0.14801365001139505, 44.307589642807905], [-0.14812095015758325, 44.30748984304345], [-0.1481477702845811, 44.30746798469542], [-0.14823818750977166, 44.30740327415388], [-0.14822902235150076, 44.30732104066263], [-0.1482086365485903, 44.30721190239561], [-0.14820604370399487, 44.30718977935282], [-0.1482065006733979, 44.3071675805272], [-0.14821000300153764, 44.30714552218096], [-0.1482165165651974, 44.307123819207455], [-0.14822597790576497, 44.30710268303781], [-0.1482382948475644, 44.30708231958105], [-0.14825334739594348, 44.307062927218276], [-0.14827098890636198, 44.30704469486997], [-0.14829104751307265, 44.30702780015561], [-0.14831332780349316, 44.307012407663265], [-0.14833761272193877, 44.306998667346356], [-0.14836366568419007, 44.30698671306267], [-0.14839123288226855, 44.30697666127053], [-0.148420045756985, 44.306968609894156], [-0.14844982361419, 44.306962637369786], [-0.14848027635919755, 44.30695880188155], [-0.14865197571194824, 44.306943401922624], [-0.14868154496610103, 44.306941765742394], [-0.14871119717989403, 44.30694214491728], [-0.14874066656070856, 44.306944536048526], [-0.14876968895470521, 44.306948917702904], [-0.1489049030499403, 44.306974184761394], [-0.1490800802049005, 44.30691338477784], [-0.14905641282032747, 44.306790520454896], [-0.14905367268789368, 44.306768017960906], [-0.14905408935591782, 44.30674543158668], [-0.14905765861879305, 44.306722989109836], [-0.14906434447792163, 44.306700916856606], [-0.14907407950489948, 44.30667943741936], [-0.14908676552163636, 44.30665876741184], [-0.14909442979659768, 44.30664780663706], [-0.14903543178427628, 44.30651179181027], [-0.1490275891659721, 44.306489887967786], [-0.14902284931396784, 44.30646752931679], [-0.1490212601429811, 44.306444941895634], [-0.14902283771533573, 44.30642235405518], [-0.1490275660787284, 44.306399994150276], [-0.14903539742765187, 44.306378088231135], [-0.14904625258681908, 44.306356857758146], [-0.1490600218117279, 44.30633651736298], [-0.14907656589825274, 44.306317272678726], [-0.14909571759002868, 44.306299318261146], [-0.14911728326941787, 44.30628283562175], [-0.14914104491494576, 44.306267991392914], [-0.1491667623054275, 44.30625493564324], [-0.149365443240119, 44.30616447327645], [-0.14946986166940288, 44.306079783628086], [-0.14955715878664075, 44.3059548341479], [-0.1495166692513909, 44.30585546894817], [-0.1495096176472782, 44.30583447049789], [-0.14950540344619298, 44.30581308316163], [-0.14950406550775086, 44.30579150417023], [-0.149505616167035, 44.30576993252171], [-0.14951004112097452, 44.3057485671462], [-0.14951729956035617, 44.305727605071326], [-0.14952732454626477, 44.305707239605425], [-0.1495400236274894, 44.30568765855478], [-0.14955527969318314, 44.3056690424918], [-0.14957295205290513, 44.305651563089825], [-0.14959287773410956, 44.30563538154001], [-0.149614872985073, 44.30562064706488], [-0.14971228589374264, 44.30556140971964], [-0.14970826115538405, 44.30549497681504], [-0.14970850777899763, 44.305471966308474], [-0.14971202697993738, 44.30544909430763], [-0.14971878192317897, 44.30542660018632], [-0.14972870190927684, 44.30540471936329], [-0.1497416831144391, 44.30538368083842], [-0.14975758967725428, 44.305363704795994], [-0.14977625512069234, 44.305345000300456], [-0.1497974840945003, 44.305327763108345], [-0.1498210544197519, 44.30531217361962], [-0.14984671941414002, 44.30529839498973], [-0.14987421047369442, 44.305286571422016], [-0.1499504346279526, 44.305257484082674], [-0.15009855957407528, 44.30505719805559], [-0.15011332693936022, 44.30503928418693], [-0.1501303373245245, 44.305022427417725], [-0.15014944502889524, 44.30500677213112], [-0.15017048638804784, 44.3049924524191], [-0.15042937788940705, 44.3048319224849], [-0.15054119576485814, 44.30460420081552], [-0.1505547068379538, 44.30458093302755], [-0.15057175878611248, 44.30455889707212], [-0.15075405930410113, 44.304351597506205], [-0.1507714608756448, 44.304333781107424], [-0.15079117852586707, 44.30431725566465], [-0.15081302769201307, 44.30430217585922], [-0.15083680386041004, 44.30428868284091], [-0.1508622844807503, 44.30427690290681], [-0.1508892310491963, 44.30426694631917], [-0.15135359747552865, 44.30411529356492], [-0.15164947049687721, 44.30396000174702], [-0.15165360083352197, 44.30395787061561], [-0.1518375750162416, 44.303864562009096], [-0.15189992206650402, 44.30375753273498], [-0.15195835066293129, 44.303576352472575], [-0.15196677554638924, 44.30355505669377], [-0.1519780747981324, 44.30353445880329], [-0.15199213895953564, 44.30351475833271], [-0.15200883178872635, 44.303496146120054], [-0.152027991580436, 44.30347880246131], [-0.1520494327324913, 44.30346289536384], [-0.15207294754377654, 44.30344857891898], [-0.15263084675082766, 44.30314147982408], [-0.15264808449664768, 44.30313263918825], [-0.15293778393645474, 44.302994439610856], [-0.15296639797260675, 44.30298230887908], [-0.1529966404717233, 44.302972423216765], [-0.15325589841682893, 44.30289933313511], [-0.15350151790929967, 44.30262313483385], [-0.15352066136171752, 44.30260391424429], [-0.1535425071233457, 44.302586242012794], [-0.15356681407819683, 44.30257031318956], [-0.15359331394651016, 44.302556303582456], [-0.15362171424579632, 44.302544367816665], [-0.15391141348745405, 44.302436868159575], [-0.15394069607623626, 44.30242733591549], [-0.15397118508020846, 44.30242000954977], [-0.1540025592666194, 44.302414966253195], [-0.15403448807671571, 44.30241225916203], [-0.15406663510839394, 44.30241191679833], [-0.15424036963157037, 44.30241647462705], [-0.15444234515695318, 44.302300829693706], [-0.1545023898464701, 44.302128885813765], [-0.1545114524098435, 44.302107500492525], [-0.15452342596116356, 44.30208686675117], [-0.15453819224431128, 44.30206718837263], [-0.15455560542201943, 44.30204865970434], [-0.1545754935162679, 44.30203146373876], [-0.15459766010682738, 44.302015770306255], [-0.15462188627117499, 44.30200173439778], [-0.15464793274661784, 44.3019894946342], [-0.1547384109909587, 44.301951448229616], [-0.15490226401213586, 44.30166143287963], [-0.15491442705011974, 44.301642479529356], [-0.1549289837528793, 44.30162441729387], [-0.15494580881363607, 44.301607401653605], [-0.15496475739986787, 44.30159157907979], [-0.15498566640006325, 44.301577085773616], [-0.15543205504189817, 44.3012951872385], [-0.15543744240857518, 44.30119942064472], [-0.15544022147535208, 44.30117726640584], [-0.15544603392505152, 44.30115541761938], [-0.15545482291170482, 44.3011340879548], [-0.15546650248065308, 44.301113486004716], [-0.15548095840925943, 44.30109381324472], [-0.15549804932404224, 44.301075262063385], [-0.15551760808330342, 44.30105801388067], [-0.15553944341173703, 44.30104223737381], [-0.15556334177103362, 44.30102808682778], [-0.1555890694481663, 44.301015700626564], [-0.1556163748409575, 44.3010051998998], [-0.15564499091855885, 44.300996687338284], [-0.15567463783281266, 44.30099024618972], [-0.15572772771735813, 44.300980741604434], [-0.15575145416910385, 44.300861802263356], [-0.1557575028265444, 44.300839542936075], [-0.15576664189661213, 44.30081783417039], [-0.15577877846894686, 44.30079689665584], [-0.15579378916121162, 44.30077694324128], [-0.15581152137347912, 44.30075817677109], [-0.15583179483964074, 44.30074078802311], [-0.15585440346003182, 44.30072495376928], [-0.1558791173966475, 44.30071083497862], [-0.1559056854096668, 44.30069857518087], [-0.15593383741149613, 44.300688299007454], [-0.15596328721240735, 44.300680110924496], [-0.15599373542983885, 44.300674094170866], [-0.15602487253178285, 44.30067030991202], [-0.1560563819833562, 44.30066879661826], [-0.1560879434645271, 44.30066956967355], [-0.1561192361263315, 44.30067262121925], [-0.15612158469217804, 44.30067302652134], [-0.15612925920220092, 44.3006534622383], [-0.15617011935190547, 44.300565715454276], [-0.15615917233359472, 44.300510978869795], [-0.15615627810669616, 44.30048863088052], [-0.15615649950740948, 44.30046618700499], [-0.15615983432779557, 44.30044387070693], [-0.15616624936105583, 44.30042190417964], [-0.1561756807323062, 44.30040050613365], [-0.15618803453466665, 44.30037988961917], [-0.1562031877643689, 44.30036025990485], [-0.15622098954554664, 44.30034181243408], [-0.15644317270774782, 44.30013448437822], [-0.1564696876057707, 44.30008939710043], [-0.1564477344615163, 44.30003604654291], [-0.15644010179841952, 44.300013149859616], [-0.15643584348063122, 44.29998980564144], [-0.15643500615705191, 44.29996626964112], [-0.1564375989970554, 44.299942799712234], [-0.15644359359021448, 44.29991965298416], [-0.1564529242577323, 44.299897083045124], [-0.15646548877216918, 44.299875337163954], [-0.15657278934307833, 44.29971403744299], [-0.15658701897448957, 44.2996950451941], [-0.1566037159135672, 44.29967711895946], [-0.15662272665829513, 44.29966042354028], [-0.1566438764356081, 44.29964511242238], [-0.15666697080814626, 44.2996313263652], [-0.15669179746179582, 44.29961919210781], [-0.1567181281575395, 44.299608821203755], [-0.15674572082969143, 44.29960030899554], [-0.15691742028406283, 44.29955420914527], [-0.15694643319262247, 44.29954755476764], [-0.15697620887766128, 44.29954295559646], [-0.15700646578370656, 44.299540455121], [-0.1570369178050393, 44.2995400769856], [-0.15706727699100143, 44.2995418247659], [-0.15709725626871934, 44.29954568193521], [-0.15712657215754014, 44.29955161202062], [-0.1571549474495084, 44.29955955894809], [-0.15731335004998387, 44.29961042506645], [-0.15746138192618112, 44.29954369053916], [-0.15748877655120389, 44.299532675013296], [-0.1575175691494378, 44.29952368451232], [-0.15754747039994552, 44.299516809376726], [-0.1575781798419125, 44.29951211869089], [-0.15760938889371448, 44.29950965958892], [-0.157640783953585, 44.299509456780996], [-0.15767204955069986, 44.29951151230512], [-0.15770287151506823, 44.29951580550661], [-0.15773294013433178, 44.299522293245616], [-0.15788313967600076, 44.2995606930962], [-0.15791048779540223, 44.29956874814638], [-0.1579366567894575, 44.29957861883795], [-0.15796141358049004, 44.29959021725654], [-0.15798301173774323, 44.29960256754044], [-0.15800422114338808, 44.299596841784314], [-0.15803372511647434, 44.29959115976936], [-0.15806385947713086, 44.29958756882496], [-0.15809433759624386, 44.299586103107195], [-0.15812486957506663, 44.299586776557625], [-0.15815516500254384, 44.299589582770686], [-0.15818493571753184, 44.2995944950546], [-0.1582138985495978, 44.29960146668523], [-0.15824177801238923, 44.299610431350565], [-0.1588050023286424, 44.29981577126815], [-0.15881861031939834, 44.29982026825071], [-0.15884469530292314, 44.299813014155504], [-0.1591084532934832, 44.299664628475185], [-0.15913564872653732, 44.29965093529327], [-0.15916471031459678, 44.29963938731274], [-0.15919531125361894, 44.29963011439288], [-0.15922710742978477, 44.29962322080954], [-0.1592597412890125, 44.2996187840824], [-0.15929284585760967, 44.299616854103384], [-0.16005464294296415, 44.29960155408523], [-0.16006970462700748, 44.2996015117236], [-0.16059540262158328, 44.29960911164229], [-0.16062489646704475, 44.29961054000564], [-0.1606540714450977, 44.299613958922464], [-0.16068266767057246, 44.299619337937756], [-0.16071043041352323, 44.29962662913635], [-0.16084347572599472, 44.29966677776338], [-0.16116111740831213, 44.29964784264926], [-0.16140579909813507, 44.2994588555219], [-0.16141321759428862, 44.29926724844313], [-0.16141565577639921, 44.29924480457746], [-0.16142120555408482, 44.299222648146404], [-0.16142981133409656, 44.29920100108167], [-0.1614413869127509, 44.299180080212636], [-0.16145581633952494, 44.299160095094436], [-0.16147295507858142, 44.29914124590901], [-0.16149263145660026, 44.299123721460056], [-0.16151464838242843, 44.29910769728178], [-0.16153878532128169, 44.29909333388079], [-0.16170766354792837, 44.29900267811299], [-0.1618227269798533, 44.298873289754845], [-0.16195818288615896, 44.29870181033114], [-0.16197599766769535, 44.298681799146244], [-0.16199665125271154, 44.29866324862363], [-0.16201991335242186, 44.29864636560064], [-0.16204552459392188, 44.29863133832188], [-0.16207319941219536, 44.29861833434049], [-0.16221362579471862, 44.29855970990469], [-0.16220998924082494, 44.29855422230993], [-0.16219989800589332, 44.29853438538788], [-0.16219244177383843, 44.29851395619062], [-0.16218768627303443, 44.29849311481382], [-0.16218567342313597, 44.29847204498655], [-0.16218642096563285, 44.29845093245166], [-0.1621899223075561, 44.29842996332821], [-0.16219614657969353, 44.29840932247089], [-0.16220503890882854, 44.29838919184026], [-0.16221652090156694, 44.298369748898885], [-0.16223049133550563, 44.29835116504673], [-0.16239139185487175, 44.298159265436276], [-0.1624073349886994, 44.29814208713169], [-0.1624254039531651, 44.298126030970714], [-0.16244544654038992, 44.29811123220453], [-0.16246729391781303, 44.2980978154924], [-0.16249076205037846, 44.29808589385163], [-0.16252735163343238, 44.29806906074582], [-0.1625772960740991, 44.29788005998646], [-0.16258422369068642, 44.29785928483921], [-0.16259386424367187, 44.29783907537353], [-0.16260613077473515, 44.29781961387429], [-0.16262091264014386, 44.297801075879626], [-0.16263807650880585, 44.2977836285978], [-0.16265746756495025, 44.29776742939893], [-0.16267891090455805, 44.29775262439566], [-0.16270221311298397, 44.29773934712523], [-0.16272716400951726, 44.29772771734506], [-0.16275353854312244, 44.29771783995263], [-0.16278109882233396, 44.29770980403929], [-0.16280959626090982, 44.29770368208675], [-0.16281924525402466, 44.29770230876914], [-0.16283189695083278, 44.29763212168222], [-0.16283742340651755, 44.297610118143695], [-0.16284596417123148, 44.29758861734802], [-0.162857434854806, 44.29756783173362], [-0.16287172211837378, 44.29754796667242], [-0.1628886847943229, 44.297529218440566], [-0.1629081552811712, 44.29751177227931], [-0.16292994119961265, 44.29749580056469], [-0.16295382729336014, 44.29748146110436], [-0.1629795775559746, 44.29746889557856], [-0.16300693756271548, 44.297458228140165], [-0.16313648154508703, 44.29741355641422], [-0.16314180715093426, 44.29737172107215], [-0.1631458261168982, 44.29735091868162], [-0.16315252899936886, 44.29733047616844], [-0.16316185736271277, 44.29731057174179], [-0.16317372988369108, 44.297291378919915], [-0.16323803019571753, 44.297199279084865], [-0.16325272321968942, 44.29718052933727], [-0.1632698433025059, 44.29716287356736], [-0.16328923380790109, 44.297146473310434], [-0.16331071732760924, 44.297131478614844], [-0.16333409730452908, 44.29711802666916], [-0.1633591598310566, 44.297106240547], [-0.16338567560614606, 44.29709622808117], [-0.16341340203318275, 44.297088080876954], [-0.1634420854394846, 44.29708187347413], [-0.16347146339711624, 44.297077662665025], [-0.163501267123812, 44.29707548697488], [-0.16353122394200603, 44.29707536630938], [-0.16356105977351057, 44.29707730177259], [-0.16359050164699462, 44.29708127565687], [-0.16361928019535324, 44.29708725160472], [-0.16364713212009158, 44.29709517494163], [-0.16366104294025619, 44.29710028551738], [-0.1636666457635949, 44.2970973169454], [-0.16369323497809313, 44.297085953728725], [-0.16372125557649772, 44.297076530198375], [-0.16375043409011847, 44.29706913832376], [-0.16378048574989518, 44.29706385024619], [-0.16381111726552286, 44.29706071757495], [-0.16384202968774242, 44.297059770883514], [-0.1638425718501179, 44.29705979279575], [-0.1638425718501179, 44.297591423989545], [-0.16382492186910702, 44.297598928512556], [-0.16379660604266724, 44.29760837368078], [-0.16376712153827025, 44.2976157472128], [-0.16373676135000365, 44.297620975836175], [-0.1637338744462205, 44.29762125877249], [-0.1637333011095556, 44.297623002523196], [-0.16372390263399514, 44.29764298832929]]]}}, {"type": "Feature", "properties": {"klasse": "Wasser"}, "geometry": {"type": "Polygon", "coordinates": [[[-0.1539619375106317, 44.34019739952182], [-0.1539315367863201, 44.340193922788295], [-0.15390175796299738, 44.34018832246524], [-0.15387288832764087, 44.34018065258109], [-0.15387143445362722, 44.340180144945236], [-0.1538640511691707, 44.34018197297715], [-0.15383516030266073, 44.34018698839412], [-0.1538057373310088, 44.34019001708885], [-0.15377604689332636, 44.3401910318204], [-0.15374635603445974, 44.34019002346206], [-0.15371693180301793, 44.34018700108339], [-0.1536880388493878, 44.34018199186864], [-0.1536599370452925, 44.34017504087228], [-0.15319157048440923, 44.34004103940391], [-0.15310805445162173, 44.340051089688465], [-0.15308294704545872, 44.34006954339477], [-0.15306005666695702, 44.34008477110681], [-0.15303516937765815, 44.34009828937722], [-0.15300853199075504, 44.34010996414145], [-0.1529804086761458, 44.3401196796175], [-0.15295107834054392, 44.34012733945422], [-0.15292083186141006, 44.34013286768674], [-0.15288996920215384, 44.340136209489984], [-0.15285879643721553, 44.340137331722346], [-0.15282762271652892, 44.34013622325442], [-0.1519425194029534, 44.340072922928165], [-0.15190937508794874, 44.34006925843959], [-0.15187696606833512, 44.340063073432226], [-0.1518456633863224, 44.340054438716734], [-0.15137356212015599, 44.339902938157564], [-0.15134951856647677, 44.339894316314], [-0.15127139392364114, 44.33986322834323], [-0.1510736135938416, 44.33980778333719], [-0.15097215789971635, 44.33980838727309], [-0.1507666336948847, 44.34000989547168], [-0.15076579251879252, 44.340012100321196], [-0.1507556507684209, 44.34003414631377], [-0.15074239659855596, 44.340055324626555], [-0.15072617120898654, 44.34007540963691], [-0.1507071474538391, 44.340094187369424], [-0.15068552800016627, 44.34011145777557], [-0.15066154316890434, 44.340127036865006], [-0.15051404299612112, 44.340213337114896], [-0.15048933977167644, 44.3402263997633], [-0.15046297508785472, 44.34023766619948], [-0.15043520164912993, 44.340247028434824], [-0.15040628566328526, 44.340254396732384], [-0.15037650428973615, 44.34025970046714], [-0.1502129036902045, 44.340282800537665], [-0.150185027544441, 44.34028580932765], [-0.15015688745370984, 44.34028700840071], [-0.15012871106156356, 44.34028638805682], [-0.15010072630522048, 44.340283953314426], [-0.15007315957156103, 44.34027972386977], [-0.1499094590182144, 44.34024902374233], [-0.14988011811625884, 44.340242401694034], [-0.1498518229289095, 44.34023374757762], [-0.1498248459565434, 44.34022314473788], [-0.14979944700387185, 44.34021069528703], [-0.14977587067781206, 44.34019651912122], [-0.14975434403174084, 44.34018075276588], [-0.14973507437883765, 44.34016354806086], [-0.1497182472955447, 44.340145070698014], [-0.1497040248343966, 44.34012549862553], [-0.14969254396343668, 44.34010502033405], [-0.14968391524719238, 44.34008383304156], [-0.1496782217820022, 44.34006214079379], [-0.14967551839584692, 44.34004015249932], [-0.14967583112045654, 44.34001807991756], [-0.14967915694074077, 44.33999613561943], [-0.1496854638239503, 44.33997453094018], [-0.14969469102829827, 44.3399534739441], [-0.14970674968805558, 44.33993316742083], [-0.14972152366948427, 44.33991380693233], [-0.14973887068934555, 44.33989557892966], [-0.1497586236852346, 44.33987865895727], [-0.1497805924245362, 44.339863209962566], [-0.14980456533647227, 44.33984938072659], [-0.14983031154964307, 44.3398373044313], [-0.14985758311541675, 44.33982709737694], [-0.149886117395745, 44.3398188578621], [-0.1499156395924383, 44.339812665237034], [-0.1499458653935239, 44.33980857913953], [-0.14997650371121465, 44.33980663892061], [-0.1500072594851188, 44.33980686326548], [-0.1500378365237034, 44.339809250013715], [-0.15006794035665225, 44.33981377617997], [-0.15016225869174515, 44.33983146448751], [-0.15017865620423515, 44.33982914918991], [-0.15019231716168857, 44.33982115638764], [-0.1501973240409078, 44.339812751042516], [-0.15021089422358888, 44.339794716310905], [-0.15022669553858561, 44.33977764296681], [-0.15055929611520324, 44.33945154371451], [-0.1505797551231641, 44.33943351859194], [-0.1506026973061882, 44.339417105323946], [-0.1506278775745139, 44.339402479251056], [-0.15065502692986296, 44.339389796621326], [-0.15068385533908793, 44.33937919292129], [-0.15071405483251327, 44.3393707814285], [-0.15074530279383885, 44.339364652001564], [-0.15077726540651012, 44.33936087012014], [-0.15080960121971287, 44.33935947618548], [-0.15112879999720102, 44.33935757616071], [-0.151158594193177, 44.33935841672001], [-0.15118814225998645, 44.33936128543231], [-0.15121717676328825, 44.339366156333504], [-0.15124543491674194, 44.33937298533794], [-0.1515190341178155, 44.33944968504531], [-0.1515569806034241, 44.33946248358418], [-0.1516417164708273, 44.33949620227633], [-0.1520551937825136, 44.33962888982092], [-0.15274064496530793, 44.339677911700015], [-0.15275528571022265, 44.33966822630096], [-0.15278172868259712, 44.33965411088785], [-0.15281009070383336, 44.339642066204895], [-0.1528400581953694, 44.33963222542115], [-0.15287129982868447, 44.33962469733883], [-0.15290347018846265, 44.33961956519031], [-0.1531743691819839, 44.3395869652863], [-0.15320264634842096, 44.339584504290094], [-0.1532311180603885, 44.33958389591278], [-0.15325954915142204, 44.339585145179434], [-0.15328770479054724, 44.33958824177159], [-0.15331535242182173, 44.339593160112564], [-0.15334226368512519, 44.3395998595786], [-0.1537547325634499, 44.33971786880618], [-0.15376913938753933, 44.339714495341866], [-0.15380024525698738, 44.3397096488893], [-0.15384854507729168, 44.33970394890599], [-0.15388003891395885, 44.33970139773888], [-0.1539117307337374, 44.33970114230276], [-0.15394329646265634, 44.33970318520979], [-0.15397441331606251, 44.3397075055697], [-0.15402811313218004, 44.33971700552982], [-0.15405614576103988, 44.33972297289624], [-0.15408328152669218, 44.339730789146024], [-0.15410928425119533, 44.33974038625008], [-0.15411019190082664, 44.339740802239874], [-0.15414140034840798, 44.33973883457912], [-0.15427399870729033, 44.33972455761435], [-0.15427975162630184, 44.33972414406771], [-0.15428545844364092, 44.339723478385274], [-0.15433051281865603, 44.33971984045054], [-0.15476241930137224, 44.33967840723658], [-0.15556768323276693, 44.33958306787091], [-0.15560018665763403, 44.33958046073605], [-0.1556328916798974, 44.33958029868735], [-0.15566544216590505, 44.339582583489516], [-0.156147576521249, 44.33963476968995], [-0.15616396570452942, 44.339626943162486], [-0.15619215332067227, 44.3396162721705], [-0.15622170514325046, 44.33960771065161], [-0.15625231563352485, 44.339601347124045], [-0.1562836683074515, 44.3395972473808], [-0.1563154390077405, 44.33959545380946], [-0.1563472992552151, 44.33959598495399], [-0.15637891964487566, 44.33959883532292], [-0.156845617964117, 44.339658335056214], [-0.15684652323411177, 44.33965845145139], [-0.15716519341544746, 44.33969977043391], [-0.15718619606435727, 44.3396871864901], [-0.1572103293475243, 44.33967528204302], [-0.15723590543922566, 44.339665046061974], [-0.15727340533792536, 44.33965164610494], [-0.15730111055179063, 44.33964291703403], [-0.15731993299416644, 44.339638483882794], [-0.15732535285114263, 44.33963510846908], [-0.15734955281805768, 44.33962160850876], [-0.15737524652081972, 44.339608701595424], [-0.15740260894059974, 44.33959770217341], [-0.1574313660942894, 44.33958872038095], [-0.1574612300335893, 44.339581846153585], [-0.15749190172820696, 44.339577148323585], [-0.15752307405997276, 44.33957467393077], [-0.1575544348979424, 44.33957444775154], [-0.1575856702236872, 44.33957647205072], [-0.15761646727547046, 44.33958072655895], [-0.15764651767985283, 44.33958716867558], [-0.15767552053936207, 44.33959573389525], [-0.15770318544532, 44.33960633645378], [-0.15770499893146647, 44.33960720899936], [-0.15772566438528304, 44.33960743377814], [-0.15775631007212576, 44.339609943231], [-0.1577864636591634, 44.33961460237284], [-0.1580063629199136, 44.33965680219849], [-0.15801300811843952, 44.339658133854186], [-0.15827842155315813, 44.33971358778671], [-0.1588302946328667, 44.339776667166966], [-0.15883883776321478, 44.33977773079024], [-0.15889523756140037, 44.33978533075656], [-0.15892507534784078, 44.33979044777486], [-0.1589540731485196, 44.33979763377028], [-0.158981953145352, 44.33980681989639], [-0.1590084482291756, 44.3398179181442], [-0.15931028499241692, 44.33995899967158], [-0.159485781154666, 44.33999579074975], [-0.15951291951556903, 44.340002461516086], [-0.15953909437192568, 44.34001088506179], [-0.1595640864594577, 44.340020990823845], [-0.1595876864214975, 44.34003269414744], [-0.15975515530240417, 44.34012414311192], [-0.15997170927962917, 44.34019822955902], [-0.16014703508799571, 44.340257166703196], [-0.16044682153062353, 44.34035662985386], [-0.1604625482650106, 44.34036223658317], [-0.16053547572449978, 44.34039009039111], [-0.16057609128156455, 44.340394409815055], [-0.16068993042489257, 44.34027919338809], [-0.16070855858987812, 44.340262143755716], [-0.16072938600098322, 44.340246459432706], [-0.16075221942211765, 44.34023228593657], [-0.1607897193721515, 44.34021118599841], [-0.1608160351952633, 44.340197886106], [-0.16084411286049435, 44.340186593250806], [-0.16087365626403294, 44.34017742652573], [-0.1609043538450643, 44.34017048260174], [-0.16093588187136004, 44.340165834708486], [-0.16096790785321155, 44.340163531862025], [-0.16100009404969823, 44.340163598347914], [-0.16103210103033483, 44.34016603346511], [-0.1614280255060047, 44.340211009053604], [-0.16164765415004975, 44.34017470613104], [-0.1616869132770861, 44.34017007653012], [-0.16182111276726502, 44.34016047655317], [-0.16182858579075027, 44.34016020676001], [-0.16183603035762903, 44.34015966691696], [-0.1618439359744057, 44.34015965258343], [-0.1618518316327408, 44.34015936753219], [-0.1618593055195331, 44.34015962471719], [-0.1618667879688319, 44.340159611150895], [-0.16187465747620577, 44.340160152995594], [-0.1618825540463818, 44.34016042472561], [-0.16188995681933763, 44.34016120641196], [-0.16189740509215148, 44.3401617192531], [-0.16190516270314945, 44.34016281205785], [-0.1619129841379097, 44.34016363795226], [-0.16192024450529702, 44.34016493661203], [-0.16192758687125208, 44.34016597092173], [-0.16193515787688606, 44.340167604162396], [-0.16194282885211467, 44.34016897626747], [-0.16194987689302606, 44.340170779393915], [-0.16195704264219724, 44.34017232521141], [-0.16211524215809994, 44.340212625054335], [-0.1621409545537142, 44.34022011037035], [-0.16216564372413098, 44.34022919839245], [-0.16218911616654044, 44.34023981789296], [-0.1622111879139918, 44.34025188564118], [-0.1622316859772252, 44.340265307055624], [-0.16252615184478772, 44.34047599248932], [-0.16258990892057887, 44.34051902512149], [-0.1626110095081774, 44.34052725076771], [-0.16270373230003268, 44.34053122383398], [-0.16270624859137162, 44.34052847311495], [-0.1627246156218465, 44.340511997430355], [-0.16274505296648129, 44.34049682933774], [-0.16276738079164685, 44.34048310230412], [-0.16279140262942263, 44.340470937116315], [-0.16281690710635416, 44.340460440818056], [-0.16300470661095953, 44.34039134103902], [-0.1630167959201849, 44.34038712526195], [-0.16319109542179647, 44.34032962544768], [-0.16322241200963397, 44.34032072397046], [-0.16325487880061978, 44.34031428576641], [-0.16334067849010386, 44.34030078580848], [-0.16337276402936923, 44.340296977013075], [-0.16340522678586636, 44.34029557480741], [-0.1634377172477034, 44.340296594288525], [-0.16357721672470707, 44.34030619423856], [-0.1636035347751283, 44.34030881734842], [-0.16362944867431922, 44.34031303079877], [-0.16368844847673156, 44.340324530751396], [-0.16371868385210295, 44.34033162452597], [-0.16374776160113205, 44.34034088120092], [-0.16377538220328874, 44.34035220542652], [-0.1638012611471381, 44.34036548055581], [-0.16382513186094566, 44.34038056984617], [-0.1638425718501179, 44.34039408193166], [-0.1638425718501179, 44.34109299351507], [-0.16377573196597764, 44.34104358997432], [-0.1637573314568486, 44.34102872828562], [-0.16348512894815376, 44.34078826192768], [-0.16343892845265687, 44.340748606730436], [-0.16342686066588044, 44.3407477762563], [-0.16342216713256316, 44.34074851474858], [-0.1632847126443635, 44.340793859741495], [-0.1632127926582618, 44.340820322379244], [-0.16319301520825188, 44.34085965322307], [-0.1631817172858291, 44.34087919084289], [-0.1631679119269113, 44.34089788040645], [-0.16315172122435792, 44.340915556622534], [-0.16313328836749053, 44.34093206316186], [-0.1631127763757562, 44.34094725403974], [-0.16309036665700993, 44.340960994907114], [-0.16306625740314185, 44.34097316423889], [-0.16304066183724847, 44.34098365440863], [-0.16301380632785123, 44.340992372640514], [-0.16298592838684392, 44.340999241829884], [-0.16295727456886538, 44.341004201225054], [-0.16288757431282222, 44.341013801254235], [-0.16285800431390798, 44.34101683387247], [-0.16282816633531316, 44.34101783257111], [-0.16279833138790265, 44.341016788279276], [-0.1627687704549882, 44.34101371048211], [-0.1627397520309734, 44.34100862713454], [-0.16271153968260557, 44.34100158440738], [-0.1626327819134105, 44.34097885020654], [-0.1625040192832555, 44.34097333279009], [-0.16246994309004334, 44.34097052327317], [-0.16243649874416197, 44.34096505829324], [-0.16240408679365528, 44.34095700330209], [-0.16237309542157846, 44.34094645477088], [-0.16225509515741568, 44.34090045461026], [-0.16223206732254855, 44.3408905379712], [-0.1622103069246099, 44.34087924300523], [-0.1621899737234561, 44.34086665263786], [-0.16209337371074528, 44.340801452456866], [-0.16208681276927858, 44.34079689305229], [-0.16183907326249383, 44.34061963870563], [-0.16181347408466548, 44.340613117535014], [-0.1617689217618059, 44.340616304585936], [-0.1615094453329683, 44.34065919397658], [-0.16149574767759034, 44.34066095521141], [-0.16148207355950056, 44.340662808264], [-0.16148061288017182, 44.34066290123295], [-0.16147916945194013, 44.34066308682793], [-0.16146529720602248, 44.34066387604113], [-0.16145143584579316, 44.3406647582855], [-0.16144996950277862, 44.340664748057506], [-0.16144850767640984, 44.34066483122304], [-0.16143459444012082, 44.340664640813856], [-0.16142067933041307, 44.34066454375362], [-0.16141922144495124, 44.34066443042718], [-0.16141775529940608, 44.340664410362294], [-0.16140393506574094, 44.34066324216454], [-0.16139010021880137, 44.340662166734475], [-0.16111127327077596, 44.34063049316757], [-0.16099467112728832, 44.34074850653643], [-0.1609765456420652, 44.34076513806652], [-0.16095632700719925, 44.34078047661234], [-0.16093419337917378, 44.340794387017226], [-0.16091033978900032, 44.340806746708566], [-0.16088497642367236, 44.34081744677791], [-0.16085832677407347, 44.34082639294074], [-0.16083062566562883, 44.34083350636713], [-0.16080211718907592, 44.340838724376525], [-0.16077305254956806, 44.34084200098995], [-0.16074368785309376, 44.34084330733529], [-0.16056668717499697, 44.34084520732485], [-0.16054130370721248, 44.3408447415509], [-0.16051605607638617, 44.340842802705005], [-0.16039005561486377, 44.340829402642555], [-0.1603550905972531, 44.34082420853825], [-0.16032117566760082, 44.34081619410435], [-0.16028875099200932, 44.34080546335673], [-0.1601758046480945, 44.34076232473118], [-0.15988327674118888, 44.34066526959953], [-0.1598818528512816, 44.34066479406664], [-0.1597048523931977, 44.34060529384975], [-0.15970293022018286, 44.340604641978565], [-0.15945622959095873, 44.34052024167237], [-0.15942790963685788, 44.34050923749558], [-0.15940131262577095, 44.340496205826675], [-0.15925430386550918, 44.34041592920912], [-0.15909011744081022, 44.34038150897136], [-0.1590611931064051, 44.34037432792899], [-0.15903338263766373, 44.34036515648157], [-0.1590069512332115, 44.34035408208768], [-0.15871897185449352, 44.340219477423275], [-0.15816040287299057, 44.34015563249481], [-0.15812209213498962, 44.340149466295834], [-0.15784110360975317, 44.34009075813541], [-0.1576849380871235, 44.340060789147714], [-0.15764761406906552, 44.34006435991066], [-0.1576349565267219, 44.34006512483595], [-0.15762304108772318, 44.340070281791704], [-0.15759473514713074, 44.340079911860244], [-0.15756523111205112, 44.340087466002295], [-0.1575348237134664, 44.34009286875566], [-0.1575093266422517, 44.34009549797423], [-0.15748903304206893, 44.3401100539171], [-0.1574643908826477, 44.340124462393916], [-0.15743784197474964, 44.34013700556769], [-0.15740965937346485, 44.34014755443164], [-0.1573801329369514, 44.34015600049049], [-0.15734956634516148, 44.340162256876305], [-0.15731827397640583, 44.34016625924203], [-0.15728657767386248, 44.34016796642326], [-0.15725480343529824, 44.340167360861685], [-0.1572232780600592, 44.34016444878562], [-0.15686852121670103, 44.34011845098266], [-0.15681229999999946, 44.340119599999994], [-0.15642070000000097, 44.3400985], [-0.156315665604813, 44.34009479844156], [-0.1563032087932107, 44.34009658467216], [-0.15627230678673243, 44.34009876716416], [-0.15624125551947915, 44.34009874446426], [-0.15621035977352563, 44.34009651679535], [-0.15613598116033098, 44.340088466111375], [-0.15592980000000034, 44.3400812], [-0.15559720000000016, 44.3400525], [-0.1555702928449919, 44.340038703602936], [-0.15485971409838414, 44.34012283238992], [-0.15485022623784991, 44.34012384888463], [-0.15441032458229392, 44.34016604900046], [-0.15440384196327997, 44.34016662159326], [-0.1543612854657165, 44.34017005782796], [-0.1542249010713052, 44.34018474241192], [-0.15421534415442775, 44.340185429393486], [-0.1542058290388383, 44.34018636883985], [-0.1540234283441887, 44.34019786886527], [-0.15399266684902208, 44.340198719124416], [-0.1539619375106317, 44.34019739952182]]]}}, {"type": "Feature", "properties": {"klasse": "Wasser"}, "geometry": {"type": "Polygon", "coordinates": [[[-0.13699454304967926, 44.3455023258837], [-0.13700050414667986, 44.34550322583705], [-0.1370093709147089, 44.345505232727405], [-0.13701833962419688, 44.34550699094658], [-0.1370240302424921, 44.34550855069663], [-0.13702983971227334, 44.3455098656029], [-0.13721763914869317, 44.345559765410044], [-0.1372439536727766, 44.34556775386649], [-0.13726914517637873, 44.345577428658444], [-0.13729300433715616, 44.34558870939599], [-0.13731533290316394, 44.34560150234502], [-0.1373359453401483, 44.34561570120602], [-0.13735467037319699, 44.34563118799739], [-0.1374619210626127, 44.34572852055816], [-0.13760053009831252, 44.34579269266752], [-0.13762608537692364, 44.34580587323535], [-0.13764967001316333, 44.34582082628452], [-0.13767104625399973, 44.34583740107676], [-0.13768999860818573, 44.34585543052524], [-0.13791290149174787, 44.34609123051733], [-0.13808030572019722, 44.346171049017066], [-0.13817618790295658, 44.34620122219534], [-0.13824085223483074, 44.346216635199895], [-0.13855789680546962, 44.3462132941759], [-0.13859001415506697, 44.346214138138045], [-0.13862184225421564, 44.346217337638386], [-0.1386530464999673, 44.346222859041276], [-0.1386832988475764, 44.3462306443013], [-0.13871228125908294, 44.34624061157351], [-0.13883038099521106, 44.3462867114125], [-0.13885449577499473, 44.346297158452835], [-0.13887720619917204, 44.34630911683084], [-0.13889832886075354, 44.34632248997246], [-0.1390699288621785, 44.34644138964707], [-0.1390895714318847, 44.346456300668265], [-0.1391072387176042, 44.346472434119256], [-0.13912278369936615, 44.346489655745565], [-0.1391360770175917, 44.34650782223743], [-0.1392862779242752, 44.34673802188986], [-0.13929714474778956, 44.346756854455826], [-0.13930559114613272, 44.346776315613766], [-0.13931154775550877, 44.34679624554979], [-0.13934914858993985, 44.34695734547044], [-0.1393529457696854, 44.34698168922661], [-0.1393530313939184, 44.347006184924396], [-0.13934940444250138, 44.347030542043086], [-0.1392926414824211, 44.34728145937328], [-0.1392828452583167, 44.34737897323741], [-0.1392820170739035, 44.34738385863692], [-0.13928156048770596, 44.34738876913474], [-0.13928016088742357, 44.34739480814571], [-0.13927913067323516, 44.34740088530414], [-0.1392776391587808, 44.347405688928696], [-0.13927651402538443, 44.347410543666875], [-0.13927429626941012, 44.34741645515723], [-0.13927244091052793, 44.347422430592104], [-0.13927030042945604, 44.34742710617998], [-0.1392685175838047, 44.34743185840475], [-0.13926550302942012, 44.34743758544361], [-0.13926284039325043, 44.34744340160781], [-0.13926007155895057, 44.34744790413038], [-0.13925764817020203, 44.34745250807503], [-0.1391965358399985, 44.34755333986115], [-0.13913794339498695, 44.34770346216677], [-0.13913521487854394, 44.34771006234321], [-0.13910366942393326, 44.3477822961412], [-0.13927206323930102, 44.34793888511255], [-0.1392893927013471, 44.34795671965829], [-0.13930424163593813, 44.34797567146395], [-0.13931647130523023, 44.347995563460564], [-0.13932596744313136, 44.34801620979476], [-0.13933264132297588, 44.34803741756499], [-0.13933643058662457, 44.348058988623976], [-0.13933729982719492, 44.34808072142996], [-0.13933524091998545, 44.348102412929684], [-0.13933027309851762, 44.348123860455665], [-0.13932244277494574, 44.34814486361963], [-0.13931182310653037, 44.348165226184925], [-0.13929851331223245, 44.34818475789988], [-0.13924717379079038, 44.34825169114223], [-0.13925143793363218, 44.34849547752402], [-0.1392504992190629, 44.34851592178533], [-0.1392469760529137, 44.348536220313306], [-0.13924089757007885, 44.34855620523361], [-0.13923231403876113, 44.348575711265376], [-0.1392212964448151, 44.3485945770881], [-0.13903899743193607, 44.34887077756383], [-0.13902711176626317, 44.34888703500459], [-0.1390134180043, 44.34890254276221], [-0.13879881846283662, 44.34912494325595], [-0.1387784193726, 44.349143851067986], [-0.13875533829062736, 44.34916109816837], [-0.1387298360586697, 44.34917648964427], [-0.13831263765756974, 44.34940223978683], [-0.13803352467046434, 44.34955630899884], [-0.1379601364414438, 44.349617504052205], [-0.13799187517985376, 44.34962915569896], [-0.13802127102314185, 44.349641434634385], [-0.13804863974060302, 44.34965592667322], [-0.13807365909352431, 44.349672461187524], [-0.13813087199724633, 44.34971461113302], [-0.13720496135890617, 44.34971461113302], [-0.13719832799293075, 44.349702540478994], [-0.13719017003349387, 44.34968234131467], [-0.13718467681339136, 44.34966168372725], [-0.1371818963499522, 44.34964074829953], [-0.1371818529462587, 44.3496197180429], [-0.13718454697879987, 44.34959877679753], [-0.13718995489428687, 44.34957810762528], [-0.13721145520806563, 44.34951290769066], [-0.13721963800037854, 44.34949246173985], [-0.13723047594456692, 44.34947266189729], [-0.13724387210287298, 44.349453685253856], [-0.13725970665707263, 44.349435701537544], [-0.13727783798019633, 44.34941887159543], [-0.13729810390329722, 44.349403345955054], [-0.1373203231659378, 44.34938926347816], [-0.13734429703739195, 44.3493767501187], [-0.13736981109410049, 44.34936591779635], [-0.13748910319442137, 44.34932059243111], [-0.13757929655082876, 44.34924538479672], [-0.13760140798147769, 44.349228748300746], [-0.13762577046681534, 44.349213818206664], [-0.1379315700356443, 44.34904501870442], [-0.13793396570573466, 44.34904370939736], [-0.13831209466772407, 44.34883910086625], [-0.13848338223677076, 44.348661588277444], [-0.13862365216975972, 44.34844906904745], [-0.13861926369872452, 44.348198021642055], [-0.13862052455852827, 44.348174850448366], [-0.1386251033068846, 44.34815189553997], [-0.13863295127578146, 44.34812940088794], [-0.13864398505129086, 44.348107605571315], [-0.13865079448221093, 44.34809753103539], [-0.13850753609651087, 44.34796431374726], [-0.13849030808540305, 44.347946594716376], [-0.13847552867831703, 44.34792777134529], [-0.13846333423296672, 44.347908017305286], [-0.1384538372569266, 44.34788751485413], [-0.1384471253696727, 44.34786645315449], [-0.13844326049427697, 44.34784502652865], [-0.13844227828619293, 44.347823432665656], [-0.13844418780440607, 44.347801870797234], [-0.13844897142795923, 44.34778053985974], [-0.1384565850186559, 44.347759636658736], [-0.13853555116627253, 44.34757882198647], [-0.1385986580299279, 44.34741713723976], [-0.1386130522993228, 44.34738809103648], [-0.13866140410527902, 44.34730831465601], [-0.13866835552347087, 44.3472391259545], [-0.13867003883686918, 44.3472291967935], [-0.13867159465771062, 44.34721925693382], [-0.13872231289058917, 44.34699507049677], [-0.1387003358225066, 44.346900905966834], [-0.13859285278884512, 44.34673617376509], [-0.13849346176085592, 44.34666730646917], [-0.1384849192985706, 44.34666397194111], [-0.13819700176769126, 44.34666700579465], [-0.13816200850591537, 44.34666597028374], [-0.1381273946644723, 44.34666213990838], [-0.1380935923761451, 44.34665556248859], [-0.13796479197113615, 44.34662486236712], [-0.13793771277098968, 44.34661739276506], [-0.13780361240628727, 44.346575192608405], [-0.13777925825706017, 44.3465666083544], [-0.13775602991875968, 44.346556544865805], [-0.1375146295262422, 44.34644144449076], [-0.1374901431073909, 44.346428497888716], [-0.13746752056813874, 44.34641390924068], [-0.13744697491121352, 44.34639781590725], [-0.13742869958382664, 44.346380369416316], [-0.1372070326321497, 44.34614587496123], [-0.13707836847542812, 44.34608630676703], [-0.1370505812504662, 44.34607183619653], [-0.1370251661985822, 44.34605527160573], [-0.13700242823986156, 44.346036811731736], [-0.13691748026032957, 44.34595971893493], [-0.13683233036567802, 44.34593709385135], [-0.13661193182179204, 44.34590212586886], [-0.13660366713394376, 44.34590050564335], [-0.13659531205067268, 44.34589914494336], [-0.13619301071304396, 44.34581854461281], [-0.1361651273972813, 44.34581193329787], [-0.13581642636870336, 44.345716032930135], [-0.13578489361105142, 44.345705897193774], [-0.13575510703329705, 44.345693332520305], [-0.13565409263944894, 44.34564515773577], [-0.13537758752900886, 44.34553731028914], [-0.13499484497639985, 44.345404096611965], [-0.13469248259384425, 44.34533193545629], [-0.13469040857929507, 44.34533143469649], [-0.1345221536080001, 44.34529034054282], [-0.13421862792213293, 44.34527091619379], [-0.13386686267352, 44.34527813767442], [-0.1338361828988968, 44.345277689112734], [-0.13380571127159407, 44.34527508991894], [-0.13377573984562363, 44.345270365005035], [-0.1336577394504721, 44.3452473649102], [-0.1336297491997733, 44.34524088305856], [-0.13360272880778828, 44.345232547074424], [-0.13357691618368592, 44.345222430354674], [-0.13355253860212296, 44.345210621975205], [-0.13352981070208858, 44.34519722590661], [-0.13318651058693937, 44.34497472527536], [-0.13316484248380864, 44.34495923902253], [-0.13263914287223805, 44.34454493797156], [-0.1326195743626847, 44.34452790725967], [-0.1326024262727887, 44.34450958213247], [-0.1325878637466279, 44.344490139072064], [-0.13257602702731966, 44.344469765326714], [-0.13256703010646811, 44.344448657107506], [-0.13256095962646028, 44.34442701769872], [-0.1325578740461691, 44.34440505550009], [-0.132557803078072, 44.344382982019745], [-0.1325607474022432, 44.3443610098373], [-0.13256667865993155, 44.344339350556524], [-0.13257553972679345, 44.34431821276762], [-0.1325872452631538, 44.34429780003832], [-0.13260168253597815, 44.34427830895343], [-0.1326187125046481, 44.344259927221714], [-0.1326381711600592, 44.34424283186817], [-0.1326598711041681, 44.34422718752918], [-0.13268360335475718, 44.34421314486708], [-0.1327091393580484, 44.34420083911922], [-0.13273623318976976, 44.34419038879558], [-0.13276462392348048, 44.344181894537584], [-0.13279403814336785, 44.344175438148724], [-0.13282419257729336, 44.344171081806984], [-0.13285479682474718, 44.34416886746594], [-0.13288555615343764, 44.34416881645075], [-0.13291617433760303, 44.34417092925278], [-0.13294635651069722, 44.34417518552494], [-0.13297581200497866, 44.34418154427751], [-0.1330042571506949, 44.344189944273005], [-0.1330314180078584, 44.34420030461575], [-0.13305703300436303, 44.344212525531034], [-0.1330808554549851, 44.34422648932593], [-0.13310265593705486, 44.34424206152264], [-0.13361804926646492, 44.34464823766446], [-0.13389437591334397, 44.34482733050622], [-0.1338952997969621, 44.34482751058497], [-0.13421913593251095, 44.34482086231048], [-0.1342559426258085, 44.34482165946541], [-0.13461534127505148, 44.344844659342726], [-0.13465237940332114, 44.34484864153101], [-0.13468849128874652, 44.34485576538395], [-0.13489135487003984, 44.34490531221212], [-0.13521211564084476, 44.34498186412819], [-0.13524998590046364, 44.344992918450494], [-0.13565768487627014, 44.34513481793782], [-0.1356705846432292, 44.345139575284556], [-0.135965683983316, 44.34525467488247], [-0.13598949202617883, 44.3452649673563], [-0.13607318379391162, 44.34530488070266], [-0.13637574621774176, 44.34538809177154], [-0.1367556343934507, 44.34546420152137], [-0.13698866678862717, 44.345501173905824], [-0.13699454304967926, 44.3455023258837]]]}}, {"type": "Feature", "properties": {"klasse": "Wasser"}, "geometry": {"type": "Polygon", "coordinates": [[[-0.0997250237847673, 44.297643725550444], [-0.09975200124336107, 44.2976321733776], [-0.09978045413700076, 44.29762261992793], [-0.09981009629791955, 44.29761516128606], [-0.09984062959756705, 44.29760987246795], [-0.10003912886803494, 44.297582972548874], [-0.10007022488250013, 44.2975799080151], [-0.1001015918327675, 44.297579094253884], [-0.10013291467261298, 44.297580539438634], [-0.10027241415435129, 44.2975920393814], [-0.1002993091067939, 44.29759511245597], [-0.10032573066229476, 44.29759985192851], [-0.10035147904307203, 44.29760622196317], [-0.10037635956114332, 44.29761417439515], [-0.10044336148516952, 44.29763814829512], [-0.10047509348696469, 44.29763227927815], [-0.10050613211502844, 44.297627726733644], [-0.10053765232104672, 44.29762544942894], [-0.10056933160454375, 44.297625470664464], [-0.10059582525464168, 44.29762742069106], [-0.1006108715161698, 44.29761909564937], [-0.1006378246343034, 44.297607090655454], [-0.1006663301132372, 44.29759710498887], [-0.10069609562761672, 44.297589241053], [-0.10072681593075931, 44.29758357949292], [-0.10075817598489316, 44.29758017836815], [-0.10078985419177998, 44.29757907255743], [-0.1008215256905967, 44.297580273400946], [-0.10085286568927944, 44.29758376858415], [-0.10088318451914362, 44.29758945321405], [-0.10089218576775008, 44.2975853522304], [-0.10091978788698033, 44.29757536741139], [-0.1009486258720989, 44.29756738504919], [-0.10097841889957289, 44.29756148287584], [-0.1010088768459896, 44.29755771836652], [-0.10103970311317576, 44.29755612817995], [-0.10107059751636907, 44.297556727801386], [-0.10110125920729462, 44.29755951139183], [-0.10113138960371695, 44.297564451844885], [-0.10116069529692859, 44.297571501050726], [-0.1011888909088583, 44.29758059036453], [-0.10121570187100075, 44.29759163127495], [-0.10124086709809653, 44.297604516265984], [-0.10126732907498377, 44.29761953292955], [-0.10129847899825258, 44.29761761386626], [-0.10132981572977731, 44.297617941085115], [-0.1013609500302132, 44.29762051595759], [-0.10174714863214995, 44.29766661574753], [-0.10178425139755104, 44.29767272883526], [-0.10195384131045142, 44.297708587070545], [-0.10209997768315057, 44.297692856580525], [-0.10213074809309511, 44.29769065300097], [-0.10216167109127719, 44.297690639480784], [-0.10219244521501429, 44.29769281615186], [-0.1022227704529034, 44.2976971617943], [-0.10225235116947747, 44.29770363404331], [-0.10228089898720934, 44.29771216980213], [-0.10230813559777505, 44.29772268585723], [-0.10233379547518262, 44.29773507968935], [-0.10235762846428122, 44.297749230473094], [-0.10239671278096309, 44.29777487194472], [-0.102462899618986, 44.297774871902725], [-0.10249326811164909, 44.29777593179964], [-0.10252335040079036, 44.29777910155764], [-0.10255286297586882, 44.297784351303406], [-0.10258152769542196, 44.297791631560806], [-0.10260907440831066, 44.2978008737171], [-0.10263524349971079, 44.29781199066958], [-0.10265978833779417, 44.29782487764645], [-0.10268247759807957, 44.29783941319418], [-0.10270187396689648, 44.297854508167674], [-0.10276484798066489, 44.29784926710331], [-0.10279475818361584, 44.2978478151263], [-0.10282472466033031, 44.29784842362729], [-0.10285447284899643, 44.29785108703114], [-0.10288373018772676, 44.297855780935], [-0.10291222861178595, 44.29786246233197], [-0.10293970700958716, 44.297871070005115], [-0.10296591361502228, 44.29788152508838], [-0.10299060831417063, 44.29789373178904], [-0.103013564845253, 44.29790757826548], [-0.10303457287170947, 44.29792293765179], [-0.10305343990935968, 44.29793966922019], [-0.10306165463198778, 44.297948577356905], [-0.10307374959170788, 44.297947822225325], [-0.10310514329830207, 44.297948128339655], [-0.10313633658297254, 44.29795069032636], [-0.10316701596493201, 44.29795548243852], [-0.1031968731277266, 44.29796245651728], [-0.1032256080175983, 44.297971542475864], [-0.10325293185883434, 44.29798264900377], [-0.10325842296486072, 44.29798543661824], [-0.1032795488326103, 44.297978670931], [-0.10330840660624595, 44.29797063181076], [-0.10333822836176722, 44.29796467774254], [-0.10336872281695768, 44.2979608668824], [-0.10339959211925281, 44.297959236452726], [-0.10343053475489672, 44.29795980237874], [-0.10346124849385152, 44.29796255913287], [-0.10349143334170871, 44.29796747978882], [-0.10352079446977161, 44.29797451628446], [-0.1036440941099714, 44.29800901615276], [-0.103671203621914, 44.298017685135704], [-0.10369704901208153, 44.298028157927455], [-0.1037213982420123, 44.298040340504265], [-0.10394672077097543, 44.29816486464869], [-0.10406690437958081, 44.29813161037851], [-0.10409724472522472, 44.29812446792366], [-0.10412843995684153, 44.29811958111647], [-0.1041601658599239, 44.29811700074601], [-0.1041920927048155, 44.298116753630374], [-0.10422388867350142, 44.298118842337914], [-0.10425522330809323, 44.29812324516068], [-0.10428577094519699, 44.29812991633985], [-0.10431521410044496, 44.29813878654145], [-0.10434324676804592, 44.29814976357681], [-0.10436957760105321, 44.29816273336068], [-0.10439393293932353, 44.2981775610969], [-0.10454234807830833, 44.29827768975226], [-0.10457363245183927, 44.298287520365044], [-0.10458936132556523, 44.298282222487586], [-0.10462483033276189, 44.29827380375717], [-0.10468027551862569, 44.29826323131614], [-0.10475443471694044, 44.29819173223957], [-0.10477313910621769, 44.29817536684547], [-0.10479390320220996, 44.29816033702255], [-0.10481654302448257, 44.29814677594165], [-0.10484085797325714, 44.29813480375989], [-0.10486663260682096, 44.298124526555945], [-0.1048936385503885, 44.29811603539025], [-0.10504680335160126, 44.298073928909034], [-0.10509714648221913, 44.29798663183097], [-0.10510987429748717, 44.297967232812745], [-0.10512511657698792, 44.29794879247327], [-0.10514273476975221, 44.29793147843089], [-0.10516256872873282, 44.29791544806612], [-0.10518443816654523, 44.29790084709094], [-0.10520814429426345, 44.29788780822455], [-0.10523347162835449, 44.29787644998683], [-0.10526018994935281, 44.2978668756212], [-0.10528805639446946, 44.29785917215607], [-0.10538116628986587, 44.29783703068046], [-0.10556109643157013, 44.29777439505569], [-0.1055897450501695, 44.297765656528725], [-0.1056194599174734, 44.297759003436305], [-0.10564994754583464, 44.29775450148966], [-0.10568090681544079, 44.29775219515367], [-0.10571203194831823, 44.297752107207586], [-0.10574301552832513, 44.29775423852012], [-0.1057735515373321, 44.29775856804087], [-0.10580333837759953, 44.29776505300816], [-0.10583208185049778, 44.29777362937145], [-0.10585949806215947, 44.29778421242383], [-0.10598630140822698, 44.29783916050898], [-0.10614314812544631, 44.2978588211049], [-0.10617705848898817, 44.2978644824284], [-0.10635868098541508, 44.2979025579094], [-0.10664265518730134, 44.297908828585705], [-0.10695057600132374, 44.29788040648486], [-0.10699050055195107, 44.297878571444805], [-0.10729089940365594, 44.297878571414216], [-0.10731979680734204, 44.29787953087689], [-0.10734844767661321, 44.29788240116121], [-0.10737660757462834, 44.29788715777923], [-0.10740403625314161, 44.29789376014961], [-0.10743049970214104, 44.29790215194382], [-0.10769305162934129, 44.29799604342507], [-0.10788832615791052, 44.29803469551142], [-0.10818155843910261, 44.29805299776539], [-0.108293901511775, 44.298034884664986], [-0.10849352710526704, 44.29794170450672], [-0.10851949925920014, 44.29793081795226], [-0.1085468054873847, 44.297921770542956], [-0.10857519403862184, 44.29791464569175], [-0.10860440318349285, 44.29790950908653], [-0.10863416362732714, 44.29790640808444], [-0.10866420099288245, 44.297905371275334], [-0.10910950489862686, 44.29790537139745], [-0.10923408788953559, 44.297852373366155], [-0.109262046457094, 44.297841809662174], [-0.10929134457872448, 44.297833322559335], [-0.10932168415039274, 44.297826998412596], [-0.10948698356077625, 44.29779894860518], [-0.1096449753290572, 44.29773930282364], [-0.10967280574826317, 44.29773001599562], [-0.10969438820310712, 44.2977245864456], [-0.10967342649691242, 44.29764542098101], [-0.1096692456832897, 44.29762413050211], [-0.109667914483352, 44.297602650599245], [-0.1096694450579959, 44.29758117754797], [-0.10971077681483592, 44.297282197219815], [-0.10966280965708716, 44.29718608314972], [-0.10961160549733653, 44.29716209719579], [-0.10958754332420759, 44.297149619767204], [-0.1095652337064867, 44.29713556254687], [-0.10954487698856086, 44.29712005177203], [-0.10952665597687034, 44.29710322673317], [-0.10951073429828893, 44.297085238522946], [-0.10949725493076332, 44.29706624867945], [-0.10948633891938876, 44.29704642773548], [-0.10947808428947794, 44.29702595368711], [-0.10947256516635448, 44.297005010395246], [-0.10946983110979472, 44.296983785934444], [-0.10946063881304897, 44.296836696691095], [-0.1094054104018485, 44.29669486931404], [-0.10931967415507231, 44.29664371512754], [-0.10929702557399025, 44.29662879383641], [-0.10927652244964038, 44.29661235001365], [-0.10925836223782318, 44.29659454202346], [-0.10924271983016459, 44.296575541367645], [-0.1092297458698662, 44.29655553103388], [-0.10921956530098331, 44.29653470373351], [-0.10921227616524747, 44.296513260045515], [-0.10920794865796046, 44.29649140648478], [-0.10920662445210624, 44.29646935351332], [-0.1092083162971295, 44.29644731351329], [-0.10921300789629819, 44.29642549874173], [-0.1092206540637602, 44.29640411928636], [-0.10923118115984358, 44.296383381042375], [-0.10924448780035198, 44.29636348372957], [-0.10926044583304949, 44.29634461896891], [-0.10927890157191104, 44.29632696843727], [-0.10929967727726227, 44.296310702117744], [-0.10932257286753418, 44.29629597666268], [-0.10934736784617799, 44.29628293388504], [-0.10937382342512823, 44.296271699392804], [-0.1094016848244384, 44.29626238137927], [-0.1094306837258742, 44.29625506958113], [-0.10946054085687676, 44.296249834414326], [-0.10949096868000761, 44.2962467262959], [-0.10952167416198126, 44.29624577515846], [-0.10955236159559602, 44.29624699016198], [-0.10958273544743291, 44.296250359605565], [-0.10961250320388323, 44.296255851040044], [-0.10964137818807673, 44.29626341158056], [-0.1096690823206365, 44.29627296841583], [-0.10969534879763881, 44.29628442950929], [-0.10971992465999358, 44.29629768448546], [-0.10988082454253714, 44.29639368420186], [-0.10990405330870096, 44.2964090281518], [-0.10992501398494381, 44.29642597322614], [-0.10994349371923855, 44.29644434735234], [-0.10995930485230901, 44.296463963946024], [-0.10997228682332577, 44.29648462380571], [-0.10998230780045729, 44.29650611713556], [-0.11007350893182917, 44.29674031692608], [-0.1100811430940824, 44.296765334510866], [-0.11008476790718547, 44.29679081320959], [-0.11008836363286365, 44.29684833998531], [-0.11009319315436251, 44.296850602298996], [-0.11011673319441816, 44.29686278150701], [-0.11013860300835421, 44.29687647292812], [-0.11015861492104381, 44.29689155907062], [-0.11017659720037629, 44.29690791047408], [-0.11019239553099136, 44.29692538682022], [-0.11020587433854613, 44.296943838136976], [-0.11021691795319803, 44.296963106085464], [-0.11032421892060586, 44.297178105835656], [-0.11033241490465097, 44.297197144345006], [-0.11033823247594951, 44.297216629127576], [-0.11034162596902095, 44.29723640724411], [-0.11034256874528141, 44.29725632345266], [-0.11034105340222283, 44.29727622142731], [-0.11029722403860755, 44.29759329335785], [-0.11032024882444307, 44.29768024692506], [-0.11045534528250144, 44.29791196962439], [-0.11051410693117503, 44.29792365300553], [-0.11071416657302192, 44.297883120247945], [-0.11074174710409694, 44.29787848809075], [-0.11076979755491821, 44.29787566446762], [-0.1107980884949779, 44.297874672473604], [-0.11082638852680939, 44.29787552022252], [-0.1108544661785692, 44.29787820078052], [-0.11088209179722515, 44.29788269222281], [-0.11109669108183129, 44.29792499204882], [-0.11112519912728268, 44.297931680670395], [-0.11115268567455276, 44.29794029695859], [-0.11117889867910127, 44.29795076190449], [-0.11120359777405173, 44.29796297954742], [-0.11127285612152153, 44.29800087418966], [-0.11133103538314372, 44.29799233637028], [-0.1115448846838258, 44.297948579343725], [-0.11157256803647607, 44.297943879565025], [-0.11160073095442508, 44.297941003127654], [-0.11162914110517523, 44.29793997376115], [-0.11165756411671132, 44.2979407999574], [-0.11168576551090773, 44.29794347490071], [-0.11191064274530761, 44.29797231986912], [-0.11200003556519252, 44.297923908118314], [-0.11202603360950983, 44.297911245544334], [-0.11205366705478449, 44.297900517043125], [-0.11208265791085811, 44.29789183054231], [-0.1121127145325792, 44.29788527342717], [-0.11214353455363625, 44.2978809116616], [-0.11217480792824616, 44.2978787891245], [-0.11220622005006946, 44.29787892716849], [-0.11230427705414901, 44.29788289542538], [-0.112381011376984, 44.29785259644848], [-0.11240519068354776, 44.29784400146009], [-0.11243031023330032, 44.297836932862715], [-0.11245618362712391, 44.29783144310876], [-0.1125957166339787, 44.297806475455594], [-0.11299929176892047, 44.297547865673096], [-0.11302252024458474, 44.297534353828595], [-0.11304743650720056, 44.29752249394941], [-0.11307381358387666, 44.29751239407185], [-0.1131014111949752, 44.2975041461997], [-0.1131299779428696, 44.29749782546607], [-0.11331777728007243, 44.297463225575754], [-0.11334708949181023, 44.29745888538891], [-0.11337684469890816, 44.29745657446661], [-0.11340677117876714, 44.29745631391212], [-0.11370717003571396, 44.29746401385251], [-0.11373312884462404, 44.297465456967], [-0.11375883105037242, 44.29746844365408], [-0.1137840990206563, 44.297472953272354], [-0.11388632844056114, 44.297494475280274], [-0.1139119840917717, 44.29749003994643], [-0.11429315446613705, 44.29732086077211], [-0.11432522194773405, 44.29730841840312], [-0.11435908503204352, 44.297298736017844], [-0.1146969839113544, 44.29721813627861], [-0.11472677886517069, 44.29721218468813], [-0.11475724584823342, 44.297208372564405], [-0.11478808778638583, 44.29720673707835], [-0.11481900394950223, 44.29720729417718], [-0.11503360314055038, 44.297218794112126], [-0.11507527813605754, 44.29722306495746], [-0.1152772504945776, 44.29725382951257], [-0.1154115489338001, 44.29724265251251], [-0.11565074971948183, 44.297168839349375], [-0.11595149454441168, 44.297017134702706], [-0.11597974598924622, 44.29700443985729], [-0.11600971567787803, 44.29699397285527], [-0.11646561430828686, 44.29685577330251], [-0.11646902196700377, 44.29685475725], [-0.11658702160641736, 44.2968201573621], [-0.11661663758974586, 44.29681269338545], [-0.11664714505197372, 44.2968073958573], [-0.11667823759368587, 44.29680431798303], [-0.11670960293944611, 44.296803490675124], [-0.11674092607399622, 44.29680492224268], [-0.11677189240598111, 44.296808598307926], [-0.116802190927422, 44.29681448195072], [-0.11698504390264053, 44.2968571575505], [-0.11733529207712355, 44.29682968856167], [-0.11778518735729723, 44.29674544628232], [-0.11778676618647749, 44.296745153795364], [-0.11822656463292554, 44.29666455405077], [-0.11825776935290029, 44.2966600343818], [-0.11828945169208381, 44.29665781306929], [-0.11832128433356709, 44.29665791306222], [-0.11856893673398912, 44.29666774395161], [-0.11867137909663611, 44.29665190021934], [-0.11939051531454949, 44.29632309913129], [-0.12018399613029393, 44.29592283503558], [-0.12020805946162944, 44.29591183631351], [-0.12023341626891842, 44.29590245559204], [-0.12025985622531643, 44.295894770681244], [-0.12028716001988488, 44.295888845324924], [-0.12031510117665242, 44.295884728672014], [-0.1203434479331023, 44.29588245486879], [-0.12050434731909766, 44.295874854881326], [-0.1205387986254015, 44.295874591608225], [-0.1205730817268425, 44.295877047849544], [-0.12060678171813548, 44.29588219387913], [-0.120639490750705, 44.29588996741821], [-0.12118201694858143, 44.29604315891847], [-0.12144267375454769, 44.29605952447319], [-0.12147115794494165, 44.29606226345461], [-0.12164815730988879, 44.29608526335183], [-0.12167563401068875, 44.296089759132705], [-0.12170243678989255, 44.29609601062564], [-0.12172834863270221, 44.29610396721409], [-0.12175315973772913, 44.296113564475874], [-0.12199455926412277, 44.29621726412526], [-0.12202221140025103, 44.29623062692938], [-0.12219044733114187, 44.296321627177385], [-0.12225819083033532, 44.296333401228786], [-0.12243283875101006, 44.29630788184244], [-0.12255530546052362, 44.29627778228442], [-0.12255862798212461, 44.29627637725466], [-0.12275677968254936, 44.29595173566213], [-0.12286324859767973, 44.29575572494155], [-0.1229191152853246, 44.295628463954856], [-0.1229222214193799, 44.295621757615535], [-0.123002722125509, 44.295456657841484], [-0.12300407209277316, 44.29545394499028], [-0.12304697244771115, 44.29536944510963], [-0.1230602327069818, 44.295347142707335], [-0.12307675890967068, 44.295325995234535], [-0.12314115909004307, 44.29525309538766], [-0.12315858691253015, 44.29523532736669], [-0.12317832101242858, 44.29521885035854], [-0.1232001771374676, 44.2952038182034], [-0.12322395122323498, 44.295190371251266], [-0.12324942129845218, 44.29517863505154], [-0.12327634955743758, 44.29516871918093], [-0.12333670628809074, 44.29514907771949], [-0.1234890120879115, 44.294866259067604], [-0.12350109885030057, 44.294846648924754], [-0.12351573093001987, 44.294827954653606], [-0.12353277531366656, 44.294810346192136], [-0.12355207705950036, 44.29479398360773], [-0.12357346070596213, 44.29477901564224], [-0.12359673186671731, 44.2947655783598], [-0.12362167899769452, 44.29475379390999], [-0.12364807532009028, 44.29474376941759], [-0.12389556959149127, 44.294660366817475], [-0.1239461510954271, 44.29463430287254], [-0.12408339547088133, 44.294447101577106], [-0.12408356985180805, 44.29444686406466], [-0.12413717008582001, 44.29437396420015], [-0.12415413965422116, 44.29435357122586], [-0.12416225188266841, 44.294345816633715], [-0.12503955651178603, 44.294345816633715], [-0.12500722994548338, 44.29437653322216], [-0.12499179604584881, 44.29439006986654], [-0.12497494390620413, 44.29440270394737], [-0.12466765460701495, 44.29461582891691], [-0.12463751844992468, 44.29465681656843], [-0.12446590629519991, 44.29489089820866], [-0.12445119992717865, 44.29490888240755], [-0.1244342374658478, 44.294925810939915], [-0.12441516475134234, 44.29494153825555], [-0.1243941457679871, 44.294955929132115], [-0.12437136123439534, 44.29496885983778], [-0.12423726101025995, 44.29503796004508], [-0.1242131611490648, 44.29504921231276], [-0.12418772634333812, 44.29505883014871], [-0.12402786673142342, 44.295112701106326], [-0.12387469025381, 44.29539714074972], [-0.12386237042709598, 44.29541708436353], [-0.12384741819813627, 44.29543607686548], [-0.12382997425239178, 44.29545393955215], [-0.12381020272071985, 44.29547050435057], [-0.12378828963509206, 44.29548561539973], [-0.1237644411782086, 44.29549913051707], [-0.12373888174349593, 44.29551092253636], [-0.12371185182373476, 44.295520880504284], [-0.12362192930155337, 44.29555014348591], [-0.12359321577854547, 44.29560670094563], [-0.12351500575875424, 44.29576710598534], [-0.1234574860359061, 44.295898135449974], [-0.12345056445065232, 44.295912247741704], [-0.12333796529244159, 44.296119548050164], [-0.12333303169386259, 44.29612810622565], [-0.12309163318880828, 44.29652360686837], [-0.1230769911689722, 44.29654455405429], [-0.12305939354512738, 44.29656429318915], [-0.12303903139945972, 44.296582609934276], [-0.12301612583351403, 44.2965993053959], [-0.12299092556739669, 44.29661419828496], [-0.1229637042390388, 44.29662712688573], [-0.12284570396822986, 44.296677027041866], [-0.12281762248641628, 44.29668756633915], [-0.12278820199932144, 44.29669601390313], [-0.12261650143541275, 44.296738214039834], [-0.12257753863039322, 44.296745814671134], [-0.12231473767200086, 44.296784214788666], [-0.12228081466017586, 44.29678779591424], [-0.12224654987121097, 44.296788692235694], [-0.12221235400432257, 44.29678689300978], [-0.12217863693256954, 44.29678241980222], [-0.12198013625147794, 44.296747919656795], [-0.1219495190353283, 44.29674139499664], [-0.12191998621217598, 44.29673266482871], [-0.12189184488597225, 44.296721819935954], [-0.12186538769037111, 44.296708973091725], [-0.12165871783248587, 44.29659718329536], [-0.12148055487250352, 44.296520648439746], [-0.12137379621316403, 44.29650677581257], [-0.1210823248462093, 44.29648847540397], [-0.12105260808719615, 44.29648557434642], [-0.1210234139363946, 44.29648064516744], [-0.1209950100997154, 44.29647373306695], [-0.12047552639359817, 44.296327048057485], [-0.120472159411729, 44.29632720709446], [-0.11974470358426383, 44.296694165921224], [-0.11973288853887168, 44.296699842704875], [-0.11896038694031741, 44.29705304379415], [-0.11893632284017505, 44.297062997954605], [-0.11891112558953802, 44.29707138202175], [-0.11888499329883251, 44.297078130076784], [-0.11885813143036267, 44.29708318906387], [-0.11865963071121097, 44.29711388915878], [-0.1186321239921415, 44.29711723049931], [-0.11860431239275905, 44.29711880059797], [-0.11857641658830154, 44.297118586996646], [-0.1183347864254204, 44.2971089952151], [-0.11794242429829947, 44.2971809013915], [-0.11747111152742976, 44.297269153951994], [-0.11742609848704562, 44.29727510036313], [-0.1169861968219229, 44.29730960044918], [-0.11695314746766795, 44.29731092856614], [-0.11692008753023933, 44.297309744084245], [-0.11688738631348936, 44.29730606023514], [-0.1168554091139308, 44.297299918170246], [-0.11671764011838325, 44.29726776468127], [-0.11670748684555139, 44.297270741821634], [-0.11628411903240564, 44.297399080227585], [-0.11598420599474187, 44.29755036553596], [-0.11595683417077887, 44.29756270900799], [-0.11592783680623442, 44.297572960755346], [-0.11561673588061801, 44.297668961065774], [-0.11558834175149821, 44.297676576505424], [-0.11555905559776146, 44.29768218506655], [-0.1155291517106029, 44.297685734219975], [-0.1152984508388667, 44.297704934269255], [-0.11526466953123704, 44.29770642350441], [-0.11523086172013111, 44.297705286037186], [-0.11519742222300494, 44.297701535151404], [-0.11496595870090133, 44.297666278504074], [-0.11483491733949851, 44.29765925626109], [-0.11459128288295248, 44.29771737086475], [-0.11419864567001338, 44.29789163959658], [-0.11416959758961302, 44.297903054447865], [-0.11413903380551736, 44.297912202934505], [-0.11410729595798433, 44.29791898279516], [-0.11395169540291986, 44.29794588287974], [-0.11391960452727809, 44.297950174094524], [-0.11388706604328357, 44.29795204313685], [-0.1138544334198711, 44.29795146970328], [-0.11382206114863157, 44.29794846002319], [-0.1137903008927864, 44.297943046791126], [-0.1136455846935462, 44.29791258022669], [-0.1134296207570307, 44.2979070445171], [-0.11335944347022471, 44.297919973884675], [-0.11295500906026903, 44.29817913480149], [-0.11293143026354721, 44.29819283082245], [-0.1129061176228046, 44.298204824882674], [-0.11287930846008044, 44.298215004529865], [-0.11285125412871332, 44.29822327432302], [-0.11282221765668672, 44.29822955672733], [-0.11264711745869757, 44.29826088875141], [-0.11252728922549202, 44.298308203567004], [-0.11250110383177243, 44.298317429890865], [-0.1124738368849561, 44.29832486673312], [-0.11244572487040282, 44.298330449594225], [-0.1124170116029509, 44.298334130054215], [-0.11238794611225027, 44.29833587619261], [-0.1123587804828617, 44.298335672865214], [-0.11228554637256283, 44.29833270921405], [-0.11217866527846504, 44.29839059191386], [-0.1121519938758441, 44.2984035472848], [-0.11212361128699523, 44.29841446748269], [-0.11209381750966094, 44.298423237083206], [-0.11206292745801706, 44.29842976339343], [-0.11203126763400875, 44.29843397743153], [-0.11199917267617673, 44.29843583465599], [-0.11196698182247777, 44.2984353154364], [-0.11193503532447205, 44.298432425260906], [-0.11164689636904472, 44.298395465930106], [-0.11149121513093493, 44.29842732074901], [-0.11146810051422465, 44.29843137537675], [-0.11125889975157582, 44.29846207547071], [-0.11122959304575747, 44.2984653467975], [-0.11119998687961571, 44.298466612528095], [-0.11117034675422925, 44.29846586131186], [-0.11114093847520415, 44.29846309988555], [-0.11111202576890815, 44.29845835301307], [-0.1110838679173625, 44.29845166326331], [-0.11105671743299446, 44.29844309062837], [-0.11103081779409874, 44.29843271198559], [-0.11100640126134449, 44.298420620408095], [-0.11087232468030084, 44.29834726044002], [-0.11080035370135947, 44.2983330741734], [-0.11073172877510587, 44.2983469777482], [-0.110412348573682, 44.29879691047383], [-0.11022655811680247, 44.29907812219954], [-0.11021245420085272, 44.29909707498789], [-0.11019589620332158, 44.29911497464846], [-0.1101770352624015, 44.29913165779432], [-0.11015604353782636, 44.299146972142786], [-0.11001124344988962, 44.299242972408415], [-0.10998260529390777, 44.2992598205221], [-0.10974650490778974, 44.29938272088983], [-0.10971619530725635, 44.29939666369696], [-0.10968385834244272, 44.29940801691442], [-0.10948005772811353, 44.29946941711316], [-0.10944973014929961, 44.29947726212785], [-0.10941844040225451, 44.29948282687561], [-0.10938651994089559, 44.29948605240887], [-0.10935430690052977, 44.299486904559444], [-0.10899170665045198, 44.29948308459693], [-0.10877061604988617, 44.299488463475726], [-0.108750720170759, 44.29951694309519], [-0.10865146246068969, 44.29976550669321], [-0.10864091426957859, 44.29978754309795], [-0.10862724811575679, 44.2998086775111], [-0.10861061066897833, 44.299828683106064], [-0.10859118048914368, 44.29984734517123], [-0.10856916610997372, 44.29986446341428], [-0.10835874177525569, 44.300011965224485], [-0.10817415477312532, 44.300340553818884], [-0.1081611588736776, 44.300360747597466], [-0.10814544887651863, 44.30037992065635], [-0.10812717845416052, 44.300397885444866], [-0.10810652632563958, 44.30041446623158], [-0.10808369450835154, 44.30042950082315], [-0.10805890634193623, 44.30044284215108], [-0.10803240430356263, 44.30045435971025], [-0.10800444763600278, 44.30046394083572], [-0.10797530981166532, 44.30047149180468], [-0.10794527585741474, 44.30047693875337], [-0.1079146395663615, 44.300480228399636], [-0.10788370062386757, 44.30048132856411], [-0.1076418979720401, 44.30048132864144], [-0.10748480177933183, 44.30055785150245], [-0.1072091493114743, 44.3007295993585], [-0.10718309135212671, 44.30074417876973], [-0.10715504017433838, 44.30075670616203], [-0.10712530780190319, 44.30076704218813], [-0.10709422495978116, 44.30077507187612], [-0.10686352417303732, 44.30082497203668], [-0.10682820093349918, 44.30083103310426], [-0.10679213817050401, 44.30083411687813], [-0.1066151374945231, 44.30084181688933], [-0.10658195048384227, 44.30084199551072], [-0.10654892347060607, 44.30083965122079], [-0.10651642728929603, 44.30083481034179], [-0.10648482681385762, 44.3008275272283], [-0.10645447686070104, 44.300817883656734], [-0.10642571820463306, 44.30080598790724], [-0.10631841802197105, 44.300755987743], [-0.1062906428766739, 44.30074142895021], [-0.1062652575021783, 44.30072477124023], [-0.1062425678886756, 44.300706215403295], [-0.10616199440678593, 44.30063252663104], [-0.1060684409185956, 44.30066376272354], [-0.1060531654963033, 44.300668512623204], [-0.10569376438917853, 44.30077221295925], [-0.10566320103853125, 44.300779741608025], [-0.1056317202600281, 44.300784968837384], [-0.10559965710014096, 44.30078783901459], [-0.10556735280375665, 44.300788321592734], [-0.1053956521497949, 44.30078452156089], [-0.10536600064416235, 44.300782850622305], [-0.10533670354129693, 44.300779167323434], [-0.10530802504275756, 44.300773504880425], [-0.10510738751715781, 44.30072642511517], [-0.10491955841474751, 44.30078262734369], [-0.10489353659852957, 44.30078946013002], [-0.10486677575655615, 44.30079461464236], [-0.10483948530926812, 44.300798050543435], [-0.1048118788217285, 44.30079974094517], [-0.1047841723322811, 44.300799672619206], [-0.10393348822497223, 44.300770518870515], [-0.10373597641900244, 44.300805046560725], [-0.10370580788348663, 44.3008092068768], [-0.1036752169441908, 44.300811224715325], [-0.1036444978933145, 44.30081108066432], [-0.10361394625553969, 44.300808776109676], [-0.10358385594491507, 44.3008043332218], [-0.10355451643723637, 44.30079779474247], [-0.10339351595174529, 44.3007555945789], [-0.10336547710370518, 44.30074711562272], [-0.10333871603294016, 44.300736723022766], [-0.10331348524146476, 44.30072451483798], [-0.10329002279198878, 44.30071060625809], [-0.10326855006165479, 44.300695128516715], [-0.10324926965326066, 44.300678227653066], [-0.10323236348362805, 44.300660063133996], [-0.10321799106717633, 44.300640806349314], [-0.10318380535538794, 44.300589120092546], [-0.10283380016590352, 44.30066389168298], [-0.10280427632268993, 44.30066909344173], [-0.1027741893449948, 44.30067221518633], [-0.1026615889173269, 44.30067991520403], [-0.10263254287758036, 44.30068092754825], [-0.10260349129626116, 44.30068000084215], [-0.10257468462247496, 44.300677143074786], [-0.10254637119393047, 44.30067237888261], [-0.10251879509597857, 44.30066574933701], [-0.10249219405734492, 44.30065731159027], [-0.10238028264843674, 44.30061725630889], [-0.10237818704043866, 44.30061672054841], [-0.10226965792906495, 44.30065827781277], [-0.10224086870109388, 44.30066798723125], [-0.10221085672608829, 44.30067554972068], [-0.10217993150424763, 44.30068088729244], [-0.10214841195397942, 44.30068394490253], [-0.10211662312292812, 44.30068469101925], [-0.10208489283577911, 44.3006831179483], [-0.1020570028547248, 44.30068070849647], [-0.1018448405544276, 44.30093891151866], [-0.10182873251249976, 44.30095656632988], [-0.1018103910016208, 44.3009730590628], [-0.10178997753412604, 44.30098824448358], [-0.10176767186826781, 44.3010019888704], [-0.10174367042529402, 44.30101417119101], [-0.10171818455977498, 44.301024684168546], [-0.1016914386983982, 44.30103343522631], [-0.10166366836364271, 44.301040347302894], [-0.10163511809972993, 44.30104535953092], [-0.10160603931911853, 44.301048427772926], [-0.10157668808849851, 44.30104952501019], [-0.10069698472429058, 44.30105272493254], [-0.10069693127635244, 44.3010527232415], [-0.10069687785390619, 44.30105272530778], [-0.10051977717664208, 44.301053325291996], [-0.10051207650180034, 44.30105307974693], [-0.10050436832198557, 44.30105310516413], [-0.10049673267412795, 44.30105259049095], [-0.1004890710160295, 44.30105234618997], [-0.10048144093670536, 44.30105155976672], [-0.10047376640477308, 44.301051042472594], [-0.10046623777077679, 44.301049992794404], [-0.1004586463503446, 44.301049210355686], [-0.10045116034844895, 44.301047890628006], [-0.10044359337589644, 44.30104683560447], [-0.10043624426206686, 44.30104526103048], [-0.1004287961889575, 44.30104394798937], [-0.10042152635961564, 44.30104210766711], [-0.10041413982120552, 44.30104052507477], [-0.10040704100381913, 44.301038440769105], [-0.10039980800817763, 44.30103660977112], [-0.10039282436470948, 44.30103426657785], [-0.10038568939728722, 44.301032171658065], [-0.10037890924209507, 44.30102959769381], [-0.10037196098258801, 44.301027266372785], [-0.10036533078155195, 44.301024442874926], [-0.10035851609960553, 44.30102185580321], [-0.1003521199042657, 44.30101881696953], [-0.10034552329633872, 44.30101600777743], [-0.10033931039030532, 44.3010127311669], [-0.10033288162367049, 44.30100967685859], [-0.10032693098714966, 44.301006202421334], [-0.10032074956031112, 44.301002942412545], [-0.10031501378350317, 44.300999244245304], [-0.10031501378345449, 44.300999244245276], [-0.10030903284470102, 44.300995752115256], [-0.10030358507483748, 44.30099187553531], [-0.10029787836001862, 44.30098819610592], [-0.10029267495111428, 44.300984111997586], [-0.100287199440047, 44.30098021567727], [-0.10028230700186722, 44.30097597428851], [-0.10027712995786274, 44.300971910873756], [-0.10027250902846105, 44.30096748015681], [-0.10026759167723319, 44.30096321717024], [-0.10026330168737883, 44.30095865181977], [-0.10025870417187013, 44.30095424355292], [-0.10025471022384197, 44.30094950889789], [-0.1002503983889819, 44.300944920300246], [-0.10024675216216192, 44.30094007495519], [-0.10024277845136152, 44.300935364290524], [-0.10023944994816505, 44.30093037129488], [-0.10023578515467765, 44.30092550127722], [-0.10023281780560084, 44.30092042260113], [-0.10022950616805758, 44.30091545490519], [-0.10022687516449472, 44.30091025165443], [-0.10022389270579761, 44.30090514711792], [-0.10002146450462618, 44.300504652893345], [-0.10001746588632163, 44.30050451623013], [-0.09994071698646702, 44.30050645795478], [-0.09975465711602739, 44.30056565176994], [-0.09972836641425681, 44.30057301733812], [-0.0997012592507976, 44.30057865350869], [-0.09967355569872564, 44.300582514523676], [-0.09964548067312837, 44.30058456903697], [-0.09961726210503198, 44.30058480036879], [-0.09958912909086005, 44.30058320664111], [-0.09946042861469159, 44.300571706585025], [-0.0994313942112079, 44.30056810927356], [-0.09940295897310754, 44.30056256853668], [-0.09937537453877274, 44.30055513340735], [-0.09934888501710792, 44.30054586968305], [-0.09932372482723668, 44.30053485934344], [-0.0992592273492283, 44.30050355530106], [-0.09912168363745057, 44.300525434685355], [-0.09890170569692863, 44.30065865197779], [-0.09887180211130496, 44.30067467384078], [-0.09883945783784621, 44.300688028396905], [-0.09867845740323367, 44.30074562858114], [-0.09865194929971485, 44.30075403659603], [-0.09862447256740155, 44.30076064914665], [-0.09859626242422756, 44.30076540962544], [-0.09842466179285556, 44.300788409694476], [-0.09839501278499489, 44.30079133897408], [-0.09836510981977141, 44.300792222574], [-0.09833522594055046, 44.30079105242617], [-0.09830563401639347, 44.30078783921525], [-0.09827660425041296, 44.300782612281104], [-0.09824840171247914, 44.300775419350806], [-0.09822128391879119, 44.30076632610287], [-0.0980423681905787, 44.30069867422768], [-0.09801362194235387, 44.30071166640049], [-0.09799084634992272, 44.300721027237486], [-0.09744374491934113, 44.30092452788577], [-0.09740954534314354, 44.300935440458495], [-0.09737377750047328, 44.30094334572915], [-0.09713237664067703, 44.300985545861934], [-0.0971037714402904, 44.300989544328694], [-0.09707477257287582, 44.30099161613935], [-0.09704563109522961, 44.30099174335735], [-0.09701659929882116, 44.30098992488137], [-0.09698792852550163, 44.30098617645491], [-0.09684842804238118, 44.300963076356496], [-0.09681873280603884, 44.300957038398856], [-0.09679000921320756, 44.30094893090316], [-0.09676253616665302, 44.300938832592514], [-0.09673658042607056, 44.30092684152051], [-0.09671239401781878, 44.3009130741192], [-0.09669021178775193, 44.300897664068536], [-0.0966702491208762, 44.300880760998226], [-0.09665269985001902, 44.3008625290349], [-0.0966377343737652, 44.300843145208404], [-0.09662549800198249, 44.300822797732785], [-0.09661610954495456, 44.3008016841788], [-0.09660966015986815, 44.300780009555474], [-0.09660912982449815, 44.30077662156389], [-0.09658276014995756, 44.300772498956384], [-0.09654899708503381, 44.30076423989831], [-0.09642819888083255, 44.30072905917693], [-0.09617209736070845, 44.300688014557224], [-0.09526182619808167, 44.30087569417256], [-0.09522258093358753, 44.30088186052098], [-0.0948007943808921, 44.30092801657485], [-0.09448974460048302, 44.30101499811413], [-0.09446236181095027, 44.30102162798438], [-0.09443424471025194, 44.301026417207495], [-0.09440563264773709, 44.30102932501481], [-0.09437676918628489, 44.30103032665344], [-0.09434790002888664, 44.30102941359688], [-0.0943192709270061, 44.30102659361773], [-0.09419785185601905, 44.301010504961454], [-0.0938764191520765, 44.301003513292095], [-0.09350052755193577, 44.30101034285856], [-0.09329843550372659, 44.301051203404064], [-0.09305893456993444, 44.30110831158859], [-0.09267286598081635, 44.30122406407525], [-0.09264374644320247, 44.301231604317294], [-0.0926137326906779, 44.30123704345979], [-0.09258311789412449, 44.30124032837387], [-0.09255220109553446, 44.301241426972915], [-0.09204943676960012, 44.301241427102234], [-0.09191174007499528, 44.301297045478], [-0.09190393846519952, 44.30130009294703], [-0.09171083796672508, 44.30137299317884], [-0.09168538301816154, 44.30138157866345], [-0.0916589583158966, 44.3013884897988], [-0.09163177690278952, 44.301393670865494], [-0.0916040579226952, 44.30139708009241], [-0.09157602485361283, 44.301398689993505], [-0.09142042425828768, 44.301402589992364], [-0.09138625100212074, 44.30140210631756], [-0.09135235462801408, 44.30139895131282], [-0.09131913882078836, 44.30139316255247], [-0.0910885380722933, 44.301343262350905], [-0.09107843408679747, 44.301340941166245], [-0.09057470301894663, 44.3012184267996], [-0.09049859893817791, 44.301218426791046], [-0.09021131540613782, 44.30128502467177], [-0.09002056795791072, 44.301383459019455], [-0.08999359288836516, 44.30139592657561], [-0.08996498351779546, 44.30140634722566], [-0.08993503996414963, 44.30141461165473], [-0.08990407634167012, 44.30142063316716], [-0.08987241746567662, 44.30142434859604], [-0.08984039544507676, 44.30142571896575], [-0.08980834619835155, 44.30142472990088], [-0.08977660592957198, 44.30142139177703], [-0.08964240545385925, 44.30140219169275], [-0.0896137331367609, 44.30139706901777], [-0.08958586057059797, 44.301390028838085], [-0.0895590358007135, 44.301381133806295], [-0.08953349754750901, 44.301370463081774], [-0.08931983010847791, 44.301271212913036], [-0.08930779035122063, 44.30127207289072], [-0.0892043691418632, 44.30129949949122], [-0.08893990408966938, 44.30137522998134], [-0.08890416316063418, 44.301383715521645], [-0.08886726280327485, 44.30138906044261], [-0.08856146165599188, 44.30141976052735], [-0.08853234607213983, 44.30142169376052], [-0.08850310632598617, 44.30142166867056], [-0.08847399725908392, 44.30141968547619], [-0.08844527257398138, 44.301415761462245], [-0.08841718262298125, 44.30140993082886], [-0.0883899722261071, 44.301402244393444], [-0.08836387853728846, 44.301392769147796], [-0.08833912897738373, 44.30138158767421], [-0.08831593925203644, 44.30136879742559], [-0.08824623920669827, 44.30132649730163], [-0.08822210810843913, 44.301310205904], [-0.08820050746327378, 44.30129217561221], [-0.0881816788123785, 44.301272608045416], [-0.08816583269918281, 44.301251722012736], [-0.08815314631510499, 44.301229751066415], [-0.08815297773302838, 44.30122934132015], [-0.08811628844111029, 44.30124010955668], [-0.08808616032867331, 44.301247689903875], [-0.0880551142351659, 44.30125302841114], [-0.08802347270053255, 44.30125606961637], [-0.08799156445098488, 44.30125678192443], [-0.08795972098371604, 44.30125515793515], [-0.08772394355189801, 44.30123441758914], [-0.08764608196723017, 44.301253022606524], [-0.0876135348653494, 44.30125942380029], [-0.08758021769976101, 44.30126327313506], [-0.08733517211610951, 44.3012819284517], [-0.08720278458399033, 44.301296448357306], [-0.08717569015867968, 44.30129855858737], [-0.08714844286147608, 44.30129896931318], [-0.08712124899881525, 44.3012976774249], [-0.0870943144725194, 44.301294692704325], [-0.08680264063643957, 44.30125296848416], [-0.08648402565995611, 44.301212521481624], [-0.08645853985794759, 44.30122165617018], [-0.08610803050695585, 44.30139979956663], [-0.08608051148211758, 44.3014122968228], [-0.08605133452670939, 44.30142267485865], [-0.08602081495798639, 44.30143082151791], [-0.08598928260337672, 44.30143664875901], [-0.08595707823591439, 44.30144009360644], [-0.08592454989135526, 44.30144111883153], [-0.08589204910680258, 44.301439713354654], [-0.08563296279825301, 44.30141875904816], [-0.08540856345749964, 44.30147790412758], [-0.0852107951657501, 44.301543557107856], [-0.08501238278494898, 44.30162276732527], [-0.08495806897654586, 44.30165357476008], [-0.08488726989945816, 44.301754776373876], [-0.08487064854837244, 44.301775668404844], [-0.08485101464371539, 44.30179516581167], [-0.08469551480776501, 44.30193336614608], [-0.08467832567384571, 44.30194740670643], [-0.08465957225115243, 44.30196037362789], [-0.08463938409907162, 44.30197217732691], [-0.08440328373937327, 44.30209887770288], [-0.08437888257178605, 44.30211073025593], [-0.08435303870508035, 44.30212088403748], [-0.08432598076480936, 44.3021292492228], [-0.0842979481170805, 44.30213575180982], [-0.08426918875094731, 44.30214033427386], [-0.08423995708454078, 44.302142956076416], [-0.08421051171428694, 44.30214359402398], [-0.08418111312718125, 44.30214224247301], [-0.08415202139631371, 44.30213891338005], [-0.08412349388007867, 44.30213363619582], [-0.08405876808211395, 44.30211930060856], [-0.08400951029823202, 44.30217598316748], [-0.08399184144023672, 44.3021942398009], [-0.08397174907624896, 44.30221115455478], [-0.08394942951829482, 44.3022265621623], [-0.0839251008398819, 44.30224031208223], [-0.08389900074530009, 44.302252269969756], [-0.08387138424710175, 44.30226231898931], [-0.08384252117442743, 44.30227036095597], [-0.08376202090731467, 44.30228956101802], [-0.08373173182855737, 44.30229559178968], [-0.0837007535720814, 44.302299412071534], [-0.08366939812050238, 44.30230098338956], [-0.08348795301612633, 44.30230352068729], [-0.08310572041237584, 44.3025006844356], [-0.08308005611257714, 44.30251260399194], [-0.08255435488237257, 44.30273140467817], [-0.08254403313748944, 44.302735516027155], [-0.08212421143363083, 44.30289538500999], [-0.08208962721559615, 44.30299454694826], [-0.08208136125973847, 44.303014340442836], [-0.08207060060995648, 44.303033505625166], [-0.08205743608955783, 44.30305188073082], [-0.08204197881211442, 44.30306931066396], [-0.08202435924365407, 44.30308564830632], [-0.08200472610150639, 44.30310075575911], [-0.08198324509907247, 44.30311450550694], [-0.08183834492648266, 44.303199005751544], [-0.08181227156615857, 44.303212671941516], [-0.08178437799805043, 44.303224338431214], [-0.0817549604904702, 44.30323388130604], [-0.08133115916797581, 44.3033528816916], [-0.08130098526177894, 44.30336010887458], [-0.08126994622631756, 44.30336510110077], [-0.08092664495392152, 44.30340730122463], [-0.08089769181299968, 44.303409870372555], [-0.08086853139913876, 44.30341049387678], [-0.0808394166936279, 44.30340916632819], [-0.0805711674229037, 44.30338789062035], [-0.08013855540506215, 44.303494374233864], [-0.08010732955584444, 44.303500782024464], [-0.08007534761053334, 44.3035048334575], [-0.07963269970434347, 44.303544045844845], [-0.07924078103323594, 44.303741981990726], [-0.0792145546339261, 44.3037538787689], [-0.07918681811851105, 44.30376385421685], [-0.0791578435495264, 44.303771810487014], [-0.07912791513373733, 44.30377766953768], [-0.07909732643434038, 44.30378137389833], [-0.0786233644433213, 44.30382155949625], [-0.0784598159200849, 44.303855018515215], [-0.07844952767341275, 44.30385698815722], [-0.07834004510381012, 44.30387652301091], [-0.07818914607120599, 44.303937115976595], [-0.07799640141245538, 44.30406494094187], [-0.07797152052310402, 44.30407980677231], [-0.07794463613723655, 44.30409274935413], [-0.07791603533748329, 44.30410363048062], [-0.07788602353564657, 44.304112333958116], [-0.07785492121131911, 44.30411876684694], [-0.0776940206341778, 44.304145666930964], [-0.07766883713708696, 44.30414910377317], [-0.07764334661744954, 44.30415105026805], [-0.07731611531831965, 44.30416634702264], [-0.07708259792496011, 44.30417733782823], [-0.07702671870384414, 44.30420768356727], [-0.0769175370687051, 44.304296237012345], [-0.07683032729370705, 44.304433514106634], [-0.07674042598263887, 44.304578931109894], [-0.0767602069056213, 44.304739818665595], [-0.07676135761628834, 44.30476411157572], [-0.07675885113187887, 44.304788351802536], [-0.07675271671979503, 44.30481225625759], [-0.07674302601626468, 44.304835545773344], [-0.07668932647121986, 44.30494304592352], [-0.07667801894197737, 44.304962703944454], [-0.07644202023661414, 44.30532360456222], [-0.0764244001203645, 44.305346879455165], [-0.07640309133531083, 44.30536850521698], [-0.07610799166585176, 44.30563340585468], [-0.07608763539209713, 44.305649945032386], [-0.07606511959168002, 44.305664971778185], [-0.07604066110444127, 44.30567834137512], [-0.07601449548000556, 44.30568992506551], [-0.07598687470927233, 44.305699611291026], [-0.07595806479753793, 44.305707306767175], [-0.07592834320264842, 44.30571293738157], [-0.07589799616280878, 44.30571644890781], [-0.07586731593985539, 44.305717807527685], [-0.07583659800447357, 44.305717000156896], [-0.07580613819053891, 44.30571403457103], [-0.07577622984593317, 44.305708939330714], [-0.07574716100733059, 44.305701763506505], [-0.07571921162612454, 44.30569257620634], [-0.0756926508722454, 44.30568146590991], [-0.07566773454183487, 44.30566853961654], [-0.07564470259371463, 44.30565392181466], [-0.07562377683842596, 44.305637753282895], [-0.07560515880205633, 44.30562018973426], [-0.07558902778545337, 44.30560140031644], [-0.07557553913749102, 44.305581565982855], [-0.07556482275904514, 44.30556087774984], [-0.07555698185205828, 44.30553953485715], [-0.07555209192574519, 44.305517742848984], [-0.07555020006952194, 44.3054957115946], [-0.07555132449962665, 44.305473653267086], [-0.07555545438381722, 44.30545178030001], [-0.07556254994583232, 44.3054303033416], [-0.07557254284856268, 44.30540942922608], [-0.07558533685230712, 44.30538935898178], [-0.07560080874170218, 44.30537028589513], [-0.07561880951243408, 44.305352393649315], [-0.0758907437807192, 44.30510828962062], [-0.07610468029977796, 44.30478113217943], [-0.07613014206558852, 44.30473016177166], [-0.07610929408784324, 44.30456058043342], [-0.07610810755905908, 44.30453784910533], [-0.0761101243065508, 44.304515147962746], [-0.07611532369972598, 44.30449270918872], [-0.07612365255664708, 44.30447076228259], [-0.07613502568810863, 44.30444953171271], [-0.07625842643565374, 44.3042499320406], [-0.07625973564196317, 44.30424784314892], [-0.07636703626186479, 44.30407894343197], [-0.07638126442691151, 44.30405919497373], [-0.07639813830545582, 44.30404055182057], [-0.0764174929983754, 44.304023196159164], [-0.07657839307625351, 44.30389269648997], [-0.07660013615970533, 44.303876733515075], [-0.07662397616928403, 44.30386239738833], [-0.07677957593924249, 44.303777897638206], [-0.07680466033776392, 44.303765601073216], [-0.07683128524793942, 44.303755106980276], [-0.07685920032701311, 44.30374651403067], [-0.07688814310171012, 44.30373990302009], [-0.07691784143609164, 44.30373533610893], [-0.07694801609024841, 44.303732856237865], [-0.07727521484114733, 44.30371745626266], [-0.07757700914265975, 44.30370334853523], [-0.07763223187100178, 44.30369411615699], [-0.07779139964406745, 44.3035885590939], [-0.0778199410584033, 44.30357175635349], [-0.07785103658076471, 44.3035574811456], [-0.07807093604563972, 44.303469181424056], [-0.07809577475838182, 44.30346022225636], [-0.07812162172191489, 44.30345287974527], [-0.07814827338073574, 44.30344721171608], [-0.07829330544715486, 44.303421333817475], [-0.07847588402400228, 44.303383981552926], [-0.07850023323300023, 44.303379748254514], [-0.07852497568560128, 44.303376925980785], [-0.07894521092126869, 44.30334129579998], [-0.07933641928275685, 44.3031437184442], [-0.07936236168469808, 44.30313193675795], [-0.07938978537629961, 44.303122035175356], [-0.07941842698266088, 44.303114108790254], [-0.07944801143250842, 44.30310823372686], [-0.0794782545998758, 44.30310446640873], [-0.07996629084460045, 44.3030612333969], [-0.08043434365543425, 44.30294602608589], [-0.08046749985435125, 44.302939303321374], [-0.08050148364765047, 44.30293523633202], [-0.0805358838553071, 44.302933874325674], [-0.08057028425911332, 44.3029352337818], [-0.08086438651535728, 44.302958560060475], [-0.08113278052012095, 44.30292556780622], [-0.08148136261943742, 44.302827688496706], [-0.08150733221323471, 44.30281254408506], [-0.08153017404393065, 44.30274705240244], [-0.08153865128685657, 44.302726828019274], [-0.08154973272732251, 44.30270726381451], [-0.08156332065377665, 44.302688532292855], [-0.08162242086088776, 44.3026156324378], [-0.08163816475662714, 44.302598130526206], [-0.08165609633792474, 44.302581749940664], [-0.08167606172621664, 44.30256663124842], [-0.08169788959055312, 44.302552904187976], [-0.08172139261786658, 44.30254068655566], [-0.081746369120361, 44.302530083194895], [-0.08224535303615356, 44.302340069621195], [-0.08275270741018889, 44.30212890539735], [-0.08320167993756519, 44.301897316010844], [-0.0832281437429561, 44.301885064656034], [-0.08325618664430028, 44.301874783293904], [-0.08328552524487444, 44.301866575825954], [-0.08331586305426772, 44.3018605251953], [-0.08334689348456865, 44.301856692548455], [-0.08337830294859642, 44.301855116617475], [-0.0835520699322225, 44.30185268680797], [-0.08360149115870483, 44.30179581653569], [-0.08362063685004631, 44.301776195286], [-0.0836425801409439, 44.301758147842854], [-0.08366707205225611, 44.30174187897933], [-0.08369383468793473, 44.30172757328794], [-0.08372256438814146, 44.30171539308624], [-0.0838458640670816, 44.30166929323296], [-0.08387356445181607, 44.30166013826567], [-0.0839023732092421, 44.30165296111044], [-0.08393201727566141, 44.30164782979595], [-0.08396221567014864, 44.301644792959316], [-0.08399268215774218, 44.30164387938529], [-0.08402312796243035, 44.3016450977332], [-0.08405326450421309, 44.301648436455075], [-0.0840828061343086, 44.30165386390498], [-0.08415590493037904, 44.30167005405125], [-0.08423296418151337, 44.30162870119389], [-0.08434263763476374, 44.3015312296847], [-0.0844295315803913, 44.30140702322565], [-0.08444651910741081, 44.30138572434009], [-0.08446663712637363, 44.30136588157171], [-0.08448964606100406, 44.301347731216126], [-0.08451527190961734, 44.301331489414764], [-0.08464397174157161, 44.3012584896279], [-0.08466438371627781, 44.301247841592385], [-0.08468592282767395, 44.30123840791921], [-0.08491662226298897, 44.301146308209894], [-0.08493738174584471, 44.30113873185721], [-0.08515728111944139, 44.301065732092134], [-0.08518078903868848, 44.30105874566824], [-0.08548658805892063, 44.30097814592942], [-0.08551429283897216, 44.30097187421536], [-0.08554268755918733, 44.3009674728054], [-0.08557152796895404, 44.300964979560426], [-0.08560056598396353, 44.300964415927325], [-0.0856295518201494, 44.30096578675454], [-0.085843573248499, 44.30098309645619], [-0.08611626996983468, 44.30084450073778], [-0.08613633282602998, 44.30083510945221], [-0.08615733620610597, 44.3008268465102], [-0.08629683582999638, 44.30077684667008], [-0.08632736260214817, 44.30076732446766], [-0.08635912400694129, 44.300760182348526], [-0.0863917613960635, 44.30075550096127], [-0.08642490622992594, 44.30075333316792], [-0.08645818423907152, 44.300753703447164], [-0.08649121965024827, 44.30075660761798], [-0.08691501812572439, 44.3008104073758], [-0.08692168607307585, 44.300811307428376], [-0.08716266533910383, 44.300845779748606], [-0.08724771520981295, 44.30083645166859], [-0.08726198346316842, 44.300835126807534], [-0.08748047831785673, 44.300818492792885], [-0.08759311823419466, 44.3007915774319], [-0.08761980765469167, 44.300786130160525], [-0.08764706364240074, 44.300782400596106], [-0.08767467229183971, 44.30078041800842], [-0.08770241692990598, 44.3007801979569], [-0.08773007981628045, 44.30078174216856], [-0.08795486525144494, 44.300801515700265], [-0.0880885117263426, 44.3007622905349], [-0.08809705516370052, 44.30075988730342], [-0.08818285489113259, 44.3007367873783], [-0.08821269503929587, 44.30072995455296], [-0.08824333623781816, 44.30072529619865], [-0.08827447207458441, 44.30072285889898], [-0.08830579119124077, 44.30072266702706], [-0.08833698039667016, 44.30072472250173], [-0.08836772779880098, 44.30072900476827], [-0.08839772592341211, 44.30073547100415], [-0.0884266747887926, 44.300744056547046], [-0.08852857452777198, 44.3007786564212], [-0.08855684024120813, 44.300789559472236], [-0.08858340441101253, 44.30080248206155], [-0.08860798826410263, 44.30081728857589], [-0.08863033380881459, 44.30083382363155], [-0.08865020654235437, 44.30085191370478], [-0.08866739791175435, 44.30087136895285], [-0.08868172750256167, 44.3008919852063], [-0.08869304493224432, 44.30091354611143], [-0.08870123142845945, 44.30093582540086], [-0.08870567960940777, 44.30095105479121], [-0.0887430534741512, 44.30094730270191], [-0.08897609587245797, 44.30088057016492], [-0.08898360439736254, 44.30087849990239], [-0.08912840393456714, 44.30084010002684], [-0.089153699734456, 44.30083425471155], [-0.08917959443559266, 44.30082997032617], [-0.08920590163998211, 44.30082727771107], [-0.08936690102901793, 44.300815777738165], [-0.08939697432617173, 44.30081467432556], [-0.08942705618051568, 44.30081565005465], [-0.08945686852701434, 44.300818695906244], [-0.08948613579174736, 44.300823783725775], [-0.08951458743914036, 44.30083086648343], [-0.08954196047259674, 44.30083987870898], [-0.08956800186548974, 44.300850737096866], [-0.08978452861175454, 44.30095131542926], [-0.0898856327780383, 44.300899141069884], [-0.08991292012191161, 44.30088654502975], [-0.0899418752245948, 44.30087604341102], [-0.08997218749791289, 44.30086774885961], [-0.09035308622316948, 44.30077944914469], [-0.09038457316596013, 44.30077342885047], [-0.09041676065276645, 44.30076979042048], [-0.09044930031599495, 44.300768573233825], [-0.09062629963932929, 44.300768573215706], [-0.09066032408864877, 44.30076990434923], [-0.09069394581854653, 44.30077388205397], [-0.09072676687106376, 44.30078045924854], [-0.0912743405618636, 44.30091363668481], [-0.0914503028021043, 44.30095171351948], [-0.0914826828121339, 44.300950901937725], [-0.09160853162641844, 44.30090339089129], [-0.09181386041924311, 44.300820454603134], [-0.09184258982772578, 44.30081020385905], [-0.09187262860711676, 44.300802117361656], [-0.09190366162341419, 44.30079627994557], [-0.0919353633125056, 44.300792752850604], [-0.09196740109551463, 44.3007915730792], [-0.09248944476852101, 44.30079157316935], [-0.09282843363945902, 44.30068993619838], [-0.09285040686690495, 44.30068403187776], [-0.0931079060125161, 44.30062263207628], [-0.09312172199797043, 44.30061958994646], [-0.0933685211427047, 44.300569690106045], [-0.09339382233554248, 44.30056537982769], [-0.0934195341967659, 44.30056259167094], [-0.09344547949488523, 44.300561344854536], [-0.09386927787322324, 44.30055364484038], [-0.09388668251578049, 44.300553675987594], [-0.09424068116737586, 44.30056137592228], [-0.09426445135542676, 44.30056254403305], [-0.09428802912274416, 44.30056500642065], [-0.094345398128157, 44.30057260812749], [-0.09460575510333084, 44.30049980209875], [-0.09463849863047377, 44.300492106046214], [-0.09467222108337427, 44.300487039319606], [-0.09510832098832132, 44.300439316981006], [-0.09607597099393902, 44.3002398064238], [-0.09610640417132457, 44.300234696676], [-0.09613739494038732, 44.30023179062233], [-0.09616863470356844, 44.300231117200546], [-0.09619981238396215, 44.3002326831165], [-0.0962306175228154, 44.30023647277733], [-0.0965900162709172, 44.30029407253029], [-0.09661507932982624, 44.3002988797896], [-0.09663950246242904, 44.300305160110916], [-0.09673430660873276, 44.30033277042988], [-0.09692699874155153, 44.30033878467114], [-0.09695817528257791, 44.300340882918206], [-0.09698890427243514, 44.3003452063537], [-0.0970188785589722, 44.3003517117627], [-0.09704779853340259, 44.30036033412043], [-0.09707537512498095, 44.300370987241955], [-0.09710133269033669, 44.30038356464385], [-0.09712541176862863, 44.30039794060835], [-0.09719521175178084, 44.30044404047899], [-0.09721645267689871, 44.300459493056515], [-0.09723551990620484, 44.300476344499415], [-0.09724859881834286, 44.300490501146676], [-0.0976910935984419, 44.300325910082506], [-0.09778197890310662, 44.300284833521324], [-0.09780949621488225, 44.300273745410394], [-0.09783842734499208, 44.30026470191099], [-0.09786847866603932, 44.30025779480716], [-0.09789934518196061, 44.300253094200315], [-0.09803344468266532, 44.300237694244736], [-0.09806203105161226, 44.30023537230057], [-0.09809079349360819, 44.300234943879936], [-0.09811948933831673, 44.30023641259754], [-0.09814787647724844, 44.300239766061765], [-0.09817571540637235, 44.30024497597931], [-0.0982027712467656, 44.30025199839389], [-0.098228815726243, 44.30026077405698], [-0.09841677179702951, 44.30033184436185], [-0.09843831635215054, 44.30032895667991], [-0.09852656992925705, 44.300297382741824], [-0.09877679518906869, 44.30014584817473], [-0.09880080870422979, 44.30013267509111], [-0.09882647810718474, 44.300121225240275], [-0.09885356445553405, 44.30011160520229], [-0.09888181561773972, 44.300103904524576], [-0.09891096862001886, 44.30009819488823], [-0.09915236774837523, 44.300059795007364], [-0.0991796478911368, 44.300056356293325], [-0.09920724438363544, 44.30005466186999], [-0.09933604389099249, 44.30005086187124], [-0.09936919270563278, 44.30005114491299], [-0.09940211417244414, 44.300053942648134], [-0.09943443945688699, 44.30005922373246], [-0.0994658064034701, 44.30006692899961], [-0.09949586359302834, 44.300076972123954], [-0.09952427427973495, 44.30008924058767], [-0.0995960668932159, 44.30012408532629], [-0.09974234303488522, 44.30007754835409], [-0.0997702122905185, 44.300069801716155], [-0.09979898272624903, 44.300063997860704], [-0.09982839241720902, 44.30006018962583], [-0.09985817361895252, 44.30005841168161], [-0.1000083730443233, 44.30005461168071], [-0.10003428844358866, 44.300054726511604], [-0.10025958758826495, 44.30006242645954], [-0.10029010122473504, 44.30006454798205], [-0.10032017988972332, 44.300068801708235], [-0.10034953541062257, 44.30007514688482], [-0.10037788654275037, 44.3000835227211], [-0.10040496166377504, 44.30009384897133], [-0.10043050137596078, 44.300106026703496], [-0.10045426099133387, 44.30011993924712], [-0.10047601287591004, 44.30013545331106], [-0.10049554863059096, 44.300152420260375], [-0.10051268108777406, 44.3001706775404], [-0.10052724610458309, 44.3001900502341], [-0.10053910413553711, 44.30021035273781], [-0.10073742630307839, 44.30060271644975], [-0.10139571915757353, 44.30060032228706], [-0.10157356142491412, 44.300383888523974], [-0.10159101465867462, 44.300364910420996], [-0.1016110473195787, 44.30034729511193], [-0.10163345458678205, 44.300331222699945], [-0.1016580073614709, 44.30031685751312], [-0.10175990719939136, 44.30026315767328], [-0.10178445233704443, 44.30025145690321], [-0.1018104197182487, 44.300241464127765], [-0.10183757959150641, 44.300233267759815], [-0.10186569165486213, 44.30022694031816], [-0.10189450718194414, 44.30022253778598], [-0.10192377122256555, 44.30022009911547], [-0.10195322485835226, 44.30021964588323], [-0.1019826074934929, 44.300221182099435], [-0.1020618844933791, 44.300228031014164], [-0.10220554245275458, 44.30017302229769], [-0.10223502385684467, 44.300163110185316], [-0.10226577859112092, 44.30015544917174], [-0.10229747443443629, 44.30015012201338], [-0.10232976899983644, 44.300147186255664], [-0.10236231343300561, 44.300146673611536], [-0.10239475618055134, 44.30014858961881], [-0.10242674678744873, 44.3001529135804], [-0.10245793968261495, 44.30015959878783], [-0.10260813922453756, 44.30019799863817], [-0.10264280527477301, 44.300208588372044], [-0.10268963923771043, 44.300225351154914], [-0.10299680210971505, 44.30015973189768], [-0.10310296394216809, 44.30012675542998], [-0.10313168468695498, 44.30011900973814], [-0.10316132284572577, 44.300113319182266], [-0.10319159404501718, 44.30010973836241], [-0.10322220783763168, 44.30010830163602], [-0.10325287048933204, 44.300109022788355], [-0.10328328779707681, 44.300111894900134], [-0.10331316791175785, 44.300116890414024], [-0.10334222413834077, 44.30012396139898], [-0.10337017768659627, 44.3001330400101], [-0.10354727726538823, 44.30019823977844], [-0.10357264263831173, 44.30020867925509], [-0.10359654210530288, 44.30022077178978], [-0.10361876742802527, 44.30023441201965], [-0.10363912495465923, 44.30024948109662], [-0.1036574373071881, 44.300265847722855], [-0.10367354492693626, 44.30028336929479], [-0.10368730746484413, 44.30030189314556], [-0.10371616181178277, 44.300345518283784], [-0.10382922323206932, 44.30032575353137], [-0.10385857534526424, 44.30032167695405], [-0.10388833495290924, 44.300319628748134], [-0.10391823091020985, 44.30031962757523], [-0.1047436659135994, 44.30034791626518], [-0.10497374151131961, 44.30027907283102], [-0.10500365950090257, 44.30027137510513], [-0.10503450967915572, 44.300265894340534], [-0.10506597441828622, 44.30026268696619], [-0.10509772976328659, 44.30026178600476], [-0.10512944876720556, 44.300263200732445], [-0.10516080485720698, 44.30026691658359], [-0.10519147519679105, 44.30027289530058], [-0.10545986138566758, 44.30033587246115], [-0.10552109327491939, 44.30033722762169], [-0.10581190972529324, 44.300253316398184], [-0.106045759283405, 44.30017523740105], [-0.10607329841198078, 44.30016716120998], [-0.10610178019486978, 44.30016099772318], [-0.10613094771273772, 44.300156802538304], [-0.1061605378607899, 44.30015461349799], [-0.10619028372201474, 44.300154450348465], [-0.10621991697482247, 44.30015631456151], [-0.10633791654055373, 44.30016781450665], [-0.10636755607178276, 44.300171754326726], [-0.10639653097220864, 44.300177722118335], [-0.10642457286521281, 44.300185662605614], [-0.1064514220157374, 44.30019550224084], [-0.10647682973599797, 44.30020714988564], [-0.10650056068888217, 44.300220497655026], [-0.1065223950677055, 44.300235421916796], [-0.10654213063214081, 44.30025178443648], [-0.10669089815571271, 44.30038783965639], [-0.10671782718197632, 44.30038666815571], [-0.10684933176840568, 44.30035822396206], [-0.10708835160689723, 44.30020930081039], [-0.10711779071046443, 44.30019305099794], [-0.10736989023968105, 44.30007025137148], [-0.10739646184065824, 44.30005864784451], [-0.10742450475906092, 44.3000489939406], [-0.10745374252339943, 44.300041384836206], [-0.10748388688272476, 44.30003589554842], [-0.10751464064838415, 44.30003258019533], [-0.10754570062385979, 44.30003147146255], [-0.10767232848760273, 44.30003147156696], [-0.10780244757382851, 44.29979984603147], [-0.10781611022690045, 44.29977874295873], [-0.10783273600457682, 44.29975876670412], [-0.10785214691977665, 44.299740131119854], [-0.10787413517021521, 44.299723035705654], [-0.10807222474481687, 44.29958418116769], [-0.1081566394440349, 44.299372792842796], [-0.10816594327585399, 44.29935301012582], [-0.10817776141065089, 44.299333932263075], [-0.10825286177432725, 44.299226432455896], [-0.10826702908784408, 44.299208296642014], [-0.10828346799649324, 44.29919117797916], [-0.10830203799198465, 44.2991752227838], [-0.10832258035161811, 44.2991605674279], [-0.1083449194949354, 44.29914733717334], [-0.10836886448444237, 44.29913564510141], [-0.1085082641810468, 44.299074145292394], [-0.1085366849692229, 44.29906301666455], [-0.10856655338332748, 44.29905405426433], [-0.10859755035666724, 44.29904735383173], [-0.10862934476719585, 44.2990429869435], [-0.10866159697459095, 44.29904100024851], [-0.1089780957637493, 44.29903330024549], [-0.10899329443317077, 44.29903319548411], [-0.10929807478481084, 44.29903640635465], [-0.10940818529160411, 44.299003232717475], [-0.10959998233763267, 44.298903394382386], [-0.10968662438756875, 44.29884595229594], [-0.10984834384919136, 44.298601177611395], [-0.10985227451813762, 44.298595440232646], [-0.11005895502391924, 44.29830427907853], [-0.11005462277095479, 44.29830350338969], [-0.11002644113133618, 44.29829634834945], [-0.10999933759920254, 44.29828729643128], [-0.10979543712563453, 44.29821049616033], [-0.10977092745143929, 44.298199976713654], [-0.10974332513363706, 44.2982103972422], [-0.10971955755858716, 44.298218474487136], [-0.10969493034262438, 44.29822509143343], [-0.10966961707522263, 44.29823020144034], [-0.10951220950003639, 44.298256912117274], [-0.10935491268680539, 44.298323826696496], [-0.10932523582666637, 44.29833495754339], [-0.10929407409031494, 44.29834374962764], [-0.109261783586505, 44.29835010247541], [-0.10922873332368245, 44.298353943487896], [-0.10919530099290575, 44.29835522877096], [-0.10875703450227735, 44.298355228904676], [-0.10858807347575605, 44.29843409561536], [-0.10856409246508496, 44.29844423058123], [-0.10853895356885158, 44.29845279692044], [-0.1085128552152565, 44.29845972701638], [-0.10848600340599851, 44.2984649661679], [-0.10827140263260136, 44.29849956627554], [-0.10823977260228994, 44.29850345585495], [-0.10820775441066405, 44.298505000519654], [-0.1081756842051633, 44.2985041840529], [-0.10780558281545197, 44.29848108392847], [-0.10777730414506419, 44.298478382223664], [-0.10774948509435933, 44.29847384372557], [-0.10749738425488062, 44.29842394352046], [-0.1074686710518711, 44.298417173868735], [-0.10744100002462402, 44.29840844822483], [-0.10721723869296634, 44.29832842864372], [-0.10701054359502608, 44.29832842857409], [-0.10669782300621936, 44.29835729358389], [-0.1066730970035982, 44.29835886355962], [-0.10664827553860777, 44.29835902228045], [-0.10629957421059492, 44.2983513222158], [-0.10627321165088677, 44.298349938555546], [-0.10624710544413443, 44.29834696330819], [-0.10622144155018923, 44.29834241766708], [-0.10601827671934035, 44.29829982602425], [-0.10582085065417804, 44.29827507873008], [-0.10579257559889856, 44.29827055780035], [-0.10576500309350521, 44.29826418002098], [-0.10573836901207269, 44.29825599995198], [-0.10571290120047216, 44.298246087571364], [-0.10568139425338963, 44.29823243457552], [-0.10563580393373098, 44.298248305021104], [-0.10562187950229437, 44.29825236371555], [-0.10557395508883897, 44.29833546773186], [-0.1055603126011902, 44.298356095113505], [-0.10554382818530578, 44.29837562273436], [-0.10552467175297987, 44.29839384931191], [-0.10550304075858168, 44.29841058697409], [-0.10547915816382641, 44.29842566319579], [-0.10545327013959283, 44.29843892257734], [-0.10542564352849289, 44.29845022844616], [-0.10539656309433179, 44.298459464265726], [-0.10520246114954386, 44.298512825007556], [-0.10511736666652091, 44.29859486754619], [-0.10509830544335197, 44.29861151631716], [-0.1050771128348024, 44.29862677833945], [-0.1050539834476562, 44.29864051346439], [-0.10502912967426412, 44.29865259556454], [-0.105002779742183, 44.298662913691864], [-0.10497517561836205, 44.29867137309654], [-0.10494657078714996, 44.29867789609712], [-0.10482186937322546, 44.298701674580606], [-0.1047368603915675, 44.29873488571888], [-0.10470830468549945, 44.2987447321364], [-0.10467851013632444, 44.29875245663663], [-0.10464778152789325, 44.298757980201636], [-0.10461643319933103, 44.29876124632807], [-0.10458478582940121, 44.29876222160504], [-0.10455316315599543, 44.29876089605603], [-0.10452188866433497, 44.29875728324088], [-0.10449128227775614, 44.298751420117114], [-0.10446165708493993, 44.298743366661796], [-0.10424175648728175, 44.29867426640538], [-0.10420995858246813, 44.29866268343836], [-0.10418019982536826, 44.298648579981396], [-0.1041528658880291, 44.298632138815506], [-0.10410848168943507, 44.29860219483986], [-0.10405609564976559, 44.298616689736726], [-0.10402575622286664, 44.298623831942514], [-0.10399456194788634, 44.298628718658165], [-0.10396283701158604, 44.29863129909853], [-0.10393091111579383, 44.29863154644646], [-0.10389911605085655, 44.29862945813146], [-0.10386778224738026, 44.298625055856505], [-0.10376048188145032, 44.29860585577598], [-0.10372965981074127, 44.2985991138732], [-0.10369996532002232, 44.29859013340771], [-0.10367171268333535, 44.29857900942527], [-0.10364520091423401, 44.298565859657664], [-0.10340263770150694, 44.29843180726776], [-0.1033307514344012, 44.29845482915438], [-0.10330011035526063, 44.29846328921771], [-0.10326840456902679, 44.29846939939977], [-0.1032359824118498, 44.29847309257101], [-0.10320320009054157, 44.298474328156416], [-0.10314419986500693, 44.298474328150405], [-0.1031138786054085, 44.29847327153404], [-0.10308384221955547, 44.29847011163393], [-0.10305437290276231, 44.29846487813779], [-0.10302574752246073, 44.298457620215], [-0.10299823501692702, 44.298448406054625], [-0.10297209386850156, 44.29843732222475], [-0.1029569060361296, 44.29842936461424], [-0.10295608195998555, 44.298429301462455], [-0.10285418158917707, 44.298417801409414], [-0.10282428263836463, 44.29841334488841], [-0.10279513010230987, 44.29840681842217], [-0.10276700111507242, 44.29839828405364], [-0.10274016308015627, 44.29838782291365], [-0.10271487112843045, 44.29837553444945], [-0.10269136569271908, 44.29836153547943], [-0.10266987022214588, 44.29834595908252], [-0.1026505890579498, 44.29832895333309], [-0.10263573733039523, 44.29831287899651], [-0.1026062513780364, 44.29831533293413], [-0.10257534325985478, 44.29831679776522], [-0.10254438483168424, 44.298316062695], [-0.10251367892446407, 44.298313134913926], [-0.10248352589890526, 44.29830804306121], [-0.10245422070729453, 44.29830083694471], [-0.1024260500082477, 44.298291587053654], [-0.10239928936256738, 44.29828038386914], [-0.10237420053769783, 44.29826733697896], [-0.10235102894712551, 44.29825257400571], [-0.1023300012497589, 44.29823623935827], [-0.1023165902227354, 44.29822472810115], [-0.10227519961903334, 44.29822472807037], [-0.10224626251390126, 44.29822376589751], [-0.10221757297559457, 44.29822088766406], [-0.10218937644903474, 44.298216117993995], [-0.10216191416116281, 44.2982094976929], [-0.1021354210571355, 44.29820108339885], [-0.1021101237902639, 44.29819094709787], [-0.10208623878290445, 44.29817917550807], [-0.10206397037490501, 44.29816586933768], [-0.10204530335457976, 44.2981536227213], [-0.10197822182322314, 44.29816084346774], [-0.10194432391831233, 44.29816314812774], [-0.10191027798331508, 44.29816279631819], [-0.10187648643615999, 44.29815979219753], [-0.10184334868781243, 44.29815417127412], [-0.10162564030000618, 44.298108138849024], [-0.10133722815177394, 44.298073711656706], [-0.10130551692192416, 44.2980816616161], [-0.10127534273287658, 44.29808802517953], [-0.10124443206159572, 44.29809218337444], [-0.10121309657736009, 44.298094094274255], [-0.10118165223291072, 44.29809373861167], [-0.10115041607863104, 44.29809111997285], [-0.10111970306564222, 44.298086264761416], [-0.10108982287007967, 44.298079221932056], [-0.1010610767705585, 44.29807006249699], [-0.10104702542477058, 44.29806431090865], [-0.10101766139240645, 44.29807217588831], [-0.10098681316529676, 44.29807795417899], [-0.10095530682886879, 44.298081450259616], [-0.10092346884508295, 44.298082627904634], [-0.10089162911244963, 44.29808147491165], [-0.10086011754757103, 44.2980780032278], [-0.10082926066650244, 44.29807224882607], [-0.10082478177431173, 44.29807105313104], [-0.10080395829823421, 44.298078590420175], [-0.10077591629337432, 44.29808641880736], [-0.10074695776680213, 44.29809227863541], [-0.10071734995683562, 44.29809611582806], [-0.10068736609377166, 44.29809789497456], [-0.10065728287834115, 44.298097599656444], [-0.10062737792813627, 44.298095232599074], [-0.10059792721558385, 44.298090815646525], [-0.10055289800278643, 44.29808242285433], [-0.10048640654123976, 44.298094720761476], [-0.10045510663520008, 44.298099301710174], [-0.10042331980946664, 44.29810156907435], [-0.10039137673623608, 44.29810149926719], [-0.10035960971314498, 44.298099093015], [-0.10032834920632977, 44.29809437534962], [-0.10029792041252462, 44.29808739534811], [-0.10026863987600684, 44.298078225622106], [-0.10014630421753166, 44.29803445282908], [-0.10010863496207441, 44.29803134747307], [-0.1000695140870033, 44.29803664900086], [-0.09994873446140315, 44.29814348069662], [-0.09994203116598178, 44.29814884857426], [-0.0999355862772211, 44.29815437727833], [-0.09993177637832469, 44.29815706042259], [-0.09992821367865902, 44.29815991336799], [-0.09992081005608958, 44.29816478352111], [-0.0999136416473378, 44.29816983191617], [-0.09990948389997958, 44.29817223394338], [-0.09990554898725287, 44.29817482235565], [-0.0998975163387602, 44.29817914788144], [-0.0998896934456193, 44.29818366734849], [-0.09988522789093336, 44.29818576512581], [-0.09988095866097345, 44.29818806407668], [-0.09987237434622438, 44.29819180331735], [-0.09986397230718462, 44.29819575033136], [-0.09985924195131783, 44.29819752365572], [-0.09985467951917176, 44.29819951100501], [-0.09984562620976478, 44.298202627949536], [-0.09983672594212924, 44.29820596449796], [-0.09965702542951273, 44.29826546468952], [-0.09965576771597717, 44.29826582851122], [-0.09965456033089583, 44.298266271633295], [-0.09964151585539291, 44.29826995117985], [-0.09962851618514051, 44.29827371162449], [-0.09962721487356531, 44.29827398515794], [-0.09962595282512589, 44.29827434115278], [-0.099435552196531, 44.29832044130195], [-0.09940410990747374, 44.29832676414929], [-0.09937192188178207, 44.298330701606695], [-0.09933933797867792, 44.29833221087714], [-0.09930671236038824, 44.2983312755561], [-0.0992743996425364, 44.29832790580993], [-0.09911339907173806, 44.29830490570899], [-0.09908281037008174, 44.298299372651975], [-0.09905315180013904, 44.29829165784054], [-0.09902472422808034, 44.29828183953643], [-0.09899781603200047, 44.29827001733991], [-0.09897270017645701, 44.29825631117926], [-0.09894963144339625, 44.29824086009428], [-0.09879413150165824, 44.298125659791246], [-0.09879059754904983, 44.298122998505015], [-0.09875257229474795, 44.298093890324154], [-0.09872213144827219, 44.29809872604397], [-0.09869014690293476, 44.29810137561685], [-0.09865795260591761, 44.29810165283291], [-0.09852385209601058, 44.29809785280486], [-0.09849138105920333, 44.29809571260257], [-0.09845939585983372, 44.29809115930098], [-0.09842824321680185, 44.29808424225793], [-0.0983262429101473, 44.29805734215383], [-0.09831304844986591, 44.29805361691994], [-0.09801766226730972, 44.29796462415586], [-0.0976956583045865, 44.297886495029935], [-0.09768594607842669, 44.297884009844886], [-0.09719731511082327, 44.297752427632815], [-0.09714933036170288, 44.297752427660505], [-0.09713578339123387, 44.297769188864336], [-0.09711724545377483, 44.2977875693197], [-0.09709622279223133, 44.29780451451928], [-0.09707292944487211, 44.29781985193716], [-0.09704760256929978, 44.29783342541685], [-0.09702050002784453, 44.297845096761066], [-0.09699189776214974, 44.29785474713896], [-0.09696208698363432, 44.29786227829598], [-0.09693137120848005, 44.297867613554196], [-0.0968186707943428, 44.297882913600226], [-0.09678833492708366, 44.29788593740269], [-0.09675773287348581, 44.29788681873917], [-0.09672715728271317, 44.29788554918151], [-0.09669690055082912, 44.29788214087061], [-0.09666725202450602, 44.297876626400445], [-0.09663849523389458, 44.29786905850624], [-0.09661090518113695, 44.2978595095602], [-0.09658474571043328, 44.2978480708794], [-0.09656026698484085, 44.2978348518524], [-0.09653770309392967, 44.29781997889327], [-0.09651726981515497, 44.297803594232505], [-0.09649974200744413, 44.29778642225081], [-0.09649926485031428, 44.29778630519891], [-0.09646983398835622, 44.29777654211844], [-0.09644196607377042, 44.297764646327515], [-0.09641595970860126, 44.2977507452889], [-0.0963920935479255, 44.29773498795143], [-0.09637062331404864, 44.29771754315386], [-0.09635177905648562, 44.29769859781585], [-0.09633576268704369, 44.29767835493495], [-0.09631428669224006, 44.29764760809382], [-0.09631265053197219, 44.29764741235071], [-0.09628202954014116, 44.297641409774506], [-0.09625241179931089, 44.29763321203303], [-0.09622410153605403, 44.29762290333179], [-0.09619738954638275, 44.297610589559575], [-0.09617255020868473, 44.29759639720077], [-0.09614983866535133, 44.297580472035975], [-0.09612948820200376, 44.29756297764475], [-0.0961032439115383, 44.29753793953558], [-0.096078131713686, 44.29754194074604], [-0.09604717978878966, 44.297544592863936], [-0.09601601408617046, 44.29754502206952], [-0.09598494334626773, 44.297543224110996], [-0.09595427536872576, 44.29753921679979], [-0.09592431396309405, 44.29753303983405], [-0.09589535593907655, 44.29752475440544], [-0.09586768816612252, 44.29751444259285], [-0.09584158473151222, 44.29750220654931], [-0.09581730422509589, 44.29748816748998], [-0.09579508717756771, 44.29747246449128], [-0.09578052347705866, 44.29745988961321], [-0.09577976385360489, 44.297459702614], [-0.09574962412025838, 44.29744960550614], [-0.09572114517456488, 44.297437269926036], [-0.09558704496676562, 44.29737196971517], [-0.09556587962209498, 44.29736070161888], [-0.09554610787282738, 44.297348195761764], [-0.09552786964155496, 44.29733454064711], [-0.09533466982287853, 44.29717714025656], [-0.09533113934184953, 44.29717388354148], [-0.0952240358360399, 44.29721138242394], [-0.0951931085080403, 44.29722077245162], [-0.09516095918513343, 44.29722773051302], [-0.09512795741728047, 44.297232176626686], [-0.09509448255343385, 44.29723405968549], [-0.095060919380846, 44.297233358044146], [-0.09493602234273811, 44.297225919871615], [-0.09488236785751633, 44.297239879112695], [-0.09485308659725539, 44.29724635249429], [-0.09482306476180949, 44.29725074012538], [-0.09479258965466547, 44.29725300001719], [-0.09476195291715697, 44.297253110543096], [-0.09473144773742874, 44.29725107064541], [-0.09470136604456712, 44.29724689984574], [-0.0946719957148045, 44.297240638057914], [-0.09464361781651204, 44.297232345206204], [-0.09461650392034775, 44.297222100651716], [-0.09459091350031275, 44.29721000243291], [-0.09437255365631822, 44.297095395005684], [-0.09430113573671155, 44.29707065854499], [-0.09422103872189064, 44.297072477841404], [-0.09398366607586972, 44.29709413417155], [-0.09395068707683804, 44.29709587900109], [-0.09391763575412466, 44.29709511667366], [-0.09388488059692096, 44.29709185568857], [-0.0938527867923199, 44.29708613240264], [-0.09370448943100519, 44.29705362893294], [-0.0935824047527692, 44.297094270837285], [-0.09355554470891003, 44.297102148661686], [-0.09352778484812782, 44.2971082074749], [-0.09349936341601542, 44.29711239527793], [-0.0934705243361909, 44.29711467612952], [-0.09344151511679798, 44.29711503045458], [-0.09341258472620885, 44.29711345521223], [-0.0933839814562082, 44.2971099639219], [-0.09335595079100177, 44.29710458654725], [-0.09323795041457854, 44.297077686439756], [-0.09321005237535873, 44.2970702617494], [-0.0931832612105491, 44.2970609692784], [-0.09315781870513686, 44.297049892889746], [-0.09313395447231536, 44.29703713254595], [-0.09311188388123931, 44.29702280340679], [-0.09309180611334655, 44.29700703479002], [-0.09307390236478717, 44.29698996900436], [-0.09305833421120144, 44.296971760065006], [-0.09302809915854543, 44.29693230843921], [-0.09301296572583806, 44.296928943282246], [-0.09262558649455786, 44.296881530340656], [-0.09259402434280917, 44.29687645036478], [-0.0925633600650049, 44.29686905947014], [-0.09253392074610223, 44.29685943649298], [-0.09250602040440256, 44.296847684078315], [-0.09230805734292047, 44.296754106344984], [-0.09223593843617611, 44.29676269632783], [-0.09220867735376431, 44.29676506690685], [-0.0921812319299789, 44.296765713297724], [-0.09215381316980635, 44.29676463053095], [-0.0921266318732149, 44.296761826931096], [-0.0919299224377629, 44.29673516956041], [-0.09162614910993612, 44.29669662706428], [-0.09143237234623364, 44.29669662706559], [-0.09118689468363907, 44.296757289103404], [-0.09115904271751614, 44.29676315037469], [-0.09113055486002772, 44.29676713471088], [-0.09110167576986335, 44.296769207893846], [-0.09107265346578018, 44.29676935211883], [-0.09083061896573869, 44.2967624935754], [-0.09077433773482649, 44.296767671593216], [-0.09053568904078019, 44.29689956055037], [-0.0905269348753234, 44.2969042265667], [-0.09031773452318241, 44.29701172688936], [-0.09029466168535263, 44.29702251447479], [-0.09027035886112485, 44.29703180506317], [-0.09024501386003456, 44.29703952685778], [-0.09015921358701967, 44.2970625269323], [-0.09013016014944528, 44.29706917711408], [-0.09010034392799293, 44.29707376651608], [-0.09007004758861174, 44.29707625162954], [-0.09003955834903518, 44.29707660889502], [-0.09000916525577436, 44.2970748349256], [-0.08997915644380337, 44.29707094653911], [-0.08994981640484244, 44.29706498059862], [-0.08992142329023926, 44.297056993662935], [-0.08982260223494365, 44.29702512775936], [-0.08964725236950077, 44.29697734043542], [-0.0895194325033317, 44.296969732084186], [-0.08924587344461725, 44.29698039619666], [-0.08921394778589085, 44.296980470282506], [-0.08918217751099229, 44.296978209616725], [-0.08915089277595194, 44.296973637692226], [-0.0891204186908903, 44.29696680202042], [-0.08897561825677246, 44.29692840187194], [-0.08894895250964925, 44.296920305811916], [-0.08892344164284026, 44.296910475867634], [-0.08879335806890853, 44.29685464260407], [-0.0887012444554409, 44.296817807269264], [-0.08858607844561774, 44.29686774937904], [-0.08856117634535553, 44.29687747215012], [-0.08853515226946322, 44.29688553811772], [-0.08850821938135899, 44.296891881213384], [-0.08848059828879536, 44.296896449480705], [-0.08845251523679044, 44.296899205500985], [-0.08842420025439948, 44.29690012669962], [-0.08827939970090906, 44.296900126684776], [-0.08825070395583617, 44.29689918048567], [-0.08822224963906088, 44.296896349891334], [-0.08819427614450374, 44.29689165871641], [-0.08816701882064923, 44.29688514642911], [-0.08814070699042725, 44.296876867819094], [-0.08811556202180215, 44.29686689253662], [-0.08809179546531495, 44.29685530450638], [-0.08800599536435495, 44.29680920436345], [-0.08797720414532247, 44.296791696945384], [-0.08795155284191068, 44.29677183025343], [-0.08791570071014425, 44.296740468835594], [-0.08790013373187246, 44.29673713200832], [-0.08787221668790972, 44.29673010061455], [-0.08784534799501592, 44.296721208700305], [-0.087819767412627, 44.29671053561171], [-0.08779570320550031, 44.29669817658899], [-0.08777337010678149, 44.29668424191652], [-0.08775296740185598, 44.296668855938705], [-0.08775150300312012, 44.29666764159237], [-0.08770619003014832, 44.29666939928948], [-0.08767388818420843, 44.29666945411187], [-0.08764175029607468, 44.2966671189917], [-0.08761011826144807, 44.29666241877098], [-0.08757932859434024, 44.29665540345266], [-0.08754970884700379, 44.29664614766855], [-0.0872887937380415, 44.29655284141387], [-0.08699348286847294, 44.2964970213875], [-0.08689386939391461, 44.29650655551689], [-0.0868638692133186, 44.29650837828932], [-0.08683376395885503, 44.296508123672375], [-0.08680383186384762, 44.29650579401932], [-0.08677434956120113, 44.29650141086094], [-0.08674558952666962, 44.296495014706515], [-0.08671781756054958, 44.296486664669494], [-0.08669129033109041, 44.29647643792104], [-0.0866662530023038, 44.29646442897686], [-0.08664293696811562, 44.29645074882365], [-0.08662155771381141, 44.296435523893344], [-0.08661527128795624, 44.29643009196073], [-0.08660072571108425, 44.296432687917246], [-0.08656324474946515, 44.29643766069071], [-0.08652520026469558, 44.296439326520755], [-0.08640935735516904, 44.29643932652631], [-0.0862883691926384, 44.29645862447599], [-0.0860286041242309, 44.29655328461651], [-0.08599898231717239, 44.29656272841242], [-0.08585948187814278, 44.296601128536835], [-0.08583051100326704, 44.296607961486394], [-0.0858007522106185, 44.296612738536375], [-0.0857704876227938, 44.29661541439894], [-0.08574000415762399, 44.29661596370615], [-0.08570959080801671, 44.29661438125051], [-0.08567953590211302, 44.296610682034256], [-0.08554511528060744, 44.2965892526492], [-0.085398786423186, 44.29657337967868], [-0.08516156585950602, 44.29656987890271], [-0.0851275616497683, 44.29656804343107], [-0.08509403687252448, 44.29656356360629], [-0.0850613889928269, 44.29655649254069], [-0.08503000507897929, 44.296546914067896], [-0.08474315712889988, 44.296445791007024], [-0.08427668081036917, 44.29646215838266], [-0.08424674290124061, 44.29646217981659], [-0.08421693893420466, 44.296460148066714], [-0.08418754126784331, 44.296456081699915], [-0.08415881854767791, 44.29645001787611], [-0.08412746310895425, 44.29644221081183], [-0.08412114687181217, 44.2964469612162], [-0.08405633622097053, 44.29661518390764], [-0.08404688220967875, 44.29663579668434], [-0.08403470622578414, 44.29665565914035], [-0.08401992162073389, 44.296674586363274], [-0.08400266603168606, 44.29669240214726], [-0.08398310010024622, 44.2967089406334], [-0.08387817329802971, 44.296789417407965], [-0.08386128854552954, 44.29682417120258], [-0.08371624336537296, 44.29722464442688], [-0.08359442156647849, 44.29764530236207], [-0.08358654416059866, 44.29766700983465], [-0.08357569522376525, 44.29768804580954], [-0.08356198266455414, 44.2977082010472], [-0.0835455428756805, 44.29772727506837], [-0.08352653937742102, 44.29774507814818], [-0.08350516119118565, 44.29776143320342], [-0.08348162095940655, 44.29777617755388], [-0.08321478517274225, 44.29792716563083], [-0.08321478553156289, 44.29799499958027], [-0.0832132091678047, 44.298017539446704], [-0.08320849570692762, 44.298039852403605], [-0.08320069259780248, 44.298061713817134], [-0.08318987839431627, 44.298082903599074], [-0.08313087877959642, 44.29818270375758], [-0.08311679364094537, 44.29820348966576], [-0.08309981227844157, 44.29822312752547], [-0.0829642126894578, 44.29836331324362], [-0.0828808730968396, 44.29847205741035], [-0.08286379658095423, 44.298491841496165], [-0.08284396450526671, 44.298510252167354], [-0.08282158926237748, 44.29852709225176], [-0.08279691048199078, 44.298542181397494], [-0.08277019246456924, 44.29855535800459], [-0.08274172135076426, 44.29856648095568], [-0.08260762097776936, 44.298612581103626], [-0.08257774863439202, 44.29862151918701], [-0.08254675150520706, 44.2986281957356], [-0.08251496054019401, 44.298632539465316], [-0.08248271516521559, 44.2986345039991], [-0.08245035965791447, 44.298634068362105], [-0.08241823947180782, 44.298631237205655], [-0.08238669754781798, 44.29862604075755], [-0.08235607065263573, 44.298618534499376], [-0.08231233117515496, 44.29860596755083], [-0.08214957047986135, 44.29856816769432], [-0.08209027042774814, 44.2985621166622], [-0.08207312002284604, 44.29856249645553], [-0.08191517900649804, 44.298708748222886], [-0.08189302963385263, 44.29872711661323], [-0.08186825049953118, 44.29874366185304], [-0.08184113079235951, 44.29875819084723], [-0.08176073063688405, 44.298796590964535], [-0.08173406629624189, 44.29880799969132], [-0.08170596051795444, 44.29881745693954], [-0.08167668933725929, 44.29882486982664], [-0.08121838729815528, 44.29892288881883], [-0.08117972772437129, 44.29894615379294], [-0.08102577673417505, 44.29915024121173], [-0.08101259652126229, 44.29916611902965], [-0.08099764537874746, 44.29918116595682], [-0.08083134559639053, 44.2993347663209], [-0.08080689619038721, 44.299354781274516], [-0.08077932484137836, 44.29937258112037], [-0.08053792453525663, 44.299510781522685], [-0.0805120449056093, 44.29952411033633], [-0.08011271046308924, 44.29970844889653], [-0.0796469199067169, 44.29995479444986], [-0.07927792948810573, 44.30022260450013], [-0.07925430657669769, 44.30023808286935], [-0.07922860909900643, 44.30025175067393], [-0.07920110494016185, 44.3002634654323], [-0.07917208081977442, 44.30027310502259], [-0.07914183930295351, 44.30028056895573], [-0.07911069564608948, 44.30028577942304], [-0.07907897451034727, 44.30028868210738], [-0.07900917424428991, 44.300292482114635], [-0.07897978234910426, 44.30029308812949], [-0.07895044085095335, 44.30029171195336], [-0.0787079642084091, 44.30027209550214], [-0.0785121586968986, 44.300294066345145], [-0.07834193039266187, 44.30034402816956], [-0.07813060834398168, 44.30041230629129], [-0.07787853480800404, 44.300605847872525], [-0.07785574882901079, 44.300621657993766], [-0.07783085521896221, 44.300635733933696], [-0.07780410873192897, 44.3006479316425], [-0.07777578308441936, 44.300658126291644], [-0.0777461681541749, 44.30066621355145], [-0.07771556701357156, 44.300672110658724], [-0.07744196602163898, 44.3007143107888], [-0.0774315765317641, 44.300715781751656], [-0.07720434352012201, 44.300745096696645], [-0.07719034713492608, 44.300749853236226], [-0.0768800764265184, 44.301012356893686], [-0.07685839285008655, 44.30102892606632], [-0.07683449064045181, 44.30104383836282], [-0.07680861407070243, 44.30105694138335], [-0.07678102759194046, 44.301068101218284], [-0.07666202598716992, 44.301110702220164], [-0.07658607939024871, 44.30116245651017], [-0.0764220352212867, 44.3012798827832], [-0.07616838228899535, 44.30149841670778], [-0.07615787657294802, 44.3015070136148], [-0.07541227674884983, 44.30208671511401], [-0.0753960214866318, 44.30209845531919], [-0.07522432139204575, 44.30221365563648], [-0.07520761754721542, 44.30222409365236], [-0.07512181744400596, 44.30227399379692], [-0.07509838776488413, 44.30228637203321], [-0.07507346010375153, 44.30229713600224], [-0.0750472494503533, 44.302306192869445], [-0.07501998186001654, 44.30231346452321], [-0.07473568090539322, 44.3023786647335], [-0.07470597740056327, 44.30238433977989], [-0.07467564234304833, 44.30238789667807], [-0.07464496787927756, 44.30238930117292], [-0.07461424942447696, 44.30238853973828], [-0.07458378281752118, 44.30238561970737], [-0.07455386147171754, 44.30238056920209], [-0.07452477354895237, 44.30237343686219], [-0.0744967991844229, 44.3023642913768], [-0.07447020778867167, 44.30235322082291], [-0.0744452554529497, 44.302340331817085], [-0.07442218248284144, 44.30232574848869], [-0.07440121108396794, 44.30230961128435], [-0.0743825432220047, 44.30229207561535], [-0.07436635867765998, 44.3022733103609], [-0.07435281331531916, 44.302253496241704], [-0.07434203758206274, 44.30223282407945], [-0.07433413525146002, 44.302211492959096], [-0.07432918242427633, 44.30218970831149], [-0.07432722679569896, 44.30216767993502], [-0.07432828719613711, 44.30214561997503], [-0.0743323534099855, 44.30212374088082], [-0.07433938627415554, 44.30210225335965], [-0.07434931805535037, 44.302081364347465], [-0.07436205310249248, 44.302061275016044], [-0.07437746876799117, 44.3020421788357], [-0.07439541658899186, 44.30202425971197], [-0.07441572371721311, 44.30200769021466], [-0.0744381945836013, 44.301992629915866], [-0.07446261278179338, 44.30197922385331], [-0.07448874315219924, 44.301967601133576], [-0.07451633404668709, 44.30195787368878], [-0.07454511975202806, 44.301950135198595], [-0.07477333563023635, 44.3018977973238], [-0.07480477466305882, 44.30187951287019], [-0.07495995104264552, 44.30177539941979], [-0.07569231952449658, 44.3012059884343], [-0.07595011912167525, 44.30098388337042], [-0.07596959444255597, 44.30096859508863], [-0.07614659440363247, 44.30084189542852], [-0.07615211522300101, 44.3008380395196], [-0.07626481516964166, 44.30076123972983], [-0.07628830599792531, 44.30074674753209], [-0.07631367487355552, 44.30073399220241], [-0.07634067377148121, 44.30072309844594], [-0.07644408998358612, 44.300686076914154], [-0.07675652502458453, 44.300421743378514], [-0.0767793654215886, 44.30040437924921], [-0.07680464111700844, 44.30038885254307], [-0.07683206705139202, 44.30037533836944], [-0.07686133391568364, 44.30036398914029], [-0.07697403359963592, 44.300325689263325], [-0.07699945697102163, 44.300318014050696], [-0.07702572193063138, 44.300311974728416], [-0.07705262483308589, 44.300307618122446], [-0.07731561182073404, 44.30027369062572], [-0.0774880963117207, 44.30024708671927], [-0.07771606643810902, 44.300072052286524], [-0.0777383339239277, 44.30005656779249], [-0.07776262356327499, 44.30004273981036], [-0.07778869745939095, 44.300030703773025], [-0.07781630024077968, 44.300020577562805], [-0.07808989944783826, 44.299932177847744], [-0.07809991625374028, 44.29992909077998], [-0.07830911561440974, 44.299867690978715], [-0.07834361496812862, 44.29985921218929], [-0.07837925269993645, 44.29985367052208], [-0.07865285167966567, 44.29982297060988], [-0.07868056451375631, 44.299820763150464], [-0.07870844089933522, 44.29982033452687], [-0.07873625989614995, 44.29982168813631], [-0.07892776111482701, 44.29983718073198], [-0.07921887165317062, 44.29962589584124], [-0.07923670527856874, 44.299613923729], [-0.07925578310567391, 44.29960298550564], [-0.07974928232663127, 44.299341986283125], [-0.0797656569974426, 44.29933388885699], [-0.08015994399207353, 44.29915188071872], [-0.08035973304747393, 44.29903750294784], [-0.08048731613925549, 44.29891966353881], [-0.08065742504681088, 44.298694158606565], [-0.08067268101935333, 44.298676028579195], [-0.08069024420975342, 44.2986590096983], [-0.08070995883327518, 44.2986432529188], [-0.08073165002271093, 44.2986288980009], [-0.08086574988102847, 44.29854819823208], [-0.08089123946784339, 44.29853438418451], [-0.08091855517719705, 44.2985225060024], [-0.0809474130411044, 44.29851268716832], [-0.08097751306021554, 44.29850502975643], [-0.08145210694636834, 44.29840352658277], [-0.08160262240605025, 44.298264151668214], [-0.08162898903574446, 44.298242705404505], [-0.08171488901694726, 44.29818120556947], [-0.08173671452279313, 44.29816698554171], [-0.08176030436377718, 44.29815430170045], [-0.08178544969095376, 44.298143266339565], [-0.08181192788458089, 44.29813397715843], [-0.08183950452499587, 44.29812651639694], [-0.08186793546796467, 44.29812095010744], [-0.08189696900609138, 44.29811732756992], [-0.08192634809719758, 44.29811568085585], [-0.08209794744065645, 44.29811188085264], [-0.0821248653777949, 44.298112116044095], [-0.08215165575551107, 44.298114010517516], [-0.08226435534212845, 44.298125510463144], [-0.08229076869428463, 44.29812904164371], [-0.08231666345301875, 44.29813418566881], [-0.08240848468001079, 44.29815551043113], [-0.0824233283025364, 44.29813614218288], [-0.08244048855434394, 44.29811627158933], [-0.08256695161192584, 44.29798553262317], [-0.08258841475879455, 44.29794922747401], [-0.08258841526955386, 44.29785289958025], [-0.0825901954338249, 44.29782895257327], [-0.08259551543615061, 44.29780527778943], [-0.08260431479817003, 44.29778214434761], [-0.08261649349085559, 44.297759815212686], [-0.08263191307174073, 44.297738544206524], [-0.08268551325319999, 44.29767334433732], [-0.08270138080531214, 44.297655935727356], [-0.08271942034308796, 44.29763965465985], [-0.08273947749672445, 44.29762464045534], [-0.08276138063165296, 44.297611021593475], [-0.08300440199862279, 44.29747350964221], [-0.0831045810416835, 44.29712759721204], [-0.08310810578417285, 44.297116774894235], [-0.08325830773413237, 44.29670207534322], [-0.08326570570576543, 44.296684596657634], [-0.08330860608387138, 44.2965962967783], [-0.08332094323208616, 44.296574607558], [-0.08333635485151815, 44.296553957709556], [-0.08335467372041555, 44.296534571287374], [-0.08337570107345053, 44.29651665863723], [-0.0834732192542321, 44.296441864682514], [-0.08349194120889546, 44.29639327110829], [-0.08347609209829414, 44.29638803351143], [-0.0834467265585073, 44.29637693954874], [-0.08341916009006198, 44.2963636764861], [-0.08339370212527071, 44.2963483932015], [-0.08337063842783585, 44.29633126124981], [-0.08335022788514895, 44.29631247293699], [-0.0833326996023169, 44.29629223916137], [-0.0832263080617779, 44.29615354694569], [-0.08295062229847532, 44.29604462240409], [-0.0828161923128212, 44.295995271434954], [-0.08266468002428115, 44.29599776701767], [-0.08263493641777854, 44.295997241591884], [-0.08260539646410729, 44.29599469134062], [-0.08257632678208005, 44.29599013928177], [-0.08254798974581516, 44.295983626500906], [-0.0825206411165493, 44.29597521178055], [-0.08231144059324597, 44.29590221151707], [-0.08228341050862951, 44.29589112501876], [-0.08225710193209392, 44.29587804207456], [-0.08200498616717734, 44.29573846036764], [-0.08178670632843084, 44.295672428678856], [-0.08126619126545602, 44.29558183723356], [-0.08098478006344381, 44.2955721071019], [-0.0807057590588775, 44.295589940612594], [-0.08067495795889296, 44.29559081533773], [-0.0806441863318563, 44.295589511025334], [-0.08061374230343794, 44.295586040312074], [-0.0805839208252845, 44.29558043682344], [-0.08055501081734684, 44.295572754847974], [-0.08042639581162479, 44.295533308381025], [-0.08031380897307636, 44.29555345432993], [-0.08028325244388992, 44.29555777583071], [-0.0802522493867148, 44.29555989621629], [-0.08022110640185307, 44.295559794517494], [-0.08019013147342126, 44.29555747174016], [-0.08015963092348453, 44.29555295085516], [-0.08012990638262812, 44.29554627657122], [-0.07985085533949043, 44.295472492541435], [-0.07964030388587366, 44.29548960021827], [-0.07960788643964042, 44.295491016939515], [-0.07957543902651398, 44.29549001474144], [-0.07954331061205595, 44.29548660440261], [-0.07951184673091267, 44.295480822600645], [-0.07948138577054271, 44.29547273151774], [-0.07920778501842675, 44.29538823120265], [-0.07918396593788105, 44.29538000273855], [-0.079161197767314, 44.295370361029164], [-0.07913964268753239, 44.295359374753986], [-0.07898371298956626, 44.29527256757727], [-0.07889673133847754, 44.29524896223719], [-0.0785147545996005, 44.29519499633646], [-0.0784841959724884, 44.29518951964112], [-0.07845455780853611, 44.29518186611766], [-0.07842613988316455, 44.295172113177884], [-0.07829500991072785, 44.295121141450274], [-0.0782243248656048, 44.295116548904886], [-0.07776166350674249, 44.29517645713284], [-0.07773325764995546, 44.29517917832649], [-0.07770462438267062, 44.29518002316113], [-0.07767600347238102, 44.295178984562426], [-0.07764763458308403, 44.29517607122737], [-0.07761975526832676, 44.29517130755157], [-0.07759259898193802, 44.29516473342481], [-0.07756639312307291, 44.29515640389718], [-0.07728188035552234, 44.295054547110134], [-0.07709227968208153, 44.29506759948128], [-0.07706096717120427, 44.295068623241434], [-0.07702966901511053, 44.2950673937328], [-0.0769986987593799, 44.29506392327273], [-0.07696836666454407, 44.29505824662845], [-0.07676446601236725, 44.295012146443874], [-0.07673857149228168, 44.295005379060136], [-0.07671360548518118, 44.29499700301777], [-0.07668976128277426, 44.29498708316596], [-0.07637457175587407, 44.29484229231309], [-0.07624858556442353, 44.2948204404223], [-0.07623927316503337, 44.29481871610913], [-0.0758691719314829, 44.29474581580887], [-0.07583739603888154, 44.29473822324059], [-0.07580693064075956, 44.294728237083426], [-0.07577812410734713, 44.29471597152888], [-0.07575130583920621, 44.2947015668333], [-0.07572678250049528, 44.29468518771377], [-0.07559055265483298, 44.29458391834582], [-0.07552933598173923, 44.294541066593595], [-0.07537091434511681, 44.294528466335095], [-0.07518913415021695, 44.29454151109385], [-0.07516058470124419, 44.29454261775682], [-0.07513201370891547, 44.294541849707024], [-0.07487451274103214, 44.29452644962266], [-0.07484420313096704, 44.294523561167516], [-0.07481443015806671, 44.29451856360886], [-0.07478547762588078, 44.294511504584776], [-0.07475762151702257, 44.294502451383785], [-0.07473112736236939, 44.29449149030335], [-0.0747062477098936, 44.29447872582728], [-0.07463333931025287, 44.29443731512655], [-0.07442762889066191, 44.29446260183675], [-0.07439621060596885, 44.29446529904672], [-0.07436457374125648, 44.29446570538608], [-0.07433304127702303, 44.2944638167066], [-0.07430193512787105, 44.294459652289945], [-0.07427157285598807, 44.294453254650634], [-0.07424226442905191, 44.29444468910219], [-0.07421430905568004, 44.29443404309021], [-0.07418799213074657, 44.29442142529965], [-0.07404635387326716, 44.294345816633715], [-0.07620658869133137, 44.294345816633715], [-0.0764002884503606, 44.29438397030394], [-0.07657261324202158, 44.294413859378594], [-0.07660579084725039, 44.29442103000969], [-0.0766376625507804, 44.294430789065586], [-0.07666783824009124, 44.29444301709494], [-0.07699220248765128, 44.29459202234272], [-0.0770957981728905, 44.29461544441013], [-0.07731141944221734, 44.29460060055343], [-0.07734049703668897, 44.294599575106574], [-0.07736958157082875, 44.29460049344202], [-0.0773984217004033, 44.294603347623685], [-0.07742676819319554, 44.294608112986246], [-0.07745437608275946, 44.294614748348216], [-0.07748100678532932, 44.29462319636778], [-0.0777528036060552, 44.294720500874256], [-0.07815483500830811, 44.294668443037864], [-0.07818261374451986, 44.29466576138123], [-0.0782106150548056, 44.29466487433303], [-0.07823861464299792, 44.29466578899875], [-0.07841561397930613, 44.29467728893738], [-0.07844706062241553, 44.29468049358048], [-0.07847789359568992, 44.294685969460616], [-0.07850779575016577, 44.294693660252854], [-0.07853645951095978, 44.29470348684957], [-0.07868237457987144, 44.29476020567023], [-0.07904334345820443, 44.29481120335822], [-0.07906876761106038, 44.2948155943426], [-0.07909359311000674, 44.294821493384525], [-0.0792490926491414, 44.29486369322219], [-0.07927761000738372, 44.29487261850342], [-0.07930475384370268, 44.29488353172644], [-0.07933025634109156, 44.29489632521543], [-0.07949184271287583, 44.29498628124425], [-0.07965247095605146, 44.29503589046789], [-0.07985419526273382, 44.29501949982868], [-0.07988327107332654, 44.29501811719825], [-0.07991239994661108, 44.29501868153968], [-0.07994132969493847, 44.29502118796712], [-0.07996980985452842, 44.29502561478091], [-0.07999759385383658, 44.29503192365529], [-0.08025587942498975, 44.295100217185066], [-0.0803769907875615, 44.29507854574871], [-0.08040539486684785, 44.295074454923174], [-0.08043420373393502, 44.29507226670576], [-0.08046317087304176, 44.29507199982099], [-0.08049204841408397, 44.29507365655267], [-0.08052058925361924, 44.29507722272431], [-0.08054854916922514, 44.29508266782044], [-0.08057568890922823, 44.29508994524777], [-0.08072862084468681, 44.29513684982465], [-0.08095063996613698, 44.295122659420585], [-0.08099345957697814, 44.29512203422077], [-0.0813260583146917, 44.2951335341432], [-0.08135560706496299, 44.29513556734758], [-0.081384755055761, 44.29513960074983], [-0.08195875308738754, 44.29523950032814], [-0.08198297498249409, 44.2952444644777], [-0.08200656306562015, 44.29525081067245], [-0.08228556228815932, 44.29533521035609], [-0.0823099104002444, 44.295343478347135], [-0.08233317940088172, 44.295353218256516], [-0.08235519719848362, 44.29536435805063], [-0.0826140536534579, 44.29550767124764], [-0.08272614153517979, 44.2955467841165], [-0.08288101910323491, 44.295544232966336], [-0.08291202814730726, 44.295544825834334], [-0.0829428034145949, 44.295547619068145], [-0.08297304296951372, 44.29555258526347], [-0.0830024501321367, 44.29555967569717], [-0.08303073638883915, 44.295568820805165], [-0.08323993589008795, 44.29564562053201], [-0.08324834960405965, 44.295648826115396], [-0.08360774881421693, 44.29579082562157], [-0.0836328502947338, 44.295801877724], [-0.08365639572966181, 44.295814574023], [-0.08367817700804533, 44.29582880230045], [-0.08369800161127844, 44.29584443679756], [-0.08371569431471476, 44.29586133932633], [-0.08373109873644217, 44.29587936049092], [-0.08382839363877655, 44.29600619303521], [-0.08394073207298364, 44.296008087750934], [-0.08406953322261253, 44.295987330827074], [-0.08409802292838012, 44.295983723052736], [-0.08412685460524814, 44.29598201876882], [-0.0841557822376376, 44.29598223251775], [-0.08418455899120843, 44.29598436247571], [-0.08421293931897474, 44.29598839046823], [-0.08424068105645702, 44.29599428212522], [-0.0843066864684262, 44.29601071656933], [-0.08479331717002, 44.29599364162738], [-0.08482494193109218, 44.29599368008081], [-0.08485640005269739, 44.29599600902138], [-0.08488737075344528, 44.29600060470072], [-0.08491753822202812, 44.296007420256345], [-0.0849465948374764, 44.296016386189464], [-0.08524375343224266, 44.29612114410366], [-0.08543193306448571, 44.29612392104708], [-0.08547227039515201, 44.29612639599949], [-0.08564926974899265, 44.29614559591002], [-0.08567036405596057, 44.29614841800361], [-0.08572329046681731, 44.29615685556381], [-0.08575966699829685, 44.296146842224715], [-0.08604019603057876, 44.29604461557033], [-0.08606403135373894, 44.29603681206348], [-0.08608869129515878, 44.296030466464835], [-0.08611400333187152, 44.29602562316869], [-0.08630710263490786, 44.2959948232642], [-0.08634084776821856, 44.29599081492186], [-0.08637500026469477, 44.295989473486884], [-0.0864868716374398, 44.295989473494195], [-0.08666427404803416, 44.29595781216121], [-0.08669419265033468, 44.29595357131804], [-0.08672454370010237, 44.29595144049778], [-0.08675503941003795, 44.29595143990491], [-0.08678539062121601, 44.29595356954513], [-0.08681530954476249, 44.29595780922534], [-0.0868445124905726, 44.29596411874518], [-0.08687272255717512, 44.29597243827812], [-0.08689967225721075, 44.29598268893868], [-0.08692510605368581, 44.29599477353051], [-0.08694878278292645, 44.296008577467845], [-0.0869704779412595, 44.296023969862084], [-0.08698998581375451, 44.29604080476271], [-0.08699329608425524, 44.29604396229038], [-0.08700243298260246, 44.29604341138069], [-0.08703293977786364, 44.29604371164561], [-0.08706326112955504, 44.29604614245582], [-0.08709310926979465, 44.296050680741565], [-0.0874793079691665, 44.296123680438505], [-0.08750982590999058, 44.296130665356294], [-0.08753919087941292, 44.29613985250009], [-0.08775492103004176, 44.29621700005984], [-0.08787090929585506, 44.29621250071262], [-0.08790259570963885, 44.29621242449517], [-0.08793413066237604, 44.29621464826883], [-0.08796519133483009, 44.296219149269206], [-0.08799545976272094, 44.29622588142028], [-0.08802462609158543, 44.29623477580588], [-0.08805239174862003, 44.296245741375365], [-0.08807847249907622, 44.29625866587553], [-0.08810260135589075, 44.29627341699971], [-0.08812453131276647, 44.29628984374221], [-0.08816669651032885, 44.296324808911386], [-0.08818656522537614, 44.29632906780357], [-0.08821575464408483, 44.29633647130412], [-0.08824378379369693, 44.29634590830162], [-0.08827037881997897, 44.29635728659369], [-0.08829527988008688, 44.296370495010876], [-0.08831824368129187, 44.29638540450269], [-0.08833904585801089, 44.29640186939847], [-0.08837535745962272, 44.29643363257013], [-0.08843942219860405, 44.296405850653144], [-0.08846401721842366, 44.29639623525232], [-0.08848970980667244, 44.296388236158705], [-0.08851629455226272, 44.296381917324645], [-0.08854355891157695, 44.296377329268886], [-0.0885712849076962, 44.29637450867269], [-0.08873758427627766, 44.29636300869923], [-0.08876906640923196, 44.29636197572002], [-0.08880053369368443, 44.296363220390546], [-0.08883166748500178, 44.29636673010713], [-0.08886215251543904, 44.29637246932971], [-0.08889168008649967, 44.29638037994171], [-0.08891995119479507, 44.296390381838556], [-0.08910225080003291, 44.29646328158602], [-0.08911055754512799, 44.29646672406701], [-0.08921982643586376, 44.29651362333578], [-0.0892766111277836, 44.296528682257026], [-0.08950692551332955, 44.29651970380997], [-0.08954976751344207, 44.29652014174031], [-0.08974296678708554, 44.29653164167729], [-0.08977194034985521, 44.29653434847177], [-0.08980043660199193, 44.29653898271746], [-0.08982820752189274, 44.29654550407957], [-0.09003755981029217, 44.29660255788932], [-0.0901580326294239, 44.29654065143983], [-0.09045951167386848, 44.29637403965326], [-0.0904867611546827, 44.29636056386889], [-0.09051583795915265, 44.296349227871886], [-0.09054641758979785, 44.29634015817187], [-0.09057815877812032, 44.29633345598659], [-0.09061070729306389, 44.296329196112325], [-0.09077700666687458, 44.29631389615318], [-0.09080302915186696, 44.29631229059372], [-0.09082914741514317, 44.29631224792572], [-0.0910386510567159, 44.296318184676075], [-0.09127810505034942, 44.29625901105431], [-0.09131137221394268, 44.29625223986159], [-0.09134547593640693, 44.296248143861256], [-0.09138000050057901, 44.29624677298279], [-0.0916535994547783, 44.296246772954774], [-0.09168094578605165, 44.29624763204609], [-0.09170808322056646, 44.29625020282857], [-0.0920406820241994, 44.296292402638684], [-0.09204426835754058, 44.29629287313958], [-0.09218822204983929, 44.29631238124148], [-0.09232656119086684, 44.296295903718935], [-0.09235556991328259, 44.29629344024323], [-0.09238477202950265, 44.29629292862616], [-0.09241391349232071, 44.296294373318695], [-0.09244274078215942, 44.29629776175263], [-0.09247100311251033, 44.29630306444996], [-0.09249845461161676, 44.29631023527929], [-0.09252485646139713, 44.296319211857195], [-0.09254997897502033, 44.29632991609082], [-0.09279553553091995, 44.296445991347845], [-0.09313851159471913, 44.29648796939066], [-0.09317852648139867, 44.29649483565171], [-0.09333412598082234, 44.29652943551276], [-0.0933623531381776, 44.29653679463472], [-0.09338946917767077, 44.29654606156597], [-0.09341522479492993, 44.29655715110677], [-0.0934393831928592, 44.29656996130036], [-0.09346172225871288, 44.29658437437023], [-0.09348203660618419, 44.29660025780299], [-0.09350013946372158, 44.296617465566676], [-0.09350570839291522, 44.29662397261694], [-0.093549695476077, 44.296609329275874], [-0.09357999923318719, 44.29660058888016], [-0.09361140549002472, 44.29659416233075], [-0.0936435727759109, 44.29659011950161], [-0.09367615134598262, 44.29658850434927], [-0.09370878698373358, 44.296589334434884], [-0.09374112485217143, 44.29659260073329], [-0.09377281335171327, 44.29659826773115], [-0.09397136809560935, 44.29664178661018], [-0.09415683323066906, 44.296624865876424], [-0.09418640055536219, 44.29662318510459], [-0.0943580998984917, 44.29661928510184], [-0.09438821053544534, 44.29661964153615], [-0.09441813430147497, 44.29662207338403], [-0.09444759451405758, 44.2966265581601], [-0.09447631877663694, 44.29663305439708], [-0.09450404149719079, 44.29664150202921], [-0.09467034107836968, 44.29669910182091], [-0.09469537793263144, 44.29670880387766], [-0.094719085652135, 44.29672009762897], [-0.09482917302393729, 44.296777877559], [-0.0948523536195274, 44.296774741438256], [-0.09488592240627532, 44.296772842012736], [-0.09491958110397522, 44.29677354199996], [-0.09502691889913584, 44.29677993449298], [-0.0952017643874775, 44.29671871771291], [-0.09523180905216645, 44.29670955744879], [-0.09526301800223441, 44.29670269275829], [-0.09529505225263275, 44.296698198204254], [-0.09532756385435211, 44.29669612260566], [-0.09536019967364077, 44.29669648850729], [-0.09539260522754389, 44.2966992919349], [-0.09540304954444893, 44.296701002008106], [-0.09542840432995871, 44.2966964513364], [-0.09545908132292762, 44.29669321513936], [-0.09549005353101273, 44.296692173412936], [-0.09552101737368919, 44.296693336367916], [-0.09555166935240299, 44.29669669260544], [-0.09558170902527102, 44.296702209228734], [-0.09561084195182461, 44.29670983216554], [-0.09563878257895665, 44.296719486698066], [-0.09566525703975201, 44.29673107819536], [-0.09569000583780296, 44.29674449304076], [-0.09571278639068723, 44.29675959974564], [-0.09573337540768981, 44.296776250238025], [-0.09575157107844767, 44.296794281314014], [-0.09576719505108175, 44.29681351623738], [-0.09582991586276014, 44.29690034189475], [-0.09597144816874946, 44.297015647842755], [-0.09603099091283797, 44.297044642139824], [-0.09609517446194633, 44.2970577524303], [-0.09612344077564977, 44.29706458656423], [-0.09613235168587386, 44.29706744449754], [-0.09615954659114159, 44.2970651107764], [-0.09619067525361136, 44.29706467548602], [-0.09622171027346621, 44.297066462137586], [-0.09625234493372264, 44.29707045307384], [-0.09628227647395186, 44.297076608852734], [-0.09631120908236603, 44.29708486863715], [-0.09633885681921586, 44.29709515079622], [-0.09636494644264992, 44.29710735371199], [-0.09648294628882381, 44.297168753519], [-0.09650723251552976, 44.297182764548054], [-0.09652946055815198, 44.297198439048685], [-0.09654898940144743, 44.29721525925174], [-0.09655483892459234, 44.2972157418123], [-0.09658546123255916, 44.29721937990662], [-0.09661543174368678, 44.297225177081806], [-0.09664445608844245, 44.29723307639827], [-0.09667224919018481, 44.297243000269276], [-0.09669853806509768, 44.297254851222924], [-0.09672306450339313, 44.29726851285944], [-0.09674558760540286, 44.297283850994475], [-0.09676588614768138, 44.29730071497708], [-0.09678376075588187, 44.29731893916919], [-0.09679139066147074, 44.29732863215673], [-0.09681806930911616, 44.29731959905523], [-0.09684693591385132, 44.29731220368918], [-0.09687667076262464, 44.29730687012077], [-0.09690698909991989, 44.297303649426915], [-0.09693760058262237, 44.297302572450604], [-0.09725409937280168, 44.29730257241825], [-0.09728214911839418, 44.297303476324835], [-0.09730997341629427, 44.29730618086288], [-0.09733734862522063, 44.29731066429441], [-0.09736405471335641, 44.29731689058336], [-0.09790102549969318, 44.29746149002387], [-0.0982287398972215, 44.29754100453748], [-0.09824965151912227, 44.29754668326744], [-0.09854881218810234, 44.297636813050794], [-0.0985585525368471, 44.29763938183104], [-0.09856729801697199, 44.297633126591876], [-0.09859056553815007, 44.297618071539205], [-0.09861581027999113, 44.29760476067321], [-0.09864277980987793, 44.2975933270942], [-0.09867120444889113, 44.29758388513072], [-0.09870079996837576, 44.297576529196405], [-0.0987312704319811, 44.29757133284593], [-0.09876231115474345, 44.29756834803952], [-0.09879361174964794, 44.297567604623374], [-0.09882485923118965, 44.2975691100313], [-0.0988557411449236, 44.29757284921023], [-0.09888594869168274, 44.29757878477095], [-0.09891517981529303, 44.297586857361765], [-0.09894314222283729, 44.297596986262036], [-0.09896955630732414, 44.29760907018931], [-0.09899415794353754, 44.29762298831201], [-0.09901670112908148, 44.29763860145769], [-0.0992456494278128, 44.29781385999164], [-0.09932482770356078, 44.2978725180107], [-0.09940998117626927, 44.297851900451654], [-0.09950835840069883, 44.29781932703649], [-0.09965556691724847, 44.297689119227655], [-0.09967656292053398, 44.297672342383756], [-0.099699793090108, 44.29765716025943], [-0.0997250237847673, 44.297643725550444]]]}}, {"type": "Feature", "properties": {"klasse": "Wasser"}, "geometry": {"type": "Polygon", "coordinates": [[[-0.11792590518345109, 44.29646461113302], [-0.11859257185011775, 44.29646461113302], [-0.11859257185011775, 44.29654830265958], [-0.11675923851678441, 44.29675536662146], [-0.11675923851678441, 44.29671461113302], [-0.11700923851678441, 44.29671461113302], [-0.11700923851678441, 44.29663127779968], [-0.11767590518345108, 44.29663127779968], [-0.11767590518345108, 44.29654794446635], [-0.11792590518345109, 44.29654794446635], [-0.11792590518345109, 44.29646461113302]]]}}, {"type": "Feature", "properties": {"klasse": "Wasser"}, "geometry": {"type": "Polygon", "coordinates": [[[-0.07184257185011775, 44.32438127779968], [-0.07184257185011775, 44.32446461113302], [-0.07175923851678441, 44.32446461113302], [-0.07175923851678441, 44.32438127779968], [-0.07184257185011775, 44.32438127779968]]]}}]}