{"type": "FeatureCollection", "features": [{"type": "Feature", "properties": {"klasse": "Acker"}, "geometry": {"type": "MultiPolygon", "coordinates": [[[[15.512351014079448, 47.82258947557077], [15.5133311, 47.8229687], [15.513695999999998, 47.8232487], [15.5093473, 47.826858300000005], [15.509004699999998, 47.8267283], [15.507128300000002, 47.828198099999994], [15.506405999999998, 47.82873299999999], [15.50504613994244, 47.829172894501994], [15.50504613994244, 47.83014180935776], [15.5055314, 47.83011689999999], [15.5058949, 47.83005649999999], [15.5063735, 47.83047439999999], [15.507186699999998, 47.8313392], [15.507380999999999, 47.8309745], [15.5071255, 47.8306894], [15.507373800000002, 47.83029810000001], [15.5073055, 47.82984389999999], [15.5075214, 47.82887040000001], [15.507712806609106, 47.82876615260991], [15.507712806609106, 47.82874350545556], [15.507754388609527, 47.82874350545556], [15.50829613994244, 47.82844844687424], [15.50829613994244, 47.82841017212223], [15.508350376695894, 47.82841017212223], [15.508379473275774, 47.828384903233875], [15.508379473275774, 47.8283268387889], [15.508446333231685, 47.8283268387889], [15.50854613994244, 47.82824016177594], [15.50854613994244, 47.82816017212223], [15.50863824630326, 47.82816017212223], [15.5087985, 47.82802099999999], [15.508962806609107, 47.82788971620709], [15.508962806609107, 47.8278268387889], [15.509041500065042, 47.8278268387889], [15.50904613994244, 47.827823131447445], [15.50904613994244, 47.827743505455565], [15.509145794868866, 47.827743505455565], [15.509212806609106, 47.82768996192816], [15.509212806609106, 47.82766017212223], [15.509250089672689, 47.82766017212223], [15.50929613994244, 47.827623377168514], [15.50929613994244, 47.8275768387889], [15.509354384476504, 47.8275768387889], [15.5093886, 47.8275495], [15.509462806609106, 47.82749059262845], [15.509462806609106, 47.827410172122235], [15.509564113676653, 47.827410172122235], [15.509629473275773, 47.82735828776536], [15.509629473275773, 47.827160172122234], [15.509712806609107, 47.827160172122234], [15.509712806609107, 47.82708751050084], [15.50973388022258, 47.8270768387889], [15.509879473275774, 47.8270768387889], [15.509879473275774, 47.82700971346779], [15.50991983751452, 47.82699350545557], [15.51029613994244, 47.82699350545557], [15.51029613994244, 47.82684240352627], [15.510334902177245, 47.8268268387889], [15.51054613994244, 47.8268268387889], [15.51054613994244, 47.826737252713606], [15.510712806609106, 47.8266239959506], [15.510712806609106, 47.82666017212223], [15.510913438189325, 47.82666017212223], [15.510962806609106, 47.8266250039112], [15.510962806609106, 47.826576838788895], [15.511030419828723, 47.826576838788895], [15.51104613994244, 47.82656564036935], [15.51104613994244, 47.826493505455566], [15.51114740146811, 47.826493505455566], [15.511212806609107, 47.82644691328568], [15.511212806609107, 47.8263268387889], [15.511395878869221, 47.8263268387889], [15.511462806609106, 47.82628305876398], [15.511462806609106, 47.826243505455565], [15.511523272850075, 47.826243505455565], [15.511629473275773, 47.8261740356469], [15.511629473275773, 47.82616017212223], [15.511650666830928, 47.82616017212223], [15.511665300000002, 47.8261506], [15.511712806609106, 47.82612894072926], [15.511712806609106, 47.8260768387889], [15.511827084995675, 47.8260768387889], [15.511962806609107, 47.82601496042659], [15.511962806609107, 47.825993505455564], [15.512009865115095, 47.825993505455564], [15.512081599999998, 47.82596079999999], [15.512292800000003, 47.8261888], [15.514423100000002, 47.825990700000006], [15.514729000000003, 47.82558240000001], [15.5153155, 47.8253505], [15.5155206, 47.825408499999995], [15.516006400000002, 47.8251886], [15.516010000000001, 47.82501469999999], [15.516146700000002, 47.82490349999999], [15.516046, 47.8240603], [15.5162709, 47.82312619999999], [15.516603600000002, 47.822943099999996], [15.5166819, 47.82294709999999], [15.5163165, 47.8244147], [15.516421900000001, 47.82520739999999], [15.5178486, 47.8249149], [15.5177783, 47.82455149999999], [15.5181297, 47.82442410000001], [15.518347600000002, 47.82388149999999], [15.517637799999997, 47.8239334], [15.517644800000001, 47.823801199999984], [15.5177514, 47.8237506], [15.518007000000003, 47.82368720000001], [15.518269600000002, 47.8235635], [15.518288, 47.82349700000001], [15.518573600000002, 47.8234182], [15.518661100000001, 47.82384029999999], [15.519013399999999, 47.82375679999999], [15.5193798, 47.823959599999995], [15.519445999999999, 47.824239899999995], [15.5191926, 47.82437130000002], [15.5192099, 47.824539499999986], [15.519339499999997, 47.8245569], [15.520421899999999, 47.8240872], [15.5218848, 47.8239871], [15.5225314, 47.823751099999996], [15.522129810594885, 47.82258947557077], [15.521294510889843, 47.82258947557077], [15.520495599999999, 47.82269509999999], [15.5195096, 47.8228014], [15.5191165, 47.82281729999999], [15.51876809092292, 47.82281220763347], [15.51861515064138, 47.822764095711484], [15.518591363930625, 47.82275581501684], [15.518568638639946, 47.82274627765004], [15.51854613994244, 47.822735969566544], [15.51854613994244, 47.82274350545556], [15.518212806609107, 47.82274350545556], [15.518212806609107, 47.822781026079966], [15.5179444, 47.822763200000004], [15.51779613994244, 47.822766206143726], [15.51779613994244, 47.82274350545556], [15.517879473275773, 47.82274350545556], [15.517879473275773, 47.82268868807314], [15.5181643, 47.82269299999999], [15.519087, 47.822734399999995], [15.5191997, 47.82272540000002], [15.518904599999999, 47.822637199999996], [15.51879129102123, 47.82258947557077], [15.518462806609106, 47.82258947557077], [15.51704613994244, 47.82258947557077], [15.51679613994244, 47.82258947557077], [15.516129473275774, 47.82258947557077], [15.51254613994244, 47.82258947557077], [15.512351014079448, 47.82258947557077]], [[15.50904613994244, 47.82766017212223], [15.50904613994244, 47.82762285602294], [15.509129473275774, 47.82752803196402], [15.509129473275774, 47.8275768387889], [15.509212806609106, 47.8275768387889], [15.509212806609106, 47.82766017212223], [15.50904613994244, 47.82766017212223]], [[15.517140499999998, 47.8227795], [15.516909100000001, 47.822720000000004], [15.51729613994244, 47.82270604330091], [15.51729613994244, 47.8227763442206], [15.517140499999998, 47.8227795]], [[15.511962806609107, 47.82585717614017], [15.511994899999998, 47.825839499999994], [15.512045413380035, 47.825910172122235], [15.511962806609107, 47.825910172122235], [15.511962806609107, 47.82585717614017]], [[15.51154613994244, 47.82616017212223], [15.511462806609106, 47.82616017212223], [15.511462806609106, 47.82613256212593], [15.51154613994244, 47.826086664461634], [15.51154613994244, 47.82616017212223]], [[15.511379473275774, 47.82617845979022], [15.511379473275774, 47.826243505455565], [15.51129613994244, 47.826243505455565], [15.51129613994244, 47.82622759728007], [15.511321299999999, 47.82621050000001], [15.511379473275774, 47.82617845979022]], [[15.507629473275774, 47.8286089798716], [15.507629473275774, 47.82874350545556], [15.50744208699714, 47.82874350545556], [15.507629473275774, 47.8286089798716]], [[15.50779613994244, 47.82849350545557], [15.50779613994244, 47.8285768387889], [15.507712806609106, 47.8285768387889], [15.507712806609106, 47.82854915443822], [15.50779032239058, 47.82849350545557], [15.50779613994244, 47.82849350545557]], [[15.507962806609106, 47.82841017212223], [15.507962806609106, 47.82849350545557], [15.507879473275773, 47.82849350545557], [15.507879473275773, 47.82842950357145], [15.507906400855067, 47.82841017212223], [15.507962806609106, 47.82841017212223]], [[15.508138557784031, 47.82824350545557], [15.508212806609107, 47.82824350545557], [15.508212806609107, 47.8283268387889], [15.508129473275773, 47.8283268387889], [15.508129473275773, 47.82825002727129], [15.508138557784031, 47.82824350545557]], [[15.50829613994244, 47.82824350545557], [15.50829613994244, 47.82813680991313], [15.508394991973985, 47.828076838788895], [15.508462806609106, 47.828076838788895], [15.508462806609106, 47.82816017212223], [15.508379473275774, 47.82816017212223], [15.508379473275774, 47.82824350545557], [15.50829613994244, 47.82824350545557]], [[15.508629473275773, 47.828076838788895], [15.50854613994244, 47.828076838788895], [15.50854613994244, 47.827985441536995], [15.508712806609106, 47.82788491042927], [15.508712806609106, 47.82791017212223], [15.50879613994244, 47.82791017212223], [15.50879613994244, 47.82799350545557], [15.508629473275773, 47.82799350545557], [15.508629473275773, 47.828076838788895]], [[15.50879613994244, 47.8278268387889], [15.50879613994244, 47.827823963525994], [15.508879473275773, 47.827761427319295], [15.508879473275773, 47.8278268387889], [15.50879613994244, 47.8278268387889]], [[15.509379473275773, 47.8273268387889], [15.509379473275773, 47.827410172122235], [15.50929613994244, 47.827410172122235], [15.50929613994244, 47.82735390154341], [15.509332024257814, 47.8273268387889], [15.509379473275773, 47.8273268387889]], [[15.50954613994244, 47.82724350545556], [15.509462806609106, 47.82724350545556], [15.509462806609106, 47.82722820709896], [15.5095197, 47.8271853], [15.50954613994244, 47.82717191077038], [15.50954613994244, 47.82724350545556]]], [[[15.5226717, 47.823382900000006], [15.522735000000003, 47.8237651], [15.523184799999997, 47.8235764], [15.5244007, 47.82373209999998], [15.5250402, 47.8234773], [15.526178800000002, 47.8233074], [15.527127600000002, 47.8232649], [15.5270432, 47.8231092], [15.5273103, 47.82303370000001], [15.5275001, 47.82337819999999], [15.5280764, 47.82342059999999], [15.527978, 47.8231564], [15.5288424, 47.8228261], [15.529402256700108, 47.82258947557077], [15.52929613994244, 47.82258947557077], [15.52229856042357, 47.82258947557077], [15.5226717, 47.823382900000006]]], [[[15.519132399999998, 47.8226185], [15.5191725, 47.82260049999999], [15.519216400000001, 47.822597899999984], [15.519343524636891, 47.82258947557077], [15.519020231139852, 47.82258947557077], [15.519132399999998, 47.8226185]]]]}}, {"type": "Feature", "properties": {"klasse": "Acker"}, "geometry": {"type": "MultiPolygon", "coordinates": [[[[15.551614099999998, 47.82364749999999], [15.5518502, 47.8235916], [15.551965500000001, 47.823618700000004], [15.5516271, 47.823899300000015], [15.5516919, 47.8246433], [15.5518073, 47.824899099999996], [15.5517015, 47.8252298], [15.5514612, 47.8253006], [15.551418299999998, 47.82545369999999], [15.551645899999999, 47.8254275], [15.5525811, 47.8249379], [15.5524939, 47.82453890000001], [15.552594200000001, 47.82451650000001], [15.552923, 47.82414350000001], [15.553292399999998, 47.8235235], [15.5537927, 47.82388749999999], [15.5546804, 47.824135500000004], [15.5547694, 47.82436189999999], [15.5549365, 47.82449549999999], [15.5554388, 47.82442410000001], [15.555936099999998, 47.82415029999999], [15.5568444, 47.8241751], [15.5566916, 47.824335399999995], [15.556769799999998, 47.8245556], [15.5570483, 47.82441819999999], [15.5572963, 47.8244818], [15.557703399999998, 47.824245399999995], [15.558066900000002, 47.8242375], [15.5585108, 47.8243155], [15.5588145, 47.8239638], [15.558673700000002, 47.8237627], [15.5583197, 47.823888800000006], [15.558343800000001, 47.82362069999999], [15.558769300000002, 47.8234741], [15.5581653, 47.82313160000001], [15.557271700000001, 47.823255599999996], [15.5567425, 47.82330170000001], [15.556184599999998, 47.823172], [15.5556857, 47.82292710000001], [15.5558145, 47.822721800000004], [15.555702171642093, 47.82258947557077], [15.55554613994244, 47.82258947557077], [15.551233557055793, 47.82258947557077], [15.551389600000002, 47.82264099999999], [15.5515417, 47.823579], [15.551614099999998, 47.82364749999999]]], [[[15.550212806609107, 47.82258947557077], [15.549712806609106, 47.82258947557077], [15.549379473275772, 47.82258947557077], [15.549212806609107, 47.82258947557077], [15.54879613994244, 47.82258947557077], [15.546629473275773, 47.82258947557077], [15.546620327113214, 47.82258947557077], [15.5465877, 47.822675], [15.5465662, 47.82284430000001], [15.546196100000001, 47.8229163], [15.545691800000002, 47.82280829999999], [15.5451661, 47.82291270000001], [15.544948900000001, 47.82330350000001], [15.5443615, 47.82336289999999], [15.544294400000002, 47.8231919], [15.5439806, 47.823127], [15.543798200000001, 47.8232729], [15.543390500000001, 47.8232477], [15.543626500000002, 47.82346919999999], [15.543706999999998, 47.823606100000006], [15.543690900000001, 47.8237429], [15.5434361, 47.8238924], [15.5431759, 47.823977000000006], [15.5427226, 47.824002199999995], [15.542577800000002, 47.824103099999995], [15.541987700000002, 47.824295799999994], [15.541585399999999, 47.82442], [15.5408558, 47.8245119], [15.5405849, 47.8245803], [15.540204, 47.824598299999984], [15.5400136, 47.8246884], [15.539909, 47.8246542], [15.539785599999998, 47.824679399999994], [15.5396676, 47.8247496], [15.5397105, 47.82450649999999], [15.5399948, 47.82424180000001], [15.5398875, 47.82416070000001], [15.5395603, 47.8241913], [15.5394101, 47.82411570000001], [15.5392411, 47.82444889999999], [15.539415500000002, 47.8246758], [15.539268, 47.824823400000014], [15.5393136, 47.825097199999995], [15.539445, 47.825178199999996], [15.5396596, 47.82493690000001], [15.5397963, 47.82533310000001], [15.5399787, 47.8254951], [15.540094100000001, 47.82530789999999], [15.540375700000002, 47.82538530000001], [15.5403998, 47.8252142], [15.5407298, 47.8252538], [15.540981900000002, 47.8252592], [15.5412099, 47.825403299999984], [15.5412152, 47.8254951], [15.5413529, 47.8255658], [15.5412984, 47.82573639999999], [15.541338600000001, 47.8258895], [15.5412582, 47.8259958], [15.541035500000001, 47.826083999999994], [15.5410221, 47.826224499999995], [15.541073100000002, 47.8263307], [15.5409953, 47.826354099999996], [15.540601, 47.8267485], [15.540330100000002, 47.827395], [15.5402309, 47.827706500000005], [15.5404025, 47.82745439999999], [15.5404589, 47.827558799999984], [15.540638600000001, 47.82757500000001], [15.5406627, 47.82764530000001], [15.5408102, 47.82760919999998], [15.5409229, 47.82709240000001], [15.5412608, 47.82650720000001], [15.541534400000002, 47.82644419999999], [15.5416739, 47.826219099999996], [15.5418026, 47.8262317], [15.541829500000002, 47.82666569999999], [15.5419314, 47.8268709], [15.542188900000001, 47.82702760000001], [15.5426636, 47.826874499999995], [15.542728000000002, 47.82671789999999], [15.5426261, 47.826563], [15.5427414, 47.8265414], [15.5427226, 47.82641889999999], [15.5425027, 47.8262749], [15.542467800000002, 47.8261884], [15.542529500000002, 47.82606959999999], [15.542701199999998, 47.825999399999986], [15.5426958, 47.8258499], [15.543326100000002, 47.82568059999999], [15.543393199999999, 47.8256158], [15.543588999999999, 47.8255438], [15.543597, 47.8257112], [15.543779400000002, 47.82554379999999], [15.5439806, 47.825551], [15.544034200000002, 47.8257094], [15.5442166, 47.82574549999999], [15.5443749, 47.826028199999996], [15.544533100000002, 47.826039], [15.544554600000001, 47.825822900000006], [15.5445492, 47.8256284], [15.544737, 47.82554559999999], [15.544903300000001, 47.82559959999999], [15.544897899999999, 47.82539069999999], [15.5450159, 47.8254069], [15.545091000000001, 47.825668000000015], [15.545300199999998, 47.82572019999999], [15.545402200000002, 47.825608599999995], [15.545410199999997, 47.82537270000001], [15.5455631, 47.82520699999999], [15.5458769, 47.8252178], [15.545946700000002, 47.8250575], [15.5457696, 47.8250197], [15.545997600000002, 47.82494049999999], [15.5462229, 47.82497829999999], [15.5464241, 47.8249117], [15.5463919, 47.824760399999995], [15.5462605, 47.8246704], [15.546094200000002, 47.82466500000001], [15.545755299999998, 47.82471159999999], [15.5454048, 47.824531699999994], [15.545091000000001, 47.82440739999999], [15.5447665, 47.824335399999995], [15.544302499999999, 47.82429400000001], [15.544753100000001, 47.8242868], [15.545032000000003, 47.82433180000001], [15.545335100000003, 47.82442900000001], [15.545710599999998, 47.82460189999999], [15.545954700000001, 47.8246343], [15.546416999999998, 47.82442079999999], [15.546864000000001, 47.824346199999994], [15.5472297, 47.8244632], [15.5475077, 47.824647], [15.547854599999999, 47.824802299999995], [15.5478698, 47.82503590000001], [15.5479369, 47.82516019999999], [15.547797400000002, 47.8253331], [15.547859100000002, 47.825516799999995], [15.547896600000001, 47.8258769], [15.5473709, 47.8258229], [15.5471295, 47.825743700000004], [15.5469364, 47.8259994], [15.546308800000002, 47.8259886], [15.5460674, 47.8260318], [15.545954700000001, 47.826208300000005], [15.545992199999999, 47.826406299999995], [15.5462873, 47.8267161], [15.5465072, 47.8267413], [15.5465716, 47.8268169], [15.546941800000003, 47.826762899999984], [15.547118799999998, 47.82689260000001], [15.5475426, 47.8268601], [15.5475962, 47.82711219999999], [15.5477196, 47.827396799999995], [15.548169299999998, 47.8278342], [15.5481513, 47.828109], [15.5482547, 47.82838379999999], [15.5481423, 47.82867670000001], [15.5478182, 47.82914499999999], [15.5473906, 47.8292309], [15.547456699999998, 47.8289526], [15.547766200000002, 47.82817549999999], [15.545978100000001, 47.82770549999999], [15.5458196, 47.8278188], [15.5464202, 47.82833020000001], [15.5465099, 47.8285672], [15.5464915, 47.82896959999999], [15.5460173, 47.8290827], [15.545473799999998, 47.8290682], [15.545091000000001, 47.8292353], [15.544787900000001, 47.82902099999999], [15.544444899999998, 47.8288736], [15.544098599999998, 47.82891480000001], [15.5438391, 47.8288336], [15.543563600000002, 47.8289002], [15.543471, 47.829186699999994], [15.5435729, 47.8293974], [15.5436641, 47.829334300000006], [15.543859899999998, 47.82931810000001], [15.5439516, 47.829629700000005], [15.5440993, 47.829765], [15.5438358, 47.82981689999999], [15.543133, 47.830294099999996], [15.5428264, 47.8303105], [15.542866700000001, 47.8308028], [15.5430713, 47.8308397], [15.5431491, 47.83096929999999], [15.543485200000001, 47.831106600000005], [15.5442193, 47.8307676], [15.5443752, 47.8306096], [15.545127199999998, 47.83094929999999], [15.5462166, 47.8310484], [15.5468842, 47.83092099999999], [15.547328200000003, 47.830982799999994], [15.5474997, 47.83119799999999], [15.5478442, 47.83145960000001], [15.5478601, 47.831618], [15.5479825, 47.8316788], [15.548065600000001, 47.831628300000006], [15.5480388, 47.8314987], [15.5480602, 47.831397900000006], [15.5481783, 47.83135999999999], [15.5482265, 47.8313961], [15.548116599999998, 47.8318552], [15.548105799999998, 47.8321055], [15.5481461, 47.83236659999999], [15.5483875, 47.832591699999995], [15.548392800000002, 47.833052599999995], [15.548647599999999, 47.8340033], [15.548846100000002, 47.83437240000001], [15.548650300000002, 47.83471449999999], [15.548765699999999, 47.8354293], [15.5491385, 47.835488700000006], [15.5491573, 47.83581459999999], [15.549055300000001, 47.83682459999999], [15.548907799999999, 47.8374565], [15.5488703, 47.837733799999995], [15.5489856, 47.83797330000001], [15.5487817, 47.83780579999999], [15.5486342, 47.8379769], [15.5483285, 47.8388122], [15.548156800000001, 47.8391273], [15.547952899999999, 47.83969619999999], [15.5478322, 47.8402111], [15.547636400000002, 47.840643199999995], [15.5477732, 47.840821399999996], [15.5479771, 47.84138309999999], [15.5483741, 47.84212120000001], [15.5490902, 47.8434119], [15.549210899999999, 47.8438818], [15.5494443, 47.8441014], [15.549615900000001, 47.8444002], [15.5494148, 47.8446576], [15.549548800000002, 47.844882399999996], [15.5496106, 47.8452211], [15.551139199999998, 47.8463594], [15.5514532, 47.8464415], [15.5520058, 47.84684480000001], [15.553904400000002, 47.8478188], [15.5541216, 47.847612500000004], [15.553923500000002, 47.8473722], [15.5536821, 47.84707519999999], [15.5537787, 47.8469816], [15.5544734, 47.84671699999999], [15.554615499999999, 47.8466882], [15.5548435, 47.8464271], [15.554747, 47.8462723], [15.553776000000001, 47.845636899999995], [15.5526441, 47.84470799999998], [15.551826, 47.84424], [15.5503186, 47.84362250000001], [15.549747300000002, 47.8432967], [15.5493262, 47.84292769999999], [15.548910500000002, 47.84235700000001], [15.548738800000002, 47.84190869999999], [15.5487817, 47.841233599999995], [15.548838000000002, 47.8409366], [15.5490473, 47.8405153], [15.549404, 47.83994100000001], [15.5496427, 47.8397754], [15.5497741, 47.839629599999995], [15.5499351, 47.83931270000001], [15.549986000000002, 47.8389743], [15.5499726, 47.8385854], [15.5495274, 47.8379985], [15.549200099999998, 47.8374493], [15.5493316, 47.835901], [15.549409400000002, 47.8355697], [15.5493933, 47.8353878], [15.5494657, 47.835043999999996], [15.5493745, 47.8347091], [15.548934600000003, 47.83397269999999], [15.5489319, 47.8338484], [15.548757600000002, 47.833515299999995], [15.5486637, 47.83318220000001], [15.5486288, 47.83275729999999], [15.548776399999998, 47.8317346], [15.5487791, 47.83142290000001], [15.548648099999998, 47.83096690000001], [15.5486127, 47.83072260000001], [15.5486557, 47.830461500000006], [15.548910500000002, 47.8300132], [15.5489829, 47.8297197], [15.5490902, 47.8297071], [15.5491706, 47.8295954], [15.5492806, 47.82958279999998], [15.5495649, 47.8293901], [15.549849199999999, 47.82912900000001], [15.550219400000001, 47.8287113], [15.550289100000002, 47.828714899999994], [15.5504286, 47.82858339999999], [15.550479600000001, 47.82845019999999], [15.550629799999998, 47.8284232], [15.550761200000002, 47.82814050000001], [15.5506915, 47.8278776], [15.550763900000002, 47.8276759], [15.5507826, 47.82738779999999], [15.550602900000001, 47.826714300000006], [15.5508122, 47.8258103], [15.550742400000003, 47.825605], [15.551316400000001, 47.8249063], [15.5512386, 47.82477479999999], [15.5512333, 47.82459469999999], [15.551321799999998, 47.82450649999999], [15.5511823, 47.82424719999999], [15.551193, 47.8238222], [15.551045500000003, 47.8232837], [15.550906000000001, 47.82288930000001], [15.550945460889933, 47.82258947557077], [15.550879473275772, 47.82258947557077], [15.550212806609107, 47.82258947557077]]]]}}, {"type": "Feature", "properties": {"klasse": "Acker"}, "geometry": {"type": "Polygon", "coordinates": [[[15.5493504, 47.83031209999999], [15.5494148, 47.8302491], [15.549693700000002, 47.83009959999998], [15.5500987, 47.8295486], [15.5501363, 47.8294118], [15.5501336, 47.829276699999994], [15.5502838, 47.82911999999999], [15.5502865, 47.8289454], [15.5487362, 47.8307352], [15.548803200000002, 47.830755], [15.549098300000002, 47.830512], [15.5491331, 47.8304129], [15.5493504, 47.83031209999999]]]}}, {"type": "Feature", "properties": {"klasse": "Acker"}, "geometry": {"type": "Polygon", "coordinates": [[[15.554690699999998, 47.83381239999999], [15.555746300000001, 47.8341311], [15.556928200000002, 47.834424999999996], [15.556648, 47.83496099999999], [15.556749800000002, 47.8354881], [15.557049000000001, 47.83588890000001], [15.5574131, 47.83585600000001], [15.5574131, 47.8356903], [15.5579962, 47.835306799999984], [15.558040700000001, 47.8356291], [15.5582931, 47.8355046], [15.558815, 47.83574199999999], [15.559381800000002, 47.835791199999996], [15.559596399999998, 47.835632700000005], [15.56019, 47.835559], [15.560390300000002, 47.83574070000001], [15.560588800000001, 47.835596699999996], [15.5606371, 47.835405900000005], [15.5604157, 47.83508880000001], [15.5600041, 47.834952099999995], [15.5597734, 47.834905299999996], [15.559591000000001, 47.834491199999995], [15.559430100000002, 47.8344876], [15.559141599999998, 47.8340244], [15.5592692, 47.83361260000001], [15.5586671, 47.83346900000001], [15.5589349, 47.833337099999994], [15.5594404, 47.8333794], [15.559741300000002, 47.83333889999999], [15.559971900000003, 47.8331012], [15.5604762, 47.8331876], [15.5603827, 47.832943], [15.5608195, 47.83244220000001], [15.5607712, 47.8322333], [15.560996500000002, 47.83193080000001], [15.5612862, 47.83189480000001], [15.5615625, 47.8312992], [15.5623491, 47.8310948], [15.562712700000002, 47.830714], [15.561491, 47.830450400000004], [15.560701499999999, 47.83051199999999], [15.5602992, 47.8304543], [15.5600076, 47.83031370000001], [15.5598454, 47.831283799999994], [15.5585235, 47.831704], [15.5581614, 47.83163009999999], [15.5579478, 47.831713], [15.5571181, 47.83151490000001], [15.556340000000002, 47.8312017], [15.556141699999998, 47.8310539], [15.5562523, 47.8308254], [15.5566235, 47.8306319], [15.556544099999998, 47.83050839999999], [15.5556731, 47.83006699999999], [15.5555972, 47.83038770000001], [15.5554038, 47.830736900000005], [15.5545422, 47.8306281], [15.553498299999998, 47.8309445], [15.553094700000003, 47.8308829], [15.552134299999999, 47.830613699999994], [15.551954800000003, 47.83029049999999], [15.5517456, 47.830087000000006], [15.5516275, 47.8295495], [15.551366399999997, 47.829308499999996], [15.5512843, 47.829013800000006], [15.551485499999998, 47.8288992], [15.5521962, 47.82869869999999], [15.5528124, 47.828402099999984], [15.5530009, 47.8285132], [15.552872099999998, 47.82885350000001], [15.552898900000002, 47.8290498], [15.553212800000003, 47.82905880000001], [15.5533871, 47.82887160000001], [15.5536205, 47.8287779], [15.5539557, 47.82871850000001], [15.5546129, 47.82883910000001], [15.554924000000002, 47.82895979999999], [15.5551681, 47.829190299999986], [15.555090299999998, 47.829352300000004], [15.555331700000002, 47.8293721], [15.555377300000002, 47.82919750000001], [15.555476500000001, 47.8291309], [15.555527500000002, 47.828925600000005], [15.555374600000002, 47.82888779999999], [15.5554068, 47.8289598], [15.5552083, 47.82909839999999], [15.555117100000002, 47.82900120000001], [15.5551225, 47.82878869999999], [15.5549267, 47.828842699999996], [15.554578000000001, 47.8286537], [15.554575300000002, 47.828552800000004], [15.554728200000001, 47.82847900000001], [15.554752300000002, 47.82836199999999], [15.5549723, 47.82838], [15.555152, 47.82857980000001], [15.5555168, 47.82858519999999], [15.5557126, 47.8283944], [15.5553478, 47.828194499999995], [15.555184200000001, 47.82815490000001], [15.5555516, 47.827951399999996], [15.5557823, 47.82813509999999], [15.555929800000001, 47.8281261], [15.5559003, 47.82802879999999], [15.556114900000003, 47.82806839999999], [15.5562732, 47.82797119999999], [15.5561498, 47.82789559999999], [15.555827899999999, 47.82789379999999], [15.555978099999999, 47.82771730000001], [15.5561444, 47.827751500000005], [15.5562007, 47.827522800000004], [15.556072000000002, 47.8274274], [15.5561176, 47.82717709999999], [15.556232900000001, 47.82720230000001], [15.556393900000002, 47.8270906], [15.5564153, 47.82724549999999], [15.5566487, 47.8271609], [15.556756, 47.8274598], [15.556874000000002, 47.82736979999999], [15.556981300000002, 47.8275156], [15.5571127, 47.8275732], [15.557147599999999, 47.8278073], [15.5570564, 47.8280774], [15.5568525, 47.82830969999999], [15.557013400000002, 47.8283115], [15.5572602, 47.828030599999984], [15.5573246, 47.82769569999999], [15.557311199999997, 47.827404000000016], [15.5572602, 47.8272653], [15.5570644, 47.82702579999999], [15.5577162, 47.82646939999999], [15.557619600000002, 47.826233499999994], [15.5569571, 47.826696299999995], [15.556249, 47.82679530000001], [15.5560425, 47.826952000000006], [15.5556294, 47.8270312], [15.555487300000001, 47.82726709999999], [15.5552593, 47.8273193], [15.5549535, 47.82731929999999], [15.554709400000002, 47.8272779], [15.5546477, 47.82715189999999], [15.5542669, 47.82726529999999], [15.553923500000002, 47.8272275], [15.553695599999998, 47.8270402], [15.5532101, 47.826980799999994], [15.552872099999998, 47.82700599999999], [15.5525932, 47.8272365], [15.552027199999998, 47.8272977], [15.551794000000001, 47.82730419999999], [15.5516324, 47.82738319999999], [15.551724099999998, 47.82745260000001], [15.551523400000002, 47.82754329999999], [15.5514854, 47.8276795], [15.5513352, 47.8276633], [15.551480100000001, 47.8278253], [15.5513808, 47.82798019999999], [15.551370100000002, 47.82818369999999], [15.5515337, 47.8283295], [15.551281400000002, 47.828458600000005], [15.550001499999999, 47.83069449999999], [15.5496722, 47.831457300000004], [15.5497286, 47.831732800000005], [15.5495274, 47.832081099999996], [15.550104100000002, 47.832591699999995], [15.5507142, 47.8334477], [15.5513409, 47.83310889999999], [15.551563200000002, 47.833237999999994], [15.551903800000002, 47.833183999999996], [15.5519816, 47.8332056], [15.551649, 47.8333587], [15.5517443, 47.8334494], [15.5521399, 47.83336769999999], [15.552483200000001, 47.833398300000006], [15.552713900000002, 47.833594600000005], [15.553996, 47.8336576], [15.554264500000002, 47.8337123], [15.554215900000003, 47.833893399999994], [15.5540094, 47.834309399999995], [15.553872600000002, 47.8348171], [15.5540496, 47.834770299999995], [15.554164900000002, 47.8343526], [15.55435, 47.833999699999985], [15.5543849, 47.83373679999999], [15.5546417, 47.8334762], [15.554580699999999, 47.8337152], [15.554690699999998, 47.83381239999999]]]}}, {"type": "Feature", "properties": {"klasse": "Acker"}, "geometry": {"type": "Polygon", "coordinates": [[[15.5498332, 47.8353068], [15.549661500000001, 47.83537520000001], [15.549747300000002, 47.835474299999994], [15.5496186, 47.8357443], [15.549605200000002, 47.83595139999999], [15.5496776, 47.836277300000006], [15.5498841, 47.8363043], [15.5500478, 47.8366554], [15.550160400000001, 47.83662480000001], [15.5500934, 47.8362737], [15.550155000000002, 47.83605579999999], [15.550318700000002, 47.83585239999999], [15.550721000000001, 47.83562009999999], [15.550718300000002, 47.8352546], [15.550806800000002, 47.83491430000001], [15.550965099999999, 47.8346803], [15.5508792, 47.834707300000005], [15.550104100000002, 47.835319399999996], [15.5498332, 47.8353068]]]}}, {"type": "Feature", "properties": {"klasse": "Acker"}, "geometry": {"type": "Polygon", "coordinates": [[[15.546513199999998, 47.83614560000001], [15.5461918, 47.836358000000004], [15.5461609, 47.836565400000005], [15.5464804, 47.8368084], [15.5467113, 47.8369297], [15.546462900000002, 47.8373301], [15.5465904, 47.837498], [15.547003, 47.8376792], [15.547547600000001, 47.8381567], [15.5476847, 47.838142500000004], [15.547636400000002, 47.8380633], [15.5478962, 47.8378649], [15.5480277, 47.83698], [15.5480964, 47.83639029999999], [15.5470705, 47.836073799999994], [15.546513199999998, 47.83614560000001]]]}}, {"type": "Feature", "properties": {"klasse": "Acker"}, "geometry": {"type": "Polygon", "coordinates": [[[15.535955400000002, 47.84025969999999], [15.5357838, 47.8406558], [15.5358374, 47.840821399999996], [15.535422599999999, 47.84116130000001], [15.535172199999998, 47.841098599999995], [15.534479999999999, 47.8417248], [15.5340993, 47.8417647], [15.5337388, 47.84165649999999], [15.532970000000002, 47.8419624], [15.5330043, 47.8424231], [15.5333475, 47.8426188], [15.533261700000002, 47.8428722], [15.5337195, 47.843029099999995], [15.5337185, 47.84318330000001], [15.5331554, 47.84380740000001], [15.532592500000002, 47.843968100000005], [15.530976500000001, 47.845014400000004], [15.5307627, 47.8452787], [15.5300359, 47.845426999999994], [15.5301538, 47.845640499999995], [15.5303752, 47.845701], [15.5304676, 47.8458745], [15.530604400000001, 47.8458799], [15.5306232, 47.84601850000001], [15.530793300000001, 47.84596229999999], [15.5310282, 47.84605630000001], [15.5314198, 47.846027500000005], [15.5315351, 47.8460725], [15.531733600000003, 47.8460869], [15.531717499999997, 47.84616969999999], [15.5313313, 47.846758400000006], [15.5313742, 47.8468592], [15.531261599999999, 47.8470266], [15.5309209, 47.84731099999999], [15.5309719, 47.84734159999999], [15.531454700000001, 47.8471598], [15.531604900000001, 47.846958199999996], [15.5316585, 47.84665579999999], [15.531902599999999, 47.84621649999999], [15.5320179, 47.8461391], [15.5321225, 47.8458547], [15.532315700000002, 47.84559370000001], [15.532355899999999, 47.84534349999999], [15.532549000000001, 47.845201299999985], [15.532738500000002, 47.84525450000001], [15.534322600000001, 47.844475599999996], [15.5346921, 47.84459820000001], [15.535340200000002, 47.84484350000001], [15.5354413, 47.8451368], [15.535759600000002, 47.84516169999999], [15.535866899999998, 47.84512389999998], [15.536681500000002, 47.8453295], [15.536960799999997, 47.845276399999996], [15.5371383, 47.84513470000001], [15.5366877, 47.84495470000001], [15.536258400000001, 47.844518900000004], [15.5360359, 47.84419859999999], [15.5356926, 47.84404920000001], [15.5355376, 47.8437841], [15.535708700000002, 47.8434965], [15.535640600000002, 47.84334909999999], [15.535821299999999, 47.8431473], [15.536073399999998, 47.84308970000001], [15.5362535, 47.8432579], [15.5365777, 47.84300869999999], [15.5364516, 47.842915100000006], [15.536609900000002, 47.84285930000001], [15.536725200000001, 47.8426666], [15.5370069, 47.8423462], [15.5373254, 47.84215869999999], [15.536912000000001, 47.841908200000006], [15.5377159, 47.841384899999994], [15.538028800000001, 47.8413345], [15.5382326, 47.8413651], [15.539043700000002, 47.8411005], [15.540519700000003, 47.840269600000006], [15.5405973, 47.8401715], [15.541006, 47.839842], [15.541532600000002, 47.83964159999999], [15.541837200000002, 47.8395965], [15.542153500000001, 47.83961070000001], [15.543011000000002, 47.839947], [15.5436641, 47.8401391], [15.544220300000001, 47.8403494], [15.544519, 47.8401753], [15.545061199999997, 47.840443300000004], [15.5464477, 47.84099749999999], [15.5472983, 47.84113809999999], [15.547456699999998, 47.84103559999999], [15.547686700000002, 47.84111910000001], [15.5476015, 47.84069869999999], [15.546804999999999, 47.8402165], [15.5466413, 47.83994280000001], [15.5466145, 47.8397592], [15.546888100000002, 47.8391219], [15.546898800000001, 47.8389058], [15.546780800000002, 47.8390427], [15.5468345, 47.8387654], [15.546689600000002, 47.8383873], [15.546351700000002, 47.8381317], [15.5458313, 47.837991300000006], [15.5451286, 47.83764559999999], [15.5445224, 47.8374764], [15.5440932, 47.837303500000004], [15.5431223, 47.83673099999999], [15.5435085, 47.8368354], [15.544340000000002, 47.8372927], [15.544973, 47.8375088], [15.545847400000001, 47.83785439999998], [15.545665, 47.8375844], [15.545310999999998, 47.83748719999999], [15.544714399999998, 47.8370349], [15.543680200000003, 47.8365094], [15.5432233, 47.836556499999986], [15.543469299999998, 47.83604350000001], [15.5432296, 47.8356219], [15.5428058, 47.83545269999998], [15.542496200000002, 47.8350825], [15.542336, 47.83424489999999], [15.5413714, 47.83357620000001], [15.5390966, 47.83283250000001], [15.538611100000002, 47.833094900000006], [15.5384231, 47.832967999999994], [15.5385464, 47.8326331], [15.538207, 47.832222], [15.537381, 47.8322024], [15.537221399999998, 47.8324926], [15.5368741, 47.832669799999984], [15.536511500000001, 47.83338380000001], [15.536537799999998, 47.8335961], [15.5374404, 47.833504], [15.537566199999999, 47.83375859999999], [15.537866300000001, 47.833727], [15.5378249, 47.834006900000006], [15.5381253, 47.834235499999984], [15.538791, 47.834361200000004], [15.5393991, 47.835103899999986], [15.5394959, 47.8354599], [15.5394545, 47.835789899999995], [15.5395094, 47.83595450000001], [15.5397561, 47.8360972], [15.5399117, 47.8360648], [15.5399036, 47.835971199999996], [15.5399787, 47.83594780000001], [15.5401424, 47.83597480000001], [15.540332800000002, 47.8361026], [15.540917500000003, 47.8362305], [15.541177700000002, 47.83633849999999], [15.5416161, 47.83658640000001], [15.542442, 47.837054299999984], [15.5430753, 47.83713409999999], [15.5445152, 47.837665599999994], [15.545135, 47.8384483], [15.5459028, 47.839098099999994], [15.5462229, 47.8394874], [15.5463999, 47.83973759999999], [15.546303400000001, 47.839748400000005], [15.5459735, 47.8395666], [15.5457721, 47.8392957], [15.545454700000002, 47.839046], [15.544872500000002, 47.838605300000005], [15.544424500000002, 47.83806179999999], [15.5438671, 47.8377076], [15.54264, 47.83739839999999], [15.542765399999999, 47.837568499999996], [15.5423713, 47.8374385], [15.5417651, 47.8371433], [15.541369499999998, 47.8368113], [15.541400299999998, 47.836723799999994], [15.5412796, 47.8366158], [15.540635900000002, 47.8363295], [15.5401638, 47.8362503], [15.539833900000001, 47.83625030000001], [15.5394897, 47.8363515], [15.538367, 47.83614889999999], [15.537945699999998, 47.835907299999995], [15.537801300000002, 47.835758899999995], [15.537116800000002, 47.83568489999998], [15.5361041, 47.835791], [15.535378799999998, 47.8356183], [15.535417900000002, 47.835434199999995], [15.5348772, 47.835242], [15.5349746, 47.834946099999996], [15.534552900000001, 47.834835399999996], [15.5331801, 47.8349716], [15.5328199, 47.8351898], [15.532447100000002, 47.83518799999999], [15.5322808, 47.83530139999999], [15.531755100000002, 47.8350854], [15.531851600000001, 47.8353752], [15.5320421, 47.8354347], [15.5319777, 47.835551699999996], [15.532066199999997, 47.835670499999985], [15.532514200000001, 47.83587579999999], [15.532508799999999, 47.835922599999996], [15.532449800000002, 47.83596759999999], [15.5322754, 47.8359298], [15.531993800000002, 47.83571549999999], [15.531808700000001, 47.8354977], [15.531647800000002, 47.8350944], [15.531401, 47.83501700000001], [15.531183800000003, 47.83475049999999], [15.530910200000001, 47.8345902], [15.530792200000002, 47.834619], [15.530701000000002, 47.8347739], [15.5307305, 47.8349179], [15.530692900000002, 47.8353266], [15.530754599999998, 47.83563269999999], [15.5309263, 47.835837999999995], [15.5307734, 47.8359496], [15.5304864, 47.83588840000001], [15.5299687, 47.8359496], [15.5295879, 47.83614039999999], [15.5292445, 47.836192700000005], [15.5292392, 47.836282700000005], [15.529507399999998, 47.8362467], [15.5297381, 47.8363385], [15.5301297, 47.8363241], [15.5306098, 47.83640869999999], [15.5312669, 47.836399699999994], [15.5319267, 47.8362935], [15.5321521, 47.8363835], [15.5320088, 47.83643910000001], [15.5310711, 47.8364699], [15.530601699999998, 47.8366068], [15.528963300000001, 47.836592399999994], [15.5286223, 47.836525699999996], [15.5283272, 47.83639790000001], [15.528324500000002, 47.8364951], [15.528193100000001, 47.83664999999999], [15.5283567, 47.836745400000005], [15.528485500000002, 47.8369578], [15.528523, 47.836731], [15.528635700000002, 47.83668779999999], [15.5288717, 47.83670399999999], [15.528949500000001, 47.836884], [15.5292491, 47.8371806], [15.529786300000001, 47.8372603], [15.5301137, 47.83726289999999], [15.530373599999999, 47.83742509999999], [15.5299839, 47.837688500000006], [15.529536900000002, 47.8384324], [15.5297273, 47.8384486], [15.529751500000001, 47.838571], [15.5295603, 47.8387864], [15.5292716, 47.83873710000001], [15.528986999999999, 47.8392407], [15.529191500000001, 47.83951039999999], [15.529384000000002, 47.839525200000004], [15.529464499999998, 47.8394261], [15.5297729, 47.83945489999999], [15.529848000000001, 47.8392821], [15.5301362, 47.8391688], [15.530435400000002, 47.839211899999995], [15.5309005, 47.838981800000006], [15.531189100000002, 47.83848100000001], [15.5315166, 47.83847300000001], [15.5315234, 47.8385961], [15.531626500000002, 47.83864400000001], [15.5317202, 47.838606999999996], [15.531709500000002, 47.83848819999999], [15.5319838, 47.838423500000005], [15.532126600000002, 47.83848760000001], [15.5332135, 47.8381462], [15.533847100000001, 47.83762560000001], [15.533850399999999, 47.837350099999995], [15.534322600000001, 47.837460699999994], [15.535091300000001, 47.83721], [15.536025200000001, 47.83742229999999], [15.5364376, 47.837675999999995], [15.5374467, 47.8377788], [15.5377901, 47.8377716], [15.538658, 47.83786899999999], [15.5387157, 47.838045699999995], [15.5384123, 47.83836569999998], [15.5381924, 47.83835129999999], [15.5375823, 47.8387485], [15.537191, 47.83931720000001], [15.5361786, 47.83961300000001], [15.5364371, 47.839993699999994], [15.536196800000003, 47.8404181], [15.535955400000002, 47.84025969999999]]]}}, {"type": "Feature", "properties": {"klasse": "Acker"}, "geometry": {"type": "Polygon", "coordinates": [[[15.5488315, 47.847498899999984], [15.5484706, 47.8475504], [15.548108500000001, 47.8474298], [15.5478808, 47.847596899999985], [15.547942, 47.847766], [15.5484601, 47.8479374], [15.548661700000002, 47.8477974], [15.548798399999999, 47.84786259999999], [15.5486976, 47.84799540000001], [15.548909900000002, 47.848251399999995], [15.549075500000002, 47.84821029999999], [15.549620399999998, 47.847988099999995], [15.550011099999999, 47.84831939999999], [15.550154700000002, 47.84857519999999], [15.5500891, 47.8487945], [15.549946299999998, 47.8488527], [15.551087, 47.849198], [15.551228300000002, 47.84912409999999], [15.5515156, 47.848893200000006], [15.5517759, 47.8488502], [15.552087300000002, 47.84874169999999], [15.552286499999997, 47.84864319999999], [15.552351899999998, 47.8486038], [15.552496, 47.84860779999999], [15.552593900000002, 47.848579900000004], [15.5526823, 47.8485546], [15.553001899999998, 47.848328900000006], [15.5530956, 47.8482523], [15.553180900000001, 47.84819180000001], [15.553218099999999, 47.848157099999995], [15.553221700000002, 47.8481257], [15.553178900000002, 47.8480944], [15.5518014, 47.847363300000005], [15.5510268, 47.846866399999996], [15.5508202, 47.846662999999985], [15.550093500000001, 47.8463775], [15.549943100000002, 47.84615530000001], [15.5493316, 47.84563310000001], [15.548800500000002, 47.8458583], [15.548800399999998, 47.84605679999999], [15.548909900000002, 47.8463508], [15.5491187, 47.8466403], [15.5493248, 47.8466097], [15.5493691, 47.846690100000004], [15.549208199999999, 47.846726], [15.548997200000002, 47.8466826], [15.548737200000001, 47.846971499999995], [15.548672, 47.84730879999999], [15.5488512, 47.8474005], [15.5488315, 47.847498899999984]]]}}, {"type": "Feature", "properties": {"klasse": "Acker"}, "geometry": {"type": "Polygon", "coordinates": [[[15.5096313, 47.84787299999999], [15.5088621, 47.8484043], [15.508695700000002, 47.848965699999994], [15.5091365, 47.8488329], [15.509676199999998, 47.84833780000001], [15.5104049, 47.848042], [15.510548800000002, 47.847528900000015], [15.510890699999997, 47.8472874], [15.5108232, 47.84693719999999], [15.510315, 47.84713339999999], [15.5102835, 47.8474262], [15.5096313, 47.847734100000004], [15.5096313, 47.84787299999999]]]}}, {"type": "Feature", "properties": {"klasse": "Acker"}, "geometry": {"type": "Polygon", "coordinates": [[[15.5554551, 47.85126549999999], [15.555374600000002, 47.851128800000005], [15.555498, 47.8509416], [15.5552351, 47.850988399999984], [15.5551118, 47.85090199999999], [15.5547953, 47.85104239999999], [15.5547416, 47.8509488], [15.5544573, 47.85110719999999], [15.554274900000001, 47.85138070000001], [15.554290999999997, 47.851539100000004], [15.5542052, 47.85171549999999], [15.5536205, 47.85203949999999], [15.553110800000002, 47.851855900000004], [15.5528051, 47.851693899999994], [15.5523491, 47.851323099999995], [15.5518931, 47.8512655], [15.5517483, 47.85131950000001], [15.5514693, 47.8511864], [15.5508792, 47.851128800000005], [15.550511399999998, 47.8512498], [15.550763300000002, 47.85167460000001], [15.550434099999999, 47.85165070000001], [15.5499211, 47.8512074], [15.549970300000002, 47.85077820000001], [15.550863200000002, 47.85054929999999], [15.5509624, 47.850374599999995], [15.5516437, 47.85026479999999], [15.5516329, 47.8501928], [15.551372800000001, 47.85018199999999], [15.5508926, 47.85021259999999], [15.5500209, 47.85020900000001], [15.5498037, 47.85018019999999], [15.549664199999999, 47.8502558], [15.5493799, 47.85014060000001], [15.5490339, 47.84972119999999], [15.5488086, 47.8495916], [15.5488381, 47.8493666], [15.548706600000001, 47.849273], [15.5484223, 47.8491848], [15.548207800000002, 47.8491884], [15.5480844, 47.84894179999999], [15.5481219, 47.8487582], [15.548255999999999, 47.84872399999999], [15.5483875, 47.84875099999999], [15.5484894, 47.84869520000001], [15.5484223, 47.84848279999999], [15.548253400000002, 47.84832440000002], [15.548255999999999, 47.8482002], [15.5478644, 47.84813719999999], [15.547100000000002, 47.8479626], [15.5462497, 47.8478186], [15.545909100000001, 47.8478078], [15.5460059, 47.8476102], [15.5469392, 47.847666799999985], [15.546663699999998, 47.8469612], [15.546253299999998, 47.8467122], [15.5461633, 47.846233], [15.545290099999999, 47.845191], [15.544720800000002, 47.8447995], [15.5442991, 47.845191], [15.5442218, 47.845997600000004], [15.543975800000002, 47.846224], [15.5436314, 47.8461627], [15.5429005, 47.8455212], [15.5418041, 47.8454882], [15.5415019, 47.845875], [15.539090800000002, 47.8453255], [15.5397607, 47.8465415], [15.5395822, 47.8465723], [15.538530299999998, 47.84567439999999], [15.538069000000002, 47.8455559], [15.537842300000001, 47.8457786], [15.536916499999998, 47.8461804], [15.536864700000002, 47.846436100000005], [15.5369452, 47.8465928], [15.536789700000002, 47.84673289999999], [15.535449300000002, 47.8468472], [15.535153400000002, 47.846605399999994], [15.535291199999998, 47.8463425], [15.535303599999999, 47.846069899999996], [15.535007700000001, 47.845754899999996], [15.5346519, 47.8458367], [15.534590700000003, 47.84621379999999], [15.5349256, 47.84670789999999], [15.534924899999998, 47.8470805], [15.534742900000001, 47.847436900000005], [15.534404, 47.84758399999999], [15.5344909, 47.84773040000001], [15.5346438, 47.847647599999995], [15.5347913, 47.8477232], [15.5350274, 47.8476836], [15.535309000000002, 47.8474496], [15.535576700000002, 47.8473596], [15.535961100000002, 47.847588], [15.5373448, 47.84770590000001], [15.537805999999998, 47.847683800000006], [15.5400023, 47.848126], [15.539991299999999, 47.84831760000001], [15.5391677, 47.84849449999999], [15.5390798, 47.8489072], [15.5399364, 47.8492535], [15.5408039, 47.848988199999994], [15.5410894, 47.84879659999999], [15.541177300000001, 47.848907200000006], [15.5412981, 47.8490693], [15.541946000000001, 47.84903249999999], [15.541967900000001, 47.848708200000004], [15.5421327, 47.848634499999996], [15.5427916, 47.84911350000001], [15.543219799999997, 47.84912089999999], [15.5435493, 47.8489514], [15.5443839, 47.849025099999984], [15.5446694, 47.84909139999999], [15.5445815, 47.84943039999999], [15.5444388, 47.84997569999999], [15.544533100000002, 47.8500452], [15.5439162, 47.850306200000006], [15.5441537, 47.850412999999996], [15.5440874, 47.8506316], [15.5441174, 47.850774200000004], [15.5438128, 47.85105420000001], [15.5436371, 47.8514128], [15.5429829, 47.85155139999999], [15.5421044, 47.8515985], [15.5417354, 47.85165749999999], [15.541753000000002, 47.8519522], [15.541164399999998, 47.8521821], [15.5399801, 47.8526464], [15.5399331, 47.85274330000001], [15.540287200000002, 47.852730700000016], [15.5402604, 47.8529772], [15.5404454, 47.8529988], [15.540743200000001, 47.8529628], [15.541513, 47.85300240000001], [15.542486600000002, 47.8529538], [15.542942600000002, 47.8528692], [15.544082500000002, 47.85311939999998], [15.5446136, 47.8531086], [15.544857699999998, 47.853272399999994], [15.545024, 47.8531932], [15.5454719, 47.85266949999999], [15.5458152, 47.8525939], [15.546539400000002, 47.8527199], [15.5468693, 47.852460699999995], [15.547059800000001, 47.85217630000001], [15.5472314, 47.852230299999995], [15.5477867, 47.85234549999999], [15.547902000000002, 47.8524247], [15.5483794, 47.8524787], [15.548771, 47.85245350000001], [15.549001700000002, 47.8526083], [15.5491358, 47.8528098], [15.5492002, 47.85297719999999], [15.5491868, 47.85308160000001], [15.549106300000002, 47.853186], [15.5487737, 47.85334439999999], [15.547387000000002, 47.8534614], [15.547142900000003, 47.8535334], [15.5470318, 47.853647099999996], [15.5470303, 47.85388619999999], [15.547145600000002, 47.8540049], [15.5469364, 47.85410209999999], [15.5471402, 47.8544243], [15.547121600000002, 47.85473240000001], [15.546751299999999, 47.85461690000001], [15.546258200000002, 47.854609499999995], [15.546021700000002, 47.8548041], [15.545935900000002, 47.855113599999996], [15.545986500000001, 47.85533579999999], [15.5462283, 47.85512799999999], [15.546416, 47.8550524], [15.546861299999998, 47.85509559999999], [15.547208, 47.855045399999995], [15.548915000000001, 47.8545169], [15.550051300000002, 47.854416300000004], [15.551249300000002, 47.85417669999998], [15.5514693, 47.8540409], [15.552107700000002, 47.8538535], [15.5534747, 47.8530095], [15.554435000000002, 47.852747099999995], [15.556375100000002, 47.8519889], [15.557635, 47.8518266], [15.557629700000001, 47.8515636], [15.556904800000002, 47.85138570000001], [15.556978600000003, 47.851204300000006], [15.5568767, 47.851204300000006], [15.5568069, 47.85107120000001], [15.556667400000002, 47.851078400000006], [15.5565494, 47.85095239999998], [15.556426000000002, 47.85125829999999], [15.5564529, 47.851391499999984], [15.5561578, 47.8515391], [15.556002299999998, 47.85131589999999], [15.5554551, 47.85126549999999]]]}}, {"type": "Feature", "properties": {"klasse": "Acker"}, "geometry": {"type": "Polygon", "coordinates": [[[15.5280268, 47.853303], [15.5281851, 47.8531284], [15.5284265, 47.85310320000001], [15.5283836, 47.8528908], [15.527836400000002, 47.85315000000001], [15.5275145, 47.853112199999984], [15.527184600000002, 47.85313200000001], [15.5270451, 47.853076200000004], [15.527203400000001, 47.853022200000005], [15.5272141, 47.8527073], [15.5267072, 47.8528386], [15.5266187, 47.8529304], [15.5261561, 47.8528382], [15.5263773, 47.85266049999999], [15.5265489, 47.8524229], [15.526683000000002, 47.8521565], [15.5266052, 47.852005299999995], [15.5264738, 47.8519063], [15.526444299999998, 47.85169930000001], [15.5261707, 47.85188109999999], [15.526138499999998, 47.851690299999994], [15.525918600000002, 47.8515103], [15.5256101, 47.85156250000001], [15.5255672, 47.8517605], [15.525312400000002, 47.8521043], [15.525476000000001, 47.852233899999995], [15.525384800000001, 47.8523905], [15.525481400000002, 47.8528296], [15.525333900000001, 47.853087], [15.525537700000001, 47.8531122], [15.525749599999997, 47.85300959999999], [15.525889099999999, 47.8530528], [15.526149299999998, 47.8530996], [15.5265033, 47.85307439999998], [15.527399200000001, 47.853267], [15.5280268, 47.853303]]]}}, {"type": "Feature", "properties": {"klasse": "Acker"}, "geometry": {"type": "Polygon", "coordinates": [[[15.506279200000002, 47.8523653], [15.506226700000001, 47.85270009999999], [15.5057841, 47.852627099999985], [15.505701499999999, 47.85266740000001], [15.505810299999998, 47.8528788], [15.505994099999999, 47.85312799999999], [15.5062454, 47.8532337], [15.5064517, 47.8531708], [15.506534299999998, 47.8530147], [15.506444200000002, 47.8526674], [15.506639300000002, 47.8523301], [15.506643, 47.8520205], [15.506440500000002, 47.852083400000005], [15.506279200000002, 47.8523653]]]}}, {"type": "Feature", "properties": {"klasse": "Acker"}, "geometry": {"type": "Polygon", "coordinates": [[[15.5088088, 47.8522825], [15.508393, 47.8523887], [15.5081007, 47.852755899999984], [15.508623700000001, 47.85329580000001], [15.5088919, 47.85350460000001], [15.5089161, 47.85332639999999], [15.5091333, 47.85314819999999], [15.5091575, 47.85290880000001], [15.509358600000002, 47.852759500000005], [15.5096108, 47.852694699999994], [15.5094498, 47.8524229], [15.5093479, 47.85210070000001], [15.509278200000002, 47.8519873], [15.508824900000002, 47.85206469999999], [15.5088088, 47.8522825]]]}}, {"type": "Feature", "properties": {"klasse": "Acker"}, "geometry": {"type": "Polygon", "coordinates": [[[15.552919, 47.855618400000004], [15.553017900000002, 47.8557719], [15.552963900000002, 47.85585839999999], [15.553239699999999, 47.8558298], [15.5532434, 47.855915200000005], [15.553000099999998, 47.8561685], [15.5531771, 47.8562583], [15.5534537, 47.85624529999999], [15.5539194, 47.85633730000001], [15.5541039, 47.856333799999994], [15.5542018, 47.85646400000001], [15.5545018, 47.85645819999999], [15.5546567, 47.8565718], [15.5550453, 47.8564788], [15.5553043, 47.85632619999999], [15.5550321, 47.85616829999999], [15.5543284, 47.85590989999999], [15.5533178, 47.8549502], [15.5532941, 47.8546632], [15.5529955, 47.8542803], [15.5525446, 47.854496999999995], [15.5517486, 47.854738000000005], [15.5518556, 47.85499660000001], [15.5516274, 47.8551071], [15.551902600000002, 47.8550629], [15.5518834, 47.85525460000001], [15.552548900000001, 47.85533019999999], [15.552919, 47.855618400000004]]]}}, {"type": "Feature", "properties": {"klasse": "Acker"}, "geometry": {"type": "Polygon", "coordinates": [[[15.550319600000002, 47.85557509999999], [15.5506261, 47.85545259999999], [15.550675200000002, 47.85552160000001], [15.550811, 47.85545690000001], [15.550943799999999, 47.855594200000006], [15.551059200000001, 47.855592], [15.5510773, 47.855747], [15.551229200000002, 47.85579069999999], [15.551393500000001, 47.8556385], [15.5513334, 47.85525259999999], [15.5516449, 47.855246599999994], [15.5516274, 47.8551071], [15.5512387, 47.855034399999994], [15.551217200000002, 47.85491209999999], [15.550159200000001, 47.8551218], [15.549320900000001, 47.8552], [15.548803800000002, 47.8552709], [15.547693299999999, 47.8555298], [15.547440600000002, 47.855542], [15.5468211, 47.8556896], [15.5466855, 47.85561559999999], [15.546668200000001, 47.855433999999995], [15.5465233, 47.85541059999999], [15.546298000000002, 47.8557345], [15.5459594, 47.85590749999999], [15.545750900000002, 47.85626729999999], [15.5457804, 47.8564095], [15.546102199999998, 47.856566], [15.546300700000002, 47.85645079999999], [15.546528600000002, 47.8566219], [15.546941800000003, 47.8563411], [15.5474725, 47.856121400000006], [15.5478598, 47.8561041], [15.5479138, 47.856017599999994], [15.549868, 47.8555449], [15.550319600000002, 47.85557509999999]]]}}, {"type": "Feature", "properties": {"klasse": "Acker"}, "geometry": {"type": "Polygon", "coordinates": [[[15.519879473275774, 47.856760116592866], [15.519879473275774, 47.85681979053153], [15.519768430357404, 47.8568268387889], [15.519629473275772, 47.8568268387889], [15.519629473275772, 47.85683565884954], [15.5192066, 47.8568625], [15.518054000000001, 47.85691909999999], [15.517182499999999, 47.8569945], [15.5165692, 47.857009700000006], [15.5157615, 47.856722800000014], [15.515376400000001, 47.8567017], [15.5150678, 47.85648060000001], [15.5149938, 47.85619320000001], [15.5151204, 47.8560479], [15.5149686, 47.85569770000001], [15.514629400000002, 47.85548299999999], [15.5146243, 47.8551082], [15.515221699999998, 47.85503750000001], [15.515228700000002, 47.854792199999984], [15.514627900000002, 47.854661], [15.514630000000002, 47.8543805], [15.514766, 47.85408049999999], [15.5150905, 47.853681], [15.515571600000001, 47.85296710000001], [15.515913999999999, 47.85295200000001], [15.516056099999998, 47.85265869999999], [15.5162895, 47.85252549999999], [15.5166274, 47.85241030000001], [15.5168286, 47.8521241], [15.5168232, 47.8519225], [15.516724, 47.85162549999999], [15.5165684, 47.851458099999995], [15.5162761, 47.851369899999995], [15.5161259, 47.8514761], [15.516082900000002, 47.85160930000001], [15.5157772, 47.8516903], [15.5155706, 47.8521439], [15.5158335, 47.85221229999999], [15.5155653, 47.85271809999999], [15.5152434, 47.8530798], [15.5147164, 47.85338789999999], [15.514314900000002, 47.85411739999999], [15.5141732, 47.8547321], [15.5142327, 47.854792999999994], [15.5139747, 47.8548041], [15.513798400000002, 47.8547039], [15.5139508, 47.853941199999994], [15.514159799999998, 47.8535082], [15.5142737, 47.8531149], [15.514127999999998, 47.852866999999996], [15.51425, 47.85272169999999], [15.5147227, 47.852976599999984], [15.515417199999998, 47.85228529999999], [15.5153346, 47.852228499999995], [15.5148888, 47.852290399999994], [15.5145138, 47.85216369999999], [15.514226099999998, 47.8522657], [15.5138701, 47.8522465], [15.5138765, 47.8524782], [15.513758699999999, 47.85269079999999], [15.513333000000001, 47.852712299999986], [15.5130531, 47.85283999999999], [15.513345100000002, 47.8530001], [15.5133161, 47.8531826], [15.512984900000001, 47.85328229999999], [15.5128813, 47.8536793], [15.513475, 47.85385010000001], [15.513036800000002, 47.854896200000006], [15.5132831, 47.855040699999996], [15.5134222, 47.8547861], [15.5135643, 47.85501639999999], [15.513570800000002, 47.855504399999994], [15.5133058, 47.8557993], [15.512570600000002, 47.8557327], [15.5112791, 47.855433999999995], [15.5098539, 47.85504590000001], [15.509680500000002, 47.8549498], [15.509170900000003, 47.8548455], [15.508406, 47.8542455], [15.508206300000001, 47.8540408], [15.507937100000001, 47.8535307], [15.5078734, 47.85261200000001], [15.5079016, 47.852055500000006], [15.507859200000002, 47.85169030000001], [15.507719800000002, 47.8515895], [15.507426500000001, 47.8515668], [15.507352300000003, 47.85281160000001], [15.507491300000002, 47.85357849999999], [15.5079333, 47.854118099999994], [15.5079981, 47.854462299999994], [15.508130200000002, 47.85456829999999], [15.5080937, 47.854586899999994], [15.507483800000001, 47.8542857], [15.5067834, 47.8540336], [15.506330399999998, 47.85400309999999], [15.5060195, 47.85405490000001], [15.505696500000003, 47.85426399999999], [15.505061699999999, 47.85457009999999], [15.50504613994244, 47.854574354395474], [15.50504613994244, 47.85476879831761], [15.5058473, 47.854439400000004], [15.5061943, 47.8544561], [15.506418900000002, 47.854499], [15.506590599999997, 47.854562900000005], [15.5067274, 47.85472399999999], [15.506579899999998, 47.85466819999999], [15.5064887, 47.854589], [15.506268700000001, 47.85454130000001], [15.506166499999999, 47.854619799999995], [15.505991100000001, 47.85464659999999], [15.5058128, 47.854607], [15.505724900000002, 47.8547256], [15.5060003, 47.8550659], [15.506163900000002, 47.8550848], [15.506330399999998, 47.8551694], [15.5062431, 47.85544079999999], [15.5060251, 47.8556469], [15.5060678, 47.855857099999994], [15.5063102, 47.856132299999985], [15.506606300000001, 47.856313199999995], [15.507446299999998, 47.8565227], [15.508000700000002, 47.85680750000001], [15.5086792, 47.85702009999999], [15.5088151, 47.8569554], [15.508902600000003, 47.8571169], [15.5093048, 47.85735019999999], [15.5094543, 47.85761149999999], [15.5099399, 47.85790539999999], [15.511129699999998, 47.8579218], [15.511120700000001, 47.857236], [15.511060800000001, 47.857099500000004], [15.511297, 47.8571568], [15.511337500000002, 47.857366199999994], [15.5117658, 47.857516800000006], [15.5120027, 47.8574628], [15.5128448, 47.857796199999996], [15.512865400000003, 47.85801339999999], [15.5127815, 47.858217], [15.512569699999998, 47.85839970000001], [15.512703700000001, 47.85856809999999], [15.5129704, 47.8585942], [15.5128257, 47.8590009], [15.512966400000002, 47.85905270000001], [15.513320800000002, 47.858968299999994], [15.513532999999999, 47.859073], [15.5139241, 47.8587626], [15.5140868, 47.858510900000006], [15.514349300000001, 47.858436000000005], [15.514377199999998, 47.8582145], [15.5145624, 47.85833509999999], [15.5150895, 47.85846870000001], [15.515664899999999, 47.8586986], [15.516196999999998, 47.8589994], [15.516567600000002, 47.8587515], [15.5183947, 47.85929770000001], [15.5185824, 47.8588921], [15.5203081, 47.8592444], [15.520345, 47.859377099999996], [15.5209865, 47.8593013], [15.5210584, 47.8591342], [15.5213017, 47.8590794], [15.521189899999998, 47.8589776], [15.5212627, 47.85892419999998], [15.521852600000003, 47.859139199999994], [15.5218595, 47.859397200000004], [15.5221276, 47.85973400000001], [15.522446699999998, 47.8596347], [15.523750400000003, 47.86017770000001], [15.523979700000002, 47.8601008], [15.5240773, 47.8602487], [15.5242266, 47.8602303], [15.5246844, 47.860408099999994], [15.524868700000003, 47.86039690000001], [15.5253446, 47.859906099999996], [15.5261352, 47.8600387], [15.5272582, 47.86011059999999], [15.5283989, 47.8603298], [15.5294417, 47.8606907], [15.5296487, 47.8606712], [15.5297601, 47.860575799999985], [15.529975099999998, 47.86053940000001], [15.5299349, 47.86034459999999], [15.529987700000001, 47.8602219], [15.530077100000002, 47.86015019999999], [15.5302053, 47.8601789], [15.5303606, 47.8600283], [15.530533800000002, 47.86007779999999], [15.5302718, 47.8603874], [15.530473, 47.860345300000006], [15.530862899999999, 47.860166400000004], [15.5316535, 47.86057089999999], [15.5312228, 47.8610375], [15.5311706, 47.86126999999999], [15.531698400000002, 47.861914299999995], [15.531774300000002, 47.8617963], [15.5319852, 47.861869999999996], [15.531982300000001, 47.8619865], [15.532548100000001, 47.862171599999996], [15.5321387, 47.86222450000002], [15.532144000000002, 47.862360800000005], [15.532355899999999, 47.8623806], [15.532189600000002, 47.862529999999985], [15.5321912, 47.8626301], [15.532541, 47.8627693], [15.532449800000002, 47.86288269999999], [15.5334582, 47.86335089999999], [15.5336971, 47.86249000000001], [15.533435200000001, 47.86202879999999], [15.5335744, 47.8617697], [15.5334374, 47.8615315], [15.533600999999999, 47.86130299999999], [15.5334, 47.8609184], [15.5334515, 47.86076969999999], [15.533682200000001, 47.8607653], [15.5337333, 47.86088089999999], [15.533891600000002, 47.8606435], [15.534112699999998, 47.860973400000006], [15.534310400000003, 47.8611496], [15.5343189, 47.8613515], [15.5344804, 47.86134839999999], [15.534530800000002, 47.8614485], [15.5342288, 47.8616834], [15.5345164, 47.86193049999999], [15.5346196, 47.861913], [15.534614300000001, 47.86210890000001], [15.534753400000001, 47.86217010000001], [15.5357292, 47.8616665], [15.5354393, 47.8613612], [15.5357967, 47.8610747], [15.535847800000003, 47.8609183], [15.535908499999998, 47.86098710000001], [15.5367362, 47.8609013], [15.536337700000002, 47.8607613], [15.5361588, 47.8603529], [15.536527399999999, 47.860330299999994], [15.5367713, 47.860364499999996], [15.536829799999998, 47.86049109999999], [15.5368969, 47.860276899999995], [15.537227800000002, 47.860174300000004], [15.5371546, 47.859893400000004], [15.5374845, 47.85993239999999], [15.5372998, 47.86002810000001], [15.5374189, 47.86012749999999], [15.538401099999998, 47.8598594], [15.538660999999998, 47.85985989999999], [15.541465999999998, 47.8591637], [15.541937, 47.8591081], [15.542202599999998, 47.858977499999995], [15.542707300000002, 47.8590312], [15.543223, 47.859056399999986], [15.5433505, 47.858884599999996], [15.5432075, 47.8583453], [15.5439219, 47.8580708], [15.544010399999998, 47.8581748], [15.544524100000002, 47.858012200000005], [15.5446136, 47.85776640000001], [15.5448255, 47.85758469999999], [15.5456543, 47.85725709999999], [15.545288799999998, 47.857071999999995], [15.545010600000001, 47.85703039999999], [15.544412499999998, 47.857253], [15.5443051, 47.85756130000001], [15.543989499999999, 47.8578033], [15.5434545, 47.858106299999996], [15.5425347, 47.8584399], [15.5413667, 47.858572999999986], [15.5398979, 47.8584454], [15.538615, 47.85790469999999], [15.5383131, 47.8575991], [15.538576500000001, 47.857261900000005], [15.538573499999998, 47.85584959999999], [15.538423299999998, 47.855464299999994], [15.538293199999998, 47.8552993], [15.538003000000002, 47.855152600000004], [15.5374158, 47.854675399999984], [15.537053000000002, 47.8547207], [15.537320700000002, 47.85480230000001], [15.5375798, 47.8549508], [15.5375805, 47.8550851], [15.5377096, 47.855173], [15.537790800000002, 47.85547879999999], [15.5380367, 47.855596299999995], [15.537952400000002, 47.855917], [15.5377933, 47.855912200000006], [15.5376047, 47.85564070000001], [15.5372327, 47.85548419999999], [15.536968400000001, 47.8556409], [15.536819399999999, 47.85564299999999], [15.536615200000002, 47.8557039], [15.536620600000001, 47.85549519999999], [15.5361995, 47.855590599999985], [15.5359072, 47.855591600000004], [15.5356472, 47.8554407], [15.535512600000002, 47.8552385], [15.5352142, 47.8552178], [15.534950100000001, 47.855040699999996], [15.5344346, 47.85499660000001], [15.5342484, 47.855053], [15.5336407, 47.855014600000004], [15.5335457, 47.855162499999985], [15.5337077, 47.8554304], [15.5338596, 47.8559877], [15.534009600000001, 47.85623300000001], [15.534917, 47.856947899999994], [15.534453400000002, 47.857080700000004], [15.535021999999998, 47.85780960000001], [15.5357804, 47.8575687], [15.5370042, 47.85810840000001], [15.537141, 47.8580472], [15.5373073, 47.8581786], [15.5375748, 47.85814439999999], [15.538042799999998, 47.8585403], [15.538406300000002, 47.85864689999999], [15.5385625, 47.85888939999999], [15.5387878, 47.858914599999984], [15.538981000000001, 47.85884259999999], [15.5392572, 47.85901539999999], [15.539464000000002, 47.8590572], [15.538251800000001, 47.85949999999999], [15.5375771, 47.85959809999999], [15.536126499999998, 47.85976029999999], [15.5349626, 47.8598546], [15.5337819, 47.8601564], [15.5328879, 47.86037520000001], [15.532348100000002, 47.8603676], [15.5318815, 47.8602017], [15.531600400000002, 47.8598244], [15.531279900000001, 47.85936800000001], [15.5309931, 47.85918310000001], [15.530070999999998, 47.8587417], [15.529638199999999, 47.858519], [15.5297622, 47.85846469999999], [15.5294564, 47.8583333], [15.5293518, 47.858245200000006], [15.529215, 47.85816779999999], [15.529148000000001, 47.85824339999999], [15.5289093, 47.8581318], [15.52892, 47.85798239999999], [15.528888322038554, 47.85790591967579], [15.529025911957941, 47.85796609351714], [15.529025963984783, 47.85796611879772], [15.529026019430226, 47.85796614053875], [15.529129473275773, 47.858011422841585], [15.529129473275773, 47.85791017212223], [15.528962806609107, 47.85791017212223], [15.528962806609107, 47.857743505455566], [15.529129473275773, 47.857743505455566], [15.529129473275773, 47.85766017212223], [15.52929613994244, 47.85766017212223], [15.52929613994244, 47.857743505455566], [15.529379473275773, 47.857743505455566], [15.529379473275773, 47.8580768387889], [15.529268619758518, 47.8580768387889], [15.529347011605763, 47.85811539823998], [15.529462806609107, 47.858069732604854], [15.529462806609107, 47.85799350545557], [15.52954613994244, 47.85799350545557], [15.52954613994244, 47.858036868755086], [15.5296447, 47.85799799999999], [15.5296093, 47.8577106], [15.529527852580385, 47.85766017212223], [15.529379473275773, 47.85766017212223], [15.529379473275773, 47.8575768387889], [15.52929613994244, 47.8575768387889], [15.52929613994244, 47.85751670807342], [15.5292719, 47.857501699999986], [15.529129473275773, 47.85756626021063], [15.529129473275773, 47.8575768387889], [15.529106135801579, 47.8575768387889], [15.5290407, 47.8576065], [15.5284882, 47.8572949], [15.527852499999998, 47.857025], [15.5276057, 47.85700309999999], [15.527014000000001, 47.8561978], [15.5267491, 47.8560599], [15.5269725, 47.8558894], [15.526843999999999, 47.8555798], [15.5266396, 47.85546709999999], [15.526087499999997, 47.85570560000001], [15.5260634, 47.85590369999999], [15.5258676, 47.855905499999984], [15.5258676, 47.855624799999994], [15.5259709, 47.855546100000005], [15.5256839, 47.8551536], [15.525082900000001, 47.8549108], [15.5252399, 47.8547289], [15.5250538, 47.85406629999999], [15.5253446, 47.85347699999999], [15.5252063, 47.853255000000004], [15.5249469, 47.85311919999999], [15.5246943, 47.853236100000004], [15.524443, 47.85359880000001], [15.5243314, 47.8538155], [15.5239666, 47.8540054], [15.523383700000002, 47.853776999999994], [15.522885, 47.85344340000001], [15.522352400000003, 47.853433], [15.522318700000001, 47.8537895], [15.5225878, 47.8544712], [15.5233044, 47.8551646], [15.5232103, 47.85533039999999], [15.523033500000002, 47.8554472], [15.5233169, 47.85566079999999], [15.523526100000002, 47.855540199999986], [15.5239364, 47.8557849], [15.5238973, 47.856078800000006], [15.524381700000001, 47.856177300000006], [15.5246811, 47.856138599999994], [15.52513, 47.8562961], [15.5257451, 47.85620209999999], [15.5256237, 47.856469600000004], [15.5258194, 47.85649759999999], [15.525934699999999, 47.85648139999999], [15.5261198, 47.8563213], [15.526141199999998, 47.85624570000001], [15.526087600000002, 47.856177299999985], [15.5261466, 47.85601350000001], [15.5262431, 47.8562421], [15.526087600000002, 47.856476], [15.5259427, 47.856584], [15.525932000000001, 47.8567874], [15.525811300000003, 47.856881], [15.5258086, 47.8569512], [15.5257274, 47.856968900000005], [15.5249476, 47.856762200000006], [15.523503300000002, 47.856621800000006], [15.5223518, 47.856602699999996], [15.521894, 47.8566139], [15.520582, 47.8567841], [15.520304700000002, 47.8567928], [15.520414688441644, 47.85666017212223], [15.52029613994244, 47.85666017212223], [15.52029613994244, 47.8565768387889], [15.520129473275773, 47.8565768387889], [15.520129473275773, 47.85666017212223], [15.520013936011102, 47.85666017212223], [15.519913099999998, 47.85675500000001], [15.519879473275774, 47.856760116592866]]]}}, {"type": "Feature", "properties": {"klasse": "Acker"}, "geometry": {"type": "Polygon", "coordinates": [[[15.5306205, 47.860411899999995], [15.530202099999999, 47.8604425], [15.530151100000001, 47.86057569999999], [15.530255699999998, 47.860622500000005], [15.5303067, 47.86079159999999], [15.5306205, 47.8609968], [15.530797499999998, 47.861093999999994], [15.5310121, 47.861112], [15.5312401, 47.8609122], [15.531301800000001, 47.860797], [15.5311596, 47.8605865], [15.530899500000002, 47.86045149999999], [15.5306205, 47.860411899999995]]]}}, {"type": "Feature", "properties": {"klasse": "Acker"}, "geometry": {"type": "Polygon", "coordinates": [[[15.553110800000002, 47.842437999999994], [15.553368299999999, 47.84237679999999], [15.5533388, 47.84226699999999], [15.5533603, 47.8421086], [15.553470300000003, 47.84216980000001], [15.553483700000001, 47.842504599999984], [15.5535641, 47.84255139999999], [15.5536178, 47.8421662], [15.553768, 47.8418673], [15.5536205, 47.8416927], [15.553829700000001, 47.8417377], [15.5538431, 47.8415667], [15.5540365, 47.841496600000006], [15.554175700000002, 47.840628699999996], [15.554486800000001, 47.8401787], [15.5547121, 47.840072500000005], [15.5551037, 47.8401787], [15.554816700000002, 47.83994279999999], [15.554940099999998, 47.83982939999999], [15.5548144, 47.83967129999999], [15.554924000000002, 47.839491], [15.555194200000003, 47.839355499999996], [15.5550608, 47.839159699999996], [15.5553532, 47.838916600000005], [15.555447, 47.8390787], [15.555527500000002, 47.8390391], [15.5555624, 47.838786999999996], [15.555632099999999, 47.8389347], [15.5557858, 47.83895029999999], [15.5561618, 47.838774], [15.556670100000002, 47.8383135], [15.5575901, 47.837818399999996], [15.5574319, 47.8376708], [15.5577162, 47.83757359999999], [15.557895899999998, 47.837690599999995], [15.558440400000002, 47.83779680000001], [15.5583599, 47.837541200000004], [15.5587607, 47.8373783], [15.5588669, 47.837145099999994], [15.5586067, 47.83713970000001], [15.5578257, 47.836564399999986], [15.5572152, 47.8366206], [15.557069800000003, 47.8368744], [15.5570116, 47.8372649], [15.556298900000002, 47.8376944], [15.5542628, 47.838406499999984], [15.5540603, 47.8385962], [15.5534917, 47.8387042], [15.552568999999998, 47.839287500000005], [15.552070099999998, 47.8393631], [15.551415700000002, 47.839748400000005], [15.5506124, 47.839929899999994], [15.550219400000001, 47.8409078], [15.550059700000002, 47.8419799], [15.5501872, 47.8421644], [15.550725699999997, 47.842535199999986], [15.5509032, 47.84274129999999], [15.551455900000002, 47.8428389], [15.5515096, 47.842976300000004], [15.5514935, 47.8431509], [15.5515766, 47.8433183], [15.5518395, 47.8434677], [15.5521131, 47.8435163], [15.552552900000002, 47.8434947], [15.552807700000002, 47.843386699999996], [15.5530813, 47.8431239], [15.5532074, 47.8429331], [15.553110800000002, 47.842437999999994]]]}}, {"type": "Feature", "properties": {"klasse": "Acker"}, "geometry": {"type": "Polygon", "coordinates": [[[15.5546075, 47.842564], [15.5540094, 47.8428881], [15.5539289, 47.8430033], [15.5543473, 47.8435505], [15.5545995, 47.843997], [15.554688, 47.8442562], [15.5548006, 47.844320999999994], [15.5547416, 47.8435397], [15.5550045, 47.8435397], [15.554918599999999, 47.84295649999999], [15.5546075, 47.842564]]]}}, {"type": "Feature", "properties": {"klasse": "Acker"}, "geometry": {"type": "Polygon", "coordinates": [[[15.556211700000002, 47.846440599999994], [15.5571963, 47.84626289999999], [15.5579281, 47.8464055], [15.558298199999998, 47.8465568], [15.5586107, 47.846473], [15.5585664, 47.8462147], [15.5587859, 47.845692], [15.558204200000002, 47.8446447], [15.557794000000001, 47.844425400000006], [15.558185600000002, 47.84410139999999], [15.5581534, 47.843849399999996], [15.5576277, 47.84426520000002], [15.557520600000002, 47.8442347], [15.558102399999997, 47.843727099999995], [15.5578852, 47.8435685], [15.557373, 47.84354110000001], [15.5566771, 47.844478699999996], [15.555290700000002, 47.8445411], [15.5551869, 47.84468099999999], [15.554975000000002, 47.84468099999999], [15.554878400000002, 47.84453880000001], [15.554469200000002, 47.8445066], [15.5548194, 47.8450717], [15.5545968, 47.8451779], [15.5548516, 47.845336299999985], [15.5550999, 47.8455294], [15.555375, 47.84538330000001], [15.555611099999998, 47.84560080000001], [15.555705100000003, 47.8457749], [15.5552954, 47.8458257], [15.5555405, 47.84623869999999], [15.556211700000002, 47.846440599999994]]]}}, {"type": "Feature", "properties": {"klasse": "Acker"}, "geometry": {"type": "Polygon", "coordinates": [[[15.573838899999998, 47.848454], [15.5740428, 47.84834059999999], [15.5739677, 47.848507999999995], [15.573994500000001, 47.8485602], [15.574230499999999, 47.8484882], [15.5745041, 47.848301], [15.5746168, 47.848048999999996], [15.574394099999997, 47.847608], [15.574410200000003, 47.8474568], [15.574694499999998, 47.847215600000006], [15.5748018, 47.846963599999995], [15.5748099, 47.8465874], [15.5743351, 47.8465207], [15.5739864, 47.84661080000001], [15.5734715, 47.8467962], [15.5729484, 47.84704279999999], [15.572736499999998, 47.8473272], [15.572572899999999, 47.847960799999996], [15.5724951, 47.8481048], [15.572529999999999, 47.8481894], [15.572758, 47.848290199999994], [15.5728492, 47.84845940000001], [15.572873300000001, 47.848706], [15.573039599999998, 47.848688], [15.5731496, 47.84876179999999], [15.573222, 47.8489004], [15.5734178, 47.8489076], [15.5734875, 47.84881579999999], [15.573686, 47.8488284], [15.573686, 47.84870059999999], [15.573838899999998, 47.848454]]]}}, {"type": "Feature", "properties": {"klasse": "Acker"}, "geometry": {"type": "Polygon", "coordinates": [[[15.561462, 47.84918329999999], [15.561709999999998, 47.8490984], [15.562120399999998, 47.849381], [15.5623671, 47.849416999999995], [15.5624342, 47.84931980000001], [15.5622759, 47.84921539999999], [15.562238599999999, 47.84892179999999], [15.5630173, 47.84769390000001], [15.5589442, 47.846355300000006], [15.558578899999999, 47.84665470000001], [15.556662499999998, 47.8473093], [15.5564444, 47.847563099999995], [15.5575793, 47.84765050000001], [15.5580677, 47.8473974], [15.558893299999998, 47.8478966], [15.559178, 47.8482416], [15.5591999, 47.84866660000001], [15.559545500000002, 47.84874919999999], [15.559685699999998, 47.8492171], [15.5603104, 47.8492601], [15.5604477, 47.84904720000001], [15.561462, 47.84918329999999]]]}}, {"type": "Feature", "properties": {"klasse": "Acker"}, "geometry": {"type": "Polygon", "coordinates": [[[15.555462806609107, 47.84799350545556], [15.555462806609107, 47.84793338982359], [15.555440734225392, 47.84791017212223], [15.555379473275773, 47.84791017212223], [15.555379473275773, 47.84784573239286], [15.555365058044185, 47.84783056916689], [15.555363643498731, 47.84786784441655], [15.555361145085323, 47.847890144827005], [15.555355369239413, 47.847912168010026], [15.555346373053053, 47.847933696259076], [15.555335248339532, 47.847955998933536], [15.55536133789688, 47.84799350545556], [15.555462806609107, 47.84799350545556]]]}}, {"type": "Feature", "properties": {"klasse": "Acker"}, "geometry": {"type": "Polygon", "coordinates": [[[15.556034399999998, 47.8481696], [15.5565602, 47.848353200000005], [15.557979000000001, 47.8486934], [15.558424300000002, 47.8489166], [15.5584753, 47.848871599999995], [15.558134599999999, 47.8485674], [15.558134599999999, 47.84818039999999], [15.557946900000001, 47.8479572], [15.557552600000001, 47.8477988], [15.556034399999998, 47.8481696]]]}}, {"type": "Feature", "properties": {"klasse": "Acker"}, "geometry": {"type": "Polygon", "coordinates": [[[15.5560559, 47.848524199999986], [15.5558816, 47.848461199999996], [15.5555865, 47.8483172], [15.5558905, 47.848528099999996], [15.5558172, 47.8486448], [15.555688399999998, 47.84864120000002], [15.555719299999998, 47.8488667], [15.555928300000001, 47.84906290000001], [15.5563089, 47.849201], [15.5571556, 47.8490102], [15.5569598, 47.84890939999999], [15.556935700000002, 47.8488464], [15.5572012, 47.84888780000001], [15.557645, 47.8488823], [15.558372899999998, 47.849310800000005], [15.5585275, 47.84957020000001], [15.5585173, 47.849746], [15.558904399999998, 47.849550199999996], [15.558553, 47.84926759999999], [15.5582339, 47.849042600000004], [15.5580354, 47.8489274], [15.5578074, 47.8488284], [15.5575445, 47.8487438], [15.5572683, 47.8486934], [15.5569142, 47.84865739999999], [15.556393900000002, 47.8485926], [15.5560559, 47.848524199999986]]]}}, {"type": "Feature", "properties": {"klasse": "Acker"}, "geometry": {"type": "Polygon", "coordinates": [[[15.5574878, 47.849548299999995], [15.556307000000002, 47.849722799999995], [15.555442600000001, 47.84951530000001], [15.554808, 47.84897099999999], [15.5541815, 47.8487027], [15.553894, 47.8489418], [15.553552, 47.84944920000001], [15.553552, 47.8496426], [15.553783900000003, 47.8497464], [15.554029899999998, 47.84973690000001], [15.554578400000002, 47.84985509999999], [15.5547698, 47.84971920000001], [15.554859000000002, 47.8497685], [15.5551511, 47.84974840000001], [15.557614299999997, 47.8501142], [15.5579063, 47.85013289999999], [15.5574878, 47.849548299999995]]]}}, {"type": "Feature", "properties": {"klasse": "Acker"}, "geometry": {"type": "Polygon", "coordinates": [[[15.570722200000002, 47.8514059], [15.570572000000002, 47.8514725], [15.570574700000002, 47.85154810000001], [15.5707034, 47.8515211], [15.5709073, 47.8516111], [15.572390499999997, 47.85163450000001], [15.5726507, 47.85163810000001], [15.572943100000002, 47.85166689999999], [15.573294900000002, 47.85175699999999], [15.573507700000002, 47.851853199999994], [15.5736022, 47.85187109999999], [15.573939700000002, 47.8520513], [15.574372000000002, 47.852276999999994], [15.5745602, 47.8522088], [15.574501499999998, 47.8521196], [15.573507000000001, 47.85159639999999], [15.573549300000002, 47.8514941], [15.573798700000001, 47.85156969999999], [15.5738282, 47.85147250000001], [15.573672600000002, 47.8513681], [15.574091100000002, 47.8511953], [15.5740964, 47.8510748], [15.5742386, 47.85104419999998], [15.5743459, 47.8510964], [15.5743512, 47.8513465], [15.574421, 47.851503099999995], [15.575096899999998, 47.85178749999999], [15.575445600000002, 47.8518829], [15.575292700000002, 47.851776699999995], [15.5750298, 47.8513807], [15.5746999, 47.8512853], [15.574847499999999, 47.850901099999994], [15.5752391, 47.8509704], [15.5749762, 47.8506356], [15.574775000000002, 47.850371], [15.574696929266619, 47.850243505455566], [15.574712806609107, 47.850243505455566], [15.574712806609107, 47.85016017212223], [15.57465522120094, 47.85016017212223], [15.574629473275774, 47.85009907931798], [15.574629473275774, 47.849993505455565], [15.57458497854449, 47.849993505455565], [15.5745658, 47.849948000000005], [15.57454613994244, 47.84992909816048], [15.57454613994244, 47.84991017212223], [15.574526454715459, 47.84991017212223], [15.574309100000002, 47.8497012], [15.573629700000001, 47.849550199999996], [15.5731576, 47.84933599999999], [15.5721947, 47.84914700000001], [15.571326899999999, 47.8488957], [15.571285500000002, 47.848740199999995], [15.571441, 47.8488392], [15.5714544, 47.8487096], [15.5716744, 47.84875099999999], [15.571575099999999, 47.848599799999995], [15.571722700000002, 47.84855120000001], [15.572226899999999, 47.8481012], [15.572175900000001, 47.8478888], [15.5719158, 47.84793019999999], [15.571489299999998, 47.84790679999999], [15.5713927, 47.847752], [15.571526900000002, 47.847545], [15.571381999999998, 47.84726239999999], [15.5710065, 47.846978], [15.5710065, 47.8466666], [15.5707195, 47.8465729], [15.5706927, 47.84675299999999], [15.5705425, 47.84680519999999], [15.5704888, 47.84699059999999], [15.5703091, 47.8471094], [15.570121400000001, 47.84711659999999], [15.569880000000001, 47.84741000000001], [15.5699068, 47.8478618], [15.5699899, 47.84797520000001], [15.569963099999999, 47.848067], [15.569973899999999, 47.84818219999999], [15.5701241, 47.8485116], [15.569987300000001, 47.84849539999999], [15.569976500000001, 47.84857459999999], [15.570081099999998, 47.8486412], [15.5703896, 47.848734799999995], [15.570330599999998, 47.8488248], [15.5700355, 47.8489616], [15.5695232, 47.84876], [15.569284600000001, 47.848540400000005], [15.5691343, 47.848340599999986], [15.5687052, 47.848247], [15.5681634, 47.847908600000004], [15.5678925, 47.84764220000001], [15.5680802, 47.847573800000006], [15.5681285, 47.8473434], [15.5678495, 47.847347], [15.5677959, 47.847536], [15.5675896, 47.847202], [15.5674173, 47.847642199999996], [15.5675411, 47.8476602], [15.567524999999998, 47.8478528], [15.567423200000002, 47.84779819999999], [15.567287599999998, 47.8479216], [15.567259500000002, 47.847982699999996], [15.566781900000002, 47.8479156], [15.5671388, 47.848076], [15.567506500000002, 47.848194899999996], [15.5672112, 47.84820740000001], [15.567134399999999, 47.84839530000001], [15.567358, 47.848619], [15.5673802, 47.848706], [15.5673453, 47.848857200000005], [15.567224900000001, 47.84892709999999], [15.567299900000002, 47.848995800000004], [15.567792200000001, 47.8490787], [15.568329700000001, 47.84943139999999], [15.568521199999998, 47.84959859999999], [15.5691157, 47.84990390000001], [15.5693543, 47.8499624], [15.569566200000002, 47.84988320000001], [15.569861200000002, 47.849960599999996], [15.569985499999998, 47.85009769999999], [15.569874599999999, 47.85028820000001], [15.569965800000002, 47.85036920000001], [15.5700892, 47.8507382], [15.570127900000001, 47.850988599999994], [15.570396299999999, 47.850887099999994], [15.570486200000001, 47.85099019999999], [15.5708046, 47.8511364], [15.5708348, 47.85122409999999], [15.570775799999998, 47.851267299999996], [15.570722200000002, 47.8514059]]]}}, {"type": "Feature", "properties": {"klasse": "Acker"}, "geometry": {"type": "Polygon", "coordinates": [[[15.560003000000002, 47.850118999999985], [15.5602699, 47.8503213], [15.560371800000002, 47.8503602], [15.560670599999998, 47.850108], [15.560498500000001, 47.8500428], [15.560255, 47.850046], [15.560003000000002, 47.850118999999985]]]}}, {"type": "Feature", "properties": {"klasse": "Acker"}, "geometry": {"type": "Polygon", "coordinates": [[[15.5589259, 47.8513915], [15.558562, 47.8514123], [15.558596000000001, 47.8515211], [15.5588722, 47.8515625], [15.5587059, 47.85187930000001], [15.5589071, 47.851998099999996], [15.5589634, 47.852149299999994], [15.5588749, 47.8524283], [15.559250399999998, 47.852476900000006], [15.559927400000001, 47.8524307], [15.5595589, 47.850904699999994], [15.5592611, 47.8502504], [15.5589409, 47.85029219999998], [15.558787500000001, 47.8507735], [15.5587837, 47.8509272], [15.5591136, 47.8509344], [15.5591056, 47.8512205], [15.558928500000002, 47.851251100000006], [15.5589259, 47.8513915]]]}}, {"type": "Feature", "properties": {"klasse": "Acker"}, "geometry": {"type": "Polygon", "coordinates": [[[15.56804613994244, 47.85208666895361], [15.56804613994244, 47.852125187384104], [15.568379473275773, 47.852129573733784], [15.568379473275773, 47.852076838788896], [15.568049791838042, 47.852076838788896], [15.56804613994244, 47.85208666895361]]]}}, {"type": "Feature", "properties": {"klasse": "Acker"}, "geometry": {"type": "Polygon", "coordinates": [[[15.568629473275774, 47.852076838788896], [15.568629473275774, 47.85213286349604], [15.568962806609107, 47.85213724984572], [15.568962806609107, 47.852076838788896], [15.568629473275774, 47.852076838788896]]]}}, {"type": "Feature", "properties": {"klasse": "Acker"}, "geometry": {"type": "Polygon", "coordinates": [[[15.5615356, 47.8521378], [15.561218500000003, 47.85232599999999], [15.5611766, 47.8523668], [15.561165, 47.8524008], [15.561165, 47.8524648], [15.561188099999999, 47.852538599999995], [15.561221399999999, 47.85257839999999], [15.561246000000002, 47.8525939], [15.561296599999999, 47.8526007], [15.561801500000001, 47.8525871], [15.561818900000002, 47.85258230000001], [15.561853600000001, 47.8525687], [15.561866600000002, 47.85255699999999], [15.561913599999999, 47.852424500000005], [15.5619123, 47.852409999999985], [15.5619063, 47.85239240000001], [15.5618856, 47.852375599999995], [15.5615356, 47.8521378]]]}}, {"type": "Feature", "properties": {"klasse": "Acker"}, "geometry": {"type": "Polygon", "coordinates": [[[15.5737638, 47.85282599999999], [15.5739704, 47.852730699999995], [15.5739704, 47.852687499999995], [15.573841600000002, 47.8526515], [15.573790700000002, 47.85270010000001], [15.573699499999998, 47.852685699999995], [15.573592200000002, 47.852554299999994], [15.573377600000002, 47.8524517], [15.573449999999998, 47.85229150000001], [15.573549300000002, 47.8522501], [15.5735359, 47.8521187], [15.5736619, 47.8519657], [15.5735251, 47.8519459], [15.5734527, 47.8518739], [15.573366800000002, 47.851886500000006], [15.5731147, 47.851765900000004], [15.5730477, 47.85180009999999], [15.5730323, 47.8522011], [15.572450900000002, 47.85215199999999], [15.5718822, 47.8521286], [15.571469499999997, 47.8521864], [15.5713504, 47.85240629999999], [15.571846399999998, 47.852832699999986], [15.5722806, 47.8527577], [15.5723101, 47.85261369999999], [15.5722886, 47.8524463], [15.5723476, 47.8522717], [15.5726051, 47.852275299999995], [15.5726454, 47.8527955], [15.5725742, 47.8528103], [15.5726051, 47.8530366], [15.572709700000003, 47.8532238], [15.5729297, 47.85315359999999], [15.572961899999997, 47.853032999999996], [15.5732194, 47.853015], [15.5735117, 47.85306179999999], [15.573656599999998, 47.85304019999999], [15.5741742, 47.8531086], [15.574490399999998, 47.8532391], [15.5742466, 47.8529754], [15.5740428, 47.85292499999999], [15.5739543, 47.85286740000001], [15.573779900000002, 47.85286200000001], [15.5737638, 47.85282599999999]]]}}, {"type": "Feature", "properties": {"klasse": "Acker"}, "geometry": {"type": "Polygon", "coordinates": [[[15.5553999, 47.85327509999999], [15.5557045, 47.85319679999999], [15.5570108, 47.8530726], [15.5573876, 47.853049200000015], [15.5580997, 47.8531068], [15.5584578, 47.852619999999995], [15.558567799999999, 47.8525588], [15.558747500000003, 47.85256329999999], [15.5582955, 47.8522969], [15.5581883, 47.8524103], [15.557995099999998, 47.85236889999999], [15.5579281, 47.85253269999999], [15.558343800000001, 47.85267309999999], [15.558236500000001, 47.852750500000006], [15.5581614, 47.85276309999999], [15.557815400000003, 47.852610099999985], [15.5572227, 47.852541699999996], [15.556544099999998, 47.852644299999994], [15.556021, 47.85289079999999], [15.555986200000001, 47.8529574], [15.5557394, 47.85301500000001], [15.5554497, 47.8531734], [15.5553999, 47.85327509999999]]]}}, {"type": "Feature", "properties": {"klasse": "Acker"}, "geometry": {"type": "Polygon", "coordinates": [[[15.5749413, 47.85282780000001], [15.5747589, 47.85304380000001], [15.5750728, 47.8528494], [15.575145200000001, 47.852989799999996], [15.575249800000002, 47.852926800000006], [15.5756038, 47.853074400000004], [15.575542100000002, 47.85274330000001], [15.5754161, 47.85273249999999], [15.5754617, 47.852619099999984], [15.574943999999999, 47.85251469999999], [15.574818, 47.85265869999999], [15.5749413, 47.85282780000001]]]}}, {"type": "Feature", "properties": {"klasse": "Acker"}, "geometry": {"type": "Polygon", "coordinates": [[[15.574260999999998, 47.8534289], [15.573356000000002, 47.8532168], [15.573035000000003, 47.85361489999998], [15.573889000000001, 47.8539708], [15.5743388, 47.85346260000001], [15.574260999999998, 47.8534289]]]}}, {"type": "Feature", "properties": {"klasse": "Acker"}, "geometry": {"type": "Polygon", "coordinates": [[[15.5555785, 47.8534569], [15.555221699999999, 47.8535082], [15.554985700000001, 47.853573], [15.555138300000001, 47.85376170000001], [15.5552396, 47.8537167], [15.5556179, 47.85363219999999], [15.5555785, 47.8534569]]]}}, {"type": "Feature", "properties": {"klasse": "Acker"}, "geometry": {"type": "Polygon", "coordinates": [[[15.559888699999998, 47.8539068], [15.560098000000002, 47.8539416], [15.5602948, 47.8542253], [15.560658599999998, 47.854163299999996], [15.560454700000001, 47.8540337], [15.560312599999998, 47.8539905], [15.5601342, 47.853852], [15.560013500000002, 47.85372960000001], [15.5600765, 47.85319859999999], [15.5599236, 47.85317340000001], [15.5588148, 47.85310619999999], [15.558827999999998, 47.8531446], [15.558684500000002, 47.8531977], [15.558638900000002, 47.8532715], [15.558743500000002, 47.85337139999999], [15.558786400000002, 47.85343259999999], [15.559506600000002, 47.853495599999995], [15.5599008, 47.8535703], [15.5593979, 47.8535262], [15.559376500000003, 47.85377100000001], [15.5588558, 47.85377909999998], [15.558866800000002, 47.85423289999999], [15.5590707, 47.8541939], [15.559102900000001, 47.85423529999999], [15.559019700000002, 47.8542893], [15.559030500000002, 47.854354099999995], [15.559127000000002, 47.85431809999999], [15.5593792, 47.85434329999998], [15.559663499999997, 47.8542425], [15.559888699999998, 47.8539068]]]}}, {"type": "Feature", "properties": {"klasse": "Acker"}, "geometry": {"type": "Polygon", "coordinates": [[[15.558148000000001, 47.853825], [15.5576451, 47.853862799999995], [15.557630400000003, 47.85376740000001], [15.557272300000001, 47.85378809999999], [15.557249500000001, 47.85355679999999], [15.557020199999998, 47.853546], [15.5570188, 47.8538097], [15.5567358, 47.8538097], [15.5567305, 47.853760199999996], [15.5561594, 47.8538114], [15.556165399999998, 47.8538519], [15.556378, 47.8538812], [15.5565356, 47.8543289], [15.556719800000002, 47.85431749999999], [15.556983, 47.85403459999999], [15.5570567, 47.8542667], [15.5576491, 47.854204700000004], [15.557643800000001, 47.85413989999999], [15.5579925, 47.854084099999994], [15.558118500000003, 47.85392939999999], [15.5582204, 47.85400490000001], [15.558378700000002, 47.8539671], [15.558280600000002, 47.8538387], [15.558336, 47.8537736], [15.5583492, 47.85361710000001], [15.5581467, 47.8536315], [15.558148000000001, 47.853825]]]}}, {"type": "Feature", "properties": {"klasse": "Acker"}, "geometry": {"type": "Polygon", "coordinates": [[[15.571052300000002, 47.8539783], [15.5710652, 47.853995299999994], [15.571091600000003, 47.85401199999999], [15.5711793, 47.8540307], [15.571535800000001, 47.8541235], [15.5716631, 47.854160699999994], [15.5717882, 47.8542119], [15.571952000000001, 47.8540544], [15.571852400000001, 47.853963799999995], [15.571732800000001, 47.85394000000001], [15.5714993, 47.85391630000001], [15.5713435, 47.853899899999995], [15.571233400000002, 47.8538942], [15.5711318, 47.85388970000001], [15.571076, 47.8539063], [15.571053800000001, 47.8539368], [15.5710547, 47.8539614], [15.571052300000002, 47.8539783]]]}}, {"type": "Feature", "properties": {"klasse": "Acker"}, "geometry": {"type": "Polygon", "coordinates": [[[15.57429613994244, 47.854493505455565], [15.574244895849573, 47.854493505455565], [15.57429613994244, 47.85451729516404], [15.57429613994244, 47.854493505455565]]]}}, {"type": "Feature", "properties": {"klasse": "Acker"}, "geometry": {"type": "Polygon", "coordinates": [[[15.563833000000002, 47.854874299999985], [15.5642903, 47.8549714], [15.564275499999999, 47.855004699999995], [15.5643721, 47.8549759], [15.5644378, 47.85491830000001], [15.5644378, 47.8548581], [15.564377500000003, 47.8546745], [15.5630739, 47.8544603], [15.563084599999998, 47.8545251], [15.5633247, 47.85468980000001], [15.5633609, 47.85477709999999], [15.563314000000002, 47.8549318], [15.563491000000003, 47.8550704], [15.5636023, 47.85512620000001], [15.563794100000003, 47.855159499999985], [15.5638196, 47.855136099999996], [15.5637123, 47.8550938], [15.563833000000002, 47.854874299999985]]]}}, {"type": "Feature", "properties": {"klasse": "Acker"}, "geometry": {"type": "Polygon", "coordinates": [[[15.575260488691809, 47.8550768387889], [15.575379473275774, 47.8550768387889], [15.575379473275774, 47.85499350545557], [15.575212806609107, 47.85499350545557], [15.575212806609107, 47.85505480081941], [15.575260488691809, 47.8550768387889]]]}}, {"type": "Feature", "properties": {"klasse": "Acker"}, "geometry": {"type": "Polygon", "coordinates": [[[15.575440791459483, 47.85516017212223], [15.575462806609107, 47.85516017212223], [15.575462806609107, 47.855170347206204], [15.57562109422716, 47.85524350545557], [15.575629473275773, 47.85524350545557], [15.575629473275773, 47.85516017212223], [15.575546139942439, 47.85516017212223], [15.575546139942439, 47.8550768387889], [15.575379473275774, 47.8550768387889], [15.575379473275774, 47.85513183174394], [15.575440791459483, 47.85516017212223]]]}}, {"type": "Feature", "properties": {"klasse": "Acker"}, "geometry": {"type": "Polygon", "coordinates": [[[15.575712806609106, 47.85524350545557], [15.575712806609106, 47.855285893593], [15.57579613994244, 47.85532440905527], [15.57579613994244, 47.85524350545557], [15.575712806609106, 47.85524350545557]]]}}, {"type": "Feature", "properties": {"klasse": "Acker"}, "geometry": {"type": "Polygon", "coordinates": [[[15.562516200000001, 47.855705199999996], [15.562443, 47.85579799999999], [15.562424499999999, 47.8558971], [15.5625023, 47.85596960000001], [15.562567200000002, 47.85592319999999], [15.563522400000002, 47.8559725], [15.563522400000002, 47.85593479999999], [15.5633154, 47.85585429999999], [15.5633193, 47.85555459999999], [15.563053800000002, 47.8554556], [15.562992100000002, 47.8553926], [15.562866, 47.85551319999998], [15.5627641, 47.8554862], [15.562654100000001, 47.8555744], [15.562607899999998, 47.85570830000001], [15.562516200000001, 47.855705199999996]]]}}, {"type": "Feature", "properties": {"klasse": "Acker"}, "geometry": {"type": "Polygon", "coordinates": [[[15.5760571, 47.8561305], [15.576043700000001, 47.85628890000001], [15.5761376, 47.8563015], [15.576086600000002, 47.856069300000016], [15.5760035, 47.85586769999999], [15.5758238, 47.85567879999999], [15.575510000000001, 47.8554646], [15.5750728, 47.855236], [15.5749413, 47.8555024], [15.5751076, 47.85554739999999], [15.575035200000002, 47.85577769999998], [15.5754241, 47.85589829999999], [15.5754107, 47.85601170000001], [15.575204199999998, 47.85611610000001], [15.5750942, 47.8561863], [15.575552900000002, 47.856380699999995], [15.575587700000002, 47.8560873], [15.5760571, 47.8561305]]]}}, {"type": "Feature", "properties": {"klasse": "Acker"}, "geometry": {"type": "Polygon", "coordinates": [[[15.569348100000001, 47.855811], [15.5695984, 47.85563409999999], [15.5696874, 47.855418500000006], [15.569616399999997, 47.855269], [15.5691883, 47.85533229999999], [15.568764, 47.85535459999999], [15.5673037, 47.855558200000004], [15.566785200000002, 47.85558579999999], [15.5667355, 47.85565999999999], [15.566973699999998, 47.8557122], [15.566691599999999, 47.8557981], [15.566863899999998, 47.85587760000001], [15.566884, 47.855971199999985], [15.567374799999998, 47.8561413], [15.5682828, 47.8564112], [15.5683015, 47.856521900000004], [15.568434299999998, 47.85654439999999], [15.5684779, 47.8564471], [15.568609099999998, 47.85637929999999], [15.568296400000001, 47.856017], [15.568399300000001, 47.8558323], [15.568681, 47.8556157], [15.5687356, 47.8556022], [15.5686422, 47.8558445], [15.568767800000002, 47.85592960000001], [15.5691052, 47.85587449999999], [15.569348100000001, 47.855811]]]}}, {"type": "Feature", "properties": {"klasse": "Acker"}, "geometry": {"type": "Polygon", "coordinates": [[[15.5759203, 47.8573507], [15.576151000000001, 47.85734889999999], [15.576140300000002, 47.857012399999995], [15.575451000000001, 47.85701599999999], [15.5757648, 47.85652819999999], [15.574471900000002, 47.855982899999994], [15.574253300000002, 47.855865], [15.573983800000002, 47.85608369999999], [15.574820600000002, 47.85751629999999], [15.575011099999998, 47.8576783], [15.5750486, 47.857557699999994], [15.5748796, 47.85742630000001], [15.574788400000001, 47.8572841], [15.5750486, 47.857093299999995], [15.575544800000001, 47.857305700000005], [15.5759203, 47.8573507]]]}}, {"type": "Feature", "properties": {"klasse": "Acker"}, "geometry": {"type": "Polygon", "coordinates": [[[15.5664897, 47.85740470000001], [15.566414600000002, 47.8573201], [15.566173199999998, 47.8573597], [15.566065900000002, 47.8570538], [15.566197300000002, 47.85700700000001], [15.566200000000002, 47.8569386], [15.5655992, 47.85675679999999], [15.5654839, 47.85683959999999], [15.565271999999998, 47.85685939999998], [15.565266600000001, 47.8570466], [15.565371199999998, 47.85710410000001], [15.565363200000002, 47.8571653], [15.565449, 47.8572319], [15.5655804, 47.8571761], [15.565848600000002, 47.8573903], [15.566119500000001, 47.8575127], [15.5664897, 47.85740470000001]]]}}, {"type": "Feature", "properties": {"klasse": "Acker"}, "geometry": {"type": "Polygon", "coordinates": [[[15.569741900000002, 47.8584395], [15.5698787, 47.8584422], [15.5700427, 47.858048799999985], [15.569865899999998, 47.858116300000006], [15.569741900000002, 47.8584395]]]}}, {"type": "Feature", "properties": {"klasse": "Acker"}, "geometry": {"type": "Polygon", "coordinates": [[[15.5681743, 47.8579261], [15.568555999999997, 47.858351500000005], [15.568622900000001, 47.8585119], [15.5685152, 47.858658799999986], [15.568319000000002, 47.8585874], [15.568179200000001, 47.85863019999999], [15.568561600000002, 47.85937229999999], [15.568726, 47.8593568], [15.569067800000001, 47.859058799999985], [15.569142, 47.8589521], [15.5691667, 47.8588194], [15.569177300000002, 47.858729399999994], [15.5691208, 47.858539799999996], [15.569152400000002, 47.85825770000001], [15.5683332, 47.857850199999994], [15.5681884, 47.85787150000001], [15.5681743, 47.8579261]]]}}, {"type": "Feature", "properties": {"klasse": "Acker"}, "geometry": {"type": "Polygon", "coordinates": [[[15.5546902, 47.8689827], [15.554924000000002, 47.868732599999994], [15.555203, 47.868719], [15.5550392, 47.86906509999999], [15.555793, 47.869312], [15.556329500000002, 47.869297599999996], [15.5570906, 47.869576999999985], [15.5574721, 47.869371300000005], [15.5577467, 47.868780199999996], [15.557322699999999, 47.8682493], [15.5569035, 47.86803449999999], [15.5565134, 47.868134399999995], [15.5556215, 47.868137899999994], [15.5554363, 47.8678869], [15.555456200000002, 47.8676697], [15.554852599999998, 47.86752189999999], [15.5549847, 47.86732279999999], [15.5553268, 47.867193300000004], [15.555570400000002, 47.86729669999999], [15.5556793, 47.867606200000004], [15.555836000000001, 47.8675216], [15.556249399999999, 47.86753], [15.5565976, 47.8678405], [15.557558400000001, 47.867622099999984], [15.557839600000001, 47.86772679999999], [15.5580193, 47.867653], [15.5584828, 47.86770149999999], [15.5587032, 47.8676008], [15.5585664, 47.867311099999995], [15.558630200000001, 47.86689770000001], [15.558804, 47.86703419999999], [15.558799300000002, 47.86738410000001], [15.5591157, 47.86768740000001], [15.558974100000002, 47.86790669999999], [15.5589437, 47.868181799999995], [15.5587167, 47.8683961], [15.558553, 47.8683745], [15.558287499999999, 47.868783], [15.558072900000003, 47.868824399999994], [15.557869300000002, 47.8693332], [15.558125499999997, 47.8694442], [15.5580997, 47.86962859999999], [15.558343800000001, 47.8697258], [15.5587401, 47.869527899999994], [15.559027800000003, 47.869655599999994], [15.559194100000001, 47.8696034], [15.5594087, 47.869689799999996], [15.559395300000002, 47.8698014], [15.559693, 47.869781599999996], [15.5598421, 47.8698726], [15.5600068, 47.86994169999999], [15.560403800000001, 47.869468499999996], [15.560446700000002, 47.8692958], [15.5606693, 47.8690295], [15.560818200000002, 47.8688734], [15.561921800000002, 47.86900130000001], [15.562980000000001, 47.86930639999999], [15.5629685, 47.86962449999999], [15.563220200000002, 47.8696062], [15.5632247, 47.86937689999999], [15.563335199999997, 47.86937509999999], [15.563403700000002, 47.86932419999999], [15.5632563, 47.8692569], [15.5633317, 47.8689707], [15.563411800000003, 47.868849299999994], [15.5637933, 47.86882729999999], [15.5639819, 47.86874189999999], [15.5639826, 47.868415399999996], [15.5638407, 47.8683973], [15.5636355, 47.8685038], [15.5632344, 47.8683411], [15.5628581, 47.86854389999999], [15.5624905, 47.8684756], [15.562112400000002, 47.868159999999996], [15.5622063, 47.867885900000005], [15.562655600000001, 47.8679246], [15.562941100000002, 47.86780949999999], [15.563287100000002, 47.86785449999999], [15.563268399999998, 47.867690800000005], [15.563501700000002, 47.867568399999996], [15.5636412, 47.8676422], [15.5639822, 47.86740639999999], [15.563609000000001, 47.8674551], [15.5637699, 47.86716070000001], [15.5635366, 47.866978200000005], [15.5632864, 47.86689230000001], [15.562804299999998, 47.86694940000001], [15.562055099999998, 47.8668646], [15.5611654, 47.86719], [15.5589232, 47.8664328], [15.5587772, 47.866704799999994], [15.5579479, 47.86657129999999], [15.557567, 47.8662285], [15.557509800000002, 47.86591790000001], [15.5563784, 47.8651788], [15.5552078, 47.864963499999995], [15.5550932, 47.864933099999995], [15.554913000000003, 47.86478429999998], [15.554821399999998, 47.8645815], [15.554444600000002, 47.864462], [15.5541464, 47.8644513], [15.553933399999998, 47.864572800000005], [15.553829, 47.86491550000001], [15.5535289, 47.8652975], [15.5530131, 47.86517349999999], [15.551270900000002, 47.8663227], [15.5509691, 47.8663292], [15.550733300000001, 47.86656119999999], [15.550237999999998, 47.8667394], [15.5501689, 47.867147900000006], [15.5509214, 47.86833059999999], [15.552204200000002, 47.8685994], [15.5525583, 47.868762399999994], [15.552831900000001, 47.868469899999994], [15.5528909, 47.868660599999984], [15.5533147, 47.868750599999984], [15.553695599999998, 47.86844109999999], [15.5537599, 47.8686066], [15.554235299999998, 47.86851769999999], [15.5543554, 47.86878299999999], [15.5546902, 47.8689827]]]}}, {"type": "Feature", "properties": {"klasse": "Acker"}, "geometry": {"type": "Polygon", "coordinates": [[[15.572924300000002, 47.872903199999996], [15.573141600000001, 47.87283670000001], [15.5738711, 47.8731425], [15.5744773, 47.873352999999994], [15.5748287, 47.873478999999996], [15.575292700000002, 47.87372359999999], [15.5757621, 47.873891], [15.576086600000002, 47.87359229999999], [15.5758318, 47.8733098], [15.575649399999998, 47.87359949999999], [15.575445600000002, 47.873628299999986], [15.575190800000001, 47.87346999999999], [15.574799200000001, 47.873178499999995], [15.5750084, 47.8729194], [15.5750674, 47.87276289999999], [15.5750245, 47.872631500000004], [15.574707999999998, 47.8725308], [15.5743808, 47.87253439999999], [15.5742145, 47.872464199999996], [15.5739999, 47.8724426], [15.5738577, 47.87237429999999], [15.573678, 47.8721854], [15.5738202, 47.87218539999999], [15.5739596, 47.872253699999995], [15.5740267, 47.8723563], [15.574359299999998, 47.8724031], [15.5743754, 47.87229510000001], [15.574235900000001, 47.87214759999999], [15.574251999999998, 47.8720252], [15.5738121, 47.8716618], [15.5737102, 47.8718345], [15.573629700000001, 47.87153579999999], [15.5733669, 47.8714135], [15.5732113, 47.8707262], [15.572980600000001, 47.8705283], [15.5717629, 47.870028100000006], [15.5704701, 47.8697726], [15.5705881, 47.869182399999985], [15.5711192, 47.86903129999999], [15.571070900000002, 47.8689521], [15.570631, 47.86902409999999], [15.5704164, 47.8690025], [15.5700034, 47.869380299999996], [15.5700141, 47.86980139999999], [15.569670799999999, 47.87019359999999], [15.569987300000001, 47.87032680000001], [15.5701429, 47.8701252], [15.5703199, 47.87011439999999], [15.571349899999998, 47.8704491], [15.5717897, 47.870701], [15.5720901, 47.87098889999999], [15.5725917, 47.8715484], [15.5728653, 47.8718471], [15.5728948, 47.872068399999996], [15.5727527, 47.872063000000004], [15.5725166, 47.8723419], [15.5723691, 47.8724426], [15.5722135, 47.8723635], [15.5716583, 47.87184709999999], [15.5713177, 47.87165970000001], [15.5709073, 47.8714783], [15.5706096, 47.8716096], [15.5705559, 47.87130009999999], [15.5699958, 47.8710724], [15.5693754, 47.87182000000001], [15.5694727, 47.8724794], [15.569939899999998, 47.87273410000001], [15.5699551, 47.8726262], [15.570266199999999, 47.8727539], [15.5710682, 47.8728834], [15.571395500000001, 47.8727845], [15.5717441, 47.87285819999999], [15.572125000000002, 47.87274669999999], [15.5727553, 47.87271969999999], [15.5728492, 47.8727773], [15.572758, 47.873063300000005], [15.572924300000002, 47.872903199999996]]]}}, {"type": "Feature", "properties": {"klasse": "Acker"}, "geometry": {"type": "Polygon", "coordinates": [[[15.5680346, 47.8727251], [15.5677503, 47.8725434], [15.5674794, 47.87256499999998], [15.567369500000002, 47.8724013], [15.567189799999998, 47.8723707], [15.5670583, 47.8722339], [15.566707, 47.872018000000004], [15.566438700000003, 47.871983799999995], [15.5661383, 47.872045], [15.5659023, 47.872172799999994], [15.5657467, 47.87219069999999], [15.565462400000001, 47.872543400000005], [15.5653846, 47.872557799999996], [15.5653417, 47.8725974], [15.5654329, 47.8727143], [15.5653685, 47.87288159999999], [15.5655295, 47.8730616], [15.565711900000002, 47.873058], [15.565913000000002, 47.8734124], [15.5657896, 47.873567099999995], [15.5660418, 47.87375420000001], [15.5663422, 47.87387300000001], [15.566106099999999, 47.874024099999986], [15.5661464, 47.87411399999999], [15.5665433, 47.8739917], [15.566216099999998, 47.8742436], [15.566318, 47.8743839], [15.5666345, 47.87406730000001], [15.5669457, 47.87415539999999], [15.567128100000001, 47.8740745], [15.5670583, 47.873903600000006], [15.567278300000002, 47.8736481], [15.5674338, 47.873653499999996], [15.5675304, 47.87378659999999], [15.5674955, 47.87400070000002], [15.567677899999998, 47.873964699999995], [15.5676913, 47.8740961], [15.567618900000001, 47.87426159999999], [15.5678013, 47.8742598], [15.567674723466258, 47.87441017212223], [15.56872602107292, 47.87441017212223], [15.568632800000001, 47.87429759999999], [15.5689654, 47.87404750000002], [15.5694616, 47.8740943], [15.569568900000002, 47.87399709999999], [15.5692604, 47.87394129999999], [15.569188, 47.8737164], [15.568611300000002, 47.87328639999999], [15.568426199999998, 47.8732253], [15.568091, 47.8729518], [15.5680346, 47.8727251]]]}}, {"type": "Feature", "properties": {"klasse": "Acker"}, "geometry": {"type": "Polygon", "coordinates": [[[15.580725, 47.82363389999999], [15.580700000000002, 47.8244705], [15.580580100000002, 47.82456560000001], [15.580209199999999, 47.8246019], [15.579474300000001, 47.82484139999998], [15.5792811, 47.8248198], [15.5789888, 47.82471540000001], [15.5787742, 47.8243534], [15.5785811, 47.824274200000005], [15.578168, 47.8242814], [15.5779991, 47.8242184], [15.577690600000002, 47.82422919999999], [15.577516300000001, 47.82434080000001], [15.577513600000001, 47.82455329999999], [15.577637, 47.82471], [15.5776235, 47.8249585], [15.5777657, 47.825081], [15.577816700000001, 47.8250611], [15.577805900000001, 47.8249675], [15.577897100000001, 47.8248018], [15.578146600000002, 47.8248522], [15.578251200000002, 47.8250359], [15.578361200000002, 47.8249117], [15.5784067, 47.82506829999999], [15.578634700000002, 47.8251638], [15.5789056, 47.82530789999999], [15.5791336, 47.82505569999999], [15.5793348, 47.825126000000004], [15.5793858, 47.82526279999999], [15.5796164, 47.825226799999996], [15.579831, 47.82541230000001], [15.5800402, 47.82539609999999], [15.5800939, 47.8258895], [15.5799785, 47.8263775], [15.5801287, 47.826451399999996], [15.580603500000002, 47.8263829], [15.580700000000002, 47.826309099999996], [15.5807161, 47.826125399999995], [15.580759, 47.825995799999994], [15.580894900000002, 47.825958699999994], [15.581011200000003, 47.82601019999999], [15.581151799999999, 47.82618480000001], [15.581525000000001, 47.82622610000001], [15.581781000000001, 47.82615959999999], [15.582368400000002, 47.8261884], [15.582663500000002, 47.82609860000001], [15.582988, 47.82616139999999], [15.5834761, 47.82632890000001], [15.5838034, 47.8263397], [15.583901, 47.8262897], [15.584394, 47.82663779999999], [15.5847019, 47.8266963], [15.584975500000002, 47.82670350000001], [15.5849835, 47.826752100000014], [15.5848977, 47.82681329999998], [15.5849352, 47.826885299999994], [15.585174000000002, 47.8267719], [15.585241700000001, 47.82664719999999], [15.5853, 47.8265396], [15.5851954, 47.82642069999999], [15.5847153, 47.82620289999999], [15.584436400000001, 47.8260516], [15.584168100000001, 47.825995799999994], [15.5836719, 47.82592549999999], [15.5835405, 47.825846299999995], [15.583669200000001, 47.8257761], [15.5838436, 47.8258517], [15.5844632, 47.825930899999996], [15.584790399999997, 47.826037199999995], [15.5850264, 47.826206500000005], [15.585447500000003, 47.82638829999999], [15.585576300000001, 47.8263667], [15.5856764, 47.826228], [15.585741, 47.82624189999999], [15.585613799999999, 47.82638829999999], [15.5856085, 47.8265306], [15.5858204, 47.8266783], [15.5862817, 47.8268475], [15.586448, 47.8270636], [15.5866089, 47.8271609], [15.586786000000002, 47.827353499999994], [15.587043499999998, 47.82751379999999], [15.5872688, 47.8277551], [15.5873573, 47.82803959999999], [15.587638899999998, 47.8284772], [15.5877167, 47.82872749999999], [15.587738200000002, 47.829116400000004], [15.587681799999999, 47.829530600000005], [15.5878213, 47.82981329999999], [15.5878669, 47.8300078], [15.5878589, 47.83025270000001], [15.588035900000001, 47.830340899999996], [15.58817, 47.8305246], [15.588282600000001, 47.830627199999995], [15.5882129, 47.8308055], [15.5880681, 47.830922499999986], [15.5880198, 47.83111159999999], [15.5877623, 47.8313132], [15.5877784, 47.83147530000001], [15.5876496, 47.8317814], [15.587577200000002, 47.8320767], [15.5876738, 47.83250339999999], [15.587676500000002, 47.8327123], [15.587574499999999, 47.8327897], [15.5874673, 47.832773499999995], [15.587335799999998, 47.832672699999996], [15.5873492, 47.832363], [15.5871561, 47.83204969999999], [15.587220500000003, 47.83156889999999], [15.587378699999999, 47.831417699999996], [15.5873921, 47.8310954], [15.5875638, 47.83085770000001], [15.5877569, 47.8308487], [15.5879205, 47.8307694], [15.587990300000001, 47.8306776], [15.587925900000002, 47.8305444], [15.5877569, 47.8303283], [15.587638899999998, 47.82968730000001], [15.5874538, 47.8294154], [15.5875102, 47.8287329], [15.587309, 47.8282701], [15.5869603, 47.8277317], [15.586311200000003, 47.827211299999995], [15.5861235, 47.8270114], [15.5855012, 47.8266837], [15.585385899999999, 47.8266819], [15.5854236, 47.82748060000001], [15.5853215, 47.8276399], [15.584959900000001, 47.8277469], [15.584929899999999, 47.8280252], [15.585005, 47.82828270000001], [15.5848851, 47.8284705], [15.584878900000001, 47.82856000000001], [15.585082799999999, 47.8286501], [15.5853912, 47.828686100000006], [15.5856702, 47.82864019999999], [15.5858418, 47.82871310000001], [15.5860162, 47.828904], [15.585868700000002, 47.829029999999996], [15.585857900000002, 47.82939189999998], [15.586229799999998, 47.829757099999995], [15.586397, 47.83018059999999], [15.586653699999998, 47.830255999999984], [15.5866465, 47.830634399999994], [15.586558, 47.83079649999999], [15.586689400000001, 47.83101969999999], [15.586936200000002, 47.83113860000001], [15.586992500000001, 47.83156889999999], [15.587089100000002, 47.8317646], [15.586995300000002, 47.83196240000001], [15.5862603, 47.83202990000001], [15.585718100000001, 47.8318212], [15.585182000000001, 47.8315401], [15.584044600000002, 47.8313696], [15.5825454, 47.830663200000004], [15.581013900000002, 47.830014099999985], [15.5809361, 47.8301068], [15.5809844, 47.8302311], [15.580807600000002, 47.8308898], [15.580343800000001, 47.8308601], [15.5795708, 47.83050839999999], [15.5790056, 47.830089699999995], [15.577883600000002, 47.8300384], [15.577840800000002, 47.83021669999998], [15.577983, 47.8302725], [15.5778542, 47.830358899999986], [15.577755000000002, 47.83051379999999], [15.5776504, 47.8305174], [15.5773044, 47.8303463], [15.576596300000002, 47.830013199999996], [15.5762154, 47.8299285], [15.5762342, 47.8300456], [15.576644499999999, 47.8303517], [15.577425099999997, 47.8306452], [15.5774385, 47.8307965], [15.577642299999999, 47.8308469], [15.577712100000001, 47.83078749999999], [15.5777925, 47.830850500000004], [15.577717399999997, 47.83092609999999], [15.577360699999998, 47.83083249999999], [15.5771327, 47.830947699999996], [15.576787199999998, 47.83141330000001], [15.57649, 47.83159849999999], [15.5761805, 47.83163729999999], [15.575998100000001, 47.831862400000006], [15.5760303, 47.832188300000006], [15.576490100000001, 47.832282199999995], [15.5772424, 47.8322555], [15.577698600000002, 47.831939799999994], [15.5779615, 47.831866], [15.578414000000002, 47.8316534], [15.5784336, 47.831473499999994], [15.578497899999999, 47.831703999999995], [15.578661600000002, 47.83162110000001], [15.578801199999997, 47.83201689999999], [15.5785825, 47.832308], [15.578757199999998, 47.8324189], [15.5791658, 47.83237559999999], [15.5793187, 47.8325106], [15.5794823, 47.83235400000001], [15.579909700000002, 47.8323554], [15.580356, 47.8328879], [15.5804989, 47.83243680000001], [15.5811319, 47.8323702], [15.581394700000002, 47.832233300000006], [15.581405500000002, 47.832127099999994], [15.581572299999998, 47.8320551], [15.5818346, 47.83218289999999], [15.5818981, 47.8322974], [15.581362500000001, 47.8330508], [15.5814296, 47.83323799999999], [15.5811253, 47.83329669999999], [15.5811238, 47.8335585], [15.580852900000002, 47.83377459999999], [15.581378, 47.8339951], [15.5814427, 47.8339185], [15.581807800000002, 47.8339997], [15.5818373, 47.8337872], [15.5819285, 47.833699], [15.5819446, 47.83358020000001], [15.582614199999998, 47.8333273], [15.5828056, 47.833338899999994], [15.5828941, 47.833211], [15.583479999999998, 47.83318130000001], [15.5835351, 47.8333533], [15.583422200000001, 47.8336211], [15.584034, 47.8336216], [15.584121900000001, 47.8334811], [15.584433699999998, 47.83330110000001], [15.584752500000002, 47.83328130000001], [15.585136399999998, 47.8333785], [15.5852759, 47.833652199999996], [15.585527999999998, 47.833771], [15.585780100000001, 47.83377459999999], [15.585925, 47.8338826], [15.5858568, 47.83398429999999], [15.5855575, 47.83413109999999], [15.5852115, 47.834174299999994], [15.5848521, 47.8344426], [15.584608, 47.8345092], [15.584316800000002, 47.834796199999985], [15.584777, 47.83496830000001], [15.5849487, 47.8349647], [15.5853921, 47.8352459], [15.585377800000002, 47.83576589999999], [15.5859464, 47.835856], [15.585469000000002, 47.8358506], [15.5853765, 47.8367486], [15.5849621, 47.83691099999999], [15.584656300000002, 47.836857000000016], [15.5837608, 47.8371409], [15.5832079, 47.83712710000001], [15.5828914, 47.836986599999996], [15.581870800000003, 47.83692690000001], [15.5799965, 47.8365148], [15.5798417, 47.83670759999999], [15.579651300000002, 47.8366698], [15.5799356, 47.8362305], [15.577991000000003, 47.8355715], [15.5773124, 47.83561470000001], [15.576639200000002, 47.83548869999999], [15.576445500000002, 47.83561139999999], [15.576308399999998, 47.8358954], [15.575638699999999, 47.8357894], [15.5752203, 47.83561649999999], [15.574904200000002, 47.835663600000004], [15.574725, 47.8355601], [15.5744424, 47.8347991], [15.5742171, 47.8349827], [15.5742279, 47.8353572], [15.574083000000002, 47.835537299999984], [15.5732676, 47.83539509999999], [15.572828000000001, 47.83550309999998], [15.5725059, 47.8353752], [15.5723148, 47.83518240000001], [15.572060600000002, 47.83528700000001], [15.572096499999999, 47.8356851], [15.572344999999999, 47.83590459999999], [15.5726507, 47.83601800000001], [15.572833099999999, 47.8362953], [15.573075900000001, 47.836314200000004], [15.573141600000001, 47.836475300000004], [15.572742300000002, 47.8366103], [15.5723315, 47.8366194], [15.571982900000002, 47.83657250000001], [15.5711675, 47.8366662], [15.571264, 47.83682099999999], [15.571435699999999, 47.8368336], [15.571481300000002, 47.836927200000005], [15.5713177, 47.8369884], [15.5713633, 47.837098299999994], [15.5723584, 47.837267499999996], [15.5726105, 47.83726750000001], [15.5728304, 47.8372045], [15.572921600000003, 47.8372621], [15.5733561, 47.83742049999999], [15.5735975, 47.837422299999986], [15.5741072, 47.83739529999999], [15.574517500000002, 47.83748179999999], [15.574820600000002, 47.83769059999999], [15.5750298, 47.83759700000001], [15.5751801, 47.83765639999999], [15.575150499999998, 47.83780939999999], [15.574938700000002, 47.838034500000006], [15.574732100000002, 47.83814610000001], [15.575016400000003, 47.8384378], [15.575644100000002, 47.83882119999999], [15.575944500000002, 47.838851799999986], [15.5761698, 47.83898329999999], [15.576344100000002, 47.8389581], [15.576298499999998, 47.838844599999995], [15.5764809, 47.8384918], [15.576987900000002, 47.83809389999999], [15.576969099999998, 47.83789039999999], [15.577071, 47.8378562], [15.577181, 47.837904800000004], [15.577290900000001, 47.83786339999999], [15.577655700000001, 47.8380039], [15.5771971, 47.83837290000001], [15.577012, 47.838634], [15.5770093, 47.8389022], [15.576907400000001, 47.83896889999999], [15.5769369, 47.8391489], [15.57702, 47.839228099999985], [15.5772614, 47.8392785], [15.577199800000002, 47.83919029999999], [15.5774331, 47.8389923], [15.577596699999999, 47.8387618], [15.5778676, 47.838733000000005], [15.5782914, 47.83847020000002], [15.579053200000002, 47.83829909999999], [15.5795252, 47.83825590000001], [15.579758600000002, 47.8382631], [15.580085800000003, 47.838371099999996], [15.579063900000001, 47.839327100000006], [15.579509100000001, 47.8392587], [15.579997300000002, 47.839384700000004], [15.5803353, 47.839557599999985], [15.580506900000001, 47.839762799999995], [15.580582, 47.83965479999999], [15.580582, 47.839503599999986], [15.580687900000001, 47.83935189999999], [15.580705374910746, 47.8393268387889], [15.58079613994244, 47.8393268387889], [15.58079613994244, 47.83924350545556], [15.580879473275774, 47.83924350545556], [15.580879473275774, 47.839160172122234], [15.580962806609106, 47.839160172122234], [15.580962806609106, 47.83924350545556], [15.581129473275773, 47.83924350545556], [15.581129473275773, 47.839160172122234], [15.581212806609107, 47.839160172122234], [15.581212806609107, 47.83917560978274], [15.5812526, 47.8391111], [15.5815423, 47.839067899999996], [15.581574399999997, 47.8389779], [15.5815315, 47.838849999999994], [15.5812767, 47.83877979999999], [15.58088, 47.8386228], [15.58092, 47.838516999999996], [15.582073299999998, 47.838689800000004], [15.5833608, 47.838945499999994], [15.5836827, 47.8389455], [15.5845624, 47.8386862], [15.585029099999998, 47.83861780000001], [15.585699699999997, 47.838751], [15.585876700000002, 47.8388914], [15.585860536820974, 47.83899350545556], [15.585982291587179, 47.83899350545556], [15.586002799999997, 47.83894190000001], [15.585997500000001, 47.83882], [15.5861449, 47.83873299999998], [15.586021500000001, 47.839442299999995], [15.5861503, 47.8407746], [15.5863649, 47.84160989999999], [15.5863595, 47.8422328], [15.586472100000002, 47.842416400000005], [15.586724300000002, 47.8424344], [15.5864239, 47.8429745], [15.586375600000002, 47.8433309], [15.585742599999998, 47.8442886], [15.585527999999998, 47.844767399999995], [15.585377800000002, 47.84492230000001], [15.5849969, 47.84509510000001], [15.584516800000001, 47.84550369999999], [15.5837792, 47.8458097], [15.583419800000001, 47.846099499999994], [15.5830979, 47.8462867], [15.582725100000001, 47.8463659], [15.5826125, 47.8466684], [15.5823523, 47.8469204], [15.582371100000001, 47.846987], [15.582617800000001, 47.8467764], [15.5830497, 47.846645], [15.583798, 47.8465315], [15.584134600000002, 47.8463767], [15.5843028, 47.8464216], [15.584403800000002, 47.84644859999999], [15.5847582, 47.84654319999999], [15.5850962, 47.8463281], [15.5851579, 47.846063499999985], [15.585474400000003, 47.8458835], [15.585788199999998, 47.84573409999999], [15.585785499999998, 47.84547130000001], [15.5859572, 47.8451689], [15.585895499999998, 47.84541550000001], [15.5862629, 47.8451851], [15.586547300000001, 47.8451887], [15.5869684, 47.845323699999994], [15.5870542, 47.845005099999995], [15.587558400000002, 47.84479079999999], [15.587765, 47.8445784], [15.5878669, 47.844123], [15.5880466, 47.84406179999999], [15.587925900000002, 47.8433363], [15.5880466, 47.843210299999996], [15.5880573, 47.8430285], [15.588180699999999, 47.84300149999999], [15.588186100000001, 47.84284490000001], [15.588298699999998, 47.84290789999999], [15.588894199999999, 47.8426162], [15.589833000000002, 47.842285], [15.591442300000002, 47.84186549999999], [15.5919841, 47.84159910000002], [15.592692200000002, 47.8411454], [15.593054299999999, 47.8409168], [15.593759699999998, 47.840688199999995], [15.594819199999998, 47.84035869999999], [15.595460199999998, 47.8400328], [15.595570200000001, 47.8399158], [15.5964017, 47.8393289], [15.5964527, 47.83922989999999], [15.596568000000001, 47.8392677], [15.596592100000002, 47.8393775], [15.596956900000002, 47.839386499999996], [15.5972412, 47.8394495], [15.5972761, 47.839312699999994], [15.597219800000001, 47.839260499999995], [15.5972332, 47.8391507], [15.597520200000002, 47.839258699999995], [15.597619400000001, 47.8392407], [15.5975845, 47.8391633], [15.597657, 47.8390697], [15.5978528, 47.8391921], [15.598053900000002, 47.8391597], [15.59829, 47.83915789999999], [15.5986842, 47.83927489999999], [15.5986708, 47.8391129], [15.5984965, 47.83895630000001], [15.5981317, 47.83827929999999], [15.5978984, 47.8381569], [15.597514799999999, 47.838106499999995], [15.5976918, 47.8378454], [15.5980781, 47.8372189], [15.5983677, 47.836776], [15.598770100000001, 47.8364807], [15.5989954, 47.836331300000005], [15.599665900000002, 47.8361891], [15.6008434, 47.835969399999996], [15.6014711, 47.83591179999999], [15.601921700000002, 47.8359586], [15.6020531, 47.8360756], [15.6026164, 47.836113399999995], [15.6027961, 47.83608100000001], [15.602927500000002, 47.83599639999999], [15.603428966005277, 47.83586144832333], [15.603428966005277, 47.83574350545557], [15.603428966005277, 47.83566017212223], [15.603428966005277, 47.8355363263024], [15.603178200000002, 47.83544220000001], [15.602781699999998, 47.8353528], [15.602277000000003, 47.8353485], [15.6021899, 47.83541099999999], [15.6015998, 47.8353969], [15.601825100000001, 47.8353086], [15.6019619, 47.8347487], [15.6015479, 47.8349159], [15.6007478, 47.8347874], [15.600894799999999, 47.8347388], [15.601395999999998, 47.83474979999999], [15.601662300000001, 47.834455199999994], [15.6021808, 47.83434260000001], [15.6028931, 47.83382449999999], [15.6016302, 47.8330301], [15.6009336, 47.8329949], [15.600982599999998, 47.83371], [15.600810499999998, 47.833876800000006], [15.600311099999999, 47.8340308], [15.599626899999999, 47.834083099999994], [15.5992582, 47.8339691], [15.599144300000003, 47.83380399999999], [15.5987075, 47.83405599999999], [15.5986313, 47.83423510000001], [15.5986504, 47.834422], [15.5984308, 47.834456700000004], [15.5984321, 47.834665900000005], [15.598284599999998, 47.834683899999995], [15.598242399999998, 47.83487499999999], [15.5979371, 47.8346453], [15.5977294, 47.83466769999999], [15.597571099999998, 47.83451999999999], [15.596627599999998, 47.83406109999999], [15.5964929, 47.833878999999996], [15.59642, 47.8341072], [15.5965382, 47.834432199999995], [15.596934700000002, 47.83464970000001], [15.597205400000002, 47.83492869999999], [15.5973045, 47.8354278], [15.5973227, 47.8361635], [15.597411300000001, 47.83617499999999], [15.597654200000001, 47.835986000000005], [15.5977125, 47.83575789999999], [15.597865000000002, 47.8356786], [15.5980022, 47.8357323], [15.5982081, 47.83564019999999], [15.5986191, 47.8354935], [15.5986038, 47.83538430000001], [15.5988703, 47.83556159999999], [15.598816, 47.835647599999994], [15.5984194, 47.8357751], [15.598112799999997, 47.83608799999999], [15.5976553, 47.83670480000001], [15.597186300000002, 47.83757229999999], [15.5969076, 47.8378673], [15.5965078, 47.838129], [15.596189100000002, 47.838232], [15.596015500000002, 47.838562], [15.596176, 47.8385627], [15.596152699999998, 47.8387084], [15.5959913, 47.838873400000004], [15.5957518, 47.8390721], [15.5954656, 47.8392551], [15.5945048, 47.8397263], [15.593448900000002, 47.840156500000006], [15.5929551, 47.8404037], [15.5929738, 47.84049910000001], [15.5918069, 47.84113109999999], [15.5914825, 47.8412948], [15.590613300000001, 47.8416329], [15.5893183, 47.842005099999994], [15.5885696, 47.842195], [15.5877674, 47.842347499999995], [15.5877878, 47.842237299999994], [15.5876474, 47.84224179999999], [15.5876355, 47.842268999999995], [15.587545, 47.84226519999999], [15.587641600000001, 47.8421536], [15.587706, 47.8419897], [15.587722100000002, 47.84182769999999], [15.587703299999998, 47.84166570000001], [15.5876362, 47.8414281], [15.587545, 47.841257], [15.5874217, 47.841067999999986], [15.5873546, 47.84089699999999], [15.5873251, 47.8407008], [15.5873224, 47.8405225], [15.587378699999999, 47.8403407], [15.587523600000003, 47.8400707], [15.5876255, 47.839852799999996], [15.5878669, 47.8389311], [15.587991200000001, 47.838774599999994], [15.5882129, 47.8384954], [15.5881003, 47.8380795], [15.5879635, 47.8380183], [15.5878079, 47.8376186], [15.587539699999999, 47.83761140000001], [15.587431, 47.8376272], [15.587284200000001, 47.8376485], [15.587114400000003, 47.83736019999999], [15.5870193, 47.83716129999999], [15.5869259, 47.8368865], [15.586847699999998, 47.836253899999996], [15.586766900000002, 47.83576839999999], [15.5868691, 47.83515380000001], [15.586925400000002, 47.8345236], [15.5869764, 47.8341221], [15.5870917, 47.8339277], [15.5870917, 47.83429679999999], [15.5870059, 47.834905299999996], [15.586917400000003, 47.83548869999999], [15.587034900000003, 47.835481300000005], [15.587317000000002, 47.8354635], [15.587307700000002, 47.8352721], [15.588631100000002, 47.834005100000006], [15.5891687, 47.8333709], [15.589390400000001, 47.83336589999999], [15.5894655, 47.833545900000004], [15.589748, 47.833645200000014], [15.590155800000002, 47.8335731], [15.5908863, 47.833369499999996], [15.591398500000002, 47.83296879999999], [15.5915552, 47.8324124], [15.5914589, 47.8317785], [15.5916434, 47.8315095], [15.5921704, 47.83123899999999], [15.592539300000002, 47.83123220000001], [15.5934675, 47.8310187], [15.5934888, 47.8308397], [15.5933708, 47.83076400000001], [15.5935854, 47.8306164], [15.593794600000003, 47.83061279999999], [15.5937892, 47.83076760000001], [15.594009200000002, 47.83080729999999], [15.5947334, 47.83071359999999], [15.5946668, 47.83051520000001], [15.5963127, 47.8303184], [15.595914699999998, 47.8296544], [15.5960315, 47.8293163], [15.5960402, 47.8289613], [15.5954098, 47.82855609999999], [15.5959019, 47.828626299999996], [15.5962568, 47.82831509999999], [15.596469700000002, 47.82790769999999], [15.597296600000002, 47.8276127], [15.5974178, 47.8269616], [15.597679099999999, 47.826764999999995], [15.5979252, 47.8267593], [15.5981407, 47.826504699999994], [15.5990463, 47.82643879999999], [15.599458100000001, 47.82619669999999], [15.6003963, 47.82595679999999], [15.6010739, 47.82638669999999], [15.602329400000002, 47.826770100000005], [15.602443899999999, 47.826726699999995], [15.6018396, 47.8264793], [15.6007755, 47.825705299999996], [15.6007415, 47.82549509999999], [15.6011011, 47.825044], [15.602408000000002, 47.8254511], [15.603428966005277, 47.82542195512086], [15.603428966005277, 47.82524350545557], [15.603428966005277, 47.82491017212223], [15.603428966005277, 47.82465868847708], [15.602659999999998, 47.82487689999999], [15.6022333, 47.82479380000001], [15.601825100000001, 47.8242526], [15.601637400000001, 47.82391040000001], [15.601642699999998, 47.82340620000001], [15.601776800000001, 47.823038799999985], [15.601798100000002, 47.82273610000001], [15.602300006700059, 47.82258947557077], [15.60204613994244, 47.82258947557077], [15.599712806609107, 47.82258947557077], [15.599458692497345, 47.82258947557077], [15.5998888, 47.823091500000004], [15.599361300000002, 47.823857000000004], [15.5984752, 47.82501189999999], [15.5975728, 47.825218799999995], [15.5968469, 47.82513500000001], [15.5965614, 47.82494189999999], [15.5966582, 47.82432690000001], [15.5966216, 47.8237807], [15.5964125, 47.822942], [15.596270957933358, 47.82258947557077], [15.594462806609107, 47.82258947557077], [15.594282989675708, 47.82258947557077], [15.594278399999999, 47.822648099999995], [15.594047300000001, 47.8229332], [15.594064300000001, 47.82319799999999], [15.594285400000002, 47.8233629], [15.5943632, 47.823353899999994], [15.5944228, 47.82345360000001], [15.594263500000002, 47.82437309999999], [15.594035600000002, 47.824510999999994], [15.5942843, 47.8248599], [15.594754999999997, 47.8250319], [15.594832400000001, 47.825375799999996], [15.5951183, 47.82565579999999], [15.594869000000001, 47.826239300000005], [15.5946877, 47.82652930000001], [15.5948905, 47.8269452], [15.595167900000002, 47.82711939999999], [15.595470999999998, 47.827112199999995], [15.595516600000002, 47.82724189999999], [15.5953932, 47.8273661], [15.595151800000002, 47.8274004], [15.5948809, 47.82728689999998], [15.5946743, 47.82739860000001], [15.594298799999999, 47.8277281], [15.5940494, 47.8277677], [15.5938858, 47.82787580000001], [15.5937128, 47.8278121], [15.593609500000001, 47.8280288], [15.5932502, 47.828150399999984], [15.592970600000001, 47.82832659999999], [15.5929658, 47.82852220000001], [15.5928344, 47.8286969], [15.5928665, 47.828905799999994], [15.5927861, 47.8290768], [15.592668100000001, 47.82905519999999], [15.5925425, 47.82891409999998], [15.592302200000002, 47.8291724], [15.5920088, 47.8293385], [15.591187500000002, 47.8296837], [15.590996999999998, 47.82969990000001], [15.5908066, 47.82981509999999], [15.5907717, 47.829917699999996], [15.58998, 47.830441500000006], [15.589637200000002, 47.83062], [15.5891114, 47.83084509999999], [15.588909900000003, 47.8308749], [15.588622899999999, 47.83075379999999], [15.588483799999999, 47.8306326], [15.588516, 47.8303571], [15.5885267, 47.8306002], [15.588743999999998, 47.830715399999995], [15.588880800000002, 47.8307334], [15.5894536, 47.8304872], [15.5892799, 47.8302813], [15.5891195, 47.8299015], [15.588700499999998, 47.8296148], [15.5884168, 47.82915069999999], [15.5882797, 47.82908539999999], [15.5881619, 47.8288373], [15.5881539, 47.8286555], [15.5882461, 47.828297799999994], [15.5881673, 47.827904600000004], [15.5880627, 47.8277217], [15.587834699999998, 47.82746339999999], [15.5878857, 47.82725990000001], [15.587636000000002, 47.8273032], [15.5870676, 47.8268457], [15.5866221, 47.8265121], [15.5862265, 47.8263188], [15.5857828, 47.82619390000001], [15.585757180511752, 47.82622331950803], [15.585711274869881, 47.82620386151955], [15.58569834188214, 47.826197618932426], [15.585705000000003, 47.8261884], [15.585593029486933, 47.82614129554746], [15.585526574236678, 47.82610495726722], [15.585430205754417, 47.82605950963537], [15.585324200000002, 47.8259958], [15.585222199999999, 47.825893099999995], [15.5854905, 47.82596519999999], [15.585474400000003, 47.82586789999999], [15.585292, 47.825763499999994], [15.5850077, 47.82573639999998], [15.584763600000002, 47.82574009999999], [15.5845624, 47.825799499999995], [15.5842969, 47.825803099999995], [15.5841252, 47.82577069999999], [15.583961600000002, 47.825713], [15.583696099999997, 47.82559059999999], [15.5833581, 47.82528980000001], [15.5832079, 47.825212400000005], [15.5824944, 47.824735200000006], [15.582330799999998, 47.824612699999996], [15.5821457, 47.8244507], [15.5819419, 47.82402389999999], [15.581756799999999, 47.8235916], [15.5816334, 47.82333409999999], [15.5810997, 47.8228497], [15.5809012, 47.82265339999999], [15.580861311613992, 47.82258947557077], [15.58079613994244, 47.82258947557077], [15.580712806609107, 47.82258947557077], [15.580470096893142, 47.82258947557077], [15.5803916, 47.822739799999994], [15.580407700000002, 47.8228515], [15.5805552, 47.8228929], [15.580412999999998, 47.8231937], [15.580592700000002, 47.823209899999995], [15.580725, 47.82363389999999]]]}}, {"type": "Feature", "properties": {"klasse": "Acker"}, "geometry": {"type": "Polygon", "coordinates": [[[15.583360099999998, 47.8241398], [15.582701700000001, 47.823282299999995], [15.582210100000001, 47.8228623], [15.582169340992886, 47.82258947557077], [15.581855929828079, 47.82258947557077], [15.5819526, 47.823028], [15.582084099999998, 47.8232657], [15.582081399999998, 47.8233809], [15.581848000000003, 47.8233737], [15.581864099999999, 47.82356279999999], [15.582161800000002, 47.82427779999999], [15.5823469, 47.82449390000001], [15.5828968, 47.8249243], [15.5832401, 47.8251116], [15.583505600000002, 47.82530070000001], [15.583765800000002, 47.82555459999999], [15.5840126, 47.8256572], [15.584240600000001, 47.8257112], [15.584471200000001, 47.82572559999999], [15.5847019, 47.82569319999999], [15.5850452, 47.8256644], [15.5852571, 47.8256788], [15.5856219, 47.825804899999994], [15.5857096, 47.8256084], [15.5853157, 47.825443199999995], [15.584883500000002, 47.82542279999999], [15.584570500000002, 47.8253295], [15.584308400000001, 47.8251317], [15.583907000000002, 47.8251552], [15.583728299999999, 47.82524299999999], [15.583511, 47.82513320000001], [15.5835324, 47.8248558], [15.583212300000001, 47.82448529999999], [15.583360099999998, 47.8241398]]]}}, {"type": "Feature", "properties": {"klasse": "Acker"}, "geometry": {"type": "Polygon", "coordinates": [[[15.581212806609107, 47.83922023415745], [15.581212806609107, 47.83924350545556], [15.581333763239988, 47.83924350545556], [15.581212806609107, 47.83922023415745]]]}}, {"type": "Feature", "properties": {"klasse": "Acker"}, "geometry": {"type": "Polygon", "coordinates": [[[15.5855951, 47.83968719999999], [15.585474400000003, 47.83968719999999], [15.58541746095739, 47.8393268387889], [15.585253731438977, 47.8393268387889], [15.5853885, 47.83982759999999], [15.585285084833192, 47.84016017212223], [15.58529613994244, 47.84016017212223], [15.58529613994244, 47.84024350545557], [15.585462806609106, 47.84024350545557], [15.585462806609106, 47.84016017212223], [15.58554613994244, 47.84016017212223], [15.58554613994244, 47.840076838788896], [15.585629658776998, 47.840076838788896], [15.585712806609106, 47.839748692470366], [15.585712806609106, 47.83939778402431], [15.5855951, 47.83968719999999]]]}}, {"type": "Feature", "properties": {"klasse": "Acker"}, "geometry": {"type": "Polygon", "coordinates": [[[15.5839991, 47.84217879999999], [15.5837872, 47.8422688], [15.5834949, 47.84218779999999], [15.583135500000001, 47.84217879999999], [15.582872599999998, 47.84212480000001], [15.581762200000002, 47.84216980000001], [15.5816039, 47.84198429999999], [15.5812955, 47.841836699999995], [15.581217700000002, 47.841915900000004], [15.5813464, 47.8421536], [15.581451000000001, 47.842252599999995], [15.581673700000001, 47.84226880000001], [15.581743400000002, 47.84232819999998], [15.581743400000002, 47.842481199999995], [15.581963299999998, 47.842805199999994], [15.581512700000001, 47.842853899999994], [15.581282, 47.84258739999999], [15.581113100000001, 47.8424758], [15.5810433, 47.8426792], [15.581314199999998, 47.8430177], [15.5814832, 47.8430195], [15.5815342, 47.843095100000006], [15.581968700000001, 47.8431311], [15.582210100000001, 47.84302850000001], [15.582354900000002, 47.8431185], [15.5821994, 47.8435811], [15.581864099999999, 47.843813399999995], [15.581574399999997, 47.8438674], [15.581059400000001, 47.8442364], [15.5805739, 47.84448479999999], [15.5803862, 47.84436959999999], [15.580697300000002, 47.8442022], [15.5805632, 47.8441284], [15.580198399999999, 47.8442202], [15.579849699999999, 47.844443399999996], [15.5793509, 47.8445352], [15.579061199999998, 47.8446216], [15.57897, 47.8445856], [15.579206000000001, 47.8443516], [15.579487600000002, 47.844225599999994], [15.579434, 47.8441626], [15.57908, 47.844252600000004], [15.578919, 47.8444092], [15.578538100000001, 47.844594599999986], [15.5779212, 47.8445532], [15.577698600000002, 47.8443984], [15.5775082, 47.844362399999994], [15.576711599999998, 47.84588709999999], [15.576545300000001, 47.84597349999999], [15.5766338, 47.84611209999999], [15.576993200000002, 47.8460869], [15.5772131, 47.8460455], [15.5773097, 47.84616609999999], [15.5775303, 47.84636089999999], [15.5774197, 47.846716999999984], [15.5770002, 47.84693079999999], [15.577704, 47.847693500000005], [15.577795, 47.8476354], [15.578237999999999, 47.847100999999995], [15.579203300000001, 47.84658919999999], [15.5795999, 47.8464666], [15.5798026, 47.8462448], [15.5800804, 47.8461031], [15.5802682, 47.8461409], [15.5803835, 47.84625969999999], [15.5806169, 47.84629389999999], [15.580700000000002, 47.84611929999999], [15.580673199999998, 47.8458331], [15.5807402, 47.845701700000006], [15.5809977, 47.8456189], [15.5810755, 47.8457503], [15.5813786, 47.84577009999999], [15.5816495, 47.8459807], [15.581877499999997, 47.845899700000004], [15.582076, 47.845613499999985], [15.5824408, 47.84542449999999], [15.582623199999999, 47.8451401], [15.583312500000002, 47.8448862], [15.583363400000001, 47.84502489999999], [15.5835405, 47.8450537], [15.584388, 47.844753000000004], [15.584819900000001, 47.8444956], [15.584857400000002, 47.84432099999999], [15.5845517, 47.8441302], [15.584058100000002, 47.84367829999999], [15.5839857, 47.84351629999999], [15.5847421, 47.8441662], [15.5849319, 47.8442515], [15.585031800000001, 47.84409960000001], [15.585171300000003, 47.8440348], [15.5851981, 47.843835], [15.585420700000002, 47.8436909], [15.5856675, 47.8431617], [15.5857908, 47.843062700000004], [15.5856085, 47.8427818], [15.585833800000001, 47.8425748], [15.585627200000001, 47.841977100000015], [15.585654, 47.841586500000005], [15.5855977, 47.8414065], [15.585576300000001, 47.840789], [15.585458200000001, 47.840734999999995], [15.585159600000003, 47.8408213], [15.584949, 47.84106739999999], [15.5851192, 47.841273199999996], [15.5850224, 47.841491100000006], [15.584867900000003, 47.8415372], [15.5847033, 47.84149419999999], [15.584570800000002, 47.84138080000001], [15.5842836, 47.841361899999995], [15.584120700000001, 47.8416766], [15.584177700000001, 47.842014400000004], [15.5839991, 47.84217879999999]]]}}, {"type": "Feature", "properties": {"klasse": "Acker"}, "geometry": {"type": "Polygon", "coordinates": [[[15.5822369, 47.84830099999999], [15.5823415, 47.84819120000001], [15.5822798, 47.8479374], [15.582076, 47.8480076], [15.582143000000002, 47.847770000000004], [15.5822423, 47.847676400000005], [15.5824729, 47.84724709999999], [15.5823578, 47.847241499999996], [15.5822342, 47.847235399999995], [15.582073299999998, 47.84757200000001], [15.582073299999998, 47.847631400000004], [15.581872200000001, 47.84782940000001], [15.581652200000002, 47.847959], [15.581172099999998, 47.8481678], [15.580641, 47.84835319999999], [15.580675899999997, 47.84825420000001], [15.5816227, 47.847879799999994], [15.581826600000001, 47.84774660000001], [15.581968700000001, 47.847662899999996], [15.582023700000002, 47.847487399999984], [15.5819526, 47.84746040000001], [15.582003600000002, 47.84731730000001], [15.581920399999998, 47.8472354], [15.581660199999998, 47.84725699999999], [15.5814778, 47.84713099999999], [15.580960200000002, 47.8471346], [15.5808341, 47.8470302], [15.579575700000001, 47.847105600000006], [15.578706300000002, 47.8478075], [15.5784918, 47.84821919999999], [15.5780956, 47.8484108], [15.577805900000001, 47.8484378], [15.577500099999998, 47.84856380000001], [15.577191700000002, 47.84861599999999], [15.576651200000002, 47.8485503], [15.5767277, 47.848618699999996], [15.577341900000002, 47.8488212], [15.5773714, 47.8489616], [15.577789800000001, 47.84912179999999], [15.5781707, 47.8487294], [15.578961999999999, 47.849102], [15.5792758, 47.8488608], [15.579597600000001, 47.84866819999999], [15.5798927, 47.848549399999996], [15.580066999999998, 47.84858899999999], [15.5797693, 47.8487024], [15.579506500000003, 47.84884280000001], [15.5790746, 47.8491416], [15.5788976, 47.849389999999985], [15.579002200000001, 47.8496276], [15.579081499999997, 47.84971549999999], [15.5793258, 47.84974679999999], [15.579581099999999, 47.84923030000001], [15.580149200000001, 47.84902], [15.5807304, 47.84916019999999], [15.5808785, 47.8493832], [15.5809073, 47.8499007], [15.581360800000002, 47.85028689999999], [15.5823181, 47.850377200000004], [15.582320099999999, 47.8501532], [15.5818694, 47.85017119999999], [15.581642900000002, 47.850008599999995], [15.581675900000002, 47.8496119], [15.581931900000002, 47.84912510000001], [15.581396500000002, 47.848643100000004], [15.581789, 47.84852419999998], [15.5822369, 47.84830099999999]]]}}, {"type": "Feature", "properties": {"klasse": "Acker"}, "geometry": {"type": "Polygon", "coordinates": [[[15.583923699999998, 47.8486703], [15.5836707, 47.84847860000001], [15.583221300000002, 47.848507999999995], [15.582919700000001, 47.8483745], [15.5826096, 47.84846219999999], [15.582796499999999, 47.84867460000001], [15.5828968, 47.8490192], [15.5830617, 47.849015599999994], [15.5829442, 47.84920709999999], [15.5833276, 47.8492289], [15.5835972, 47.8490866], [15.5842339, 47.84922900000001], [15.58434, 47.8496234], [15.585488100000001, 47.849636999999994], [15.586029600000002, 47.84973839999999], [15.5863153, 47.84944809999999], [15.586840300000002, 47.849275500000005], [15.586570400000001, 47.8491238], [15.585824600000002, 47.8492738], [15.583923699999998, 47.8486703]]]}}, {"type": "Feature", "properties": {"klasse": "Acker"}, "geometry": {"type": "Polygon", "coordinates": [[[15.5765801, 47.85151599999999], [15.5767946, 47.8513176], [15.5767398, 47.85121329999999], [15.576861799999998, 47.8509893], [15.576961, 47.8508669], [15.5768712, 47.850822799999996], [15.5766861, 47.8509974], [15.576562700000002, 47.8511476], [15.5765077, 47.8512862], [15.5764756, 47.851445500000004], [15.5765801, 47.85151599999999]]]}}, {"type": "Feature", "properties": {"klasse": "Acker"}, "geometry": {"type": "Polygon", "coordinates": [[[15.5761617, 47.8517155], [15.575944500000002, 47.8515733], [15.5756575, 47.85130329999999], [15.575593099999999, 47.85160030000001], [15.575644100000002, 47.8517281], [15.5758077, 47.851873899999994], [15.576140300000002, 47.8520233], [15.5763736, 47.8522033], [15.576405799999998, 47.852363499999996], [15.576754499999998, 47.852494899999996], [15.5764648, 47.8522609], [15.5763844, 47.852032300000005], [15.5763763, 47.85180009999999], [15.5761617, 47.8517155]]]}}, {"type": "Feature", "properties": {"klasse": "Acker"}, "geometry": {"type": "Polygon", "coordinates": [[[15.57779613994244, 47.85312021271199], [15.577632599999998, 47.8531246], [15.5776481, 47.85305799999999], [15.577617700000001, 47.8530099], [15.577685397331555, 47.852993505455565], [15.577629473275774, 47.852993505455565], [15.577629473275774, 47.85291017212223], [15.57754613994244, 47.85291017212223], [15.57754613994244, 47.852660172122235], [15.577462806609107, 47.852660172122235], [15.577462806609107, 47.85249350545556], [15.57744084519544, 47.85249350545556], [15.577443113560937, 47.85250778871788], [15.577443440556342, 47.85252944607093], [15.577440671352287, 47.85255102419173], [15.577434831620206, 47.85257232301413], [15.577293644876429, 47.852976983873084], [15.5772892, 47.853018199999994], [15.577273550815587, 47.853034576248284], [15.577258805355626, 47.8530768387889], [15.57729613994244, 47.8530768387889], [15.57729613994244, 47.85316017212223], [15.577292326924445, 47.85316017212223], [15.5773381, 47.85325240000001], [15.577307299999998, 47.85330939999999], [15.577244, 47.85335189999999], [15.577212806609106, 47.8533722759519], [15.577212806609106, 47.85349350545557], [15.577311353193291, 47.85349350545557], [15.5775177, 47.853263000000005], [15.577692400000002, 47.85326200000001], [15.577712806609107, 47.85327481055629], [15.577712806609107, 47.853243505455566], [15.577879473275773, 47.853243505455566], [15.577879473275773, 47.85316017212223], [15.57779613994244, 47.85316017212223], [15.57779613994244, 47.85312021271199]]]}}, {"type": "Feature", "properties": {"klasse": "Acker"}, "geometry": {"type": "Polygon", "coordinates": [[[15.579462806609106, 47.85491017212223], [15.579462806609106, 47.85466017212223], [15.579379473275774, 47.85466017212223], [15.579379473275774, 47.8545768387889], [15.579129473275774, 47.8545768387889], [15.579129473275774, 47.854493505455565], [15.578962806609107, 47.854493505455565], [15.578962806609107, 47.8545768387889], [15.578879473275773, 47.8545768387889], [15.578879473275773, 47.85466017212223], [15.57879613994244, 47.85466017212223], [15.57879613994244, 47.854743505455566], [15.57854613994244, 47.854743505455566], [15.57854613994244, 47.85499350545557], [15.578629473275774, 47.85499350545557], [15.578629473275774, 47.8550768387889], [15.57854613994244, 47.8550768387889], [15.57854613994244, 47.85524350545557], [15.578379473275774, 47.85524350545557], [15.578379473275774, 47.85549350545556], [15.578129473275773, 47.85549350545556], [15.578129473275773, 47.85548560137937], [15.578085599999998, 47.8555207], [15.578053599999999, 47.855574], [15.5780226, 47.85566699999999], [15.5780351, 47.8557149], [15.5782213, 47.85584719999999], [15.5783851, 47.8559153], [15.578371, 47.8559718], [15.578380400000002, 47.8560356], [15.5783944, 47.85608169999999], [15.578456800000001, 47.8561277], [15.578508299999998, 47.85614339999999], [15.57854613994244, 47.85616347603503], [15.57854613994244, 47.85616017212223], [15.578712806609106, 47.85616017212223], [15.578712806609106, 47.8560768387889], [15.578962806609107, 47.8560768387889], [15.578962806609107, 47.85591017212223], [15.57924117718912, 47.85591017212223], [15.579271100000001, 47.8558881], [15.5794489, 47.8558431], [15.579462806609106, 47.85584170756529], [15.579462806609106, 47.855743505455564], [15.579879473275774, 47.855743505455564], [15.579879473275774, 47.855660172122235], [15.58004613994244, 47.855660172122235], [15.58004613994244, 47.85556858031516], [15.579962100000001, 47.8555678], [15.5798451, 47.85553430000001], [15.58004613994244, 47.85527428112657], [15.58004613994244, 47.85524350545557], [15.579879473275774, 47.85524350545557], [15.579879473275774, 47.85516017212223], [15.57979613994244, 47.85516017212223], [15.57979613994244, 47.8550768387889], [15.579712806609107, 47.8550768387889], [15.579712806609107, 47.85499350545557], [15.579629473275773, 47.85499350545557], [15.579629473275773, 47.85491017212223], [15.579462806609106, 47.85491017212223]]]}}, {"type": "Feature", "properties": {"klasse": "Acker"}, "geometry": {"type": "Polygon", "coordinates": [[[15.57854613994244, 47.856326838788895], [15.57854613994244, 47.856325476152975], [15.577848799999998, 47.8557183], [15.577991000000003, 47.8555114], [15.578108999999998, 47.85523599999999], [15.5780151, 47.85512079999999], [15.5777737, 47.8550218], [15.577425, 47.85505059999999], [15.5770871, 47.8549282], [15.57649, 47.8548932], [15.5767143, 47.855115399999995], [15.5769718, 47.85530800000001], [15.5771729, 47.85544120000001], [15.577290900000001, 47.85549699999999], [15.5773687, 47.85565540000001], [15.5773956, 47.8558443], [15.5774034, 47.85598920000001], [15.577505500000001, 47.857888800000005], [15.577595000000002, 47.858152999999994], [15.5776568, 47.8580402], [15.5778241, 47.85808419999999], [15.578025200000003, 47.85779300000001], [15.578341700000001, 47.8577445], [15.5781332, 47.8573597], [15.578129473275773, 47.85734934735848], [15.578129473275773, 47.85699350545556], [15.57804613994244, 47.85699350545556], [15.57804613994244, 47.85670810169502], [15.578023856146247, 47.85666017212223], [15.577962806609106, 47.85666017212223], [15.577962806609106, 47.8565768387889], [15.577879473275773, 47.8565768387889], [15.577879473275773, 47.85649350545557], [15.577815639001322, 47.85649350545557], [15.57779613994244, 47.856459276416565], [15.57779613994244, 47.85641017212223], [15.577768166982795, 47.85641017212223], [15.577744200000001, 47.8563681], [15.577527, 47.8561251], [15.577537700000002, 47.8560171], [15.577873, 47.85633570000002], [15.5778757, 47.8562367], [15.5780795, 47.85635550000001], [15.5782753, 47.8566974], [15.5783826, 47.8568216], [15.578492600000002, 47.8568612], [15.578658899999999, 47.8567928], [15.578715199999998, 47.856872], [15.578715199999998, 47.8569566], [15.578675, 47.8571059], [15.578760800000001, 47.85722289999999], [15.578961999999999, 47.8574137], [15.578961999999999, 47.85755050000001], [15.5788386, 47.85766749999999], [15.5786401, 47.85766929999999], [15.578712499999998, 47.857822199999994], [15.578929799999997, 47.857890600000005], [15.578945900000003, 47.8580094], [15.5791229, 47.858140799999994], [15.579310700000002, 47.858198400000006], [15.5794206, 47.85829189999999], [15.579581599999997, 47.85833689999999], [15.5795279, 47.858419700000006], [15.5796647, 47.8584845], [15.5800912, 47.85856729999999], [15.580123667398368, 47.85849350545556], [15.58029613994244, 47.85849350545556], [15.58029613994244, 47.8583268387889], [15.580462806609107, 47.8583268387889], [15.580462806609107, 47.85816017212223], [15.58054613994244, 47.85816017212223], [15.58054613994244, 47.8580768387889], [15.580462806609107, 47.8580768387889], [15.580462806609107, 47.85791017212223], [15.580379473275773, 47.85791017212223], [15.580379473275773, 47.85785337857616], [15.580332100000001, 47.8578448], [15.580306752599071, 47.857826838788895], [15.580151837372782, 47.857826838788895], [15.58004613994244, 47.85775111544643], [15.58004613994244, 47.857743505455566], [15.580035517636905, 47.857743505455566], [15.579962806609107, 47.85769141410348], [15.579962806609107, 47.85766017212223], [15.579919197901019, 47.85766017212223], [15.579712806609107, 47.85751231007461], [15.579712806609107, 47.857493505455565], [15.579686558429255, 47.857493505455565], [15.579629473275773, 47.857452608731656], [15.579629473275773, 47.85741017212223], [15.579570238693368, 47.85741017212223], [15.57954613994244, 47.8573929073887], [15.57954613994244, 47.8573268387889], [15.57945391895749, 47.8573268387889], [15.579379473275774, 47.85727350470279], [15.579379473275774, 47.857243505455564], [15.579344613006786, 47.857243505455564], [15.57929613994244, 47.85719444013554], [15.57929613994244, 47.857160172122235], [15.579262285570092, 47.857160172122235], [15.5788869, 47.856780199999996], [15.5786186, 47.856602], [15.578565000000001, 47.856494], [15.578565368160854, 47.85649350545557], [15.578712806609106, 47.85649350545557], [15.578712806609106, 47.856470593361], [15.578643413002386, 47.85641017212223], [15.578629473275774, 47.85641017212223], [15.578629473275774, 47.85639803475699], [15.5785477049256, 47.856326838788895], [15.57854613994244, 47.856326838788895]], [[15.578462806609107, 47.856326838788895], [15.578462806609107, 47.85634367542411], [15.578443809690466, 47.856326838788895], [15.578462806609107, 47.856326838788895]], [[15.57854613994244, 47.85641017212223], [15.57854613994244, 47.85641753229325], [15.578537835398912, 47.85641017212223], [15.57854613994244, 47.85641017212223]]]}}, {"type": "Feature", "properties": {"klasse": "Acker"}, "geometry": {"type": "Polygon", "coordinates": [[[15.5762637, 47.8566452], [15.5762823, 47.857157199999996], [15.576918200000001, 47.857156700000004], [15.5773312, 47.8571617], [15.5773339, 47.85635189999999], [15.577081700000003, 47.8562115], [15.5769449, 47.85617909999999], [15.576931500000002, 47.85671359999999], [15.576818899999997, 47.8568414], [15.5762637, 47.8566452]]]}}, {"type": "Feature", "properties": {"klasse": "Acker"}, "geometry": {"type": "Polygon", "coordinates": [[[15.582379473275774, 47.85849350545556], [15.58229613994244, 47.85849350545556], [15.58229613994244, 47.8585768387889], [15.582379473275774, 47.8585768387889], [15.582379473275774, 47.85849350545556]]]}}, {"type": "Feature", "properties": {"klasse": "Acker"}, "geometry": {"type": "Polygon", "coordinates": [[[15.58229613994244, 47.858660172122235], [15.58229613994244, 47.8588268387889], [15.581712806609106, 47.8588268387889], [15.581712806609106, 47.858743505455564], [15.58154613994244, 47.858743505455564], [15.58154613994244, 47.8588268387889], [15.581462806609107, 47.8588268387889], [15.581462806609107, 47.858743505455564], [15.581379473275772, 47.858743505455564], [15.581379473275772, 47.8588268387889], [15.58118285046053, 47.8588268387889], [15.580053600000001, 47.85868250000001], [15.5805552, 47.8587958], [15.580962900000001, 47.85888579999999], [15.580804599999999, 47.85902080000001], [15.581174800000001, 47.8591702], [15.581453699999999, 47.85930599999999], [15.5815503, 47.859261999999994], [15.581915100000002, 47.85929159999999], [15.582011600000001, 47.859333], [15.5819821, 47.85938659999999], [15.582194, 47.85931949999999], [15.5823442, 47.8591774], [15.5826377, 47.859330099999994], [15.582423600000002, 47.8594202], [15.5823433, 47.8594748], [15.582196600000001, 47.8596162], [15.582168, 47.85962920000001], [15.5828476, 47.85981029999999], [15.5833336, 47.8599296], [15.5844939, 47.860173799999984], [15.5845566, 47.860049100000005], [15.5843049, 47.8599062], [15.5840918, 47.8592432], [15.5838489, 47.859200699999995], [15.583545399999998, 47.85915059999999], [15.5831502, 47.85909920000001], [15.582879473275772, 47.85906501212477], [15.582879473275772, 47.85896872619581], [15.5828596, 47.8589648], [15.5827734, 47.85888580000001], [15.58279613994244, 47.858702661302736], [15.58279613994244, 47.858660172122235], [15.582712806609107, 47.858660172122235], [15.582712806609107, 47.8588268387889], [15.58254613994244, 47.8588268387889], [15.58254613994244, 47.858660172122235], [15.582462806609106, 47.858660172122235], [15.582462806609106, 47.8585768387889], [15.582379473275774, 47.8585768387889], [15.582379473275774, 47.858660172122235], [15.58229613994244, 47.858660172122235]]]}}, {"type": "Feature", "properties": {"klasse": "Acker"}, "geometry": {"type": "Polygon", "coordinates": [[[15.5755582, 47.859335699999995], [15.575718800000002, 47.8593131], [15.575740600000001, 47.859233199999984], [15.5759069, 47.85936269999999], [15.576094700000002, 47.859141399999984], [15.5762771, 47.85905139999999], [15.5763575, 47.8589866], [15.576236800000002, 47.85891999999999], [15.576002100000002, 47.858711299999996], [15.576097400000002, 47.85865369999999], [15.575622900000003, 47.85854509999999], [15.575652100000001, 47.8586969], [15.575854799999998, 47.8588154], [15.5755475, 47.85913060000001], [15.5755582, 47.859335699999995]]]}}, {"type": "Feature", "properties": {"klasse": "Acker"}, "geometry": {"type": "Polygon", "coordinates": [[[15.5850854, 47.8601024], [15.5850184, 47.860316499999996], [15.5855294, 47.8604488], [15.5860966, 47.8604479], [15.5866089, 47.86056129999999], [15.5866224, 47.8604587], [15.5863622, 47.8603741], [15.586418500000002, 47.8602913], [15.585206100000002, 47.85973709999999], [15.5851445, 47.8598702], [15.5851954, 47.85996920000001], [15.5850854, 47.8601024]]]}}, {"type": "Feature", "properties": {"klasse": "Acker"}, "geometry": {"type": "Polygon", "coordinates": [[[15.582879473275772, 47.8605768387889], [15.582879473275772, 47.86049447932198], [15.5826716, 47.86032809999999], [15.582670524722339, 47.8603268387889], [15.582629473275773, 47.8603268387889], [15.582629473275773, 47.86027868886305], [15.5826236, 47.86027180000001], [15.582571205741836, 47.860243505455564], [15.582379473275774, 47.860243505455564], [15.582379473275774, 47.86018861041518], [15.582242406954034, 47.860160172122235], [15.582212806609107, 47.860160172122235], [15.582212806609107, 47.8603268387889], [15.582379473275774, 47.8603268387889], [15.582379473275774, 47.86041017212223], [15.58254613994244, 47.86041017212223], [15.58254613994244, 47.860493505455565], [15.582629473275773, 47.860493505455565], [15.582629473275773, 47.8605768387889], [15.582879473275772, 47.8605768387889]]]}}, {"type": "Feature", "properties": {"klasse": "Acker"}, "geometry": {"type": "Polygon", "coordinates": [[[15.585712806609106, 47.86165962526259], [15.5856635, 47.8616491], [15.5856648, 47.8616005], [15.585590999999999, 47.8615304], [15.585527999999998, 47.861495299999994], [15.5852571, 47.861464699999985], [15.585204800000001, 47.8616221], [15.5851217, 47.861704], [15.585033100000002, 47.8616905], [15.584975500000002, 47.861738200000005], [15.5848414, 47.8616662], [15.5849004, 47.861595999999984], [15.584790399999997, 47.86149710000001], [15.584901700000001, 47.8613981], [15.584829300000003, 47.86135399999999], [15.5847877, 47.861363], [15.5846836, 47.86146289999999], [15.584566900000002, 47.861587199999995], [15.584570500000002, 47.86162929999999], [15.584641483750609, 47.861660172122235], [15.584629473275774, 47.861660172122235], [15.584629473275774, 47.861993505455565], [15.584712806609106, 47.861993505455565], [15.584712806609106, 47.8620768387889], [15.584962806609107, 47.8620768387889], [15.584962806609107, 47.86216017212223], [15.58504613994244, 47.86216017212223], [15.58504613994244, 47.86224350545557], [15.585462806609106, 47.86224350545557], [15.585462806609106, 47.862326838788896], [15.585618964605358, 47.862326838788896], [15.585712806609106, 47.86220282397423], [15.585712806609106, 47.86216017212223], [15.585629473275773, 47.86216017212223], [15.585629473275773, 47.8620768387889], [15.585379473275774, 47.8620768387889], [15.585379473275774, 47.861993505455565], [15.58504613994244, 47.861993505455565], [15.58504613994244, 47.86182871164555], [15.5853684, 47.86194239999999], [15.585482399999998, 47.86193349999999], [15.585510719851605, 47.86191017212223], [15.58554613994244, 47.86191017212223], [15.58554613994244, 47.86187574620452], [15.585657766725511, 47.861660172122235], [15.585712806609106, 47.861660172122235], [15.585712806609106, 47.86165962526259]], [[15.584833090680098, 47.861743505455564], [15.584712806609106, 47.861743505455564], [15.584712806609106, 47.86169119172866], [15.584833090680098, 47.861743505455564]], [[15.585040831158663, 47.8618268387889], [15.584962806609107, 47.8618268387889], [15.584962806609107, 47.86179931293692], [15.585040831158663, 47.8618268387889]]]}}, {"type": "Feature", "properties": {"klasse": "Acker"}, "geometry": {"type": "Polygon", "coordinates": [[[15.585880915304141, 47.86224350545557], [15.5861127, 47.862312299999985], [15.586129473275774, 47.862316129931756], [15.586129473275774, 47.86224350545557], [15.585880915304141, 47.86224350545557]]]}}, {"type": "Feature", "properties": {"klasse": "Acker"}, "geometry": {"type": "Polygon", "coordinates": [[[15.5848494, 47.8622133], [15.5845946, 47.862287099999996], [15.5842513, 47.86257679999999], [15.5841064, 47.8630087], [15.583913299999999, 47.8633344], [15.5840394, 47.86347829999999], [15.584221800000002, 47.86359350000001], [15.5844417, 47.86342080000001], [15.584326400000002, 47.86330199999998], [15.5843988, 47.86316879999999], [15.584219100000002, 47.8630375], [15.5846429, 47.8625858], [15.584876199999998, 47.86248319999999], [15.584817200000002, 47.8622709], [15.5848494, 47.8622133]]]}}, {"type": "Feature", "properties": {"klasse": "Acker"}, "geometry": {"type": "Polygon", "coordinates": [[[15.585182000000001, 47.864905300000004], [15.585505499999998, 47.86511879999998], [15.5864692, 47.86551039999999], [15.586389, 47.8653408], [15.586372900000002, 47.86524539999999], [15.586429200000001, 47.86516079999999], [15.586525800000002, 47.8651141], [15.5866116, 47.8651123], [15.5867913, 47.8653678], [15.5869603, 47.86549189999999], [15.58722710472429, 47.8655768387889], [15.587428152209638, 47.8655768387889], [15.587389499999999, 47.86556749999999], [15.587133004699336, 47.86549350545557], [15.587129473275773, 47.86549350545557], [15.587129473275773, 47.86549248669976], [15.587121200000002, 47.8654901], [15.586973700000001, 47.865385800000006], [15.586828900000002, 47.8652652], [15.58682394813865, 47.86524350545557], [15.58679613994244, 47.86524350545557], [15.58679613994244, 47.86512167527792], [15.586793999999998, 47.8651123], [15.58679613994244, 47.8651066405352], [15.58679613994244, 47.8648268387889], [15.586962806609106, 47.8648268387889], [15.586962806609106, 47.864743505455564], [15.58729613994244, 47.864743505455564], [15.58729613994244, 47.864660172122235], [15.587629473275774, 47.864660172122235], [15.587629473275774, 47.86449350545556], [15.58779613994244, 47.86449350545556], [15.58779613994244, 47.8645768387889], [15.587879473275773, 47.8645768387889], [15.587879473275773, 47.864660172122235], [15.587962806609106, 47.864660172122235], [15.587962806609106, 47.86449350545556], [15.588129473275773, 47.86449350545556], [15.588129473275773, 47.864410172122234], [15.588212806609107, 47.864410172122234], [15.588212806609107, 47.8643268387889], [15.588129473275773, 47.8643268387889], [15.588129473275773, 47.86374350545557], [15.58804613994244, 47.86374350545557], [15.58804613994244, 47.86366017212223], [15.587879473275773, 47.86366017212223], [15.587879473275773, 47.86341017212223], [15.588129473275773, 47.86341017212223], [15.588129473275773, 47.863493505455565], [15.588167163551132, 47.863493505455565], [15.5881458, 47.863568300000004], [15.58829613994244, 47.86360535602233], [15.58829613994244, 47.86366017212223], [15.588379473275774, 47.86366017212223], [15.588379473275774, 47.86381603932508], [15.58836443444636, 47.86391017212223], [15.58829613994244, 47.86391017212223], [15.58829613994244, 47.86424350545556], [15.588379473275774, 47.86424350545556], [15.588379473275774, 47.8643268387889], [15.58854613994244, 47.8643268387889], [15.58854613994244, 47.864410172122234], [15.588712806609106, 47.864410172122234], [15.588712806609106, 47.86449350545556], [15.588859754679977, 47.86449350545556], [15.5888754, 47.864504], [15.588879473275773, 47.86451155699847], [15.588879473275773, 47.864660172122235], [15.588959577881496, 47.864660172122235], [15.588962806609107, 47.86466616226162], [15.588962806609107, 47.864718599882075], [15.58896072562186, 47.864743505455564], [15.58879613994244, 47.864743505455564], [15.58879613994244, 47.8648268387889], [15.58895376269832, 47.8648268387889], [15.588950900000002, 47.8648611], [15.5893716, 47.864777600000004], [15.5894253, 47.86471819999999], [15.5892026, 47.864383499999995], [15.5892697, 47.864095600000006], [15.589393099999999, 47.86406499999998], [15.5896318, 47.8646642], [15.589798100000001, 47.8648909], [15.5900019, 47.8650583], [15.590248699999998, 47.8651716], [15.5905277, 47.86517340000001], [15.5907261, 47.8650925], [15.5907664, 47.8650241], [15.590742200000001, 47.86484409999999], [15.590881700000002, 47.864676800000005], [15.591149900000001, 47.864512999999995], [15.591364499999997, 47.864554399999996], [15.5914208, 47.8646714], [15.591379473275774, 47.864700767104075], [15.591379473275774, 47.86516017212223], [15.591462806609107, 47.86516017212223], [15.591462806609107, 47.8650768387889], [15.591712806609106, 47.8650768387889], [15.591712806609106, 47.8648268387889], [15.591879473275773, 47.8648268387889], [15.591879473275773, 47.864743505455564], [15.591894781424381, 47.864743505455564], [15.59189521614543, 47.864719866386885], [15.591921417542535, 47.86450066645632], [15.591928931840082, 47.86446803429458], [15.591981086914002, 47.86431623012307], [15.591970933775704, 47.86418269902686], [15.591870445193571, 47.86406379502525], [15.591851488037346, 47.8640375299612], [15.59175896576599, 47.863884842515525], [15.591647844804777, 47.863723649492734], [15.591758800000001, 47.8636475], [15.5916703, 47.8635143], [15.591544894531479, 47.863553203339734], [15.591515355376599, 47.86350388551502], [15.59140739444933, 47.86335283011076], [15.591312522786097, 47.863243505455564], [15.591200950316829, 47.863243505455564], [15.5911741, 47.8631886], [15.5904794, 47.863257], [15.590444499999998, 47.86297270000001], [15.589693500000001, 47.86259479999999], [15.5894682, 47.86252279999999], [15.5889666, 47.862492200000005], [15.588921, 47.86244], [15.589407452179474, 47.86241017212223], [15.58929613994244, 47.86241017212223], [15.58929613994244, 47.862326838788896], [15.589462806609106, 47.862326838788896], [15.589462806609106, 47.862230535209655], [15.589414399999999, 47.8622149], [15.589353, 47.86219499999999], [15.5892824, 47.862172199999996], [15.589381394343457, 47.86203485973717], [15.58925493535975, 47.86193625041622], [15.588916147641397, 47.861743505455564], [15.588862200850972, 47.861743505455564], [15.588629473275773, 47.86178072976213], [15.588629473275773, 47.8618268387889], [15.588428609851517, 47.8618268387889], [15.588379473275774, 47.86184190002938], [15.588379473275774, 47.86191017212223], [15.588212806609107, 47.86191017212223], [15.588212806609107, 47.8620768387889], [15.588190216353492, 47.8620768387889], [15.5882531, 47.86210530000001], [15.588333600000002, 47.8621683], [15.5883577, 47.8622547], [15.5884516, 47.86230689999999], [15.588854000000001, 47.862245699999995], [15.5890632, 47.86224569999999], [15.589342100000001, 47.8622961], [15.5888835, 47.86233030000001], [15.5887333, 47.8623716], [15.588449846626682, 47.86241017212223], [15.588462806609106, 47.86241017212223], [15.588462806609106, 47.862486741876126], [15.588396505731682, 47.86249350545557], [15.588379473275774, 47.86249350545557], [15.588379473275774, 47.8624952429947], [15.588250500000001, 47.86250840000001], [15.5882132, 47.8626716], [15.588355099999998, 47.86276929999999], [15.5883926, 47.86287369999999], [15.5883497, 47.86297989999999], [15.588446300000001, 47.86309140000001], [15.5882424, 47.86311299999999], [15.588119000000003, 47.86318320000001], [15.5878964, 47.8632606], [15.587712806609106, 47.863356655027175], [15.587712806609106, 47.86341017212223], [15.58761051748129, 47.86341017212223], [15.5875558, 47.86343879999999], [15.587462806609107, 47.86346327538929], [15.587462806609107, 47.863493505455565], [15.587347948523087, 47.863493505455565], [15.587271599999998, 47.8635136], [15.586357400000002, 47.863361700000006], [15.585521700000001, 47.86316089999999], [15.5853309, 47.86321619999999], [15.5846348, 47.8638148], [15.5841258, 47.86444040000001], [15.584672400000002, 47.864752], [15.5847877, 47.8647326], [15.584978200000002, 47.8646156], [15.585117600000002, 47.8646732], [15.585182000000001, 47.864905300000004]], [[15.58604613994244, 47.8648268387889], [15.58604613994244, 47.864743505455564], [15.58579613994244, 47.864743505455564], [15.58579613994244, 47.864660172122235], [15.58554613994244, 47.864660172122235], [15.58554613994244, 47.8645768387889], [15.585462806609106, 47.8645768387889], [15.585462806609106, 47.8643268387889], [15.585629473275773, 47.8643268387889], [15.585629473275773, 47.86424350545556], [15.58604613994244, 47.86424350545556], [15.58604613994244, 47.8643268387889], [15.58654613994244, 47.8643268387889], [15.58654613994244, 47.864410172122234], [15.586617513435616, 47.864410172122234], [15.586579400000002, 47.8642953], [15.586268300000002, 47.8642089], [15.5861503, 47.86413700000001], [15.586670600000001, 47.864210699999994], [15.587097099999998, 47.864029], [15.587292899999998, 47.863841799999996], [15.5876738, 47.863982199999995], [15.5876148, 47.864230500000005], [15.5874485, 47.8643421], [15.587362600000002, 47.8642953], [15.5873519, 47.8646048], [15.5871373, 47.86437449999999], [15.586831600000002, 47.8642701], [15.5867457, 47.86428449999999], [15.5867618, 47.8643925], [15.587089100000002, 47.86450399999999], [15.5872017, 47.8646012], [15.5871642, 47.8646516], [15.586962806609106, 47.86456733296103], [15.586962806609106, 47.864660172122235], [15.58679613994244, 47.864660172122235], [15.58679613994244, 47.8648268387889], [15.58604613994244, 47.8648268387889]], [[15.588712806609106, 47.8618268387889], [15.588712806609106, 47.86191017212223], [15.588629473275773, 47.86191017212223], [15.588629473275773, 47.8618268387889], [15.588712806609106, 47.8618268387889]], [[15.58904613994244, 47.8618268387889], [15.58904613994244, 47.86191017212223], [15.588879473275773, 47.86191017212223], [15.588879473275773, 47.8618268387889], [15.58904613994244, 47.8618268387889]]]}}, {"type": "Feature", "properties": {"klasse": "Acker"}, "geometry": {"type": "Polygon", "coordinates": [[[15.583879473275774, 47.86716017212223], [15.58379613994244, 47.86716017212223], [15.58379613994244, 47.8670768387889], [15.583712806609107, 47.8670768387889], [15.583712806609107, 47.86716017212223], [15.583629473275773, 47.86716017212223], [15.583629473275773, 47.86749350545556], [15.583879473275774, 47.86749350545556], [15.583879473275774, 47.86716017212223]]]}}, {"type": "Feature", "properties": {"klasse": "Acker"}, "geometry": {"type": "Polygon", "coordinates": [[[15.580158200000001, 47.870224199999996], [15.5797854, 47.8702494], [15.5797935, 47.87039510000001], [15.580418400000001, 47.870665], [15.5808234, 47.87078019999999], [15.581110400000002, 47.8707172], [15.5816334, 47.8707388], [15.582325500000001, 47.8709349], [15.58265, 47.8708629], [15.5826554, 47.870701], [15.582918200000002, 47.87040770000001], [15.5826929, 47.8702818], [15.5823898, 47.870184599999995], [15.5818561, 47.870099999999994], [15.581432299999998, 47.8701306], [15.581241800000003, 47.870137799999995], [15.5808234, 47.8700821], [15.580359399999999, 47.86998309999999], [15.580158200000001, 47.870224199999996]]]}}, {"type": "Feature", "properties": {"klasse": "Acker"}, "geometry": {"type": "Polygon", "coordinates": [[[15.583727942490658, 47.87441017212223], [15.585090186135819, 47.87441017212223], [15.5851954, 47.87407629999999], [15.585222199999999, 47.873855], [15.5845544, 47.8736247], [15.584111800000002, 47.8735275], [15.583878499999999, 47.8735329], [15.583875800000001, 47.8737758], [15.5840823, 47.873696599999995], [15.584068900000002, 47.8740025], [15.583798, 47.874220199999996], [15.583727942490658, 47.87441017212223]]]}}, {"type": "Feature", "properties": {"klasse": "Acker"}, "geometry": {"type": "Polygon", "coordinates": [[[15.588212806609107, 47.8375768387889], [15.588212806609107, 47.83754271192245], [15.588176721023206, 47.83749350545556], [15.588129473275773, 47.83749350545556], [15.588129473275773, 47.83742907821511], [15.588054495943926, 47.8373268387889], [15.58804613994244, 47.8373268387889], [15.58804613994244, 47.83731544450777], [15.587993383404287, 47.83724350545557], [15.587962806609106, 47.83724350545557], [15.587962806609106, 47.83720181080043], [15.587932270864643, 47.83716017212223], [15.587879473275773, 47.83716017212223], [15.587879473275773, 47.83708817709309], [15.587871158325001, 47.837076838788896], [15.58779613994244, 47.837076838788896], [15.58779613994244, 47.83697454338575], [15.587748933245718, 47.83691017212223], [15.587712806609106, 47.83691017212223], [15.587712806609106, 47.83686090967841], [15.5874485, 47.8365005], [15.58728801860515, 47.83655534076442], [15.58729868495808, 47.83664069113569], [15.587333051576005, 47.836764242496145], [15.5874538, 47.8367706], [15.588129473275773, 47.837603516999124], [15.588129473275773, 47.8375768387889], [15.588212806609107, 47.8375768387889]]]}}, {"type": "Feature", "properties": {"klasse": "Acker"}, "geometry": {"type": "Polygon", "coordinates": [[[15.590794100000002, 47.839498], [15.5912778, 47.8395304], [15.591601999999998, 47.8394699], [15.5916829, 47.8390571], [15.5911891, 47.838899999999995], [15.590728500000003, 47.838801499999995], [15.590235300000002, 47.83864119999999], [15.589926800000002, 47.838399899999985], [15.5893528, 47.838246899999994], [15.589267, 47.8380399], [15.5890149, 47.8379697], [15.588752, 47.83769420000001], [15.5883041, 47.837667200000006], [15.588577700000002, 47.838002100000004], [15.5886635, 47.83821089999999], [15.588628600000002, 47.838455800000006], [15.5884543, 47.838826600000004], [15.5885267, 47.838904], [15.5885214, 47.83913269999999], [15.589331400000003, 47.8392533], [15.590006200000001, 47.8392967], [15.5902567, 47.83933640000001], [15.590794100000002, 47.839498]]]}}, {"type": "Feature", "properties": {"klasse": "Acker"}, "geometry": {"type": "Polygon", "coordinates": [[[15.591863399999998, 47.8408016], [15.5916595, 47.840610700000006], [15.591345700000002, 47.8406774], [15.5907637, 47.8409744], [15.590554500000001, 47.84099239999999], [15.5903614, 47.84110219999999], [15.5900878, 47.84144609999999], [15.5900851, 47.8416207], [15.59071, 47.8414155], [15.591217, 47.841199399999994], [15.591863399999998, 47.8408016]]]}}, {"type": "Feature", "properties": {"klasse": "Acker"}, "geometry": {"type": "Polygon", "coordinates": [[[15.5925259, 47.84527510000001], [15.5928478, 47.84553969999999], [15.5929899, 47.845489300000004], [15.5930677, 47.845275099999995], [15.593164300000002, 47.845363299999995], [15.593502200000001, 47.8450591], [15.5937302, 47.8450249], [15.5939501, 47.8451257], [15.593982300000002, 47.8449691], [15.593859000000002, 47.84488979999999], [15.593904600000002, 47.8446702], [15.593794600000003, 47.8444794], [15.593698000000002, 47.84413560000001], [15.593494200000002, 47.84411579999999], [15.5936846, 47.8439484], [15.5934164, 47.84379], [15.5933118, 47.84353430000001], [15.5934451, 47.8432409], [15.593806800000001, 47.8428063], [15.594100400000002, 47.8427728], [15.594706500000001, 47.842157199999995], [15.595694100000001, 47.8413805], [15.596208600000002, 47.840310099999996], [15.596470600000002, 47.84028139999999], [15.597013200000001, 47.839824], [15.5971621, 47.8396196], [15.5968743, 47.8395479], [15.5959565, 47.840129299999994], [15.594858600000002, 47.8407931], [15.5947092, 47.84073860000001], [15.592936099999998, 47.8416176], [15.5921868, 47.842109799999996], [15.5907202, 47.8426341], [15.5902578, 47.84267690000001], [15.5897605, 47.84284130000001], [15.5891738, 47.84317980000001], [15.5905289, 47.84299789999999], [15.5908911, 47.8430729], [15.590753000000001, 47.8432643], [15.5909595, 47.8433705], [15.5909246, 47.843572099999996], [15.5906719, 47.843533], [15.5906275, 47.8441898], [15.590803900000001, 47.8445154], [15.590996999999998, 47.84454240000001], [15.590996999999998, 47.84464859999999], [15.5912086, 47.844870799999995], [15.5917405, 47.84515919999999], [15.5919746, 47.845186], [15.5921275, 47.8452022], [15.5922309, 47.8452049], [15.592316699999998, 47.8453291], [15.592252299999998, 47.845496499999996], [15.5924025, 47.845570300000006], [15.592480799999999, 47.8454497], [15.592493700000002, 47.84542989999999], [15.5924293, 47.8453075], [15.5925259, 47.84527510000001]]]}}, {"type": "Feature", "properties": {"klasse": "Acker"}, "geometry": {"type": "Polygon", "coordinates": [[[15.5885462, 47.8461651], [15.589331400000003, 47.846679200000004], [15.589709400000002, 47.8468287], [15.5903678, 47.8468716], [15.5901119, 47.8465441], [15.5898571, 47.8465261], [15.589798100000001, 47.8462147], [15.5893774, 47.8456474], [15.5892509, 47.845642299999994], [15.588808399999998, 47.8456963], [15.588462399999997, 47.8456729], [15.588131500000001, 47.84578799999999], [15.5885462, 47.8461651]]]}}, {"type": "Feature", "properties": {"klasse": "Acker"}, "geometry": {"type": "Polygon", "coordinates": [[[15.592776100000002, 47.8563747], [15.5927199, 47.856310099999995], [15.5928938, 47.85619710000001], [15.592848299999998, 47.8561325], [15.5930944, 47.85594940000001], [15.593307900000001, 47.85571070000001], [15.5932581, 47.8558947], [15.593360100000002, 47.85595049999999], [15.593293, 47.8560405], [15.5933288, 47.856218999999996], [15.594352699999998, 47.856369699999995], [15.594812400000002, 47.856390700000006], [15.5952457, 47.8562763], [15.5951831, 47.8560681], [15.5949325, 47.855973600000006], [15.594613899999999, 47.8557563], [15.594731399999999, 47.855391899999994], [15.5954141, 47.8549211], [15.5957161, 47.854841400000005], [15.595799700000002, 47.854894], [15.596029600000001, 47.85489749999999], [15.5961706, 47.8549711], [15.5963235, 47.8551638], [15.5972154, 47.8553391], [15.597591499999998, 47.8553777], [15.5976751, 47.855637099999996], [15.597967600000002, 47.855686199999994], [15.598035499999998, 47.855787799999995], [15.598213100000002, 47.855801800000016], [15.598469099999999, 47.8559561], [15.5985005, 47.8561068], [15.5988557, 47.856099799999996], [15.598922, 47.85587430000001], [15.598518000000002, 47.855542], [15.5977044, 47.8552667], [15.597251900000002, 47.8548905], [15.5966042, 47.85352339999999], [15.596698200000002, 47.85310979999999], [15.596557200000001, 47.85287139999999], [15.5967975, 47.8528539], [15.5971045, 47.85285979999999], [15.5974975, 47.852938], [15.5976124, 47.8530782], [15.597795200000002, 47.85300110000001], [15.5982863, 47.853032600000006], [15.599028900000002, 47.8531808], [15.599013, 47.8543469], [15.5993159, 47.8548069], [15.5993318, 47.855363100000005], [15.599714399999998, 47.8557161], [15.599634700000001, 47.85596219999999], [15.600208600000002, 47.8563794], [15.6011671, 47.856585], [15.601480499999997, 47.85658870000001], [15.6017482, 47.8564879], [15.6020747, 47.8563215], [15.6020163, 47.85591], [15.6014246, 47.8547872], [15.6012001, 47.853760199999996], [15.6016082, 47.8529318], [15.6022, 47.852343000000005], [15.603428966005277, 47.852411404181694], [15.603428966005277, 47.85224350545557], [15.603428966005277, 47.85049978000092], [15.6031951, 47.850488799999994], [15.6032053, 47.850235500000004], [15.602634000000002, 47.8500369], [15.6021544, 47.8502629], [15.6011647, 47.8500575], [15.5999506, 47.849311099999994], [15.5996037, 47.85006429999999], [15.5995527, 47.850749], [15.5988283, 47.850988599999994], [15.598012, 47.850981799999985], [15.5976549, 47.851461099999995], [15.596675400000002, 47.8520773], [15.595981600000002, 47.85246070000001], [15.596099099999998, 47.8522978], [15.5975759, 47.8511366], [15.5976292, 47.850381999999996], [15.597957400000002, 47.8500272], [15.5983221, 47.849775199999996], [15.598395299999998, 47.849539299999996], [15.599027000000001, 47.84979180000001], [15.5995284, 47.8491545], [15.599476, 47.848529199999994], [15.5991139, 47.848469], [15.598542600000002, 47.8487154], [15.5981864, 47.8488102], [15.5978379, 47.84856109999999], [15.597962700000002, 47.84821639999999], [15.597678399999998, 47.8480976], [15.597555000000002, 47.84750360000001], [15.5976591, 47.847226599999985], [15.5980378, 47.84690599999999], [15.5982417, 47.847014], [15.5985222, 47.8467092], [15.598552800000002, 47.84639109999999], [15.5987486, 47.846351500000004], [15.598936399999998, 47.84611029999999], [15.599040200000001, 47.84578119999999], [15.599177800000001, 47.84585649999999], [15.599065099999999, 47.8460491], [15.59921, 47.8464019], [15.5995372, 47.8464721], [15.5996069, 47.84610130000001], [15.5995184, 47.84603109999998], [15.5996257, 47.84587990000001], [15.599668600000001, 47.8457179], [15.600280200000002, 47.8457521], [15.6004338, 47.8459133], [15.600620800000002, 47.84585649999999], [15.6008407, 47.845644099999994], [15.601028500000002, 47.84560989999999], [15.601025799999999, 47.845779099999994], [15.601455, 47.8458385], [15.601441600000001, 47.8456495], [15.601532, 47.845562300000005], [15.601653499999998, 47.84560990000001], [15.601940500000001, 47.8454227], [15.603008, 47.8452589], [15.603428966005277, 47.845228232872586], [15.603428966005277, 47.8450768387889], [15.603428966005277, 47.844576838788896], [15.603428966005277, 47.84446605328496], [15.603038, 47.844303599999996], [15.602989200000001, 47.8444164], [15.6028256, 47.84441459999999], [15.6026524, 47.844156999999996], [15.6012946, 47.8443123], [15.600079000000001, 47.844537], [15.5996909, 47.844373499999996], [15.5985028, 47.844296400000005], [15.5979449, 47.844404399999995], [15.597629100000002, 47.84479809999999], [15.5967987, 47.8450681], [15.596302, 47.8450616], [15.5958975, 47.8453042], [15.595994, 47.84552709999999], [15.595979099999997, 47.8459561], [15.595994, 47.8460743], [15.596302399999999, 47.846200299999985], [15.596200500000002, 47.8462111], [15.5958867, 47.8461085], [15.5958304, 47.8459537], [15.595674799999998, 47.845932100000006], [15.594942500000002, 47.84596150000001], [15.594354799999998, 47.8462464], [15.5942977, 47.84637239999999], [15.5953167, 47.846865599999994], [15.595407800000002, 47.847133799999995], [15.595334300000001, 47.84723790000001], [15.595020400000001, 47.847201200000015], [15.594436500000002, 47.84727620000001], [15.5943364, 47.847390999999995], [15.5944767, 47.84762209999999], [15.594754, 47.8477001], [15.594843300000003, 47.847829399999995], [15.5946686, 47.848071699999984], [15.5948299, 47.8482578], [15.5949828, 47.84827219999999], [15.5952966, 47.8484972], [15.595825, 47.849094799999996], [15.596058600000001, 47.849180700000005], [15.5958058, 47.84965549999999], [15.595856600000001, 47.8501848], [15.5953312, 47.8505834], [15.5951909, 47.8511911], [15.5943874, 47.85182440000001], [15.5943364, 47.85212399999999], [15.5934691, 47.853005499999995], [15.592330000000002, 47.8524573], [15.5917091, 47.8526546], [15.5915688, 47.852996899999994], [15.591640800000002, 47.85317520000001], [15.591262700000001, 47.85364729999999], [15.591351999999999, 47.8538356], [15.591552300000002, 47.854114700000004], [15.5915078, 47.854455300000005], [15.5910332, 47.8548728], [15.5900789, 47.855119], [15.5895435, 47.85490020000002], [15.588696700000002, 47.854790699999995], [15.588023300000001, 47.85472899999999], [15.587921299999998, 47.854811199999986], [15.588316300000002, 47.8553763], [15.588899000000001, 47.855844100000006], [15.5896445, 47.8561829], [15.5899383, 47.85665540000001], [15.589775100000002, 47.8568146], [15.588948399999998, 47.85698360000001], [15.588579999999999, 47.8570883], [15.5880993, 47.85717910000001], [15.5877596, 47.85735970000001], [15.5875369, 47.857576599999994], [15.5869865, 47.858251599999996], [15.588674500000002, 47.8585496], [15.5895644, 47.857886699999995], [15.589714900000002, 47.85795039999999], [15.5898136, 47.8578763], [15.589757100000002, 47.85778969999999], [15.5897712, 47.85766050000001], [15.5899685, 47.8574652], [15.5903778, 47.8572916], [15.590671699999998, 47.8572203], [15.590986299999999, 47.8572193], [15.590785100000002, 47.8574335], [15.5907825, 47.8575271], [15.590661799999998, 47.857662100000006], [15.5909487, 47.857680800000004], [15.5913009, 47.857584800000005], [15.591407099999998, 47.8573347], [15.591542400000002, 47.857197799999994], [15.591592999999998, 47.857129300000004], [15.5915898, 47.8570978], [15.5916132, 47.8570623], [15.591556500000001, 47.85706029999999], [15.591526999999997, 47.8569508], [15.5913009, 47.85687500000001], [15.591371500000001, 47.8567741], [15.591549599999999, 47.856776599999996], [15.5917279, 47.85660260000001], [15.592056499999998, 47.856575], [15.5923314, 47.8564211], [15.5924204, 47.85637470000002], [15.5925247, 47.856494999999995], [15.592776100000002, 47.8563747]], [[15.5979973, 47.852683500000005], [15.597932700000001, 47.852822100000004], [15.5976005, 47.8527788], [15.597361700000002, 47.8526987], [15.597252, 47.852601199999995], [15.597265, 47.852490800000005], [15.597465000000001, 47.852378300000005], [15.597597200000001, 47.8523545], [15.5979973, 47.852683500000005]], [[15.5968241, 47.8526083], [15.596472800000003, 47.8527964], [15.596116000000002, 47.85249759999999], [15.5965304, 47.8523113], [15.5968241, 47.8526083]], [[15.5934956, 47.8548055], [15.593344, 47.85500559999999], [15.593298400000002, 47.855005600000005], [15.592841500000002, 47.85468949999999], [15.5930901, 47.8546733], [15.5932662, 47.8546539], [15.593647100000002, 47.8544315], [15.5937302, 47.8545179], [15.5938321, 47.85438649999999], [15.594003800000001, 47.85438289999999], [15.5937919, 47.85478789999999], [15.593691999999999, 47.85486649999999], [15.5935626, 47.8548074], [15.5934956, 47.8548055]], [[15.593547800000001, 47.855254], [15.5934432, 47.85512079999999], [15.593491500000003, 47.8549174], [15.593592, 47.854878799999994], [15.593700700000001, 47.8550452], [15.593547800000001, 47.855254]]]}}, {"type": "Feature", "properties": {"klasse": "Acker"}, "geometry": {"type": "Polygon", "coordinates": [[[15.592102422899881, 47.8573268387889], [15.592186497421705, 47.8573268387889], [15.5922015, 47.85731040000001], [15.592210219687352, 47.85722225895652], [15.592204666284273, 47.85722415608646], [15.592195365251188, 47.857239060388494], [15.59218014980989, 47.857258087745286], [15.592162291765744, 47.857276044707646], [15.592130791833648, 47.85730464478038], [15.59210786014292, 47.85732327992395], [15.592102422899881, 47.8573268387889]]]}}, {"type": "Feature", "properties": {"klasse": "Acker"}, "geometry": {"type": "Polygon", "coordinates": [[[15.587712806609106, 47.86076861359573], [15.58777671537712, 47.86078431606281], [15.587712806609106, 47.86075278769487], [15.587712806609106, 47.86076861359573]]]}}, {"type": "Feature", "properties": {"klasse": "Acker"}, "geometry": {"type": "Polygon", "coordinates": [[[15.58704613994244, 47.86223487244086], [15.586786000000002, 47.86220070000001], [15.586593653405478, 47.86216017212223], [15.58654613994244, 47.86216017212223], [15.58654613994244, 47.86215016092433], [15.585769400000002, 47.86198649999999], [15.585811575489277, 47.86191017212223], [15.585712806609106, 47.86191017212223], [15.585712806609106, 47.8620768387889], [15.58604613994244, 47.8620768387889], [15.58604613994244, 47.86216017212223], [15.58629613994244, 47.86216017212223], [15.58629613994244, 47.86224350545557], [15.586712806609107, 47.86224350545557], [15.586712806609107, 47.862326838788896], [15.58704613994244, 47.862326838788896], [15.58704613994244, 47.86223487244086]]]}}, {"type": "Feature", "properties": {"klasse": "Acker"}, "geometry": {"type": "Polygon", "coordinates": [[[15.588129473275773, 47.86212030545703], [15.588129473275773, 47.86224350545557], [15.588245560476778, 47.86224350545557], [15.5882531, 47.86219530000001], [15.5882156, 47.86213589999999], [15.588129473275773, 47.86212030545703]]]}}, {"type": "Feature", "properties": {"klasse": "Acker"}, "geometry": {"type": "Polygon", "coordinates": [[[15.589637059408735, 47.86224350545557], [15.589601337254878, 47.86221300452254], [15.589579968153611, 47.86224350545557], [15.589637059408735, 47.86224350545557]]]}}, {"type": "Feature", "properties": {"klasse": "Acker"}, "geometry": {"type": "Polygon", "coordinates": [[[15.58629613994244, 47.862326838788896], [15.586176372966074, 47.862326838788896], [15.58629613994244, 47.86235418582321], [15.58629613994244, 47.862326838788896]]]}}, {"type": "Feature", "properties": {"klasse": "Acker"}, "geometry": {"type": "Polygon", "coordinates": [[[15.58654613994244, 47.86241017212223], [15.58654133324847, 47.86241017212223], [15.58654613994244, 47.86241126966038], [15.58654613994244, 47.86241017212223]]]}}, {"type": "Feature", "properties": {"klasse": "Acker"}, "geometry": {"type": "Polygon", "coordinates": [[[15.5898142, 47.862447200000005], [15.589911022499438, 47.862471446034924], [15.589835420125533, 47.86241017212223], [15.58947309470173, 47.86241017212223], [15.5898142, 47.862447200000005]]]}}, {"type": "Feature", "properties": {"klasse": "Acker"}, "geometry": {"type": "Polygon", "coordinates": [[[15.5915045, 47.86288280000001], [15.591898600000002, 47.863243700000005], [15.5921262, 47.862852100000005], [15.5924785, 47.86269919999999], [15.592877200000002, 47.862283500000004], [15.593225499999999, 47.861977399999994], [15.5930838, 47.861802999999995], [15.5924246, 47.8619182], [15.591922600000002, 47.8622391], [15.5915635, 47.86257649999999], [15.5915045, 47.86288280000001]]]}}, {"type": "Feature", "properties": {"klasse": "Acker"}, "geometry": {"type": "Polygon", "coordinates": [[[15.592629473275773, 47.86449350545556], [15.592629473275773, 47.86442614336833], [15.592606330676054, 47.86449350545556], [15.592629473275773, 47.86449350545556]]]}}, {"type": "Feature", "properties": {"klasse": "Acker"}, "geometry": {"type": "Polygon", "coordinates": [[[15.58679613994244, 47.8645768387889], [15.58679613994244, 47.86449759628083], [15.586629473275773, 47.864427859600625], [15.586629473275773, 47.86449350545556], [15.586712806609107, 47.86449350545556], [15.586712806609107, 47.8645768387889], [15.58679613994244, 47.8645768387889]]]}}, {"type": "Feature", "properties": {"klasse": "Acker"}, "geometry": {"type": "Polygon", "coordinates": [[[15.588462806609106, 47.864660172122235], [15.58829613994244, 47.864660172122235], [15.58829613994244, 47.864743505455564], [15.588462806609106, 47.864743505455564], [15.588462806609106, 47.864660172122235]]]}}, {"type": "Feature", "properties": {"klasse": "Acker"}, "geometry": {"type": "Polygon", "coordinates": [[[15.58854613994244, 47.864743505455564], [15.588462806609106, 47.864743505455564], [15.588462806609106, 47.8648268387889], [15.58854613994244, 47.8648268387889], [15.58854613994244, 47.864743505455564]]]}}, {"type": "Feature", "properties": {"klasse": "Acker"}, "geometry": {"type": "Polygon", "coordinates": [[[15.58879613994244, 47.86491017212223], [15.58879613994244, 47.8648268387889], [15.58854613994244, 47.8648268387889], [15.58854613994244, 47.86491017212223], [15.58879613994244, 47.86491017212223]]]}}, {"type": "Feature", "properties": {"klasse": "Acker"}, "geometry": {"type": "Polygon", "coordinates": [[[15.588180699999999, 47.86523640000001], [15.5881271, 47.8653984], [15.588339000000001, 47.8655909], [15.588575000000002, 47.86570789999998], [15.588843200000001, 47.86574569999999], [15.588985400000002, 47.86569889999999], [15.589146300000001, 47.8656935], [15.589344800000001, 47.8658608], [15.589449400000001, 47.8658536], [15.5896747, 47.8659202], [15.589865100000003, 47.866029999999995], [15.590031399999999, 47.8660551], [15.5902004, 47.866003], [15.590286300000002, 47.8659112], [15.5902728, 47.86604440000001], [15.5901575, 47.86612530000001], [15.5896667, 47.866159499999995], [15.589617400000002, 47.8662212], [15.589912899999998, 47.8665229], [15.5911103, 47.86715779999999], [15.591663200000001, 47.867581399999985], [15.591976500000001, 47.86759560000001], [15.593204799999999, 47.86850369999999], [15.5936927, 47.868741599999986], [15.593440500000002, 47.86848249999999], [15.593389213463453, 47.86841017212223], [15.593462806609107, 47.86841017212223], [15.593462806609107, 47.86849350545557], [15.59354613994244, 47.86849350545557], [15.59354613994244, 47.8685768387889], [15.593664926412174, 47.8685768387889], [15.593712806609107, 47.86862587679412], [15.593712806609107, 47.86866017212223], [15.59374629220985, 47.86866017212223], [15.593767799999998, 47.8686822], [15.593962806609106, 47.868823677041206], [15.593962806609106, 47.868910172122234], [15.594089811198662, 47.868910172122234], [15.594129473275773, 47.86893649693173], [15.594129473275773, 47.86899350545556], [15.594212806609107, 47.86899350545556], [15.594212806609107, 47.8690768387889], [15.594349202365906, 47.8690768387889], [15.594379473275774, 47.869095287413444], [15.594379473275774, 47.869160172122236], [15.594462806609107, 47.869160172122236], [15.594462806609107, 47.869273410834154], [15.594544332837742, 47.8693268387889], [15.59454613994244, 47.8693268387889], [15.59454613994244, 47.869328023069215], [15.59479865110308, 47.869493505455566], [15.594879473275773, 47.869493505455566], [15.594879473275773, 47.86942464197277], [15.594962806609107, 47.869482752511566], [15.594962806609107, 47.869493505455566], [15.594978226852756, 47.869493505455566], [15.595006900000001, 47.86951349999999], [15.59504613994244, 47.86954745552533], [15.59504613994244, 47.8695768387889], [15.595080096052957, 47.8695768387889], [15.595129473275774, 47.869619566413775], [15.595129473275774, 47.86966017212223], [15.595176398353397, 47.86966017212223], [15.595256400000002, 47.8697294], [15.595859899999999, 47.870319599999995], [15.596053, 47.87047520000001], [15.596270299999999, 47.8705867], [15.596521, 47.8707514], [15.5965975, 47.8708197], [15.596629473275772, 47.87083970544509], [15.596629473275772, 47.87091017212223], [15.596712806609107, 47.87091017212223], [15.596712806609107, 47.870993505455566], [15.59679613994244, 47.870993505455566], [15.59679613994244, 47.87105216035966], [15.596845657050459, 47.8710768387889], [15.596962806609106, 47.8710768387889], [15.596962806609106, 47.87113522400583], [15.59701286484266, 47.87116017212223], [15.597193970382046, 47.87116017212223], [15.597212806609107, 47.871170408438765], [15.597212806609107, 47.87124350545557], [15.59729613994244, 47.87124350545557], [15.59729613994244, 47.871326838788896], [15.597462806609107, 47.871326838788896], [15.597462806609107, 47.87141017212223], [15.597542683545067, 47.87141017212223], [15.597451952565974, 47.87131388995804], [15.5977106, 47.8714837], [15.5980432, 47.8717463], [15.598349, 47.8720144], [15.598611800000002, 47.8722897], [15.5988505, 47.8726073], [15.599003400000003, 47.8728268], [15.599151, 47.8730876], [15.599239499999998, 47.8731947], [15.5993441, 47.87325409999998], [15.5994996, 47.87331520000001], [15.599668600000001, 47.873448399999994], [15.5998912, 47.87357969999999], [15.6000486, 47.8736329], [15.6002732, 47.8737126], [15.600397699999998, 47.87375049999999], [15.600430399999999, 47.87367869999999], [15.6003982, 47.8736211], [15.600272100000002, 47.87350769999999], [15.5998993, 47.87329359999999], [15.5996445, 47.87314430000001], [15.5994567, 47.8730238], [15.599285100000001, 47.872869], [15.599509358629557, 47.87279916429006], [15.599515710124225, 47.87280775702017], [15.599629473275773, 47.87290773427018], [15.599629473275773, 47.872826838788896], [15.599712806609107, 47.872826838788896], [15.599712806609107, 47.87274350545557], [15.599879473275774, 47.87274350545557], [15.599879473275774, 47.87268390799366], [15.59995569465309, 47.87266017212223], [15.599962806609106, 47.87266017212223], [15.599962806609106, 47.87265795740925], [15.6004116, 47.872518199999995], [15.5999288, 47.87200899999999], [15.599979800000002, 47.8719802], [15.6000951, 47.8720684], [15.600430399999999, 47.8724318], [15.6005403, 47.872487599999985], [15.600768300000002, 47.87236529999999], [15.601417400000003, 47.8721224], [15.6015113, 47.87211879999999], [15.6014925, 47.872291499999996], [15.6013423, 47.872244699999996], [15.601243099999998, 47.8723851], [15.6011653, 47.8723905], [15.6010151, 47.872483999999986], [15.6009534, 47.87268550000001], [15.60105, 47.8731011], [15.601114300000003, 47.8732667], [15.601235, 47.873612099999995], [15.601213200000002, 47.87391220000001], [15.601179600000002, 47.8740029], [15.601379473275774, 47.87404209456907], [15.601379473275774, 47.8740768387889], [15.601212806609107, 47.8740768387889], [15.601212806609107, 47.874113739499705], [15.601047299999998, 47.87409790000001], [15.6008488, 47.874401899999995], [15.600841370082106, 47.87441017212223], [15.602258151123252, 47.87441017212223], [15.602330141122618, 47.87441017212223], [15.602693027568943, 47.87441017212223], [15.602581500000001, 47.87431019999999], [15.6022033, 47.87412479999999], [15.602688800000001, 47.8737038], [15.6029543, 47.87374699999999], [15.6029945, 47.873595900000005], [15.6026968, 47.8735329], [15.602557300000003, 47.8732577], [15.6025627, 47.87305619999999], [15.602254200000003, 47.872475], [15.6023132, 47.8722681], [15.602141599999998, 47.8720792], [15.602238099999997, 47.871886700000005], [15.6020558, 47.871762499999996], [15.601811700000003, 47.871908299999994], [15.601642699999998, 47.87179849999999], [15.6017527, 47.8716924], [15.601715100000002, 47.8715466], [15.601581000000001, 47.8714657], [15.6010499, 47.870837699999996], [15.601275199999998, 47.870754999999996], [15.6008193, 47.870619999999995], [15.600569799999999, 47.8704671], [15.6001487, 47.86976179999999], [15.600170199999999, 47.86957470000001], [15.600379400000001, 47.869481099999994], [15.6003499, 47.869333600000004], [15.6006342, 47.8692436], [15.6002882, 47.869211199999995], [15.6003633, 47.8690691], [15.6005805, 47.86909610000001], [15.6007039, 47.86920400000001], [15.600875600000002, 47.8692238], [15.6013369, 47.8693839], [15.6017017, 47.86944149999999], [15.6018358, 47.8692868], [15.602077199999998, 47.869346199999995], [15.602077199999998, 47.869212999999995], [15.6023937, 47.86903490000001], [15.6023428, 47.86892509999999], [15.6026378, 47.8689449], [15.6028524, 47.86883340000001], [15.602981100000001, 47.86866599999999], [15.602509, 47.86875419999999], [15.6027424, 47.86859219999999], [15.6026941, 47.86844829999999], [15.6028551, 47.86816760000001], [15.6028229, 47.8681244], [15.6027075, 47.8682846], [15.6026807, 47.86815860000001], [15.6028309, 47.867933699999995], [15.6030106, 47.8677412], [15.60267, 47.8676566], [15.6026083, 47.8675198], [15.6021014, 47.86731830000001], [15.601929700000001, 47.8671762], [15.601589099999998, 47.867519800000004], [15.601581000000001, 47.8676728], [15.6019002, 47.8678347], [15.6018466, 47.8679679], [15.602037000000001, 47.86802549999999], [15.6019002, 47.868153199999995], [15.601723200000002, 47.8680542], [15.6017554, 47.8682882], [15.6015784, 47.868352900000005], [15.6015408, 47.8684357], [15.6016293, 47.8686408], [15.601927000000002, 47.8687362], [15.6020129, 47.8688388], [15.6008515, 47.868799199999984], [15.6007984, 47.86866819999999], [15.600521600000002, 47.868876499999985], [15.5994433, 47.8694523], [15.5993333, 47.86960169999999], [15.5993414, 47.869644799999996], [15.5996418, 47.869808600000006], [15.599681999999998, 47.86976359999999], [15.599834899999998, 47.86983739999998], [15.5997893, 47.8699345], [15.599561300000001, 47.870056899999994], [15.599676700000002, 47.870181], [15.5996498, 47.8702908], [15.5992502, 47.8704833], [15.599266300000002, 47.870555300000014], [15.5991402, 47.87062], [15.598898800000002, 47.870470699999984], [15.5988371, 47.870189999999994], [15.598724500000001, 47.870204400000006], [15.5986521, 47.87007309999999], [15.5985314, 47.870125200000004], [15.5981263, 47.869839199999994], [15.5982015, 47.8697294], [15.598657400000002, 47.869473899999996], [15.5988586, 47.869301199999995], [15.599365500000001, 47.869481099999994], [15.599469600000003, 47.869381], [15.5992448, 47.869265199999994], [15.5996257, 47.8688981], [15.599432599999998, 47.86867500000001], [15.5998912, 47.8686858], [15.6001863, 47.868588599999995], [15.6005001, 47.868228800000004], [15.600832700000002, 47.868063199999995], [15.6007924, 47.8679697], [15.600492, 47.8678347], [15.600253300000002, 47.8680471], [15.600333799999998, 47.8681442], [15.6001889, 47.86816939999999], [15.5997383, 47.8683421], [15.5990931, 47.868411], [15.597629700000002, 47.866983499999996], [15.595775300000001, 47.86641409999999], [15.5945933, 47.865424], [15.594065500000001, 47.865272399999995], [15.5935934, 47.8649989], [15.593689900000001, 47.8649125], [15.593224900000001, 47.86468779999999], [15.592536600000003, 47.8646966], [15.592560800000001, 47.8650619], [15.5926841, 47.8653498], [15.592690900000001, 47.8656413], [15.5930731, 47.8656503], [15.593413700000001, 47.8655864], [15.593572, 47.86593370000001], [15.59358, 47.86602190000001], [15.5931294, 47.86607670000001], [15.5926587, 47.86599399999999], [15.592547400000003, 47.86601199999999], [15.593188400000003, 47.867780700000004], [15.5933467, 47.868154999999994], [15.593350048137099, 47.86816017212223], [15.593212806609106, 47.86816017212223], [15.593212806609106, 47.868210141535236], [15.593054299999999, 47.8681676], [15.5928209, 47.8680327], [15.592547400000003, 47.8677933], [15.592514191499435, 47.867743505455564], [15.592712806609107, 47.867743505455564], [15.592712806609107, 47.867660172122235], [15.592629473275773, 47.867660172122235], [15.592629473275773, 47.8675768387889], [15.59254613994244, 47.8675768387889], [15.59254613994244, 47.86733440317898], [15.592612451956825, 47.8673268387889], [15.592962806609107, 47.8673268387889], [15.592962806609107, 47.867240283625094], [15.592880806970042, 47.86715608274002], [15.592860563408983, 47.867132236731756], [15.592818094816279, 47.8670742542794], [15.5924267, 47.866010200000005], [15.592269491077495, 47.86603737833146], [15.592252162063177, 47.86599350545556], [15.592129473275774, 47.86599350545556], [15.592129473275774, 47.86606158465617], [15.592094100000002, 47.8660677], [15.592129103571699, 47.866160172122235], [15.59179613994244, 47.866160172122235], [15.59179613994244, 47.86599350545556], [15.591879473275773, 47.86599350545556], [15.591879473275773, 47.865910172122234], [15.59204613994244, 47.865910172122234], [15.59204613994244, 47.8658268387889], [15.591962806609107, 47.8658268387889], [15.591962806609107, 47.86574350545556], [15.591879473275773, 47.86574350545556], [15.591879473275773, 47.8658268387889], [15.591546139942439, 47.8658268387889], [15.591546139942439, 47.86574350545556], [15.591462806609107, 47.86574350545556], [15.591462806609107, 47.86549350545557], [15.591546139942439, 47.86549350545557], [15.591546139942439, 47.8655768387889], [15.591712806609106, 47.8655768387889], [15.591712806609106, 47.86541017212223], [15.591629473275773, 47.86541017212223], [15.591629473275773, 47.865326838788896], [15.591379473275774, 47.865326838788896], [15.591379473275774, 47.86541017212223], [15.591314688417155, 47.86541017212223], [15.591335000000003, 47.865141], [15.5911618, 47.865140999999994], [15.5911821, 47.86525079999999], [15.591141900000002, 47.865452299999994], [15.5910265, 47.865403799999996], [15.5906913, 47.8654272], [15.5905732, 47.86546669999999], [15.5904686, 47.8656395], [15.590592000000001, 47.8657474], [15.590378799999998, 47.86582929999999], [15.5901856, 47.8658185], [15.5900583, 47.8658158], [15.59004613994244, 47.865813428077196], [15.59004613994244, 47.86574350545556], [15.589962806609106, 47.86574350545556], [15.589962806609106, 47.86566017212223], [15.589617183854669, 47.86566017212223], [15.5895862, 47.865682699999994], [15.589095400000001, 47.86547929999999], [15.588843200000001, 47.865412799999994], [15.588701099999998, 47.865311999999996], [15.5886877, 47.865202199999985], [15.588694172024626, 47.86516017212223], [15.588629473275773, 47.86516017212223], [15.588629473275773, 47.8650768387889], [15.588379473275774, 47.8650768387889], [15.588379473275774, 47.86510050244385], [15.588422100000003, 47.865105099999994], [15.588550900000001, 47.8651518], [15.5885991, 47.8652346], [15.5884972, 47.865272399999995], [15.588347, 47.8652184], [15.588180699999999, 47.86523640000001]], [[15.5910748, 47.865862599999986], [15.591078117061357, 47.8658268387889], [15.591212806609107, 47.8658268387889], [15.591212806609107, 47.865602718656866], [15.591300099999998, 47.86560349999999], [15.591302111840577, 47.8655768387889], [15.591379473275774, 47.8655768387889], [15.591379473275774, 47.8658268387889], [15.591462806609107, 47.8658268387889], [15.591462806609107, 47.865910172122234], [15.591546139942439, 47.865910172122234], [15.591546139942439, 47.86599350545556], [15.591629473275773, 47.86599350545556], [15.591629473275773, 47.866160172122235], [15.591462806609107, 47.866160172122235], [15.591462806609107, 47.86623379522779], [15.591433471806898, 47.866243505455564], [15.59129613994244, 47.866243505455564], [15.59129613994244, 47.866160172122235], [15.59104613994244, 47.866160172122235], [15.59104613994244, 47.8660768387889], [15.590962806609106, 47.8660768387889], [15.590962806609106, 47.866160172122235], [15.590879473275773, 47.866160172122235], [15.590879473275773, 47.8660768387889], [15.590629473275774, 47.8660768387889], [15.590629473275774, 47.86599350545556], [15.590467177313618, 47.86599350545556], [15.5904821, 47.8659364], [15.590462806609107, 47.865933916887386], [15.590462806609107, 47.865910172122234], [15.590379473275773, 47.865910172122234], [15.590379473275773, 47.86592319165756], [15.590286300000002, 47.8659112], [15.5910748, 47.865862599999986]], [[15.59329613994244, 47.86824350545557], [15.59329613994244, 47.868278913302596], [15.593271032806753, 47.86824350545557], [15.59329613994244, 47.86824350545557]], [[15.592458615631063, 47.867660172122235], [15.592462806609106, 47.867660172122235], [15.592462806609106, 47.867666456291616], [15.592458615631063, 47.867660172122235]]]}}, {"type": "Feature", "properties": {"klasse": "Acker"}, "geometry": {"type": "Polygon", "coordinates": [[[15.587629473275774, 47.8655768387889], [15.587629473275774, 47.86566017212223], [15.587756740860822, 47.86566017212223], [15.587879473275773, 47.8654697824627], [15.587879473275773, 47.865326838788896], [15.58779613994244, 47.865326838788896], [15.58779613994244, 47.86524350545557], [15.587629473275774, 47.86524350545557], [15.587629473275774, 47.865326838788896], [15.587712806609106, 47.865326838788896], [15.587712806609106, 47.86549350545557], [15.587640000598388, 47.86549350545557], [15.587628875667486, 47.8655768387889], [15.587629473275774, 47.8655768387889]]]}}, {"type": "Feature", "properties": {"klasse": "Acker"}, "geometry": {"type": "Polygon", "coordinates": [[[15.588309499999998, 47.8709241], [15.588293400000001, 47.87063260000001], [15.5881673, 47.870513899999985], [15.587899099999998, 47.8705876], [15.5877784, 47.87055169999999], [15.587775700000002, 47.8704149], [15.5874404, 47.87041490000001], [15.5864695, 47.87004070000001], [15.586351499999997, 47.87026379999999], [15.586579400000002, 47.87049050000001], [15.586520400000001, 47.87066140000001], [15.585734500000001, 47.8706902], [15.585734500000001, 47.871032099999994], [15.5858901, 47.87114719999999], [15.586029600000002, 47.87102849999999], [15.586222400000002, 47.8710723], [15.5865043, 47.87113639999999], [15.587362600000002, 47.8712102], [15.588135099999999, 47.87112379999999], [15.588309499999998, 47.8709241]]]}}, {"type": "Feature", "properties": {"klasse": "Acker"}, "geometry": {"type": "Polygon", "coordinates": [[[15.593660499999999, 47.8261939], [15.593252800000002, 47.8264604], [15.5935961, 47.827014999999996], [15.5934727, 47.8271843], [15.593156200000001, 47.82736799999999], [15.5927163, 47.8273319], [15.592646600000002, 47.827447199999995], [15.592807500000001, 47.82804139999998], [15.594545600000002, 47.826867299999996], [15.5944329, 47.8263847], [15.593660499999999, 47.8261939]]]}}, {"type": "Feature", "properties": {"klasse": "Acker"}, "geometry": {"type": "Polygon", "coordinates": [[[15.602981200000002, 47.8332375], [15.6031689, 47.8333155], [15.603428966005277, 47.833313125570335], [15.603428966005277, 47.83324350545556], [15.603428966005277, 47.8315768387889], [15.603428966005277, 47.83149577939346], [15.6031269, 47.8306361], [15.603047100000001, 47.8303558], [15.602762000000002, 47.830178], [15.602799200000002, 47.8308061], [15.602809700000002, 47.831151], [15.6024963, 47.83127379999999], [15.602274, 47.8316559], [15.602721000000003, 47.832309], [15.6030125, 47.83269839999999], [15.602981200000002, 47.8332375]]]}}, {"type": "Feature", "properties": {"klasse": "Acker"}, "geometry": {"type": "Polygon", "coordinates": [[[15.603295000000001, 47.833754799999994], [15.603428966005277, 47.83383884247116], [15.603428966005277, 47.83366741796554], [15.603295000000001, 47.833754799999994]]]}}, {"type": "Feature", "properties": {"klasse": "Acker"}, "geometry": {"type": "Polygon", "coordinates": [[[15.603340600000001, 47.83399250000001], [15.603136699999999, 47.834001499999985], [15.6030187, 47.8341833], [15.602471500000002, 47.8345254], [15.6028712, 47.8345848], [15.6030831, 47.83445880000001], [15.603069700000002, 47.83454340000001], [15.603295000000001, 47.83446959999999], [15.6033862, 47.834176099999986], [15.603428966005277, 47.83413626317316], [15.603428966005277, 47.834023053669625], [15.603340600000001, 47.83399250000001]]]}}, {"type": "Feature", "properties": {"klasse": "Acker"}, "geometry": {"type": "Polygon", "coordinates": [[[15.603428966005277, 47.835158926320126], [15.603428966005277, 47.8350768387889], [15.603428966005277, 47.83446313070991], [15.6033425, 47.83454479999999], [15.6030107, 47.834701900000006], [15.602680200000002, 47.83500039999999], [15.602775500000002, 47.83513599999999], [15.603366399999999, 47.8351199], [15.603428966005277, 47.835158926320126]]]}}, {"type": "Feature", "properties": {"klasse": "Acker"}, "geometry": {"type": "Polygon", "coordinates": [[[15.5929872, 47.8392965], [15.592802200000001, 47.8394333], [15.593046200000002, 47.8396098], [15.5930677, 47.83978619999999], [15.5925903, 47.840157100000006], [15.592802200000001, 47.840304700000004], [15.593740900000002, 47.839815], [15.5937839, 47.8396296], [15.593671199999998, 47.83955759999998], [15.5936578, 47.83944769999999], [15.593462, 47.8393397], [15.5929872, 47.8392965]]]}}, {"type": "Feature", "properties": {"klasse": "Acker"}, "geometry": {"type": "Polygon", "coordinates": [[[15.602211900000002, 47.857294399999994], [15.601873400000002, 47.857384100000004], [15.601580400000001, 47.85754970000001], [15.6014655, 47.857791500000005], [15.601371499999999, 47.8581525], [15.601360999999999, 47.85852760000001], [15.601188599999999, 47.858618699999994], [15.6010329, 47.858495], [15.6010125, 47.8579815], [15.6008492, 47.8577556], [15.6004003, 47.8573243], [15.6002983, 47.8576461], [15.600216600000001, 47.8580911], [15.599856299999999, 47.8584588], [15.5995755, 47.8588181], [15.5993992, 47.85902840000001], [15.5994253, 47.8592825], [15.6005942, 47.85945780000001], [15.601057799999998, 47.86041289999999], [15.602111700000002, 47.8611422], [15.601560100000002, 47.8616273], [15.6016687, 47.86180960000001], [15.6016166, 47.86189209999999], [15.601486400000002, 47.8618012], [15.6010634, 47.86191010000001], [15.6011353, 47.86258029999999], [15.6011418, 47.86319369999999], [15.6013638, 47.863255], [15.6012071, 47.8633514], [15.6010308, 47.8633602], [15.6004431, 47.86384639999999], [15.6000697, 47.864544300000006], [15.5989552, 47.8650133], [15.598700300000003, 47.8649035], [15.598622600000002, 47.86497550000001], [15.598868699999999, 47.8651631], [15.5982746, 47.86599459999999], [15.5990722, 47.86649289999999], [15.599228699999998, 47.86676229999999], [15.5995576, 47.86702030000001], [15.5998859, 47.86697279999999], [15.600129100000002, 47.8667532], [15.6000549, 47.8665986], [15.6001082, 47.866429999999994], [15.6005042, 47.86616119999999], [15.6005007, 47.86541220000001], [15.600875600000002, 47.865360599999995], [15.601323500000001, 47.865104499999994], [15.601380500000001, 47.86543360000001], [15.6019209, 47.86531050000001], [15.6021902, 47.865091099999994], [15.602851300000001, 47.86532660000001], [15.6030026, 47.86530659999999], [15.6028551, 47.86559809999999], [15.60278, 47.865925600000004], [15.6027129, 47.866119899999994], [15.602603, 47.86627829999999], [15.602214000000002, 47.86668129999999], [15.6022543, 47.8667263], [15.602771900000002, 47.8663862], [15.6028551, 47.866442000000006], [15.602876499999999, 47.8665302], [15.603139399999998, 47.8666238], [15.6033137, 47.86709160000001], [15.6030911, 47.867052], [15.602967700000002, 47.8669332], [15.6029114, 47.86703219999998], [15.6029382, 47.86714380000001], [15.602898, 47.86737769999999], [15.602924800000002, 47.8674623], [15.603016, 47.867311099999995], [15.603230600000002, 47.8674982], [15.603292300000001, 47.8673813], [15.603123300000002, 47.8672265], [15.603225199999999, 47.8671438], [15.603428966005277, 47.86712668389663], [15.603428966005277, 47.86699350545557], [15.603428966005277, 47.866160172122235], [15.603428966005277, 47.8658268387889], [15.603428966005277, 47.86574350545556], [15.603428966005277, 47.865326838788896], [15.603428966005277, 47.8643268387889], [15.603428966005277, 47.86341017212223], [15.603428966005277, 47.85916017212223], [15.603428966005277, 47.85846815289548], [15.603416800000002, 47.8583358], [15.603428966005277, 47.858240279843194], [15.603428966005277, 47.857486225706914], [15.603237200000002, 47.85735], [15.6026841, 47.857207499999994], [15.602211900000002, 47.857294399999994]]]}}, {"type": "Feature", "properties": {"klasse": "Acker"}, "geometry": {"type": "Polygon", "coordinates": [[[15.59754613994244, 47.87149350545557], [15.59762121226311, 47.87149350545557], [15.59754613994244, 47.871413839992044], [15.59754613994244, 47.87149350545557]]]}}, {"type": "Feature", "properties": {"klasse": "Acker"}, "geometry": {"type": "Polygon", "coordinates": [[[15.597712806609106, 47.87161462230483], [15.597771656371023, 47.87165315417142], [15.597712806609106, 47.871590703809964], [15.597712806609106, 47.87161462230483]]]}}, {"type": "Feature", "properties": {"klasse": "Acker"}, "geometry": {"type": "Polygon", "coordinates": [[[15.599879473275774, 47.8730768387889], [15.599878365551547, 47.8730768387889], [15.599879473275774, 47.87307744126064], [15.599879473275774, 47.8730768387889]]]}}, {"type": "Feature", "properties": {"klasse": "Acker"}, "geometry": {"type": "Polygon", "coordinates": [[[15.60104613994244, 47.87349350545556], [15.601068906095897, 47.87349350545556], [15.60104613994244, 47.87334167038945], [15.60104613994244, 47.873410172122234], [15.600712806609106, 47.873410172122234], [15.600712806609106, 47.8733268387889], [15.600629473275774, 47.8733268387889], [15.600629473275774, 47.8730768387889], [15.60079613994244, 47.8730768387889], [15.60079613994244, 47.87299350545557], [15.600712806609106, 47.87299350545557], [15.600712806609106, 47.87291017212223], [15.60029613994244, 47.87291017212223], [15.60029613994244, 47.8730768387889], [15.600129473275773, 47.8730768387889], [15.600129473275773, 47.87316017212223], [15.600027530311975, 47.87316017212223], [15.60021162348702, 47.87327335766569], [15.600232826536303, 47.87328761909733], [15.600252045307851, 47.87330310122348], [15.600269125234396, 47.87331967953032], [15.600283928949766, 47.873337220688], [15.600394129560899, 47.87348262040209], [15.600406930840679, 47.87350164441146], [15.600417054618848, 47.87352138519132], [15.600424413629753, 47.87354167258472], [15.600428944438576, 47.87356233172294], [15.600430607988239, 47.873583184532755], [15.60043143010302, 47.873660172122236], [15.600629473275774, 47.873660172122236], [15.600629473275774, 47.87349350545556], [15.600712806609106, 47.87349350545556], [15.600712806609106, 47.8735768387889], [15.600879473275773, 47.8735768387889], [15.600879473275773, 47.873660172122236], [15.600962806609108, 47.873660172122236], [15.600962806609108, 47.873743505455565], [15.60104613994244, 47.873743505455565], [15.60104613994244, 47.87349350545556]]]}}, {"type": "Feature", "properties": {"klasse": "Acker"}, "geometry": {"type": "Polygon", "coordinates": [[[15.599223546857736, 47.87329103174535], [15.59907053498601, 47.87315656078618], [15.5991939, 47.8735491], [15.599472800000001, 47.8735275], [15.599665900000002, 47.87389460000001], [15.599740094869526, 47.873968744602], [15.59974511372036, 47.87396247378766], [15.599760113780277, 47.8739456738245], [15.599765762160798, 47.8739399014664], [15.599762559215918, 47.87363959816826], [15.599715814488992, 47.873577921797995], [15.599560352081589, 47.87348233867281], [15.599278828805149, 47.873329222348126], [15.599249500221424, 47.87331123284926], [15.599223546857736, 47.87329103174535]]]}}, {"type": "Feature", "properties": {"klasse": "Acker"}, "geometry": {"type": "Polygon", "coordinates": [[[15.603428966005277, 47.87427355294454], [15.6033566, 47.8743048], [15.6032629, 47.8743], [15.603239971189321, 47.87441017212223], [15.603428966005277, 47.87441017212223], [15.603428966005277, 47.87427355294454]]]}}, {"type": "Feature", "properties": {"klasse": "Gebäude"}, "geometry": {"type": "Polygon", "coordinates": [[[15.51779613994244, 47.822766206143726], [15.5179444, 47.822763200000004], [15.518212806609107, 47.822781026079966], [15.518212806609107, 47.82274350545556], [15.51854613994244, 47.82274350545556], [15.51854613994244, 47.822735969566544], [15.518483625191474, 47.822707327585256], [15.5181643, 47.82269299999999], [15.517879473275773, 47.82268868807314], [15.517879473275773, 47.82274350545556], [15.51779613994244, 47.82274350545556], [15.51779613994244, 47.822766206143726]]]}}, {"type": "Feature", "properties": {"klasse": "Gebäude"}, "geometry": {"type": "Polygon", "coordinates": [[[15.51729613994244, 47.82270604330091], [15.516909100000001, 47.822720000000004], [15.517140499999998, 47.8227795], [15.51729613994244, 47.8227763442206], [15.51729613994244, 47.82270604330091]]]}}, {"type": "Feature", "properties": {"klasse": "Gebäude"}, "geometry": {"type": "Polygon", "coordinates": [[[15.551008, 47.822763200000004], [15.551018699999998, 47.82288749999999], [15.5511313, 47.82305319999999], [15.551343299999997, 47.8230397], [15.551247800000002, 47.8226665], [15.551212772439355, 47.82258947557077], [15.551115383355933, 47.82258947557077], [15.551008, 47.822763200000004]]]}}, {"type": "Feature", "properties": {"klasse": "Gebäude"}, "geometry": {"type": "Polygon", "coordinates": [[[15.550050400000002, 47.82345480000001], [15.5498788, 47.8229631], [15.5495462, 47.8230244], [15.549712500000002, 47.8235178], [15.550050400000002, 47.82345480000001]]]}}, {"type": "Feature", "properties": {"klasse": "Gebäude"}, "geometry": {"type": "Polygon", "coordinates": [[[15.511962806609107, 47.825910172122235], [15.512045413380035, 47.825910172122235], [15.511994899999998, 47.825839499999994], [15.511962806609107, 47.82585717614017], [15.511962806609107, 47.825910172122235]]]}}, {"type": "Feature", "properties": {"klasse": "Gebäude"}, "geometry": {"type": "Polygon", "coordinates": [[[15.511462806609106, 47.82616017212223], [15.51154613994244, 47.82616017212223], [15.51154613994244, 47.826086664461634], [15.511462806609106, 47.82613256212593], [15.511462806609106, 47.82616017212223]]]}}, {"type": "Feature", "properties": {"klasse": "Gebäude"}, "geometry": {"type": "Polygon", "coordinates": [[[15.511321299999999, 47.82621050000001], [15.51129613994244, 47.82622759728007], [15.51129613994244, 47.826243505455565], [15.511379473275774, 47.826243505455565], [15.511379473275774, 47.82617845979022], [15.511321299999999, 47.82621050000001]]]}}, {"type": "Feature", "properties": {"klasse": "Gebäude"}, "geometry": {"type": "Polygon", "coordinates": [[[15.51065957038922, 47.82666017212223], [15.510712806609106, 47.82666017212223], [15.510712806609106, 47.8266239959506], [15.51065957038922, 47.82666017212223]]]}}, {"type": "Feature", "properties": {"klasse": "Gebäude"}, "geometry": {"type": "Polygon", "coordinates": [[[15.51054613994244, 47.82674350545557], [15.510629473275774, 47.82674350545557], [15.510629473275774, 47.8266806243321], [15.51054613994244, 47.826737252713606], [15.51054613994244, 47.82674350545557]]]}}, {"type": "Feature", "properties": {"klasse": "Gebäude"}, "geometry": {"type": "Polygon", "coordinates": [[[15.50954613994244, 47.82717191077038], [15.5095197, 47.8271853], [15.509462806609106, 47.82722820709896], [15.509462806609106, 47.82724350545556], [15.50954613994244, 47.82724350545556], [15.50954613994244, 47.82717191077038]]]}}, {"type": "Feature", "properties": {"klasse": "Gebäude"}, "geometry": {"type": "Polygon", "coordinates": [[[15.509332024257814, 47.8273268387889], [15.50929613994244, 47.82735390154341], [15.50929613994244, 47.827410172122235], [15.509379473275773, 47.827410172122235], [15.509379473275773, 47.8273268387889], [15.509332024257814, 47.8273268387889]]]}}, {"type": "Feature", "properties": {"klasse": "Gebäude"}, "geometry": {"type": "Polygon", "coordinates": [[[15.509212806609106, 47.8275768387889], [15.509129473275774, 47.8275768387889], [15.509129473275774, 47.82752803196402], [15.50904613994244, 47.82762285602294], [15.50904613994244, 47.82766017212223], [15.509212806609106, 47.82766017212223], [15.509212806609106, 47.8275768387889]]]}}, {"type": "Feature", "properties": {"klasse": "Gebäude"}, "geometry": {"type": "Polygon", "coordinates": [[[15.50879613994244, 47.827823963525994], [15.50879613994244, 47.8278268387889], [15.508879473275773, 47.8278268387889], [15.508879473275773, 47.827761427319295], [15.50879613994244, 47.827823963525994]]]}}, {"type": "Feature", "properties": {"klasse": "Gebäude"}, "geometry": {"type": "Polygon", "coordinates": [[[15.50854613994244, 47.828076838788895], [15.508629473275773, 47.828076838788895], [15.508629473275773, 47.82799350545557], [15.50879613994244, 47.82799350545557], [15.50879613994244, 47.82791017212223], [15.508712806609106, 47.82791017212223], [15.508712806609106, 47.82788491042927], [15.50854613994244, 47.827985441536995], [15.50854613994244, 47.828076838788895]]]}}, {"type": "Feature", "properties": {"klasse": "Gebäude"}, "geometry": {"type": "Polygon", "coordinates": [[[15.508379473275774, 47.82824350545557], [15.508379473275774, 47.82816017212223], [15.508462806609106, 47.82816017212223], [15.508462806609106, 47.828076838788895], [15.508394991973985, 47.828076838788895], [15.50829613994244, 47.82813680991313], [15.50829613994244, 47.82824350545557], [15.508379473275774, 47.82824350545557]]]}}, {"type": "Feature", "properties": {"klasse": "Gebäude"}, "geometry": {"type": "Polygon", "coordinates": [[[15.508212806609107, 47.82824350545557], [15.508138557784031, 47.82824350545557], [15.508129473275773, 47.82825002727129], [15.508129473275773, 47.8283268387889], [15.508212806609107, 47.8283268387889], [15.508212806609107, 47.82824350545557]]]}}, {"type": "Feature", "properties": {"klasse": "Gebäude"}, "geometry": {"type": "Polygon", "coordinates": [[[15.507906400855067, 47.82841017212223], [15.507879473275773, 47.82842950357145], [15.507879473275773, 47.82849350545557], [15.507962806609106, 47.82849350545557], [15.507962806609106, 47.82841017212223], [15.507906400855067, 47.82841017212223]]]}}, {"type": "Feature", "properties": {"klasse": "Gebäude"}, "geometry": {"type": "Polygon", "coordinates": [[[15.50779032239058, 47.82849350545557], [15.507712806609106, 47.82854915443822], [15.507712806609106, 47.8285768387889], [15.50779613994244, 47.8285768387889], [15.50779613994244, 47.82849350545557], [15.50779032239058, 47.82849350545557]]]}}, {"type": "Feature", "properties": {"klasse": "Gebäude"}, "geometry": {"type": "Polygon", "coordinates": [[[15.50744208699714, 47.82874350545556], [15.507629473275774, 47.82874350545556], [15.507629473275774, 47.8286089798716], [15.50744208699714, 47.82874350545556]]]}}, {"type": "Feature", "properties": {"klasse": "Gebäude"}, "geometry": {"type": "Polygon", "coordinates": [[[15.5525583, 47.8489418], [15.5527166, 47.848841], [15.552687, 47.8487276], [15.5525851, 47.8486574], [15.552593900000002, 47.848579900000004], [15.552496, 47.84860779999999], [15.552351899999998, 47.8486038], [15.552286499999997, 47.84864319999999], [15.552087300000002, 47.84874169999999], [15.5517759, 47.8488502], [15.5515156, 47.848893200000006], [15.551228300000002, 47.84912409999999], [15.551087, 47.849198], [15.551061599999999, 47.84924960000001], [15.551708000000001, 47.8494512], [15.552126500000002, 47.84951600000001], [15.552383999999998, 47.849528599999985], [15.552671000000002, 47.849489], [15.552687, 47.84909119999999], [15.552367900000002, 47.8490228], [15.552303500000003, 47.8489256], [15.5525583, 47.8489418]]]}}, {"type": "Feature", "properties": {"klasse": "Gebäude"}, "geometry": {"type": "Polygon", "coordinates": [[[15.5517486, 47.854738000000005], [15.551217200000002, 47.85491209999999], [15.5512387, 47.855034399999994], [15.5516274, 47.8551071], [15.5518556, 47.85499660000001], [15.5517486, 47.854738000000005]]]}}, {"type": "Feature", "properties": {"klasse": "Gebäude"}, "geometry": {"type": "Polygon", "coordinates": [[[15.546300700000002, 47.85645079999999], [15.546102199999998, 47.856566], [15.5457804, 47.8564095], [15.545488000000002, 47.8565966], [15.5454317, 47.856693799999995], [15.545391400000002, 47.856927799999994], [15.545288799999998, 47.857071999999995], [15.5456543, 47.85725709999999], [15.546000300000001, 47.85705740000001], [15.5463222, 47.856762200000006], [15.546528600000002, 47.8566219], [15.546300700000002, 47.85645079999999]]]}}, {"type": "Feature", "properties": {"klasse": "Gebäude"}, "geometry": {"type": "Polygon", "coordinates": [[[15.529046139942439, 47.857826838788895], [15.529129473275773, 47.857826838788895], [15.529129473275773, 47.858011422841585], [15.529177719108809, 47.85803254030136], [15.52918510379307, 47.85803613150534], [15.529192714342598, 47.85803950236585], [15.529268619758518, 47.8580768387889], [15.529379473275773, 47.8580768387889], [15.529379473275773, 47.857743505455566], [15.52929613994244, 47.857743505455566], [15.52929613994244, 47.85766017212223], [15.529129473275773, 47.85766017212223], [15.529129473275773, 47.857743505455566], [15.529046139942439, 47.857743505455566], [15.529046139942439, 47.857826838788895]]]}}, {"type": "Feature", "properties": {"klasse": "Gebäude"}, "geometry": {"type": "Polygon", "coordinates": [[[15.554469200000002, 47.8445066], [15.5543849, 47.8443156], [15.554232, 47.844275999999994], [15.554114, 47.844384], [15.5543473, 47.8449367], [15.554430499999999, 47.845050099999995], [15.5545968, 47.8451779], [15.5548194, 47.8450717], [15.554469200000002, 47.8445066]]]}}, {"type": "Feature", "properties": {"klasse": "Gebäude"}, "geometry": {"type": "Polygon", "coordinates": [[[15.5549508, 47.84688619999999], [15.554755, 47.8469258], [15.5550393, 47.84740459999999], [15.5553263, 47.84778980000001], [15.5554416, 47.8474352], [15.5549508, 47.84688619999999]]]}}, {"type": "Feature", "properties": {"klasse": "Gebäude"}, "geometry": {"type": "Polygon", "coordinates": [[[15.553923500000002, 47.8473722], [15.5541216, 47.847612500000004], [15.554257099999997, 47.84806760000001], [15.554710799999999, 47.8482926], [15.5548869, 47.848178799999985], [15.5551305, 47.8481696], [15.5555865, 47.8483172], [15.5544734, 47.84671699999999], [15.5537787, 47.8469816], [15.5536821, 47.84707519999999], [15.553923500000002, 47.8473722]]]}}, {"type": "Feature", "properties": {"klasse": "Gebäude"}, "geometry": {"type": "Polygon", "coordinates": [[[15.55554613994244, 47.8480768387889], [15.55554613994244, 47.848006311020214], [15.555524799999999, 47.847998600000004], [15.555519956766897, 47.84799350545556], [15.555462806609107, 47.84799350545556], [15.555462806609107, 47.8480768387889], [15.55554613994244, 47.8480768387889]]]}}, {"type": "Feature", "properties": {"klasse": "Gebäude"}, "geometry": {"type": "Polygon", "coordinates": [[[15.575644, 47.848720400000005], [15.5754214, 47.8487348], [15.5752015, 47.848831999999994], [15.5750674, 47.84906060000001], [15.575142500000002, 47.8493144], [15.575289999999999, 47.8494962], [15.5754751, 47.8493828], [15.575445600000002, 47.8495592], [15.5756145, 47.84974820000001], [15.5757353, 47.849716099999995], [15.575991000000002, 47.849172900000006], [15.576527900000002, 47.84868529999999], [15.5767277, 47.848618699999996], [15.576651200000002, 47.8485503], [15.5767142, 47.8484508], [15.5772212, 47.848060199999985], [15.5774364, 47.8478969], [15.577602700000002, 47.847829399999995], [15.577721500000003, 47.8477695], [15.577704, 47.847693500000005], [15.5770002, 47.84693079999999], [15.576645699999998, 47.8470025], [15.5763571, 47.84734149999999], [15.576218300000003, 47.84744010000001], [15.5759203, 47.8474784], [15.575703099999998, 47.84756299999999], [15.5755984, 47.8477052], [15.5761376, 47.84825060000001], [15.5764192, 47.84812459999999], [15.576341399999999, 47.848336999999994], [15.5760652, 47.84847559999999], [15.575923, 47.8484936], [15.575644, 47.848720400000005]]]}}, {"type": "Feature", "properties": {"klasse": "Gebäude"}, "geometry": {"type": "Polygon", "coordinates": [[[15.5534072, 47.8488932], [15.553655300000003, 47.84899310000001], [15.5538511, 47.84888149999999], [15.553894, 47.8489418], [15.5541815, 47.8487027], [15.5538739, 47.848549399999996], [15.5534072, 47.8488932]]]}}, {"type": "Feature", "properties": {"klasse": "Gebäude"}, "geometry": {"type": "Polygon", "coordinates": [[[15.574962806609106, 47.85049350545557], [15.574962806609106, 47.85041017212223], [15.574879473275773, 47.85041017212223], [15.574879473275773, 47.85049350545557], [15.574962806609106, 47.85049350545557]]]}}, {"type": "Feature", "properties": {"klasse": "Gebäude"}, "geometry": {"type": "Polygon", "coordinates": [[[15.5767946, 47.8513176], [15.577137100000002, 47.85116819999999], [15.577439300000002, 47.8508911], [15.5773414, 47.8507333], [15.577222600000002, 47.85070670000001], [15.5769972, 47.8508039], [15.5769409, 47.8507688], [15.577248, 47.8506086], [15.577757700000001, 47.850414199999996], [15.577956099999998, 47.850317], [15.5781251, 47.8502018], [15.578337, 47.8499894], [15.578554300000002, 47.849602399999995], [15.5787823, 47.8492766], [15.578961999999999, 47.849102], [15.5781707, 47.8487294], [15.577789800000001, 47.84912179999999], [15.5773714, 47.8489616], [15.576891300000002, 47.84940259999999], [15.576853700000001, 47.849582600000005], [15.576725, 47.849759], [15.5767599, 47.849778799999996], [15.5766687, 47.8498778], [15.5766633, 47.850056], [15.5764139, 47.850259400000006], [15.5763146, 47.850239599999995], [15.5762744, 47.8502702], [15.576247600000002, 47.8505528], [15.5759928, 47.8506914], [15.5759311, 47.8506572], [15.5753437, 47.8508138], [15.575341000000002, 47.850739999999995], [15.5755234, 47.85067339999999], [15.575783500000002, 47.85049879999999], [15.575442899999999, 47.850527599999985], [15.5752015, 47.8505384], [15.5749762, 47.8506356], [15.5752391, 47.8509704], [15.574847499999999, 47.850901099999994], [15.5746999, 47.8512853], [15.5750298, 47.8513807], [15.575292700000002, 47.851776699999995], [15.575445600000002, 47.8518829], [15.575536800000002, 47.851692099999994], [15.575442899999999, 47.85155889999999], [15.575593099999999, 47.85160030000001], [15.5756575, 47.85130329999999], [15.575944500000002, 47.8515733], [15.5761617, 47.8517155], [15.5763763, 47.85180009999999], [15.5763844, 47.852032300000005], [15.5764648, 47.8522609], [15.576754499999998, 47.852494899999996], [15.576840299999999, 47.85250930000001], [15.576931500000002, 47.8524031], [15.5767451, 47.85221049999999], [15.576628400000002, 47.852070999999995], [15.576565400000002, 47.8519396], [15.5765131, 47.8518199], [15.5764756, 47.851445500000004], [15.5765077, 47.8512862], [15.576562700000002, 47.8511476], [15.5766861, 47.8509974], [15.5768712, 47.850822799999996], [15.576961, 47.8508669], [15.576861799999998, 47.8509893], [15.5767398, 47.85121329999999], [15.5767946, 47.8513176]]]}}, {"type": "Feature", "properties": {"klasse": "Gebäude"}, "geometry": {"type": "Polygon", "coordinates": [[[15.5591056, 47.8512205], [15.5591136, 47.8509344], [15.5587837, 47.8509272], [15.558787500000001, 47.8507735], [15.5585542, 47.85076750000001], [15.558193600000001, 47.85075799999999], [15.5578637, 47.8508192], [15.5573487, 47.85075080000001], [15.557319200000002, 47.85086419999999], [15.5577591, 47.8510694], [15.5581078, 47.85104059999999], [15.558201700000001, 47.8511162], [15.5584645, 47.8511], [15.558562, 47.8514123], [15.5589259, 47.8513915], [15.558928500000002, 47.851251100000006], [15.5591056, 47.8512205]]]}}, {"type": "Feature", "properties": {"klasse": "Gebäude"}, "geometry": {"type": "Polygon", "coordinates": [[[15.56786, 47.8517851], [15.5667811, 47.851788], [15.566768599999998, 47.8519189], [15.564123799999999, 47.8519823], [15.563901100000002, 47.8518064], [15.5634937, 47.8516079], [15.5635854, 47.851513], [15.562783100000003, 47.851162300000006], [15.5626031, 47.8509596], [15.562082400000001, 47.850797499999985], [15.5619806, 47.85087609999999], [15.561541000000002, 47.8505798], [15.5615973, 47.8504754], [15.5612433, 47.85026659999999], [15.5605039, 47.849955699999995], [15.559874100000002, 47.850026], [15.559346899999998, 47.84951600000001], [15.558904399999998, 47.849550199999996], [15.5585173, 47.849746], [15.558506400000002, 47.8499334], [15.558924499999998, 47.85011509999999], [15.5589409, 47.85029219999998], [15.5592611, 47.8502504], [15.5595589, 47.850904699999994], [15.559927400000001, 47.8524307], [15.559250399999998, 47.852476900000006], [15.559231600000002, 47.852584900000004], [15.559027800000003, 47.85255070000001], [15.5589259, 47.85269470000001], [15.558722, 47.85267670000001], [15.558747500000003, 47.85256329999999], [15.558567799999999, 47.8525588], [15.5584578, 47.852619999999995], [15.5580997, 47.8531068], [15.5573876, 47.853049200000015], [15.5570108, 47.8530726], [15.5557045, 47.85319679999999], [15.5553999, 47.85327509999999], [15.5550689, 47.8533552], [15.554067200000002, 47.85364460000001], [15.5539289, 47.8537962], [15.5529955, 47.8542803], [15.5532941, 47.8546632], [15.554359400000001, 47.8542536], [15.5544351, 47.85407399999999], [15.555138300000001, 47.85376170000001], [15.554985700000001, 47.853573], [15.555221699999999, 47.8535082], [15.5555785, 47.8534569], [15.5556179, 47.85363219999999], [15.5556361, 47.853713400000004], [15.555810500000002, 47.8537395], [15.555849399999998, 47.8538061], [15.5560586, 47.85378180000001], [15.556088099999998, 47.85381780000001], [15.5561594, 47.8538114], [15.5567305, 47.853760199999996], [15.5567358, 47.8538097], [15.5570188, 47.8538097], [15.557020199999998, 47.853546], [15.557249500000001, 47.85355679999999], [15.557272300000001, 47.85378809999999], [15.557630400000003, 47.85376740000001], [15.5576451, 47.853862799999995], [15.558148000000001, 47.853825], [15.5581467, 47.8536315], [15.5583492, 47.85361710000001], [15.558336, 47.8537736], [15.5588558, 47.85377909999998], [15.559376500000003, 47.85377100000001], [15.5593979, 47.8535262], [15.558565100000001, 47.853455999999994], [15.5586308, 47.85309509999999], [15.5588148, 47.85310619999999], [15.5599236, 47.85317340000001], [15.5600765, 47.85319859999999], [15.560013500000002, 47.85372960000001], [15.5601342, 47.853852], [15.5605245, 47.8539047], [15.560655450549577, 47.85374350545557], [15.560710772324454, 47.85374350545557], [15.560668107236568, 47.853727925613406], [15.5608107, 47.8535524], [15.561195700000003, 47.85372929999999], [15.561748800000002, 47.85411969999999], [15.5615414, 47.8543144], [15.561760500000002, 47.8544845], [15.563529499999998, 47.85522159999999], [15.563870500000002, 47.855456499999995], [15.5640199, 47.8555322], [15.564124099999999, 47.8555253], [15.564197600000002, 47.85537099999999], [15.564264299999998, 47.85532580000001], [15.564359800000002, 47.85538309999999], [15.5643708, 47.8554815], [15.564682100000002, 47.85555230000001], [15.564909600000002, 47.8555762], [15.564242, 47.855710200000004], [15.5645346, 47.85587159999999], [15.564616700000002, 47.85594119999999], [15.564525799999998, 47.8559506], [15.5643164, 47.85588679999999], [15.564105200000002, 47.8559901], [15.563949599999999, 47.8560828], [15.5638346, 47.85617469999999], [15.563850400000002, 47.8562421], [15.5642688, 47.8563141], [15.564450299999999, 47.85637719999999], [15.5649958, 47.8566657], [15.565157800000001, 47.85676860000001], [15.5652425, 47.8565228], [15.5654114, 47.8565282], [15.5655321, 47.85644719999999], [15.566040399999999, 47.85683509999999], [15.5661839, 47.856884599999994], [15.5662939, 47.856736099999985], [15.5669805, 47.85706280000001], [15.5670758, 47.85715720000001], [15.5672407, 47.85712929999999], [15.5675411, 47.857267900000004], [15.5677932, 47.857208500000006], [15.5677611, 47.8574677], [15.5680118, 47.857547800000006], [15.568146000000002, 47.857408299999996], [15.568227799999999, 47.8574182], [15.5681902, 47.8574794], [15.568272, 47.857526199999995], [15.5683364, 47.857617999999995], [15.5686195, 47.8577613], [15.5686672, 47.85769859999999], [15.568842, 47.8577065], [15.568839100000002, 47.85777579999999], [15.569011500000002, 47.8578033], [15.5691837, 47.857852300000005], [15.569446800000001, 47.85795449999999], [15.569741200000001, 47.8580942], [15.569865899999998, 47.858116300000006], [15.5700427, 47.858048799999985], [15.5703763, 47.857951699999994], [15.5706255, 47.857512], [15.570417599999999, 47.85747589999999], [15.570850999999998, 47.85719139999999], [15.5710858, 47.8571154], [15.570939500000001, 47.856999800000004], [15.571205, 47.8569062], [15.571489299999998, 47.856906200000005], [15.57161, 47.85678199999999], [15.5715081, 47.85666320000001], [15.571583200000001, 47.856557], [15.571792399999998, 47.8566362], [15.572052599999997, 47.85667399999999], [15.572854599999998, 47.8570358], [15.573541200000001, 47.8573867], [15.5740052, 47.8575721], [15.574445099999998, 47.857861799999995], [15.5746731, 47.85805619999999], [15.5749004, 47.85819599999999], [15.575622900000003, 47.85854509999999], [15.576097400000002, 47.85865369999999], [15.576002100000002, 47.858711299999996], [15.576236800000002, 47.85891999999999], [15.5763575, 47.8589866], [15.5762771, 47.85905139999999], [15.576094700000002, 47.859141399999984], [15.5765694, 47.85920979999999], [15.5769154, 47.859159399999996], [15.577138100000003, 47.85930329999999], [15.577384800000003, 47.85922599999999], [15.577907900000001, 47.859382499999995], [15.5781493, 47.8593951], [15.578669599999998, 47.85956430000001], [15.579152400000002, 47.85958949999999], [15.5797237, 47.8597092], [15.580101900000003, 47.859854], [15.580257500000002, 47.859952099999994], [15.5807738, 47.8601609], [15.580744300000001, 47.8602418], [15.5808114, 47.8603309], [15.5812464, 47.86060410000001], [15.5810844, 47.8608244], [15.5814856, 47.86083960000001], [15.5816262, 47.860759599999994], [15.582375199999998, 47.8610572], [15.582962900000002, 47.861120400000004], [15.583362, 47.86125510000001], [15.583286599999997, 47.861344599999995], [15.58415, 47.861740399999995], [15.584283500000002, 47.861648200000005], [15.584317230065782, 47.8615768387889], [15.584542161153282, 47.8615768387889], [15.5843544, 47.8614982], [15.584566900000002, 47.861587199999995], [15.5846836, 47.86146289999999], [15.5847877, 47.861363], [15.584829300000003, 47.86135399999999], [15.584901700000001, 47.8613981], [15.584790399999997, 47.86149710000001], [15.5849004, 47.861595999999984], [15.5848414, 47.8616662], [15.584975500000002, 47.861738200000005], [15.585033100000002, 47.8616905], [15.5851217, 47.861704], [15.585204800000001, 47.8616221], [15.5852571, 47.861464699999985], [15.585527999999998, 47.861495299999994], [15.585590999999999, 47.8615304], [15.5856648, 47.8616005], [15.5856635, 47.8616491], [15.585712806609106, 47.86165962526259], [15.585712806609106, 47.861660172122235], [15.585657766725511, 47.861660172122235], [15.58554613994244, 47.86187574620452], [15.58554613994244, 47.86191017212223], [15.585510719851605, 47.86191017212223], [15.585482399999998, 47.86193349999999], [15.5853684, 47.86194239999999], [15.58504613994244, 47.86182871164555], [15.58504613994244, 47.861993505455565], [15.585379473275774, 47.861993505455565], [15.585379473275774, 47.8620768387889], [15.585629473275773, 47.8620768387889], [15.585629473275773, 47.86216017212223], [15.585712806609106, 47.86216017212223], [15.585712806609106, 47.86220282397423], [15.585718500000002, 47.86219530000001], [15.585574500000002, 47.862385599999996], [15.585738200000002, 47.862427999999994], [15.5868128, 47.8627333], [15.587239300000002, 47.86270820000001], [15.5872795, 47.8627765], [15.5880627, 47.8627405], [15.5882132, 47.8626716], [15.588250500000001, 47.86250840000001], [15.5878508, 47.8625282], [15.5874565, 47.8625156], [15.587172307307252, 47.86249350545557], [15.587629473275774, 47.86249350545557], [15.587629473275774, 47.86242336944423], [15.587420899999998, 47.862411599999994], [15.587164700000002, 47.8623753], [15.5871792, 47.862325600000005], [15.587462806609107, 47.862341494500086], [15.587462806609107, 47.862326838788896], [15.58729613994244, 47.862326838788896], [15.58729613994244, 47.86226059454016], [15.587076799999998, 47.8622389], [15.5875348, 47.8622842], [15.587629473275774, 47.862109935468716], [15.587629473275774, 47.86216017212223], [15.587712806609106, 47.86216017212223], [15.587712806609106, 47.8620768387889], [15.58779613994244, 47.8620768387889], [15.58779613994244, 47.86195772516056], [15.587724999999999, 47.86193409999999], [15.587805700000002, 47.86196089999999], [15.5880801, 47.862027000000005], [15.588143200000001, 47.861764300000004], [15.5883497, 47.8617004], [15.588478400000001, 47.8616158], [15.588534800000001, 47.8614881], [15.5879769, 47.86132340000001], [15.588086800000001, 47.861149700000006], [15.587417100000001, 47.86096520000002], [15.587210600000002, 47.86091499999999], [15.585427, 47.8604811], [15.5830179, 47.859897100000005], [15.582359200000003, 47.8598108], [15.5818304, 47.8596767], [15.5817639, 47.8596645], [15.581739400000002, 47.85975210000001], [15.581748400000002, 47.859875], [15.581741956123485, 47.85978700528625], [15.581629473275774, 47.859751723104765], [15.581629473275774, 47.859910172122234], [15.58146720597035, 47.859910172122234], [15.5815111, 47.86000400000002], [15.5813236, 47.8596032], [15.581535500000001, 47.8596561], [15.5816877, 47.85965159999999], [15.581735, 47.85955129999999], [15.579475600000002, 47.8588682], [15.5795124, 47.8587971], [15.579540400000003, 47.8587429], [15.5786389, 47.858465], [15.578729160649086, 47.8583268387889], [15.5787676, 47.85826800000001], [15.57879613994244, 47.85829353317175], [15.57879613994244, 47.85824350545557], [15.578783590406356, 47.85824350545557], [15.578816300000002, 47.8581934], [15.578606099999998, 47.85803109999999], [15.578466, 47.85789609999999], [15.578341700000001, 47.8577445], [15.578025200000003, 47.85779300000001], [15.5778241, 47.85808419999999], [15.5776568, 47.8580402], [15.577595000000002, 47.858152999999994], [15.5776402, 47.85820249999999], [15.5777225, 47.85826190000001], [15.5776832, 47.8583232], [15.577593100000001, 47.85830190000001], [15.577172, 47.858267700000006], [15.576384199999998, 47.85827219999999], [15.5763616, 47.8581543], [15.576585500000002, 47.8581453], [15.576547999999999, 47.8576135], [15.5773205, 47.85760989999999], [15.5773312, 47.8571617], [15.576918200000001, 47.857156700000004], [15.5762823, 47.857157199999996], [15.5762637, 47.8566452], [15.576818899999997, 47.8568414], [15.576931500000002, 47.85671359999999], [15.5769449, 47.85617909999999], [15.577081700000003, 47.8562115], [15.5773339, 47.85635189999999], [15.5773312, 47.855941499999986], [15.5771166, 47.85577769999999], [15.576998810021955, 47.855726314436005], [15.576982529345951, 47.855654891720135], [15.576619285484458, 47.855441587638026], [15.576597285065333, 47.8554274303705], [15.576577289718495, 47.855411984617106], [15.576411941434046, 47.855271852447245], [15.5764903, 47.855307999999994], [15.5766821, 47.85517840000001], [15.576341399999999, 47.85487429999999], [15.5761161, 47.854622299999996], [15.576006199999998, 47.854269499999994], [15.576006199999998, 47.8538772], [15.5761161, 47.8536684], [15.576290500000002, 47.85356039999999], [15.576585500000002, 47.85343259999999], [15.576397008796041, 47.85326681176575], [15.576462806609106, 47.853238262745066], [15.576462806609106, 47.85316581951838], [15.576352199999999, 47.85322740000001], [15.5758855, 47.8533516], [15.575405400000001, 47.8536522], [15.574541700000001, 47.85338759999999], [15.5746061, 47.85328679999999], [15.574490399999998, 47.8532391], [15.5741742, 47.8531086], [15.573656599999998, 47.85304019999999], [15.5735117, 47.85306179999999], [15.5732194, 47.853015], [15.572961899999997, 47.853032999999996], [15.5729297, 47.85315359999999], [15.572709700000003, 47.8532238], [15.5726051, 47.8530366], [15.5725742, 47.8528103], [15.5725488, 47.8526245], [15.5723101, 47.85261369999999], [15.5722806, 47.8527577], [15.571846399999998, 47.852832699999986], [15.572166000000001, 47.85310739999999], [15.571988199999998, 47.853293099999995], [15.5707578, 47.8526934], [15.569891800000002, 47.85251749999999], [15.569846, 47.8523596], [15.569171799999998, 47.85214], [15.568529797929962, 47.85213155186328], [15.56854613994244, 47.85213176690862], [15.56854613994244, 47.852076838788896], [15.568462806609107, 47.852076838788896], [15.568462806609107, 47.8521306703212], [15.5680319, 47.852125], [15.56786, 47.8517851]], [[15.585880915304141, 47.86224350545557], [15.586129473275774, 47.86224350545557], [15.586129473275774, 47.862316129931756], [15.586171666108239, 47.86232576404687], [15.5861127, 47.862312299999985], [15.585718500000002, 47.86219530000001], [15.585880915304141, 47.86224350545557]], [[15.582962806609107, 47.86086748049439], [15.582962806609107, 47.860826838788896], [15.582879473275772, 47.860826838788896], [15.582879473275772, 47.8608307588001], [15.58254613994244, 47.86068387202292], [15.58254613994244, 47.86066017212223], [15.582492357246363, 47.86066017212223], [15.582499458025477, 47.86066330115391], [15.582076, 47.86047670000001], [15.582212806609107, 47.86053698524573], [15.582212806609107, 47.860160172122235], [15.582242406954034, 47.860160172122235], [15.5824469, 47.86020260000001], [15.582379473275774, 47.86018861041518], [15.582379473275774, 47.860243505455564], [15.582571205741836, 47.860243505455564], [15.582559899999998, 47.8602374], [15.5826236, 47.86027180000001], [15.582659192435086, 47.86031354696031], [15.582629473275773, 47.86027868886305], [15.582629473275773, 47.8603268387889], [15.582670524722339, 47.8603268387889], [15.5826716, 47.86032809999999], [15.5829807, 47.860575499999996], [15.5829316, 47.8606387], [15.583129473275774, 47.86074046544512], [15.583129473275774, 47.86074350545557], [15.583135384288347, 47.86074350545557], [15.5832079, 47.86078079999999], [15.583212806609106, 47.860782575999266], [15.583212806609106, 47.860826838788896], [15.583335092811447, 47.860826838788896], [15.5834466, 47.86086720000001], [15.583631699999998, 47.8609644], [15.5835177, 47.861112], [15.582890147328328, 47.86083546243164], [15.582962806609107, 47.86086748049439]], [[15.582834017779119, 47.86012595716777], [15.582862870705943, 47.86009004722997], [15.5826716, 47.86032809999999], [15.582834017779119, 47.86012595716777]], [[15.574260999999998, 47.8534289], [15.5743388, 47.85346260000001], [15.573889000000001, 47.8539708], [15.57393559123945, 47.85399350545556], [15.57379613994244, 47.85399350545556], [15.57379613994244, 47.853932101060316], [15.573743520349511, 47.853910172122234], [15.573712806609107, 47.853910172122234], [15.573712806609107, 47.8540768387889], [15.57354613994244, 47.8540768387889], [15.57354613994244, 47.85416911295702], [15.573332000000002, 47.8540697], [15.573141600000001, 47.85399949999999], [15.5728921, 47.8539285], [15.572843459000323, 47.853910172122234], [15.573212806609106, 47.853910172122234], [15.573212806609106, 47.85374350545557], [15.57304613994244, 47.85374350545557], [15.57304613994244, 47.85366017212223], [15.572962806609107, 47.85366017212223], [15.572962806609107, 47.85363027658612], [15.573035000000003, 47.85361489999998], [15.573356000000002, 47.8532168], [15.574260999999998, 47.8534289]], [[15.57429613994244, 47.85451729516404], [15.574244895849573, 47.854493505455565], [15.57429613994244, 47.854493505455565], [15.57429613994244, 47.85451729516404]], [[15.575212806609107, 47.85505480081941], [15.575212806609107, 47.85499350545557], [15.575379473275774, 47.85499350545557], [15.575379473275774, 47.8550768387889], [15.575260488691809, 47.8550768387889], [15.575212806609107, 47.85505480081941]], [[15.575546139942439, 47.8550768387889], [15.575546139942439, 47.85516017212223], [15.575629473275773, 47.85516017212223], [15.575629473275773, 47.85524350545557], [15.57562109422716, 47.85524350545557], [15.575462806609107, 47.855170347206204], [15.575462806609107, 47.85516017212223], [15.575440791459483, 47.85516017212223], [15.575379473275774, 47.85513183174394], [15.575379473275774, 47.8550768387889], [15.575546139942439, 47.8550768387889]], [[15.575712806609106, 47.85524350545557], [15.57579613994244, 47.85524350545557], [15.57579613994244, 47.85532440905527], [15.575712806609106, 47.855285893593], [15.575712806609106, 47.85524350545557]], [[15.576712806609107, 47.85567647400838], [15.576682310629266, 47.855660172122235], [15.576712806609107, 47.855660172122235], [15.576712806609107, 47.85567647400838]], [[15.574962806609106, 47.85466017212223], [15.574962806609106, 47.8545768387889], [15.57479613994244, 47.8545768387889], [15.57479613994244, 47.854493505455565], [15.574712806609107, 47.854493505455565], [15.574712806609107, 47.85441017212223], [15.574629473275774, 47.85441017212223], [15.574629473275774, 47.85433165717525], [15.575645578196777, 47.854826838788895], [15.575379473275774, 47.854826838788895], [15.575379473275774, 47.854743505455566], [15.575212806609107, 47.854743505455566], [15.575212806609107, 47.85466017212223], [15.574962806609106, 47.85466017212223]], [[15.57454613994244, 47.854291046079275], [15.57461958602239, 47.8543268387889], [15.57454613994244, 47.8543268387889], [15.57454613994244, 47.854291046079275]], [[15.574129473275773, 47.85408799059939], [15.574277588630927, 47.854160172122235], [15.574129473275773, 47.854160172122235], [15.574129473275773, 47.85408799059939]], [[15.57404613994244, 47.85404737950341], [15.57410658993519, 47.8540768387889], [15.57404613994244, 47.8540768387889], [15.57404613994244, 47.85404737950341]], [[15.586786000000002, 47.86220070000001], [15.58704613994244, 47.86223487244086], [15.58704613994244, 47.862326838788896], [15.586712806609107, 47.862326838788896], [15.586712806609107, 47.86224350545557], [15.58629613994244, 47.86224350545557], [15.58629613994244, 47.86216017212223], [15.58604613994244, 47.86216017212223], [15.58604613994244, 47.8620768387889], [15.585712806609106, 47.8620768387889], [15.585712806609106, 47.86191017212223], [15.585811575489277, 47.86191017212223], [15.585769400000002, 47.86198649999999], [15.58654613994244, 47.86215016092433], [15.58654613994244, 47.86216017212223], [15.586593653405478, 47.86216017212223], [15.586786000000002, 47.86220070000001]], [[15.5866089, 47.8624256], [15.586629473275773, 47.86242841576843], [15.586629473275773, 47.86241017212223], [15.586712806609107, 47.86241017212223], [15.586712806609107, 47.862439821213606], [15.587016600000002, 47.862481399999986], [15.5866089, 47.8624256]], [[15.586176372966074, 47.862326838788896], [15.58629613994244, 47.862326838788896], [15.58629613994244, 47.86235418582321], [15.586176372966074, 47.862326838788896]], [[15.58654133324847, 47.86241017212223], [15.58654613994244, 47.86241017212223], [15.58654613994244, 47.86241126966038], [15.58654133324847, 47.86241017212223]]]}}, {"type": "Feature", "properties": {"klasse": "Gebäude"}, "geometry": {"type": "Polygon", "coordinates": [[[15.577292326924445, 47.85316017212223], [15.57729613994244, 47.85316017212223], [15.57729613994244, 47.8530768387889], [15.577258805355626, 47.8530768387889], [15.577247840314008, 47.853108266124366], [15.577235, 47.853091], [15.577244, 47.85306549999999], [15.5772892, 47.853018199999994], [15.577294699999998, 47.852967199999995], [15.5772892, 47.85291749999999], [15.5772838, 47.852856800000005], [15.577278400000003, 47.85279129999999], [15.5772603, 47.852683299999995], [15.5772458, 47.85266869999999], [15.5772061, 47.85263719999999], [15.5771084, 47.8526202], [15.5771138, 47.8527161], [15.5770741, 47.8528714], [15.577022, 47.85300209999999], [15.576897300000002, 47.85323389999999], [15.576861799999998, 47.853293099999995], [15.5767829, 47.85340529999999], [15.5768426, 47.85342349999999], [15.5770053, 47.8534271], [15.5771157, 47.8534211], [15.5771771, 47.8533956], [15.577244, 47.85335189999999], [15.577307299999998, 47.85330939999999], [15.5773381, 47.85325240000001], [15.577292326924445, 47.85316017212223]]]}}, {"type": "Feature", "properties": {"klasse": "Gebäude"}, "geometry": {"type": "Polygon", "coordinates": [[[15.577212806609106, 47.85341017212223], [15.577212806609106, 47.8533722759519], [15.5771771, 47.8533956], [15.577142012615488, 47.85341017212223], [15.577212806609106, 47.85341017212223]]]}}, {"type": "Feature", "properties": {"klasse": "Gebäude"}, "geometry": {"type": "Polygon", "coordinates": [[[15.552790300000002, 47.85524589999999], [15.5531739, 47.8553098], [15.5534314, 47.855253100000006], [15.553336099999997, 47.85512529999999], [15.5529687, 47.8549822], [15.552691100000002, 47.85514779999998], [15.552790300000002, 47.85524589999999]]]}}, {"type": "Feature", "properties": {"klasse": "Gebäude"}, "geometry": {"type": "Polygon", "coordinates": [[[15.582811763056315, 47.8585768387889], [15.58279613994244, 47.8585768387889], [15.58279613994244, 47.858521200998105], [15.582766905758648, 47.85849350545556], [15.582462806609106, 47.85849350545556], [15.582462806609106, 47.858410172122234], [15.582212806609107, 47.858410172122234], [15.582212806609107, 47.85825256277293], [15.58215316312829, 47.85824350545557], [15.582129473275772, 47.85824350545557], [15.582129473275772, 47.85823990797082], [15.581879473275773, 47.85820194356448], [15.581879473275773, 47.85824350545557], [15.581629473275774, 47.85824350545557], [15.581629473275774, 47.8583268387889], [15.58154613994244, 47.8583268387889], [15.58154613994244, 47.8585768387889], [15.581379473275772, 47.8585768387889], [15.581379473275772, 47.858660172122235], [15.58179613994244, 47.858660172122235], [15.58179613994244, 47.8585768387889], [15.582129473275772, 47.8585768387889], [15.582129473275772, 47.858660172122235], [15.582212806609107, 47.858660172122235], [15.582212806609107, 47.858743505455564], [15.58229613994244, 47.858743505455564], [15.58229613994244, 47.858660172122235], [15.582379473275774, 47.858660172122235], [15.582379473275774, 47.8585768387889], [15.582462806609106, 47.8585768387889], [15.582462806609106, 47.858660172122235], [15.58254613994244, 47.858660172122235], [15.58254613994244, 47.8588268387889], [15.582712806609107, 47.8588268387889], [15.582712806609107, 47.858660172122235], [15.582801415733593, 47.858660172122235], [15.582811763056315, 47.8585768387889]], [[15.58229613994244, 47.8585768387889], [15.58229613994244, 47.85849350545556], [15.582379473275774, 47.85849350545556], [15.582379473275774, 47.8585768387889], [15.58229613994244, 47.8585768387889]]]}}, {"type": "Feature", "properties": {"klasse": "Gebäude"}, "geometry": {"type": "Polygon", "coordinates": [[[15.5823442, 47.8591774], [15.582194, 47.85931949999999], [15.5819821, 47.85938659999999], [15.581907, 47.85951299999999], [15.582012900000002, 47.85957419999998], [15.582196600000001, 47.8596162], [15.5823433, 47.8594748], [15.582423600000002, 47.8594202], [15.5826377, 47.859330099999994], [15.5823442, 47.8591774]]]}}, {"type": "Feature", "properties": {"klasse": "Gebäude"}, "geometry": {"type": "Polygon", "coordinates": [[[15.582303247114673, 47.8605768387889], [15.582379473275774, 47.860610428634324], [15.582379473275774, 47.8605768387889], [15.582303247114673, 47.8605768387889]]]}}, {"type": "Feature", "properties": {"klasse": "Gebäude"}, "geometry": {"type": "Polygon", "coordinates": [[[15.5894425, 47.8600403], [15.5891558, 47.86011959999999], [15.5887553, 47.86027130000001], [15.5885945, 47.8604697], [15.588587000000002, 47.86068819999999], [15.5885052, 47.86065669999999], [15.5884261, 47.8604398], [15.5885052, 47.860309300000004], [15.588239800000002, 47.86025889999999], [15.587057900000001, 47.86042969999999], [15.589068099999999, 47.86142139999999], [15.5891021, 47.86137], [15.589286100000002, 47.86087879999999], [15.589411700000001, 47.860774199999994], [15.5896297, 47.86015989999999], [15.5899775, 47.860140099999995], [15.589973300000002, 47.86006470000002], [15.589755000000002, 47.86004030000001], [15.5894425, 47.8600403]]]}}, {"type": "Feature", "properties": {"klasse": "Gebäude"}, "geometry": {"type": "Polygon", "coordinates": [[[15.587629473275774, 47.86074813848779], [15.587629473275774, 47.86074350545557], [15.587610616915159, 47.86074350545557], [15.587629473275774, 47.86074813848779]]]}}, {"type": "Feature", "properties": {"klasse": "Gebäude"}, "geometry": {"type": "Polygon", "coordinates": [[[15.58305968764146, 47.86091017212223], [15.583212806609106, 47.86097764557728], [15.583212806609106, 47.86091017212223], [15.58305968764146, 47.86091017212223]]]}}, {"type": "Feature", "properties": {"klasse": "Gebäude"}, "geometry": {"type": "Polygon", "coordinates": [[[15.584570500000002, 47.86162929999999], [15.584566900000002, 47.861587199999995], [15.58454613994244, 47.86157850519942], [15.58454613994244, 47.861660172122235], [15.584641483750609, 47.861660172122235], [15.584570500000002, 47.86162929999999]]]}}, {"type": "Feature", "properties": {"klasse": "Gebäude"}, "geometry": {"type": "Polygon", "coordinates": [[[15.584712806609106, 47.86169119172866], [15.584712806609106, 47.861743505455564], [15.584833090680098, 47.861743505455564], [15.584712806609106, 47.86169119172866]]]}}, {"type": "Feature", "properties": {"klasse": "Gebäude"}, "geometry": {"type": "Polygon", "coordinates": [[[15.584962806609107, 47.86179931293692], [15.584962806609107, 47.8618268387889], [15.585040831158663, 47.8618268387889], [15.584962806609107, 47.86179931293692]]]}}, {"type": "Feature", "properties": {"klasse": "Gebäude"}, "geometry": {"type": "Polygon", "coordinates": [[[15.587879473275773, 47.86249350545557], [15.58804613994244, 47.86249350545557], [15.58804613994244, 47.862426457196165], [15.587879473275773, 47.862427916103606], [15.587879473275773, 47.86249350545557]]]}}, {"type": "Feature", "properties": {"klasse": "Gebäude"}, "geometry": {"type": "Polygon", "coordinates": [[[15.58679613994244, 47.8645768387889], [15.586962806609106, 47.8645768387889], [15.586962806609106, 47.86456733296103], [15.58679613994244, 47.86449759628083], [15.58679613994244, 47.8645768387889]]]}}, {"type": "Feature", "properties": {"klasse": "Gebäude"}, "geometry": {"type": "Polygon", "coordinates": [[[15.58779613994244, 47.8645768387889], [15.58779613994244, 47.86449350545556], [15.587629473275774, 47.86449350545556], [15.587629473275774, 47.864660172122235], [15.587879473275773, 47.864660172122235], [15.587879473275773, 47.8645768387889], [15.58779613994244, 47.8645768387889]]]}}, {"type": "Feature", "properties": {"klasse": "Gebäude"}, "geometry": {"type": "Polygon", "coordinates": [[[15.58829613994244, 47.8645768387889], [15.588212806609107, 47.8645768387889], [15.588212806609107, 47.86449350545556], [15.587962806609106, 47.86449350545556], [15.587962806609106, 47.864660172122235], [15.58829613994244, 47.864660172122235], [15.58829613994244, 47.8645768387889]]]}}, {"type": "Feature", "properties": {"klasse": "Gebäude"}, "geometry": {"type": "Polygon", "coordinates": [[[15.58604613994244, 47.8648268387889], [15.58629613994244, 47.8648268387889], [15.58629613994244, 47.864743505455564], [15.586379473275773, 47.864743505455564], [15.586379473275773, 47.864660172122235], [15.58629613994244, 47.864660172122235], [15.58629613994244, 47.8645768387889], [15.586212806609106, 47.8645768387889], [15.586212806609106, 47.86449350545556], [15.58604613994244, 47.86449350545556], [15.58604613994244, 47.864410172122234], [15.585879473275773, 47.864410172122234], [15.585879473275773, 47.8645768387889], [15.585712806609106, 47.8645768387889], [15.585712806609106, 47.864660172122235], [15.58579613994244, 47.864660172122235], [15.58579613994244, 47.864743505455564], [15.58604613994244, 47.864743505455564], [15.58604613994244, 47.8648268387889]], [[15.58604613994244, 47.8645768387889], [15.585962806609107, 47.8645768387889], [15.585962806609107, 47.86449350545556], [15.58604613994244, 47.86449350545556], [15.58604613994244, 47.8645768387889]]]}}, {"type": "Feature", "properties": {"klasse": "Gebäude"}, "geometry": {"type": "Polygon", "coordinates": [[[15.596472800000003, 47.8527964], [15.5968241, 47.8526083], [15.5965304, 47.8523113], [15.596116000000002, 47.85249759999999], [15.596472800000003, 47.8527964]]]}}, {"type": "Feature", "properties": {"klasse": "Gebäude"}, "geometry": {"type": "Polygon", "coordinates": [[[15.589414399999999, 47.8622149], [15.589462806609106, 47.862230535209655], [15.589462806609106, 47.862326838788896], [15.58929613994244, 47.862326838788896], [15.58929613994244, 47.86241017212223], [15.589407452179474, 47.86241017212223], [15.589449400000001, 47.862407600000004], [15.58947309470173, 47.86241017212223], [15.589835420125533, 47.86241017212223], [15.589775844715396, 47.86236188767968], [15.589770488972698, 47.86235743268993], [15.589637059408735, 47.86224350545557], [15.589579968153611, 47.86224350545557], [15.589635600000001, 47.86216410000001], [15.589670400000001, 47.8621217], [15.5896275, 47.86205880000001], [15.589491699999998, 47.86200449999999], [15.58942, 47.861981300000004], [15.5892824, 47.862172199999996], [15.589353, 47.86219499999999], [15.589414399999999, 47.8622149]]]}}, {"type": "Feature", "properties": {"klasse": "Gebäude"}, "geometry": {"type": "Polygon", "coordinates": [[[15.58879613994244, 47.864660172122235], [15.588879473275773, 47.864660172122235], [15.588879473275773, 47.8645768387889], [15.58879613994244, 47.8645768387889], [15.58879613994244, 47.864660172122235]]]}}, {"type": "Feature", "properties": {"klasse": "Gebäude"}, "geometry": {"type": "Polygon", "coordinates": [[[15.588712806609106, 47.864743505455564], [15.588712806609106, 47.864660172122235], [15.588629473275773, 47.864660172122235], [15.588629473275773, 47.864743505455564], [15.588712806609106, 47.864743505455564]]]}}, {"type": "Feature", "properties": {"klasse": "Gebäude"}, "geometry": {"type": "Polygon", "coordinates": [[[15.58896072562186, 47.864743505455564], [15.588962806609107, 47.864718599882075], [15.588962806609107, 47.86466616226162], [15.588959577881496, 47.864660172122235], [15.588879473275773, 47.864660172122235], [15.588879473275773, 47.864743505455564], [15.58896072562186, 47.864743505455564]]]}}, {"type": "Feature", "properties": {"klasse": "Gebäude"}, "geometry": {"type": "Polygon", "coordinates": [[[15.591629473275773, 47.865326838788896], [15.591629473275773, 47.86541017212223], [15.591712806609106, 47.86541017212223], [15.591712806609106, 47.8655768387889], [15.591546139942439, 47.8655768387889], [15.591546139942439, 47.86549350545557], [15.591462806609107, 47.86549350545557], [15.591462806609107, 47.86574350545556], [15.591546139942439, 47.86574350545556], [15.591546139942439, 47.8658268387889], [15.591879473275773, 47.8658268387889], [15.591879473275773, 47.86574350545556], [15.591962806609107, 47.86574350545556], [15.591962806609107, 47.8658268387889], [15.59204613994244, 47.8658268387889], [15.59204613994244, 47.865910172122234], [15.591879473275773, 47.865910172122234], [15.591879473275773, 47.86599350545556], [15.59179613994244, 47.86599350545556], [15.59179613994244, 47.866160172122235], [15.592129103571699, 47.866160172122235], [15.592094100000002, 47.8660677], [15.592129473275774, 47.86606158465617], [15.592129473275774, 47.86599350545556], [15.592252162063177, 47.86599350545556], [15.592247647866488, 47.86598207660061], [15.592247266849173, 47.86598085593951], [15.592246678004145, 47.86597956273512], [15.591991681939101, 47.865302562005255], [15.591990818373, 47.865299682582915], [15.591989648916055, 47.865296852482636], [15.591965349345667, 47.86522445241243], [15.59196502150005, 47.86522319020674], [15.591964532293531, 47.86522195187637], [15.59195423248737, 47.86518955184648], [15.591948976920245, 47.86516790871296], [15.5919366474694, 47.865094931015946], [15.591911048430534, 47.86494233093848], [15.591910434850208, 47.86493581896535], [15.59190945384014, 47.864929580904644], [15.59189465498616, 47.86475038085716], [15.591894781424381, 47.864743505455564], [15.591879473275773, 47.864743505455564], [15.591879473275773, 47.8648268387889], [15.591712806609106, 47.8648268387889], [15.591712806609106, 47.8650768387889], [15.591462806609107, 47.8650768387889], [15.591462806609107, 47.86524350545557], [15.591379473275774, 47.86524350545557], [15.591379473275774, 47.865326838788896], [15.591629473275773, 47.865326838788896]]]}}, {"type": "Feature", "properties": {"klasse": "Gebäude"}, "geometry": {"type": "Polygon", "coordinates": [[[15.5931294, 47.86607670000001], [15.59358, 47.86602190000001], [15.593572, 47.86593370000001], [15.593413700000001, 47.8655864], [15.5930731, 47.8656503], [15.592690900000001, 47.8656413], [15.5926533, 47.86584369999999], [15.5926587, 47.86599399999999], [15.5931294, 47.86607670000001]]]}}, {"type": "Feature", "properties": {"klasse": "Gebäude"}, "geometry": {"type": "Polygon", "coordinates": [[[15.59129613994244, 47.866160172122235], [15.59129613994244, 47.866243505455564], [15.591433471806898, 47.866243505455564], [15.591462806609107, 47.86623379522779], [15.591462806609107, 47.866160172122235], [15.591629473275773, 47.866160172122235], [15.591629473275773, 47.86599350545556], [15.591546139942439, 47.86599350545556], [15.591546139942439, 47.865910172122234], [15.591462806609107, 47.865910172122234], [15.591462806609107, 47.8658268387889], [15.591379473275774, 47.8658268387889], [15.591379473275774, 47.8655768387889], [15.591302111840577, 47.8655768387889], [15.591300099999998, 47.86560349999999], [15.591212806609107, 47.865602718656866], [15.591212806609107, 47.8658268387889], [15.591078117061357, 47.8658268387889], [15.5910748, 47.865862599999986], [15.59054613994244, 47.86589518450069], [15.59054613994244, 47.865910172122234], [15.590462806609107, 47.865910172122234], [15.590462806609107, 47.865933916887386], [15.5904821, 47.8659364], [15.590467177313618, 47.86599350545556], [15.590629473275774, 47.86599350545556], [15.590629473275774, 47.8660768387889], [15.590879473275773, 47.8660768387889], [15.590879473275773, 47.866160172122235], [15.590962806609106, 47.866160172122235], [15.590962806609106, 47.8660768387889], [15.59104613994244, 47.8660768387889], [15.59104613994244, 47.866160172122235], [15.59129613994244, 47.866160172122235]]]}}, {"type": "Feature", "properties": {"klasse": "Gebäude"}, "geometry": {"type": "Polygon", "coordinates": [[[15.592879473275774, 47.8678268387889], [15.592879473275774, 47.86791017212223], [15.59304613994244, 47.86791017212223], [15.59304613994244, 47.867993505455566], [15.593129473275773, 47.867993505455566], [15.593129473275773, 47.86816017212223], [15.593350048137099, 47.86816017212223], [15.5933467, 47.868154999999994], [15.593188400000003, 47.867780700000004], [15.593010173095895, 47.867288921645404], [15.592962806609107, 47.867240283625094], [15.592962806609107, 47.8673268387889], [15.592612451956825, 47.8673268387889], [15.59254613994244, 47.86733440317898], [15.59254613994244, 47.8675768387889], [15.592629473275773, 47.8675768387889], [15.592629473275773, 47.867660172122235], [15.592712806609107, 47.867660172122235], [15.592712806609107, 47.867743505455564], [15.59279613994244, 47.867743505455564], [15.59279613994244, 47.8678268387889], [15.592879473275774, 47.8678268387889]]]}}, {"type": "Feature", "properties": {"klasse": "Gebäude"}, "geometry": {"type": "Polygon", "coordinates": [[[15.5956829, 47.868372699999995], [15.595816999999998, 47.86828099999999], [15.5953369, 47.867832899999996], [15.5956721, 47.867635], [15.5953261, 47.8672607], [15.5945013, 47.867667399999995], [15.594673000000002, 47.8678536], [15.5949855, 47.867669199999995], [15.5952001, 47.8678401], [15.594754799999999, 47.8680435], [15.594752100000001, 47.868194599999995], [15.595074, 47.868410499999996], [15.5952658, 47.86844109999999], [15.5956829, 47.868372699999995]]]}}, {"type": "Feature", "properties": {"klasse": "Gebäude"}, "geometry": {"type": "Polygon", "coordinates": [[[15.6014492, 47.867120899999996], [15.6010499, 47.867575599999995], [15.6013423, 47.86774659999999], [15.6012967, 47.86779510000001], [15.600999, 47.8676584], [15.6009373, 47.867917500000004], [15.601162600000002, 47.86799669999999], [15.601074100000002, 47.8681064], [15.600832700000002, 47.868063199999995], [15.6005001, 47.868228800000004], [15.6001863, 47.868588599999995], [15.5998912, 47.8686858], [15.599432599999998, 47.86867500000001], [15.5996257, 47.8688981], [15.5992448, 47.869265199999994], [15.599469600000003, 47.869381], [15.5995077, 47.8693444], [15.600379400000001, 47.86889630000001], [15.600776399999999, 47.8686138], [15.6009078, 47.8685401], [15.6009507, 47.8684015], [15.601082100000001, 47.8681964], [15.601291400000001, 47.8680165], [15.601417400000003, 47.867717799999994], [15.601589099999998, 47.867519800000004], [15.601929700000001, 47.8671762], [15.6022194, 47.866825299999995], [15.602118799999998, 47.86677399999999], [15.6019056, 47.86685409999999], [15.6017956, 47.86696109999999], [15.6014492, 47.867120899999996]]]}}, {"type": "Feature", "properties": {"klasse": "Gebäude"}, "geometry": {"type": "Polygon", "coordinates": [[[15.5964902, 47.86877760000001], [15.5962408, 47.86895929999999], [15.596404400000003, 47.86911760000001], [15.595967199999999, 47.86933179999998], [15.596865699999999, 47.8700947], [15.597101700000001, 47.87019540000001], [15.5972761, 47.87020079999999], [15.5979788, 47.8703519], [15.5981719, 47.870362699999994], [15.5982465, 47.870337899999996], [15.5978501, 47.8699273], [15.5966887, 47.86870379999999], [15.5964902, 47.86877760000001]]]}}, {"type": "Feature", "properties": {"klasse": "Gebäude"}, "geometry": {"type": "Polygon", "coordinates": [[[15.5952886, 47.86971679999999], [15.595563500000003, 47.8699561], [15.595916200000001, 47.869779799999996], [15.5961281, 47.86971139999999], [15.5958196, 47.8694469], [15.5952886, 47.86971679999999]]]}}, {"type": "Feature", "properties": {"klasse": "Gebäude"}, "geometry": {"type": "Polygon", "coordinates": [[[15.5991402, 47.87062], [15.599266300000002, 47.870555300000014], [15.5992502, 47.8704833], [15.5996498, 47.8702908], [15.599676700000002, 47.870181], [15.599561300000001, 47.870056899999994], [15.5997893, 47.8699345], [15.599834899999998, 47.86983739999998], [15.599681999999998, 47.86976359999999], [15.5996418, 47.869808600000006], [15.5993414, 47.869644799999996], [15.5993333, 47.86960169999999], [15.599365500000001, 47.869481099999994], [15.5988586, 47.869301199999995], [15.598657400000002, 47.869473899999996], [15.5982015, 47.8697294], [15.5981263, 47.869839199999994], [15.5985314, 47.870125200000004], [15.5986521, 47.87007309999999], [15.598724500000001, 47.870204400000006], [15.5988371, 47.870189999999994], [15.598898800000002, 47.870470699999984], [15.5991402, 47.87062]]]}}, {"type": "Feature", "properties": {"klasse": "Gebäude"}, "geometry": {"type": "Polygon", "coordinates": [[[15.600379473275773, 47.872826838788896], [15.600379473275773, 47.87274350545557], [15.60029613994244, 47.87274350545557], [15.60029613994244, 47.872826838788896], [15.600379473275773, 47.872826838788896]]]}}, {"type": "Feature", "properties": {"klasse": "Gebäude"}, "geometry": {"type": "Polygon", "coordinates": [[[15.600212806609107, 47.87291017212223], [15.600212806609107, 47.872826838788896], [15.599712806609107, 47.872826838788896], [15.599712806609107, 47.8729809692095], [15.599730197887103, 47.87299625299977], [15.599878365551547, 47.8730768387889], [15.599879473275774, 47.8730768387889], [15.599879473275774, 47.87307744126064], [15.599988569434547, 47.87313677674439], [15.600003923604179, 47.8731456580695], [15.600027530311975, 47.87316017212223], [15.600129473275773, 47.87316017212223], [15.600129473275773, 47.87291017212223], [15.600212806609107, 47.87291017212223]]]}}, {"type": "Feature", "properties": {"klasse": "Gebäude"}, "geometry": {"type": "Polygon", "coordinates": [[[15.600253900000002, 47.873607899999996], [15.600300799999998, 47.87358220000001], [15.600248700000002, 47.8735394], [15.6002018, 47.8735652], [15.600253900000002, 47.873607899999996]]]}}, {"type": "Feature", "properties": {"klasse": "Gebäude"}, "geometry": {"type": "Polygon", "coordinates": [[[15.60043143010302, 47.873660172122236], [15.60043369343868, 47.873872123981926], [15.6006892, 47.873925299999996], [15.600415800000002, 47.87386839999999], [15.600368000000001, 47.87392349999999], [15.6002887, 47.87396199999999], [15.6001465, 47.87396659999999], [15.600141100000002, 47.8740427], [15.6002243, 47.8741282], [15.6003543, 47.87426179999999], [15.600446753681434, 47.87441017212223], [15.60069736127066, 47.87441017212223], [15.6008191, 47.8741912], [15.60074369088563, 47.874326838788896], [15.600897812007906, 47.874326838788896], [15.600962806609108, 47.87422730045759], [15.600962806609108, 47.8740768387889], [15.60104613994244, 47.8740768387889], [15.60104613994244, 47.87391017212223], [15.601201032733345, 47.87391017212223], [15.601071600000001, 47.8738886], [15.601076560901065, 47.873743505455565], [15.600962806609108, 47.873743505455565], [15.600962806609108, 47.873660172122236], [15.600879473275773, 47.873660172122236], [15.600879473275773, 47.8735768387889], [15.600712806609106, 47.8735768387889], [15.600712806609106, 47.87349350545556], [15.600629473275774, 47.87349350545556], [15.600629473275774, 47.873660172122236], [15.60043143010302, 47.873660172122236]]]}}, {"type": "Feature", "properties": {"klasse": "Gebäude"}, "geometry": {"type": "Polygon", "coordinates": [[[15.6029543, 47.87374699999999], [15.602688800000001, 47.8737038], [15.6022033, 47.87412479999999], [15.602581500000001, 47.87431019999999], [15.602693027568943, 47.87441017212223], [15.603239971189321, 47.87441017212223], [15.6032629, 47.8743], [15.602967700000002, 47.87428499999999], [15.602943599999998, 47.874168], [15.603034800000001, 47.8740079], [15.6030616, 47.8738874], [15.6029543, 47.87374699999999]]]}}, {"type": "Feature", "properties": {"klasse": "Gebäude"}, "geometry": {"type": "Polygon", "coordinates": [[[15.599932999999998, 47.8743379], [15.599898499999998, 47.87432449999999], [15.599822616208478, 47.87441017212223], [15.599944594458115, 47.87441017212223], [15.599932999999998, 47.8743379]]]}}, {"type": "Feature", "properties": {"klasse": "Gebäude"}, "geometry": {"type": "Polygon", "coordinates": [[[15.6001977, 47.87439419999999], [15.6000636, 47.87440399999999], [15.599979460494463, 47.87441017212223], [15.600205625098821, 47.87441017212223], [15.6001977, 47.87439419999999]]]}}, {"type": "Feature", "properties": {"klasse": "Wald"}, "geometry": {"type": "Polygon", "coordinates": [[[15.5133311, 47.8229687], [15.512351014079448, 47.82258947557077], [15.50504613994244, 47.82258947557077], [15.50504613994244, 47.829172894501994], [15.506405999999998, 47.82873299999999], [15.507128300000002, 47.828198099999994], [15.509004699999998, 47.8267283], [15.5093473, 47.826858300000005], [15.513695999999998, 47.8232487], [15.5133311, 47.8229687]]]}}, {"type": "Feature", "properties": {"klasse": "Wald"}, "geometry": {"type": "Polygon", "coordinates": [[[15.5288424, 47.8228261], [15.527978, 47.8231564], [15.5280764, 47.82342059999999], [15.5275001, 47.82337819999999], [15.5273103, 47.82303370000001], [15.5270432, 47.8231092], [15.527127600000002, 47.8232649], [15.526178800000002, 47.8233074], [15.5250402, 47.8234773], [15.5244007, 47.82373209999998], [15.523184799999997, 47.8235764], [15.522735000000003, 47.8237651], [15.5226717, 47.823382900000006], [15.52229856042357, 47.82258947557077], [15.522129810594885, 47.82258947557077], [15.5225314, 47.823751099999996], [15.5218848, 47.8239871], [15.520421899999999, 47.8240872], [15.519339499999997, 47.8245569], [15.5192099, 47.824539499999986], [15.5191926, 47.82437130000002], [15.519445999999999, 47.824239899999995], [15.5193798, 47.823959599999995], [15.519013399999999, 47.82375679999999], [15.518661100000001, 47.82384029999999], [15.518573600000002, 47.8234182], [15.518288, 47.82349700000001], [15.518269600000002, 47.8235635], [15.518007000000003, 47.82368720000001], [15.5177514, 47.8237506], [15.517644800000001, 47.823801199999984], [15.517637799999997, 47.8239334], [15.518347600000002, 47.82388149999999], [15.5181297, 47.82442410000001], [15.5177783, 47.82455149999999], [15.5178486, 47.8249149], [15.516421900000001, 47.82520739999999], [15.5163165, 47.8244147], [15.5166819, 47.82294709999999], [15.516603600000002, 47.822943099999996], [15.5162709, 47.82312619999999], [15.516046, 47.8240603], [15.516146700000002, 47.82490349999999], [15.516010000000001, 47.82501469999999], [15.516006400000002, 47.8251886], [15.5155206, 47.825408499999995], [15.5153155, 47.8253505], [15.514729000000003, 47.82558240000001], [15.514423100000002, 47.825990700000006], [15.512292800000003, 47.8261888], [15.512081599999998, 47.82596079999999], [15.512009865115095, 47.825993505455564], [15.511962806609107, 47.825993505455564], [15.511962806609107, 47.82601496042659], [15.511827084995675, 47.8260768387889], [15.511712806609106, 47.8260768387889], [15.511712806609106, 47.82612894072926], [15.511665300000002, 47.8261506], [15.511650666830928, 47.82616017212223], [15.511629473275773, 47.82616017212223], [15.511629473275773, 47.8261740356469], [15.511523272850075, 47.826243505455565], [15.511462806609106, 47.826243505455565], [15.511462806609106, 47.82628305876398], [15.511395878869221, 47.8263268387889], [15.511212806609107, 47.8263268387889], [15.511212806609107, 47.82644691328568], [15.51114740146811, 47.826493505455566], [15.51104613994244, 47.826493505455566], [15.51104613994244, 47.82656564036935], [15.511030419828723, 47.826576838788895], [15.510962806609106, 47.826576838788895], [15.510962806609106, 47.8266250039112], [15.510913438189325, 47.82666017212223], [15.51065957038922, 47.82666017212223], [15.510629473275774, 47.8266806243321], [15.510629473275774, 47.82674350545557], [15.51054613994244, 47.82674350545557], [15.51054613994244, 47.8268268387889], [15.510334902177245, 47.8268268387889], [15.51029613994244, 47.82684240352627], [15.51029613994244, 47.82699350545557], [15.50991983751452, 47.82699350545557], [15.509879473275774, 47.82700971346779], [15.509879473275774, 47.8270768387889], [15.50973388022258, 47.8270768387889], [15.509712806609107, 47.82708751050084], [15.509712806609107, 47.827160172122234], [15.509629473275773, 47.827160172122234], [15.509629473275773, 47.82735828776536], [15.509564113676653, 47.827410172122235], [15.509462806609106, 47.827410172122235], [15.509462806609106, 47.82749059262845], [15.5093886, 47.8275495], [15.509354384476504, 47.8275768387889], [15.50929613994244, 47.8275768387889], [15.50929613994244, 47.827623377168514], [15.509250089672689, 47.82766017212223], [15.509212806609106, 47.82766017212223], [15.509212806609106, 47.82768996192816], [15.509145794868866, 47.827743505455565], [15.50904613994244, 47.827743505455565], [15.50904613994244, 47.827823131447445], [15.509041500065042, 47.8278268387889], [15.508962806609107, 47.8278268387889], [15.508962806609107, 47.82788971620709], [15.5087985, 47.82802099999999], [15.50863824630326, 47.82816017212223], [15.50854613994244, 47.82816017212223], [15.50854613994244, 47.82824016177594], [15.508446333231685, 47.8283268387889], [15.508379473275774, 47.8283268387889], [15.508379473275774, 47.828384903233875], [15.508350376695894, 47.82841017212223], [15.50829613994244, 47.82841017212223], [15.50829613994244, 47.82844844687424], [15.507754388609527, 47.82874350545556], [15.507712806609106, 47.82874350545556], [15.507712806609106, 47.82876615260991], [15.5075214, 47.82887040000001], [15.5073055, 47.82984389999999], [15.507373800000002, 47.83029810000001], [15.5071255, 47.8306894], [15.507380999999999, 47.8309745], [15.507186699999998, 47.8313392], [15.5063735, 47.83047439999999], [15.5058949, 47.83005649999999], [15.5055314, 47.83011689999999], [15.50504613994244, 47.83014180935776], [15.50504613994244, 47.854574354395474], [15.505061699999999, 47.85457009999999], [15.505696500000003, 47.85426399999999], [15.5060195, 47.85405490000001], [15.506330399999998, 47.85400309999999], [15.5067834, 47.8540336], [15.507483800000001, 47.8542857], [15.5080937, 47.854586899999994], [15.508130200000002, 47.85456829999999], [15.5079981, 47.854462299999994], [15.5079333, 47.854118099999994], [15.507491300000002, 47.85357849999999], [15.507352300000003, 47.85281160000001], [15.507426500000001, 47.8515668], [15.507719800000002, 47.8515895], [15.507859200000002, 47.85169030000001], [15.5079016, 47.852055500000006], [15.5078734, 47.85261200000001], [15.507937100000001, 47.8535307], [15.508206300000001, 47.8540408], [15.508406, 47.8542455], [15.509170900000003, 47.8548455], [15.509680500000002, 47.8549498], [15.5098539, 47.85504590000001], [15.5112791, 47.855433999999995], [15.512570600000002, 47.8557327], [15.5133058, 47.8557993], [15.513570800000002, 47.855504399999994], [15.5135643, 47.85501639999999], [15.5134222, 47.8547861], [15.5132831, 47.855040699999996], [15.513036800000002, 47.854896200000006], [15.513475, 47.85385010000001], [15.5128813, 47.8536793], [15.512984900000001, 47.85328229999999], [15.5133161, 47.8531826], [15.513345100000002, 47.8530001], [15.5130531, 47.85283999999999], [15.513333000000001, 47.852712299999986], [15.513758699999999, 47.85269079999999], [15.5138765, 47.8524782], [15.5138701, 47.8522465], [15.514226099999998, 47.8522657], [15.5145138, 47.85216369999999], [15.5148888, 47.852290399999994], [15.5153346, 47.852228499999995], [15.515417199999998, 47.85228529999999], [15.5147227, 47.852976599999984], [15.51425, 47.85272169999999], [15.514127999999998, 47.852866999999996], [15.5142737, 47.8531149], [15.514159799999998, 47.8535082], [15.5139508, 47.853941199999994], [15.513798400000002, 47.8547039], [15.5139747, 47.8548041], [15.5142327, 47.854792999999994], [15.5141732, 47.8547321], [15.514314900000002, 47.85411739999999], [15.5147164, 47.85338789999999], [15.5152434, 47.8530798], [15.5155653, 47.85271809999999], [15.5158335, 47.85221229999999], [15.5155706, 47.8521439], [15.5157772, 47.8516903], [15.516082900000002, 47.85160930000001], [15.5161259, 47.8514761], [15.5162761, 47.851369899999995], [15.5165684, 47.851458099999995], [15.516724, 47.85162549999999], [15.5168232, 47.8519225], [15.5168286, 47.8521241], [15.5166274, 47.85241030000001], [15.5162895, 47.85252549999999], [15.516056099999998, 47.85265869999999], [15.515913999999999, 47.85295200000001], [15.515571600000001, 47.85296710000001], [15.5150905, 47.853681], [15.514766, 47.85408049999999], [15.514630000000002, 47.8543805], [15.514627900000002, 47.854661], [15.515228700000002, 47.854792199999984], [15.515221699999998, 47.85503750000001], [15.5146243, 47.8551082], [15.514629400000002, 47.85548299999999], [15.5149686, 47.85569770000001], [15.5151204, 47.8560479], [15.5149938, 47.85619320000001], [15.5150678, 47.85648060000001], [15.515376400000001, 47.8567017], [15.5157615, 47.856722800000014], [15.5165692, 47.857009700000006], [15.517182499999999, 47.8569945], [15.518054000000001, 47.85691909999999], [15.5192066, 47.8568625], [15.519629473275772, 47.85683565884954], [15.519629473275772, 47.8568268387889], [15.519768430357404, 47.8568268387889], [15.519879473275774, 47.85681979053153], [15.519879473275774, 47.856760116592866], [15.519913099999998, 47.85675500000001], [15.520013936011102, 47.85666017212223], [15.520129473275773, 47.85666017212223], [15.520129473275773, 47.8565768387889], [15.52029613994244, 47.8565768387889], [15.52029613994244, 47.85666017212223], [15.520414688441644, 47.85666017212223], [15.520304700000002, 47.8567928], [15.520582, 47.8567841], [15.521894, 47.8566139], [15.5223518, 47.856602699999996], [15.523503300000002, 47.856621800000006], [15.5249476, 47.856762200000006], [15.5257274, 47.856968900000005], [15.5258086, 47.8569512], [15.525811300000003, 47.856881], [15.525932000000001, 47.8567874], [15.5259427, 47.856584], [15.526087600000002, 47.856476], [15.5262431, 47.8562421], [15.5261466, 47.85601350000001], [15.526087600000002, 47.856177299999985], [15.526141199999998, 47.85624570000001], [15.5261198, 47.8563213], [15.525934699999999, 47.85648139999999], [15.5258194, 47.85649759999999], [15.5256237, 47.856469600000004], [15.5257451, 47.85620209999999], [15.52513, 47.8562961], [15.5246811, 47.856138599999994], [15.524381700000001, 47.856177300000006], [15.5238973, 47.856078800000006], [15.5239364, 47.8557849], [15.523526100000002, 47.855540199999986], [15.5233169, 47.85566079999999], [15.523033500000002, 47.8554472], [15.5232103, 47.85533039999999], [15.5233044, 47.8551646], [15.5225878, 47.8544712], [15.522318700000001, 47.8537895], [15.522352400000003, 47.853433], [15.522885, 47.85344340000001], [15.523383700000002, 47.853776999999994], [15.5239666, 47.8540054], [15.5243314, 47.8538155], [15.524443, 47.85359880000001], [15.5246943, 47.853236100000004], [15.5249469, 47.85311919999999], [15.5252063, 47.853255000000004], [15.5253446, 47.85347699999999], [15.5250538, 47.85406629999999], [15.5252399, 47.8547289], [15.525082900000001, 47.8549108], [15.5256839, 47.8551536], [15.5259709, 47.855546100000005], [15.5258676, 47.855624799999994], [15.5258676, 47.855905499999984], [15.5260634, 47.85590369999999], [15.526087499999997, 47.85570560000001], [15.5266396, 47.85546709999999], [15.526843999999999, 47.8555798], [15.5269725, 47.8558894], [15.5267491, 47.8560599], [15.527014000000001, 47.8561978], [15.5276057, 47.85700309999999], [15.527852499999998, 47.857025], [15.5284882, 47.8572949], [15.5290407, 47.8576065], [15.529106135801579, 47.8575768387889], [15.529129473275773, 47.8575768387889], [15.529129473275773, 47.85756626021063], [15.5292719, 47.857501699999986], [15.52929613994244, 47.85751670807342], [15.52929613994244, 47.8575768387889], [15.529379473275773, 47.8575768387889], [15.529379473275773, 47.85766017212223], [15.529527852580385, 47.85766017212223], [15.5296093, 47.8577106], [15.5296447, 47.85799799999999], [15.52954613994244, 47.858036868755086], [15.52954613994244, 47.85799350545557], [15.529462806609107, 47.85799350545557], [15.529462806609107, 47.858069732604854], [15.529346499999999, 47.8581156], [15.5293518, 47.858245200000006], [15.5294564, 47.8583333], [15.5297622, 47.85846469999999], [15.529638199999999, 47.858519], [15.530070999999998, 47.8587417], [15.5309931, 47.85918310000001], [15.531279900000001, 47.85936800000001], [15.531600400000002, 47.8598244], [15.5318815, 47.8602017], [15.532348100000002, 47.8603676], [15.5328879, 47.86037520000001], [15.5337819, 47.8601564], [15.5349626, 47.8598546], [15.536126499999998, 47.85976029999999], [15.5375771, 47.85959809999999], [15.538251800000001, 47.85949999999999], [15.539464000000002, 47.8590572], [15.5392572, 47.85901539999999], [15.538981000000001, 47.85884259999999], [15.5387878, 47.858914599999984], [15.5385625, 47.85888939999999], [15.538406300000002, 47.85864689999999], [15.538042799999998, 47.8585403], [15.5375748, 47.85814439999999], [15.5373073, 47.8581786], [15.537141, 47.8580472], [15.5370042, 47.85810840000001], [15.5357804, 47.8575687], [15.535021999999998, 47.85780960000001], [15.534453400000002, 47.857080700000004], [15.534917, 47.856947899999994], [15.534009600000001, 47.85623300000001], [15.5338596, 47.8559877], [15.5337077, 47.8554304], [15.5335457, 47.855162499999985], [15.5336407, 47.855014600000004], [15.5342484, 47.855053], [15.5344346, 47.85499660000001], [15.534950100000001, 47.855040699999996], [15.5352142, 47.8552178], [15.535512600000002, 47.8552385], [15.5356472, 47.8554407], [15.5359072, 47.855591600000004], [15.5361995, 47.855590599999985], [15.536620600000001, 47.85549519999999], [15.536615200000002, 47.8557039], [15.536819399999999, 47.85564299999999], [15.536968400000001, 47.8556409], [15.5372327, 47.85548419999999], [15.5376047, 47.85564070000001], [15.5377933, 47.855912200000006], [15.537952400000002, 47.855917], [15.5380367, 47.855596299999995], [15.537790800000002, 47.85547879999999], [15.5377096, 47.855173], [15.5375805, 47.8550851], [15.5375798, 47.8549508], [15.537320700000002, 47.85480230000001], [15.537053000000002, 47.8547207], [15.5374158, 47.854675399999984], [15.538003000000002, 47.855152600000004], [15.538293199999998, 47.8552993], [15.538423299999998, 47.855464299999994], [15.538573499999998, 47.85584959999999], [15.538576500000001, 47.857261900000005], [15.5383131, 47.8575991], [15.538615, 47.85790469999999], [15.5398979, 47.8584454], [15.5413667, 47.858572999999986], [15.5425347, 47.8584399], [15.5434545, 47.858106299999996], [15.543989499999999, 47.8578033], [15.5443051, 47.85756130000001], [15.544412499999998, 47.857253], [15.545010600000001, 47.85703039999999], [15.545288799999998, 47.857071999999995], [15.545391400000002, 47.856927799999994], [15.5454317, 47.856693799999995], [15.545488000000002, 47.8565966], [15.5457804, 47.8564095], [15.545750900000002, 47.85626729999999], [15.5459594, 47.85590749999999], [15.546298000000002, 47.8557345], [15.5465233, 47.85541059999999], [15.546668200000001, 47.855433999999995], [15.5466855, 47.85561559999999], [15.5468211, 47.8556896], [15.547440600000002, 47.855542], [15.547693299999999, 47.8555298], [15.548803800000002, 47.8552709], [15.549320900000001, 47.8552], [15.550159200000001, 47.8551218], [15.551217200000002, 47.85491209999999], [15.5517486, 47.854738000000005], [15.5525446, 47.854496999999995], [15.5529955, 47.8542803], [15.5539289, 47.8537962], [15.554067200000002, 47.85364460000001], [15.5550689, 47.8533552], [15.5553999, 47.85327509999999], [15.5554497, 47.8531734], [15.5557394, 47.85301500000001], [15.555986200000001, 47.8529574], [15.556021, 47.85289079999999], [15.556544099999998, 47.852644299999994], [15.5572227, 47.852541699999996], [15.557815400000003, 47.852610099999985], [15.5581614, 47.85276309999999], [15.558236500000001, 47.852750500000006], [15.558343800000001, 47.85267309999999], [15.5579281, 47.85253269999999], [15.557995099999998, 47.85236889999999], [15.5581883, 47.8524103], [15.5582955, 47.8522969], [15.558747500000003, 47.85256329999999], [15.558722, 47.85267670000001], [15.5589259, 47.85269470000001], [15.559027800000003, 47.85255070000001], [15.559231600000002, 47.852584900000004], [15.559250399999998, 47.852476900000006], [15.5588749, 47.8524283], [15.5589634, 47.852149299999994], [15.5589071, 47.851998099999996], [15.5587059, 47.85187930000001], [15.5588722, 47.8515625], [15.558596000000001, 47.8515211], [15.558562, 47.8514123], [15.5584645, 47.8511], [15.558201700000001, 47.8511162], [15.5581078, 47.85104059999999], [15.5577591, 47.8510694], [15.557319200000002, 47.85086419999999], [15.5573487, 47.85075080000001], [15.5578637, 47.8508192], [15.558193600000001, 47.85075799999999], [15.5585542, 47.85076750000001], [15.558787500000001, 47.8507735], [15.5589409, 47.85029219999998], [15.558924499999998, 47.85011509999999], [15.558506400000002, 47.8499334], [15.5585173, 47.849746], [15.5585275, 47.84957020000001], [15.558372899999998, 47.849310800000005], [15.557645, 47.8488823], [15.5572012, 47.84888780000001], [15.556935700000002, 47.8488464], [15.5569598, 47.84890939999999], [15.5571556, 47.8490102], [15.5563089, 47.849201], [15.555928300000001, 47.84906290000001], [15.555719299999998, 47.8488667], [15.555688399999998, 47.84864120000002], [15.5558172, 47.8486448], [15.5558905, 47.848528099999996], [15.5555865, 47.8483172], [15.5551305, 47.8481696], [15.5548869, 47.848178799999985], [15.554710799999999, 47.8482926], [15.554257099999997, 47.84806760000001], [15.5541216, 47.847612500000004], [15.553904400000002, 47.8478188], [15.5520058, 47.84684480000001], [15.5514532, 47.8464415], [15.551139199999998, 47.8463594], [15.5496106, 47.8452211], [15.549548800000002, 47.844882399999996], [15.5494148, 47.8446576], [15.549615900000001, 47.8444002], [15.5494443, 47.8441014], [15.549210899999999, 47.8438818], [15.5490902, 47.8434119], [15.5483741, 47.84212120000001], [15.5479771, 47.84138309999999], [15.5477732, 47.840821399999996], [15.547636400000002, 47.840643199999995], [15.5478322, 47.8402111], [15.547952899999999, 47.83969619999999], [15.548156800000001, 47.8391273], [15.5483285, 47.8388122], [15.5486342, 47.8379769], [15.5487817, 47.83780579999999], [15.5489856, 47.83797330000001], [15.5488703, 47.837733799999995], [15.548907799999999, 47.8374565], [15.549055300000001, 47.83682459999999], [15.5491573, 47.83581459999999], [15.5491385, 47.835488700000006], [15.548765699999999, 47.8354293], [15.548650300000002, 47.83471449999999], [15.548846100000002, 47.83437240000001], [15.548647599999999, 47.8340033], [15.548392800000002, 47.833052599999995], [15.5483875, 47.832591699999995], [15.5481461, 47.83236659999999], [15.548105799999998, 47.8321055], [15.548116599999998, 47.8318552], [15.5482265, 47.8313961], [15.5481783, 47.83135999999999], [15.5480602, 47.831397900000006], [15.5480388, 47.8314987], [15.548065600000001, 47.831628300000006], [15.5479825, 47.8316788], [15.5478601, 47.831618], [15.5478442, 47.83145960000001], [15.5474997, 47.83119799999999], [15.547328200000003, 47.830982799999994], [15.5468842, 47.83092099999999], [15.5462166, 47.8310484], [15.545127199999998, 47.83094929999999], [15.5443752, 47.8306096], [15.5442193, 47.8307676], [15.543485200000001, 47.831106600000005], [15.5431491, 47.83096929999999], [15.5430713, 47.8308397], [15.542866700000001, 47.8308028], [15.5428264, 47.8303105], [15.543133, 47.830294099999996], [15.5438358, 47.82981689999999], [15.5440993, 47.829765], [15.5439516, 47.829629700000005], [15.543859899999998, 47.82931810000001], [15.5436641, 47.829334300000006], [15.5435729, 47.8293974], [15.543471, 47.829186699999994], [15.543563600000002, 47.8289002], [15.5438391, 47.8288336], [15.544098599999998, 47.82891480000001], [15.544444899999998, 47.8288736], [15.544787900000001, 47.82902099999999], [15.545091000000001, 47.8292353], [15.545473799999998, 47.8290682], [15.5460173, 47.8290827], [15.5464915, 47.82896959999999], [15.5465099, 47.8285672], [15.5464202, 47.82833020000001], [15.5458196, 47.8278188], [15.545978100000001, 47.82770549999999], [15.547766200000002, 47.82817549999999], [15.547456699999998, 47.8289526], [15.5473906, 47.8292309], [15.5478182, 47.82914499999999], [15.5481423, 47.82867670000001], [15.5482547, 47.82838379999999], [15.5481513, 47.828109], [15.548169299999998, 47.8278342], [15.5477196, 47.827396799999995], [15.5475962, 47.82711219999999], [15.5475426, 47.8268601], [15.547118799999998, 47.82689260000001], [15.546941800000003, 47.826762899999984], [15.5465716, 47.8268169], [15.5465072, 47.8267413], [15.5462873, 47.8267161], [15.545992199999999, 47.826406299999995], [15.545954700000001, 47.826208300000005], [15.5460674, 47.8260318], [15.546308800000002, 47.8259886], [15.5469364, 47.8259994], [15.5471295, 47.825743700000004], [15.5473709, 47.8258229], [15.547896600000001, 47.8258769], [15.547859100000002, 47.825516799999995], [15.547797400000002, 47.8253331], [15.5479369, 47.82516019999999], [15.5478698, 47.82503590000001], [15.547854599999999, 47.824802299999995], [15.5475077, 47.824647], [15.5472297, 47.8244632], [15.546864000000001, 47.824346199999994], [15.546416999999998, 47.82442079999999], [15.545954700000001, 47.8246343], [15.545710599999998, 47.82460189999999], [15.545335100000003, 47.82442900000001], [15.545032000000003, 47.82433180000001], [15.544753100000001, 47.8242868], [15.544302499999999, 47.82429400000001], [15.5447665, 47.824335399999995], [15.545091000000001, 47.82440739999999], [15.5454048, 47.824531699999994], [15.545755299999998, 47.82471159999999], [15.546094200000002, 47.82466500000001], [15.5462605, 47.8246704], [15.5463919, 47.824760399999995], [15.5464241, 47.8249117], [15.5462229, 47.82497829999999], [15.545997600000002, 47.82494049999999], [15.5457696, 47.8250197], [15.545946700000002, 47.8250575], [15.5458769, 47.8252178], [15.5455631, 47.82520699999999], [15.545410199999997, 47.82537270000001], [15.545402200000002, 47.825608599999995], [15.545300199999998, 47.82572019999999], [15.545091000000001, 47.825668000000015], [15.5450159, 47.8254069], [15.544897899999999, 47.82539069999999], [15.544903300000001, 47.82559959999999], [15.544737, 47.82554559999999], [15.5445492, 47.8256284], [15.544554600000001, 47.825822900000006], [15.544533100000002, 47.826039], [15.5443749, 47.826028199999996], [15.5442166, 47.82574549999999], [15.544034200000002, 47.8257094], [15.5439806, 47.825551], [15.543779400000002, 47.82554379999999], [15.543597, 47.8257112], [15.543588999999999, 47.8255438], [15.543393199999999, 47.8256158], [15.543326100000002, 47.82568059999999], [15.5426958, 47.8258499], [15.542701199999998, 47.825999399999986], [15.542529500000002, 47.82606959999999], [15.542467800000002, 47.8261884], [15.5425027, 47.8262749], [15.5427226, 47.82641889999999], [15.5427414, 47.8265414], [15.5426261, 47.826563], [15.542728000000002, 47.82671789999999], [15.5426636, 47.826874499999995], [15.542188900000001, 47.82702760000001], [15.5419314, 47.8268709], [15.541829500000002, 47.82666569999999], [15.5418026, 47.8262317], [15.5416739, 47.826219099999996], [15.541534400000002, 47.82644419999999], [15.5412608, 47.82650720000001], [15.5409229, 47.82709240000001], [15.5408102, 47.82760919999998], [15.5406627, 47.82764530000001], [15.540638600000001, 47.82757500000001], [15.5404589, 47.827558799999984], [15.5404025, 47.82745439999999], [15.5402309, 47.827706500000005], [15.540330100000002, 47.827395], [15.540601, 47.8267485], [15.5409953, 47.826354099999996], [15.541073100000002, 47.8263307], [15.5410221, 47.826224499999995], [15.541035500000001, 47.826083999999994], [15.5412582, 47.8259958], [15.541338600000001, 47.8258895], [15.5412984, 47.82573639999999], [15.5413529, 47.8255658], [15.5412152, 47.8254951], [15.5412099, 47.825403299999984], [15.540981900000002, 47.8252592], [15.5407298, 47.8252538], [15.5403998, 47.8252142], [15.540375700000002, 47.82538530000001], [15.540094100000001, 47.82530789999999], [15.5399787, 47.8254951], [15.5397963, 47.82533310000001], [15.5396596, 47.82493690000001], [15.539445, 47.825178199999996], [15.5393136, 47.825097199999995], [15.539268, 47.824823400000014], [15.539415500000002, 47.8246758], [15.5392411, 47.82444889999999], [15.5394101, 47.82411570000001], [15.5395603, 47.8241913], [15.5398875, 47.82416070000001], [15.5399948, 47.82424180000001], [15.5397105, 47.82450649999999], [15.5396676, 47.8247496], [15.539785599999998, 47.824679399999994], [15.539909, 47.8246542], [15.5400136, 47.8246884], [15.540204, 47.824598299999984], [15.5405849, 47.8245803], [15.5408558, 47.8245119], [15.541585399999999, 47.82442], [15.541987700000002, 47.824295799999994], [15.542577800000002, 47.824103099999995], [15.5427226, 47.824002199999995], [15.5431759, 47.823977000000006], [15.5434361, 47.8238924], [15.543690900000001, 47.8237429], [15.543706999999998, 47.823606100000006], [15.543626500000002, 47.82346919999999], [15.543390500000001, 47.8232477], [15.543798200000001, 47.8232729], [15.5439806, 47.823127], [15.544294400000002, 47.8231919], [15.5443615, 47.82336289999999], [15.544948900000001, 47.82330350000001], [15.5451661, 47.82291270000001], [15.545691800000002, 47.82280829999999], [15.546196100000001, 47.8229163], [15.5465662, 47.82284430000001], [15.5465877, 47.822675], [15.546620327113214, 47.82258947557077], [15.529402256700108, 47.82258947557077], [15.5288424, 47.8228261]], [[15.5574878, 47.849548299999995], [15.5579063, 47.85013289999999], [15.557614299999997, 47.8501142], [15.5551511, 47.84974840000001], [15.554859000000002, 47.8497685], [15.5547698, 47.84971920000001], [15.554578400000002, 47.84985509999999], [15.554029899999998, 47.84973690000001], [15.553783900000003, 47.8497464], [15.553552, 47.8496426], [15.553552, 47.84944920000001], [15.553894, 47.8489418], [15.5538511, 47.84888149999999], [15.553655300000003, 47.84899310000001], [15.5534072, 47.8488932], [15.5538739, 47.848549399999996], [15.5541815, 47.8487027], [15.554808, 47.84897099999999], [15.555442600000001, 47.84951530000001], [15.556307000000002, 47.849722799999995], [15.5574878, 47.849548299999995]], [[15.548915000000001, 47.8545169], [15.547208, 47.855045399999995], [15.546861299999998, 47.85509559999999], [15.546416, 47.8550524], [15.5462283, 47.85512799999999], [15.545986500000001, 47.85533579999999], [15.545935900000002, 47.855113599999996], [15.546021700000002, 47.8548041], [15.546258200000002, 47.854609499999995], [15.546751299999999, 47.85461690000001], [15.547121600000002, 47.85473240000001], [15.5471402, 47.8544243], [15.5469364, 47.85410209999999], [15.547145600000002, 47.8540049], [15.5470303, 47.85388619999999], [15.5470318, 47.853647099999996], [15.547142900000003, 47.8535334], [15.547387000000002, 47.8534614], [15.5487737, 47.85334439999999], [15.549106300000002, 47.853186], [15.5491868, 47.85308160000001], [15.5492002, 47.85297719999999], [15.5491358, 47.8528098], [15.549001700000002, 47.8526083], [15.548771, 47.85245350000001], [15.5483794, 47.8524787], [15.547902000000002, 47.8524247], [15.5477867, 47.85234549999999], [15.5472314, 47.852230299999995], [15.547059800000001, 47.85217630000001], [15.5468693, 47.852460699999995], [15.546539400000002, 47.8527199], [15.5458152, 47.8525939], [15.5454719, 47.85266949999999], [15.545024, 47.8531932], [15.544857699999998, 47.853272399999994], [15.5446136, 47.8531086], [15.544082500000002, 47.85311939999998], [15.542942600000002, 47.8528692], [15.542486600000002, 47.8529538], [15.541513, 47.85300240000001], [15.540743200000001, 47.8529628], [15.5404454, 47.8529988], [15.5402604, 47.8529772], [15.540287200000002, 47.852730700000016], [15.5399331, 47.85274330000001], [15.5399801, 47.8526464], [15.541164399999998, 47.8521821], [15.541753000000002, 47.8519522], [15.5417354, 47.85165749999999], [15.5421044, 47.8515985], [15.5429829, 47.85155139999999], [15.5436371, 47.8514128], [15.5438128, 47.85105420000001], [15.5441174, 47.850774200000004], [15.5440874, 47.8506316], [15.5441537, 47.850412999999996], [15.5439162, 47.850306200000006], [15.544533100000002, 47.8500452], [15.5444388, 47.84997569999999], [15.5445815, 47.84943039999999], [15.5446694, 47.84909139999999], [15.5443839, 47.849025099999984], [15.5435493, 47.8489514], [15.543219799999997, 47.84912089999999], [15.5427916, 47.84911350000001], [15.5421327, 47.848634499999996], [15.541967900000001, 47.848708200000004], [15.541946000000001, 47.84903249999999], [15.5412981, 47.8490693], [15.541177300000001, 47.848907200000006], [15.5410894, 47.84879659999999], [15.5408039, 47.848988199999994], [15.5399364, 47.8492535], [15.5390798, 47.8489072], [15.5391677, 47.84849449999999], [15.539991299999999, 47.84831760000001], [15.5400023, 47.848126], [15.537805999999998, 47.847683800000006], [15.5373448, 47.84770590000001], [15.535961100000002, 47.847588], [15.535576700000002, 47.8473596], [15.535309000000002, 47.8474496], [15.5350274, 47.8476836], [15.5347913, 47.8477232], [15.5346438, 47.847647599999995], [15.5344909, 47.84773040000001], [15.534404, 47.84758399999999], [15.534742900000001, 47.847436900000005], [15.534924899999998, 47.8470805], [15.5349256, 47.84670789999999], [15.534590700000003, 47.84621379999999], [15.5346519, 47.8458367], [15.535007700000001, 47.845754899999996], [15.535303599999999, 47.846069899999996], [15.535291199999998, 47.8463425], [15.535153400000002, 47.846605399999994], [15.535449300000002, 47.8468472], [15.536789700000002, 47.84673289999999], [15.5369452, 47.8465928], [15.536864700000002, 47.846436100000005], [15.536916499999998, 47.8461804], [15.537842300000001, 47.8457786], [15.538069000000002, 47.8455559], [15.538530299999998, 47.84567439999999], [15.5395822, 47.8465723], [15.5397607, 47.8465415], [15.539090800000002, 47.8453255], [15.5415019, 47.845875], [15.5418041, 47.8454882], [15.5429005, 47.8455212], [15.5436314, 47.8461627], [15.543975800000002, 47.846224], [15.5442218, 47.845997600000004], [15.5442991, 47.845191], [15.544720800000002, 47.8447995], [15.545290099999999, 47.845191], [15.5461633, 47.846233], [15.546253299999998, 47.8467122], [15.546663699999998, 47.8469612], [15.5469392, 47.847666799999985], [15.5460059, 47.8476102], [15.545909100000001, 47.8478078], [15.5462497, 47.8478186], [15.547100000000002, 47.8479626], [15.5478644, 47.84813719999999], [15.548255999999999, 47.8482002], [15.548253400000002, 47.84832440000002], [15.5484223, 47.84848279999999], [15.5484894, 47.84869520000001], [15.5483875, 47.84875099999999], [15.548255999999999, 47.84872399999999], [15.5481219, 47.8487582], [15.5480844, 47.84894179999999], [15.548207800000002, 47.8491884], [15.5484223, 47.8491848], [15.548706600000001, 47.849273], [15.5488381, 47.8493666], [15.5488086, 47.8495916], [15.5490339, 47.84972119999999], [15.5493799, 47.85014060000001], [15.549664199999999, 47.8502558], [15.5498037, 47.85018019999999], [15.5500209, 47.85020900000001], [15.5508926, 47.85021259999999], [15.551372800000001, 47.85018199999999], [15.5516329, 47.8501928], [15.5516437, 47.85026479999999], [15.5509624, 47.850374599999995], [15.550863200000002, 47.85054929999999], [15.549970300000002, 47.85077820000001], [15.5499211, 47.8512074], [15.550434099999999, 47.85165070000001], [15.550763300000002, 47.85167460000001], [15.550511399999998, 47.8512498], [15.5508792, 47.851128800000005], [15.5514693, 47.8511864], [15.5517483, 47.85131950000001], [15.5518931, 47.8512655], [15.5523491, 47.851323099999995], [15.5528051, 47.851693899999994], [15.553110800000002, 47.851855900000004], [15.5536205, 47.85203949999999], [15.5542052, 47.85171549999999], [15.554290999999997, 47.851539100000004], [15.554274900000001, 47.85138070000001], [15.5544573, 47.85110719999999], [15.5547416, 47.8509488], [15.5547953, 47.85104239999999], [15.5551118, 47.85090199999999], [15.5552351, 47.850988399999984], [15.555498, 47.8509416], [15.555374600000002, 47.851128800000005], [15.5554551, 47.85126549999999], [15.556002299999998, 47.85131589999999], [15.5561578, 47.8515391], [15.5564529, 47.851391499999984], [15.556426000000002, 47.85125829999999], [15.5565494, 47.85095239999998], [15.556667400000002, 47.851078400000006], [15.5568069, 47.85107120000001], [15.5568767, 47.851204300000006], [15.556978600000003, 47.851204300000006], [15.556904800000002, 47.85138570000001], [15.557629700000001, 47.8515636], [15.557635, 47.8518266], [15.556375100000002, 47.8519889], [15.554435000000002, 47.852747099999995], [15.5534747, 47.8530095], [15.552107700000002, 47.8538535], [15.5514693, 47.8540409], [15.551249300000002, 47.85417669999998], [15.550051300000002, 47.854416300000004], [15.548915000000001, 47.8545169]], [[15.553218099999999, 47.848157099999995], [15.553180900000001, 47.84819180000001], [15.5530956, 47.8482523], [15.553001899999998, 47.848328900000006], [15.5526823, 47.8485546], [15.552593900000002, 47.848579900000004], [15.5525851, 47.8486574], [15.552687, 47.8487276], [15.5527166, 47.848841], [15.5525583, 47.8489418], [15.552303500000003, 47.8489256], [15.552367900000002, 47.8490228], [15.552687, 47.84909119999999], [15.552671000000002, 47.849489], [15.552383999999998, 47.849528599999985], [15.552126500000002, 47.84951600000001], [15.551708000000001, 47.8494512], [15.551061599999999, 47.84924960000001], [15.551087, 47.849198], [15.549946299999998, 47.8488527], [15.5500891, 47.8487945], [15.550154700000002, 47.84857519999999], [15.550011099999999, 47.84831939999999], [15.549620399999998, 47.847988099999995], [15.549075500000002, 47.84821029999999], [15.548909900000002, 47.848251399999995], [15.5486976, 47.84799540000001], [15.548798399999999, 47.84786259999999], [15.548661700000002, 47.8477974], [15.5484601, 47.8479374], [15.547942, 47.847766], [15.5478808, 47.847596899999985], [15.548108500000001, 47.8474298], [15.5484706, 47.8475504], [15.5488315, 47.847498899999984], [15.5488512, 47.8474005], [15.548672, 47.84730879999999], [15.548737200000001, 47.846971499999995], [15.548997200000002, 47.8466826], [15.549208199999999, 47.846726], [15.5493691, 47.846690100000004], [15.5493248, 47.8466097], [15.5491187, 47.8466403], [15.548909900000002, 47.8463508], [15.548800399999998, 47.84605679999999], [15.548800500000002, 47.8458583], [15.5493316, 47.84563310000001], [15.549943100000002, 47.84615530000001], [15.550093500000001, 47.8463775], [15.5508202, 47.846662999999985], [15.5510268, 47.846866399999996], [15.5518014, 47.847363300000005], [15.553178900000002, 47.8480944], [15.553221700000002, 47.8481257], [15.553218099999999, 47.848157099999995]], [[15.5467113, 47.8369297], [15.5464804, 47.8368084], [15.5461609, 47.836565400000005], [15.5461918, 47.836358000000004], [15.546513199999998, 47.83614560000001], [15.5470705, 47.836073799999994], [15.5480964, 47.83639029999999], [15.5480277, 47.83698], [15.5478962, 47.8378649], [15.547636400000002, 47.8380633], [15.5476847, 47.838142500000004], [15.547547600000001, 47.8381567], [15.547003, 47.8376792], [15.5465904, 47.837498], [15.546462900000002, 47.8373301], [15.5467113, 47.8369297]], [[15.5319838, 47.838423500000005], [15.531709500000002, 47.83848819999999], [15.5317202, 47.838606999999996], [15.531626500000002, 47.83864400000001], [15.5315234, 47.8385961], [15.5315166, 47.83847300000001], [15.531189100000002, 47.83848100000001], [15.5309005, 47.838981800000006], [15.530435400000002, 47.839211899999995], [15.5301362, 47.8391688], [15.529848000000001, 47.8392821], [15.5297729, 47.83945489999999], [15.529464499999998, 47.8394261], [15.529384000000002, 47.839525200000004], [15.529191500000001, 47.83951039999999], [15.528986999999999, 47.8392407], [15.5292716, 47.83873710000001], [15.5295603, 47.8387864], [15.529751500000001, 47.838571], [15.5297273, 47.8384486], [15.529536900000002, 47.8384324], [15.5299839, 47.837688500000006], [15.530373599999999, 47.83742509999999], [15.5301137, 47.83726289999999], [15.529786300000001, 47.8372603], [15.5292491, 47.8371806], [15.528949500000001, 47.836884], [15.5288717, 47.83670399999999], [15.528635700000002, 47.83668779999999], [15.528523, 47.836731], [15.528485500000002, 47.8369578], [15.5283567, 47.836745400000005], [15.528193100000001, 47.83664999999999], [15.528324500000002, 47.8364951], [15.5283272, 47.83639790000001], [15.5286223, 47.836525699999996], [15.528963300000001, 47.836592399999994], [15.530601699999998, 47.8366068], [15.5310711, 47.8364699], [15.5320088, 47.83643910000001], [15.5321521, 47.8363835], [15.5319267, 47.8362935], [15.5312669, 47.836399699999994], [15.5306098, 47.83640869999999], [15.5301297, 47.8363241], [15.5297381, 47.8363385], [15.529507399999998, 47.8362467], [15.5292392, 47.836282700000005], [15.5292445, 47.836192700000005], [15.5295879, 47.83614039999999], [15.5299687, 47.8359496], [15.5304864, 47.83588840000001], [15.5307734, 47.8359496], [15.5309263, 47.835837999999995], [15.530754599999998, 47.83563269999999], [15.530692900000002, 47.8353266], [15.5307305, 47.8349179], [15.530701000000002, 47.8347739], [15.530792200000002, 47.834619], [15.530910200000001, 47.8345902], [15.531183800000003, 47.83475049999999], [15.531401, 47.83501700000001], [15.531647800000002, 47.8350944], [15.531808700000001, 47.8354977], [15.531993800000002, 47.83571549999999], [15.5322754, 47.8359298], [15.532449800000002, 47.83596759999999], [15.532508799999999, 47.835922599999996], [15.532514200000001, 47.83587579999999], [15.532066199999997, 47.835670499999985], [15.5319777, 47.835551699999996], [15.5320421, 47.8354347], [15.531851600000001, 47.8353752], [15.531755100000002, 47.8350854], [15.5322808, 47.83530139999999], [15.532447100000002, 47.83518799999999], [15.5328199, 47.8351898], [15.5331801, 47.8349716], [15.534552900000001, 47.834835399999996], [15.5349746, 47.834946099999996], [15.5348772, 47.835242], [15.535417900000002, 47.835434199999995], [15.535378799999998, 47.8356183], [15.5361041, 47.835791], [15.537116800000002, 47.83568489999998], [15.537801300000002, 47.835758899999995], [15.537945699999998, 47.835907299999995], [15.538367, 47.83614889999999], [15.5394897, 47.8363515], [15.539833900000001, 47.83625030000001], [15.5401638, 47.8362503], [15.540635900000002, 47.8363295], [15.5412796, 47.8366158], [15.541400299999998, 47.836723799999994], [15.541369499999998, 47.8368113], [15.5417651, 47.8371433], [15.5423713, 47.8374385], [15.542765399999999, 47.837568499999996], [15.54264, 47.83739839999999], [15.5438671, 47.8377076], [15.544424500000002, 47.83806179999999], [15.544872500000002, 47.838605300000005], [15.545454700000002, 47.839046], [15.5457721, 47.8392957], [15.5459735, 47.8395666], [15.546303400000001, 47.839748400000005], [15.5463999, 47.83973759999999], [15.5462229, 47.8394874], [15.5459028, 47.839098099999994], [15.545135, 47.8384483], [15.5445152, 47.837665599999994], [15.5430753, 47.83713409999999], [15.542442, 47.837054299999984], [15.5416161, 47.83658640000001], [15.541177700000002, 47.83633849999999], [15.540917500000003, 47.8362305], [15.540332800000002, 47.8361026], [15.5401424, 47.83597480000001], [15.5399787, 47.83594780000001], [15.5399036, 47.835971199999996], [15.5399117, 47.8360648], [15.5397561, 47.8360972], [15.5395094, 47.83595450000001], [15.5394545, 47.835789899999995], [15.5394959, 47.8354599], [15.5393991, 47.835103899999986], [15.538791, 47.834361200000004], [15.5381253, 47.834235499999984], [15.5378249, 47.834006900000006], [15.537866300000001, 47.833727], [15.537566199999999, 47.83375859999999], [15.5374404, 47.833504], [15.536537799999998, 47.8335961], [15.536511500000001, 47.83338380000001], [15.5368741, 47.832669799999984], [15.537221399999998, 47.8324926], [15.537381, 47.8322024], [15.538207, 47.832222], [15.5385464, 47.8326331], [15.5384231, 47.832967999999994], [15.538611100000002, 47.833094900000006], [15.5390966, 47.83283250000001], [15.5413714, 47.83357620000001], [15.542336, 47.83424489999999], [15.542496200000002, 47.8350825], [15.5428058, 47.83545269999998], [15.5432296, 47.8356219], [15.543469299999998, 47.83604350000001], [15.5432233, 47.836556499999986], [15.543680200000003, 47.8365094], [15.544714399999998, 47.8370349], [15.545310999999998, 47.83748719999999], [15.545665, 47.8375844], [15.545847400000001, 47.83785439999998], [15.544973, 47.8375088], [15.544340000000002, 47.8372927], [15.5435085, 47.8368354], [15.5431223, 47.83673099999999], [15.5440932, 47.837303500000004], [15.5445224, 47.8374764], [15.5451286, 47.83764559999999], [15.5458313, 47.837991300000006], [15.546351700000002, 47.8381317], [15.546689600000002, 47.8383873], [15.5468345, 47.8387654], [15.546780800000002, 47.8390427], [15.546898800000001, 47.8389058], [15.546888100000002, 47.8391219], [15.5466145, 47.8397592], [15.5466413, 47.83994280000001], [15.546804999999999, 47.8402165], [15.5476015, 47.84069869999999], [15.547686700000002, 47.84111910000001], [15.547456699999998, 47.84103559999999], [15.5472983, 47.84113809999999], [15.5464477, 47.84099749999999], [15.545061199999997, 47.840443300000004], [15.544519, 47.8401753], [15.544220300000001, 47.8403494], [15.5436641, 47.8401391], [15.543011000000002, 47.839947], [15.542153500000001, 47.83961070000001], [15.541837200000002, 47.8395965], [15.541532600000002, 47.83964159999999], [15.541006, 47.839842], [15.5405973, 47.8401715], [15.540519700000003, 47.840269600000006], [15.539043700000002, 47.8411005], [15.5382326, 47.8413651], [15.538028800000001, 47.8413345], [15.5377159, 47.841384899999994], [15.536912000000001, 47.841908200000006], [15.5373254, 47.84215869999999], [15.5370069, 47.8423462], [15.536725200000001, 47.8426666], [15.536609900000002, 47.84285930000001], [15.5364516, 47.842915100000006], [15.5365777, 47.84300869999999], [15.5362535, 47.8432579], [15.536073399999998, 47.84308970000001], [15.535821299999999, 47.8431473], [15.535640600000002, 47.84334909999999], [15.535708700000002, 47.8434965], [15.5355376, 47.8437841], [15.5356926, 47.84404920000001], [15.5360359, 47.84419859999999], [15.536258400000001, 47.844518900000004], [15.5366877, 47.84495470000001], [15.5371383, 47.84513470000001], [15.536960799999997, 47.845276399999996], [15.536681500000002, 47.8453295], [15.535866899999998, 47.84512389999998], [15.535759600000002, 47.84516169999999], [15.5354413, 47.8451368], [15.535340200000002, 47.84484350000001], [15.5346921, 47.84459820000001], [15.534322600000001, 47.844475599999996], [15.532738500000002, 47.84525450000001], [15.532549000000001, 47.845201299999985], [15.532355899999999, 47.84534349999999], [15.532315700000002, 47.84559370000001], [15.5321225, 47.8458547], [15.5320179, 47.8461391], [15.531902599999999, 47.84621649999999], [15.5316585, 47.84665579999999], [15.531604900000001, 47.846958199999996], [15.531454700000001, 47.8471598], [15.5309719, 47.84734159999999], [15.5309209, 47.84731099999999], [15.531261599999999, 47.8470266], [15.5313742, 47.8468592], [15.5313313, 47.846758400000006], [15.531717499999997, 47.84616969999999], [15.531733600000003, 47.8460869], [15.5315351, 47.8460725], [15.5314198, 47.846027500000005], [15.5310282, 47.84605630000001], [15.530793300000001, 47.84596229999999], [15.5306232, 47.84601850000001], [15.530604400000001, 47.8458799], [15.5304676, 47.8458745], [15.5303752, 47.845701], [15.5301538, 47.845640499999995], [15.5300359, 47.845426999999994], [15.5307627, 47.8452787], [15.530976500000001, 47.845014400000004], [15.532592500000002, 47.843968100000005], [15.5331554, 47.84380740000001], [15.5337185, 47.84318330000001], [15.5337195, 47.843029099999995], [15.533261700000002, 47.8428722], [15.5333475, 47.8426188], [15.5330043, 47.8424231], [15.532970000000002, 47.8419624], [15.5337388, 47.84165649999999], [15.5340993, 47.8417647], [15.534479999999999, 47.8417248], [15.535172199999998, 47.841098599999995], [15.535422599999999, 47.84116130000001], [15.5358374, 47.840821399999996], [15.5357838, 47.8406558], [15.535955400000002, 47.84025969999999], [15.536196800000003, 47.8404181], [15.5364371, 47.839993699999994], [15.5361786, 47.83961300000001], [15.537191, 47.83931720000001], [15.5375823, 47.8387485], [15.5381924, 47.83835129999999], [15.5384123, 47.83836569999998], [15.5387157, 47.838045699999995], [15.538658, 47.83786899999999], [15.5377901, 47.8377716], [15.5374467, 47.8377788], [15.5364376, 47.837675999999995], [15.536025200000001, 47.83742229999999], [15.535091300000001, 47.83721], [15.534322600000001, 47.837460699999994], [15.533850399999999, 47.837350099999995], [15.533847100000001, 47.83762560000001], [15.5332135, 47.8381462], [15.532126600000002, 47.83848760000001], [15.5319838, 47.838423500000005]], [[15.526683000000002, 47.8521565], [15.5265489, 47.8524229], [15.5263773, 47.85266049999999], [15.5261561, 47.8528382], [15.5266187, 47.8529304], [15.5267072, 47.8528386], [15.5272141, 47.8527073], [15.527203400000001, 47.853022200000005], [15.5270451, 47.853076200000004], [15.527184600000002, 47.85313200000001], [15.5275145, 47.853112199999984], [15.527836400000002, 47.85315000000001], [15.5283836, 47.8528908], [15.5284265, 47.85310320000001], [15.5281851, 47.8531284], [15.5280268, 47.853303], [15.527399200000001, 47.853267], [15.5265033, 47.85307439999998], [15.526149299999998, 47.8530996], [15.525889099999999, 47.8530528], [15.525749599999997, 47.85300959999999], [15.525537700000001, 47.8531122], [15.525333900000001, 47.853087], [15.525481400000002, 47.8528296], [15.525384800000001, 47.8523905], [15.525476000000001, 47.852233899999995], [15.525312400000002, 47.8521043], [15.5255672, 47.8517605], [15.5256101, 47.85156250000001], [15.525918600000002, 47.8515103], [15.526138499999998, 47.851690299999994], [15.5261707, 47.85188109999999], [15.526444299999998, 47.85169930000001], [15.5264738, 47.8519063], [15.5266052, 47.852005299999995], [15.526683000000002, 47.8521565]], [[15.509676199999998, 47.84833780000001], [15.5091365, 47.8488329], [15.508695700000002, 47.848965699999994], [15.5088621, 47.8484043], [15.5096313, 47.84787299999999], [15.5096313, 47.847734100000004], [15.5102835, 47.8474262], [15.510315, 47.84713339999999], [15.5108232, 47.84693719999999], [15.510890699999997, 47.8472874], [15.510548800000002, 47.847528900000015], [15.5104049, 47.848042], [15.509676199999998, 47.84833780000001]], [[15.509358600000002, 47.852759500000005], [15.5091575, 47.85290880000001], [15.5091333, 47.85314819999999], [15.5089161, 47.85332639999999], [15.5088919, 47.85350460000001], [15.508623700000001, 47.85329580000001], [15.5081007, 47.852755899999984], [15.508393, 47.8523887], [15.5088088, 47.8522825], [15.508824900000002, 47.85206469999999], [15.509278200000002, 47.8519873], [15.5093479, 47.85210070000001], [15.5094498, 47.8524229], [15.5096108, 47.852694699999994], [15.509358600000002, 47.852759500000005]], [[15.5062454, 47.8532337], [15.505994099999999, 47.85312799999999], [15.505810299999998, 47.8528788], [15.505701499999999, 47.85266740000001], [15.5057841, 47.852627099999985], [15.506226700000001, 47.85270009999999], [15.506279200000002, 47.8523653], [15.506440500000002, 47.852083400000005], [15.506643, 47.8520205], [15.506639300000002, 47.8523301], [15.506444200000002, 47.8526674], [15.506534299999998, 47.8530147], [15.5064517, 47.8531708], [15.5062454, 47.8532337]]]}}, {"type": "Feature", "properties": {"klasse": "Wald"}, "geometry": {"type": "Polygon", "coordinates": [[[15.51879129102123, 47.82258947557077], [15.518904599999999, 47.822637199999996], [15.5191997, 47.82272540000002], [15.51983, 47.822691199999994], [15.5206346, 47.8225922], [15.520652966361656, 47.82258947557077], [15.520153651272572, 47.82258947557077], [15.519231900000001, 47.82264620000001], [15.519132399999998, 47.8226185], [15.519020231139852, 47.82258947557077], [15.51879129102123, 47.82258947557077]]]}}, {"type": "Feature", "properties": {"klasse": "Wald"}, "geometry": {"type": "Polygon", "coordinates": [[[15.5325222, 47.8354059], [15.5324632, 47.83553010000001], [15.532554400000002, 47.83557510000001], [15.533002300000001, 47.83553729999999], [15.532854799999999, 47.8354383], [15.5325222, 47.8354059]]]}}, {"type": "Feature", "properties": {"klasse": "Wald"}, "geometry": {"type": "Polygon", "coordinates": [[[15.531468099999998, 47.8382739], [15.531433200000002, 47.8384288], [15.5319831, 47.8382901], [15.532082300000003, 47.8381065], [15.5324364, 47.837946300000006], [15.5324337, 47.837849], [15.5322754, 47.8378094], [15.5316773, 47.8380939], [15.531468099999998, 47.8382739]]]}}, {"type": "Feature", "properties": {"klasse": "Wald"}, "geometry": {"type": "Polygon", "coordinates": [[[15.5345929, 47.8550578], [15.5344453, 47.855118999999995], [15.5344292, 47.85527739999999], [15.534767200000001, 47.855317], [15.534955, 47.8553044], [15.5347779, 47.8551082], [15.5345929, 47.8550578]]]}}, {"type": "Feature", "properties": {"klasse": "Wald"}, "geometry": {"type": "Polygon", "coordinates": [[[15.535477999999998, 47.855570799999995], [15.535225899999999, 47.855549200000006], [15.5350971, 47.85544839999999], [15.5344427, 47.8554988], [15.534405100000003, 47.8557327], [15.5349952, 47.8562799], [15.535064899999998, 47.856125099999986], [15.534925500000002, 47.8558803], [15.5353868, 47.8556896], [15.5362451, 47.8563591], [15.536883499999998, 47.856790999999994], [15.5369478, 47.856920599999995], [15.537355500000002, 47.857061], [15.537462800000002, 47.857197700000015], [15.537672, 47.8569098], [15.5374521, 47.8564922], [15.537141, 47.85611790000001], [15.5367976, 47.85596670000001], [15.5365401, 47.85591990000001], [15.5364919, 47.8561071], [15.536105600000003, 47.855909099999984], [15.5359983, 47.8557471], [15.535665700000001, 47.85577949999998], [15.535477999999998, 47.855570799999995]]]}}, {"type": "Feature", "properties": {"klasse": "Wald"}, "geometry": {"type": "Polygon", "coordinates": [[[15.513386, 47.858095799999994], [15.513434299999998, 47.8580391], [15.513466399999999, 47.8577925], [15.5134249, 47.857285], [15.513384600000002, 47.8571392], [15.5130789, 47.8573894], [15.513049400000002, 47.857456899999995], [15.5131674, 47.857513600000004], [15.513214300000001, 47.8576504], [15.5133565, 47.8577592], [15.5132774, 47.85777989999999], [15.5131848, 47.85768089999999], [15.513115100000002, 47.8576908], [15.513308200000003, 47.858043599999995], [15.513386, 47.858095799999994]]]}}, {"type": "Feature", "properties": {"klasse": "Wald"}, "geometry": {"type": "Polygon", "coordinates": [[[15.529046139942439, 47.857743505455566], [15.528962806609107, 47.857743505455566], [15.528962806609107, 47.85791017212223], [15.529129473275773, 47.85791017212223], [15.529129473275773, 47.857826838788895], [15.529046139942439, 47.857826838788895], [15.529046139942439, 47.857743505455566]]]}}, {"type": "Feature", "properties": {"klasse": "Wald"}, "geometry": {"type": "Polygon", "coordinates": [[[15.5262907, 47.8583769], [15.5261996, 47.85835959999999], [15.526047700000001, 47.858895800000006], [15.526318800000002, 47.859002399999994], [15.5264029, 47.858923999999995], [15.5265665, 47.85865750000001], [15.526772100000002, 47.8583941], [15.526744, 47.8583157], [15.526695000000002, 47.85826550000001], [15.526622500000002, 47.8582922], [15.526508, 47.8584082], [15.526307300000001, 47.858671600000015], [15.526265, 47.85857279999999], [15.5262907, 47.8583769]]]}}, {"type": "Feature", "properties": {"klasse": "Wald"}, "geometry": {"type": "Polygon", "coordinates": [[[15.538516900000001, 47.8597299], [15.5386618, 47.8596399], [15.5386376, 47.8595067], [15.537964400000002, 47.85960750000001], [15.537677400000002, 47.85983240000001], [15.537916100000002, 47.8598738], [15.538356, 47.8597407], [15.538516900000001, 47.8597299]]]}}, {"type": "Feature", "properties": {"klasse": "Wald"}, "geometry": {"type": "Polygon", "coordinates": [[[15.533254399999999, 47.8607754], [15.532865499999998, 47.8607358], [15.532658999999999, 47.8609698], [15.532865499999998, 47.861103], [15.533149800000002, 47.8611515], [15.533321499999998, 47.8610994], [15.533292, 47.860923], [15.5333269, 47.8608366], [15.533254399999999, 47.8607754]]]}}, {"type": "Feature", "properties": {"klasse": "Wald"}, "geometry": {"type": "Polygon", "coordinates": [[[15.5350971, 47.86112099999999], [15.535301, 47.8612775], [15.535303599999999, 47.8611479], [15.5354002, 47.8610688], [15.535545000000003, 47.86111199999999], [15.535590600000003, 47.861002199999994], [15.5354378, 47.8609878], [15.5350971, 47.86112099999999]]]}}, {"type": "Feature", "properties": {"klasse": "Wald"}, "geometry": {"type": "Polygon", "coordinates": [[[15.5324793, 47.861975699999995], [15.5324417, 47.86183179999999], [15.5322647, 47.8617508], [15.5321601, 47.86179219999998], [15.5320957, 47.8618876], [15.5322325, 47.861977499999995], [15.5324793, 47.861975699999995]]]}}, {"type": "Feature", "properties": {"klasse": "Wald"}, "geometry": {"type": "Polygon", "coordinates": [[[15.5492566, 47.82634509999999], [15.549129400000002, 47.8266152], [15.5484145, 47.8272952], [15.5482658, 47.8271415], [15.5483135, 47.8267561], [15.5481273, 47.8267575], [15.548071, 47.8268637], [15.547955600000002, 47.8267953], [15.547843, 47.827009600000004], [15.5478644, 47.8272509], [15.547955600000002, 47.8274112], [15.548285500000002, 47.82774069999999], [15.5484062, 47.82776410000001], [15.5484817, 47.82771960000001], [15.5492308, 47.827052], [15.549567899999998, 47.82662580000001], [15.5497031, 47.82604640000001], [15.5498065, 47.82527940000001], [15.5498425, 47.824473], [15.5496671, 47.823866], [15.549301700000001, 47.822832999999996], [15.549089279367143, 47.82258947557077], [15.54879613994244, 47.82258947557077], [15.54875002988798, 47.82258947557077], [15.548910500000002, 47.822876699999995], [15.549066, 47.8235529], [15.549334200000002, 47.8241348], [15.5493882, 47.8248958], [15.549311700000002, 47.82545749999999], [15.5492566, 47.82634509999999]]]}}, {"type": "Feature", "properties": {"klasse": "Wald"}, "geometry": {"type": "Polygon", "coordinates": [[[15.5558145, 47.822721800000004], [15.5556857, 47.82292710000001], [15.556184599999998, 47.823172], [15.5567425, 47.82330170000001], [15.557271700000001, 47.823255599999996], [15.5581653, 47.82313160000001], [15.558769300000002, 47.8234741], [15.558343800000001, 47.82362069999999], [15.5583197, 47.823888800000006], [15.558673700000002, 47.8237627], [15.5588145, 47.8239638], [15.5585108, 47.8243155], [15.558066900000002, 47.8242375], [15.557703399999998, 47.824245399999995], [15.5572963, 47.8244818], [15.5570483, 47.82441819999999], [15.556769799999998, 47.8245556], [15.5566916, 47.824335399999995], [15.5568444, 47.8241751], [15.555936099999998, 47.82415029999999], [15.5554388, 47.82442410000001], [15.5549365, 47.82449549999999], [15.5547694, 47.82436189999999], [15.5546804, 47.824135500000004], [15.5537927, 47.82388749999999], [15.553292399999998, 47.8235235], [15.552923, 47.82414350000001], [15.552594200000001, 47.82451650000001], [15.5524939, 47.82453890000001], [15.5525811, 47.8249379], [15.551645899999999, 47.8254275], [15.551418299999998, 47.82545369999999], [15.5514612, 47.8253006], [15.5517015, 47.8252298], [15.5518073, 47.824899099999996], [15.5516919, 47.8246433], [15.5516271, 47.823899300000015], [15.551965500000001, 47.823618700000004], [15.5518502, 47.8235916], [15.551614099999998, 47.82364749999999], [15.5515417, 47.823579], [15.551389600000002, 47.82264099999999], [15.551233557055793, 47.82258947557077], [15.551212772439355, 47.82258947557077], [15.551247800000002, 47.8226665], [15.551343299999997, 47.8230397], [15.5511313, 47.82305319999999], [15.551018699999998, 47.82288749999999], [15.551008, 47.822763200000004], [15.551115383355933, 47.82258947557077], [15.550945460889933, 47.82258947557077], [15.550906000000001, 47.82288930000001], [15.551045500000003, 47.8232837], [15.551193, 47.8238222], [15.5511823, 47.82424719999999], [15.551321799999998, 47.82450649999999], [15.5512333, 47.82459469999999], [15.5512386, 47.82477479999999], [15.551316400000001, 47.8249063], [15.550742400000003, 47.825605], [15.5508122, 47.8258103], [15.550602900000001, 47.826714300000006], [15.5507826, 47.82738779999999], [15.550763900000002, 47.8276759], [15.5506915, 47.8278776], [15.550761200000002, 47.82814050000001], [15.550629799999998, 47.8284232], [15.550479600000001, 47.82845019999999], [15.5504286, 47.82858339999999], [15.550289100000002, 47.828714899999994], [15.550219400000001, 47.8287113], [15.549849199999999, 47.82912900000001], [15.5495649, 47.8293901], [15.5492806, 47.82958279999998], [15.5491706, 47.8295954], [15.5490902, 47.8297071], [15.5489829, 47.8297197], [15.548910500000002, 47.8300132], [15.5486557, 47.830461500000006], [15.5486127, 47.83072260000001], [15.548648099999998, 47.83096690000001], [15.5487791, 47.83142290000001], [15.548776399999998, 47.8317346], [15.5486288, 47.83275729999999], [15.5486637, 47.83318220000001], [15.548757600000002, 47.833515299999995], [15.5489319, 47.8338484], [15.548934600000003, 47.83397269999999], [15.5493745, 47.8347091], [15.5494657, 47.835043999999996], [15.5493933, 47.8353878], [15.549409400000002, 47.8355697], [15.5493316, 47.835901], [15.549200099999998, 47.8374493], [15.5495274, 47.8379985], [15.5499726, 47.8385854], [15.549986000000002, 47.8389743], [15.5499351, 47.83931270000001], [15.5497741, 47.839629599999995], [15.5496427, 47.8397754], [15.549404, 47.83994100000001], [15.5490473, 47.8405153], [15.548838000000002, 47.8409366], [15.5487817, 47.841233599999995], [15.548738800000002, 47.84190869999999], [15.548910500000002, 47.84235700000001], [15.5493262, 47.84292769999999], [15.549747300000002, 47.8432967], [15.5503186, 47.84362250000001], [15.551826, 47.84424], [15.5526441, 47.84470799999998], [15.553776000000001, 47.845636899999995], [15.554747, 47.8462723], [15.5548435, 47.8464271], [15.554615499999999, 47.8466882], [15.554755, 47.8469258], [15.5549508, 47.84688619999999], [15.5554416, 47.8474352], [15.5553263, 47.84778980000001], [15.555379473275773, 47.84784573239286], [15.555379473275773, 47.84791017212223], [15.555440734225392, 47.84791017212223], [15.555462806609107, 47.84793338982359], [15.555462806609107, 47.84799350545556], [15.55536133789688, 47.84799350545556], [15.555503865341771, 47.848198403862995], [15.555562441243946, 47.84819263703017], [15.555597889242238, 47.84819043707661], [15.555633483765073, 47.848190787988216], [15.555668820848831, 47.848193685782476], [15.555759820472568, 47.84820448573839], [15.555798295603283, 47.84821065183458], [15.55583541893445, 47.84821983475183], [15.556017693035427, 47.84827336205984], [15.556088099999998, 47.84834599999999], [15.5573246, 47.84862499999999], [15.5580675, 47.8488356], [15.558429600000002, 47.8490516], [15.5587676, 47.8492766], [15.558860035266955, 47.84921053004648], [15.55899775340202, 47.849323969146326], [15.559018539135769, 47.84934305810213], [15.559198017589349, 47.84952750684395], [15.559346899999998, 47.84951600000001], [15.559874100000002, 47.850026], [15.5605039, 47.849955699999995], [15.5612433, 47.85026659999999], [15.5615973, 47.8504754], [15.561541000000002, 47.8505798], [15.5619806, 47.85087609999999], [15.562082400000001, 47.850797499999985], [15.5626031, 47.8509596], [15.562783100000003, 47.851162300000006], [15.5635854, 47.851513], [15.5634937, 47.8516079], [15.563901100000002, 47.8518064], [15.564123799999999, 47.8519823], [15.566768599999998, 47.8519189], [15.5667811, 47.851788], [15.56786, 47.8517851], [15.5680319, 47.852125], [15.56804613994244, 47.852125187384104], [15.56804613994244, 47.85208666895361], [15.568049791838042, 47.852076838788896], [15.568379473275773, 47.852076838788896], [15.568379473275773, 47.852129573733784], [15.568462806609107, 47.8521306703212], [15.568462806609107, 47.852076838788896], [15.56854613994244, 47.852076838788896], [15.56854613994244, 47.85213176690862], [15.568629473275774, 47.85213286349604], [15.568629473275774, 47.852076838788896], [15.568962806609107, 47.852076838788896], [15.568962806609107, 47.85213724984572], [15.569171799999998, 47.85214], [15.569846, 47.8523596], [15.569891800000002, 47.85251749999999], [15.5707578, 47.8526934], [15.571988199999998, 47.853293099999995], [15.572166000000001, 47.85310739999999], [15.571846399999998, 47.852832699999986], [15.5713504, 47.85240629999999], [15.571469499999997, 47.8521864], [15.5718822, 47.8521286], [15.572450900000002, 47.85215199999999], [15.5730323, 47.8522011], [15.5730477, 47.85180009999999], [15.5731147, 47.851765900000004], [15.573366800000002, 47.851886500000006], [15.5734527, 47.8518739], [15.5735251, 47.8519459], [15.5736619, 47.8519657], [15.5735359, 47.8521187], [15.573549300000002, 47.8522501], [15.573449999999998, 47.85229150000001], [15.573377600000002, 47.8524517], [15.573592200000002, 47.852554299999994], [15.573699499999998, 47.852685699999995], [15.573790700000002, 47.85270010000001], [15.573841600000002, 47.8526515], [15.5739704, 47.852687499999995], [15.5739704, 47.852730699999995], [15.5737638, 47.85282599999999], [15.573779900000002, 47.85286200000001], [15.5739543, 47.85286740000001], [15.5740428, 47.85292499999999], [15.5742466, 47.8529754], [15.574490399999998, 47.8532391], [15.5746061, 47.85328679999999], [15.574541700000001, 47.85338759999999], [15.575405400000001, 47.8536522], [15.5758855, 47.8533516], [15.576352199999999, 47.85322740000001], [15.576462806609106, 47.85316581951838], [15.576462806609106, 47.853238262745066], [15.576469983514514, 47.85323514875675], [15.576543966929105, 47.853120633325304], [15.5767143, 47.85302579999999], [15.5767518, 47.8530978], [15.576864500000001, 47.8527253], [15.576840299999999, 47.85250930000001], [15.576754499999998, 47.852494899999996], [15.576405799999998, 47.852363499999996], [15.5763736, 47.8522033], [15.576140300000002, 47.8520233], [15.5758077, 47.851873899999994], [15.575644100000002, 47.8517281], [15.575593099999999, 47.85160030000001], [15.575442899999999, 47.85155889999999], [15.575536800000002, 47.851692099999994], [15.575445600000002, 47.8518829], [15.575096899999998, 47.85178749999999], [15.574421, 47.851503099999995], [15.5743512, 47.8513465], [15.5743459, 47.8510964], [15.5742386, 47.85104419999998], [15.5740964, 47.8510748], [15.574091100000002, 47.8511953], [15.573672600000002, 47.8513681], [15.5738282, 47.85147250000001], [15.573798700000001, 47.85156969999999], [15.573549300000002, 47.8514941], [15.573507000000001, 47.85159639999999], [15.574501499999998, 47.8521196], [15.5745602, 47.8522088], [15.574372000000002, 47.852276999999994], [15.573939700000002, 47.8520513], [15.5736022, 47.85187109999999], [15.573507700000002, 47.851853199999994], [15.573294900000002, 47.85175699999999], [15.572943100000002, 47.85166689999999], [15.5726507, 47.85163810000001], [15.572390499999997, 47.85163450000001], [15.5709073, 47.8516111], [15.5707034, 47.8515211], [15.570574700000002, 47.85154810000001], [15.570572000000002, 47.8514725], [15.570722200000002, 47.8514059], [15.570775799999998, 47.851267299999996], [15.5708348, 47.85122409999999], [15.5708046, 47.8511364], [15.570486200000001, 47.85099019999999], [15.570396299999999, 47.850887099999994], [15.570127900000001, 47.850988599999994], [15.5700892, 47.8507382], [15.569965800000002, 47.85036920000001], [15.569874599999999, 47.85028820000001], [15.569985499999998, 47.85009769999999], [15.569861200000002, 47.849960599999996], [15.569566200000002, 47.84988320000001], [15.5693543, 47.8499624], [15.5691157, 47.84990390000001], [15.568521199999998, 47.84959859999999], [15.568329700000001, 47.84943139999999], [15.567792200000001, 47.8490787], [15.567299900000002, 47.848995800000004], [15.567224900000001, 47.84892709999999], [15.5673453, 47.848857200000005], [15.5673802, 47.848706], [15.567358, 47.848619], [15.567134399999999, 47.84839530000001], [15.5672112, 47.84820740000001], [15.567506500000002, 47.848194899999996], [15.5671388, 47.848076], [15.566781900000002, 47.8479156], [15.567259500000002, 47.847982699999996], [15.567287599999998, 47.8479216], [15.567423200000002, 47.84779819999999], [15.567524999999998, 47.8478528], [15.5675411, 47.8476602], [15.5674173, 47.847642199999996], [15.5675896, 47.847202], [15.5677959, 47.847536], [15.5678495, 47.847347], [15.5681285, 47.8473434], [15.5680802, 47.847573800000006], [15.5678925, 47.84764220000001], [15.5681634, 47.847908600000004], [15.5687052, 47.848247], [15.5691343, 47.848340599999986], [15.569284600000001, 47.848540400000005], [15.5695232, 47.84876], [15.5700355, 47.8489616], [15.570330599999998, 47.8488248], [15.5703896, 47.848734799999995], [15.570081099999998, 47.8486412], [15.569976500000001, 47.84857459999999], [15.569987300000001, 47.84849539999999], [15.5701241, 47.8485116], [15.569973899999999, 47.84818219999999], [15.569963099999999, 47.848067], [15.5699899, 47.84797520000001], [15.5699068, 47.8478618], [15.569880000000001, 47.84741000000001], [15.570121400000001, 47.84711659999999], [15.5703091, 47.8471094], [15.5704888, 47.84699059999999], [15.5705425, 47.84680519999999], [15.5706927, 47.84675299999999], [15.5707195, 47.8465729], [15.5710065, 47.8466666], [15.5710065, 47.846978], [15.571381999999998, 47.84726239999999], [15.571526900000002, 47.847545], [15.5713927, 47.847752], [15.571489299999998, 47.84790679999999], [15.5719158, 47.84793019999999], [15.572175900000001, 47.8478888], [15.572226899999999, 47.8481012], [15.571722700000002, 47.84855120000001], [15.571575099999999, 47.848599799999995], [15.5716744, 47.84875099999999], [15.5714544, 47.8487096], [15.571441, 47.8488392], [15.571285500000002, 47.848740199999995], [15.571326899999999, 47.8488957], [15.5721947, 47.84914700000001], [15.5731576, 47.84933599999999], [15.573629700000001, 47.849550199999996], [15.574309100000002, 47.8497012], [15.574526454715459, 47.84991017212223], [15.57454613994244, 47.84991017212223], [15.57454613994244, 47.84992909816048], [15.5745658, 47.849948000000005], [15.57458497854449, 47.849993505455565], [15.574629473275774, 47.849993505455565], [15.574629473275774, 47.85009907931798], [15.57465522120094, 47.85016017212223], [15.574712806609107, 47.85016017212223], [15.574712806609107, 47.850243505455566], [15.574696929266619, 47.850243505455566], [15.574775000000002, 47.850371], [15.5749762, 47.8506356], [15.5752015, 47.8505384], [15.575442899999999, 47.850527599999985], [15.575783500000002, 47.85049879999999], [15.5755234, 47.85067339999999], [15.575341000000002, 47.850739999999995], [15.5753437, 47.8508138], [15.5759311, 47.8506572], [15.5759928, 47.8506914], [15.576247600000002, 47.8505528], [15.5762744, 47.8502702], [15.5763146, 47.850239599999995], [15.5764139, 47.850259400000006], [15.5766633, 47.850056], [15.5766687, 47.8498778], [15.5767599, 47.849778799999996], [15.576725, 47.849759], [15.576853700000001, 47.849582600000005], [15.576891300000002, 47.84940259999999], [15.5773714, 47.8489616], [15.577341900000002, 47.8488212], [15.5767277, 47.848618699999996], [15.576527900000002, 47.84868529999999], [15.575991000000002, 47.849172900000006], [15.5757353, 47.849716099999995], [15.5756145, 47.84974820000001], [15.575445600000002, 47.8495592], [15.5754751, 47.8493828], [15.575289999999999, 47.8494962], [15.575142500000002, 47.8493144], [15.5750674, 47.84906060000001], [15.5752015, 47.848831999999994], [15.5754214, 47.8487348], [15.575644, 47.848720400000005], [15.575923, 47.8484936], [15.5760652, 47.84847559999999], [15.576341399999999, 47.848336999999994], [15.5764192, 47.84812459999999], [15.5761376, 47.84825060000001], [15.5755984, 47.8477052], [15.575703099999998, 47.84756299999999], [15.5759203, 47.8474784], [15.576218300000003, 47.84744010000001], [15.5763571, 47.84734149999999], [15.576645699999998, 47.8470025], [15.5770002, 47.84693079999999], [15.5774197, 47.846716999999984], [15.5775303, 47.84636089999999], [15.5773097, 47.84616609999999], [15.5772131, 47.8460455], [15.576993200000002, 47.8460869], [15.5766338, 47.84611209999999], [15.576545300000001, 47.84597349999999], [15.576711599999998, 47.84588709999999], [15.5775082, 47.844362399999994], [15.577698600000002, 47.8443984], [15.5779212, 47.8445532], [15.578538100000001, 47.844594599999986], [15.578919, 47.8444092], [15.57908, 47.844252600000004], [15.579434, 47.8441626], [15.579487600000002, 47.844225599999994], [15.579206000000001, 47.8443516], [15.57897, 47.8445856], [15.579061199999998, 47.8446216], [15.5793509, 47.8445352], [15.579849699999999, 47.844443399999996], [15.580198399999999, 47.8442202], [15.5805632, 47.8441284], [15.580697300000002, 47.8442022], [15.5803862, 47.84436959999999], [15.5805739, 47.84448479999999], [15.581059400000001, 47.8442364], [15.581574399999997, 47.8438674], [15.581864099999999, 47.843813399999995], [15.5821994, 47.8435811], [15.582354900000002, 47.8431185], [15.582210100000001, 47.84302850000001], [15.581968700000001, 47.8431311], [15.5815342, 47.843095100000006], [15.5814832, 47.8430195], [15.581314199999998, 47.8430177], [15.5810433, 47.8426792], [15.581113100000001, 47.8424758], [15.581282, 47.84258739999999], [15.581512700000001, 47.842853899999994], [15.581963299999998, 47.842805199999994], [15.581743400000002, 47.842481199999995], [15.581743400000002, 47.84232819999998], [15.581673700000001, 47.84226880000001], [15.581451000000001, 47.842252599999995], [15.5813464, 47.8421536], [15.581217700000002, 47.841915900000004], [15.5812955, 47.841836699999995], [15.5816039, 47.84198429999999], [15.581762200000002, 47.84216980000001], [15.582872599999998, 47.84212480000001], [15.583135500000001, 47.84217879999999], [15.5834949, 47.84218779999999], [15.5837872, 47.8422688], [15.5839991, 47.84217879999999], [15.584177700000001, 47.842014400000004], [15.584120700000001, 47.8416766], [15.5842836, 47.841361899999995], [15.584570800000002, 47.84138080000001], [15.5847033, 47.84149419999999], [15.584867900000003, 47.8415372], [15.5850224, 47.841491100000006], [15.5851192, 47.841273199999996], [15.584949, 47.84106739999999], [15.585159600000003, 47.8408213], [15.585458200000001, 47.840734999999995], [15.585576300000001, 47.840789], [15.5855977, 47.8414065], [15.585654, 47.841586500000005], [15.585627200000001, 47.841977100000015], [15.585833800000001, 47.8425748], [15.5856085, 47.8427818], [15.5857908, 47.843062700000004], [15.5856675, 47.8431617], [15.585420700000002, 47.8436909], [15.5851981, 47.843835], [15.585171300000003, 47.8440348], [15.585031800000001, 47.84409960000001], [15.5849319, 47.8442515], [15.5847421, 47.8441662], [15.5839857, 47.84351629999999], [15.584058100000002, 47.84367829999999], [15.5845517, 47.8441302], [15.584857400000002, 47.84432099999999], [15.584819900000001, 47.8444956], [15.584388, 47.844753000000004], [15.5835405, 47.8450537], [15.583363400000001, 47.84502489999999], [15.583312500000002, 47.8448862], [15.582623199999999, 47.8451401], [15.5824408, 47.84542449999999], [15.582076, 47.845613499999985], [15.581877499999997, 47.845899700000004], [15.5816495, 47.8459807], [15.5813786, 47.84577009999999], [15.5810755, 47.8457503], [15.5809977, 47.8456189], [15.5807402, 47.845701700000006], [15.580673199999998, 47.8458331], [15.580700000000002, 47.84611929999999], [15.5806169, 47.84629389999999], [15.5803835, 47.84625969999999], [15.5802682, 47.8461409], [15.5800804, 47.8461031], [15.5798026, 47.8462448], [15.5795999, 47.8464666], [15.579203300000001, 47.84658919999999], [15.578237999999999, 47.847100999999995], [15.577795, 47.8476354], [15.577704, 47.847693500000005], [15.577721500000003, 47.8477695], [15.577602700000002, 47.847829399999995], [15.5774364, 47.8478969], [15.5772212, 47.848060199999985], [15.5767142, 47.8484508], [15.576651200000002, 47.8485503], [15.577191700000002, 47.84861599999999], [15.577500099999998, 47.84856380000001], [15.577805900000001, 47.8484378], [15.5780956, 47.8484108], [15.5784918, 47.84821919999999], [15.578706300000002, 47.8478075], [15.579575700000001, 47.847105600000006], [15.5808341, 47.8470302], [15.580960200000002, 47.8471346], [15.5814778, 47.84713099999999], [15.581660199999998, 47.84725699999999], [15.581920399999998, 47.8472354], [15.582003600000002, 47.84731730000001], [15.5819526, 47.84746040000001], [15.582023700000002, 47.847487399999984], [15.581968700000001, 47.847662899999996], [15.581826600000001, 47.84774660000001], [15.5816227, 47.847879799999994], [15.580675899999997, 47.84825420000001], [15.580641, 47.84835319999999], [15.581172099999998, 47.8481678], [15.581652200000002, 47.847959], [15.581872200000001, 47.84782940000001], [15.582073299999998, 47.847631400000004], [15.582073299999998, 47.84757200000001], [15.5822342, 47.847235399999995], [15.5822879, 47.84711209999999], [15.5823578, 47.847241499999996], [15.582518600000002, 47.8470068], [15.582760000000002, 47.84684120000001], [15.583865000000001, 47.8466108], [15.5843028, 47.8464216], [15.584134600000002, 47.8463767], [15.583798, 47.8465315], [15.5830497, 47.846645], [15.582617800000001, 47.8467764], [15.582371100000001, 47.846987], [15.5823523, 47.8469204], [15.5826125, 47.8466684], [15.582725100000001, 47.8463659], [15.5830979, 47.8462867], [15.583419800000001, 47.846099499999994], [15.5837792, 47.8458097], [15.584516800000001, 47.84550369999999], [15.5849969, 47.84509510000001], [15.585377800000002, 47.84492230000001], [15.585527999999998, 47.844767399999995], [15.585742599999998, 47.8442886], [15.586375600000002, 47.8433309], [15.5864239, 47.8429745], [15.586724300000002, 47.8424344], [15.586472100000002, 47.842416400000005], [15.5863595, 47.8422328], [15.5863649, 47.84160989999999], [15.5861503, 47.8407746], [15.586021500000001, 47.839442299999995], [15.5861449, 47.83873299999998], [15.585997500000001, 47.83882], [15.586002799999997, 47.83894190000001], [15.585982291587179, 47.83899350545556], [15.585860536820974, 47.83899350545556], [15.585876700000002, 47.8388914], [15.585699699999997, 47.838751], [15.585029099999998, 47.83861780000001], [15.5845624, 47.8386862], [15.5836827, 47.8389455], [15.5833608, 47.838945499999994], [15.582073299999998, 47.838689800000004], [15.58092, 47.838516999999996], [15.58088, 47.8386228], [15.5812767, 47.83877979999999], [15.5815315, 47.838849999999994], [15.581574399999997, 47.8389779], [15.5815423, 47.839067899999996], [15.5812526, 47.8391111], [15.581212806609107, 47.83917560978274], [15.581212806609107, 47.839160172122234], [15.581129473275773, 47.839160172122234], [15.581129473275773, 47.83924350545556], [15.580962806609106, 47.83924350545556], [15.580962806609106, 47.839160172122234], [15.580879473275774, 47.839160172122234], [15.580879473275774, 47.83924350545556], [15.58079613994244, 47.83924350545556], [15.58079613994244, 47.8393268387889], [15.580705374910746, 47.8393268387889], [15.580687900000001, 47.83935189999999], [15.580582, 47.839503599999986], [15.580582, 47.83965479999999], [15.580506900000001, 47.839762799999995], [15.5803353, 47.839557599999985], [15.579997300000002, 47.839384700000004], [15.579509100000001, 47.8392587], [15.579063900000001, 47.839327100000006], [15.580085800000003, 47.838371099999996], [15.579758600000002, 47.8382631], [15.5795252, 47.83825590000001], [15.579053200000002, 47.83829909999999], [15.5782914, 47.83847020000002], [15.5778676, 47.838733000000005], [15.577596699999999, 47.8387618], [15.5774331, 47.8389923], [15.577199800000002, 47.83919029999999], [15.5772614, 47.8392785], [15.57702, 47.839228099999985], [15.5769369, 47.8391489], [15.576907400000001, 47.83896889999999], [15.5770093, 47.8389022], [15.577012, 47.838634], [15.5771971, 47.83837290000001], [15.577655700000001, 47.8380039], [15.577290900000001, 47.83786339999999], [15.577181, 47.837904800000004], [15.577071, 47.8378562], [15.576969099999998, 47.83789039999999], [15.576987900000002, 47.83809389999999], [15.5764809, 47.8384918], [15.576298499999998, 47.838844599999995], [15.576344100000002, 47.8389581], [15.5761698, 47.83898329999999], [15.575944500000002, 47.838851799999986], [15.575644100000002, 47.83882119999999], [15.575016400000003, 47.8384378], [15.574732100000002, 47.83814610000001], [15.574938700000002, 47.838034500000006], [15.575150499999998, 47.83780939999999], [15.5751801, 47.83765639999999], [15.5750298, 47.83759700000001], [15.574820600000002, 47.83769059999999], [15.574517500000002, 47.83748179999999], [15.5741072, 47.83739529999999], [15.5735975, 47.837422299999986], [15.5733561, 47.83742049999999], [15.572921600000003, 47.8372621], [15.5728304, 47.8372045], [15.5726105, 47.83726750000001], [15.5723584, 47.837267499999996], [15.5713633, 47.837098299999994], [15.5713177, 47.8369884], [15.571481300000002, 47.836927200000005], [15.571435699999999, 47.8368336], [15.571264, 47.83682099999999], [15.5711675, 47.8366662], [15.571982900000002, 47.83657250000001], [15.5723315, 47.8366194], [15.572742300000002, 47.8366103], [15.573141600000001, 47.836475300000004], [15.573075900000001, 47.836314200000004], [15.572833099999999, 47.8362953], [15.5726507, 47.83601800000001], [15.572344999999999, 47.83590459999999], [15.572096499999999, 47.8356851], [15.572060600000002, 47.83528700000001], [15.5723148, 47.83518240000001], [15.5725059, 47.8353752], [15.572828000000001, 47.83550309999998], [15.5732676, 47.83539509999999], [15.574083000000002, 47.835537299999984], [15.5742279, 47.8353572], [15.5742171, 47.8349827], [15.5744424, 47.8347991], [15.574725, 47.8355601], [15.574904200000002, 47.835663600000004], [15.5752203, 47.83561649999999], [15.575638699999999, 47.8357894], [15.576308399999998, 47.8358954], [15.576445500000002, 47.83561139999999], [15.576639200000002, 47.83548869999999], [15.5773124, 47.83561470000001], [15.577991000000003, 47.8355715], [15.5799356, 47.8362305], [15.579651300000002, 47.8366698], [15.5798417, 47.83670759999999], [15.5799965, 47.8365148], [15.581870800000003, 47.83692690000001], [15.5828914, 47.836986599999996], [15.5832079, 47.83712710000001], [15.5837608, 47.8371409], [15.584656300000002, 47.836857000000016], [15.5849621, 47.83691099999999], [15.5853765, 47.8367486], [15.585469000000002, 47.8358506], [15.5859464, 47.835856], [15.585377800000002, 47.83576589999999], [15.5853921, 47.8352459], [15.5849487, 47.8349647], [15.584777, 47.83496830000001], [15.584316800000002, 47.834796199999985], [15.584608, 47.8345092], [15.5848521, 47.8344426], [15.5852115, 47.834174299999994], [15.5855575, 47.83413109999999], [15.5858568, 47.83398429999999], [15.585925, 47.8338826], [15.585780100000001, 47.83377459999999], [15.585527999999998, 47.833771], [15.5852759, 47.833652199999996], [15.585136399999998, 47.8333785], [15.584752500000002, 47.83328130000001], [15.584433699999998, 47.83330110000001], [15.584121900000001, 47.8334811], [15.584034, 47.8336216], [15.583422200000001, 47.8336211], [15.5835351, 47.8333533], [15.583479999999998, 47.83318130000001], [15.5828941, 47.833211], [15.5828056, 47.833338899999994], [15.582614199999998, 47.8333273], [15.5819446, 47.83358020000001], [15.5819285, 47.833699], [15.5818373, 47.8337872], [15.581807800000002, 47.8339997], [15.5814427, 47.8339185], [15.581378, 47.8339951], [15.580852900000002, 47.83377459999999], [15.5811238, 47.8335585], [15.5811253, 47.83329669999999], [15.5814296, 47.83323799999999], [15.581362500000001, 47.8330508], [15.5818981, 47.8322974], [15.5818346, 47.83218289999999], [15.581572299999998, 47.8320551], [15.581405500000002, 47.832127099999994], [15.581394700000002, 47.832233300000006], [15.5811319, 47.8323702], [15.5804989, 47.83243680000001], [15.580356, 47.8328879], [15.579909700000002, 47.8323554], [15.5794823, 47.83235400000001], [15.5793187, 47.8325106], [15.5791658, 47.83237559999999], [15.578757199999998, 47.8324189], [15.5785825, 47.832308], [15.578801199999997, 47.83201689999999], [15.578661600000002, 47.83162110000001], [15.578497899999999, 47.831703999999995], [15.5784336, 47.831473499999994], [15.578414000000002, 47.8316534], [15.5779615, 47.831866], [15.577698600000002, 47.831939799999994], [15.5772424, 47.8322555], [15.576490100000001, 47.832282199999995], [15.5760303, 47.832188300000006], [15.575998100000001, 47.831862400000006], [15.5761805, 47.83163729999999], [15.57649, 47.83159849999999], [15.576787199999998, 47.83141330000001], [15.5771327, 47.830947699999996], [15.577360699999998, 47.83083249999999], [15.577717399999997, 47.83092609999999], [15.5777925, 47.830850500000004], [15.577712100000001, 47.83078749999999], [15.577642299999999, 47.8308469], [15.5774385, 47.8307965], [15.577425099999997, 47.8306452], [15.576644499999999, 47.8303517], [15.5762342, 47.8300456], [15.5762154, 47.8299285], [15.576596300000002, 47.830013199999996], [15.5773044, 47.8303463], [15.5776504, 47.8305174], [15.577755000000002, 47.83051379999999], [15.5778542, 47.830358899999986], [15.577983, 47.8302725], [15.577840800000002, 47.83021669999998], [15.577883600000002, 47.8300384], [15.5790056, 47.830089699999995], [15.5795708, 47.83050839999999], [15.580343800000001, 47.8308601], [15.580807600000002, 47.8308898], [15.5809844, 47.8302311], [15.5809361, 47.8301068], [15.581013900000002, 47.830014099999985], [15.5825454, 47.830663200000004], [15.584044600000002, 47.8313696], [15.585182000000001, 47.8315401], [15.585718100000001, 47.8318212], [15.5862603, 47.83202990000001], [15.586995300000002, 47.83196240000001], [15.587089100000002, 47.8317646], [15.586992500000001, 47.83156889999999], [15.586936200000002, 47.83113860000001], [15.586689400000001, 47.83101969999999], [15.586558, 47.83079649999999], [15.5866465, 47.830634399999994], [15.586653699999998, 47.830255999999984], [15.586397, 47.83018059999999], [15.586229799999998, 47.829757099999995], [15.585857900000002, 47.82939189999998], [15.585868700000002, 47.829029999999996], [15.5860162, 47.828904], [15.5858418, 47.82871310000001], [15.5856702, 47.82864019999999], [15.5853912, 47.828686100000006], [15.585082799999999, 47.8286501], [15.584878900000001, 47.82856000000001], [15.5848851, 47.8284705], [15.585005, 47.82828270000001], [15.584929899999999, 47.8280252], [15.584959900000001, 47.8277469], [15.5853215, 47.8276399], [15.5854236, 47.82748060000001], [15.585385899999999, 47.8266819], [15.5855012, 47.8266837], [15.5861235, 47.8270114], [15.586311200000003, 47.827211299999995], [15.5869603, 47.8277317], [15.587309, 47.8282701], [15.5875102, 47.8287329], [15.5874538, 47.8294154], [15.587638899999998, 47.82968730000001], [15.5877569, 47.8303283], [15.587925900000002, 47.8305444], [15.587990300000001, 47.8306776], [15.5879205, 47.8307694], [15.5877569, 47.8308487], [15.5875638, 47.83085770000001], [15.5873921, 47.8310954], [15.587378699999999, 47.831417699999996], [15.587220500000003, 47.83156889999999], [15.5871561, 47.83204969999999], [15.5873492, 47.832363], [15.587335799999998, 47.832672699999996], [15.5874673, 47.832773499999995], [15.587574499999999, 47.8327897], [15.587676500000002, 47.8327123], [15.5876738, 47.83250339999999], [15.587577200000002, 47.8320767], [15.5876496, 47.8317814], [15.5877784, 47.83147530000001], [15.5877623, 47.8313132], [15.5880198, 47.83111159999999], [15.5880681, 47.830922499999986], [15.5882129, 47.8308055], [15.588282600000001, 47.830627199999995], [15.58817, 47.8305246], [15.588035900000001, 47.830340899999996], [15.5878589, 47.83025270000001], [15.5878669, 47.8300078], [15.5878213, 47.82981329999999], [15.587681799999999, 47.829530600000005], [15.587738200000002, 47.829116400000004], [15.5877167, 47.82872749999999], [15.587638899999998, 47.8284772], [15.5873573, 47.82803959999999], [15.5872688, 47.8277551], [15.587043499999998, 47.82751379999999], [15.586786000000002, 47.827353499999994], [15.5866089, 47.8271609], [15.586448, 47.8270636], [15.5862817, 47.8268475], [15.5858204, 47.8266783], [15.5856085, 47.8265306], [15.585613799999999, 47.82638829999999], [15.585741, 47.82624189999999], [15.5856764, 47.826228], [15.585576300000001, 47.8263667], [15.585447500000003, 47.82638829999999], [15.5850264, 47.826206500000005], [15.584790399999997, 47.826037199999995], [15.5844632, 47.825930899999996], [15.5838436, 47.8258517], [15.583669200000001, 47.8257761], [15.5835405, 47.825846299999995], [15.5836719, 47.82592549999999], [15.584168100000001, 47.825995799999994], [15.584436400000001, 47.8260516], [15.5847153, 47.82620289999999], [15.5851954, 47.82642069999999], [15.5853, 47.8265396], [15.585241700000001, 47.82664719999999], [15.585174000000002, 47.8267719], [15.5849352, 47.826885299999994], [15.5848977, 47.82681329999998], [15.5849835, 47.826752100000014], [15.584975500000002, 47.82670350000001], [15.5847019, 47.8266963], [15.584394, 47.82663779999999], [15.583901, 47.8262897], [15.5838034, 47.8263397], [15.5834761, 47.82632890000001], [15.582988, 47.82616139999999], [15.582663500000002, 47.82609860000001], [15.582368400000002, 47.8261884], [15.581781000000001, 47.82615959999999], [15.581525000000001, 47.82622610000001], [15.581151799999999, 47.82618480000001], [15.581011200000003, 47.82601019999999], [15.580894900000002, 47.825958699999994], [15.580759, 47.825995799999994], [15.5807161, 47.826125399999995], [15.580700000000002, 47.826309099999996], [15.580603500000002, 47.8263829], [15.5801287, 47.826451399999996], [15.5799785, 47.8263775], [15.5800939, 47.8258895], [15.5800402, 47.82539609999999], [15.579831, 47.82541230000001], [15.5796164, 47.825226799999996], [15.5793858, 47.82526279999999], [15.5793348, 47.825126000000004], [15.5791336, 47.82505569999999], [15.5789056, 47.82530789999999], [15.578634700000002, 47.8251638], [15.5784067, 47.82506829999999], [15.578361200000002, 47.8249117], [15.578251200000002, 47.8250359], [15.578146600000002, 47.8248522], [15.577897100000001, 47.8248018], [15.577805900000001, 47.8249675], [15.577816700000001, 47.8250611], [15.5777657, 47.825081], [15.5776235, 47.8249585], [15.577637, 47.82471], [15.577513600000001, 47.82455329999999], [15.577516300000001, 47.82434080000001], [15.577690600000002, 47.82422919999999], [15.5779991, 47.8242184], [15.578168, 47.8242814], [15.5785811, 47.824274200000005], [15.5787742, 47.8243534], [15.5789888, 47.82471540000001], [15.5792811, 47.8248198], [15.579474300000001, 47.82484139999998], [15.580209199999999, 47.8246019], [15.580580100000002, 47.82456560000001], [15.580700000000002, 47.8244705], [15.580725, 47.82363389999999], [15.580592700000002, 47.823209899999995], [15.580412999999998, 47.8231937], [15.5805552, 47.8228929], [15.580407700000002, 47.8228515], [15.5803916, 47.822739799999994], [15.580470096893142, 47.82258947557077], [15.555702171642093, 47.82258947557077], [15.5558145, 47.822721800000004]], [[15.555519956766897, 47.84799350545556], [15.555524799999999, 47.847998600000004], [15.55554613994244, 47.848006311020214], [15.55554613994244, 47.8480768387889], [15.555462806609107, 47.8480768387889], [15.555462806609107, 47.84799350545556], [15.555519956766897, 47.84799350545556]], [[15.585253731438977, 47.8393268387889], [15.58541746095739, 47.8393268387889], [15.585474400000003, 47.83968719999999], [15.5855951, 47.83968719999999], [15.585712806609106, 47.83939778402431], [15.585712806609106, 47.839748692470366], [15.585629658776998, 47.840076838788896], [15.58554613994244, 47.840076838788896], [15.58554613994244, 47.84016017212223], [15.585462806609106, 47.84016017212223], [15.585462806609106, 47.84024350545557], [15.58529613994244, 47.84024350545557], [15.58529613994244, 47.84016017212223], [15.585285084833192, 47.84016017212223], [15.5853885, 47.83982759999999], [15.585253731438977, 47.8393268387889]], [[15.5729484, 47.84704279999999], [15.5734715, 47.8467962], [15.5739864, 47.84661080000001], [15.5743351, 47.8465207], [15.5748099, 47.8465874], [15.5748018, 47.846963599999995], [15.574694499999998, 47.847215600000006], [15.574410200000003, 47.8474568], [15.574394099999997, 47.847608], [15.5746168, 47.848048999999996], [15.5745041, 47.848301], [15.574230499999999, 47.8484882], [15.573994500000001, 47.8485602], [15.5739677, 47.848507999999995], [15.5740428, 47.84834059999999], [15.573838899999998, 47.848454], [15.573686, 47.84870059999999], [15.573686, 47.8488284], [15.5734875, 47.84881579999999], [15.5734178, 47.8489076], [15.573222, 47.8489004], [15.5731496, 47.84876179999999], [15.573039599999998, 47.848688], [15.572873300000001, 47.848706], [15.5728492, 47.84845940000001], [15.572758, 47.848290199999994], [15.572529999999999, 47.8481894], [15.5724951, 47.8481048], [15.572572899999999, 47.847960799999996], [15.572736499999998, 47.8473272], [15.5729484, 47.84704279999999]], [[15.561709999999998, 47.8490984], [15.561462, 47.84918329999999], [15.5604477, 47.84904720000001], [15.5603104, 47.8492601], [15.559685699999998, 47.8492171], [15.559545500000002, 47.84874919999999], [15.5591999, 47.84866660000001], [15.559178, 47.8482416], [15.558893299999998, 47.8478966], [15.5580677, 47.8473974], [15.5575793, 47.84765050000001], [15.5564444, 47.847563099999995], [15.556662499999998, 47.8473093], [15.558578899999999, 47.84665470000001], [15.5589442, 47.846355300000006], [15.5630173, 47.84769390000001], [15.562238599999999, 47.84892179999999], [15.5622759, 47.84921539999999], [15.5624342, 47.84931980000001], [15.5623671, 47.849416999999995], [15.562120399999998, 47.849381], [15.561709999999998, 47.8490984]], [[15.5572602, 47.8272653], [15.557311199999997, 47.827404000000016], [15.5573246, 47.82769569999999], [15.5572602, 47.828030599999984], [15.557013400000002, 47.8283115], [15.5568525, 47.82830969999999], [15.5570564, 47.8280774], [15.557147599999999, 47.8278073], [15.5571127, 47.8275732], [15.556981300000002, 47.8275156], [15.556874000000002, 47.82736979999999], [15.556756, 47.8274598], [15.5566487, 47.8271609], [15.5564153, 47.82724549999999], [15.556393900000002, 47.8270906], [15.556232900000001, 47.82720230000001], [15.5561176, 47.82717709999999], [15.556072000000002, 47.8274274], [15.5562007, 47.827522800000004], [15.5561444, 47.827751500000005], [15.555978099999999, 47.82771730000001], [15.555827899999999, 47.82789379999999], [15.5561498, 47.82789559999999], [15.5562732, 47.82797119999999], [15.556114900000003, 47.82806839999999], [15.5559003, 47.82802879999999], [15.555929800000001, 47.8281261], [15.5557823, 47.82813509999999], [15.5555516, 47.827951399999996], [15.555184200000001, 47.82815490000001], [15.5553478, 47.828194499999995], [15.5557126, 47.8283944], [15.5555168, 47.82858519999999], [15.555152, 47.82857980000001], [15.5549723, 47.82838], [15.554752300000002, 47.82836199999999], [15.554728200000001, 47.82847900000001], [15.554575300000002, 47.828552800000004], [15.554578000000001, 47.8286537], [15.5549267, 47.828842699999996], [15.5551225, 47.82878869999999], [15.555117100000002, 47.82900120000001], [15.5552083, 47.82909839999999], [15.5554068, 47.8289598], [15.555374600000002, 47.82888779999999], [15.555527500000002, 47.828925600000005], [15.555476500000001, 47.8291309], [15.555377300000002, 47.82919750000001], [15.555331700000002, 47.8293721], [15.555090299999998, 47.829352300000004], [15.5551681, 47.829190299999986], [15.554924000000002, 47.82895979999999], [15.5546129, 47.82883910000001], [15.5539557, 47.82871850000001], [15.5536205, 47.8287779], [15.5533871, 47.82887160000001], [15.553212800000003, 47.82905880000001], [15.552898900000002, 47.8290498], [15.552872099999998, 47.82885350000001], [15.5530009, 47.8285132], [15.5528124, 47.828402099999984], [15.5521962, 47.82869869999999], [15.551485499999998, 47.8288992], [15.5512843, 47.829013800000006], [15.551366399999997, 47.829308499999996], [15.5516275, 47.8295495], [15.5517456, 47.830087000000006], [15.551954800000003, 47.83029049999999], [15.552134299999999, 47.830613699999994], [15.553094700000003, 47.8308829], [15.553498299999998, 47.8309445], [15.5545422, 47.8306281], [15.5554038, 47.830736900000005], [15.5555972, 47.83038770000001], [15.5556731, 47.83006699999999], [15.556544099999998, 47.83050839999999], [15.5566235, 47.8306319], [15.5562523, 47.8308254], [15.556141699999998, 47.8310539], [15.556340000000002, 47.8312017], [15.5571181, 47.83151490000001], [15.5579478, 47.831713], [15.5581614, 47.83163009999999], [15.5585235, 47.831704], [15.5598454, 47.831283799999994], [15.5600076, 47.83031370000001], [15.5602992, 47.8304543], [15.560701499999999, 47.83051199999999], [15.561491, 47.830450400000004], [15.562712700000002, 47.830714], [15.5623491, 47.8310948], [15.5615625, 47.8312992], [15.5612862, 47.83189480000001], [15.560996500000002, 47.83193080000001], [15.5607712, 47.8322333], [15.5608195, 47.83244220000001], [15.5603827, 47.832943], [15.5604762, 47.8331876], [15.559971900000003, 47.8331012], [15.559741300000002, 47.83333889999999], [15.5594404, 47.8333794], [15.5589349, 47.833337099999994], [15.5586671, 47.83346900000001], [15.5592692, 47.83361260000001], [15.559141599999998, 47.8340244], [15.559430100000002, 47.8344876], [15.559591000000001, 47.834491199999995], [15.5597734, 47.834905299999996], [15.5600041, 47.834952099999995], [15.5604157, 47.83508880000001], [15.5606371, 47.835405900000005], [15.560588800000001, 47.835596699999996], [15.560390300000002, 47.83574070000001], [15.56019, 47.835559], [15.559596399999998, 47.835632700000005], [15.559381800000002, 47.835791199999996], [15.558815, 47.83574199999999], [15.5582931, 47.8355046], [15.558040700000001, 47.8356291], [15.5579962, 47.835306799999984], [15.5574131, 47.8356903], [15.5574131, 47.83585600000001], [15.557049000000001, 47.83588890000001], [15.556749800000002, 47.8354881], [15.556648, 47.83496099999999], [15.556928200000002, 47.834424999999996], [15.555746300000001, 47.8341311], [15.554690699999998, 47.83381239999999], [15.554580699999999, 47.8337152], [15.5546417, 47.8334762], [15.5543849, 47.83373679999999], [15.55435, 47.833999699999985], [15.554164900000002, 47.8343526], [15.5540496, 47.834770299999995], [15.553872600000002, 47.8348171], [15.5540094, 47.834309399999995], [15.554215900000003, 47.833893399999994], [15.554264500000002, 47.8337123], [15.553996, 47.8336576], [15.552713900000002, 47.833594600000005], [15.552483200000001, 47.833398300000006], [15.5521399, 47.83336769999999], [15.5517443, 47.8334494], [15.551649, 47.8333587], [15.5519816, 47.8332056], [15.551903800000002, 47.833183999999996], [15.551563200000002, 47.833237999999994], [15.5513409, 47.83310889999999], [15.5507142, 47.8334477], [15.550104100000002, 47.832591699999995], [15.5495274, 47.832081099999996], [15.5497286, 47.831732800000005], [15.5496722, 47.831457300000004], [15.550001499999999, 47.83069449999999], [15.551281400000002, 47.828458600000005], [15.5515337, 47.8283295], [15.551370100000002, 47.82818369999999], [15.5513808, 47.82798019999999], [15.551480100000001, 47.8278253], [15.5513352, 47.8276633], [15.5514854, 47.8276795], [15.551523400000002, 47.82754329999999], [15.551724099999998, 47.82745260000001], [15.5516324, 47.82738319999999], [15.551794000000001, 47.82730419999999], [15.552027199999998, 47.8272977], [15.5525932, 47.8272365], [15.552872099999998, 47.82700599999999], [15.5532101, 47.826980799999994], [15.553695599999998, 47.8270402], [15.553923500000002, 47.8272275], [15.5542669, 47.82726529999999], [15.5546477, 47.82715189999999], [15.554709400000002, 47.8272779], [15.5549535, 47.82731929999999], [15.5552593, 47.8273193], [15.555487300000001, 47.82726709999999], [15.5556294, 47.8270312], [15.5560425, 47.826952000000006], [15.556249, 47.82679530000001], [15.5569571, 47.826696299999995], [15.557619600000002, 47.826233499999994], [15.5577162, 47.82646939999999], [15.5570644, 47.82702579999999], [15.5572602, 47.8272653]], [[15.5534917, 47.8387042], [15.5540603, 47.8385962], [15.5542628, 47.838406499999984], [15.556298900000002, 47.8376944], [15.5570116, 47.8372649], [15.557069800000003, 47.8368744], [15.5572152, 47.8366206], [15.5578257, 47.836564399999986], [15.5586067, 47.83713970000001], [15.5588669, 47.837145099999994], [15.5587607, 47.8373783], [15.5583599, 47.837541200000004], [15.558440400000002, 47.83779680000001], [15.557895899999998, 47.837690599999995], [15.5577162, 47.83757359999999], [15.5574319, 47.8376708], [15.5575901, 47.837818399999996], [15.556670100000002, 47.8383135], [15.5561618, 47.838774], [15.5557858, 47.83895029999999], [15.555632099999999, 47.8389347], [15.5555624, 47.838786999999996], [15.555527500000002, 47.8390391], [15.555447, 47.8390787], [15.5553532, 47.838916600000005], [15.5550608, 47.839159699999996], [15.555194200000003, 47.839355499999996], [15.554924000000002, 47.839491], [15.5548144, 47.83967129999999], [15.554940099999998, 47.83982939999999], [15.554816700000002, 47.83994279999999], [15.5551037, 47.8401787], [15.5547121, 47.840072500000005], [15.554486800000001, 47.8401787], [15.554175700000002, 47.840628699999996], [15.5540365, 47.841496600000006], [15.5538431, 47.8415667], [15.553829700000001, 47.8417377], [15.5536205, 47.8416927], [15.553768, 47.8418673], [15.5536178, 47.8421662], [15.5535641, 47.84255139999999], [15.553483700000001, 47.842504599999984], [15.553470300000003, 47.84216980000001], [15.5533603, 47.8421086], [15.5533388, 47.84226699999999], [15.553368299999999, 47.84237679999999], [15.553110800000002, 47.842437999999994], [15.5532074, 47.8429331], [15.5530813, 47.8431239], [15.552807700000002, 47.843386699999996], [15.552552900000002, 47.8434947], [15.5521131, 47.8435163], [15.5518395, 47.8434677], [15.5515766, 47.8433183], [15.5514935, 47.8431509], [15.5515096, 47.842976300000004], [15.551455900000002, 47.8428389], [15.5509032, 47.84274129999999], [15.550725699999997, 47.842535199999986], [15.5501872, 47.8421644], [15.550059700000002, 47.8419799], [15.550219400000001, 47.8409078], [15.5506124, 47.839929899999994], [15.551415700000002, 47.839748400000005], [15.552070099999998, 47.8393631], [15.552568999999998, 47.839287500000005], [15.5534917, 47.8387042]], [[15.555290700000002, 47.8445411], [15.5566771, 47.844478699999996], [15.557373, 47.84354110000001], [15.5578852, 47.8435685], [15.558102399999997, 47.843727099999995], [15.557520600000002, 47.8442347], [15.5576277, 47.84426520000002], [15.5581534, 47.843849399999996], [15.558185600000002, 47.84410139999999], [15.557794000000001, 47.844425400000006], [15.558204200000002, 47.8446447], [15.5587859, 47.845692], [15.5585664, 47.8462147], [15.5586107, 47.846473], [15.558298199999998, 47.8465568], [15.5579281, 47.8464055], [15.5571963, 47.84626289999999], [15.556211700000002, 47.846440599999994], [15.5555405, 47.84623869999999], [15.5552954, 47.8458257], [15.555705100000003, 47.8457749], [15.555611099999998, 47.84560080000001], [15.555375, 47.84538330000001], [15.5550999, 47.8455294], [15.5548516, 47.845336299999985], [15.5545968, 47.8451779], [15.554430499999999, 47.845050099999995], [15.5543473, 47.8449367], [15.554114, 47.844384], [15.554232, 47.844275999999994], [15.5543849, 47.8443156], [15.554469200000002, 47.8445066], [15.554878400000002, 47.84453880000001], [15.554975000000002, 47.84468099999999], [15.5551869, 47.84468099999999], [15.555290700000002, 47.8445411]], [[15.557946900000001, 47.8479572], [15.558134599999999, 47.84818039999999], [15.558134599999999, 47.8485674], [15.5584753, 47.848871599999995], [15.558424300000002, 47.8489166], [15.557979000000001, 47.8486934], [15.5565602, 47.848353200000005], [15.556034399999998, 47.8481696], [15.557552600000001, 47.8477988], [15.557946900000001, 47.8479572]], [[15.5546075, 47.842564], [15.554918599999999, 47.84295649999999], [15.5550045, 47.8435397], [15.5547416, 47.8435397], [15.5548006, 47.844320999999994], [15.554688, 47.8442562], [15.5545995, 47.843997], [15.5543473, 47.8435505], [15.5539289, 47.8430033], [15.5540094, 47.8428881], [15.5546075, 47.842564]], [[15.5508792, 47.834707300000005], [15.550965099999999, 47.8346803], [15.550806800000002, 47.83491430000001], [15.550718300000002, 47.8352546], [15.550721000000001, 47.83562009999999], [15.550318700000002, 47.83585239999999], [15.550155000000002, 47.83605579999999], [15.5500934, 47.8362737], [15.550160400000001, 47.83662480000001], [15.5500478, 47.8366554], [15.5498841, 47.8363043], [15.5496776, 47.836277300000006], [15.549605200000002, 47.83595139999999], [15.5496186, 47.8357443], [15.549747300000002, 47.835474299999994], [15.549661500000001, 47.83537520000001], [15.5498332, 47.8353068], [15.550104100000002, 47.835319399999996], [15.5508792, 47.834707300000005]], [[15.5501363, 47.8294118], [15.5500987, 47.8295486], [15.549693700000002, 47.83009959999998], [15.5494148, 47.8302491], [15.5493504, 47.83031209999999], [15.5491331, 47.8304129], [15.549098300000002, 47.830512], [15.548803200000002, 47.830755], [15.5487362, 47.8307352], [15.5502865, 47.8289454], [15.5502838, 47.82911999999999], [15.5501336, 47.829276699999994], [15.5501363, 47.8294118]], [[15.574962806609106, 47.85041017212223], [15.574962806609106, 47.85049350545557], [15.574879473275773, 47.85049350545557], [15.574879473275773, 47.85041017212223], [15.574962806609106, 47.85041017212223]], [[15.5750728, 47.8528494], [15.5747589, 47.85304380000001], [15.5749413, 47.85282780000001], [15.574818, 47.85265869999999], [15.574943999999999, 47.85251469999999], [15.5754617, 47.852619099999984], [15.5754161, 47.85273249999999], [15.575542100000002, 47.85274330000001], [15.5756038, 47.853074400000004], [15.575249800000002, 47.852926800000006], [15.575145200000001, 47.852989799999996], [15.5750728, 47.8528494]], [[15.581333763239988, 47.83924350545556], [15.581212806609107, 47.83924350545556], [15.581212806609107, 47.83922023415745], [15.581333763239988, 47.83924350545556]]]}}, {"type": "Feature", "properties": {"klasse": "Wald"}, "geometry": {"type": "Polygon", "coordinates": [[[15.548635899999999, 47.8238777], [15.548706600000001, 47.82407969999999], [15.548563300000001, 47.8247472], [15.548189, 47.82549139999998], [15.5480361, 47.8257365], [15.5480307, 47.826262299999996], [15.5481327, 47.8263451], [15.5482829, 47.826294700000005], [15.5482292, 47.82659000000001], [15.5483303, 47.82662], [15.5484481, 47.8258833], [15.548695500000001, 47.825206900000005], [15.548861899999999, 47.82472369999999], [15.5488934, 47.8240895], [15.548699999999998, 47.82371500000001], [15.548635899999999, 47.8238777]]]}}, {"type": "Feature", "properties": {"klasse": "Wald"}, "geometry": {"type": "Polygon", "coordinates": [[[15.5464241, 47.8296819], [15.5459762, 47.82959539999999], [15.545697200000001, 47.829643999999995], [15.545603299999998, 47.829735899999996], [15.545933200000002, 47.8296675], [15.5463839, 47.829741299999995], [15.5469981, 47.82999519999999], [15.5473092, 47.830090600000005], [15.547606899999998, 47.8296837], [15.547547900000001, 47.82955579999999], [15.5474192, 47.82949459999998], [15.5473387, 47.82966019999999], [15.547097299999999, 47.829775500000004], [15.5464241, 47.8296819]]]}}, {"type": "Feature", "properties": {"klasse": "Wald"}, "geometry": {"type": "Polygon", "coordinates": [[[15.5481219, 47.8303589], [15.548368700000001, 47.8311062], [15.548408899999998, 47.83106839999999], [15.5482104, 47.830389499999995], [15.5481648, 47.829833099999995], [15.548100500000002, 47.8298745], [15.5480871, 47.830025799999994], [15.5481219, 47.8303589]]]}}, {"type": "Feature", "properties": {"klasse": "Wald"}, "geometry": {"type": "Polygon", "coordinates": [[[15.5483848, 47.831372699999996], [15.5483714, 47.8323414], [15.548400900000003, 47.832391799999996], [15.548459900000001, 47.832348599999996], [15.548502800000001, 47.831567099999994], [15.5483848, 47.831372699999996]]]}}, {"type": "Feature", "properties": {"klasse": "Wald"}, "geometry": {"type": "Polygon", "coordinates": [[[15.5557394, 47.83295000000001], [15.5562088, 47.833184], [15.556479700000002, 47.8331192], [15.556578900000002, 47.832899499999996], [15.5563697, 47.832699700000006], [15.555892299999998, 47.8321235], [15.555667, 47.83199030000001], [15.5559272, 47.8315815], [15.5560961, 47.8314897], [15.5562544, 47.831241199999994], [15.555983500000002, 47.83136729999999], [15.5557287, 47.831592300000004], [15.5556107, 47.83183180000001], [15.555396099999998, 47.83202809999999], [15.5552378, 47.8327411], [15.5551466, 47.83276270000001], [15.5550501, 47.83263850000001], [15.5550957, 47.832944600000005], [15.555323700000002, 47.8328419], [15.5557394, 47.83295000000001]]]}}, {"type": "Feature", "properties": {"klasse": "Wald"}, "geometry": {"type": "Polygon", "coordinates": [[[15.5488944, 47.834466], [15.5488729, 47.8345236], [15.5490956, 47.83528160000001], [15.5491438, 47.83536079999999], [15.5490714, 47.8348495], [15.5488944, 47.834466]]]}}, {"type": "Feature", "properties": {"klasse": "Wald"}, "geometry": {"type": "Polygon", "coordinates": [[[15.541641700000001, 47.8376114], [15.5412045, 47.8373899], [15.540745900000001, 47.8370227], [15.5406734, 47.837085699999996], [15.540946999999997, 47.83742049999999], [15.541188400000001, 47.8376582], [15.5413574, 47.837667200000006], [15.5421352, 47.837971499999995], [15.5427334, 47.83807590000001], [15.543004299999998, 47.8380453], [15.5423149, 47.83785259999999], [15.541918, 47.8376726], [15.541641700000001, 47.8376114]]]}}, {"type": "Feature", "properties": {"klasse": "Wald"}, "geometry": {"type": "Polygon", "coordinates": [[[15.543296599999998, 47.838021899999994], [15.5435514, 47.83829010000001], [15.5438036, 47.83854759999999], [15.543841100000002, 47.838693400000004], [15.5436051, 47.83869880000001], [15.542777099999999, 47.8384195], [15.5413232, 47.8381072], [15.5412515, 47.8381305], [15.541895200000003, 47.838352199999996], [15.5421392, 47.83853549999999], [15.5411146, 47.83880339999999], [15.540627800000001, 47.8389959], [15.5405608, 47.8391003], [15.540018900000002, 47.8390793], [15.539769500000002, 47.8392029], [15.539813800000001, 47.8393248], [15.5387851, 47.83991439999999], [15.5393538, 47.839780799999986], [15.5397869, 47.8396482], [15.5405071, 47.83932709999999], [15.5418643, 47.8389509], [15.5426234, 47.8388248], [15.543200099999998, 47.83882119999999], [15.543586300000001, 47.83886619999999], [15.544399, 47.8390877], [15.5452788, 47.8394477], [15.545555100000001, 47.83948199999999], [15.544783, 47.839139899999985], [15.5445612, 47.8389205], [15.5440997, 47.838495], [15.5438355, 47.83824210000001], [15.543245100000002, 47.8378308], [15.5428621, 47.8376906], [15.5428299, 47.8377212], [15.5428621, 47.837785999999994], [15.543296599999998, 47.838021899999994]]]}}, {"type": "Feature", "properties": {"klasse": "Wald"}, "geometry": {"type": "Polygon", "coordinates": [[[15.548508200000002, 47.84041630000001], [15.548559099999999, 47.840311899999996], [15.548765699999999, 47.839878], [15.548881, 47.839728599999994], [15.5490312, 47.83961339999999], [15.549192100000003, 47.83955039999999], [15.5494577, 47.839453099999986], [15.549522, 47.83922809999999], [15.549516700000002, 47.83896889999999], [15.5494764, 47.8387618], [15.549361099999999, 47.838464800000004], [15.5492967, 47.83839449999999], [15.5494416, 47.83876899999999], [15.5494899, 47.83905529999999], [15.549473800000001, 47.8392839], [15.5494443, 47.8393757], [15.5493155, 47.83942249999999], [15.5489266, 47.839507199999986], [15.548848800000002, 47.83959000000001], [15.5486342, 47.839865399999994], [15.5485269, 47.840175099999996], [15.548508200000002, 47.84041630000001]]]}}, {"type": "Feature", "properties": {"klasse": "Wald"}, "geometry": {"type": "Polygon", "coordinates": [[[15.5445144, 47.850423199999994], [15.5448255, 47.85047719999999], [15.545139300000002, 47.85034579999999], [15.545193, 47.85023060000001], [15.5450132, 47.8500236], [15.5446216, 47.85006680000001], [15.544790599999999, 47.8501874], [15.544447300000002, 47.85034759999999], [15.5445144, 47.850423199999994]]]}}, {"type": "Feature", "properties": {"klasse": "Wald"}, "geometry": {"type": "Polygon", "coordinates": [[[15.545083, 47.85218710000001], [15.545061499999997, 47.8520377], [15.5449247, 47.851951299999996], [15.5447182, 47.852089899999996], [15.5436695, 47.852181699999996], [15.543602400000001, 47.8522519], [15.542996200000001, 47.85240129999998], [15.542899700000001, 47.852568700000006], [15.5430257, 47.85256690000001], [15.5434146, 47.8524193], [15.543843800000001, 47.8523329], [15.544745, 47.8522465], [15.545083, 47.85218710000001]]]}}, {"type": "Feature", "properties": {"klasse": "Wald"}, "geometry": {"type": "Polygon", "coordinates": [[[15.541089200000002, 47.8528027], [15.541513, 47.8527343], [15.5422211, 47.85252369999999], [15.5425805, 47.8525129], [15.542693100000001, 47.8524031], [15.542905, 47.8523833], [15.543041800000001, 47.85227170000001], [15.542985500000002, 47.852185299999995], [15.542446400000001, 47.852183499999995], [15.541735599999999, 47.8523005], [15.541083800000001, 47.85262809999999], [15.5407968, 47.852646099999994], [15.5404562, 47.852781099999994], [15.540440100000001, 47.8528368], [15.540528600000002, 47.8528818], [15.540890699999999, 47.8527883], [15.541089200000002, 47.8528027]]]}}, {"type": "Feature", "properties": {"klasse": "Wald"}, "geometry": {"type": "Polygon", "coordinates": [[[15.5573098, 47.85290429999999], [15.5572978, 47.85300689999998], [15.557945500000002, 47.8530303], [15.5580246, 47.852979], [15.5581279, 47.8528332], [15.55779, 47.85274149999999], [15.5573983, 47.8527253], [15.5574104, 47.85280529999999], [15.5573098, 47.85290429999999]]]}}, {"type": "Feature", "properties": {"klasse": "Wald"}, "geometry": {"type": "Polygon", "coordinates": [[[15.5563027, 47.853094199999994], [15.557181099999998, 47.8530267], [15.5571852, 47.8530019], [15.556374100000001, 47.8530555], [15.5563027, 47.853094199999994]]]}}, {"type": "Feature", "properties": {"klasse": "Wald"}, "geometry": {"type": "Polygon", "coordinates": [[[15.558565100000001, 47.853455999999994], [15.5593979, 47.8535262], [15.5599008, 47.8535703], [15.559506600000002, 47.853495599999995], [15.558786400000002, 47.85343259999999], [15.558743500000002, 47.85337139999999], [15.558638900000002, 47.8532715], [15.558684500000002, 47.8531977], [15.558827999999998, 47.8531446], [15.5588148, 47.85310619999999], [15.5586308, 47.85309509999999], [15.558565100000001, 47.853455999999994]]]}}, {"type": "Feature", "properties": {"klasse": "Wald"}, "geometry": {"type": "Polygon", "coordinates": [[[15.5556179, 47.85363219999999], [15.5552396, 47.8537167], [15.555138300000001, 47.85376170000001], [15.5544351, 47.85407399999999], [15.554359400000001, 47.8542536], [15.5532941, 47.8546632], [15.5533178, 47.8549502], [15.5543284, 47.85590989999999], [15.5550321, 47.85616829999999], [15.5553043, 47.85632619999999], [15.5550453, 47.8564788], [15.5546567, 47.8565718], [15.5545018, 47.85645819999999], [15.5542018, 47.85646400000001], [15.5541039, 47.856333799999994], [15.5539194, 47.85633730000001], [15.5534537, 47.85624529999999], [15.5531771, 47.8562583], [15.553000099999998, 47.8561685], [15.5532434, 47.855915200000005], [15.553239699999999, 47.8558298], [15.552963900000002, 47.85585839999999], [15.553017900000002, 47.8557719], [15.552919, 47.855618400000004], [15.552548900000001, 47.85533019999999], [15.5518834, 47.85525460000001], [15.551902600000002, 47.8550629], [15.5516274, 47.8551071], [15.5516449, 47.855246599999994], [15.5513334, 47.85525259999999], [15.551393500000001, 47.8556385], [15.551229200000002, 47.85579069999999], [15.5510773, 47.855747], [15.551059200000001, 47.855592], [15.550943799999999, 47.855594200000006], [15.550811, 47.85545690000001], [15.550675200000002, 47.85552160000001], [15.5506261, 47.85545259999999], [15.550319600000002, 47.85557509999999], [15.549868, 47.8555449], [15.5479138, 47.856017599999994], [15.5478598, 47.8561041], [15.5474725, 47.856121400000006], [15.546941800000003, 47.8563411], [15.546528600000002, 47.8566219], [15.5463222, 47.856762200000006], [15.546000300000001, 47.85705740000001], [15.5456543, 47.85725709999999], [15.5448255, 47.85758469999999], [15.5446136, 47.85776640000001], [15.544524100000002, 47.858012200000005], [15.544010399999998, 47.8581748], [15.5439219, 47.8580708], [15.5432075, 47.8583453], [15.5433505, 47.858884599999996], [15.543223, 47.859056399999986], [15.542707300000002, 47.8590312], [15.542202599999998, 47.858977499999995], [15.541937, 47.8591081], [15.541465999999998, 47.8591637], [15.538660999999998, 47.85985989999999], [15.538401099999998, 47.8598594], [15.5374189, 47.86012749999999], [15.5372998, 47.86002810000001], [15.5374845, 47.85993239999999], [15.5371546, 47.859893400000004], [15.537227800000002, 47.860174300000004], [15.5368969, 47.860276899999995], [15.536829799999998, 47.86049109999999], [15.5367713, 47.860364499999996], [15.536527399999999, 47.860330299999994], [15.5361588, 47.8603529], [15.536337700000002, 47.8607613], [15.5367362, 47.8609013], [15.535908499999998, 47.86098710000001], [15.535847800000003, 47.8609183], [15.5357967, 47.8610747], [15.5354393, 47.8613612], [15.5357292, 47.8616665], [15.534753400000001, 47.86217010000001], [15.534614300000001, 47.86210890000001], [15.5346196, 47.861913], [15.5345164, 47.86193049999999], [15.5342288, 47.8616834], [15.534530800000002, 47.8614485], [15.5344804, 47.86134839999999], [15.5343189, 47.8613515], [15.534310400000003, 47.8611496], [15.534112699999998, 47.860973400000006], [15.533891600000002, 47.8606435], [15.5337333, 47.86088089999999], [15.533682200000001, 47.8607653], [15.5334515, 47.86076969999999], [15.5334, 47.8609184], [15.533600999999999, 47.86130299999999], [15.5334374, 47.8615315], [15.5335744, 47.8617697], [15.533435200000001, 47.86202879999999], [15.5336971, 47.86249000000001], [15.5334582, 47.86335089999999], [15.532449800000002, 47.86288269999999], [15.532541, 47.8627693], [15.5321912, 47.8626301], [15.532189600000002, 47.862529999999985], [15.532355899999999, 47.8623806], [15.532144000000002, 47.862360800000005], [15.5321387, 47.86222450000002], [15.532548100000001, 47.862171599999996], [15.531982300000001, 47.8619865], [15.5319852, 47.861869999999996], [15.531774300000002, 47.8617963], [15.531698400000002, 47.861914299999995], [15.5311706, 47.86126999999999], [15.5312228, 47.8610375], [15.5316535, 47.86057089999999], [15.530862899999999, 47.860166400000004], [15.530473, 47.860345300000006], [15.5302718, 47.8603874], [15.530533800000002, 47.86007779999999], [15.5303606, 47.8600283], [15.5302053, 47.8601789], [15.530077100000002, 47.86015019999999], [15.529987700000001, 47.8602219], [15.5299349, 47.86034459999999], [15.529975099999998, 47.86053940000001], [15.5297601, 47.860575799999985], [15.5296487, 47.8606712], [15.5294417, 47.8606907], [15.5283989, 47.8603298], [15.5272582, 47.86011059999999], [15.5261352, 47.8600387], [15.5253446, 47.859906099999996], [15.524868700000003, 47.86039690000001], [15.5246844, 47.860408099999994], [15.5242266, 47.8602303], [15.5240773, 47.8602487], [15.523979700000002, 47.8601008], [15.523750400000003, 47.86017770000001], [15.522446699999998, 47.8596347], [15.5221276, 47.85973400000001], [15.5218595, 47.859397200000004], [15.521852600000003, 47.859139199999994], [15.5212627, 47.85892419999998], [15.521189899999998, 47.8589776], [15.5213017, 47.8590794], [15.5210584, 47.8591342], [15.5209865, 47.8593013], [15.520345, 47.859377099999996], [15.5203081, 47.8592444], [15.5185824, 47.8588921], [15.5183947, 47.85929770000001], [15.516567600000002, 47.8587515], [15.516196999999998, 47.8589994], [15.515664899999999, 47.8586986], [15.5150895, 47.85846870000001], [15.5145624, 47.85833509999999], [15.514377199999998, 47.8582145], [15.514349300000001, 47.858436000000005], [15.5140868, 47.858510900000006], [15.5139241, 47.8587626], [15.513532999999999, 47.859073], [15.513320800000002, 47.858968299999994], [15.512966400000002, 47.85905270000001], [15.5128257, 47.8590009], [15.5129704, 47.8585942], [15.512703700000001, 47.85856809999999], [15.512569699999998, 47.85839970000001], [15.5127815, 47.858217], [15.512865400000003, 47.85801339999999], [15.5128448, 47.857796199999996], [15.5120027, 47.8574628], [15.5117658, 47.857516800000006], [15.511337500000002, 47.857366199999994], [15.511297, 47.8571568], [15.511060800000001, 47.857099500000004], [15.511120700000001, 47.857236], [15.511129699999998, 47.8579218], [15.5099399, 47.85790539999999], [15.5094543, 47.85761149999999], [15.5093048, 47.85735019999999], [15.508902600000003, 47.8571169], [15.5088151, 47.8569554], [15.5086792, 47.85702009999999], [15.508000700000002, 47.85680750000001], [15.507446299999998, 47.8565227], [15.506606300000001, 47.856313199999995], [15.5063102, 47.856132299999985], [15.5060678, 47.855857099999994], [15.5060251, 47.8556469], [15.5062431, 47.85544079999999], [15.506330399999998, 47.8551694], [15.506163900000002, 47.8550848], [15.5060003, 47.8550659], [15.505724900000002, 47.8547256], [15.5058128, 47.854607], [15.505991100000001, 47.85464659999999], [15.506166499999999, 47.854619799999995], [15.506268700000001, 47.85454130000001], [15.5064887, 47.854589], [15.506579899999998, 47.85466819999999], [15.5067274, 47.85472399999999], [15.506590599999997, 47.854562900000005], [15.506418900000002, 47.854499], [15.5061943, 47.8544561], [15.5058473, 47.854439400000004], [15.50504613994244, 47.85476879831761], [15.50504613994244, 47.87441017212223], [15.567674723466258, 47.87441017212223], [15.5678013, 47.8742598], [15.567618900000001, 47.87426159999999], [15.5676913, 47.8740961], [15.567677899999998, 47.873964699999995], [15.5674955, 47.87400070000002], [15.5675304, 47.87378659999999], [15.5674338, 47.873653499999996], [15.567278300000002, 47.8736481], [15.5670583, 47.873903600000006], [15.567128100000001, 47.8740745], [15.5669457, 47.87415539999999], [15.5666345, 47.87406730000001], [15.566318, 47.8743839], [15.566216099999998, 47.8742436], [15.5665433, 47.8739917], [15.5661464, 47.87411399999999], [15.566106099999999, 47.874024099999986], [15.5663422, 47.87387300000001], [15.5660418, 47.87375420000001], [15.5657896, 47.873567099999995], [15.565913000000002, 47.8734124], [15.565711900000002, 47.873058], [15.5655295, 47.8730616], [15.5653685, 47.87288159999999], [15.5654329, 47.8727143], [15.5653417, 47.8725974], [15.5653846, 47.872557799999996], [15.565462400000001, 47.872543400000005], [15.5657467, 47.87219069999999], [15.5659023, 47.872172799999994], [15.5661383, 47.872045], [15.566438700000003, 47.871983799999995], [15.566707, 47.872018000000004], [15.5670583, 47.8722339], [15.567189799999998, 47.8723707], [15.567369500000002, 47.8724013], [15.5674794, 47.87256499999998], [15.5677503, 47.8725434], [15.5680346, 47.8727251], [15.568091, 47.8729518], [15.568426199999998, 47.8732253], [15.568611300000002, 47.87328639999999], [15.569188, 47.8737164], [15.5692604, 47.87394129999999], [15.569568900000002, 47.87399709999999], [15.5694616, 47.8740943], [15.5689654, 47.87404750000002], [15.568632800000001, 47.87429759999999], [15.56872602107292, 47.87441017212223], [15.583727942490658, 47.87441017212223], [15.583798, 47.874220199999996], [15.584068900000002, 47.8740025], [15.5840823, 47.873696599999995], [15.583875800000001, 47.8737758], [15.583878499999999, 47.8735329], [15.584111800000002, 47.8735275], [15.5845544, 47.8736247], [15.585222199999999, 47.873855], [15.5851954, 47.87407629999999], [15.585090186135819, 47.87441017212223], [15.59905599263664, 47.87441017212223], [15.599267375398174, 47.87441017212223], [15.599441064587422, 47.87441017212223], [15.599566700000002, 47.8743623], [15.599606806413135, 47.874236184495764], [15.599615781713581, 47.87422670927597], [15.599699149419962, 47.87413425651843], [15.599698263252463, 47.874106720707545], [15.599697468569786, 47.874083471866484], [15.59969765076029, 47.87407836584895], [15.5998135, 47.8740421], [15.599665900000002, 47.87389460000001], [15.599472800000001, 47.8735275], [15.5991939, 47.8735491], [15.5990356, 47.87304539999999], [15.598877400000001, 47.8727773], [15.598574300000001, 47.87236529999999], [15.5981478, 47.8719497], [15.597820599999999, 47.871685199999995], [15.597712806609106, 47.87161462230483], [15.597712806609106, 47.871590703809964], [15.59762121226311, 47.87149350545557], [15.59754613994244, 47.87149350545557], [15.59754613994244, 47.871413839992044], [15.597542683545067, 47.87141017212223], [15.597462806609107, 47.87141017212223], [15.597462806609107, 47.871326838788896], [15.59729613994244, 47.871326838788896], [15.59729613994244, 47.87124350545557], [15.597212806609107, 47.87124350545557], [15.597212806609107, 47.871170408438765], [15.597193970382046, 47.87116017212223], [15.59701286484266, 47.87116017212223], [15.596962806609106, 47.87113522400583], [15.596962806609106, 47.8710768387889], [15.596845657050459, 47.8710768387889], [15.59679613994244, 47.87105216035966], [15.59679613994244, 47.870993505455566], [15.596712806609107, 47.870993505455566], [15.596712806609107, 47.87091017212223], [15.596629473275772, 47.87091017212223], [15.596629473275772, 47.87083970544509], [15.5965975, 47.8708197], [15.596521, 47.8707514], [15.596270299999999, 47.8705867], [15.596053, 47.87047520000001], [15.595859899999999, 47.870319599999995], [15.595256400000002, 47.8697294], [15.595176398353397, 47.86966017212223], [15.595129473275774, 47.86966017212223], [15.595129473275774, 47.869619566413775], [15.595080096052957, 47.8695768387889], [15.59504613994244, 47.8695768387889], [15.59504613994244, 47.86954745552533], [15.595006900000001, 47.86951349999999], [15.594978226852756, 47.869493505455566], [15.594962806609107, 47.869493505455566], [15.594962806609107, 47.869482752511566], [15.594879473275773, 47.86942464197277], [15.594879473275773, 47.869493505455566], [15.59479865110308, 47.869493505455566], [15.59454613994244, 47.869328023069215], [15.59454613994244, 47.8693268387889], [15.594544332837742, 47.8693268387889], [15.594462806609107, 47.869273410834154], [15.594462806609107, 47.869160172122236], [15.594379473275774, 47.869160172122236], [15.594379473275774, 47.869095287413444], [15.594349202365906, 47.8690768387889], [15.594212806609107, 47.8690768387889], [15.594212806609107, 47.86899350545556], [15.594129473275773, 47.86899350545556], [15.594129473275773, 47.86893649693173], [15.594089811198662, 47.868910172122234], [15.593962806609106, 47.868910172122234], [15.593962806609106, 47.868823677041206], [15.593767799999998, 47.8686822], [15.59374629220985, 47.86866017212223], [15.593712806609107, 47.86866017212223], [15.593712806609107, 47.86862587679412], [15.593664926412174, 47.8685768387889], [15.59354613994244, 47.8685768387889], [15.59354613994244, 47.86849350545557], [15.593462806609107, 47.86849350545557], [15.593462806609107, 47.86841017212223], [15.593389213463453, 47.86841017212223], [15.593440500000002, 47.86848249999999], [15.5936927, 47.868741599999986], [15.593204799999999, 47.86850369999999], [15.591976500000001, 47.86759560000001], [15.591663200000001, 47.867581399999985], [15.5911103, 47.86715779999999], [15.589912899999998, 47.8665229], [15.589617400000002, 47.8662212], [15.5896667, 47.866159499999995], [15.5901575, 47.86612530000001], [15.5902728, 47.86604440000001], [15.590286300000002, 47.8659112], [15.5902004, 47.866003], [15.590031399999999, 47.8660551], [15.589865100000003, 47.866029999999995], [15.5896747, 47.8659202], [15.589449400000001, 47.8658536], [15.589344800000001, 47.8658608], [15.589146300000001, 47.8656935], [15.588985400000002, 47.86569889999999], [15.588843200000001, 47.86574569999999], [15.588575000000002, 47.86570789999998], [15.588339000000001, 47.8655909], [15.5881271, 47.8653984], [15.588180699999999, 47.86523640000001], [15.588347, 47.8652184], [15.5884972, 47.865272399999995], [15.5885991, 47.8652346], [15.588550900000001, 47.8651518], [15.588422100000003, 47.865105099999994], [15.588379473275774, 47.86510050244385], [15.588379473275774, 47.8650768387889], [15.588629473275773, 47.8650768387889], [15.588629473275773, 47.86516017212223], [15.588694172024626, 47.86516017212223], [15.5886877, 47.865202199999985], [15.588701099999998, 47.865311999999996], [15.588843200000001, 47.865412799999994], [15.589095400000001, 47.86547929999999], [15.5895862, 47.865682699999994], [15.589617183854669, 47.86566017212223], [15.589962806609106, 47.86566017212223], [15.589962806609106, 47.86574350545556], [15.59004613994244, 47.86574350545556], [15.59004613994244, 47.865813428077196], [15.5900583, 47.8658158], [15.5901856, 47.8658185], [15.590378799999998, 47.86582929999999], [15.590592000000001, 47.8657474], [15.5904686, 47.8656395], [15.5905732, 47.86546669999999], [15.5906913, 47.8654272], [15.5910265, 47.865403799999996], [15.591141900000002, 47.865452299999994], [15.5911821, 47.86525079999999], [15.5911618, 47.865140999999994], [15.591335000000003, 47.865141], [15.591314688417155, 47.86541017212223], [15.591379473275774, 47.86541017212223], [15.591379473275774, 47.86524350545557], [15.591462806609107, 47.86524350545557], [15.591462806609107, 47.86516017212223], [15.591379473275774, 47.86516017212223], [15.591379473275774, 47.864700767104075], [15.5914208, 47.8646714], [15.591364499999997, 47.864554399999996], [15.591149900000001, 47.864512999999995], [15.590881700000002, 47.864676800000005], [15.590742200000001, 47.86484409999999], [15.5907664, 47.8650241], [15.5907261, 47.8650925], [15.5905277, 47.86517340000001], [15.590248699999998, 47.8651716], [15.5900019, 47.8650583], [15.589798100000001, 47.8648909], [15.5896318, 47.8646642], [15.589393099999999, 47.86406499999998], [15.5892697, 47.864095600000006], [15.5892026, 47.864383499999995], [15.5894253, 47.86471819999999], [15.5893716, 47.864777600000004], [15.588950900000002, 47.8648611], [15.58895376269832, 47.8648268387889], [15.58879613994244, 47.8648268387889], [15.58879613994244, 47.86491017212223], [15.58854613994244, 47.86491017212223], [15.58854613994244, 47.8648268387889], [15.588462806609106, 47.8648268387889], [15.588462806609106, 47.864743505455564], [15.58829613994244, 47.864743505455564], [15.58829613994244, 47.864660172122235], [15.58729613994244, 47.864660172122235], [15.58729613994244, 47.864743505455564], [15.586962806609106, 47.864743505455564], [15.586962806609106, 47.8648268387889], [15.58679613994244, 47.8648268387889], [15.58679613994244, 47.8651066405352], [15.586793999999998, 47.8651123], [15.58679613994244, 47.86512167527792], [15.58679613994244, 47.86524350545557], [15.58682394813865, 47.86524350545557], [15.586828900000002, 47.8652652], [15.586973700000001, 47.865385800000006], [15.587121200000002, 47.8654901], [15.587129473275773, 47.86549248669976], [15.587129473275773, 47.86549350545557], [15.587133004699336, 47.86549350545557], [15.587389499999999, 47.86556749999999], [15.587428152209638, 47.8655768387889], [15.58722710472429, 47.8655768387889], [15.5869603, 47.86549189999999], [15.5867913, 47.8653678], [15.5866116, 47.8651123], [15.586525800000002, 47.8651141], [15.586429200000001, 47.86516079999999], [15.586372900000002, 47.86524539999999], [15.586389, 47.8653408], [15.5864692, 47.86551039999999], [15.585505499999998, 47.86511879999998], [15.585182000000001, 47.864905300000004], [15.585117600000002, 47.8646732], [15.584978200000002, 47.8646156], [15.5847877, 47.8647326], [15.584672400000002, 47.864752], [15.5841258, 47.86444040000001], [15.5846348, 47.8638148], [15.5853309, 47.86321619999999], [15.585521700000001, 47.86316089999999], [15.586357400000002, 47.863361700000006], [15.587271599999998, 47.8635136], [15.587347948523087, 47.863493505455565], [15.587462806609107, 47.863493505455565], [15.587462806609107, 47.86346327538929], [15.5875558, 47.86343879999999], [15.58761051748129, 47.86341017212223], [15.587712806609106, 47.86341017212223], [15.587712806609106, 47.863356655027175], [15.5878964, 47.8632606], [15.588119000000003, 47.86318320000001], [15.5882424, 47.86311299999999], [15.588446300000001, 47.86309140000001], [15.5883497, 47.86297989999999], [15.5883926, 47.86287369999999], [15.588355099999998, 47.86276929999999], [15.5882132, 47.8626716], [15.5880627, 47.8627405], [15.5872795, 47.8627765], [15.587239300000002, 47.86270820000001], [15.5868128, 47.8627333], [15.585738200000002, 47.862427999999994], [15.585574500000002, 47.862385599999996], [15.585618964605358, 47.862326838788896], [15.585462806609106, 47.862326838788896], [15.585462806609106, 47.86224350545557], [15.58504613994244, 47.86224350545557], [15.58504613994244, 47.86216017212223], [15.584962806609107, 47.86216017212223], [15.584962806609107, 47.8620768387889], [15.584712806609106, 47.8620768387889], [15.584712806609106, 47.861993505455565], [15.584629473275774, 47.861993505455565], [15.584629473275774, 47.861660172122235], [15.58454613994244, 47.861660172122235], [15.58454613994244, 47.86157850519942], [15.584542161153282, 47.8615768387889], [15.584317230065782, 47.8615768387889], [15.584283500000002, 47.861648200000005], [15.58415, 47.861740399999995], [15.583286599999997, 47.861344599999995], [15.583362, 47.86125510000001], [15.582962900000002, 47.861120400000004], [15.582375199999998, 47.8610572], [15.5816262, 47.860759599999994], [15.5814856, 47.86083960000001], [15.5810844, 47.8608244], [15.5812464, 47.86060410000001], [15.5808114, 47.8603309], [15.580744300000001, 47.8602418], [15.5807738, 47.8601609], [15.580257500000002, 47.859952099999994], [15.580101900000003, 47.859854], [15.5797237, 47.8597092], [15.579152400000002, 47.85958949999999], [15.578669599999998, 47.85956430000001], [15.5781493, 47.8593951], [15.577907900000001, 47.859382499999995], [15.577384800000003, 47.85922599999999], [15.577138100000003, 47.85930329999999], [15.5769154, 47.859159399999996], [15.5765694, 47.85920979999999], [15.576094700000002, 47.859141399999984], [15.5759069, 47.85936269999999], [15.575740600000001, 47.859233199999984], [15.575718800000002, 47.8593131], [15.5755582, 47.859335699999995], [15.5755475, 47.85913060000001], [15.575854799999998, 47.8588154], [15.575652100000001, 47.8586969], [15.575622900000003, 47.85854509999999], [15.5749004, 47.85819599999999], [15.5746731, 47.85805619999999], [15.574445099999998, 47.857861799999995], [15.5740052, 47.8575721], [15.573541200000001, 47.8573867], [15.572854599999998, 47.8570358], [15.572052599999997, 47.85667399999999], [15.571792399999998, 47.8566362], [15.571583200000001, 47.856557], [15.5715081, 47.85666320000001], [15.57161, 47.85678199999999], [15.571489299999998, 47.856906200000005], [15.571205, 47.8569062], [15.570939500000001, 47.856999800000004], [15.5710858, 47.8571154], [15.570850999999998, 47.85719139999999], [15.570417599999999, 47.85747589999999], [15.5706255, 47.857512], [15.5703763, 47.857951699999994], [15.5700427, 47.858048799999985], [15.5698787, 47.8584422], [15.569741900000002, 47.8584395], [15.569865899999998, 47.858116300000006], [15.569741200000001, 47.8580942], [15.569446800000001, 47.85795449999999], [15.5691837, 47.857852300000005], [15.569011500000002, 47.8578033], [15.568839100000002, 47.85777579999999], [15.568842, 47.8577065], [15.5686672, 47.85769859999999], [15.5686195, 47.8577613], [15.5683364, 47.857617999999995], [15.568272, 47.857526199999995], [15.5681902, 47.8574794], [15.568227799999999, 47.8574182], [15.568146000000002, 47.857408299999996], [15.5680118, 47.857547800000006], [15.5677611, 47.8574677], [15.5677932, 47.857208500000006], [15.5675411, 47.857267900000004], [15.5672407, 47.85712929999999], [15.5670758, 47.85715720000001], [15.5669805, 47.85706280000001], [15.5662939, 47.856736099999985], [15.5661839, 47.856884599999994], [15.566040399999999, 47.85683509999999], [15.5655321, 47.85644719999999], [15.5654114, 47.8565282], [15.5652425, 47.8565228], [15.565157800000001, 47.85676860000001], [15.5649958, 47.8566657], [15.564450299999999, 47.85637719999999], [15.5642688, 47.8563141], [15.563850400000002, 47.8562421], [15.5638346, 47.85617469999999], [15.563949599999999, 47.8560828], [15.564105200000002, 47.8559901], [15.5643164, 47.85588679999999], [15.564525799999998, 47.8559506], [15.564616700000002, 47.85594119999999], [15.5645346, 47.85587159999999], [15.564242, 47.855710200000004], [15.564909600000002, 47.8555762], [15.564682100000002, 47.85555230000001], [15.5643708, 47.8554815], [15.564359800000002, 47.85538309999999], [15.564264299999998, 47.85532580000001], [15.564197600000002, 47.85537099999999], [15.564124099999999, 47.8555253], [15.5640199, 47.8555322], [15.563870500000002, 47.855456499999995], [15.563529499999998, 47.85522159999999], [15.561760500000002, 47.8544845], [15.5615414, 47.8543144], [15.56158491816215, 47.85427354664334], [15.561104194615407, 47.853930944999405], [15.560871592993328, 47.85380223170604], [15.560710772324454, 47.85374350545557], [15.560655450549577, 47.85374350545557], [15.5605245, 47.8539047], [15.5601342, 47.853852], [15.560312599999998, 47.8539905], [15.560454700000001, 47.8540337], [15.560658599999998, 47.854163299999996], [15.5602948, 47.8542253], [15.560098000000002, 47.8539416], [15.559888699999998, 47.8539068], [15.559663499999997, 47.8542425], [15.5593792, 47.85434329999998], [15.559127000000002, 47.85431809999999], [15.559030500000002, 47.854354099999995], [15.559019700000002, 47.8542893], [15.559102900000001, 47.85423529999999], [15.5590707, 47.8541939], [15.558866800000002, 47.85423289999999], [15.5588558, 47.85377909999998], [15.558336, 47.8537736], [15.558280600000002, 47.8538387], [15.558378700000002, 47.8539671], [15.5582204, 47.85400490000001], [15.558118500000003, 47.85392939999999], [15.5579925, 47.854084099999994], [15.557643800000001, 47.85413989999999], [15.5576491, 47.854204700000004], [15.5570567, 47.8542667], [15.556983, 47.85403459999999], [15.556719800000002, 47.85431749999999], [15.5565356, 47.8543289], [15.556378, 47.8538812], [15.556165399999998, 47.8538519], [15.5561594, 47.8538114], [15.556088099999998, 47.85381780000001], [15.5560586, 47.85378180000001], [15.555849399999998, 47.8538061], [15.555810500000002, 47.8537395], [15.5556361, 47.853713400000004], [15.5556179, 47.85363219999999]], [[15.5605971, 47.8538617], [15.560688100000002, 47.853833399999985], [15.5607421, 47.853826600000005], [15.5607859, 47.85383680000001], [15.5608298, 47.853868500000004], [15.560845, 47.8539126], [15.5608399, 47.85394209999999], [15.560823, 47.853976], [15.5607944, 47.85400429999999], [15.560720200000002, 47.854019], [15.560659499999998, 47.8540134], [15.5605853, 47.85398729999999], [15.5605482, 47.8539613], [15.5605262, 47.8539319], [15.5605245, 47.8539047], [15.5605971, 47.8538617]], [[15.587899099999998, 47.8705876], [15.5881673, 47.870513899999985], [15.588293400000001, 47.87063260000001], [15.588309499999998, 47.8709241], [15.588135099999999, 47.87112379999999], [15.587362600000002, 47.8712102], [15.5865043, 47.87113639999999], [15.586222400000002, 47.8710723], [15.586029600000002, 47.87102849999999], [15.5858901, 47.87114719999999], [15.585734500000001, 47.871032099999994], [15.585734500000001, 47.8706902], [15.586520400000001, 47.87066140000001], [15.586579400000002, 47.87049050000001], [15.586351499999997, 47.87026379999999], [15.5864695, 47.87004070000001], [15.5874404, 47.87041490000001], [15.587775700000002, 47.8704149], [15.5877784, 47.87055169999999], [15.587899099999998, 47.8705876]], [[15.584326400000002, 47.86330199999998], [15.5844417, 47.86342080000001], [15.584221800000002, 47.86359350000001], [15.5840394, 47.86347829999999], [15.583913299999999, 47.8633344], [15.5841064, 47.8630087], [15.5842513, 47.86257679999999], [15.5845946, 47.862287099999996], [15.5848494, 47.8622133], [15.584817200000002, 47.8622709], [15.584876199999998, 47.86248319999999], [15.5846429, 47.8625858], [15.584219100000002, 47.8630375], [15.5843988, 47.86316879999999], [15.584326400000002, 47.86330199999998]], [[15.5808234, 47.8700821], [15.581241800000003, 47.870137799999995], [15.581432299999998, 47.8701306], [15.5818561, 47.870099999999994], [15.5823898, 47.870184599999995], [15.5826929, 47.8702818], [15.582918200000002, 47.87040770000001], [15.5826554, 47.870701], [15.58265, 47.8708629], [15.582325500000001, 47.8709349], [15.5816334, 47.8707388], [15.581110400000002, 47.8707172], [15.5808234, 47.87078019999999], [15.580418400000001, 47.870665], [15.5797935, 47.87039510000001], [15.5797854, 47.8702494], [15.580158200000001, 47.870224199999996], [15.580359399999999, 47.86998309999999], [15.5808234, 47.8700821]], [[15.5723691, 47.8724426], [15.5725166, 47.8723419], [15.5727527, 47.872063000000004], [15.5728948, 47.872068399999996], [15.5728653, 47.8718471], [15.5725917, 47.8715484], [15.5720901, 47.87098889999999], [15.5717897, 47.870701], [15.571349899999998, 47.8704491], [15.5703199, 47.87011439999999], [15.5701429, 47.8701252], [15.569987300000001, 47.87032680000001], [15.569670799999999, 47.87019359999999], [15.5700141, 47.86980139999999], [15.5700034, 47.869380299999996], [15.5704164, 47.8690025], [15.570631, 47.86902409999999], [15.571070900000002, 47.8689521], [15.5711192, 47.86903129999999], [15.5705881, 47.869182399999985], [15.5704701, 47.8697726], [15.5717629, 47.870028100000006], [15.572980600000001, 47.8705283], [15.5732113, 47.8707262], [15.5733669, 47.8714135], [15.573629700000001, 47.87153579999999], [15.5737102, 47.8718345], [15.5738121, 47.8716618], [15.574251999999998, 47.8720252], [15.574235900000001, 47.87214759999999], [15.5743754, 47.87229510000001], [15.574359299999998, 47.8724031], [15.5740267, 47.8723563], [15.5739596, 47.872253699999995], [15.5738202, 47.87218539999999], [15.573678, 47.8721854], [15.5738577, 47.87237429999999], [15.5739999, 47.8724426], [15.5742145, 47.872464199999996], [15.5743808, 47.87253439999999], [15.574707999999998, 47.8725308], [15.5750245, 47.872631500000004], [15.5750674, 47.87276289999999], [15.5750084, 47.8729194], [15.574799200000001, 47.873178499999995], [15.575190800000001, 47.87346999999999], [15.575445600000002, 47.873628299999986], [15.575649399999998, 47.87359949999999], [15.5758318, 47.8733098], [15.576086600000002, 47.87359229999999], [15.5757621, 47.873891], [15.575292700000002, 47.87372359999999], [15.5748287, 47.873478999999996], [15.5744773, 47.873352999999994], [15.5738711, 47.8731425], [15.573141600000001, 47.87283670000001], [15.572924300000002, 47.872903199999996], [15.572758, 47.873063300000005], [15.5728492, 47.8727773], [15.5727553, 47.87271969999999], [15.572125000000002, 47.87274669999999], [15.5717441, 47.87285819999999], [15.571395500000001, 47.8727845], [15.5710682, 47.8728834], [15.570266199999999, 47.8727539], [15.5699551, 47.8726262], [15.569939899999998, 47.87273410000001], [15.5694727, 47.8724794], [15.5693754, 47.87182000000001], [15.5699958, 47.8710724], [15.5705559, 47.87130009999999], [15.5706096, 47.8716096], [15.5709073, 47.8714783], [15.5713177, 47.87165970000001], [15.5716583, 47.87184709999999], [15.5722135, 47.8723635], [15.5723691, 47.8724426]], [[15.5691208, 47.858539799999996], [15.569177300000002, 47.858729399999994], [15.5691667, 47.8588194], [15.569142, 47.8589521], [15.569067800000001, 47.859058799999985], [15.568726, 47.8593568], [15.568561600000002, 47.85937229999999], [15.568179200000001, 47.85863019999999], [15.568319000000002, 47.8585874], [15.5685152, 47.858658799999986], [15.568622900000001, 47.8585119], [15.568555999999997, 47.858351500000005], [15.5681743, 47.8579261], [15.5681884, 47.85787150000001], [15.5683332, 47.857850199999994], [15.569152400000002, 47.85825770000001], [15.5691208, 47.858539799999996]], [[15.565449, 47.8572319], [15.565363200000002, 47.8571653], [15.565371199999998, 47.85710410000001], [15.565266600000001, 47.8570466], [15.565271999999998, 47.85685939999998], [15.5654839, 47.85683959999999], [15.5655992, 47.85675679999999], [15.566200000000002, 47.8569386], [15.566197300000002, 47.85700700000001], [15.566065900000002, 47.8570538], [15.566173199999998, 47.8573597], [15.566414600000002, 47.8573201], [15.5664897, 47.85740470000001], [15.566119500000001, 47.8575127], [15.565848600000002, 47.8573903], [15.5655804, 47.8571761], [15.565449, 47.8572319]], [[15.5541464, 47.8644513], [15.554444600000002, 47.864462], [15.554821399999998, 47.8645815], [15.554913000000003, 47.86478429999998], [15.5550932, 47.864933099999995], [15.5552078, 47.864963499999995], [15.5563784, 47.8651788], [15.557509800000002, 47.86591790000001], [15.557567, 47.8662285], [15.5579479, 47.86657129999999], [15.5587772, 47.866704799999994], [15.5589232, 47.8664328], [15.5611654, 47.86719], [15.562055099999998, 47.8668646], [15.562804299999998, 47.86694940000001], [15.5632864, 47.86689230000001], [15.5635366, 47.866978200000005], [15.5637699, 47.86716070000001], [15.563609000000001, 47.8674551], [15.5639822, 47.86740639999999], [15.5636412, 47.8676422], [15.563501700000002, 47.867568399999996], [15.563268399999998, 47.867690800000005], [15.563287100000002, 47.86785449999999], [15.562941100000002, 47.86780949999999], [15.562655600000001, 47.8679246], [15.5622063, 47.867885900000005], [15.562112400000002, 47.868159999999996], [15.5624905, 47.8684756], [15.5628581, 47.86854389999999], [15.5632344, 47.8683411], [15.5636355, 47.8685038], [15.5638407, 47.8683973], [15.5639826, 47.868415399999996], [15.5639819, 47.86874189999999], [15.5637933, 47.86882729999999], [15.563411800000003, 47.868849299999994], [15.5633317, 47.8689707], [15.5632563, 47.8692569], [15.563403700000002, 47.86932419999999], [15.563335199999997, 47.86937509999999], [15.5632247, 47.86937689999999], [15.563220200000002, 47.8696062], [15.5629685, 47.86962449999999], [15.562980000000001, 47.86930639999999], [15.561921800000002, 47.86900130000001], [15.560818200000002, 47.8688734], [15.5606693, 47.8690295], [15.560446700000002, 47.8692958], [15.560403800000001, 47.869468499999996], [15.5600068, 47.86994169999999], [15.5598421, 47.8698726], [15.559693, 47.869781599999996], [15.559395300000002, 47.8698014], [15.5594087, 47.869689799999996], [15.559194100000001, 47.8696034], [15.559027800000003, 47.869655599999994], [15.5587401, 47.869527899999994], [15.558343800000001, 47.8697258], [15.5580997, 47.86962859999999], [15.558125499999997, 47.8694442], [15.557869300000002, 47.8693332], [15.558072900000003, 47.868824399999994], [15.558287499999999, 47.868783], [15.558553, 47.8683745], [15.5587167, 47.8683961], [15.5589437, 47.868181799999995], [15.558974100000002, 47.86790669999999], [15.5591157, 47.86768740000001], [15.558799300000002, 47.86738410000001], [15.558804, 47.86703419999999], [15.558630200000001, 47.86689770000001], [15.5585664, 47.867311099999995], [15.5587032, 47.8676008], [15.5584828, 47.86770149999999], [15.5580193, 47.867653], [15.557839600000001, 47.86772679999999], [15.557558400000001, 47.867622099999984], [15.5565976, 47.8678405], [15.556249399999999, 47.86753], [15.555836000000001, 47.8675216], [15.5556793, 47.867606200000004], [15.555570400000002, 47.86729669999999], [15.5553268, 47.867193300000004], [15.5549847, 47.86732279999999], [15.554852599999998, 47.86752189999999], [15.555456200000002, 47.8676697], [15.5554363, 47.8678869], [15.5556215, 47.868137899999994], [15.5565134, 47.868134399999995], [15.5569035, 47.86803449999999], [15.557322699999999, 47.8682493], [15.5577467, 47.868780199999996], [15.5574721, 47.869371300000005], [15.5570906, 47.869576999999985], [15.556329500000002, 47.869297599999996], [15.555793, 47.869312], [15.5550392, 47.86906509999999], [15.555203, 47.868719], [15.554924000000002, 47.868732599999994], [15.5546902, 47.8689827], [15.5543554, 47.86878299999999], [15.554235299999998, 47.86851769999999], [15.5537599, 47.8686066], [15.553695599999998, 47.86844109999999], [15.5533147, 47.868750599999984], [15.5528909, 47.868660599999984], [15.552831900000001, 47.868469899999994], [15.5525583, 47.868762399999994], [15.552204200000002, 47.8685994], [15.5509214, 47.86833059999999], [15.5501689, 47.867147900000006], [15.550237999999998, 47.8667394], [15.550733300000001, 47.86656119999999], [15.5509691, 47.8663292], [15.551270900000002, 47.8663227], [15.5530131, 47.86517349999999], [15.5535289, 47.8652975], [15.553829, 47.86491550000001], [15.553933399999998, 47.864572800000005], [15.5541464, 47.8644513]], [[15.562567200000002, 47.85592319999999], [15.5625023, 47.85596960000001], [15.562424499999999, 47.8558971], [15.562443, 47.85579799999999], [15.562516200000001, 47.855705199999996], [15.562607899999998, 47.85570830000001], [15.562654100000001, 47.8555744], [15.5627641, 47.8554862], [15.562866, 47.85551319999998], [15.562992100000002, 47.8553926], [15.563053800000002, 47.8554556], [15.5633193, 47.85555459999999], [15.5633154, 47.85585429999999], [15.563522400000002, 47.85593479999999], [15.563522400000002, 47.8559725], [15.562567200000002, 47.85592319999999]], [[15.5303067, 47.86079159999999], [15.530255699999998, 47.860622500000005], [15.530151100000001, 47.86057569999999], [15.530202099999999, 47.8604425], [15.5306205, 47.860411899999995], [15.530899500000002, 47.86045149999999], [15.5311596, 47.8605865], [15.531301800000001, 47.860797], [15.5312401, 47.8609122], [15.5310121, 47.861112], [15.530797499999998, 47.861093999999994], [15.5306205, 47.8609968], [15.5303067, 47.86079159999999]], [[15.587640000598388, 47.86549350545557], [15.587712806609106, 47.86549350545557], [15.587712806609106, 47.865326838788896], [15.587629473275774, 47.865326838788896], [15.587629473275774, 47.86524350545557], [15.58779613994244, 47.86524350545557], [15.58779613994244, 47.865326838788896], [15.587879473275773, 47.865326838788896], [15.587879473275773, 47.8654697824627], [15.587756740860822, 47.86566017212223], [15.587629473275774, 47.86566017212223], [15.587629473275774, 47.8655768387889], [15.587628875667486, 47.8655768387889], [15.587640000598388, 47.86549350545557]], [[15.583712806609107, 47.86716017212223], [15.583712806609107, 47.8670768387889], [15.58379613994244, 47.8670768387889], [15.58379613994244, 47.86716017212223], [15.583879473275774, 47.86716017212223], [15.583879473275774, 47.86749350545556], [15.583629473275773, 47.86749350545556], [15.583629473275773, 47.86716017212223], [15.583712806609107, 47.86716017212223]]]}}, {"type": "Feature", "properties": {"klasse": "Wald"}, "geometry": {"type": "Polygon", "coordinates": [[[15.559300000000002, 47.85426859999999], [15.559383200000001, 47.8542596], [15.559423399999998, 47.853932999999984], [15.5594006, 47.85382500000001], [15.559349700000002, 47.8538142], [15.559369799999999, 47.853891599999976], [15.5593684, 47.85418129999999], [15.559300000000002, 47.85426859999999]]]}}, {"type": "Feature", "properties": {"klasse": "Wald"}, "geometry": {"type": "Polygon", "coordinates": [[[15.5523062, 47.8547105], [15.5523705, 47.854728499999986], [15.5525503, 47.8547051], [15.5528346, 47.85459529999999], [15.5529445, 47.8544657], [15.5527715, 47.854552999999996], [15.5524054, 47.8546295], [15.5523062, 47.8547105]]]}}, {"type": "Feature", "properties": {"klasse": "Wald"}, "geometry": {"type": "Polygon", "coordinates": [[[15.566404, 47.8550603], [15.566395, 47.855120799999995], [15.566246999999999, 47.855229699999995], [15.566068600000001, 47.855254900000006], [15.5660136, 47.855392599999995], [15.565824499999998, 47.8553962], [15.565782900000002, 47.85533410000001], [15.5656542, 47.8553764], [15.5655992, 47.855488], [15.565375200000002, 47.85561309999999], [15.565290700000002, 47.8556203], [15.5652264, 47.85556269999999], [15.565195499999998, 47.8555726], [15.565247800000002, 47.855724599999995], [15.5656716, 47.8556311], [15.5657025, 47.85570479999999], [15.5658071, 47.85568769999999], [15.5658634, 47.85562029999999], [15.566027000000002, 47.85548619999999], [15.566137, 47.85541690000001], [15.5662885, 47.855351199999994], [15.5665695, 47.8553013], [15.5665922, 47.85537970000001], [15.566709300000001, 47.8554516], [15.5666669, 47.855539300000004], [15.566785200000002, 47.85558579999999], [15.5673037, 47.855558200000004], [15.568764, 47.85535459999999], [15.5685414, 47.8549801], [15.568516600000002, 47.85475019999999], [15.5686699, 47.8546897], [15.5685602, 47.8545431], [15.568071900000001, 47.85463119999999], [15.5680456, 47.85462540000001], [15.5678289, 47.854577500000005], [15.5676787, 47.85463300000001], [15.567248100000002, 47.85468029999999], [15.5669265, 47.8546527], [15.5665415, 47.8546745], [15.566338400000001, 47.85473729999998], [15.566311999999998, 47.85471450000001], [15.566135, 47.85473970000001], [15.566002700000002, 47.8547337], [15.5655192, 47.85488190000001], [15.565522700000002, 47.8551292], [15.5652425, 47.85518869999999], [15.5652931, 47.85526049999999], [15.5655369, 47.85533], [15.565701100000002, 47.85531479999999], [15.5658136, 47.855221799999995], [15.565816800000002, 47.8550811], [15.5659251, 47.85492429999999], [15.5661491, 47.8549318], [15.5662939, 47.8549894], [15.5664175, 47.854936300000006], [15.5664288, 47.854978599999995], [15.566404, 47.8550603]]]}}, {"type": "Feature", "properties": {"klasse": "Wald"}, "geometry": {"type": "Polygon", "coordinates": [[[15.566196000000001, 47.8558029], [15.566175900000001, 47.855887499999994], [15.566519199999998, 47.856065699999995], [15.566720400000001, 47.8561161], [15.566816900000001, 47.85604049999999], [15.5672541, 47.8561719], [15.5672836, 47.856332099999996], [15.567109300000002, 47.8563663], [15.5670878, 47.85641660000001], [15.567374799999998, 47.856409500000005], [15.567517000000002, 47.856292499999995], [15.5678442, 47.85647960000001], [15.5679515, 47.856654199999994], [15.568174099999998, 47.856657799999994], [15.568517400000001, 47.85672259999999], [15.5685389, 47.85683959999999], [15.568416400000002, 47.856846999999995], [15.5682921, 47.85683539999999], [15.5680434, 47.85674959999999], [15.567577, 47.8565225], [15.567480699999999, 47.856573100000006], [15.5675436, 47.8566562], [15.568158200000001, 47.85719759999999], [15.568289000000002, 47.857227300000005], [15.5685979, 47.857251399999996], [15.568808000000002, 47.85723679999999], [15.568980000000002, 47.85716430000001], [15.5696353, 47.856509300000006], [15.5711894, 47.85612789999999], [15.5717066, 47.85616360000001], [15.571720800000001, 47.8559305], [15.571869499999998, 47.8557856], [15.571569, 47.8559354], [15.570922200000002, 47.85587039999999], [15.570505099999998, 47.8556264], [15.5710575, 47.855360399999995], [15.5707682, 47.8554469], [15.570341999999998, 47.855253699999984], [15.570650000000002, 47.85486540000001], [15.5708443, 47.854910000000004], [15.571025300000002, 47.854751900000004], [15.5712048, 47.8547735], [15.5714391, 47.8548821], [15.571615700000002, 47.8548908], [15.5712578, 47.85468070000001], [15.5711735, 47.85471559999998], [15.570535899999998, 47.8546017], [15.5705019, 47.854522100000004], [15.5695663, 47.854370200000005], [15.569413600000003, 47.854536599999996], [15.569574200000002, 47.8546061], [15.569696600000002, 47.85483679999999], [15.569616399999997, 47.855269], [15.5696874, 47.855418500000006], [15.5695984, 47.85563409999999], [15.569348100000001, 47.855811], [15.5691052, 47.85587449999999], [15.568767800000002, 47.85592960000001], [15.5686422, 47.8558445], [15.5687356, 47.8556022], [15.568681, 47.8556157], [15.568399300000001, 47.8558323], [15.568296400000001, 47.856017], [15.568609099999998, 47.85637929999999], [15.5684779, 47.8564471], [15.568434299999998, 47.85654439999999], [15.5683015, 47.856521900000004], [15.5682828, 47.8564112], [15.567374799999998, 47.8561413], [15.566884, 47.855971199999985], [15.566863899999998, 47.85587760000001], [15.566691599999999, 47.8557981], [15.566973699999998, 47.8557122], [15.5667355, 47.85565999999999], [15.566641200000001, 47.855662599999995], [15.5665326, 47.8556167], [15.566318, 47.85562840000001], [15.566193299999998, 47.85566260000001], [15.5658607, 47.8557471], [15.566196000000001, 47.8558029]]]}}, {"type": "Feature", "properties": {"klasse": "Wald"}, "geometry": {"type": "Polygon", "coordinates": [[[15.555581100000001, 47.86848789999999], [15.5557394, 47.8684447], [15.555640200000001, 47.86827920000001], [15.55549, 47.86818919999999], [15.555200299999997, 47.868209], [15.5551064, 47.868342099999985], [15.5551574, 47.8684267], [15.5554068, 47.868437500000006], [15.555581100000001, 47.86848789999999]]]}}, {"type": "Feature", "properties": {"klasse": "Wald"}, "geometry": {"type": "Polygon", "coordinates": [[[15.566664000000001, 47.87323610000001], [15.566602300000001, 47.873338600000004], [15.5666399, 47.873462800000006], [15.5670986, 47.8733728], [15.567216600000002, 47.8732918], [15.5671227, 47.8731965], [15.566664000000001, 47.87323610000001]]]}}, {"type": "Feature", "properties": {"klasse": "Wald"}, "geometry": {"type": "Polygon", "coordinates": [[[15.568390744479492, 47.87441017212223], [15.568399400000002, 47.8743173], [15.567983700000001, 47.87430659999998], [15.568080700157777, 47.87441017212223], [15.568390744479492, 47.87441017212223]]]}}, {"type": "Feature", "properties": {"klasse": "Wald"}, "geometry": {"type": "Polygon", "coordinates": [[[15.575088900000003, 47.8375448], [15.575357099999998, 47.8375934], [15.5754966, 47.83733589999999], [15.5755395, 47.83688219999999], [15.5757874, 47.83675199999999], [15.5758114, 47.836701399999995], [15.5756575, 47.83652779999999], [15.5755989, 47.8364702], [15.5755596, 47.8363181], [15.575350600000002, 47.8361744], [15.5751801, 47.8365563], [15.5752552, 47.836909199999994], [15.575231000000002, 47.837233299999994], [15.5750728, 47.83743849999999], [15.575088900000003, 47.8375448]]]}}, {"type": "Feature", "properties": {"klasse": "Wald"}, "geometry": {"type": "Polygon", "coordinates": [[[15.5768296, 47.837525], [15.577181, 47.8376042], [15.577446499999999, 47.8377194], [15.577301700000001, 47.83760959999999], [15.577250699999999, 47.8373773], [15.5770227, 47.8371811], [15.576969099999998, 47.83702989999999], [15.576861799999998, 47.83710909999999], [15.5768296, 47.837525]]]}}, {"type": "Feature", "properties": {"klasse": "Wald"}, "geometry": {"type": "MultiPolygon", "coordinates": [[[[15.578961999999999, 47.849102], [15.5787823, 47.8492766], [15.578554300000002, 47.849602399999995], [15.578337, 47.8499894], [15.5781251, 47.8502018], [15.577956099999998, 47.850317], [15.577757700000001, 47.850414199999996], [15.577248, 47.8506086], [15.5769409, 47.8507688], [15.5769972, 47.8508039], [15.577222600000002, 47.85070670000001], [15.5773414, 47.8507333], [15.577439300000002, 47.8508911], [15.577137100000002, 47.85116819999999], [15.5767946, 47.8513176], [15.5765801, 47.85151599999999], [15.57666, 47.8519453], [15.576977000000001, 47.852404199999995], [15.577290072586393, 47.852306876545676], [15.577378285113978, 47.852387243870275], [15.577396137583424, 47.85240526336176], [15.577411332451705, 47.852424355002746], [15.577423728834386, 47.85244434178228], [15.577433211793181, 47.85246503838975], [15.577439693401729, 47.8524862529331], [15.57744084519544, 47.85249350545556], [15.577462806609107, 47.85249350545556], [15.577462806609107, 47.852660172122235], [15.57754613994244, 47.852660172122235], [15.57754613994244, 47.85291017212223], [15.577629473275774, 47.85291017212223], [15.577629473275774, 47.852993505455565], [15.577685397331555, 47.852993505455565], [15.577617700000001, 47.8530099], [15.5776481, 47.85305799999999], [15.577632599999998, 47.8531246], [15.57779613994244, 47.85312021271199], [15.57779613994244, 47.85316017212223], [15.577879473275773, 47.85316017212223], [15.577879473275773, 47.853243505455566], [15.577712806609107, 47.853243505455566], [15.577712806609107, 47.85327481055629], [15.577692400000002, 47.85326200000001], [15.5775177, 47.853263000000005], [15.577311353193291, 47.85349350545557], [15.577212806609106, 47.85349350545557], [15.577212806609106, 47.85341017212223], [15.577142012615488, 47.85341017212223], [15.5771157, 47.8534211], [15.577077330948145, 47.85342318527456], [15.577042567648924, 47.853476994676164], [15.577028057914115, 47.853496747244975], [15.577010746290698, 47.85351544946833], [15.57699246087195, 47.853531466113054], [15.5769196, 47.85347029999999], [15.5767739, 47.853444800000005], [15.5766941, 47.8534479], [15.5762154, 47.853673799999996], [15.5760963, 47.85379259999999], [15.5760658, 47.854247699999995], [15.5761464, 47.85445030000001], [15.576230500000001, 47.85462939999999], [15.57649, 47.8548932], [15.5770871, 47.8549282], [15.577425, 47.85505059999999], [15.5777737, 47.8550218], [15.5780151, 47.85512079999999], [15.578108999999998, 47.85523599999999], [15.577991000000003, 47.8555114], [15.577848799999998, 47.8557183], [15.57854613994244, 47.856325476152975], [15.57854613994244, 47.856326838788895], [15.5785477049256, 47.856326838788895], [15.578629473275774, 47.85639803475699], [15.578629473275774, 47.85641017212223], [15.578643413002386, 47.85641017212223], [15.578712806609106, 47.856470593361], [15.578712806609106, 47.85649350545557], [15.578565368160854, 47.85649350545557], [15.578565000000001, 47.856494], [15.5786186, 47.856602], [15.5788869, 47.856780199999996], [15.579262285570092, 47.857160172122235], [15.57929613994244, 47.857160172122235], [15.57929613994244, 47.85719444013554], [15.579344613006786, 47.857243505455564], [15.579379473275774, 47.857243505455564], [15.579379473275774, 47.85727350470279], [15.57945391895749, 47.8573268387889], [15.57954613994244, 47.8573268387889], [15.57954613994244, 47.8573929073887], [15.579570238693368, 47.85741017212223], [15.579629473275773, 47.85741017212223], [15.579629473275773, 47.857452608731656], [15.579686558429255, 47.857493505455565], [15.579712806609107, 47.857493505455565], [15.579712806609107, 47.85751231007461], [15.579919197901019, 47.85766017212223], [15.579962806609107, 47.85766017212223], [15.579962806609107, 47.85769141410348], [15.580035517636905, 47.857743505455566], [15.58004613994244, 47.857743505455566], [15.58004613994244, 47.85775111544643], [15.580151837372782, 47.857826838788895], [15.580306752599071, 47.857826838788895], [15.580332100000001, 47.8578448], [15.580379473275773, 47.85785337857616], [15.580379473275773, 47.85791017212223], [15.580462806609107, 47.85791017212223], [15.580462806609107, 47.8580768387889], [15.58054613994244, 47.8580768387889], [15.58054613994244, 47.85816017212223], [15.580462806609107, 47.85816017212223], [15.580462806609107, 47.8583268387889], [15.58029613994244, 47.8583268387889], [15.58029613994244, 47.85849350545556], [15.580123667398368, 47.85849350545556], [15.5800912, 47.85856729999999], [15.5796647, 47.8584845], [15.5795279, 47.858419700000006], [15.579581599999997, 47.85833689999999], [15.5794206, 47.85829189999999], [15.579310700000002, 47.858198400000006], [15.5791229, 47.858140799999994], [15.578945900000003, 47.8580094], [15.578929799999997, 47.857890600000005], [15.578712499999998, 47.857822199999994], [15.5786401, 47.85766929999999], [15.5788386, 47.85766749999999], [15.578961999999999, 47.85755050000001], [15.578961999999999, 47.8574137], [15.578760800000001, 47.85722289999999], [15.578675, 47.8571059], [15.578715199999998, 47.8569566], [15.578715199999998, 47.856872], [15.578658899999999, 47.8567928], [15.578492600000002, 47.8568612], [15.5783826, 47.8568216], [15.5782753, 47.8566974], [15.5780795, 47.85635550000001], [15.5778757, 47.8562367], [15.577873, 47.85633570000002], [15.57770236026114, 47.85617355916851], [15.577709897304505, 47.85632972267493], [15.577744200000001, 47.8563681], [15.577768166982795, 47.85641017212223], [15.57779613994244, 47.85641017212223], [15.57779613994244, 47.856459276416565], [15.577815639001322, 47.85649350545557], [15.577879473275773, 47.85649350545557], [15.577879473275773, 47.8565768387889], [15.577962806609106, 47.8565768387889], [15.577962806609106, 47.85666017212223], [15.578023856146247, 47.85666017212223], [15.57804613994244, 47.85670810169502], [15.57804613994244, 47.85699350545556], [15.578129473275773, 47.85699350545556], [15.578129473275773, 47.85734934735848], [15.5781332, 47.8573597], [15.578341700000001, 47.8577445], [15.578466, 47.85789609999999], [15.578606099999998, 47.85803109999999], [15.578816300000002, 47.8581934], [15.578783590406356, 47.85824350545557], [15.57879613994244, 47.85824350545557], [15.57879613994244, 47.85829353317175], [15.5787676, 47.85826800000001], [15.578729160649086, 47.8583268387889], [15.57871780539917, 47.85834422017377], [15.5786389, 47.858465], [15.579540400000003, 47.8587429], [15.5795124, 47.8587971], [15.5803943, 47.859074799999995], [15.5819714, 47.85957870000001], [15.582168, 47.85962920000001], [15.582196600000001, 47.8596162], [15.582012900000002, 47.85957419999998], [15.581907, 47.85951299999999], [15.5819821, 47.85938659999999], [15.582011600000001, 47.859333], [15.581915100000002, 47.85929159999999], [15.5815503, 47.859261999999994], [15.581453699999999, 47.85930599999999], [15.581174800000001, 47.8591702], [15.580804599999999, 47.85902080000001], [15.580962900000001, 47.85888579999999], [15.5805552, 47.8587958], [15.580053600000001, 47.85868250000001], [15.58118285046053, 47.8588268387889], [15.581379473275772, 47.8588268387889], [15.581379473275772, 47.858743505455564], [15.581462806609107, 47.858743505455564], [15.581462806609107, 47.8588268387889], [15.58154613994244, 47.8588268387889], [15.58154613994244, 47.858743505455564], [15.581712806609106, 47.858743505455564], [15.581712806609106, 47.8588268387889], [15.58229613994244, 47.8588268387889], [15.58229613994244, 47.858743505455564], [15.582212806609107, 47.858743505455564], [15.582212806609107, 47.858660172122235], [15.582129473275772, 47.858660172122235], [15.582129473275772, 47.8585768387889], [15.58179613994244, 47.8585768387889], [15.58179613994244, 47.858660172122235], [15.581379473275772, 47.858660172122235], [15.581379473275772, 47.8585768387889], [15.58154613994244, 47.8585768387889], [15.58154613994244, 47.8583268387889], [15.581629473275774, 47.8583268387889], [15.581629473275774, 47.85824350545557], [15.581879473275773, 47.85824350545557], [15.581879473275773, 47.85820194356448], [15.582129473275772, 47.85823990797082], [15.582129473275772, 47.85824350545557], [15.58215316312829, 47.85824350545557], [15.582212806609107, 47.85825256277293], [15.582212806609107, 47.858410172122234], [15.582462806609106, 47.858410172122234], [15.582462806609106, 47.85849350545556], [15.582766905758648, 47.85849350545556], [15.58279613994244, 47.858521200998105], [15.58279613994244, 47.8585768387889], [15.582811763056315, 47.8585768387889], [15.582801415733593, 47.858660172122235], [15.58279613994244, 47.858660172122235], [15.58279613994244, 47.858702661302736], [15.5827734, 47.85888580000001], [15.5828596, 47.8589648], [15.582879473275772, 47.85896872619581], [15.582879473275772, 47.85906501212477], [15.5831502, 47.85909920000001], [15.583545399999998, 47.85915059999999], [15.5838489, 47.859200699999995], [15.5840918, 47.8592432], [15.5843049, 47.8599062], [15.5845566, 47.860049100000005], [15.5844939, 47.860173799999984], [15.5848306, 47.8602931], [15.5850184, 47.860316499999996], [15.5850854, 47.8601024], [15.5851954, 47.85996920000001], [15.5851445, 47.8598702], [15.585206100000002, 47.85973709999999], [15.586418500000002, 47.8602913], [15.5863622, 47.8603741], [15.5866224, 47.8604587], [15.5866089, 47.86056129999999], [15.5860966, 47.8604479], [15.5855294, 47.8604488], [15.588053300000002, 47.8610715], [15.588086800000001, 47.861149700000006], [15.5879769, 47.86132340000001], [15.588534800000001, 47.8614881], [15.588478400000001, 47.8616158], [15.5883497, 47.8617004], [15.588143200000001, 47.861764300000004], [15.5880801, 47.862027000000005], [15.587805700000002, 47.86196089999999], [15.58779613994244, 47.86195772516056], [15.58779613994244, 47.8620768387889], [15.587712806609106, 47.8620768387889], [15.587712806609106, 47.86216017212223], [15.587602181040705, 47.86216017212223], [15.5875348, 47.8622842], [15.58729613994244, 47.86226059454016], [15.58729613994244, 47.862326838788896], [15.587462806609107, 47.862326838788896], [15.587462806609107, 47.862341494500086], [15.5871792, 47.862325600000005], [15.587164700000002, 47.8623753], [15.587420899999998, 47.862411599999994], [15.587629473275774, 47.86242336944423], [15.587629473275774, 47.86249350545557], [15.587172307307252, 47.86249350545557], [15.5874565, 47.8625156], [15.5878508, 47.8625282], [15.588250500000001, 47.86250840000001], [15.588379473275774, 47.8624952429947], [15.588379473275774, 47.86249350545557], [15.588396505731682, 47.86249350545557], [15.588462806609106, 47.862486741876126], [15.588462806609106, 47.86241017212223], [15.588449846626682, 47.86241017212223], [15.5887333, 47.8623716], [15.5888835, 47.86233030000001], [15.589342100000001, 47.8622961], [15.5890632, 47.86224569999999], [15.588854000000001, 47.862245699999995], [15.5884516, 47.86230689999999], [15.5883577, 47.8622547], [15.588333600000002, 47.8621683], [15.5882531, 47.86210530000001], [15.588190216353492, 47.8620768387889], [15.588212806609107, 47.8620768387889], [15.588212806609107, 47.86191017212223], [15.588379473275774, 47.86191017212223], [15.588379473275774, 47.86184190002938], [15.588428609851517, 47.8618268387889], [15.588629473275773, 47.8618268387889], [15.588629473275773, 47.86178072976213], [15.58886220085098, 47.861743505455564], [15.588916147641397, 47.861743505455564], [15.58890430926207, 47.861736770300084], [15.588985400000002, 47.8617238], [15.5890251, 47.86156510000001], [15.589047099999998, 47.8614773], [15.587452520038099, 47.86070466084809], [15.587610616915159, 47.86074350545557], [15.587629473275774, 47.86074350545557], [15.587629473275774, 47.86074813848779], [15.587712806609106, 47.86076861359573], [15.587712806609106, 47.86075278769487], [15.587057900000001, 47.86042969999999], [15.588239800000002, 47.86025889999999], [15.5885052, 47.860309300000004], [15.5884261, 47.8604398], [15.5885052, 47.86065669999999], [15.588587000000002, 47.86068819999999], [15.5885945, 47.8604697], [15.5887553, 47.86027130000001], [15.5891558, 47.86011959999999], [15.5894425, 47.8600403], [15.589755000000002, 47.86004030000001], [15.589973300000002, 47.86006470000002], [15.5899775, 47.860140099999995], [15.5896297, 47.86015989999999], [15.589574581666886, 47.860315217394636], [15.589411700000001, 47.860774199999994], [15.589286100000002, 47.86087879999999], [15.5891021, 47.86137], [15.590152399999997, 47.862151399999995], [15.590569900000002, 47.862414199999996], [15.5915045, 47.86288280000001], [15.5915635, 47.86257649999999], [15.591922600000002, 47.8622391], [15.5924246, 47.8619182], [15.5930838, 47.861802999999995], [15.593225499999999, 47.861977399999994], [15.592877200000002, 47.862283500000004], [15.5924785, 47.86269919999999], [15.5921262, 47.862852100000005], [15.591898600000002, 47.863243700000005], [15.59264066299038, 47.86418719354069], [15.592651120518976, 47.86432470473441], [15.592651267552528, 47.86434556480932], [15.592648542133926, 47.86436634434169], [15.59264296770107, 47.864386864606864], [15.592629473275773, 47.86442614336833], [15.592629473275773, 47.86449350545556], [15.592606330676054, 47.86449350545556], [15.592585810360909, 47.86455323475459], [15.59256872455873, 47.86469618928358], [15.593224900000001, 47.86468779999999], [15.593689900000001, 47.8649125], [15.5935934, 47.8649989], [15.594065500000001, 47.865272399999995], [15.5945933, 47.865424], [15.595775300000001, 47.86641409999999], [15.597629700000002, 47.866983499999996], [15.5990931, 47.868411], [15.5997383, 47.8683421], [15.6001889, 47.86816939999999], [15.600333799999998, 47.8681442], [15.600253300000002, 47.8680471], [15.600492, 47.8678347], [15.6007924, 47.8679697], [15.600832700000002, 47.868063199999995], [15.601074100000002, 47.8681064], [15.601162600000002, 47.86799669999999], [15.6009373, 47.867917500000004], [15.600999, 47.8676584], [15.6012967, 47.86779510000001], [15.6013423, 47.86774659999999], [15.6010499, 47.867575599999995], [15.6014492, 47.867120899999996], [15.6017956, 47.86696109999999], [15.6019056, 47.86685409999999], [15.602118799999998, 47.86677399999999], [15.6022194, 47.866825299999995], [15.601929700000001, 47.8671762], [15.6021014, 47.86731830000001], [15.6026083, 47.8675198], [15.60267, 47.8676566], [15.6030106, 47.8677412], [15.6028309, 47.867933699999995], [15.6026807, 47.86815860000001], [15.6027075, 47.8682846], [15.6028229, 47.8681244], [15.6028551, 47.86816760000001], [15.6026941, 47.86844829999999], [15.6027424, 47.86859219999999], [15.602509, 47.86875419999999], [15.602981100000001, 47.86866599999999], [15.6028524, 47.86883340000001], [15.6026378, 47.8689449], [15.6023428, 47.86892509999999], [15.6023937, 47.86903490000001], [15.602077199999998, 47.869212999999995], [15.602077199999998, 47.869346199999995], [15.6018358, 47.8692868], [15.6017017, 47.86944149999999], [15.6013369, 47.8693839], [15.600875600000002, 47.8692238], [15.6007039, 47.86920400000001], [15.6005805, 47.86909610000001], [15.6003633, 47.8690691], [15.6002882, 47.869211199999995], [15.6006342, 47.8692436], [15.6003499, 47.869333600000004], [15.600379400000001, 47.869481099999994], [15.600170199999999, 47.86957470000001], [15.6001487, 47.86976179999999], [15.600569799999999, 47.8704671], [15.6008193, 47.870619999999995], [15.601275199999998, 47.870754999999996], [15.6010499, 47.870837699999996], [15.601581000000001, 47.8714657], [15.601715100000002, 47.8715466], [15.6017527, 47.8716924], [15.601642699999998, 47.87179849999999], [15.601811700000003, 47.871908299999994], [15.6020558, 47.871762499999996], [15.602238099999997, 47.871886700000005], [15.602141599999998, 47.8720792], [15.6023132, 47.8722681], [15.602254200000003, 47.872475], [15.6025627, 47.87305619999999], [15.602557300000003, 47.8732577], [15.6026968, 47.8735329], [15.6029945, 47.873595900000005], [15.6029543, 47.87374699999999], [15.6030616, 47.8738874], [15.603034800000001, 47.8740079], [15.602943599999998, 47.874168], [15.602967700000002, 47.87428499999999], [15.6032629, 47.8743], [15.6033566, 47.8743048], [15.603428966005277, 47.87427355294454], [15.603428966005277, 47.86712668389663], [15.603225199999999, 47.8671438], [15.603123300000002, 47.8672265], [15.603292300000001, 47.8673813], [15.603230600000002, 47.8674982], [15.603016, 47.867311099999995], [15.602924800000002, 47.8674623], [15.602898, 47.86737769999999], [15.6029382, 47.86714380000001], [15.6029114, 47.86703219999998], [15.602967700000002, 47.8669332], [15.6030911, 47.867052], [15.6033137, 47.86709160000001], [15.603139399999998, 47.8666238], [15.602876499999999, 47.8665302], [15.6028551, 47.866442000000006], [15.602771900000002, 47.8663862], [15.6022543, 47.8667263], [15.602214000000002, 47.86668129999999], [15.602603, 47.86627829999999], [15.6027129, 47.866119899999994], [15.60278, 47.865925600000004], [15.6028551, 47.86559809999999], [15.6030026, 47.86530659999999], [15.602851300000001, 47.86532660000001], [15.6021902, 47.865091099999994], [15.6019209, 47.86531050000001], [15.601380500000001, 47.86543360000001], [15.601323500000001, 47.865104499999994], [15.600875600000002, 47.865360599999995], [15.6005007, 47.86541220000001], [15.6005042, 47.86616119999999], [15.6001082, 47.866429999999994], [15.6000549, 47.8665986], [15.600129100000002, 47.8667532], [15.5998859, 47.86697279999999], [15.5995576, 47.86702030000001], [15.599228699999998, 47.86676229999999], [15.5990722, 47.86649289999999], [15.5982746, 47.86599459999999], [15.598868699999999, 47.8651631], [15.598622600000002, 47.86497550000001], [15.598700300000003, 47.8649035], [15.5989552, 47.8650133], [15.6000697, 47.864544300000006], [15.6004431, 47.86384639999999], [15.6010308, 47.8633602], [15.6012071, 47.8633514], [15.6013638, 47.863255], [15.6011418, 47.86319369999999], [15.6011353, 47.86258029999999], [15.6010634, 47.86191010000001], [15.601486400000002, 47.8618012], [15.6016166, 47.86189209999999], [15.6016687, 47.86180960000001], [15.601560100000002, 47.8616273], [15.602111700000002, 47.8611422], [15.601057799999998, 47.86041289999999], [15.6005942, 47.85945780000001], [15.5994253, 47.8592825], [15.5993992, 47.85902840000001], [15.5995755, 47.8588181], [15.599856299999999, 47.8584588], [15.600216600000001, 47.8580911], [15.6002983, 47.8576461], [15.6004003, 47.8573243], [15.6008492, 47.8577556], [15.6010125, 47.8579815], [15.6010329, 47.858495], [15.601188599999999, 47.858618699999994], [15.601360999999999, 47.85852760000001], [15.601371499999999, 47.8581525], [15.6014655, 47.857791500000005], [15.601580400000001, 47.85754970000001], [15.601873400000002, 47.857384100000004], [15.602211900000002, 47.857294399999994], [15.6026841, 47.857207499999994], [15.603237200000002, 47.85735], [15.603428966005277, 47.857486225706914], [15.603428966005277, 47.852411404181694], [15.6022, 47.852343000000005], [15.6016082, 47.8529318], [15.6012001, 47.853760199999996], [15.6014246, 47.8547872], [15.6020163, 47.85591], [15.6020747, 47.8563215], [15.6017482, 47.8564879], [15.601480499999997, 47.85658870000001], [15.6011671, 47.856585], [15.600208600000002, 47.8563794], [15.599634700000001, 47.85596219999999], [15.599714399999998, 47.8557161], [15.5993318, 47.855363100000005], [15.5993159, 47.8548069], [15.599013, 47.8543469], [15.599028900000002, 47.8531808], [15.5982863, 47.853032600000006], [15.597795200000002, 47.85300110000001], [15.5976124, 47.8530782], [15.5974975, 47.852938], [15.5971045, 47.85285979999999], [15.5967975, 47.8528539], [15.596557200000001, 47.85287139999999], [15.596698200000002, 47.85310979999999], [15.5966042, 47.85352339999999], [15.597251900000002, 47.8548905], [15.5977044, 47.8552667], [15.598518000000002, 47.855542], [15.598922, 47.85587430000001], [15.5988557, 47.856099799999996], [15.5985005, 47.8561068], [15.598469099999999, 47.8559561], [15.598213100000002, 47.855801800000016], [15.598035499999998, 47.855787799999995], [15.597967600000002, 47.855686199999994], [15.5976751, 47.855637099999996], [15.597591499999998, 47.8553777], [15.5972154, 47.8553391], [15.5963235, 47.8551638], [15.5961706, 47.8549711], [15.596029600000001, 47.85489749999999], [15.595799700000002, 47.854894], [15.5957161, 47.854841400000005], [15.5954141, 47.8549211], [15.594731399999999, 47.855391899999994], [15.594613899999999, 47.8557563], [15.5949325, 47.855973600000006], [15.5951831, 47.8560681], [15.5952457, 47.8562763], [15.594812400000002, 47.856390700000006], [15.594352699999998, 47.856369699999995], [15.5933288, 47.856218999999996], [15.593293, 47.8560405], [15.593360100000002, 47.85595049999999], [15.5932581, 47.8558947], [15.593307900000001, 47.85571070000001], [15.5930944, 47.85594940000001], [15.592848299999998, 47.8561325], [15.5928938, 47.85619710000001], [15.5927199, 47.856310099999995], [15.592776100000002, 47.8563747], [15.5925247, 47.856494999999995], [15.5924204, 47.85637470000002], [15.5923314, 47.8564211], [15.592056499999998, 47.856575], [15.5917279, 47.85660260000001], [15.591549599999999, 47.856776599999996], [15.591371500000001, 47.8567741], [15.5913009, 47.85687500000001], [15.591526999999997, 47.8569508], [15.591556500000001, 47.85706029999999], [15.5916132, 47.8570623], [15.5916872, 47.8570299], [15.5917597, 47.8570479], [15.5918607, 47.857047599999994], [15.591979000000002, 47.857048999999996], [15.592059499999998, 47.85702150000001], [15.592060400000001, 47.8569924], [15.5920884, 47.8569008], [15.592166799999998, 47.85687219999999], [15.592223500000001, 47.85682559999999], [15.5923592, 47.85686690000001], [15.5922172, 47.85715170000001], [15.5922015, 47.85731040000001], [15.592186497421705, 47.8573268387889], [15.592102422899881, 47.8573268387889], [15.592082086852743, 47.85734014944005], [15.592075817425302, 47.85734345028651], [15.592071204597136, 47.857347731908206], [15.5919617, 47.857332699999986], [15.5918528, 47.857388799999995], [15.591862299999999, 47.85745549999999], [15.591789700000001, 47.8574682], [15.5917692, 47.857533799999985], [15.5918796, 47.8575348], [15.592013967143853, 47.85746248997078], [15.592026331461788, 47.85749705743881], [15.59202973572928, 47.85750942544713], [15.5919475, 47.857615300000006], [15.5918891, 47.8576343], [15.5919175, 47.8577328], [15.59186065598325, 47.85778503309524], [15.591806765731778, 47.8578102103825], [15.591806209464409, 47.85781094179264], [15.591797860010384, 47.857828294788405], [15.591786165956186, 47.857849045166354], [15.59177597675436, 47.85786284354004], [15.5917597, 47.857877800000004], [15.5916351, 47.8578968], [15.5915578, 47.85788519999999], [15.5914679, 47.85791699999999], [15.5914679, 47.8579466], [15.591355900000002, 47.8579678], [15.5912676, 47.858058799999995], [15.591111400000003, 47.858012200000005], [15.5910656, 47.8580217], [15.590873021651824, 47.85793121365216], [15.590873246286963, 47.857930550456054], [15.590869552069446, 47.85791926183533], [15.590865647266654, 47.85789636318727], [15.59086414736879, 47.85788036318253], [15.590863619279691, 47.85785980602433], [15.590865882531826, 47.857839302293605], [15.590867393584453, 47.85783321719303], [15.590959900000001, 47.8578143], [15.591071899999998, 47.8578492], [15.591198900000002, 47.8578512], [15.591231300000002, 47.85778890000001], [15.5911051, 47.85773379999999], [15.5911414, 47.857679899999994], [15.591206000000001, 47.85767559999999], [15.591258099999997, 47.85777829999999], [15.591314900000002, 47.8577815], [15.5914695, 47.8577349], [15.5914963, 47.85767880000001], [15.5913527, 47.85770310000001], [15.5913906, 47.857645999999995], [15.5915752, 47.857580399999996], [15.591632, 47.857590900000005], [15.5916462, 47.8575359], [15.5916067, 47.85749359999999], [15.591521500000002, 47.85754120000001], [15.5914931, 47.85758249999999], [15.5914442, 47.8575878], [15.5914127, 47.85762059999998], [15.5913669, 47.85758249999999], [15.5914584, 47.8573358], [15.591627200000001, 47.8571908], [15.591638300000001, 47.85713580000001], [15.591592999999998, 47.857129300000004], [15.591542400000002, 47.857197799999994], [15.591407099999998, 47.8573347], [15.5913009, 47.857584800000005], [15.5909487, 47.857680800000004], [15.590661799999998, 47.857662100000006], [15.5907825, 47.8575271], [15.590785100000002, 47.8574335], [15.590986299999999, 47.8572193], [15.590671699999998, 47.8572203], [15.5903778, 47.8572916], [15.5899685, 47.8574652], [15.5897712, 47.85766050000001], [15.589757100000002, 47.85778969999999], [15.5898136, 47.8578763], [15.589714900000002, 47.85795039999999], [15.5895644, 47.857886699999995], [15.588674500000002, 47.8585496], [15.5869865, 47.858251599999996], [15.5875369, 47.857576599999994], [15.5877596, 47.85735970000001], [15.5880993, 47.85717910000001], [15.588579999999999, 47.8570883], [15.588948399999998, 47.85698360000001], [15.589775100000002, 47.8568146], [15.5899383, 47.85665540000001], [15.5896445, 47.8561829], [15.588899000000001, 47.855844100000006], [15.588316300000002, 47.8553763], [15.587921299999998, 47.854811199999986], [15.588023300000001, 47.85472899999999], [15.588696700000002, 47.854790699999995], [15.5895435, 47.85490020000002], [15.5900789, 47.855119], [15.5910332, 47.8548728], [15.5915078, 47.854455300000005], [15.591552300000002, 47.854114700000004], [15.591351999999999, 47.8538356], [15.591262700000001, 47.85364729999999], [15.591640800000002, 47.85317520000001], [15.5915688, 47.852996899999994], [15.5917091, 47.8526546], [15.592330000000002, 47.8524573], [15.5934691, 47.853005499999995], [15.5943364, 47.85212399999999], [15.5943874, 47.85182440000001], [15.5951909, 47.8511911], [15.5953312, 47.8505834], [15.595856600000001, 47.8501848], [15.5958058, 47.84965549999999], [15.596058600000001, 47.849180700000005], [15.595825, 47.849094799999996], [15.5952966, 47.8484972], [15.5949828, 47.84827219999999], [15.5948299, 47.8482578], [15.5946686, 47.848071699999984], [15.594843300000003, 47.847829399999995], [15.594754, 47.8477001], [15.5944767, 47.84762209999999], [15.5943364, 47.847390999999995], [15.594436500000002, 47.84727620000001], [15.595020400000001, 47.847201200000015], [15.595334300000001, 47.84723790000001], [15.595407800000002, 47.847133799999995], [15.5953167, 47.846865599999994], [15.5942977, 47.84637239999999], [15.594354799999998, 47.8462464], [15.594942500000002, 47.84596150000001], [15.595674799999998, 47.845932100000006], [15.5958304, 47.8459537], [15.5958867, 47.8461085], [15.596200500000002, 47.8462111], [15.596302399999999, 47.846200299999985], [15.595994, 47.8460743], [15.595979099999997, 47.8459561], [15.595994, 47.84552709999999], [15.5958975, 47.8453042], [15.596302, 47.8450616], [15.5967987, 47.8450681], [15.597629100000002, 47.84479809999999], [15.5979449, 47.844404399999995], [15.5985028, 47.844296400000005], [15.5996909, 47.844373499999996], [15.600079000000001, 47.844537], [15.6012946, 47.8443123], [15.6026524, 47.844156999999996], [15.6028256, 47.84441459999999], [15.602989200000001, 47.8444164], [15.603038, 47.844303599999996], [15.603428966005277, 47.84446605328496], [15.603428966005277, 47.83586144832333], [15.602927500000002, 47.83599639999999], [15.6027961, 47.83608100000001], [15.6026164, 47.836113399999995], [15.6020531, 47.8360756], [15.601921700000002, 47.8359586], [15.6014711, 47.83591179999999], [15.6008434, 47.835969399999996], [15.599665900000002, 47.8361891], [15.5989954, 47.836331300000005], [15.598770100000001, 47.8364807], [15.5983677, 47.836776], [15.5980781, 47.8372189], [15.5976918, 47.8378454], [15.597514799999999, 47.838106499999995], [15.5978984, 47.8381569], [15.5981317, 47.83827929999999], [15.5984965, 47.83895630000001], [15.5986708, 47.8391129], [15.5986842, 47.83927489999999], [15.59829, 47.83915789999999], [15.598053900000002, 47.8391597], [15.5978528, 47.8391921], [15.597657, 47.8390697], [15.5975845, 47.8391633], [15.597619400000001, 47.8392407], [15.597520200000002, 47.839258699999995], [15.5972332, 47.8391507], [15.597219800000001, 47.839260499999995], [15.5972761, 47.839312699999994], [15.5972412, 47.8394495], [15.596956900000002, 47.839386499999996], [15.596592100000002, 47.8393775], [15.596568000000001, 47.8392677], [15.5964527, 47.83922989999999], [15.5964017, 47.8393289], [15.595570200000001, 47.8399158], [15.595460199999998, 47.8400328], [15.594819199999998, 47.84035869999999], [15.593759699999998, 47.840688199999995], [15.593054299999999, 47.8409168], [15.592692200000002, 47.8411454], [15.5919841, 47.84159910000002], [15.591442300000002, 47.84186549999999], [15.589833000000002, 47.842285], [15.588894199999999, 47.8426162], [15.588298699999998, 47.84290789999999], [15.588186100000001, 47.84284490000001], [15.588180699999999, 47.84300149999999], [15.5880573, 47.8430285], [15.5880466, 47.843210299999996], [15.587925900000002, 47.8433363], [15.5880466, 47.84406179999999], [15.5878669, 47.844123], [15.587765, 47.8445784], [15.587558400000002, 47.84479079999999], [15.5870542, 47.845005099999995], [15.5869684, 47.845323699999994], [15.586547300000001, 47.8451887], [15.5862629, 47.8451851], [15.585895499999998, 47.84541550000001], [15.5859572, 47.8451689], [15.585785499999998, 47.84547130000001], [15.585788199999998, 47.84573409999999], [15.585474400000003, 47.8458835], [15.5851579, 47.846063499999985], [15.5850962, 47.8463281], [15.5847582, 47.84654319999999], [15.584403800000002, 47.84644859999999], [15.583908, 47.84669720000001], [15.5828243, 47.846913199999996], [15.5824729, 47.84724709999999], [15.5822423, 47.847676400000005], [15.582143000000002, 47.847770000000004], [15.582076, 47.8480076], [15.5822798, 47.8479374], [15.5823415, 47.84819120000001], [15.5822369, 47.84830099999999], [15.581789, 47.84852419999998], [15.581396500000002, 47.848643100000004], [15.581931900000002, 47.84912510000001], [15.581675900000002, 47.8496119], [15.581642900000002, 47.850008599999995], [15.5818694, 47.85017119999999], [15.582320099999999, 47.8501532], [15.5823181, 47.850377200000004], [15.581360800000002, 47.85028689999999], [15.5809073, 47.8499007], [15.5808785, 47.8493832], [15.5807304, 47.84916019999999], [15.580149200000001, 47.84902], [15.579581099999999, 47.84923030000001], [15.5793258, 47.84974679999999], [15.579081499999997, 47.84971549999999], [15.579002200000001, 47.8496276], [15.5788976, 47.849389999999985], [15.5790746, 47.8491416], [15.579506500000003, 47.84884280000001], [15.5797693, 47.8487024], [15.580066999999998, 47.84858899999999], [15.5798927, 47.848549399999996], [15.579597600000001, 47.84866819999999], [15.5792758, 47.8488608], [15.578961999999999, 47.849102]], [[15.57879613994244, 47.854743505455566], [15.57879613994244, 47.85466017212223], [15.578879473275773, 47.85466017212223], [15.578879473275773, 47.8545768387889], [15.578962806609107, 47.8545768387889], [15.578962806609107, 47.854493505455565], [15.579129473275774, 47.854493505455565], [15.579129473275774, 47.8545768387889], [15.579379473275774, 47.8545768387889], [15.579379473275774, 47.85466017212223], [15.579462806609106, 47.85466017212223], [15.579462806609106, 47.85491017212223], [15.579629473275773, 47.85491017212223], [15.579629473275773, 47.85499350545557], [15.579712806609107, 47.85499350545557], [15.579712806609107, 47.8550768387889], [15.57979613994244, 47.8550768387889], [15.57979613994244, 47.85516017212223], [15.579879473275774, 47.85516017212223], [15.579879473275774, 47.85524350545557], [15.58004613994244, 47.85524350545557], [15.58004613994244, 47.85527428112657], [15.5798451, 47.85553430000001], [15.579962100000001, 47.8555678], [15.58004613994244, 47.85556858031516], [15.58004613994244, 47.855660172122235], [15.579879473275774, 47.855660172122235], [15.579879473275774, 47.855743505455564], [15.579462806609106, 47.855743505455564], [15.579462806609106, 47.85584170756529], [15.5794489, 47.8558431], [15.579271100000001, 47.8558881], [15.57924117718912, 47.85591017212223], [15.578962806609107, 47.85591017212223], [15.578962806609107, 47.8560768387889], [15.578712806609106, 47.8560768387889], [15.578712806609106, 47.85616017212223], [15.57854613994244, 47.85616017212223], [15.57854613994244, 47.85616347603503], [15.578508299999998, 47.85614339999999], [15.578456800000001, 47.8561277], [15.5783944, 47.85608169999999], [15.578380400000002, 47.8560356], [15.578371, 47.8559718], [15.5783851, 47.8559153], [15.5782213, 47.85584719999999], [15.5780351, 47.8557149], [15.5780226, 47.85566699999999], [15.578053599999999, 47.855574], [15.578085599999998, 47.8555207], [15.578129473275773, 47.85548560137937], [15.578129473275773, 47.85549350545556], [15.578379473275774, 47.85549350545556], [15.578379473275774, 47.85524350545557], [15.57854613994244, 47.85524350545557], [15.57854613994244, 47.8550768387889], [15.578629473275774, 47.8550768387889], [15.578629473275774, 47.85499350545557], [15.57854613994244, 47.85499350545557], [15.57854613994244, 47.854743505455566], [15.57879613994244, 47.854743505455566]], [[15.578922807977856, 47.85840685634009], [15.578976261470004, 47.858423188436234], [15.578979296496291, 47.85842412808485], [15.578981713960918, 47.858424886363224], [15.5789432, 47.85842509999999], [15.578922807977856, 47.85840685634009]], [[15.5908911, 47.8430729], [15.5905289, 47.84299789999999], [15.5891738, 47.84317980000001], [15.5897605, 47.84284130000001], [15.5902578, 47.84267690000001], [15.5907202, 47.8426341], [15.5921868, 47.842109799999996], [15.592936099999998, 47.8416176], [15.5947092, 47.84073860000001], [15.594858600000002, 47.8407931], [15.5959565, 47.840129299999994], [15.5968743, 47.8395479], [15.5971621, 47.8396196], [15.597013200000001, 47.839824], [15.596470600000002, 47.84028139999999], [15.596208600000002, 47.840310099999996], [15.595694100000001, 47.8413805], [15.594706500000001, 47.842157199999995], [15.594100400000002, 47.8427728], [15.593806800000001, 47.8428063], [15.5934451, 47.8432409], [15.5933118, 47.84353430000001], [15.5934164, 47.84379], [15.5936846, 47.8439484], [15.593494200000002, 47.84411579999999], [15.593698000000002, 47.84413560000001], [15.593794600000003, 47.8444794], [15.593904600000002, 47.8446702], [15.593859000000002, 47.84488979999999], [15.593982300000002, 47.8449691], [15.5939501, 47.8451257], [15.5937302, 47.8450249], [15.593502200000001, 47.8450591], [15.593164300000002, 47.845363299999995], [15.5930677, 47.845275099999995], [15.5929899, 47.845489300000004], [15.5928478, 47.84553969999999], [15.5925259, 47.84527510000001], [15.5924293, 47.8453075], [15.592493700000002, 47.84542989999999], [15.592480799999999, 47.8454497], [15.5924025, 47.845570300000006], [15.592252299999998, 47.845496499999996], [15.592316699999998, 47.8453291], [15.5922309, 47.8452049], [15.5921275, 47.8452022], [15.5919746, 47.845186], [15.5917405, 47.84515919999999], [15.5912086, 47.844870799999995], [15.590996999999998, 47.84464859999999], [15.590996999999998, 47.84454240000001], [15.590803900000001, 47.8445154], [15.5906275, 47.8441898], [15.5906719, 47.843533], [15.5909246, 47.843572099999996], [15.5909595, 47.8433705], [15.590753000000001, 47.8432643], [15.5908911, 47.8430729]], [[15.5901119, 47.8465441], [15.5903678, 47.8468716], [15.589709400000002, 47.8468287], [15.589331400000003, 47.846679200000004], [15.5885462, 47.8461651], [15.588131500000001, 47.84578799999999], [15.588462399999997, 47.8456729], [15.588808399999998, 47.8456963], [15.5892509, 47.845642299999994], [15.5893774, 47.8456474], [15.589798100000001, 47.8462147], [15.5898571, 47.8465261], [15.5901119, 47.8465441]], [[15.585824600000002, 47.8492738], [15.586570400000001, 47.8491238], [15.586840300000002, 47.849275500000005], [15.5863153, 47.84944809999999], [15.586029600000002, 47.84973839999999], [15.585488100000001, 47.849636999999994], [15.58434, 47.8496234], [15.5842339, 47.84922900000001], [15.5835972, 47.8490866], [15.5833276, 47.8492289], [15.5829442, 47.84920709999999], [15.5830617, 47.849015599999994], [15.5828968, 47.8490192], [15.582796499999999, 47.84867460000001], [15.5826096, 47.84846219999999], [15.582919700000001, 47.8483745], [15.583221300000002, 47.848507999999995], [15.5836707, 47.84847860000001], [15.583923699999998, 47.8486703], [15.585824600000002, 47.8492738]], [[15.587879473275773, 47.862427916103606], [15.58804613994244, 47.862426457196165], [15.58804613994244, 47.86249350545557], [15.587879473275773, 47.86249350545557], [15.587879473275773, 47.862427916103606]], [[15.5882531, 47.86219530000001], [15.588245560476778, 47.86224350545557], [15.588129473275773, 47.86224350545557], [15.588129473275773, 47.86212030545703], [15.5882156, 47.86213589999999], [15.5882531, 47.86219530000001]]], [[[15.603416800000002, 47.8583358], [15.603428966005277, 47.85846815289548], [15.603428966005277, 47.858240279843194], [15.603416800000002, 47.8583358]]]]}}, {"type": "Feature", "properties": {"klasse": "Wald"}, "geometry": {"type": "Polygon", "coordinates": [[[15.5726454, 47.8527955], [15.5726051, 47.852275299999995], [15.5723476, 47.8522717], [15.5722886, 47.8524463], [15.5723101, 47.85261369999999], [15.5725488, 47.8526245], [15.5725742, 47.8528103], [15.5726454, 47.8527955]]]}}, {"type": "Feature", "properties": {"klasse": "Wald"}, "geometry": {"type": "Polygon", "coordinates": [[[15.5753624, 47.8527703], [15.575223, 47.8527469], [15.5751559, 47.852817], [15.5754107, 47.8528638], [15.5753624, 47.8527703]]]}}, {"type": "Feature", "properties": {"klasse": "Wald"}, "geometry": {"type": "Polygon", "coordinates": [[[15.573212806609106, 47.85374350545557], [15.573212806609106, 47.853910172122234], [15.572843459000323, 47.853910172122234], [15.5728921, 47.8539285], [15.573141600000001, 47.85399949999999], [15.573332000000002, 47.8540697], [15.57354613994244, 47.85416911295702], [15.57354613994244, 47.8540768387889], [15.573712806609107, 47.8540768387889], [15.573712806609107, 47.853910172122234], [15.573743520349511, 47.853910172122234], [15.573035000000003, 47.85361489999998], [15.572962806609107, 47.85363027658612], [15.572962806609107, 47.85366017212223], [15.57304613994244, 47.85366017212223], [15.57304613994244, 47.85374350545557], [15.573212806609106, 47.85374350545557]]]}}, {"type": "Feature", "properties": {"klasse": "Wald"}, "geometry": {"type": "Polygon", "coordinates": [[[15.57393559123945, 47.85399350545556], [15.573889000000001, 47.8539708], [15.57379613994244, 47.853932101060316], [15.57379613994244, 47.85399350545556], [15.57393559123945, 47.85399350545556]]]}}, {"type": "Feature", "properties": {"klasse": "Wald"}, "geometry": {"type": "Polygon", "coordinates": [[[15.57404613994244, 47.8540768387889], [15.57410658993519, 47.8540768387889], [15.57404613994244, 47.85404737950341], [15.57404613994244, 47.8540768387889]]]}}, {"type": "Feature", "properties": {"klasse": "Wald"}, "geometry": {"type": "Polygon", "coordinates": [[[15.574129473275773, 47.854160172122235], [15.574277588630927, 47.854160172122235], [15.574129473275773, 47.85408799059939], [15.574129473275773, 47.854160172122235]]]}}, {"type": "Feature", "properties": {"klasse": "Wald"}, "geometry": {"type": "Polygon", "coordinates": [[[15.57454613994244, 47.8543268387889], [15.57461958602239, 47.8543268387889], [15.57454613994244, 47.854291046079275], [15.57454613994244, 47.8543268387889]]]}}, {"type": "Feature", "properties": {"klasse": "Wald"}, "geometry": {"type": "Polygon", "coordinates": [[[15.575379473275774, 47.854743505455566], [15.575379473275774, 47.854826838788895], [15.575645578196777, 47.854826838788895], [15.574629473275774, 47.85433165717525], [15.574629473275774, 47.85441017212223], [15.574712806609107, 47.85441017212223], [15.574712806609107, 47.854493505455565], [15.57479613994244, 47.854493505455565], [15.57479613994244, 47.8545768387889], [15.574962806609106, 47.8545768387889], [15.574962806609106, 47.85466017212223], [15.575212806609107, 47.85466017212223], [15.575212806609107, 47.854743505455566], [15.575379473275774, 47.854743505455566]]]}}, {"type": "Feature", "properties": {"klasse": "Wald"}, "geometry": {"type": "Polygon", "coordinates": [[[15.576712806609107, 47.855660172122235], [15.576682310629266, 47.855660172122235], [15.576712806609107, 47.85567647400838], [15.576712806609107, 47.855660172122235]]]}}, {"type": "Feature", "properties": {"klasse": "Wald"}, "geometry": {"type": "Polygon", "coordinates": [[[15.578462806609107, 47.856326838788895], [15.578443809690466, 47.856326838788895], [15.578462806609107, 47.85634367542411], [15.578462806609107, 47.856326838788895]]]}}, {"type": "Feature", "properties": {"klasse": "Wald"}, "geometry": {"type": "Polygon", "coordinates": [[[15.57854613994244, 47.85641017212223], [15.578537835398912, 47.85641017212223], [15.57854613994244, 47.85641753229325], [15.57854613994244, 47.85641017212223]]]}}, {"type": "Feature", "properties": {"klasse": "Wald"}, "geometry": {"type": "Polygon", "coordinates": [[[15.575488500000002, 47.85688999999999], [15.5753517, 47.8568126], [15.5755609, 47.856764], [15.5756655, 47.85658759999999], [15.575510000000001, 47.85674960000001], [15.5753303, 47.8567172], [15.5752015, 47.8568], [15.575164000000001, 47.85700339999999], [15.575338300000002, 47.8571149], [15.575488500000002, 47.85688999999999]]]}}, {"type": "Feature", "properties": {"klasse": "Wald"}, "geometry": {"type": "Polygon", "coordinates": [[[15.577505500000001, 47.857888800000005], [15.5774034, 47.85598920000001], [15.5773312, 47.855941499999986], [15.5773339, 47.85635189999999], [15.5773312, 47.8571617], [15.5773205, 47.85760989999999], [15.576547999999999, 47.8576135], [15.576585500000002, 47.8581453], [15.5763616, 47.8581543], [15.576384199999998, 47.85827219999999], [15.577172, 47.858267700000006], [15.577593100000001, 47.85830190000001], [15.577595000000002, 47.858152999999994], [15.577505500000001, 47.857888800000005]]]}}, {"type": "Feature", "properties": {"klasse": "Wald"}, "geometry": {"type": "Polygon", "coordinates": [[[15.5704111, 47.8725056], [15.570569299999999, 47.87251099999999], [15.570684700000001, 47.8724067], [15.5708161, 47.87236709999999], [15.570859, 47.872429999999994], [15.571282799999999, 47.8725038], [15.5713364, 47.8725632], [15.5716529, 47.8726028], [15.572098200000001, 47.872523599999994], [15.5718943, 47.872210499999994], [15.571773600000002, 47.872100799999984], [15.571679800000002, 47.87214759999999], [15.5717093, 47.872035999999994], [15.571631500000002, 47.87196409999999], [15.5714115, 47.871942499999996], [15.5715135, 47.87186689999999], [15.5712989, 47.8717751], [15.571339099999998, 47.872023399999996], [15.5711219, 47.87188849999999], [15.5709127, 47.87194250000001], [15.570979699999999, 47.8720504], [15.5708027, 47.8721206], [15.570716900000003, 47.8722177], [15.570655199999997, 47.8721422], [15.5702582, 47.872457], [15.5699819, 47.8725704], [15.570268900000002, 47.8726351], [15.5704111, 47.8725056]]]}}, {"type": "Feature", "properties": {"klasse": "Wald"}, "geometry": {"type": "Polygon", "coordinates": [[[15.574487999999999, 47.8726208], [15.574343200000001, 47.8726873], [15.574337799999999, 47.87257580000001], [15.573887200000001, 47.87248579999999], [15.574024, 47.8726963], [15.5742922, 47.872851], [15.574501499999998, 47.8726621], [15.574487999999999, 47.8726208]]]}}, {"type": "Feature", "properties": {"klasse": "Wald"}, "geometry": {"type": "Polygon", "coordinates": [[[15.573291800000002, 47.8721997], [15.5733186, 47.8723725], [15.573045, 47.872502], [15.5730584, 47.8726639], [15.573795999999998, 47.87301480000001], [15.574021300000002, 47.87311009999999], [15.574362, 47.873219899999995], [15.5745631, 47.8733098], [15.574936, 47.8734538], [15.574946700000002, 47.87340159999999], [15.574289600000002, 47.8730364], [15.5738604, 47.8726891], [15.573522400000002, 47.87223929999999], [15.5734017, 47.8721764], [15.573291800000002, 47.8721997]]]}}, {"type": "Feature", "properties": {"klasse": "Wald"}, "geometry": {"type": "Polygon", "coordinates": [[[15.5745524, 47.87305799999999], [15.5746677, 47.87309749999999], [15.5748662, 47.872964399999994], [15.574930600000002, 47.87282770000001], [15.574901099999998, 47.87272870000001], [15.574750899999998, 47.8726477], [15.574579200000002, 47.872667500000006], [15.5744183, 47.872888800000005], [15.5745524, 47.87305799999999]]]}}, {"type": "Feature", "properties": {"klasse": "Wald"}, "geometry": {"type": "MultiPolygon", "coordinates": [[[[15.5833581, 47.82528980000001], [15.583696099999997, 47.82559059999999], [15.583961600000002, 47.825713], [15.5841252, 47.82577069999999], [15.5842969, 47.825803099999995], [15.5845624, 47.825799499999995], [15.584763600000002, 47.82574009999999], [15.5850077, 47.82573639999998], [15.585292, 47.825763499999994], [15.585474400000003, 47.82586789999999], [15.5856219, 47.825804899999994], [15.5852571, 47.8256788], [15.5850452, 47.8256644], [15.5847019, 47.82569319999999], [15.584471200000001, 47.82572559999999], [15.584240600000001, 47.8257112], [15.5840126, 47.8256572], [15.583765800000002, 47.82555459999999], [15.583505600000002, 47.82530070000001], [15.5832401, 47.8251116], [15.5828968, 47.8249243], [15.5823469, 47.82449390000001], [15.582161800000002, 47.82427779999999], [15.581864099999999, 47.82356279999999], [15.581848000000003, 47.8233737], [15.582081399999998, 47.8233809], [15.582084099999998, 47.8232657], [15.5819526, 47.823028], [15.581855929828079, 47.82258947557077], [15.580861311613992, 47.82258947557077], [15.5809012, 47.82265339999999], [15.5810997, 47.8228497], [15.5816334, 47.82333409999999], [15.581756799999999, 47.8235916], [15.5819419, 47.82402389999999], [15.5821457, 47.8244507], [15.582330799999998, 47.824612699999996], [15.5824944, 47.824735200000006], [15.5832079, 47.825212400000005], [15.5833581, 47.82528980000001]]], [[[15.585831099999998, 47.825976], [15.5857828, 47.82619390000001], [15.5862265, 47.8263188], [15.5866221, 47.8265121], [15.5870676, 47.8268457], [15.587636000000002, 47.8273032], [15.5878857, 47.82725990000001], [15.587834699999998, 47.82746339999999], [15.5880627, 47.8277217], [15.5881673, 47.827904600000004], [15.5882461, 47.828297799999994], [15.5881539, 47.8286555], [15.5881619, 47.8288373], [15.5882797, 47.82908539999999], [15.5884168, 47.82915069999999], [15.588700499999998, 47.8296148], [15.5891195, 47.8299015], [15.5892799, 47.8302813], [15.5894536, 47.8304872], [15.588880800000002, 47.8307334], [15.588743999999998, 47.830715399999995], [15.5885267, 47.8306002], [15.588516, 47.8303571], [15.588483799999999, 47.8306326], [15.588622899999999, 47.83075379999999], [15.588909900000003, 47.8308749], [15.5891114, 47.83084509999999], [15.589637200000002, 47.83062], [15.58998, 47.830441500000006], [15.5907717, 47.829917699999996], [15.5908066, 47.82981509999999], [15.590996999999998, 47.82969990000001], [15.591187500000002, 47.8296837], [15.5920088, 47.8293385], [15.592302200000002, 47.8291724], [15.5925425, 47.82891409999998], [15.592668100000001, 47.82905519999999], [15.5927861, 47.8290768], [15.5928665, 47.828905799999994], [15.5928344, 47.8286969], [15.5929658, 47.82852220000001], [15.592970600000001, 47.82832659999999], [15.5932502, 47.828150399999984], [15.593609500000001, 47.8280288], [15.5937128, 47.8278121], [15.5938858, 47.82787580000001], [15.5940494, 47.8277677], [15.594298799999999, 47.8277281], [15.5946743, 47.82739860000001], [15.5948809, 47.82728689999998], [15.595151800000002, 47.8274004], [15.5953932, 47.8273661], [15.595516600000002, 47.82724189999999], [15.595470999999998, 47.827112199999995], [15.595167900000002, 47.82711939999999], [15.5948905, 47.8269452], [15.5946877, 47.82652930000001], [15.594869000000001, 47.826239300000005], [15.5951183, 47.82565579999999], [15.594832400000001, 47.825375799999996], [15.594754999999997, 47.8250319], [15.5942843, 47.8248599], [15.594035600000002, 47.824510999999994], [15.594263500000002, 47.82437309999999], [15.5944228, 47.82345360000001], [15.5943632, 47.823353899999994], [15.594285400000002, 47.8233629], [15.594064300000001, 47.82319799999999], [15.594047300000001, 47.8229332], [15.594278399999999, 47.822648099999995], [15.594282989675708, 47.82258947557077], [15.582169340992886, 47.82258947557077], [15.582210100000001, 47.8228623], [15.582701700000001, 47.823282299999995], [15.583360099999998, 47.8241398], [15.583212300000001, 47.82448529999999], [15.5835324, 47.8248558], [15.583511, 47.82513320000001], [15.583728299999999, 47.82524299999999], [15.583907000000002, 47.8251552], [15.584308400000001, 47.8251317], [15.584570500000002, 47.8253295], [15.584883500000002, 47.82542279999999], [15.5853157, 47.825443199999995], [15.5857096, 47.8256084], [15.585705687968973, 47.82561716526906], [15.5856219, 47.825804899999994], [15.585831099999998, 47.825976]], [[15.593660499999999, 47.8261939], [15.5944329, 47.8263847], [15.594545600000002, 47.826867299999996], [15.592807500000001, 47.82804139999998], [15.592646600000002, 47.827447199999995], [15.5927163, 47.8273319], [15.593156200000001, 47.82736799999999], [15.5934727, 47.8271843], [15.5935961, 47.827014999999996], [15.593252800000002, 47.8264604], [15.593660499999999, 47.8261939]]]]}}, {"type": "Feature", "properties": {"klasse": "Wald"}, "geometry": {"type": "Polygon", "coordinates": [[[15.586820800000002, 47.834107700000004], [15.5868182, 47.8339673], [15.586523099999999, 47.8342085], [15.5865097, 47.834601], [15.5867457, 47.8348873], [15.5867028, 47.834610000000005], [15.586735000000001, 47.8342283], [15.586820800000002, 47.834107700000004]]]}}, {"type": "Feature", "properties": {"klasse": "Wald"}, "geometry": {"type": "Polygon", "coordinates": [[[15.5869764, 47.8341221], [15.586925400000002, 47.8345236], [15.5868691, 47.83515380000001], [15.586766900000002, 47.83576839999999], [15.586847699999998, 47.836253899999996], [15.5869259, 47.8368865], [15.5870193, 47.83716129999999], [15.587114400000003, 47.83736019999999], [15.587284200000001, 47.8376485], [15.587431, 47.8376272], [15.587228500000002, 47.8373044], [15.5871145, 47.83709019999999], [15.5869684, 47.83621430000001], [15.5869147, 47.8358497], [15.586924099999997, 47.835622799999996], [15.586917400000003, 47.83548869999999], [15.5870059, 47.834905299999996], [15.5870917, 47.83429679999999], [15.5870917, 47.8339277], [15.5869764, 47.8341221]]]}}, {"type": "Feature", "properties": {"klasse": "Wald"}, "geometry": {"type": "Polygon", "coordinates": [[[15.582963800000002, 47.837710400000006], [15.5824435, 47.8375916], [15.582084099999998, 47.8376564], [15.5821592, 47.8378076], [15.582566900000002, 47.83779680000001], [15.583060400000003, 47.838070499999986], [15.5841547, 47.83822889999999], [15.585431500000002, 47.8382865], [15.5858982, 47.838286499999995], [15.58541, 47.8379301], [15.5848896, 47.837865199999996], [15.583575399999999, 47.8379012], [15.5831301, 47.837533999999984], [15.582963800000002, 47.837710400000006]]]}}, {"type": "Feature", "properties": {"klasse": "Wald"}, "geometry": {"type": "Polygon", "coordinates": [[[15.583352700000002, 47.84276380000001], [15.5833447, 47.84281059999999], [15.5839911, 47.8424758], [15.5839884, 47.84235879999999], [15.583849, 47.8422796], [15.5839294, 47.8424452], [15.583481500000001, 47.842711599999994], [15.583352700000002, 47.84276380000001]]]}}, {"type": "Feature", "properties": {"klasse": "Wald"}, "geometry": {"type": "Polygon", "coordinates": [[[15.583819400000001, 47.843440699999995], [15.583926700000001, 47.8434245], [15.583425199999999, 47.8429331], [15.5833688, 47.843019500000004], [15.583819400000001, 47.843440699999995]]]}}, {"type": "Feature", "properties": {"klasse": "Wald"}, "geometry": {"type": "Polygon", "coordinates": [[[15.5855843, 47.8453201], [15.585635299999998, 47.84544069999999], [15.585833800000001, 47.845172500000004], [15.585933, 47.8449079], [15.5859974, 47.844582], [15.586069800000002, 47.84428139999999], [15.5861691, 47.8440564], [15.586029600000002, 47.844132], [15.585812300000002, 47.84467200000001], [15.5858016, 47.84492230000001], [15.5856648, 47.8452409], [15.5855843, 47.8453201]]]}}, {"type": "Feature", "properties": {"klasse": "Wald"}, "geometry": {"type": "Polygon", "coordinates": [[[15.584901700000001, 47.845577500000005], [15.584587900000002, 47.84563869999998], [15.584392100000002, 47.8458142], [15.584306300000001, 47.84601399999999], [15.5843827, 47.8461058], [15.584837300000002, 47.8456738], [15.5849943, 47.8456207], [15.584901700000001, 47.845577500000005]]]}}, {"type": "Feature", "properties": {"klasse": "Wald"}, "geometry": {"type": "Polygon", "coordinates": [[[15.584608, 47.846121100000005], [15.584436400000001, 47.84623539999999], [15.5841869, 47.846345199999995], [15.584376, 47.846375800000004], [15.5846818, 47.84619760000001], [15.5849715, 47.8459744], [15.584608, 47.846121100000005]]]}}, {"type": "Feature", "properties": {"klasse": "Wald"}, "geometry": {"type": "Polygon", "coordinates": [[[15.5840166, 47.8463056], [15.584152, 47.84630649999999], [15.5843505, 47.8461364], [15.584217799999998, 47.846123799999994], [15.5840729, 47.846206599999995], [15.5840166, 47.8463056]]]}}, {"type": "Feature", "properties": {"klasse": "Wald"}, "geometry": {"type": "Polygon", "coordinates": [[[15.581629473275774, 47.859751723104765], [15.581352428193044, 47.85966482314546], [15.58146720597035, 47.859910172122234], [15.581629473275774, 47.859910172122234], [15.581629473275774, 47.859751723104765]]]}}, {"type": "Feature", "properties": {"klasse": "Wald"}, "geometry": {"type": "Polygon", "coordinates": [[[15.5835177, 47.861112], [15.583631699999998, 47.8609644], [15.5834466, 47.86086720000001], [15.583335092811447, 47.860826838788896], [15.583212806609106, 47.860826838788896], [15.583212806609106, 47.860782575999266], [15.5832079, 47.86078079999999], [15.583135384288347, 47.86074350545557], [15.583129473275774, 47.86074350545557], [15.583129473275774, 47.86074046544512], [15.5829316, 47.8606387], [15.5829807, 47.860575499999996], [15.582879473275772, 47.86049447932198], [15.582879473275772, 47.8605768387889], [15.582629473275773, 47.8605768387889], [15.582629473275773, 47.860493505455565], [15.58254613994244, 47.860493505455565], [15.58254613994244, 47.86041017212223], [15.582379473275774, 47.86041017212223], [15.582379473275774, 47.8603268387889], [15.582212806609107, 47.8603268387889], [15.582212806609107, 47.86053698524573], [15.582303247114673, 47.8605768387889], [15.582379473275774, 47.8605768387889], [15.582379473275774, 47.860610428634324], [15.582492357246363, 47.86066017212223], [15.58254613994244, 47.86066017212223], [15.58254613994244, 47.86068387202292], [15.582879473275772, 47.8608307588001], [15.582879473275772, 47.860826838788896], [15.582962806609107, 47.860826838788896], [15.582962806609107, 47.86086748049439], [15.58305968764146, 47.86091017212223], [15.583212806609106, 47.86091017212223], [15.583212806609106, 47.86097764557728], [15.5835177, 47.861112]]]}}, {"type": "Feature", "properties": {"klasse": "Wald"}, "geometry": {"type": "Polygon", "coordinates": [[[15.586629473275773, 47.86241017212223], [15.586629473275773, 47.86242841576843], [15.586712806609107, 47.862439821213606], [15.586712806609107, 47.86241017212223], [15.586629473275773, 47.86241017212223]]]}}, {"type": "Feature", "properties": {"klasse": "Wald"}, "geometry": {"type": "Polygon", "coordinates": [[[15.586670600000001, 47.864210699999994], [15.5861503, 47.86413700000001], [15.586268300000002, 47.8642089], [15.586579400000002, 47.8642953], [15.5866224, 47.8644249], [15.5871642, 47.8646516], [15.5872017, 47.8646012], [15.587089100000002, 47.86450399999999], [15.5867618, 47.8643925], [15.5867457, 47.86428449999999], [15.586831600000002, 47.8642701], [15.5871373, 47.86437449999999], [15.5873519, 47.8646048], [15.587362600000002, 47.8642953], [15.5874485, 47.8643421], [15.5876148, 47.864230500000005], [15.5876738, 47.863982199999995], [15.587292899999998, 47.863841799999996], [15.587097099999998, 47.864029], [15.586670600000001, 47.864210699999994]]]}}, {"type": "Feature", "properties": {"klasse": "Wald"}, "geometry": {"type": "Polygon", "coordinates": [[[15.58779613994244, 47.837076838788896], [15.587871158325001, 47.837076838788896], [15.587879473275773, 47.83708817709309], [15.587879473275773, 47.83716017212223], [15.587932270864643, 47.83716017212223], [15.587962806609106, 47.83720181080043], [15.587962806609106, 47.83724350545557], [15.587993383404287, 47.83724350545557], [15.58804613994244, 47.83731544450777], [15.58804613994244, 47.8373268387889], [15.588054495943926, 47.8373268387889], [15.588129473275773, 47.83742907821511], [15.588129473275773, 47.83749350545556], [15.588176721023206, 47.83749350545556], [15.588212806609107, 47.83754271192245], [15.588212806609107, 47.8375768387889], [15.588129473275773, 47.8375768387889], [15.588129473275773, 47.837603516999124], [15.5874538, 47.8367706], [15.587180300000002, 47.83675620000001], [15.587180300000002, 47.8369974], [15.5872983, 47.837224299999995], [15.587539699999999, 47.83761140000001], [15.5878079, 47.8376186], [15.5879635, 47.8380183], [15.5881003, 47.8380795], [15.5882129, 47.8384954], [15.587991200000001, 47.838774599999994], [15.587706, 47.840011200000006], [15.587427000000002, 47.840569300000006], [15.5875933, 47.84115979999999], [15.587840100000001, 47.84176109999999], [15.5877878, 47.842237299999994], [15.5877674, 47.842347499999995], [15.5885696, 47.842195], [15.5893183, 47.842005099999994], [15.590613300000001, 47.8416329], [15.5914825, 47.8412948], [15.5918069, 47.84113109999999], [15.5929738, 47.84049910000001], [15.5929551, 47.8404037], [15.593448900000002, 47.840156500000006], [15.5945048, 47.8397263], [15.5954656, 47.8392551], [15.5957518, 47.8390721], [15.5959913, 47.838873400000004], [15.596152699999998, 47.8387084], [15.596176, 47.8385627], [15.596015500000002, 47.838562], [15.596189100000002, 47.838232], [15.5965078, 47.838129], [15.5969076, 47.8378673], [15.597186300000002, 47.83757229999999], [15.5976553, 47.83670480000001], [15.598112799999997, 47.83608799999999], [15.5984194, 47.8357751], [15.598816, 47.835647599999994], [15.5988703, 47.83556159999999], [15.5986038, 47.83538430000001], [15.5986191, 47.8354935], [15.5982081, 47.83564019999999], [15.5980022, 47.8357323], [15.597865000000002, 47.8356786], [15.5977125, 47.83575789999999], [15.597654200000001, 47.835986000000005], [15.597411300000001, 47.83617499999999], [15.5973227, 47.8361635], [15.5973045, 47.8354278], [15.597205400000002, 47.83492869999999], [15.596934700000002, 47.83464970000001], [15.5965382, 47.834432199999995], [15.59642, 47.8341072], [15.5964929, 47.833878999999996], [15.596627599999998, 47.83406109999999], [15.597571099999998, 47.83451999999999], [15.5977294, 47.83466769999999], [15.5979371, 47.8346453], [15.598242399999998, 47.83487499999999], [15.598284599999998, 47.834683899999995], [15.5984321, 47.834665900000005], [15.5984308, 47.834456700000004], [15.5986504, 47.834422], [15.5986313, 47.83423510000001], [15.5987075, 47.83405599999999], [15.599144300000003, 47.83380399999999], [15.5992582, 47.8339691], [15.599626899999999, 47.834083099999994], [15.600311099999999, 47.8340308], [15.600810499999998, 47.833876800000006], [15.600982599999998, 47.83371], [15.6009336, 47.8329949], [15.6016302, 47.8330301], [15.6028931, 47.83382449999999], [15.6021808, 47.83434260000001], [15.601662300000001, 47.834455199999994], [15.601395999999998, 47.83474979999999], [15.600894799999999, 47.8347388], [15.6007478, 47.8347874], [15.6015479, 47.8349159], [15.6019619, 47.8347487], [15.601825100000001, 47.8353086], [15.6015998, 47.8353969], [15.6021899, 47.83541099999999], [15.602277000000003, 47.8353485], [15.602781699999998, 47.8353528], [15.603178200000002, 47.83544220000001], [15.603428966005277, 47.8355363263024], [15.603428966005277, 47.835158926320126], [15.603366399999999, 47.8351199], [15.602775500000002, 47.83513599999999], [15.602680200000002, 47.83500039999999], [15.6030107, 47.834701900000006], [15.6033425, 47.83454479999999], [15.603428966005277, 47.83446313070991], [15.603428966005277, 47.83441017212223], [15.603428966005277, 47.83413626317316], [15.6033862, 47.834176099999986], [15.603295000000001, 47.83446959999999], [15.603069700000002, 47.83454340000001], [15.6030831, 47.83445880000001], [15.6028712, 47.8345848], [15.602471500000002, 47.8345254], [15.6030187, 47.8341833], [15.603136699999999, 47.834001499999985], [15.603340600000001, 47.83399250000001], [15.603428966005277, 47.834023053669625], [15.603428966005277, 47.83383884247116], [15.603295000000001, 47.833754799999994], [15.603428966005277, 47.83366741796554], [15.603428966005277, 47.833313125570335], [15.6031689, 47.8333155], [15.602981200000002, 47.8332375], [15.6030125, 47.83269839999999], [15.602721000000003, 47.832309], [15.602274, 47.8316559], [15.6024963, 47.83127379999999], [15.602809700000002, 47.831151], [15.602799200000002, 47.8308061], [15.602762000000002, 47.830178], [15.603047100000001, 47.8303558], [15.6031269, 47.8306361], [15.603428966005277, 47.83149577939346], [15.603428966005277, 47.82542195512086], [15.602408000000002, 47.8254511], [15.6011011, 47.825044], [15.6007415, 47.82549509999999], [15.6007755, 47.825705299999996], [15.6018396, 47.8264793], [15.602443899999999, 47.826726699999995], [15.602329400000002, 47.826770100000005], [15.6010739, 47.82638669999999], [15.6003963, 47.82595679999999], [15.599458100000001, 47.82619669999999], [15.5990463, 47.82643879999999], [15.5981407, 47.826504699999994], [15.5979252, 47.8267593], [15.597679099999999, 47.826764999999995], [15.5974178, 47.8269616], [15.597296600000002, 47.8276127], [15.596469700000002, 47.82790769999999], [15.5962568, 47.82831509999999], [15.5959019, 47.828626299999996], [15.5954098, 47.82855609999999], [15.5960402, 47.8289613], [15.5960315, 47.8293163], [15.595914699999998, 47.8296544], [15.5963127, 47.8303184], [15.5946668, 47.83051520000001], [15.5947334, 47.83071359999999], [15.594009200000002, 47.83080729999999], [15.5937892, 47.83076760000001], [15.593794600000003, 47.83061279999999], [15.5935854, 47.8306164], [15.5933708, 47.83076400000001], [15.5934888, 47.8308397], [15.5934675, 47.8310187], [15.592539300000002, 47.83123220000001], [15.5921704, 47.83123899999999], [15.5916434, 47.8315095], [15.5914589, 47.8317785], [15.5915552, 47.8324124], [15.591398500000002, 47.83296879999999], [15.5908863, 47.833369499999996], [15.590155800000002, 47.8335731], [15.589748, 47.833645200000014], [15.5894655, 47.833545900000004], [15.589390400000001, 47.83336589999999], [15.5891687, 47.8333709], [15.588631100000002, 47.834005100000006], [15.587307700000002, 47.8352721], [15.587317000000002, 47.8354635], [15.587034900000003, 47.835481300000005], [15.5870193, 47.83612959999999], [15.587142700000001, 47.83660499999999], [15.5874485, 47.8365005], [15.587712806609106, 47.83686090967841], [15.587712806609106, 47.83691017212223], [15.587748933245718, 47.83691017212223], [15.58779613994244, 47.83697454338575], [15.58779613994244, 47.837076838788896]], [[15.5890149, 47.8379697], [15.589267, 47.8380399], [15.5893528, 47.838246899999994], [15.589926800000002, 47.838399899999985], [15.590235300000002, 47.83864119999999], [15.590728500000003, 47.838801499999995], [15.5911891, 47.838899999999995], [15.5916829, 47.8390571], [15.591601999999998, 47.8394699], [15.5912778, 47.8395304], [15.590794100000002, 47.839498], [15.5902567, 47.83933640000001], [15.590006200000001, 47.8392967], [15.589331400000003, 47.8392533], [15.5885214, 47.83913269999999], [15.5885267, 47.838904], [15.5884543, 47.838826600000004], [15.588628600000002, 47.838455800000006], [15.5886635, 47.83821089999999], [15.588577700000002, 47.838002100000004], [15.5883041, 47.837667200000006], [15.588752, 47.83769420000001], [15.5890149, 47.8379697]], [[15.591217, 47.841199399999994], [15.59071, 47.8414155], [15.5900851, 47.8416207], [15.5900878, 47.84144609999999], [15.5903614, 47.84110219999999], [15.590554500000001, 47.84099239999999], [15.5907637, 47.8409744], [15.591345700000002, 47.8406774], [15.5916595, 47.840610700000006], [15.591798549491845, 47.840740884149064], [15.591863399999998, 47.8408016], [15.591217, 47.841199399999994]], [[15.592802200000001, 47.8394333], [15.5929872, 47.8392965], [15.593462, 47.8393397], [15.5936578, 47.83944769999999], [15.593671199999998, 47.83955759999998], [15.5937839, 47.8396296], [15.593740900000002, 47.839815], [15.592802200000001, 47.840304700000004], [15.5925903, 47.840157100000006], [15.5930677, 47.83978619999999], [15.593046200000002, 47.8396098], [15.592802200000001, 47.8394333]]]}}, {"type": "Feature", "properties": {"klasse": "Wald"}, "geometry": {"type": "Polygon", "coordinates": [[[15.593647100000002, 47.8544315], [15.5932662, 47.8546539], [15.5930901, 47.8546733], [15.592841500000002, 47.85468949999999], [15.593298400000002, 47.855005600000005], [15.593344, 47.85500559999999], [15.5934956, 47.8548055], [15.5935626, 47.8548074], [15.593691999999999, 47.85486649999999], [15.5937919, 47.85478789999999], [15.594003800000001, 47.85438289999999], [15.5938321, 47.85438649999999], [15.5937302, 47.8545179], [15.593647100000002, 47.8544315]]]}}, {"type": "Feature", "properties": {"klasse": "Wald"}, "geometry": {"type": "Polygon", "coordinates": [[[15.593547800000001, 47.855254], [15.593700700000001, 47.8550452], [15.593592, 47.854878799999994], [15.593491500000003, 47.8549174], [15.5934432, 47.85512079999999], [15.593547800000001, 47.855254]]]}}, {"type": "Feature", "properties": {"klasse": "Wald"}, "geometry": {"type": "Polygon", "coordinates": [[[15.5901736, 47.8625372], [15.5898142, 47.862447200000005], [15.589449400000001, 47.862407600000004], [15.588921, 47.86244], [15.5889666, 47.862492200000005], [15.5894682, 47.86252279999999], [15.589693500000001, 47.86259479999999], [15.590444499999998, 47.86297270000001], [15.5904794, 47.863257], [15.5911741, 47.8631886], [15.591200950316829, 47.863243505455564], [15.591312522786097, 47.863243505455564], [15.591292092135095, 47.8632199623469], [15.591152686198331, 47.8631342257389], [15.5911231, 47.8630591], [15.5909944, 47.8629349], [15.5904525, 47.86263619999999], [15.5901736, 47.8625372]]]}}, {"type": "Feature", "properties": {"klasse": "Wald"}, "geometry": {"type": "Polygon", "coordinates": [[[15.592536600000003, 47.8646966], [15.592450800000002, 47.8649089], [15.592466100000001, 47.865055399999996], [15.5924186, 47.865177], [15.5923757, 47.865275999999994], [15.592558100000002, 47.865787], [15.5926533, 47.86584369999999], [15.592690900000001, 47.8656413], [15.5926841, 47.8653498], [15.592560800000001, 47.8650619], [15.592536600000003, 47.8646966]]]}}, {"type": "Feature", "properties": {"klasse": "Wald"}, "geometry": {"type": "Polygon", "coordinates": [[[15.590379473275773, 47.86592319165756], [15.590379473275773, 47.865910172122234], [15.59054613994244, 47.865910172122234], [15.59054613994244, 47.86589518450069], [15.590286300000002, 47.8659112], [15.590379473275773, 47.86592319165756]]]}}, {"type": "Feature", "properties": {"klasse": "Wald"}, "geometry": {"type": "Polygon", "coordinates": [[[15.592462806609106, 47.867660172122235], [15.592458615631063, 47.867660172122235], [15.592462806609106, 47.867666456291616], [15.592462806609106, 47.867660172122235]]]}}, {"type": "Feature", "properties": {"klasse": "Wald"}, "geometry": {"type": "Polygon", "coordinates": [[[15.592514191499435, 47.867743505455564], [15.592547400000003, 47.8677933], [15.5928209, 47.8680327], [15.593054299999999, 47.8681676], [15.593212806609106, 47.868210141535236], [15.593212806609106, 47.86816017212223], [15.593129473275773, 47.86816017212223], [15.593129473275773, 47.867993505455566], [15.59304613994244, 47.867993505455566], [15.59304613994244, 47.86791017212223], [15.592879473275774, 47.86791017212223], [15.592879473275774, 47.8678268387889], [15.59279613994244, 47.8678268387889], [15.59279613994244, 47.867743505455564], [15.592514191499435, 47.867743505455564]]]}}, {"type": "Feature", "properties": {"klasse": "Wald"}, "geometry": {"type": "Polygon", "coordinates": [[[15.59329613994244, 47.86824350545557], [15.593271032806753, 47.86824350545557], [15.59329613994244, 47.868278913302596], [15.59329613994244, 47.86824350545557]]]}}, {"type": "Feature", "properties": {"klasse": "Wald"}, "geometry": {"type": "Polygon", "coordinates": [[[15.5966216, 47.8237807], [15.5966582, 47.82432690000001], [15.5965614, 47.82494189999999], [15.5968469, 47.82513500000001], [15.5975728, 47.825218799999995], [15.5984752, 47.82501189999999], [15.599361300000002, 47.823857000000004], [15.5998888, 47.823091500000004], [15.599458692497345, 47.82258947557077], [15.59629613994244, 47.82258947557077], [15.596270957933358, 47.82258947557077], [15.5964125, 47.822942], [15.5966216, 47.8237807]]]}}, {"type": "Feature", "properties": {"klasse": "Wald"}, "geometry": {"type": "Polygon", "coordinates": [[[15.600312300000002, 47.82427599999999], [15.6007415, 47.8236277], [15.6004974, 47.82343139999999], [15.6004813, 47.823352099999994], [15.6005403, 47.823175600000006], [15.6003553, 47.8229595], [15.6002668, 47.82309099999999], [15.6004062, 47.8235466], [15.6001943, 47.82430479999999], [15.600312300000002, 47.82427599999999]]]}}, {"type": "Feature", "properties": {"klasse": "Wald"}, "geometry": {"type": "Polygon", "coordinates": [[[15.601798100000002, 47.82273610000001], [15.601776800000001, 47.823038799999985], [15.601642699999998, 47.82340620000001], [15.601637400000001, 47.82391040000001], [15.601825100000001, 47.8242526], [15.6022333, 47.82479380000001], [15.602659999999998, 47.82487689999999], [15.603428966005277, 47.82465868847708], [15.603428966005277, 47.82258947557077], [15.602300006700059, 47.82258947557077], [15.601798100000002, 47.82273610000001]]]}}, {"type": "Feature", "properties": {"klasse": "Wald"}, "geometry": {"type": "Polygon", "coordinates": [[[15.5969301, 47.82601019999999], [15.596932799999998, 47.826057000000006], [15.5971447, 47.8261794], [15.597496, 47.826246100000006], [15.597750800000002, 47.8261902], [15.597855400000002, 47.8260948], [15.598121, 47.8259652], [15.5980861, 47.82579410000001], [15.5975363, 47.82607139999999], [15.597117800000001, 47.8259615], [15.5969301, 47.82601019999999]]]}}, {"type": "Feature", "properties": {"klasse": "Wald"}, "geometry": {"type": "Polygon", "coordinates": [[[15.601455, 47.8458385], [15.601025799999999, 47.845779099999994], [15.601028500000002, 47.84560989999999], [15.6008407, 47.845644099999994], [15.600620800000002, 47.84585649999999], [15.6004338, 47.8459133], [15.600280200000002, 47.8457521], [15.599668600000001, 47.8457179], [15.5996257, 47.84587990000001], [15.5995184, 47.84603109999998], [15.5996069, 47.84610130000001], [15.5995372, 47.8464721], [15.59921, 47.8464019], [15.599065099999999, 47.8460491], [15.599177800000001, 47.84585649999999], [15.599040200000001, 47.84578119999999], [15.598936399999998, 47.84611029999999], [15.5987486, 47.846351500000004], [15.598552800000002, 47.84639109999999], [15.5985222, 47.8467092], [15.5982417, 47.847014], [15.5980378, 47.84690599999999], [15.5976591, 47.847226599999985], [15.597555000000002, 47.84750360000001], [15.597678399999998, 47.8480976], [15.597962700000002, 47.84821639999999], [15.5978379, 47.84856109999999], [15.5981864, 47.8488102], [15.598542600000002, 47.8487154], [15.5991139, 47.848469], [15.599476, 47.848529199999994], [15.5995284, 47.8491545], [15.599027000000001, 47.84979180000001], [15.598395299999998, 47.849539299999996], [15.5983221, 47.849775199999996], [15.597957400000002, 47.8500272], [15.5976292, 47.850381999999996], [15.5975759, 47.8511366], [15.596099099999998, 47.8522978], [15.595981600000002, 47.85246070000001], [15.596675400000002, 47.8520773], [15.5976549, 47.851461099999995], [15.598012, 47.850981799999985], [15.5988283, 47.850988599999994], [15.5995527, 47.850749], [15.5996037, 47.85006429999999], [15.5999506, 47.849311099999994], [15.6011647, 47.8500575], [15.6021544, 47.8502629], [15.602634000000002, 47.8500369], [15.6032053, 47.850235500000004], [15.6031951, 47.850488799999994], [15.603428966005277, 47.85049978000092], [15.603428966005277, 47.85041017212223], [15.603428966005277, 47.845228232872586], [15.603008, 47.8452589], [15.601940500000001, 47.8454227], [15.601653499999998, 47.84560990000001], [15.601532, 47.845562300000005], [15.601441600000001, 47.8456495], [15.601455, 47.8458385]]]}}, {"type": "Feature", "properties": {"klasse": "Wald"}, "geometry": {"type": "Polygon", "coordinates": [[[15.597252, 47.852601199999995], [15.597361700000002, 47.8526987], [15.5976005, 47.8527788], [15.597932700000001, 47.852822100000004], [15.5979973, 47.852683500000005], [15.597597200000001, 47.8523545], [15.597465000000001, 47.852378300000005], [15.597265, 47.852490800000005], [15.597252, 47.852601199999995]]]}}, {"type": "Feature", "properties": {"klasse": "Wald"}, "geometry": {"type": "Polygon", "coordinates": [[[15.603032100000002, 47.86362230000002], [15.6031743, 47.8636961], [15.603238600000001, 47.86361689999999], [15.6032601, 47.86299429999999], [15.603176900000001, 47.862947500000004], [15.602978500000003, 47.8629133], [15.602957, 47.8630986], [15.6026003, 47.86317600000001], [15.6024501, 47.862967299999994], [15.602230100000002, 47.86254439999999], [15.6022516, 47.862474199999994], [15.6020102, 47.862371599999996], [15.601910900000002, 47.8621179], [15.6016508, 47.86192179999999], [15.6016481, 47.8620333], [15.6017902, 47.8621197], [15.601929700000001, 47.862422], [15.601935099999999, 47.862999699999996], [15.6025493, 47.8636295], [15.6026351, 47.863633099999994], [15.602640499999998, 47.863431599999984], [15.6026915, 47.863278599999994], [15.603034800000001, 47.86325699999999], [15.603032100000002, 47.86362230000002]]]}}, {"type": "Feature", "properties": {"klasse": "Wald"}, "geometry": {"type": "Polygon", "coordinates": [[[15.603428966005277, 47.86379963943525], [15.603428966005277, 47.86363640705957], [15.603289599999998, 47.8637357], [15.6031474, 47.86378969999999], [15.6029168, 47.8637303], [15.6028041, 47.863804], [15.6031072, 47.86388860000001], [15.603428966005277, 47.86379963943525]]]}}, {"type": "Feature", "properties": {"klasse": "Wald"}, "geometry": {"type": "Polygon", "coordinates": [[[15.6019002, 47.868153199999995], [15.602037000000001, 47.86802549999999], [15.6018466, 47.8679679], [15.6019002, 47.8678347], [15.601581000000001, 47.8676728], [15.601589099999998, 47.867519800000004], [15.601417400000003, 47.867717799999994], [15.601291400000001, 47.8680165], [15.601082100000001, 47.8681964], [15.6009507, 47.8684015], [15.6009078, 47.8685401], [15.600776399999999, 47.8686138], [15.600379400000001, 47.86889630000001], [15.5995077, 47.8693444], [15.599469600000003, 47.869381], [15.599365500000001, 47.869481099999994], [15.5993333, 47.86960169999999], [15.5994433, 47.8694523], [15.600521600000002, 47.868876499999985], [15.6007984, 47.86866819999999], [15.6008515, 47.868799199999984], [15.6020129, 47.8688388], [15.601927000000002, 47.8687362], [15.6016293, 47.8686408], [15.6015408, 47.8684357], [15.6015784, 47.868352900000005], [15.6017554, 47.8682882], [15.601723200000002, 47.8680542], [15.6019002, 47.868153199999995]]]}}, {"type": "Feature", "properties": {"klasse": "Wald"}, "geometry": {"type": "Polygon", "coordinates": [[[15.596180400000001, 47.87008120000001], [15.596165700000002, 47.8700371], [15.596239399999998, 47.869961499999995], [15.5961898, 47.8698778], [15.595916200000001, 47.869779799999996], [15.595563500000003, 47.8699561], [15.595953800000002, 47.8703025], [15.5961643, 47.8704194], [15.5962864, 47.87042929999999], [15.5964915, 47.8703349], [15.5964258, 47.8701567], [15.5962837, 47.870253899999994], [15.5962555, 47.8702098], [15.5963092, 47.870092], [15.596302399999999, 47.870052400000006], [15.596180400000001, 47.87008120000001]]]}}, {"type": "Feature", "properties": {"klasse": "Wald"}, "geometry": {"type": "Polygon", "coordinates": [[[15.6000951, 47.8720684], [15.599979800000002, 47.8719802], [15.5999288, 47.87200899999999], [15.6004116, 47.872518199999995], [15.599962806609106, 47.87265795740925], [15.599962806609106, 47.87266017212223], [15.599955694653087, 47.87266017212223], [15.599879473275774, 47.872683907993654], [15.599879473275774, 47.87274350545557], [15.599712806609107, 47.87274350545557], [15.599712806609107, 47.872826838788896], [15.600212806609107, 47.872826838788896], [15.600212806609107, 47.87291017212223], [15.600129473275773, 47.87291017212223], [15.600129473275773, 47.8730768387889], [15.60029613994244, 47.8730768387889], [15.60029613994244, 47.87291017212223], [15.600712806609106, 47.87291017212223], [15.600712806609106, 47.87299350545557], [15.60079613994244, 47.87299350545557], [15.60079613994244, 47.8730768387889], [15.600629473275774, 47.8730768387889], [15.600629473275774, 47.8733268387889], [15.600712806609106, 47.8733268387889], [15.600712806609106, 47.873410172122234], [15.60104613994244, 47.873410172122234], [15.60104613994244, 47.87334167038945], [15.601068906095897, 47.87349350545556], [15.60104613994244, 47.87349350545556], [15.60104613994244, 47.873743505455565], [15.601076560901065, 47.873743505455565], [15.601071600000001, 47.8738886], [15.601201032733345, 47.87391017212223], [15.60104613994244, 47.87391017212223], [15.60104613994244, 47.8740768387889], [15.600962806609108, 47.8740768387889], [15.600962806609108, 47.87422730045759], [15.601047299999998, 47.87409790000001], [15.601212806609107, 47.874113739499705], [15.601212806609107, 47.8740768387889], [15.601379473275774, 47.8740768387889], [15.601379473275774, 47.87404209456907], [15.601179600000002, 47.8740029], [15.601213200000002, 47.87391220000001], [15.601235, 47.873612099999995], [15.601114300000003, 47.8732667], [15.60105, 47.8731011], [15.6009534, 47.87268550000001], [15.6010151, 47.872483999999986], [15.6011653, 47.8723905], [15.601243099999998, 47.8723851], [15.6013423, 47.872244699999996], [15.6014925, 47.872291499999996], [15.6015113, 47.87211879999999], [15.601417400000003, 47.8721224], [15.600768300000002, 47.87236529999999], [15.6005403, 47.872487599999985], [15.600430399999999, 47.8724318], [15.6000951, 47.8720684]], [[15.600379473275773, 47.87274350545557], [15.600379473275773, 47.872826838788896], [15.60029613994244, 47.872826838788896], [15.60029613994244, 47.87274350545557], [15.600379473275773, 47.87274350545557]]]}}, {"type": "Feature", "properties": {"klasse": "Wald"}, "geometry": {"type": "Polygon", "coordinates": [[[15.599629473275773, 47.872826838788896], [15.599629473275773, 47.87290773427018], [15.599712806609107, 47.8729809692095], [15.599712806609107, 47.872826838788896], [15.599629473275773, 47.872826838788896]]]}}, {"type": "Feature", "properties": {"klasse": "Wald"}, "geometry": {"type": "Polygon", "coordinates": [[[15.6001977, 47.87439419999999], [15.600205625098821, 47.87441017212223], [15.600446753681434, 47.87441017212223], [15.6003543, 47.87426179999999], [15.6002243, 47.8741282], [15.6001407, 47.8742634], [15.6001977, 47.87439419999999]]]}}, {"type": "Feature", "properties": {"klasse": "Wald"}, "geometry": {"type": "Polygon", "coordinates": [[[15.60074369088563, 47.874326838788896], [15.60069736127066, 47.87441017212223], [15.600841370082106, 47.87441017212223], [15.6008488, 47.874401899999995], [15.600897812007906, 47.874326838788896], [15.60074369088563, 47.874326838788896]]]}}, {"type": "Feature", "properties": {"klasse": "Wasser"}, "geometry": {"type": "Polygon", "coordinates": [[[15.519250607075472, 47.82291265754806], [15.519284191485239, 47.822913832219925], [15.519317781050484, 47.822912726426054], [15.519732482813586, 47.82288492630105], [15.5197400606918, 47.82288435939369], [15.520358663300803, 47.822833259166806], [15.520395298001937, 47.822828825540554], [15.521307801609783, 47.822682624918194], [15.521352205974653, 47.822673266755636], [15.521670157207682, 47.82258947557077], [15.518226398246746, 47.82258947557077], [15.518568638639946, 47.82274627765004], [15.518591363930625, 47.82275581501684], [15.51861515064138, 47.822764095711484], [15.518780451150553, 47.82281609591131], [15.518821910851695, 47.82282693713694], [15.519184812205921, 47.82290353744483], [15.519217368318204, 47.822909214319935], [15.519250607075472, 47.82291265754806]]]}}, {"type": "Feature", "properties": {"klasse": "Wasser"}, "geometry": {"type": "Polygon", "coordinates": [[[15.505570731430316, 47.83667222308889], [15.505575606784735, 47.83665039472144], [15.505577280876079, 47.83662834972197], [15.505575737585986, 47.83660630039599], [15.505570991781243, 47.83658445909045], [15.50556308917044, 47.83656303614865], [15.50555210586363, 47.83654223788456], [15.505538147639212, 47.83652226459599], [15.5055213489251, 47.83650330863554], [15.505501871504006, 47.8364855525583], [15.50547990295532, 47.83646916736368], [15.505455654848578, 47.83645431084872], [15.505429360705886, 47.836441126088424], [15.505401273753034, 47.83642974005792], [15.505371664480798, 47.83642026240973], [15.505340818040064, 47.83641278441775], [15.505309031495774, 47.83640737809827], [15.505276610966119, 47.83640409551644], [15.505243868674627, 47.83640296828498], [15.505211119943406, 47.83640400725959], [15.505178680156577, 47.83640720243452], [15.505146861723135, 47.836412523038916], [15.50511597106838, 47.83641991783307], [15.505086305683069, 47.83642931560196], [15.50505815125849, 47.83644062584097], [15.50504613994244, 47.836446598535666], [15.50504613994244, 47.83702684549659], [15.505454622481382, 47.836802059972705], [15.505478958751969, 47.83678726883616], [15.505501024516102, 47.83677094288831], [15.50552060726882, 47.83675323935826], [15.505537518418691, 47.83673432874204], [15.505551595104029, 47.83671439316036], [15.505562701761248, 47.83669362460485], [15.505570731430316, 47.83667222308889]]]}}, {"type": "Feature", "properties": {"klasse": "Wasser"}, "geometry": {"type": "Polygon", "coordinates": [[[15.508238543984374, 47.837247642143275], [15.508201236003904, 47.83731727389421], [15.508190764395199, 47.837340755849965], [15.50818415093394, 47.83736486564777], [15.508181474199379, 47.83738931684162], [15.508175272792634, 47.83760851682887], [15.508176922041738, 47.837635528272656], [15.508221261355176, 47.8379294574864], [15.50817381326888, 47.838095136958486], [15.508090071574713, 47.8382525586253], [15.50808585096509, 47.838261017679166], [15.508056446582325, 47.838324067090774], [15.507896373598026, 47.838404688108334], [15.50787113419228, 47.83841875046826], [15.507544811086472, 47.83861950322469], [15.507267306157843, 47.83869660508031], [15.506708738720564, 47.838783433880806], [15.506674615830244, 47.83879004183693], [15.50664172724966, 47.83879905055103], [15.506610444439678, 47.83881035827417], [15.506216045349515, 47.838971657680354], [15.50617969184166, 47.83898885221233], [15.505956373938139, 47.83911017543027], [15.505628531139628, 47.83920550419316], [15.505596884611162, 47.83921607595801], [15.505335899598771, 47.83931516546098], [15.50504613994244, 47.83938853685239], [15.50504613994244, 47.839874998517395], [15.505273761637605, 47.83981153032298], [15.50559521579771, 47.83973013326831], [15.505618883069923, 47.83972343065334], [15.505641715907487, 47.8397155242003], [15.505909708965504, 47.83961377374294], [15.506263171103638, 47.83951099521569], [15.506290325049138, 47.83950209853076], [15.506316174838084, 47.839491587454454], [15.506340509275418, 47.83947954786354], [15.50658198370497, 47.83934836019533], [15.506911425857371, 47.83921362625571], [15.507444464247511, 47.839130765671044], [15.50747095001583, 47.83912586827894], [15.50749674875703, 47.83911952271333], [15.507854149935504, 47.83902022231586], [15.507880574408466, 47.8390119550207], [15.507905828423901, 47.839002169046815], [15.507929719885981, 47.83899093883189], [15.507952067063588, 47.83897834979937], [15.50830976018512, 47.83875829738237], [15.508508269325553, 47.83865831758336], [15.508696020499517, 47.83860726236122], [15.508725945443592, 47.83859794351832], [15.508754360341365, 47.83858668418328], [15.508780988450564, 47.83857359401501], [15.508805570431685, 47.83855880050347], [15.508827866873812, 47.838542447727995], [15.508949388579866, 47.83844397882771], [15.509037199133456, 47.83842211775364], [15.509317050776456, 47.8384078937565], [15.50932644527921, 47.838407326352964], [15.509739347033184, 47.83837842622343], [15.50976895599715, 47.83837544578687], [15.510397458555474, 47.83829264542947], [15.510421634597202, 47.838288827233995], [15.510914636491712, 47.838197826851136], [15.510945792378472, 47.838190952804574], [15.510975797474329, 47.83818205582721], [15.511004362811079, 47.8381712216028], [15.511031213286811, 47.83815855447203], [15.511056090315405, 47.83814417642757], [15.511078754316872, 47.8381282259392], [15.511098987024695, 47.8381108566202], [15.51111659358783, 47.8380922357479], [15.511131404447195, 47.83807254265276], [15.51114327696855, 47.83805196699108], [15.511152096816042, 47.838030706918666], [15.511157779053223, 47.83800896718234], [15.511160268960873, 47.83798695714807], [15.51115954256386, 47.83796488878472], [15.511155606861854, 47.837942974622635], [15.511148499761768, 47.837921425706796], [15.511138289712544, 47.83790044956448], [15.511125075045811, 47.8378802482066], [15.511108983028775, 47.837861016182245], [15.511090168638441, 47.83784293870515], [15.511068813069048, 47.837826189870036], [15.511045121987, 47.83781093097596], [15.51101932355016, 47.8377973089731], [15.510991666210591, 47.83778545504743], [15.510962416321844, 47.83777548335754], [15.510931855573904, 47.83776748993516], [15.510900278280465, 47.83776155176039], [15.510867988544621, 47.83775772602045], [15.51083529733034, 47.83775604955882], [15.510802519467859, 47.83775653852056], [15.510769970621837, 47.83775918819678], [15.510737964251497, 47.837763973069976], [15.510256948619036, 47.837852760941864], [15.50965534964265, 47.83793201692823], [15.509262046288073, 47.83795954528114], [15.50894015084659, 47.83797590615244], [15.508909339913663, 47.837978445762175], [15.508886737020608, 47.837981765205434], [15.508891238811986, 47.83796054196111], [15.508892687220737, 47.83793870204563], [15.508890979723729, 47.83791687061703], [15.50884371011929, 47.837603543050975], [15.508848476175801, 47.83743500170661], [15.508885164366319, 47.837366525092825], [15.508895355251916, 47.83734381819918], [15.508901937735425, 47.83732051500143], [15.50890483861524, 47.83729687466394], [15.508909879453542, 47.83718254487306], [15.50897482680175, 47.83701968200106], [15.509180503373722, 47.836840204247046], [15.509199233112765, 47.83682208713307], [15.509215235143454, 47.83680282121952], [15.509228355359637, 47.83678259204885], [15.50923846740925, 47.83676159444], [15.509245473911035, 47.83674003061223], [15.50924930739227, 47.836718108237505], [15.5092499309384, 47.836696038440635], [15.50924733854841, 47.836674033765824], [15.509241555192453, 47.8366523061299], [15.509232636571229, 47.836631064781386], [15.509220668579387, 47.83661051428536], [15.509205766478212, 47.8365908525534], [15.509188073785456, 47.836572268937616], [15.509167760893106, 47.83655494240715], [15.509145023426345, 47.836539039824636], [15.50912008035954, 47.836524714339276], [15.509093171907391, 47.83651210391198], [15.509064557211572, 47.8365013299868], [15.50903451184509, 47.83649249632136], [15.509003325158458, 47.83648568798772], [15.508971297493213, 47.83648097055303], [15.50893873728956, 47.83647838944827], [15.508905958116088, 47.83647796953053], [15.508873275650089, 47.83647971484385], [15.508841004637553, 47.8364836085801], [15.508809455862153, 47.836489613241], [15.508778933152385, 47.836497670999066], [15.508749730455655, 47.83650770425467], [15.508722129007522, 47.83651961638314], [15.508696394623339, 47.83653329266543], [15.508672775138365, 47.83654860139277], [15.508651498021022, 47.83656539513513], [15.508404997569471, 47.83678049457398], [15.508386172218852, 47.83679871424596], [15.508370105436022, 47.83681809435636], [15.508356953655454, 47.836838446214244], [15.508346844930713, 47.83685957166721], [15.50825444359356, 47.83709127141473], [15.508246569567937, 47.83711687678095], [15.508243162364334, 47.83714292437896], [15.508238543984374, 47.837247642143275]]]}}, {"type": "Feature", "properties": {"klasse": "Wasser"}, "geometry": {"type": "Polygon", "coordinates": [[[15.505283197843346, 47.842935534965996], [15.505313919373032, 47.84292187532687], [15.505735002868352, 47.84271133330456], [15.506195538397106, 47.84258434924685], [15.506225234534261, 47.84257499056973], [15.506253425067124, 47.842563717424525], [15.506279838503522, 47.842550638379045], [15.506304220466433, 47.8425358793929], [15.506326336143815, 47.84251958260459], [15.50634597254999, 47.842501904962404], [15.506362940576814, 47.84248301671303], [15.506377076814818, 47.84246309976184], [15.506388245126887, 47.842442345921], [15.506396337959211, 47.84242095506218], [15.506401277376986, 47.842399133191705], [15.506403015814815, 47.84237709046652], [15.506401536534646, 47.84235503917021], [15.506396853786821, 47.8423331916687], [15.506389012672658, 47.842311758364986], [15.50637808870998, 47.84229094567283], [15.506364187105676, 47.842270954028976], [15.506347441742385, 47.84225197596284], [15.506328013889046, 47.84223419424234], [15.5063060906477, 47.8422177801139], [15.506281883151546, 47.84220289165319], [15.506255624531631, 47.84218967224286], [15.506227567671637, 47.842178249191754], [15.506197982772548, 47.84216873250892], [15.506167154750543, 47.842161213844136], [15.506135380493175, 47.84215576560544], [15.506102966000325, 47.84215244026167], [15.506070223437378, 47.84215126983732], [15.506037468129064, 47.84215226560412], [15.506005015522838, 47.842155417972386], [15.50597317815114, 47.84216069658351], [15.505942262621662, 47.842168050602226], [15.50544286427555, 47.842305750050336], [15.505417558502124, 47.84231357167164], [15.505393308038478, 47.842322784684974], [15.505370281316896, 47.842333325101336], [15.50504613994244, 47.84249539560992], [15.50504613994244, 47.842992031915976], [15.505216014815327, 47.842955641719065], [15.505250430367294, 47.84294683617082], [15.505283197843346, 47.842935534965996]]]}}, {"type": "Feature", "properties": {"klasse": "Wasser"}, "geometry": {"type": "Polygon", "coordinates": [[[15.506946162044054, 47.855053143943245], [15.506977140871154, 47.85506267400007], [15.507009400075864, 47.8550700322789], [15.507294232048952, 47.85512428153138], [15.507571571118175, 47.85519923294872], [15.50759973466166, 47.85520587771242], [15.507628666664948, 47.855210804973346], [15.50765813641158, 47.85521397543936], [15.507687908896724, 47.855215363827774], [15.507708112907357, 47.855215089753784], [15.50771640972959, 47.85522383664905], [15.507734111254434, 47.855240732744996], [15.507754042969998, 47.855256463586514], [15.507776036493961, 47.855270896278604], [15.507799906025253, 47.85528390889299], [15.507825449913714, 47.855295391498174], [15.507852452363649, 47.855305247088275], [15.507880685256922, 47.855313392402486], [15.507968585564177, 47.85533559249048], [15.507998672207007, 47.855342116543994], [15.508029540080338, 47.85534669829893], [15.508060913041664, 47.8553492967671], [15.508092510429803, 47.855349888702726], [15.508124049575795, 47.855348468810384], [15.508155248331727, 47.855345049792405], [15.50818582759493, 47.85533966223518], [15.508538528903166, 47.85526536192651], [15.508568508007343, 47.85525797092792], [15.509142009876443, 47.85509527027854], [15.509153520978296, 47.85509154686143], [15.509165149571187, 47.85508799266758], [15.509168294944143, 47.8550867680281], [15.509171570090722, 47.85508570863892], [15.509182483507972, 47.85508124376258], [15.509193538495115, 47.8550769395437], [15.509196490373483, 47.855075513300626], [15.509199595466402, 47.85507424295096], [15.509209806096779, 47.85506907961474], [15.509220181011187, 47.855064066823566], [15.509222910966587, 47.85506245271255], [15.509225816101926, 47.8550609836367], [15.509225837936965, 47.85506097014962], [15.50958373072791, 47.855164545284666], [15.509659261630436, 47.85521350762498], [15.509685632421114, 47.85522889892015], [15.509714244581783, 47.855242355051004], [15.509744785994405, 47.855253729229524], [15.509776923494739, 47.85526289737889], [15.509810306506782, 47.85526975948698], [15.51020195338205, 47.85533543128219], [15.510367273091815, 47.85540557646487], [15.510398629424317, 47.85541734652522], [15.51043168083655, 47.85542678472171], [15.510466045872398, 47.855433782125154], [15.510501327914238, 47.85543825797622], [15.510614318010425, 47.85544839816142], [15.510668060369378, 47.855479215486504], [15.510695443088943, 47.855493342740715], [15.510724843991682, 47.855505494610725], [15.510755949721261, 47.855515541580736], [15.510788428750518, 47.855523376569174], [15.510821934915008, 47.85552891606987], [15.51104337809716, 47.855557460579575], [15.511286950966786, 47.85564630994624], [15.511288562084575, 47.85564969106771], [15.511288844578743, 47.85565019706311], [15.511289055744962, 47.855650718581956], [15.511294611985754, 47.855660527476175], [15.511300098194187, 47.85567035421446], [15.511300453018544, 47.85567083913742], [15.511300739119093, 47.85567134421452], [15.511307697120465, 47.85568073933517], [15.511314588025101, 47.85569015683362], [15.511315011762603, 47.85569061601407], [15.511315370042205, 47.85569109978519], [15.511323662795592, 47.85569999065113], [15.511331892034798, 47.855708908214034], [15.51133238060467, 47.8557093372298], [15.51133280761295, 47.85570979503593], [15.511342355256135, 47.85571809602341], [15.511351843577987, 47.855726427768445], [15.511352392274993, 47.85572682248775], [15.511352883899743, 47.85572724992004], [15.511363594484244, 47.855734881085255], [15.511374250511446, 47.855742546772646], [15.511374854051454, 47.85574290339419], [15.511375405557969, 47.85574329633608], [15.51144740557811, 47.855789796479804], [15.51147154812454, 47.855803957366604], [15.511497593670756, 47.85581649802333], [15.511525303066085, 47.85582730330083], [15.511554421881783, 47.85583627398428], [15.511584682747262, 47.85584332770418], [15.512837687515985, 47.856090828704595], [15.51287665702567, 47.85609684838454], [15.512916415779591, 47.8560996928441], [15.513210133229451, 47.856108801826664], [15.513429149733051, 47.85613552470746], [15.513685071402056, 47.85620689395533], [15.513773982928813, 47.85623920177743], [15.513848026187441, 47.85628251116567], [15.513949667346147, 47.85640761473586], [15.513962290454645, 47.856421875033206], [15.51397644175997, 47.85643546997144], [15.514107941509273, 47.85655237027479], [15.514128824025516, 47.85656916776741], [15.51415203487352, 47.85658451875973], [15.514270734956085, 47.85665571898724], [15.514293031928249, 47.8566679755636], [15.514316813450334, 47.856678895207345], [15.514341903058927, 47.85668839689227], [15.51436811458399, 47.85669641011367], [15.514496715018247, 47.85673131025083], [15.514516402616364, 47.85673617559875], [15.51468290322699, 47.856773375747814], [15.5146938398803, 47.85677542423023], [15.51470467952376, 47.85677769428811], [15.514709630296338, 47.85677838184338], [15.514714500292495, 47.8567792940147], [15.514725682620442, 47.85678061116412], [15.514736800675008, 47.8567821552215], [15.51474182774243, 47.8567825128735], [15.514746807135321, 47.85678309938862], [15.514758127444326, 47.85678367251996], [15.514769416836067, 47.856784475706625], [15.51497190046096, 47.856792146498], [15.515090004724538, 47.85686331867992], [15.515225154215008, 47.85694576107414], [15.515256959408406, 47.856962905955946], [15.515291628474063, 47.856977318326166], [15.515380828718238, 47.857009518446894], [15.515404582444212, 47.85701729594939], [15.515802383724532, 47.85713469640552], [15.515838102747948, 47.85714364094907], [15.515875102603783, 47.857149790480165], [15.516355304577964, 47.85721029072778], [15.516387557205709, 47.85721326851147], [15.516420087295584, 47.85721412030077], [15.516452586194744, 47.85721283801378], [15.516484745546295, 47.857209433817104], [15.516897506853015, 47.857151752478714], [15.517915767656978, 47.85708968211649], [15.51791865017815, 47.85709562749688], [15.517979849614658, 47.85720522766424], [15.517993549588855, 47.85722639422557], [15.518010401304418, 47.857246504131005], [15.518030227221137, 47.857265345509646], [15.518052818463003, 47.857282719855164], [15.518077937018772, 47.857298444117205], [15.518105318249525, 47.857312352630025], [15.51813467367681, 47.85732429885785], [15.518165694021977, 47.8573341569389], [15.518198052464717, 47.85734182301133], [15.518308252883479, 47.85736372309981], [15.518340933355008, 47.85736903110991], [15.518374240836893, 47.85737210263237], [15.518407838306905, 47.85737290658794], [15.518652195897769, 47.857370476068574], [15.51901900187432, 47.85742221875623], [15.519403399933847, 47.85764028437905], [15.519428485936611, 47.857653201570294], [15.519455271800958, 47.8576644672567], [15.51948351827979, 47.857673980814475], [15.51951297307955, 47.8576816572697], [15.519543373113708, 47.85768742805715], [15.519574446852689, 47.85769124163274], [15.519605916749251, 47.857693063934065], [15.519637501717567, 47.85769287868454], [15.51966891964397, 47.85769068753879], [15.519699889906864, 47.85768651006792], [15.519730135883279, 47.85768038358468], [15.519759387419752, 47.857672362810135], [15.520110288493616, 47.85756286238033], [15.520137559666185, 47.85755330290751], [15.520163409996385, 47.85754209708494], [15.52018762067606, 47.85752933976391], [15.520209986776255, 47.85751513892818], [15.520230318981834, 47.85749961478001], [15.520248445193907, 47.85748289872267], [15.520280363997756, 47.85745042470503], [15.520533462542229, 47.85744386446472], [15.520569217890898, 47.857441638462504], [15.520604412020155, 47.85743684361577], [15.520638638667815, 47.85742953527371], [15.52067150274021, 47.8574197977999], [15.520702624873092, 47.85740774359853], [15.520899543682717, 47.85732167841892], [15.520904537845231, 47.85732507701272], [15.520984605552197, 47.85737968694998], [15.52101000795221, 47.857395314607906], [15.521037663657655, 47.85740910123823], [15.52106727940378, 47.857420900644954], [15.521098541140516, 47.85743058770479], [15.521131117362774, 47.85743805969421], [15.5211646626259, 47.8574432373787], [15.521320263269589, 47.85746163745399], [15.521360677264296, 47.857464725249976], [15.521401349303611, 47.85746448619327], [15.52198515180841, 47.857437086066774], [15.522017748558667, 47.85743446838363], [15.52204980647545, 47.85742971107181], [15.522081016260511, 47.8574228600304], [15.522111076798767, 47.857413981359024], [15.522139698063611, 47.857403160720054], [15.52237529622785, 47.85730354081592], [15.522584045147413, 47.85730744976486], [15.522899713027366, 47.85741440692568], [15.522928425467928, 47.857423021428325], [15.52295821353094, 47.85742978221959], [15.522988813668814, 47.85743462948384], [15.523019955148918, 47.857437520335225], [15.52338705671901, 47.857459820424545], [15.523420226574759, 47.85746072121655], [15.523453365583133, 47.85745940292157], [15.523486146789791, 47.85745587854612], [15.523518246770637, 47.857450182862216], [15.524096353875041, 47.857326637729685], [15.52450903324186, 47.857329079014086], [15.525014340074181, 47.857346998394064], [15.525625391940817, 47.85743378400845], [15.525656006255629, 47.85743714189915], [15.525686951281285, 47.857438575152216], [15.525717960467626, 47.8574380714221], [15.526064861955678, 47.85742157134596], [15.526090959450688, 47.85741963417422], [15.526215497265458, 47.85740704045985], [15.526357743033246, 47.85739269306174], [15.526712625331772, 47.857525456607014], [15.528347227940012, 47.8582057797881], [15.528661632767552, 47.85834328259514], [15.528805641325029, 47.8584063160964], [15.529266996586387, 47.85863324874355], [15.529378291402368, 47.858698641436696], [15.529387238118522, 47.85870339835578], [15.529395969235072, 47.858708333387185], [15.530263570525857, 47.85915173489599], [15.53026897653449, 47.85915444030364], [15.530863641408647, 47.859445816502095], [15.531082895829995, 47.859638681505764], [15.531370228816296, 47.860101253941195], [15.531387614921405, 47.860125160320806], [15.53155261417995, 47.860321660738045], [15.531569410590121, 47.86033962786422], [15.531588648946343, 47.86035644943198], [15.531610157912924, 47.86037197562746], [15.531633745931474, 47.8603860681733], [15.531659202926907, 47.86039860156027], [15.532002003631778, 47.86055120210318], [15.532033783960095, 47.860563712998875], [15.532067416252117, 47.86057379558487], [15.532102492387814, 47.86058132751106], [15.532424493649378, 47.86063752773946], [15.5324579622259, 47.8606421549268], [15.53249195789253, 47.860644458456804], [15.53252612538413, 47.860644414256896], [15.532917827070372, 47.86063041419054], [15.532953940647468, 47.86062779324854], [15.532989418345368, 47.86062255050219], [15.533348419722053, 47.860555550220155], [15.533389021721863, 47.86054604177749], [15.534611831407119, 47.86019884841137], [15.535247972959676, 47.860076673592964], [15.536333891426008, 47.85994737971581], [15.536419482500362, 47.8599536372842], [15.536532343730062, 47.86002337991922], [15.53655851728469, 47.860037974673084], [15.536586758157773, 47.860050704922294], [15.536616774264903, 47.86006143900224], [15.536648255160419, 47.860070065893886], [15.536680875248305, 47.86007649637216], [15.536714297149812, 47.86008066392868], [15.536748175192999, 47.86008252545977], [15.536782158988007, 47.86008206171221], [15.536815897051188, 47.86007927748244], [15.53684904044052, 47.86007420156686], [15.536881246364747, 47.86006688646404], [15.537331774421517, 47.85994705802468], [15.537724060034167, 47.859881276514464], [15.5378931884239, 47.85987233650776], [15.538257272598699, 47.85986971787097], [15.538288757611117, 47.85986848994372], [15.538319930475287, 47.85986527032917], [15.538601431617272, 47.85982697016386], [15.538631196624543, 47.85982195331037], [15.538660152528022, 47.85981512053269], [15.538688055274466, 47.859806529420595], [15.538714669687426, 47.859796252383894], [15.538739771449507, 47.85978437604206], [15.538763148993022, 47.85977100049419], [15.538894795534016, 47.859688379349805], [15.539485807559569, 47.8595654845841], [15.5398547257221, 47.85954301513046], [15.539887863424616, 47.85953986455247], [15.539920366819263, 47.8595344995054], [15.539951910012586, 47.85952697378164], [15.53998217673891, 47.8595173628375], [15.54001086353144, 47.85950576303652], [15.540624292796661, 47.85922867301518], [15.541053584401187, 47.8590659959102], [15.541082393636662, 47.85905373636224], [15.5411091976805, 47.859039565840014], [15.541133717753372, 47.85902363172701], [15.54115569883156, 47.85900609974917], [15.541174912299352, 47.85898715225117], [15.541191158326757, 47.85896698629986], [15.54120426794779, 47.858945811634605], [15.5412141048177, 47.8589238484858], [15.541220566630926, 47.858901325284286], [15.541225743823604, 47.85887655029509], [15.541747598161693, 47.85874182961302], [15.542456362891446, 47.858657386629716], [15.542488914488679, 47.858652368015015], [15.542520559416955, 47.85864518825685], [15.542550981741853, 47.858635919036104], [15.542790518257759, 47.85855299369363], [15.542887141626213, 47.85855282998219], [15.542919379630135, 47.85855172625861], [15.542951309062083, 47.8585485346674], [15.542982632079534, 47.85854328498017], [15.54301305649691, 47.85853602616683], [15.543391157748788, 47.8584317257483], [15.543417798668576, 47.85842343947197], [15.543443256732099, 47.85841361224734], [15.543847157604855, 47.85824141162039], [15.54387526968292, 47.858228011712036], [15.543901182905325, 47.85821273548731], [15.543974204420142, 47.85816499403509], [15.544007745126155, 47.85816383453226], [15.544040668145813, 47.85816159241536], [15.544073100338109, 47.85815717016343], [15.54410472376451, 47.85815061112866], [15.54413522841527, 47.85814197961042], [15.544355629071914, 47.858070779332756], [15.544387802374938, 47.858058880572614], [15.544417842498778, 47.858044678793775], [15.544445387001474, 47.858028345345375], [15.544750587422312, 47.85782627413847], [15.54502836337855, 47.85764481156306], [15.545427020559583, 47.857482946431006], [15.545657697294951, 47.85740812717097], [15.545681820161136, 47.85739946751703], [15.545704810620629, 47.8573895098598], [15.546023111181078, 47.85723890932954], [15.546045370193372, 47.85722740842663], [15.54606611715461, 47.857214691319705], [15.546085205796436, 47.8572008476665], [15.546315878743306, 47.85701878896612], [15.546815410160965, 47.856637722114776], [15.547249305883396, 47.8563332722647], [15.547520295626361, 47.85616212035044], [15.54754351713034, 47.85614590818711], [15.547564213692537, 47.856128214567356], [15.547582177876038, 47.85610921683257], [15.547597229630904, 47.85608910539494], [15.54765842918805, 47.85599600523524], [15.547671254547938, 47.85597323701191], [15.547727329912288, 47.855854693933246], [15.547832421997919, 47.85584640009647], [15.547870344611939, 47.855841903986274], [15.547907247075356, 47.85583450184154], [15.548585333910967, 47.85566930775376], [15.548773587602183, 47.85563009819152], [15.548901975485064, 47.85562618889767], [15.54901285099306, 47.85566956509999], [15.54904077447865, 47.85567933559522], [15.549069939706206, 47.855687294950314], [15.549100088039815, 47.855693372581996], [15.549130952125097, 47.85569751459397], [15.549162258260163, 47.855699684255], [15.549193728822889, 47.855699862324585], [15.549225084732965, 47.85569804722362], [15.549463424346715, 47.855676601921736], [15.54979125997535, 47.8556938468677], [15.549816926632237, 47.855694530549854], [15.549842595494724, 47.85569388546707], [15.550324097557448, 47.85566928535382], [15.55036409600182, 47.85566559578401], [15.550710897411024, 47.85561909558297], [15.550743193086591, 47.85561362654869], [15.550774519697146, 47.85560602140176], [15.550804566181084, 47.85559635565866], [15.550833034188445, 47.85558472529671], [15.550859641043514, 47.855571245801144], [15.551105689307528, 47.85543314608082], [15.551263131331817, 47.85534869826214], [15.55130907287642, 47.855365672967395], [15.551338534033833, 47.85537532513124], [15.551369257968673, 47.855382989170046], [15.55140094934235, 47.85538859141197], [15.55143330351625, 47.85539207800448], [15.551466009480242, 47.855393415432125], [15.55149875284243, 47.855392590838655], [15.55169935369942, 47.85538089078532], [15.551731854186565, 47.855377907705694], [15.55176376363315, 47.855372794657704], [15.551794774647657, 47.85536560089663], [15.551824588493712, 47.85535639572181], [15.551852917967977, 47.85534526780891], [15.551879490166925, 47.855332324355786], [15.551904049115823, 47.8553176900497], [15.552123649138931, 47.85517328960691], [15.552144131544082, 47.85515855588131], [15.552162569762789, 47.85514264605131], [15.552280969466585, 47.85503044577401], [15.552282049545262, 47.85502941614723], [15.552425872710613, 47.85489149216215], [15.552500181002694, 47.85487090591078], [15.552773797349248, 47.85482562460874], [15.552782149703255, 47.85482416513403], [15.55299025050369, 47.85478586497251], [15.553022628939955, 47.85477869284082], [15.553053753464713, 47.85476933816746], [15.553083300277795, 47.85475789827287], [15.553110961993156, 47.854744492170816], [15.553136450836805, 47.85472925933016], [15.553159501640657, 47.854712358223956], [15.553179874601168, 47.85469396468064], [15.553245174404532, 47.85462826452486], [15.553261497363456, 47.85461002954651], [15.553275185833778, 47.85459083760926], [15.553286117198905, 47.854570860632066], [15.553294193540385, 47.854550277565984], [15.553345082206793, 47.85439025442985], [15.554028014922826, 47.85405307953541], [15.554634984138714, 47.85376286554884], [15.555257917834615, 47.8535306552187], [15.555792007240285, 47.85339631476708], [15.556724476662698, 47.85329194513452], [15.557392829156631, 47.85325823874419], [15.557968841933286, 47.85328163921952], [15.558861267658049, 47.85335209903886], [15.558861632898614, 47.85335212773718], [15.559526635720712, 47.85340412794726], [15.55953383388019, 47.85340463767961], [15.559909294015183, 47.853428461060304], [15.560085034738265, 47.85344846647537], [15.560145460439195, 47.85346992685805], [15.560355318139429, 47.8535954397303], [15.560386704988067, 47.853612062824666], [15.560499905199675, 47.85366496301006], [15.560531131674493, 47.8536779067867], [15.560871592993328, 47.85380223170604], [15.561104194615407, 47.853930944999405], [15.561675833233698, 47.85433833991836], [15.561697921476, 47.854352698545064], [15.561721874711038, 47.8543656319284], [15.561747490690358, 47.854377030865045], [15.561978691249028, 47.854469931204655], [15.562002092658332, 47.85447850183327], [15.56202643404895, 47.85448579061603], [15.562197434630544, 47.854531590796086], [15.562228324249055, 47.85453870880386], [15.562260098441772, 47.85454376410719], [15.563013713341318, 47.85463776872151], [15.563342491987559, 47.85469343647517], [15.56360284064354, 47.85473818089639], [15.564096091236312, 47.85484172812733], [15.564113577184157, 47.854845050654426], [15.564399378309249, 47.854893750852234], [15.564404633001837, 47.85489461584168], [15.564536833528884, 47.854915615927155], [15.564564531531584, 47.85491919277672], [15.564743956435054, 47.8549371177117], [15.564839097635588, 47.85495671355957], [15.564944287518909, 47.85498940772316], [15.564949725193236, 47.85499105834149], [15.565084025624575, 47.85503085849587], [15.565110656667114, 47.85503785153858], [15.56513807821725, 47.85504328724905], [15.565268378731988, 47.85506508733764], [15.565297772790704, 47.855069072255404], [15.565327579220906, 47.85507126792916], [15.565357558085186, 47.855071656684096], [15.565467758561182, 47.855069756674055], [15.565496117187436, 47.85506845387133], [15.565524208750261, 47.8550655338672], [15.565551830032023, 47.855061017785296], [15.565657930434703, 47.85504041769882], [15.565700057579164, 47.85503013381957], [15.566143458983996, 47.85489863329813], [15.566165215061044, 47.854891537851046], [15.566515316014465, 47.8547666373742], [15.566973919123665, 47.85460280364345], [15.567259856160563, 47.85454754271883], [15.567755020035419, 47.854493002635095], [15.568048494252357, 47.85447859620904], [15.568282640952958, 47.854481784409934], [15.568326907985387, 47.85448040925878], [15.56857420903316, 47.854461609174436], [15.568605560943457, 47.8544582036925], [15.568843705785437, 47.854424452436184], [15.569089346794556, 47.854391488474356], [15.569095494143946, 47.85439062301891], [15.569266681350951, 47.854365389987464], [15.569419974385637, 47.85436011426594], [15.569564260198353, 47.854369992585156], [15.570404899275516, 47.854482601283316], [15.570686088246717, 47.854547104405135], [15.570688384333113, 47.854547624865745], [15.571137810195378, 47.854648277109085], [15.571471615895923, 47.85475270546854], [15.571723306195734, 47.85485275408559], [15.5720336631777, 47.85498991835096], [15.572037786988577, 47.85499171184518], [15.572235245489567, 47.85507621120242], [15.572620223843382, 47.85531988654124], [15.573036372234617, 47.85562190445816], [15.573305353513376, 47.85585519035227], [15.57364682739301, 47.856224717421114], [15.57382300014729, 47.85651187074245], [15.57388338914909, 47.856642143907], [15.573655821117146, 47.8566259939292], [15.573494983390397, 47.85660439961247], [15.573424404195496, 47.85658703978471], [15.573162170028642, 47.85641706440008], [15.572781794720452, 47.85614404601692], [15.572770829365714, 47.85613653576053], [15.572668929387461, 47.85606993596523], [15.572643031993241, 47.85605467307309], [15.57261493926081, 47.85604128402772], [15.572584949226945, 47.85602991087325], [15.5725533800562, 47.856020674267164], [15.572463380371177, 47.855997974357], [15.572435155089897, 47.85599180238447], [15.572334655478244, 47.85597310246014], [15.572305455638913, 47.855968606590594], [15.572275774970127, 47.85596588841953], [15.572157775474786, 47.855958688448176], [15.572132710825617, 47.85595779601889], [15.572014016650593, 47.85595657417389], [15.571634400835208, 47.85592608367596], [15.571461585419032, 47.8559092808149], [15.571423758684741, 47.855907069585164], [15.571385803411125, 47.85590776032104], [15.571168874871562, 47.855920033783086], [15.570957459657016, 47.85592704201334], [15.570927340751114, 47.85592896314438], [15.570897603384275, 47.85593270955329], [15.570868491245498, 47.85593825053933], [15.570492881454332, 47.8560222710957], [15.570001985816772, 47.85612612008824], [15.56998324990878, 47.85613049880662], [15.569765950655636, 47.85618619858048], [15.569735914062504, 47.85619505646354], [15.569707311929768, 47.856205852930394], [15.569680419644438, 47.8562184840309], [15.569655496131356, 47.856232828150674], [15.569632781360266, 47.856248747181965], [15.569612494035352, 47.856266087853406], [15.569416693546485, 47.85645148739499], [15.569400037672011, 47.856468904534466], [15.569273836102855, 47.85661527041147], [15.56906043168931, 47.85683418767714], [15.568833609834265, 47.85705527401434], [15.568781144977326, 47.85708344300643], [15.568724860391109, 47.857097125038145], [15.568687291823984, 47.8570983219723], [15.56859729761453, 47.85709777874608], [15.568594687732633, 47.85709784925083], [15.568592078101211, 47.85709777466924], [15.56834617916464, 47.85709887466021], [15.568320272707332, 47.8570996676892], [15.56829453560306, 47.85710181022001], [15.568147136214254, 47.85711801014898], [15.568113007505932, 47.85712300555048], [15.568079839761984, 47.85713037076473], [15.568047995207339, 47.85714002535634], [15.568017821616923, 47.85715186388762], [15.567989648517697, 47.857165757069986], [15.567963783589969, 47.85718155317594], [15.567940509307238, 47.85719907969595], [15.567801009094522, 47.85731587938314], [15.567787236403182, 47.85732825949283], [15.567654395610933, 47.85745664188852], [15.567481378497439, 47.857619235479696], [15.567463613219672, 47.857637790615335], [15.567448635839892, 47.85765742831599], [15.567436590600852, 47.85767795946095], [15.567427593507784, 47.85769918632498], [15.567421731211091, 47.8577209044825], [15.567419060171725, 47.85774290477624], [15.567419606117287, 47.85776497533152], [15.567423363794099, 47.85778690359679], [15.567430297017646, 47.85780847839055], [15.567440339020905, 47.85782949193515], [15.567453393097193, 47.85784974185786], [15.567469333531387, 47.857869033139856], [15.567488006810526, 47.85788717999439], [15.56750923310214, 47.85790400765604], [15.567532807986067, 47.85791935406389], [15.567558504423134, 47.85793307142227], [15.567586074941653, 47.857945027624204], [15.567615254020746, 47.857955107523715], [15.567645760647533, 47.85796321404475], [15.567677301023524, 47.85796926911615], [15.567709571394179, 47.857973214423595], [15.567742260974356, 47.85797501197113], [15.567775054941501, 47.8579746444472], [15.567807637467704, 47.857972115391306], [15.567839694761458, 47.85796744915998], [15.567870918089794, 47.857960690692146], [15.567901006751692, 47.857951905076355], [15.567929670974115, 47.857941176923894], [15.567956634702808, 47.857928609553916], [15.567981638260907, 47.85791432399832], [15.56800444084984, 47.85789845783617], [15.568024822868372, 47.85788116386867], [15.568199122444044, 47.857717363461575], [15.568201665307436, 47.8577149401596], [15.56832919502179, 47.857591689355154], [15.568380669448281, 47.85754859094035], [15.568593911997706, 47.85754763699735], [15.568690702798207, 47.857548221245935], [15.568700099448828, 47.85754796739132], [15.56870950365211, 47.857547978681026], [15.568806804071313, 47.85754487866603], [15.568839976777147, 47.85754270199795], [15.568872662385083, 47.85753831245875], [15.568904535821122, 47.85753175370451], [15.569060036368425, 47.857493953549906], [15.569093534524898, 47.857484393267896], [15.56912528993156, 47.85747243884881], [15.569154926203963, 47.85745823198419], [15.569289026364428, 47.857386231742275], [15.56931351760736, 47.85737170974589], [15.569335787196424, 47.8573556491296], [15.569355622718357, 47.85733820308538], [15.569537445326525, 47.85716097639958], [15.569618999454887, 47.85722486776302], [15.569646154336391, 47.85725062260879], [15.56964997140427, 47.857258103713086], [15.569651134348613, 47.85727429860955], [15.569639235664667, 47.85731851992929], [15.569638526346425, 47.85732216967382], [15.569637463800863, 47.857325780375405], [15.569611363058739, 47.857444880303945], [15.569611249061518, 47.857445665929504], [15.569611029267728, 47.85744644130885], [15.569591428680237, 47.85754044125526], [15.569588469818466, 47.857562424858436], [15.5695887268853, 47.85758449779088], [15.569592197409124, 47.857606447478105], [15.569598847970878, 47.85762806253236], [15.569608614525755, 47.85764913478827], [15.569621403019834, 47.85766946130771], [15.569637090295744, 47.85768884633422], [15.569655525278643, 47.857707103178214], [15.569676530431042, 47.85772405601506], [15.569699903462553, 47.85773954157832], [15.569725419278017, 47.85775341073219], [15.569752832145292, 47.857765529907795], [15.569781878061852, 47.85777578238963], [15.56981227729729, 47.857784069439596], [15.569843737087403, 47.857790311247896], [15.569875954453783, 47.85779444770182], [15.569908619121769, 47.85779643896453], [15.569941416508733, 47.85779626585887], [15.569974030753837, 47.85779393005198], [15.57000614776008, 47.85778945403926], [15.570037458219405, 47.85778288092772], [15.570067660591624, 47.8577742740208], [15.570096464008564, 47.85776371620869], [15.570123591075381, 47.85775130917008], [15.570148780542114, 47.85773717239276], [15.570171789819721, 47.857721442023], [15.570192397316363, 47.85770426955422], [15.57021040457147, 47.85768582036799], [15.570225638166978, 47.85766627214131], [15.570237951397367, 47.8576458131354], [15.570247225682449, 47.8576246403826], [15.570253371709232, 47.85760295778885], [15.570272808303178, 47.85750973862356], [15.570297938950578, 47.857395058661595], [15.570315664407989, 47.857329179075], [15.57032029773938, 47.85730380481431], [15.570320622887708, 47.857278240600415], [15.57031532241535, 47.85720444061763], [15.570312326459394, 47.85718336492403], [15.57030639944599, 47.85716257217342], [15.570297593890741, 47.857142246585326], [15.570262693525743, 47.85707384668204], [15.570250908954986, 47.857053903278945], [15.570236353733591, 47.85703480659238], [15.570219160385799, 47.85701673049243], [15.570155160230591, 47.85695603064363], [15.570136108771896, 47.8569396266905], [15.570054607750148, 47.85687577744529], [15.569962356172951, 47.85677938384611], [15.569936370301743, 47.856743166318815], [15.569970432100662, 47.856703661676434], [15.570098580645762, 47.856582319330265], [15.570211879606877, 47.856553277600504], [15.570695916844718, 47.85645087937854], [15.570701108252258, 47.85644974970215], [15.571035963167047, 47.8563748456546], [15.571207541429208, 47.856369157940286], [15.571219095886796, 47.8563686397201], [15.571403776549303, 47.85635819081954], [15.571542914923063, 47.856371719228186], [15.571551095994549, 47.8563724453915], [15.571951997694267, 47.85640464552159], [15.57198648855084, 47.85640620396867], [15.572109931792046, 47.856407474712405], [15.572185502469598, 47.85641208580908], [15.572242727640381, 47.85642273367441], [15.572253392993344, 47.85642542371774], [15.57229955588324, 47.8564555950093], [15.57268040369436, 47.85672895428048], [15.57269236216022, 47.856737110862355], [15.573011562243932, 47.85694401150077], [15.57303781913371, 47.85695934164866], [15.573066299899702, 47.85697275341368], [15.573096696451946, 47.85698410171366], [15.573128679975726, 47.85699326378798], [15.573289680545335, 47.85703286394509], [15.573314082431741, 47.85703816113608], [15.573339015896057, 47.85704218373394], [15.573540116717188, 47.85706918384404], [15.573570452297721, 47.85707229001137], [15.57382594797899, 47.85709042198532], [15.574122226514925, 47.85714054426659], [15.574141318500988, 47.85714337726073], [15.57416938602752, 47.857146966178135], [15.574403418337242, 47.85751674629834], [15.574411770720019, 47.857528922975874], [15.574564969832686, 47.857735823375066], [15.574582741748378, 47.85775689822532], [15.574603779229479, 47.85777656408572], [15.574947378737981, 47.85806376485984], [15.574978740143496, 47.858086557933596], [15.575151440212693, 47.85819585827462], [15.57517480626195, 47.85820933739789], [15.57519991553031, 47.85822131289784], [15.575486616152563, 47.858345113341926], [15.575512542148212, 47.858355233822266], [15.575539711086659, 47.85836375048354], [15.57556790447779, 47.85837059483543], [15.575596895592618, 47.85837571183609], [15.575852096624871, 47.85841261198647], [15.575877904789449, 47.85841563690547], [15.575903985706232, 47.85841729217161], [15.576082686476223, 47.85842389219669], [15.576084041858753, 47.85842394039694], [15.576502030512303, 47.85843823145302], [15.577031935102772, 47.85846947207282], [15.577038751731891, 47.85846982668905], [15.577536825503016, 47.85849229000688], [15.577578038056602, 47.85850117388489], [15.57821037393071, 47.85868323071282], [15.57869841643622, 47.858832346671264], [15.581813912038571, 47.85980957549768], [15.581827564745048, 47.859813610665476], [15.582572667231778, 47.86002061147537], [15.58259499790571, 47.8600261970237], [15.583522502671983, 47.86023318488442], [15.584124785316419, 47.86037414053728], [15.584722396071015, 47.86053647901338], [15.584735762732649, 47.860539606038714], [15.58474906558433, 47.86054285396679], [15.585360516152772, 47.86066966387442], [15.586740787562647, 47.86100869200339], [15.587783904469799, 47.861264987519114], [15.588113673997556, 47.86138185073893], [15.588873755915364, 47.86171938772306], [15.58925493535975, 47.86193625041622], [15.589511696810831, 47.86213646610351], [15.589770488972698, 47.86235743268993], [15.589775844715396, 47.86236188767968], [15.590031744407492, 47.86256928824902], [15.590053771531238, 47.86258546536456], [15.59007803604662, 47.8626001212746], [15.590104307063552, 47.86261311651908], [15.59029739756175, 47.86269919549928], [15.590800533036301, 47.86293887740835], [15.591049584869587, 47.86307081697445], [15.591292092135095, 47.8632199623469], [15.59140739444933, 47.86335283011076], [15.591515355376599, 47.86350388551502], [15.591638081992821, 47.86370878676459], [15.591644884398256, 47.86371935510156], [15.59175896576599, 47.863884842515525], [15.591851488037346, 47.8640375299612], [15.591870445193571, 47.86406379502525], [15.591970933775704, 47.86418269902686], [15.591981086914002, 47.86431623012307], [15.591928931840082, 47.86446803429458], [15.591921417542535, 47.86450066645632], [15.59189521614543, 47.864719866386885], [15.59189465498616, 47.86475038085716], [15.59190945384014, 47.864929580904644], [15.591910434850208, 47.86493581896535], [15.591911048430534, 47.86494233093848], [15.5919366474694, 47.865094931015946], [15.591948976920245, 47.86516790871296], [15.59195423248737, 47.86518955184648], [15.591964532293531, 47.86522195187637], [15.59196502150005, 47.86522319020674], [15.591965349345667, 47.86522445241243], [15.591989648916055, 47.865296852482636], [15.591990818373, 47.865299682582915], [15.591991681939101, 47.865302562005255], [15.592246678004145, 47.86597956273512], [15.592247266849173, 47.86598085593951], [15.592247647866488, 47.86598207660061], [15.592507744077212, 47.866640577341954], [15.592517820184945, 47.86666179390828], [15.592530965357877, 47.86668223587048], [15.592860563408983, 47.867132236731756], [15.592880806970042, 47.86715608274002], [15.593383805407926, 47.86767258396056], [15.593399043624776, 47.867686965787854], [15.593787342953028, 47.86802456667674], [15.59379647200591, 47.86803215740662], [15.594222933150139, 47.86837142049871], [15.594587700081393, 47.86870516166076], [15.594605542432008, 47.868720107370144], [15.595311778671451, 47.86926260516698], [15.596212132285576, 47.870033340362575], [15.596839351080328, 47.87065938082365], [15.597368635398396, 47.871225472577244], [15.597369265405975, 47.87122614375718], [15.59801126347794, 47.8719074211378], [15.598419852507714, 47.872345309695], [15.598747834497438, 47.87277916804924], [15.598931361272353, 47.873027459176], [15.598946999441619, 47.873046292455854], [15.5989652473263, 47.87306403115151], [15.599223546857736, 47.87329103174535], [15.599249500221424, 47.87331123284926], [15.599278828805149, 47.873329222348126], [15.599560352081589, 47.87348233867281], [15.599715814488992, 47.873577921797995], [15.599762559215918, 47.87363959816826], [15.599765762160798, 47.8739399014664], [15.599760113780277, 47.8739456738245], [15.59974511372036, 47.87396247378766], [15.599730221469306, 47.87398108094388], [15.599717990538068, 47.87400054631384], [15.599708528899031, 47.874020698065664], [15.599701920078797, 47.874041358308254], [15.599698222420722, 47.874062344661546], [15.599697468569786, 47.874083471866484], [15.599698263252463, 47.874106720707545], [15.599699149419962, 47.87413425651843], [15.599615781713581, 47.87422670927597], [15.599516696911937, 47.87433131304709], [15.599480283805988, 47.87436153579269], [15.59943726444184, 47.87439615394051], [15.59941431052272, 47.87441017212223], [15.599964465465868, 47.87441017212223], [15.600232418821802, 47.87441017212223], [15.600688171710031, 47.87441017212223], [15.600527073672808, 47.87414843817808], [15.600437153785313, 47.87398767996081], [15.600434883945658, 47.87398360995044], [15.600430607988239, 47.873583184532755], [15.600428944438576, 47.87356233172294], [15.600424413629753, 47.87354167258472], [15.600417054618848, 47.87352138519132], [15.600406930840679, 47.87350164441146], [15.600394129560899, 47.87348262040209], [15.600283928949766, 47.873337220688], [15.600269125234396, 47.87331967953032], [15.600252045307851, 47.87330310122348], [15.600232826536303, 47.87328761909733], [15.60021162348702, 47.87327335766569], [15.600003923604179, 47.8731456580695], [15.599988569434547, 47.87313677674439], [15.599730197887103, 47.87299625299977], [15.599515710124225, 47.87280775702017], [15.599345836497235, 47.87257794052729], [15.599344479996626, 47.87257612594798], [15.599008978126994, 47.87213232681891], [15.598994133595982, 47.87211470253465], [15.598577132140514, 47.87166780355994], [15.598576335466117, 47.87166695397676], [15.59793424916755, 47.87098559076582], [15.597402461446316, 47.87041682803594], [15.59739669377165, 47.870410870299885], [15.596759691950876, 47.86977507183175], [15.596745320175827, 47.869761799405524], [15.595831918704317, 47.86897990148388], [15.595820556719348, 47.86897069053333], [15.59511785103359, 47.86843090885757], [15.594754797743011, 47.868098738577295], [15.594740727030297, 47.868086741070755], [15.59431161356822, 47.867745370688404], [15.593935794028225, 47.867418623036684], [15.593451197274538, 47.866921022976555], [15.59314532093629, 47.86650341602345], [15.59291214057808, 47.865913078543535], [15.592919839422796, 47.86588141483842], [15.592953960685502, 47.86578668298755], [15.592959465834763, 47.86576796181811], [15.5929625927806, 47.86574899401192], [15.592963319015706, 47.86572991611237], [15.592954516753906, 47.86537791614737], [15.592952431138633, 47.86535633104254], [15.592947273982274, 47.86533498055382], [15.592939092981798, 47.86531406212988], [15.59292796379835, 47.8652937692235], [15.592838463115056, 47.86515196946407], [15.592819717528679, 47.86512678210132], [15.592671516905597, 47.86495538247355], [15.592666742923235, 47.86495003325582], [15.592572217668625, 47.86484737168333], [15.592563406082038, 47.86474068823788], [15.592585810360909, 47.86455323475459], [15.59264296770107, 47.864386864606864], [15.592648542133926, 47.86436634434169], [15.592651267552528, 47.86434556480932], [15.592651120518976, 47.86432470473441], [15.59263451912189, 47.86410640478815], [15.59263148079828, 47.86408555026162], [15.592625571685424, 47.86406497649725], [15.592616843070816, 47.86404486205103], [15.592605370711672, 47.86402538149252], [15.592591254177323, 47.864006703889565], [15.592462301616427, 47.86385412183999], [15.59237501016755, 47.86371006946587], [15.592368715265462, 47.863700343790256], [15.592254916844384, 47.86353526963456], [15.592131315946984, 47.86332891274509], [15.59212252192645, 47.863315507465586], [15.592004021193892, 47.863149707776806], [15.591991436609316, 47.86313377050886], [15.59184373599362, 47.86296357087945], [15.591825348825518, 47.86294463773167], [15.591804229096768, 47.862927042945266], [15.591780590357315, 47.862910964425936], [15.59149149052003, 47.86273316498793], [15.591472751894942, 47.862722464153705], [15.59120735224692, 47.86258186462587], [15.59119371970163, 47.862575013433734], [15.590679420623726, 47.862330014287146], [15.590670891203088, 47.86232608287084], [15.590514573920164, 47.86225639751202], [15.590292873906794, 47.862076716272554], [15.590032109200347, 47.86185406731103], [15.590022638667639, 47.86184634125479], [15.589743838409085, 47.861628941864815], [15.58972593705839, 47.86161604275863], [15.589706587933101, 47.861604127925176], [15.589290188340122, 47.86136722869905], [15.589258489127548, 47.86135126095604], [15.588694549986974, 47.86110082782937], [15.588703236271888, 47.861070954834986], [15.58872787742023, 47.86098995286248], [15.58884615124125, 47.860749887217374], [15.588857266236422, 47.860721062502876], [15.58888116571955, 47.860636362437326], [15.588885621519582, 47.8606150531911], [15.588887031038904, 47.86059355491284], [15.588885381380122, 47.86057206437391], [15.588880687646128, 47.86055077827463], [15.588862942050417, 47.86049036903506], [15.5888569786633, 47.86046591023844], [15.588858914690128, 47.86046117917198], [15.588945409859061, 47.86039719681965], [15.589098980951057, 47.860363113024164], [15.589126754625056, 47.860356013152426], [15.589153481702455, 47.86034728152076], [15.58932334137413, 47.86028536600111], [15.589416739496405, 47.86026545152429], [15.589476579511674, 47.860289151435936], [15.589503667102068, 47.86029878318054], [15.589531951405391, 47.860306705285225], [15.589561194778973, 47.86031285118893], [15.589643795101859, 47.8603274512481], [15.589672960653509, 47.860331679889235], [15.589702570341842, 47.86033414138083], [15.589732388233866, 47.86033481610945], [15.589762176737556, 47.86033369869882], [15.589799320194796, 47.86033118235706], [15.59005409815014, 47.86034563952686], [15.590091408251034, 47.86036345267776], [15.590118890184467, 47.860375261190704], [15.5901479510859, 47.86038521141275], [15.590178314382701, 47.860393208647366], [15.590209691106864, 47.86039917678461], [15.590241782645196, 47.86040305902553], [15.590274283581355, 47.8604048184227], [15.59030688460259, 47.86040443823187], [15.590398884997619, 47.86040033821268], [15.59043645834199, 47.86039721763682], [15.590473266257527, 47.86039125753499], [15.590522066440512, 47.860381357493566], [15.590551719936599, 47.86037430150384], [15.590580256560202, 47.86036540088699], [15.590607423602053, 47.86035473446362], [15.59063298048182, 47.860342396691664], [15.590656700878627, 47.86032849682975], [15.590678374735294, 47.86031315796974], [15.590795332216148, 47.860222170819775], [15.590881335495897, 47.860170060306544], [15.590907730764929, 47.86015216535657], [15.590930984061009, 47.86013239470072], [15.590950803179119, 47.86011099678378], [15.59099860294533, 47.860052296663845], [15.591012307061318, 47.860033427000644], [15.591023336134771, 47.86001377937581], [15.591031594006639, 47.859993525096364], [15.59103700868016, 47.8599728407585], [15.5910395329485, 47.859951906707856], [15.591039144806214, 47.85993090546713], [15.59103314437047, 47.859862705486236], [15.591027953735171, 47.859834368058706], [15.591008299372376, 47.859764140265845], [15.59100152466171, 47.8596713605823], [15.590998888863334, 47.85965213903492], [15.590993813903124, 47.859633140359186], [15.590930112768984, 47.859442140543294], [15.590919639949757, 47.85941743735529], [15.590905050051148, 47.85939369891421], [15.590873002371193, 47.85934897412166], [15.590861460761834, 47.859311798111996], [15.59085346517411, 47.859291041455485], [15.59084256902258, 47.859270891504146], [15.59082887133439, 47.85925153138006], [15.590812496596552, 47.85923313702717], [15.59079359362453, 47.85921587561234], [15.590769757258885, 47.8591961518138], [15.590761128155188, 47.85918003813706], [15.590756445102912, 47.85917180293349], [15.590714644759547, 47.859102403046684], [15.590706859228277, 47.85909048051699], [15.590630858746941, 47.85898268071711], [15.590629108286192, 47.85898047259846], [15.590751310362176, 47.85897899346603], [15.590799561475771, 47.85897604569267], [15.59100456232525, 47.858953345593065], [15.591034981201709, 47.85894899036378], [15.59106466686365, 47.85894275113864], [15.591093362277354, 47.858934681940156], [15.591120818983503, 47.85892485263565], [15.591146799248534, 47.85891334833231], [15.591270973942406, 47.85885260879157], [15.591374509939959, 47.85881833696482], [15.591408582526267, 47.858805337226435], [15.591440161374607, 47.85878974413957], [15.591581561517765, 47.85871094387878], [15.591607101054365, 47.85869513729164], [15.59163006793915, 47.85867763390327], [15.591650214644456, 47.858658622360096], [15.591667324038424, 47.858638307562735], [15.591681211725053, 47.85861690845774], [15.591729011281101, 47.85853140833055], [15.591740122082129, 47.85850760434053], [15.591747247062463, 47.85848311861398], [15.591750298555855, 47.85845825244449], [15.59175419792968, 47.85836075243591], [15.591753713268607, 47.8583411653174], [15.59175069808432, 47.858321680865814], [15.591745175250402, 47.858302446874504], [15.591649673669204, 47.85803334714919], [15.59164168338515, 47.858014505924466], [15.591630520718432, 47.857991956119704], [15.591634403061159, 47.857989748587066], [15.591656818864838, 47.8579742905754], [15.591676928229687, 47.857957456832494], [15.591694545722229, 47.85793940258847], [15.591709476882254, 47.857922371639404], [15.591711140260191, 47.85792140013988], [15.591733794111983, 47.85790527341314], [15.591753976329016, 47.85788772273953], [15.591771490442065, 47.85786891897309], [15.591786165956186, 47.857849045166354], [15.591797860010384, 47.857828294788405], [15.591806209464409, 47.85781094179264], [15.591806765731778, 47.8578102103825], [15.59187148715392, 47.85777997282018], [15.59189683709898, 47.85776687774487], [15.591920212822039, 47.857752213104476], [15.591941400610569, 47.85773611297155], [15.591960206755926, 47.85771872454262], [15.591976459324325, 47.85770020679241], [15.59199000972869, 47.85768072902033], [15.592000734087032, 47.85766046930264], [15.59202123383185, 47.857614969247116], [15.592029707378822, 47.857591800547574], [15.592034486587904, 47.85756815810998], [15.592035517685275, 47.85754430797495], [15.592032789073503, 47.85752051851981], [15.592026331461788, 47.85749705743881], [15.59201229176143, 47.85745780603037], [15.592033886445883, 47.85742140585913], [15.592042543485272, 47.85740499558407], [15.592049288259897, 47.857388183758296], [15.592059281223948, 47.85735879916924], [15.592075817425302, 47.85734345028651], [15.592082086852743, 47.85734014944005], [15.59210786014292, 47.85732327992395], [15.592130791833648, 47.85730464478038], [15.592162291765744, 47.857276044707646], [15.59218014980989, 47.857258087745286], [15.592195365251188, 47.857239060388494], [15.592204666284273, 47.85722415608646], [15.592210770026385, 47.85722207095204], [15.592239261770642, 47.85721112226053], [15.592266021127719, 47.85719834616981], [15.592290790215763, 47.85718386580466], [15.592313330333972, 47.85716782071399], [15.592333424262971, 47.857150365526124], [15.592350878358156, 47.85713166845836], [15.59236552441582, 47.857111909696016], [15.592377221294045, 47.85709127965579], [15.592385856272825, 47.85706997715074], [15.592391346140197, 47.85704820747428], [15.59239243155742, 47.85703777551022], [15.592403655686123, 47.85703088950735], [15.592425374580486, 47.8570147077451], [15.592482074501772, 47.856968107618876], [15.592487134991064, 47.85696384405764], [15.59253771333124, 47.856920154336805], [15.592669392158484, 47.85681761335076], [15.593170900079768, 47.856459208249944], [15.593190838310479, 47.8564435837547], [15.593208569441648, 47.856426797324275], [15.593223944810383, 47.85640898970305], [15.593236835505879, 47.856390310197284], [15.593247133450197, 47.85637091542332], [15.593254752304354, 47.856350967994416], [15.593280731498966, 47.85626721671177], [15.593406888427555, 47.85612183952902], [15.593413048372916, 47.856114422870505], [15.593865046046647, 47.85554522173039], [15.593868344835242, 47.85554095855092], [15.59403054391142, 47.85532575813754], [15.594044476057716, 47.8553046525301], [15.594055119234053, 47.85528269666012], [15.594241007645062, 47.85481986733847], [15.59439829618181, 47.85443208771205], [15.594422134537458, 47.85437990541218], [15.594422206787621, 47.854379714337426], [15.594422306033737, 47.854379528832006], [15.594429701183431, 47.854363239295004], [15.594566533269095, 47.85406193782089], [15.5945883816251, 47.85403027973118], [15.595204007139547, 47.85334342003628], [15.595399743105327, 47.853187547694446], [15.595887741582791, 47.85290094912185], [15.59666516132342, 47.85255598476074], [15.596719902454304, 47.852535825573824], [15.596730840625964, 47.852531615171735], [15.597862543297383, 47.852076713486504], [15.597864204326353, 47.85207604139576], [15.597917736175173, 47.852054238661935], [15.59813526813534, 47.85197498480305], [15.599966839671165, 47.85154655261044], [15.600114416162864, 47.85154161781715], [15.600521683425931, 47.8515705188532], [15.601541436666464, 47.85169464031903], [15.601547384093408, 47.851695326929345], [15.602701288899615, 47.85182132744166], [15.60272306661218, 47.85182321345724], [15.603428966005277, 47.85186853287469], [15.603428966005277, 47.85141663142302], [15.602797467939235, 47.85137608861453], [15.601657393752077, 47.85125159826934], [15.600628467093804, 47.85112636015519], [15.600604036229688, 47.85112400971844], [15.600158738126014, 47.85109240984496], [15.600132956013299, 47.851091256332595], [15.600107118561693, 47.85109144710176], [15.599885819514537, 47.851098847065984], [15.599854252053406, 47.85110091697101], [15.599823118315928, 47.85110499195387], [15.59979269875955, 47.85111103530654], [15.597890305557549, 47.85155603347598], [15.597865174662214, 47.851562689309404], [15.597840924309688, 47.85157068930148], [15.597592524971088, 47.85166118895755], [15.597578596818163, 47.8516665584224], [15.597519026022063, 47.85169082066732], [15.596393570733172, 47.852143209963295], [15.596332298943521, 47.85216577409686], [15.59630876357587, 47.852175307442316], [15.595501065200319, 47.85253370615297], [15.59546528814122, 47.85255201792338], [15.594941188529935, 47.85285981692773], [15.594922744645812, 47.852871506517424], [15.594905669405119, 47.85288410292978], [15.594676369139608, 47.85306670242572], [15.59466005347771, 47.85308079416293], [15.594645450871726, 47.853095712989756], [15.594006748348056, 47.85380831142285], [15.5940059719586, 47.85380928236253], [15.594005071270649, 47.85381020338961], [15.593998202351576, 47.85381899890323], [15.593991205766283, 47.853827748715865], [15.593990574511853, 47.85382876619958], [15.593989812288463, 47.853829742211396], [15.593950612026935, 47.85388654210996], [15.593948094167729, 47.85389071497793], [15.593945220292992, 47.85389478232034], [15.593941927696706, 47.8539009347191], [15.593938271900555, 47.85390699349896], [15.593936373855355, 47.853911312379665], [15.593934106140713, 47.85391554973024], [15.593790504371709, 47.854231749341594], [15.593783180284998, 47.85424788190494], [15.593757865956496, 47.85430329362612], [15.593756555003669, 47.85430676048513], [15.593754905259104, 47.85431016118191], [15.59359610300473, 47.85470166074956], [15.593595884158924, 47.854702202936224], [15.593418871719125, 47.85514291922446], [15.593273871896349, 47.85533529722502], [15.592826528739435, 47.85589862889215], [15.592676112172585, 47.85607195935815], [15.592659680101569, 47.8560934737625], [15.592646775954165, 47.85611605141319], [15.592637548987211, 47.85613943117227], [15.592619704467722, 47.85619695580254], [15.592177901151013, 47.856512690161615], [15.592168343560363, 47.85651981937625], [15.59202644341857, 47.85663031906713], [15.592015666506786, 47.856639155454275], [15.591962358236476, 47.85668520290032], [15.591949821755394, 47.856695506217875], [15.591929140339346, 47.85670305069719], [15.59190148828626, 47.85671433575436], [15.59187558625196, 47.85672736665479], [15.591851676753782, 47.85674202139258], [15.59182998365387, 47.856758162758005], [15.591810710063191, 47.85677563962224], [15.591794036439797, 47.856794288352226], [15.591780118899182, 47.856813934342675], [15.591770937576497, 47.85683096281038], [15.591741399010465, 47.8568374889314], [15.591712128794883, 47.85684611753844], [15.591684216792245, 47.85685658807948], [15.591657918170386, 47.85686880483462], [15.591633473348363, 47.85688265612018], [15.591611105798606, 47.85689801530982], [15.591591020003968, 47.85691474199203], [15.59157339958836, 47.85693268325376], [15.591558405638024, 47.856951675078236], [15.591546175228864, 47.85697154384442], [15.591525675025547, 47.85700994378963], [15.591516395999205, 47.85703030721013], [15.591510020494185, 47.857051170027965], [15.591506605682628, 47.857072345167985], [15.591506182188521, 47.85709364275427], [15.591507508798054, 47.85710459407222], [15.591478129804917, 47.85713186331405], [15.591459796433957, 47.85715081702208], [15.591444383780006, 47.85717091396923], [15.591432047663343, 47.85719195098205], [15.591422912801942, 47.857213715383125], [15.591403498330246, 47.85727080214118], [15.591367314153537, 47.857331793175256], [15.591355360346142, 47.857355778998546], [15.591347484350736, 47.857380516544524], [15.591337884093734, 47.85742191651825], [15.59133443070177, 47.857443773728626], [15.59133416366458, 47.857465753427284], [15.591335556940196, 47.857476192628035], [15.59131778441153, 47.85748737385552], [15.591296002109084, 47.857504080615435], [15.591276776136601, 47.857522152654354], [15.591260294229292, 47.85754141350744], [15.591210985894381, 47.857606245859934], [15.591197219983936, 47.85760731359741], [15.59116290001425, 47.857612479090285], [15.591129576541299, 47.85762004307121], [15.591097618529488, 47.857629921790355], [15.591067379825125, 47.85764200586858], [15.591027079904324, 47.857660105803724], [15.591000423907726, 47.85767341100457], [15.590975859997315, 47.857688429802856], [15.59095363037876, 47.85770501411103], [15.590933954241882, 47.85772300040524], [15.590917025599385, 47.85774221133765], [15.59090212552076, 47.85776121129997], [15.590889115731777, 47.85777981400615], [15.59087868424189, 47.85779913849482], [15.590870918211795, 47.85781902330494], [15.590865882531826, 47.857839302293605], [15.590863619279691, 47.85785980602433], [15.59086414736879, 47.85788036318253], [15.590865647266654, 47.85789636318727], [15.590869552069446, 47.85791926183533], [15.590873246286963, 47.857930550456054], [15.590865842681575, 47.85795240831087], [15.590860294691659, 47.85797328715219], [15.59085769349132, 47.857994424863584], [15.590858062213522, 47.858015633492606], [15.590861397583284, 47.858036724456056], [15.590867669946643, 47.85805751021673], [15.590876823534247, 47.85807780595102], [15.590888776957083, 47.85809743119235], [15.590903423930111, 47.85811621143584], [15.590920634217202, 47.858133979690095], [15.590947534155614, 47.858159079753285], [15.59096918549159, 47.85817722446633], [15.590993506608612, 47.85819376651174], [15.591020237171017, 47.85820852882021], [15.591025425828928, 47.85821083500036], [15.591084819877901, 47.8583781984066], [15.591083776400259, 47.85840428116308], [15.591044163333718, 47.85842635683563], [15.590950191588039, 47.858457462667495], [15.590925063213842, 47.858466700330005], [15.590901201890766, 47.85847735157083], [15.590817877476471, 47.85851810927855], [15.590715005196037, 47.858529500473445], [15.590611875931263, 47.85853074873188], [15.5904822660969, 47.8585079070192], [15.590451352604465, 47.85850349824318], [15.590419958601386, 47.85850107402395], [15.590282559192213, 47.85849487404798], [15.5902521210024, 47.858494435866284], [15.590221749850881, 47.85849586359215], [15.590191697753287, 47.858499145378495], [15.590162214077896, 47.85850425399354], [15.590043014522585, 47.85852885389086], [15.590012746377813, 47.858536190429234], [15.589983666567743, 47.85854545151808], [15.58995604453235, 47.858556551348734], [15.589930136205037, 47.858569387075484], [15.589906181641332, 47.858583839768684], [15.589884402794665, 47.85859977551649], [15.589865001459835, 47.8586170466656], [15.589796301265025, 47.85868474650277], [15.589780110067057, 47.858702397998364], [15.58976640401315, 47.85872097828968], [15.589755299679306, 47.85874032934688], [15.589746891513613, 47.858760286584406], [15.589714790966624, 47.858852486496524], [15.589708675240669, 47.8588752793679], [15.589706074751078, 47.85889837465565], [15.589707017076181, 47.858921527474756], [15.589711492228961, 47.85894449232983], [15.589719452762775, 47.85896702571821], [15.589730814274235, 47.85898888871187], [15.589781213865407, 47.8590718888482], [15.58979396331166, 47.85909043197409], [15.589809160452061, 47.85910811998844], [15.589826679889935, 47.859124806938716], [15.589846377065774, 47.859140355132546], [15.58986808945003, 47.8591546362739], [15.58995518951051, 47.85920693644092], [15.589978099731253, 47.85921951364232], [15.590002571911674, 47.85923067903883], [15.590028414547081, 47.859240345256296], [15.590055425408023, 47.8592484366523], [15.590083603048859, 47.859255891078284], [15.590098790399454, 47.859277433277796], [15.59013449245002, 47.859336709512334], [15.590160170642863, 47.85938466108157], [15.590174849981759, 47.85940789434758], [15.590193305614594, 47.859429874179], [15.590215305039093, 47.85945032367055], [15.590223751129844, 47.85945731259914], [15.59022703826637, 47.859467901015634], [15.590237753920968, 47.85949428580114], [15.590253149118288, 47.859519600168795], [15.590286287074152, 47.85956584730927], [15.59033528664953, 47.859712771851946], [15.590341774494995, 47.85980163847331], [15.590347146249464, 47.8598322309336], [15.590360587489036, 47.859880260581555], [15.590332566001015, 47.859897239050724], [15.590303426823796, 47.85991724174833], [15.590294763703845, 47.8599239811959], [15.590213775717974, 47.859907882973964], [15.590180796222903, 47.85990253557328], [15.590147181164728, 47.85989946548486], [15.589824682546428, 47.8598811655572], [15.589793891397875, 47.85988037757365], [15.589765074836299, 47.859881430026526], [15.589683819553569, 47.85984924850406], [15.589656174879394, 47.85983944055238], [15.589627289863175, 47.859831413109234], [15.589597417032778, 47.85982523635459], [15.589566817551724, 47.85982096428878], [15.589459417999834, 47.85980946433556], [15.589428563904228, 47.859807143175274], [15.589397522885122, 47.85980675871999], [15.589366562774769, 47.85980831428694], [15.589335950707346, 47.859811796454146], [15.589305950814126, 47.85981717517636], [15.589091151607459, 47.859862974985845], [15.589061448814238, 47.85987036739227], [15.589032918986886, 47.85987961852061], [15.58886132107191, 47.85994216756877], [15.58865262078, 47.859988486651034], [15.588620597429289, 47.85999684452479], [15.588590017738987, 47.860007370036506], [15.588561204649926, 47.8600199520305], [15.588534462447175, 47.8600344576333], [15.588510073546685, 47.860050733656806], [15.588310673417864, 47.86019823323181], [15.588290675220131, 47.860214498349805], [15.58827303100462, 47.86023195358669], [15.588257896201709, 47.86025044517928], [15.588245404136782, 47.86026981023493], [15.588235664855715, 47.86028987816647], [15.588193064257302, 47.86039397805051], [15.588185384533777, 47.860417665533014], [15.588181537847136, 47.860441771678545], [15.588181568894477, 47.860466016415955], [15.588185477320486, 47.86049011806346], [15.588204176848064, 47.86056681811868], [15.588206112182178, 47.86057402073612], [15.588212351020674, 47.860595259808605], [15.588204671159868, 47.860622476096715], [15.588087148236585, 47.86086101156634], [15.588086097882396, 47.86086365754662], [15.588075433513744, 47.86085987832988], [15.58803432644857, 47.860847611436746], [15.58697003021656, 47.86058611247399], [15.585581697741793, 47.860245104641216], [15.58557355042388, 47.86024340326776], [15.585565531281325, 47.86024144542749], [15.584959469017134, 47.86011575307695], [15.584367404976058, 47.85995492149191], [15.584352081588971, 47.85995104976716], [15.583739783798901, 47.85980775033814], [15.583735197824097, 47.8598067020455], [15.582816714483844, 47.859601727665094], [15.582089527442172, 47.85939970425325], [15.578979296496291, 47.85842412808485], [15.578976261470004, 47.858423188436234], [15.578483363022043, 47.858272589017616], [15.578479952225877, 47.85827167992272], [15.578476654218093, 47.85827059863774], [15.577853659295085, 47.85809123140184], [15.577836873184355, 47.85807336973183], [15.577806064832942, 47.85801767161739], [15.577776075053253, 47.85790847468973], [15.577763018580427, 47.85773440323578], [15.577725517311812, 47.856653649165764], [15.577725432225531, 47.85665159792793], [15.577702029115514, 47.856166698008266], [15.577701955909527, 47.85616531275813], [15.57767805324216, 47.85574911283805], [15.577674437224086, 47.85572368941619], [15.57762273582011, 47.855496889569395], [15.577616083124768, 47.855475014138534], [15.577606240652832, 47.85545369043303], [15.577593305401974, 47.85543312858992], [15.57757740484761, 47.855413531238185], [15.577558695686543, 47.855395091501805], [15.577537362292704, 47.85537799109682], [15.577513614900127, 47.8553623985405], [15.577487687531152, 47.85534846749077], [15.577428752730134, 47.855319905569615], [15.57708172018387, 47.855116122194], [15.576733313435032, 47.854820850967485], [15.576456344681725, 47.854523257826884], [15.576365378964777, 47.85425487361305], [15.576380947432044, 47.8538911714261], [15.576391853334604, 47.85385412151776], [15.576431977317265, 47.85381075493088], [15.576590788143394, 47.85371796714972], [15.576917171796342, 47.85357635180342], [15.576943786079191, 47.8535635198537], [15.57696840721341, 47.85354899674783], [15.576990798913611, 47.853532921862936], [15.577010746290698, 47.85351544946833], [15.577028057914115, 47.853496747244975], [15.577042567648924, 47.853476994676164], [15.577197166497966, 47.853237694271925], [15.577207877639507, 47.85321884410582], [15.57721603533773, 47.853199423613205], [15.577434831620206, 47.85257232301413], [15.577440671352287, 47.85255102419173], [15.577443440556342, 47.85252944607093], [15.577443113560937, 47.85250778871788], [15.577439693401729, 47.8524862529331], [15.577433211793181, 47.85246503838975], [15.577423728834386, 47.85244434178228], [15.577411332451705, 47.852424355002746], [15.577396137583424, 47.85240526336176], [15.577378285113978, 47.852387243870275], [15.577132664073464, 47.85216346719781], [15.576947147482972, 47.85188885062671], [15.576897570839014, 47.85168961999792], [15.57686980266042, 47.851498880471745], [15.57691652553441, 47.8512876624959], [15.577005657815475, 47.8511707819015], [15.577263753528014, 47.85092874330817], [15.577539288163143, 47.850810716363256], [15.578163463605277, 47.850543869216125], [15.578190762723548, 47.850530863589185], [15.578215993704074, 47.85051608633307], [15.578238903810046, 47.85049968547154], [15.57863660336645, 47.85018478459934], [15.578657749737342, 47.85016615401954], [15.578675900070227, 47.85014614300026], [15.578690857164304, 47.8501249689623], [15.578990127742308, 47.84963725690979], [15.579297809462092, 47.84925831720612], [15.579800094446924, 47.84890931430873], [15.580690662479636, 47.84855178488149], [15.581889645866639, 47.848085568417446], [15.58191691761571, 47.848073739398224], [15.581942356647627, 47.84806018587735], [15.581965723157836, 47.84804503561978], [15.581986796879375, 47.848028431442316], [15.582348696221649, 47.84771353061941], [15.582369984437427, 47.84769268171066], [15.582387659903835, 47.8476703554809], [15.582401499024593, 47.84764683436504], [15.582607344845384, 47.847229869237886], [15.582806034651783, 47.847049475126425], [15.582998879764457, 47.84697214834543], [15.583921195172351, 47.84678804916988], [15.583950787236041, 47.84678111063925], [15.583979283598413, 47.846772336586795], [15.584006433644612, 47.8467618041772], [15.584495534680482, 47.84655090341192], [15.584527274968227, 47.84653537516601], [15.584556092293225, 47.84651744934147], [15.585392785811187, 47.84593203123043], [15.585764128124351, 47.84568278009243], [15.585783752041488, 47.8456684122627], [15.58580145177388, 47.84565295332111], [15.585817094052853, 47.84563651966604], [15.585830561101693, 47.845619235034874], [15.58610095933691, 47.845232234336535], [15.586112983443424, 47.84521268721787], [15.58612222615621, 47.845192466066074], [15.586128605707037, 47.8451717497804], [15.586226603346292, 47.84475598808263], [15.586399584316167, 47.84421181212271], [15.586820628799419, 47.84338235910816], [15.587076230374649, 47.84293486558003], [15.587382289834268, 47.8426587250017], [15.587576713814586, 47.84251596173206], [15.587610124625805, 47.842493175034406], [15.587614937439467, 47.84249350416957], [15.587773938123453, 47.84250010419491], [15.587809168321913, 47.84250031367167], [15.587844235420777, 47.84249802454224], [15.587878749503362, 47.842493262259836], [15.58857135219457, 47.84237176174479], [15.588603314025999, 47.84236498568356], [15.589649517662977, 47.84210368461866], [15.589669931598966, 47.84209806316395], [15.590583134457802, 47.841822562074796], [15.590600127441096, 47.84181704241354], [15.591513229983708, 47.84149874119186], [15.591547902075291, 47.841484804418684], [15.5915798233851, 47.84146815337207], [15.592787373487985, 47.840755601766375], [15.594010404949183, 47.84012231364273], [15.595093033742799, 47.83962216424477], [15.59509917694605, 47.83961925727324], [15.59560887779147, 47.839372256410876], [15.595640565957838, 47.839354821002615], [15.595668850076803, 47.83933490802834], [15.596086449593805, 47.83900230711062], [15.596106954186045, 47.83898418939204], [15.596124632002539, 47.83896476840821], [15.596139301764374, 47.83894424331707], [15.596285106311747, 47.83871065303173], [15.596493105176462, 47.838615618909586], [15.596493257278947, 47.8386155418128], [15.596493419760874, 47.838615474999926], [15.596506353383395, 47.838608903738766], [15.59651929808595, 47.8386023424064], [15.596519438231894, 47.83860225564334], [15.596519590204156, 47.8386021784299], [15.596531504850118, 47.83859478531089], [15.596543431982525, 47.83858740133282], [15.596543558822086, 47.83858730573913], [15.596543698821256, 47.838587218868696], [15.596554479749392, 47.83857907509158], [15.596565274443247, 47.83857093958092], [15.59656538675495, 47.838570836077174], [15.596565513432708, 47.838570740386395], [15.596575056817203, 47.83856192438217], [15.596584615113768, 47.838553115687716], [15.596584711815948, 47.83855300527074], [15.596584823952366, 47.83855290168117], [15.596593037897147, 47.83854349834248], [15.596601267734123, 47.83853410130829], [15.596601347895309, 47.838533985041714], [15.596601444410647, 47.838533874550784], [15.596915742055545, 47.83812992328012], [15.597179829665142, 47.83792671509771], [15.597202768868826, 47.83790693838099], [15.59722229350576, 47.83788556448343], [15.597238160593074, 47.837862859406606], [15.597523858207158, 47.83738675865286], [15.597524015504163, 47.8373864960469], [15.597951245213688, 47.836671932996026], [15.59838758641591, 47.836072765149524], [15.598625562833176, 47.83591637824136], [15.59907592306312, 47.835830192005574], [15.602079986525426, 47.835605915147276], [15.602986973475351, 47.8356788391707], [15.603428966005277, 47.835787680833405], [15.603428966005277, 47.83530867583666], [15.603179950239282, 47.83524735512504], [15.60314290112888, 47.83523983814971], [15.603104809582943, 47.83523525609989], [15.602121013751171, 47.83515615641829], [15.602082804191127, 47.83515457143277], [15.602044576191961, 47.835155940091205], [15.598974589198813, 47.835385139059525], [15.59896331936191, 47.83538635970909], [15.598952000464816, 47.835387353484975], [15.598947143584502, 47.835388111726964], [15.598942221137595, 47.835388644883096], [15.598931183264108, 47.83539060340562], [15.598920063539598, 47.835392339384576], [15.598361465665874, 47.83549923893502], [15.598330068249668, 47.835506398615735], [15.598299879257603, 47.83551561812317], [15.598271195933146, 47.83552680668148], [15.598244300695365, 47.835539854127326], [15.59821945835827, 47.8355546319946], [15.597879658395016, 47.83577793130998], [15.597854001213452, 47.835796827906535], [15.59783169964351, 47.83581756521574], [15.597813042630714, 47.83583987456298], [15.597345939799556, 47.83648127336558], [15.597335989115592, 47.83649630425062], [15.596904264016759, 47.83721837177503], [15.596639791583948, 47.83765909339182], [15.59638677150001, 47.83785378371296], [15.596362593913614, 47.837874768440116], [15.596342258551948, 47.837897525521704], [15.596048483080182, 47.83827509532019], [15.595827896719518, 47.83837588030006], [15.595816443195336, 47.83838168571006], [15.595804884260794, 47.8383873956348], [15.595803350174881, 47.83838832212613], [15.59580170374559, 47.83838915664631], [15.595791150550818, 47.83839568993117], [15.595780478550347, 47.83840213514772], [15.595779086734336, 47.83840315841359], [15.595777569725989, 47.83840409756499], [15.595768018492901, 47.838411295806466], [15.595758336204144, 47.83841841424421], [15.595757100061856, 47.83841952443019], [15.595755727084201, 47.838420559168284], [15.595747269796417, 47.83842835304402], [15.595738670465463, 47.83843607614903], [15.595737601901874, 47.838437262563325], [15.595736386177295, 47.83843838292325], [15.595729104283436, 47.838446697374785], [15.595721670727286, 47.83845495076969], [15.595720780033211, 47.83845620198668], [15.595719733270037, 47.838457397178736], [15.595713696900116, 47.83846615213316], [15.595707500708295, 47.83847485633444], [15.595543121785935, 47.83873819939309], [15.595185120626041, 47.839023330388216], [15.594711871754912, 47.839252665667956], [15.593624869630165, 47.83975483364481], [15.593610212231786, 47.839762006070316], [15.592371513924235, 47.84040340388511], [15.592354977175674, 47.840412548509036], [15.591169913791783, 47.84111182813859], [15.59030125439155, 47.841414635989956], [15.589406738509288, 47.841684499032056], [15.588386615040447, 47.841939286008376], [15.587963890779765, 47.84201344285313], [15.587964720277647, 47.84200957467138], [15.587965928039676, 47.841984701575754], [15.587955726096693, 47.84168180161334], [15.587952817799865, 47.84165685498957], [15.587933017182987, 47.84155795504877], [15.587925577680888, 47.84153222816767], [15.587890677149067, 47.84144042826743], [15.587884127080034, 47.84142539878683], [15.587787726023398, 47.84122969905518], [15.587783369710678, 47.84122140231254], [15.587698784595785, 47.84106981111256], [15.587628675470304, 47.84092570486401], [15.587583477953606, 47.84080743996992], [15.587558300859682, 47.84064709035369], [15.587559765610917, 47.84055824558529], [15.58759193410563, 47.84039099592974], [15.58779908251415, 47.84004574496032], [15.587808364575343, 47.840028219994586], [15.58781546350964, 47.840010238516605], [15.587929861435718, 47.839663238203244], [15.587934163419526, 47.83964759128857], [15.588147657406685, 47.83868119070487], [15.588150821811094, 47.83866003527177], [15.588151005068418, 47.83863877319288], [15.58814820554477, 47.83861759445975], [15.588124904830721, 47.83850299452932], [15.588124053335536, 47.838499065072064], [15.588034750937116, 47.83811096533668], [15.58802689029762, 47.83808615093543], [15.588014928804693, 47.83806209043239], [15.587409880977493, 47.83704045172621], [15.58729868495808, 47.83664069113569], [15.587212415961988, 47.835950381064954], [15.587234913601261, 47.83532651573542], [15.587365144355347, 47.834552210567416], [15.58736530845379, 47.83455121506398], [15.587448453977329, 47.83403635464702], [15.587573200413516, 47.83368213464792], [15.587923691003946, 47.83311536173862], [15.587930849481502, 47.833102728423185], [15.58806530944166, 47.83284217317228], [15.588365101425302, 47.83240401934821], [15.588375934909392, 47.83238622003291], [15.588535033341513, 47.832089219607944], [15.588547820911744, 47.832058799783596], [15.588672018494016, 47.83165759944317], [15.588677874049537, 47.83163053547998], [15.588700965699234, 47.83144550051672], [15.588727038700087, 47.83142353501296], [15.5887491803016, 47.83140251734271], [15.58880836046245, 47.831338909973624], [15.588940784760668, 47.831243389035016], [15.588957491045598, 47.83123037433329], [15.589135757668007, 47.83108025901382], [15.589551997003314, 47.83088928135814], [15.589572756040516, 47.830878943633365], [15.590087156644403, 47.83060144270336], [15.590108564951326, 47.830588849984025], [15.59053916506269, 47.83031294912761], [15.590557725056632, 47.83030006862905], [15.590574700924316, 47.83028623273695], [15.590763127277512, 47.83011953661375], [15.591153878192872, 47.8298735178417], [15.591289204180246, 47.8298008007417], [15.5919052921566, 47.82961767470902], [15.59193683087273, 47.829606923208864], [15.59196650563598, 47.82959398755201], [15.592262606117524, 47.829449387048705], [15.592282047892681, 47.82943913327282], [15.592300311532714, 47.8294279403032], [15.592415011542284, 47.82935224007165], [15.592437498835931, 47.82933584881211], [15.592457463498254, 47.82931803778868], [15.592728162720178, 47.82904983714638], [15.592749668470617, 47.82902532418304], [15.593136071378659, 47.82851343572939], [15.593189807396756, 47.82846538864889], [15.593205234718251, 47.828459404076455], [15.593231963324394, 47.828447862711954], [15.593256943800588, 47.82843466449961], [15.593279950425377, 47.82841992869811], [15.593300775313484, 47.82840378845962], [15.593352775226695, 47.82835938834224], [15.593363317383057, 47.8283498815751], [15.593427982245306, 47.828288240854114], [15.593501747621522, 47.82824670668719], [15.593805047762709, 47.82813993617165], [15.593815784919679, 47.82813598608746], [15.59395638527193, 47.82808198588512], [15.593984052337992, 47.82807011064565], [15.59400985584342, 47.82805646488409], [15.594033546834089, 47.82804118025651], [15.594187020978262, 47.827931935173524], [15.594525194083793, 47.827723378254504], [15.5945403526676, 47.827713416430115], [15.595064135043357, 47.82734665399838], [15.595267337742078, 47.82726105998566], [15.595716943860568, 47.82716975072476], [15.595747307211942, 47.82716249119009], [15.595776490603708, 47.82715329535282], [15.596031791300497, 47.82706249500608], [15.596058250183514, 47.82705201013616], [15.596083167766421, 47.82703993363055], [15.596106333552044, 47.82702636750893], [15.596127551842464, 47.827011426374874], [15.596732910678, 47.82654390538013], [15.597083619944046, 47.82633195491734], [15.597123754575998, 47.82631987240986], [15.597138072993793, 47.826327226078284], [15.597170240854672, 47.826340189201275], [15.597204363194823, 47.826350643235756], [15.597350263696448, 47.826388843386056], [15.597379029703278, 47.82639537813088], [15.59740855797171, 47.82640012700396], [15.597438604563475, 47.826403050773976], [15.597468921258194, 47.82640412528715], [15.59749925760403, 47.82640334166676], [15.597598258026807, 47.82639774164107], [15.59762895682018, 47.82639503542059], [15.597659151628456, 47.82639042662219], [15.597688583015175, 47.82638395484514], [15.597716998103524, 47.82637567569553], [15.597838498459488, 47.826335675540115], [15.597866547816484, 47.82632529152369], [15.597892992386358, 47.826313147132794], [15.598037160894178, 47.8262398851981], [15.598140337467397, 47.82620693024267], [15.598169482209553, 47.8261964008081], [15.598196937697999, 47.82618398192765], [15.59822243472886, 47.82616979537033], [15.598245723301822, 47.826153980237365], [15.598266575071424, 47.82613669159823], [15.59833933318141, 47.82606985839724], [15.598601665466548, 47.82587688199643], [15.59862396092973, 47.82585864379308], [15.5986432929811, 47.825838931469036], [15.59865944838587, 47.82581796245709], [15.598672248949272, 47.8257959680514], [15.598681553481962, 47.82577319085622], [15.598742480214623, 47.825586128893825], [15.598769430304365, 47.82556250679167], [15.598844177099537, 47.82553010928486], [15.598953155542445, 47.82551372985502], [15.598983873292731, 47.82550806525024], [15.599013650233635, 47.825500456136815], [15.599042215625088, 47.82549097169898], [15.599121315830251, 47.825461471587595], [15.599148586824603, 47.825450116279846], [15.599174115373113, 47.825437052364215], [15.599197666230276, 47.82542240022538], [15.59921902237564, 47.82540629488346], [15.59923798701367, 47.82538888474975], [15.599254385387177, 47.82537033025917], [15.599308885104275, 47.82530133012164], [15.599326486287563, 47.82527513198209], [15.599342343927235, 47.82524683978602], [15.599369282253534, 47.82522811559854], [15.599389338169411, 47.82521284776168], [15.599407259196507, 47.825196419856645], [15.599493185677947, 47.825109671380226], [15.59952813487831, 47.825094855521534], [15.599553540649444, 47.82508294377074], [15.599577199662365, 47.82506949914563], [15.599598908680463, 47.82505463713958], [15.59961848121864, 47.82503848542157], [15.599635749145264, 47.825021182739526], [15.5996603436701, 47.82499388612198], [15.59985597055618, 47.82482797277058], [15.599872836901216, 47.824812332556405], [15.599887647005113, 47.82479577489852], [15.599900291498134, 47.82477842207424], [15.599934407773047, 47.82472602150898], [15.599942876225457, 47.82472324561998], [15.599969887435684, 47.824713330468235], [15.599995429432452, 47.82470178371883], [15.600019285534652, 47.824688703327105], [15.600041253363669, 47.82467420025875], [15.600061146560265, 47.82465839754842], [15.600078796365489, 47.824641429256054], [15.600094053052317, 47.824623439329436], [15.60015747035175, 47.82453995269144], [15.600195229800875, 47.824514205527834], [15.600209797366114, 47.82451397464371], [15.60024481247056, 47.82451090861489], [15.60027915126533, 47.82450537029873], [15.600312429967817, 47.824497421593506], [15.600344276643847, 47.82448715133678], [15.600374335364663, 47.82447467431263], [15.600493235581146, 47.82441927411663], [15.600518646203376, 47.82440617920204], [15.600542079576456, 47.824391506885085], [15.600563320643387, 47.82437539182029], [15.600582174467496, 47.824357981902835], [15.600598468021444, 47.824339436911195], [15.600612051775094, 47.824319927040705], [15.60062280106775, 47.82429963134167], [15.60063061725212, 47.824278736076], [15.600635428599537, 47.824257433007865], [15.600641416221837, 47.824218432049065], [15.600711175033226, 47.82415209124352], [15.600727623851109, 47.824134830356606], [15.600741669655518, 47.824116632209574], [15.60075319566893, 47.82409764810608], [15.600762106064277, 47.82407803588428], [15.600768326761592, 47.82405795860437], [15.600771806043856, 47.82403758319307], [15.600781805421645, 47.82393998316697], [15.600782310716266, 47.8239266173371], [15.600790470162346, 47.82392122444607], [15.600840670131365, 47.82388422433934], [15.60086020709214, 47.82386843217166], [15.600877521805609, 47.82385150484957], [15.600892469679762, 47.82383358373222], [15.600911069572259, 47.82380868368475], [15.60092497229465, 47.82378739682848], [15.600935537161257, 47.82376525703681], [15.600942651249387, 47.82374250096019], [15.600946238521793, 47.823719371836184], [15.60094626063921, 47.82369611688947], [15.60094271737, 47.823672984689374], [15.60093564659238, 47.823650222492795], [15.600925123889386, 47.82362807360144], [15.60091126174077, 47.82360677476115], [15.600901964626994, 47.82359428862592], [15.600895665647442, 47.823562472879615], [15.600889115544215, 47.82353899053044], [15.600878903765826, 47.82351610857721], [15.600865145541645, 47.82349408520858], [15.600847996116835, 47.82347316892502], [15.600748492317159, 47.82336572257814], [15.600700089344297, 47.82305326131374], [15.600694556917592, 47.82302971849273], [15.600685356297305, 47.82300670213358], [15.600672590806502, 47.822984470698316], [15.600621990454417, 47.82290857083294], [15.600610805502566, 47.822893357540785], [15.600597948742182, 47.8228787556763], [15.600560802106349, 47.822839980944856], [15.600561259863566, 47.82282365052818], [15.600591168533231, 47.82274861917716], [15.600599009273619, 47.822723147606936], [15.600602430848838, 47.8226972367126], [15.600607030205468, 47.822596836702125], [15.600606815360164, 47.82258947557077], [15.599938343371035, 47.82258947557077], [15.59993884921951, 47.822594324610165], [15.599935966684264, 47.82265723028652], [15.599905531595168, 47.82273357980248], [15.599897404579787, 47.82276038334063], [15.599894169202527, 47.82278765307984], [15.599891468584964, 47.8228839530747], [15.599892230447374, 47.822903966099574], [15.599895631542065, 47.82292385423566], [15.599901644929949, 47.82294345993729], [15.599910222978263, 47.82296262789586], [15.599929122786527, 47.82299892794811], [15.599944305108547, 47.82302337167455], [15.599963650175775, 47.82304644346276], [15.600022954980043, 47.823108348295364], [15.60004126805136, 47.82313581815243], [15.600092108054197, 47.82346403789777], [15.60009661477464, 47.823484213956], [15.600103817681665, 47.82350403198674], [15.600113657512916, 47.82352332892757], [15.600126053309214, 47.82354194600346], [15.60014090308061, 47.82355973003308], [15.600221778752143, 47.82364706256207], [15.600205375041831, 47.82366205929937], [15.600188589864922, 47.82368106620367], [15.600174657220574, 47.823701091271445], [15.600129556852329, 47.82377519115271], [15.600118571900758, 47.82379612977705], [15.600110706344463, 47.823817695840134], [15.600106036854989, 47.823839679131936], [15.600104608951192, 47.82386186537533], [15.6001064365554, 47.8238840383146], [15.600113392413867, 47.82392855764249], [15.60011184787103, 47.823943631450724], [15.600045626020556, 47.82400660781847], [15.60002728497398, 47.82402609786956], [15.600012005368379, 47.82404675079734], [15.599999948002342, 47.82406834926083], [15.599999459368457, 47.82406960148957], [15.599992731599299, 47.8240701874396], [15.599959579811493, 47.824075429352796], [15.599927392887484, 47.82408291733489], [15.599896505410248, 47.82409257354847], [15.599867238455527, 47.82410429761732], [15.599839896254327, 47.82411796766982], [15.599814763030487, 47.82413344160577], [15.599645963010959, 47.82424854125957], [15.59962327696333, 47.82426567742572], [15.599603302798863, 47.82428428164645], [15.5995862485991, 47.82430416011445], [15.599549514203682, 47.82435251902347], [15.599539544018809, 47.82435617530783], [15.599514204583743, 47.82436760054913], [15.599490518081378, 47.82438053456099], [15.599468681956887, 47.8243948695292], [15.59941738193349, 47.82443176942132], [15.599393178656051, 47.82445128101454], [15.599372399536604, 47.82447250736091], [15.59935531004729, 47.82449517727899], [15.599305900077939, 47.82457106679808], [15.599124130509633, 47.82472522615416], [15.59910696626066, 47.8247418265024], [15.599076966634408, 47.82475454404349], [15.599048275615838, 47.82476817550088], [15.599021868103234, 47.824783760041505], [15.59899803594113, 47.82480112543301], [15.598977042513368, 47.82482007976177], [15.598868391410594, 47.824929769211025], [15.59881441917079, 47.824967283734296], [15.59879196649301, 47.82498457545755], [15.598772249606743, 47.82500331911954], [15.598755474136222, 47.8250233192485], [15.598741815031213, 47.82504436726923], [15.598717211637114, 47.825088262209164], [15.598640645746574, 47.82509976998009], [15.598612254604545, 47.82510493037062], [15.598584647501125, 47.82511175248291], [15.598558038435945, 47.82512018343467], [15.598532633672527, 47.82513015787248], [15.598359134036583, 47.825205357600176], [15.59833569028361, 47.82521650623562], [15.59831375424513, 47.82522896903918], [15.5982934878798, 47.82524265399584], [15.598275040819148, 47.825257460067185], [15.598167340617687, 47.8253518598218], [15.598146636820754, 47.82537222995633], [15.598129372238777, 47.825394005231274], [15.598115754804443, 47.82541692339326], [15.598105948526216, 47.82544070842412], [15.598048290012013, 47.82561772960321], [15.597834335804198, 47.825775116881346], [15.597811326489348, 47.82579400795408], [15.597777759306533, 47.82582484140953], [15.59772006405822, 47.82584326939958], [15.597690140737736, 47.82585411540535], [15.59766200875507, 47.82586695280178], [15.597516247397559, 47.82594102395161], [15.59750167821769, 47.82594582038947], [15.597499374228837, 47.825945217151606], [15.597460433834387, 47.825922782585785], [15.597432108318229, 47.82590815395876], [15.597401626359243, 47.82589564453167], [15.597369336103316, 47.825885397178816], [15.597335606348787, 47.82587752893853], [15.597300822334386, 47.82587212967653], [15.597166622889354, 47.82585632974079], [15.597133850543086, 47.82585358738335], [15.597100836244572, 47.82585303784161], [15.597067902729322, 47.825854686487716], [15.597035371943186, 47.825858517205106], [15.597003561895228, 47.825864492546145], [15.596972783549118, 47.82587255409807], [15.596763184205939, 47.825935653848596], [15.596732361387335, 47.82594625575219], [15.596703333180956, 47.825958948694186], [15.596676411272021, 47.82597359638701], [15.596271511510583, 47.8262182956062], [15.596242850165526, 47.826237874405486], [15.595664877562056, 47.82668424205784], [15.595493101085104, 47.82674533598371], [15.595031658788837, 47.82683904876491], [15.595003713218704, 47.82684564742773], [15.594976745378652, 47.82685388698348], [15.594950967247335, 47.82686370266595], [15.594674867854991, 47.82698000224117], [15.594652272256246, 47.8269904111232], [15.594631018355697, 47.82700203112981], [15.594611248930315, 47.827014784202014], [15.594066193434895, 47.82739644026837], [15.593727007520206, 47.82760562061478], [15.593709954669208, 47.82761691955875], [15.593582336889718, 47.82770775918412], [15.59349013115388, 47.82774317241338], [15.593160354351909, 47.82785926315604], [15.593129528198135, 47.82787157587851], [15.593100838592775, 47.82788604188771], [15.592966038722498, 47.82796194163782], [15.592944711965858, 47.827975044860004], [15.59292514507007, 47.82798933923355], [15.59290748420295, 47.82800471797834], [15.592822768838948, 47.82808547075893], [15.592816046598593, 47.82809121049749], [15.592797266719202, 47.828098495561434], [15.592769023841432, 47.828110765628224], [15.592742755076197, 47.828124884863], [15.592718726393755, 47.82814071030998], [15.592697181084404, 47.828158081738], [15.59258478085657, 47.828258581480064], [15.592568221009854, 47.82827482204254], [15.592553834955712, 47.82829197605564], [15.59216373141865, 47.82880875942265], [15.591923635050364, 47.829046637209544], [15.59185036286178, 47.829094995426836], [15.59160303317542, 47.82921577831103], [15.590979810988589, 47.82940102434824], [15.590954078363797, 47.8294095804351], [15.590929531356611, 47.82941959229663], [15.590906351159886, 47.82943098603093], [15.590726951373886, 47.82952738570735], [15.590707164936582, 47.82953889970152], [15.590286265088071, 47.829803898871944], [15.590266555134612, 47.82981739886376], [15.590248600863948, 47.829831967108355], [15.590059281798348, 47.82999945159727], [15.589658342414987, 47.83025634626057], [15.589165127979577, 47.83052241683844], [15.588857817418079, 47.830663415521634], [15.588883871997114, 47.83040503854345], [15.58888449674818, 47.830383227404994], [15.58888198076184, 47.83036147809491], [15.588806224774302, 47.829959574981444], [15.588791681081346, 47.82970532341236], [15.588803046723706, 47.829368307162014], [15.588801593252267, 47.829341629572276], [15.588795456384894, 47.8293152558237], [15.58875735568471, 47.82919765593399], [15.58874674846079, 47.82917220390539], [15.588731780011368, 47.829147765657346], [15.588656620054898, 47.829042988482456], [15.588619928181902, 47.82891215907418], [15.588612659422417, 47.828891594199156], [15.58860255579478, 47.828871579644144], [15.588525506365569, 47.828739648234986], [15.588522763197329, 47.828720446915455], [15.588551447156535, 47.82861885843141], [15.58859739256141, 47.82852910153819], [15.588605316930652, 47.82851125372915], [15.588611020949392, 47.82849302557095], [15.588614465496557, 47.828474542089154], [15.588621965112633, 47.828414142069214], [15.588622862168993, 47.828386451834234], [15.588605260264254, 47.828088751893], [15.588602220969518, 47.82806614306337], [15.588595812973235, 47.828043855675666], [15.58856696338559, 47.82796505984546], [15.58857527128439, 47.82794434370255], [15.588581797867985, 47.827924571417604], [15.588585656650748, 47.82790448393362], [15.588586816345437, 47.82788424413729], [15.588585267551393, 47.82786401615018], [15.588576767177946, 47.827804916176156], [15.588572296733313, 47.82778406691703], [15.588564949474355, 47.82776359071435], [15.588554789846171, 47.82774366716197], [15.588541906960472, 47.82772447100633], [15.588526413813884, 47.827706170613794], [15.588508446296789, 47.827688926493984], [15.588339403728414, 47.827541851648135], [15.588287152583723, 47.827485530191396], [15.588248687185327, 47.827417740397976], [15.588218824791719, 47.827312127688124], [15.588210592675477, 47.827289476326435], [15.588198922170431, 47.82726752065805], [15.58818393872198, 47.82724649667485], [15.588165803384353, 47.827226630354204], [15.58800270294842, 47.82706713074338], [15.587981277721276, 47.8270483733436], [15.58791907766038, 47.826999473480065], [15.587899340973287, 47.82698525177153], [15.58773803345262, 47.82687866206199], [15.587475166305149, 47.82667729294442], [15.5874491671345, 47.826659476922735], [15.587420394824573, 47.82664371207036], [15.587365765254306, 47.82661703257942], [15.587282726672647, 47.826543447769446], [15.587276170428094, 47.8265317544259], [15.587260204306052, 47.826458176818], [15.587252219665514, 47.82643219947308], [15.587239748972667, 47.82640703584285], [15.587172748413096, 47.82629443602453], [15.587159885186603, 47.82627542634501], [15.587144458572274, 47.826257302289676], [15.587126601635763, 47.82624022018851], [15.587041001489483, 47.82616592038413], [15.587020859525856, 47.82615002124666], [15.586998613265639, 47.82613544964103], [15.586974454755133, 47.82612233135911], [15.586948592547978, 47.82611077964665], [15.586859492762542, 47.82607487977766], [15.586834253401959, 47.826065678049204], [15.586807934189666, 47.8260579694244], [15.586780729452093, 47.82605181081938], [15.586752840053634, 47.82604724770572], [15.586657540442733, 47.82603454775742], [15.586619776377029, 47.82603100907562], [15.586581659495357, 47.82603039171445], [15.586543686475602, 47.82603270371836], [15.586513622699814, 47.82603570710143], [15.586444926885745, 47.82600729260547], [15.586408215841816, 47.82597894883552], [15.586385706908109, 47.82596318731264], [15.586361031632789, 47.82594897218144], [15.586334423234975, 47.82593643779578], [15.586084136961665, 47.82583034955361], [15.585938443134983, 47.82575068326865], [15.585919497308069, 47.825741055098796], [15.585817853613886, 47.82569311987895], [15.585815310601305, 47.825690404696395], [15.585796682233285, 47.82567250579328], [15.585775562124814, 47.825655908982796], [15.585752149707288, 47.82564077098231], [15.585726666056894, 47.82562723473406], [15.585679166140594, 47.825604434813194], [15.585643135545197, 47.825589367032585], [15.585525435867513, 47.825546867191605], [15.585497207973068, 47.82553779355226], [15.585467843475213, 47.82553053791176], [15.585242244316591, 47.82548273810348], [15.5852094094868, 47.825476997229046], [15.585175879310647, 47.82547352885387], [15.5851419996606, 47.82547236875514], [15.584982800348424, 47.82547236875226], [15.58494548543142, 47.82547377681662], [15.584736786314886, 47.82548957674569], [15.584708581178317, 47.82549253868866], [15.584680854602812, 47.82549711166459], [15.584427867019285, 47.825546642666644], [15.58435170197328, 47.82554213711941], [15.584310630318438, 47.82553294588721], [15.584302842390366, 47.82553127403959], [15.58420896574524, 47.82551197026303], [15.584078373079176, 47.82546294284107], [15.583936168600859, 47.82539510363634], [15.583932444922542, 47.82539182548339], [15.583886160183749, 47.82532601723503], [15.583872738977373, 47.82530888346683], [15.583857178431678, 47.82529259091036], [15.583839593960437, 47.825277260406764], [15.58382011598844, 47.82526300566156], [15.583757067602223, 47.825220676961294], [15.583723403481232, 47.82517751209985], [15.583707542033608, 47.82515930450735], [15.583689215857692, 47.825142178452715], [15.583590115706253, 47.82505817867708], [15.583566193945735, 47.82504000904939], [15.5835395031168, 47.82502368192634], [15.583510354293328, 47.8250093875944], [15.583334444366411, 47.82493255104415], [15.583308639520029, 47.82490406326718], [15.583290127845812, 47.82488572565332], [15.583269025062291, 47.82486870459898], [15.583245536250207, 47.824853165515975], [15.583219889677265, 47.82483925941406], [15.583192334579813, 47.82482712143351], [15.58316313874075, 47.82481686953175], [15.58314600296305, 47.82481155858561], [15.583025312570912, 47.824689635555735], [15.583003251358374, 47.8246698088823], [15.582891351232439, 47.824580009129996], [15.582867660477833, 47.82456289080815], [15.582841457079747, 47.82454752265767], [15.582664263546047, 47.82445405472332], [15.582605353300771, 47.82439024106292], [15.58258650290562, 47.82437191420126], [15.582565051144382, 47.824354934050575], [15.582541208756798, 47.82433946742012], [15.582504365222217, 47.824317832097755], [15.582503396322732, 47.82430780060758], [15.582499476198214, 47.82428510012251], [15.58249215593975, 47.824262784687505], [15.58248151111826, 47.82424108466351], [15.582467651623546, 47.82422022405839], [15.58242699965097, 47.82416653319577], [15.58242699940581, 47.824128299515095], [15.582425542931388, 47.82410731738366], [15.582421186480726, 47.82408651823762], [15.582413968048142, 47.82406608345804], [15.582403950585949, 47.824046191248286], [15.582391221455383, 47.82402701508002], [15.582375891664652, 47.82400872218036], [15.582341357110932, 47.823971668435966], [15.582327796821236, 47.82394389515264], [15.58230947482946, 47.82385961641625], [15.58230450486447, 47.82384179867533], [15.582297420328773, 47.82382430835908], [15.582107506023606, 47.82342033187368], [15.582072149306853, 47.82330624495659], [15.582065049083763, 47.823287433317056], [15.582055567155464, 47.823269103956704], [15.582043774130058, 47.82325139336215], [15.581950573596998, 47.823126193604594], [15.581935800359172, 47.823108408045265], [15.581918697500857, 47.823091595974105], [15.581899405415687, 47.82307589539562], [15.58173996176684, 47.82295749192528], [15.581664214746812, 47.82287061092566], [15.581645911044665, 47.82285183203319], [15.581370533104801, 47.82259791463237], [15.581364175499049, 47.82258947557077], [15.580616080650106, 47.82258947557077], [15.580623951996511, 47.82260117057441], [15.580787051084586, 47.82281767099758], [15.580800194130262, 47.82283350112011], [15.580815188214707, 47.82284856665488], [15.58109663873103, 47.82310808599018], [15.581181383605646, 47.82320528858805], [15.581200266407484, 47.82322459991933], [15.581221993254573, 47.823242503682735], [15.58137390085727, 47.8233553117613], [15.58142713484623, 47.82342682406016], [15.581457049357873, 47.82352335422689], [15.581465581106118, 47.823545290214845], [15.581652433760276, 47.8239427646439], [15.581671024106651, 47.82402828270078], [15.58167641265818, 47.82404731179923], [15.581684212512103, 47.824065958076474], [15.581719512120925, 47.82413825817481], [15.58173448396505, 47.82416362156021], [15.581753907228018, 47.8241875769874], [15.581759000169864, 47.824193041516914], [15.581759000114372, 47.8242016995151], [15.581760779404258, 47.824224887025046], [15.581766098615343, 47.82424782747473], [15.58177490107424, 47.824270276425835], [15.581799000797448, 47.82432097649318], [15.581808265056457, 47.82433805563454], [15.581819547496828, 47.82435457503606], [15.581841271860245, 47.82438326783274], [15.58184160316492, 47.82438669844061], [15.581846981146013, 47.82441483043249], [15.581857180931326, 47.82445033046226], [15.58186552134403, 47.82447298456371], [15.581877302736132, 47.82449493466042], [15.581892398258738, 47.82451594441033], [15.581910645378343, 47.824535787596076], [15.581965845234128, 47.82458938772746], [15.581982450433484, 47.82460417141196], [15.582000806827201, 47.82461798410834], [15.582020789748462, 47.82463073200713], [15.582064469000278, 47.82465638157398], [15.582128145079084, 47.824725358461095], [15.582144646581861, 47.824741602703156], [15.582163193536998, 47.82475681330858], [15.582183643941914, 47.82477087381778], [15.582205841219942, 47.82478367657676], [15.582402074899456, 47.82488718856848], [15.582479704708847, 47.82494948689203], [15.58261628566035, 47.82508746412834], [15.582637583071483, 47.825106675676174], [15.582661795878806, 47.825124251544594], [15.582715595891075, 47.82515935165247], [15.582744059260609, 47.825175933490485], [15.582775112031518, 47.82519025361497], [15.58279030159201, 47.825195679528875], [15.582803758947488, 47.82521053618955], [15.582820452872404, 47.82522723602058], [15.58283929715007, 47.8252428637875], [15.582860140833192, 47.82525729430653], [15.582882816958142, 47.825270411984185], [15.582907143882359, 47.82528211174318], [15.583101042606048, 47.82536680612292], [15.583146618809865, 47.8254054379696], [15.58318939502559, 47.82546028728928], [15.583206580916704, 47.82547985314442], [15.583226611626714, 47.82549815089758], [15.583249282562903, 47.82551499365373], [15.583307319076237, 47.8255539578311], [15.5833438383044, 47.82560588213592], [15.583360543001074, 47.82562672107257], [15.583380408546356, 47.82564626177965], [15.583436408444525, 47.82569556190833], [15.583458104179565, 47.82571279446709], [15.583482257499826, 47.82572847442968], [15.58350862472968, 47.82574244360434], [15.58370692508411, 47.82583704393338], [15.583737360987731, 47.82584996432466], [15.583914761453775, 47.82591656457179], [15.583946573128149, 47.82592705908721], [15.583979856329709, 47.82593522576716], [15.584103847628056, 47.82596072203223], [15.584178169111572, 47.825977354081736], [15.584215760592473, 47.82598415693034], [15.584254272067911, 47.82598796841109], [15.58443177282681, 47.82599846845271], [15.584462676725424, 47.825999328411186], [15.584493566245463, 47.825998259551945], [15.584524176499244, 47.825995271040824], [15.584554244993996, 47.825990388505296], [15.584839859548968, 47.82593446973531], [15.585001515861475, 47.82592223125003], [15.585090695001686, 47.82592223126108], [15.585237420182919, 47.82595331930337], [15.585289418792481, 47.825972095374425], [15.585307742525451, 47.825989662832505], [15.585329392314392, 47.826006568992696], [15.58535342406518, 47.82602194664956], [15.585379601051429, 47.82603564432322], [15.585526574236678, 47.82610495726722], [15.585678655644287, 47.826188116638185], [15.585711274869881, 47.82620386151955], [15.585937041421603, 47.82629955701109], [15.585974982667365, 47.82632885076753], [15.585998380846723, 47.82634517523235], [15.586024102060934, 47.82635982930778], [15.58605188461103, 47.826372663895775], [15.586219184999315, 47.82644186414661], [15.586251348126432, 47.82645358546571], [15.586285221356656, 47.82646286863042], [15.586320398620144, 47.82646960235467], [15.58641899901565, 47.82648460241566], [15.586449361958973, 47.82648823861064], [15.58648009349846, 47.82648997345914], [15.586510931653454, 47.82648979217193], [15.586541613534372, 47.826487696294436], [15.586563673746804, 47.826485492484295], [15.586570077249297, 47.82649105068611], [15.58660492085145, 47.82654960931785], [15.586620394666479, 47.826620922295064], [15.586627522619699, 47.82664471486662], [15.58663841605696, 47.8266678517009], [15.586674915723748, 47.826732951800764], [15.586687703000662, 47.826752810446266], [15.586703265586628, 47.82677174944599], [15.586721459368981, 47.82678959341744], [15.586863759102926, 47.826915693745235], [15.586884772345952, 47.82693253684568], [15.586908128326696, 47.8269479171132], [15.5869336036466, 47.8269616874352], [15.586998036230192, 47.82699315458381], [15.587244432046074, 47.82718190709735], [15.587261357558019, 47.82719394740989], [15.587421131906613, 47.82729952467335], [15.587462474628419, 47.82733202735507], [15.587575723869136, 47.827442777563014], [15.58759797391086, 47.8275214714794], [15.587604772070662, 47.82754081786139], [15.587614080448908, 47.82755968445068], [15.587674679905296, 47.8276664846162], [15.587687650279788, 47.827686398598175], [15.587703415604949, 47.827705376120434], [15.58778171532851, 47.82778977631309], [15.58780085261351, 47.82780827249064], [15.58790242146482, 47.827896643025014], [15.587899528991697, 47.82790385530409], [15.587892386030395, 47.8279260711612], [15.587888609178204, 47.827948659044964], [15.587888237009807, 47.82797138828148], [15.587891273330337, 47.827994026753046], [15.58789768713636, 47.82801634326853], [15.58793908564151, 47.82812941751953], [15.587954518167273, 47.828390483441964], [15.587952211453386, 47.828409059225656], [15.58791200775626, 47.828487597444145], [15.587899651636544, 47.82851888420056], [15.587857550728389, 47.82866798408513], [15.587853124163003, 47.82868904468184], [15.587851671634935, 47.82871029267444], [15.587853206136964, 47.828731538054065], [15.58786500561489, 47.82881413809012], [15.587869408070292, 47.82883482125403], [15.587876641679197, 47.82885514008905], [15.587886644024948, 47.82887491926088], [15.587969316069696, 47.82901648127906], [15.588008370312187, 47.8291557401206], [15.588015067821072, 47.82917495530422], [15.588024241070542, 47.829193701147304], [15.5880358194308, 47.82921183331012], [15.588113054845769, 47.829319505633016], [15.58813424815008, 47.829384922450394], [15.58812355112705, 47.829701991842114], [15.58812371237163, 47.82971575606393], [15.588139210637273, 47.8299867561159], [15.588141621443391, 47.830006420717055], [15.588215125367856, 47.830396402675326], [15.588187312547447, 47.830672180614066], [15.588115856629917, 47.83098029547194], [15.588114897031396, 47.83098472143368], [15.5880455948836, 47.8313282212447], [15.588043830663358, 47.83133903319494], [15.58804376759238, 47.831339347419046], [15.588043761799499, 47.83133945522422], [15.588043727792003, 47.83133966363774], [15.588013830087604, 47.83157921150516], [15.587898582229785, 47.831951486087725], [15.58775231715659, 47.832224523368176], [15.587451697593423, 47.83266387904947], [15.587439552857823, 47.83268417107944], [15.587303048612371, 47.83294868159357], [15.586946007137888, 47.833526036478624], [15.586936642176127, 47.833543092012704], [15.58692935388852, 47.83356060115971], [15.58679355160859, 47.83394620078826], [15.58678649518673, 47.833973784204645], [15.586701172257293, 47.834502086099455], [15.58656935101405, 47.83528578811412], [15.586567327451375, 47.83530563879537], [15.586544023306987, 47.83595163874562], [15.586545100907534, 47.83597595787974], [15.586634296378591, 47.8366897581551], [15.586638828509113, 47.83671230314727], [15.586759125882153, 47.83714480349933], [15.586766638015979, 47.83716605062529], [15.586777175390086, 47.83718670705673], [15.587380245391273, 47.838205027513865], [15.58746329473458, 47.83856597177909], [15.587479723821293, 47.838646780075365], [15.587274976777506, 47.83957353305372], [15.58716914093315, 47.83989455006892], [15.586956316617977, 47.84024925360927], [15.586946807062711, 47.84026727288697], [15.58693960528817, 47.84028577084435], [15.58693476334976, 47.840304613782145], [15.586894562039074, 47.84051361367268], [15.586891815986458, 47.84054000211249], [15.586889915246802, 47.840655202110106], [15.58689174545727, 47.840681343435215], [15.58692154426046, 47.84087114352573], [15.586930230858597, 47.84090354547132], [15.586984230040906, 47.841044845625575], [15.586990288660623, 47.8410588108776], [15.587065987816871, 47.841214411088636], [15.587070730133128, 47.84122349659974], [15.587155530659958, 47.841375477144155], [15.587246208216763, 47.8415595623921], [15.587273386890619, 47.84163105360272], [15.587288095614685, 47.84170452526874], [15.58729660306268, 47.84195721141622], [15.587219752768096, 47.842119041549104], [15.587096815563156, 47.84220288605574], [15.587088324270622, 47.84220889484342], [15.5868783241459, 47.84236309439749], [15.586856812319033, 47.842380586405824], [15.586513111596723, 47.84269068561435], [15.586496007069536, 47.84270768479552], [15.586481276351291, 47.84272566315418], [15.586469042185117, 47.84274447088938], [15.586194639717592, 47.843224870161045], [15.586190329080205, 47.84323286476651], [15.585760824517022, 47.84407896361344], [15.585750269677426, 47.84410463172463], [15.58557126629363, 47.844667731233955], [15.585567997344413, 47.8446795495411], [15.585476035113956, 47.84506968486967], [15.585250779809027, 47.84539207055509], [15.58491847331275, 47.84561511865102], [15.584913609384625, 47.845618451886345], [15.584101854852454, 47.84618641731803], [15.583685825233058, 47.84636580910886], [15.5827688092467, 47.84654884993583], [15.582742579616497, 47.84655489286662], [15.582717184424284, 47.84656237867058], [15.582692798481999, 47.846571255818056], [15.582406499160289, 47.84668605539262], [15.582378990883363, 47.84669836476253], [15.582353422453593, 47.84671244226029], [15.582330043729549, 47.84672815031936], [15.582309083172404, 47.84674533543909], [15.582038682590397, 47.84699083481501], [15.582019180994942, 47.847010648876214], [15.582002894274904, 47.847031737547276], [15.581990004290343, 47.847053865354006], [15.581785260748498, 47.84746858801983], [15.581498430322437, 47.84771816666457], [15.580354358353523, 47.84816302958227], [15.580350335699984, 47.84816461903219], [15.579419737901196, 47.84853821764811], [15.579395223008685, 47.84854906879055], [15.579372216676838, 47.84856132561631], [15.57935089627287, 47.84857489363202], [15.578786296139981, 47.848967192462865], [15.57876641521804, 47.84898230816411], [15.578748627850201, 47.84899856288426], [15.578733077328286, 47.84901582568011], [15.578394975666416, 47.84943222483123], [15.578379346321547, 47.84945423100743], [15.57809326350586, 47.84992044276125], [15.577762450987695, 47.85018238003626], [15.577180839048227, 47.85043102952153], [15.57685048801926, 47.850572536734106], [15.576824455124097, 47.85058489971885], [15.576800289687531, 47.85059887525436], [15.57677821137094, 47.850614336305384], [15.576758420864639, 47.850631142333434], [15.576448220115177, 47.8509220416096], [15.576434529385846, 47.850935940540055], [15.576422406154657, 47.85095048401576], [15.576296805455412, 47.85111518369633], [15.576281991912776, 47.85113752138125], [15.57627086978005, 47.851160809739646], [15.57626357060766, 47.851184773331894], [15.576218703143713, 47.851387592014134], [15.5762027, 47.85139830000001], [15.576169299999998, 47.8514277], [15.576143600000002, 47.851456199999994], [15.576127600000001, 47.85148890000001], [15.5761373, 47.85152110000001], [15.5761568, 47.85154490000001], [15.576209641901595, 47.85157712919287], [15.57623351594269, 47.85174113436376], [15.576236513830406, 47.85175635482056], [15.576295212380598, 47.85199225499356], [15.576301249818947, 47.85201137598768], [15.576309730989458, 47.85203007194091], [15.576320591837518, 47.85204820164506], [15.576538790349478, 47.852371202224184], [15.57655492277531, 47.852392103591676], [15.576574214060557, 47.85241175488242], [15.576748807975578, 47.85257082312777], [15.576572241346296, 47.853076868691005], [15.576469983514514, 47.85323514875675], [15.576208630249582, 47.85334854735495], [15.57617062841991, 47.853367740405126], [15.575955828585345, 47.85349323999825], [15.57593180954495, 47.85350875087766], [15.575910202180781, 47.85352579305097], [15.575891220859933, 47.853544197444435], [15.5757922204982, 47.8536511972035], [15.575777438742774, 47.853668908663806], [15.575765091445344, 47.85368744551751], [15.575755279321783, 47.853706656565], [15.575748082409591, 47.85372638510735], [15.575719881828, 47.853822185029955], [15.575715610959202, 47.85384071543169], [15.575713648191474, 47.85385942087583], [15.575696045552256, 47.85427052083595], [15.575696422372575, 47.854289489205705], [15.575699172583272, 47.85430836874534], [15.575704276625139, 47.85432702516794], [15.575817274650964, 47.85466042549388], [15.57582759824779, 47.854684573921816], [15.575841859428586, 47.85470779663837], [15.575859880213294, 47.854729803814855], [15.576176779100816, 47.855070304594165], [15.576198290299708, 47.85509078375853], [15.576577289718495, 47.855411984617106], [15.576597285065333, 47.8554274303705], [15.576619285484458, 47.855441587638026], [15.576982529345951, 47.855654891720135], [15.577010880484275, 47.855779267102136], [15.577034004204986, 47.85618199372147], [15.577057318190507, 47.85666517561191], [15.577094875654259, 47.8577479499993], [15.577095209489991, 47.85775403854326], [15.577109608261486, 47.857946038589816], [15.577114749650246, 47.85797558082029], [15.577127764535803, 47.858022971988724], [15.577086859064043, 47.858021127142685], [15.576554266948962, 47.857989728037545], [15.576542056175079, 47.85798915953784], [15.576118635761668, 47.85797468276623], [15.575966831631321, 47.85796907613649], [15.575796565994231, 47.857944457034385], [15.575586867640528, 47.857853907221255], [15.57545351125317, 47.857769507597176], [15.57514709922457, 47.85751339247459], [15.575014474182685, 47.857334280733404], [15.574769728005585, 47.85694757943653], [15.574717361725812, 47.85686250974795], [15.574589531205264, 47.85665497853285], [15.574456639987334, 47.856368308626635], [15.574446507824925, 47.85634945242173], [15.574254106289162, 47.85603585294106], [15.574242558940448, 47.85601903138547], [15.574228993512579, 47.85600290661388], [15.573863792206561, 47.85560770751386], [15.573844026752667, 47.855588599882275], [15.57355542625922, 47.85533830054203], [15.573536444189672, 47.85532325059182], [15.573145590445769, 47.85503959207422], [15.573138918470278, 47.85502812767564], [15.573122506084452, 47.85496113456755], [15.573109878325427, 47.8548555262275], [15.573103908718553, 47.854751648860386], [15.573105010030147, 47.8547291057162], [15.573105704234072, 47.8547153190512], [15.57310522586102, 47.85469346332323], [15.573101597869625, 47.85467174204247], [15.573094854524346, 47.854650360331505], [15.573085059508966, 47.85462952010604], [15.573072305325045, 47.85460941816805], [15.573055705224258, 47.85458641821154], [15.573037763132612, 47.85456470030409], [15.573016371159497, 47.85454444699438], [15.572938871043146, 47.85447904716964], [15.572915910564681, 47.85446160719463], [15.572863848797622, 47.85442596647502], [15.572840248330321, 47.85439746576458], [15.57282533791256, 47.85436807998607], [15.572805443948166, 47.85427970105995], [15.572786664423512, 47.85419579492478], [15.572785916784897, 47.85419260968359], [15.572770416396606, 47.85412950972929], [15.57276341658267, 47.85410776209251], [15.572753258380159, 47.854086586386124], [15.572740041209903, 47.85406618985412], [15.572723894430023, 47.854046772114565], [15.572704976069826, 47.854028523206004], [15.572675076018106, 47.85400252327443], [15.572651385083521, 47.853984081092285], [15.572624867804596, 47.85396747297692], [15.572595835703257, 47.853952894036965], [15.572564629844166, 47.85394051554267], [15.572451730163833, 47.85390111569126], [15.572420606764721, 47.85389158060873], [15.572250107347012, 47.85384628078692], [15.572243192779471, 47.85384450297011], [15.572160599267912, 47.853823969701416], [15.572159819005645, 47.853823748190344], [15.57209568567248, 47.853698375778286], [15.572095232599802, 47.853697613783076], [15.572094884148578, 47.85369682725656], [15.572065227454635, 47.85364019658068], [15.572073521668528, 47.853603819475495], [15.572077015663613, 47.8535803253564], [15.572076831260558, 47.853556714159154], [15.572072970496338, 47.85353324606119], [15.572065475918507, 47.85351017966284], [15.572051906472108, 47.85347689571529], [15.572053820476103, 47.853449444612885], [15.572053239597402, 47.85342196784418], [15.572047685023886, 47.853394743799846], [15.572026684597997, 47.853324143860995], [15.572018989571628, 47.853303434490755], [15.571994289264062, 47.85324823456023], [15.571982590850029, 47.85322628322795], [15.571967578471487, 47.85320526513772], [15.571949413507404, 47.85318540622283], [15.571891013351811, 47.85312840636214], [15.571873272081463, 47.853112624084005], [15.57185353838419, 47.8530979525223], [15.571831965028482, 47.85308450525581], [15.571808719024016, 47.85307238638542], [15.571615019372638, 47.85298028670638], [15.571611533670831, 47.85297865158752], [15.57093733495772, 47.85266665268412], [15.570924325881048, 47.85266092764188], [15.570668626465071, 47.85255402802867], [15.570647091029857, 47.85254575368328], [15.570624703321165, 47.852538576939956], [15.570410204018742, 47.852476277182255], [15.570384385216363, 47.852469616808854], [15.570047086447937, 47.85239321711416], [15.57001552845875, 47.852387211811276], [15.569983247913486, 47.85238331740184], [15.5699505556876, 47.85238157139066], [15.569917766621074, 47.85238199059258], [15.569885196486467, 47.85238457097057], [15.569853158948012, 47.85238928767447], [15.569821962541024, 47.85239609528044], [15.569791907700672, 47.85240492822833], [15.569763283868735, 47.852415701453005], [15.569736366706254, 47.852428311203624], [15.569711415438817, 47.85244263604266], [15.56968867036016, 47.85245853801544], [15.569668350517995, 47.85247586397862], [15.569650651604489, 47.85249444707502], [15.569635744071569, 47.8525141083405], [15.56962377148935, 47.852534658427416], [15.569614849163349, 47.85255589942811], [15.569609063023929, 47.85257762678083], [15.569606468798616, 47.85259963123977], [15.569607091475243, 47.852621700890126], [15.569610925061177, 47.85264362318904], [15.56961793264084, 47.85266518701248], [15.569628046731117, 47.852686184688416], [15.569641169931076, 47.852706413996984], [15.569657175859883, 47.85272568011784], [15.569675910373803, 47.85274379750656], [15.569697193050626, 47.8527605916815], [15.569720818927156, 47.85277590090423], [15.569746560473112, 47.8527895777372], [15.569774169782356, 47.85280149046371], [15.569803380960423, 47.85281152435647], [15.569833912685292, 47.85281958278253], [15.570158099561192, 47.85289301264775], [15.5703370804657, 47.85294499642297], [15.570565069331035, 47.853040311384504], [15.571231114403746, 47.85334853799177], [15.571370878527464, 47.85341499286757], [15.57137443137231, 47.853422932933036], [15.571384254626448, 47.85345595848727], [15.571381779246178, 47.853491454404875], [15.571381973626098, 47.85351503863607], [15.571385835937608, 47.853538479524055], [15.571393323722832, 47.85356151935654], [15.571402071312656, 47.85358297665237], [15.57139187818424, 47.85362767951461], [15.571388498787165, 47.853649648170844], [15.571388336744757, 47.85367173399263], [15.571391393623427, 47.85369372404109], [15.571397639954503, 47.853715406300395], [15.571407015518208, 47.853736571722095], [15.57146411002454, 47.85384559866271], [15.571567912345143, 47.85404852364339], [15.571568725424763, 47.854049891128696], [15.57156936288994, 47.854051300176884], [15.571574816248365, 47.85406013503539], [15.57158009738689, 47.854069017165926], [15.571581105698511, 47.85407032442655], [15.571581945293799, 47.85407168463525], [15.571588659015061, 47.854080117186165], [15.571595208229727, 47.85408860814301], [15.571596402062923, 47.854089842589225], [15.571597435702735, 47.85409114085884], [15.571605345130873, 47.854099089891456], [15.571613099350298, 47.85410710790172], [15.571614467208002, 47.854108257645095], [15.57161568493789, 47.85410948147246], [15.57164108488588, 47.8541324815315], [15.571661572650221, 47.85414927417061], [15.57168437223022, 47.85416465791467], [15.571709270859815, 47.85417848920101], [15.571736036183843, 47.854190638954584], [15.57176441842639, 47.854200993792496], [15.571794152721768, 47.85420945708215], [15.571828817357927, 47.854218020322826], [15.571907819765338, 47.854240448594645], [15.57192190597179, 47.85424419682081], [15.572008134352993, 47.85426563376504], [15.572133843344458, 47.854299033324715], [15.572144534621659, 47.85434680418132], [15.572168976056645, 47.85445539185735], [15.572174762036077, 47.85447510513078], [15.572183138897925, 47.85449439219104], [15.572198450167107, 47.85452456869715], [15.572083536160498, 47.854473781854445], [15.572070048985415, 47.85446812531372], [15.571797349653995, 47.85435972571103], [15.571768262838063, 47.8543494267374], [15.571402263971466, 47.854234927177785], [15.571366913094133, 47.854225474614076], [15.570900564244205, 47.85412103246018], [15.570599611975686, 47.85405199576597], [15.570557031761242, 47.854044296145474], [15.569679135346444, 47.85392669662517], [15.569647719150492, 47.85392352428997], [15.569462219941347, 47.85391082434091], [15.569436801080371, 47.85390974067135], [15.569411333422526, 47.85390996308483], [15.569205034310686, 47.8539170630508], [15.569177669772051, 47.85391876629815], [15.569150605673524, 47.85392197705119], [15.568955574076579, 47.853950724762285], [15.568711254772895, 47.85398351133409], [15.568707738679718, 47.85398399640193], [15.56848339513554, 47.8540157916598], [15.568273957793075, 47.854031713303584], [15.568046460076822, 47.854028615591275], [15.568015389621573, 47.854029165482814], [15.567691491010011, 47.85404506540922], [15.567661826274948, 47.854047422468085], [15.567132528469065, 47.85410572221259], [15.567094265514266, 47.854111505848145], [15.566755866800099, 47.85417690557351], [15.56672296403134, 47.85418453313966], [15.566691418123275, 47.85419442223431], [15.56620220230564, 47.85436919196909], [15.565862873336735, 47.854490249239554], [15.565451093563036, 47.854612371493786], [15.565407773119883, 47.85462078243846], [15.565385692299872, 47.85462116314209], [15.565327139150785, 47.85461136683276], [15.565273131194994, 47.85459536149962], [15.565262034877824, 47.854577203042105], [15.565248377948825, 47.85455950015374], [15.565202777753315, 47.85450630026848], [15.56518791108428, 47.854490510361764], [15.56517114773834, 47.854475605838516], [15.56515260349766, 47.85446168964094], [15.565103503491734, 47.85442778974239], [15.565082667423864, 47.85441458547891], [15.565060229284754, 47.85440262944678], [15.564960529453833, 47.854354029614804], [15.564928698230547, 47.854340290933116], [15.564667579546017, 47.854241150258304], [15.564617814522387, 47.85421860435537], [15.564596610670272, 47.85420975366019], [15.564151111812652, 47.854038954291646], [15.56412287132694, 47.85402929028362], [15.564093398119764, 47.85402146955599], [15.564062957059239, 47.85401556239151], [15.564031821710987, 47.85401162187622], [15.56400027187978, 47.85400968342247], [15.563968591095085, 47.8540097644506], [15.563937064063175, 47.85401186423245], [15.563905974108646, 47.85401596389791], [15.563875600628354, 47.85402202660439], [15.563836000769692, 47.8540313265662], [15.563791953052986, 47.85404412607559], [15.563745653181527, 47.85406032601345], [15.563713059158017, 47.854073361829045], [15.563361522254745, 47.85423278118564], [15.563166531877682, 47.854199766034526], [15.563145897903873, 47.854196735465116], [15.562414119385132, 47.854105454822076], [15.562298377677582, 47.85407445500898], [15.562129925008309, 47.85400676803385], [15.56157566513395, 47.85361176079906], [15.561544934720223, 47.85359245183921], [15.561271335025387, 47.85344105233922], [15.561245751165728, 47.85342822214791], [15.561218466120799, 47.85341709248709], [15.560866008667315, 47.85328838736016], [15.560784326253641, 47.85325021604822], [15.560590051265777, 47.85313402351664], [15.560466769370217, 47.85301232180446], [15.560390546997493, 47.852917737792566], [15.560320715485226, 47.85275400855636], [15.560236681494857, 47.85240891913902], [15.560233922093657, 47.85239898982947], [15.560187222982579, 47.8522495940496], [15.560100165784323, 47.851859765895234], [15.560099325853793, 47.851856199754224], [15.55995572986852, 47.85127663800547], [15.559854225387781, 47.850846977164856], [15.55984684685944, 47.850823737869064], [15.559835866942464, 47.850801152250966], [15.559709558810773, 47.85058136423449], [15.559681632214268, 47.850421066288334], [15.559650843689086, 47.850223531224565], [15.559645445824245, 47.85020049042225], [15.559636532034403, 47.85017794978255], [15.559624198181499, 47.85015615170382], [15.559608576905822, 47.85013533059884], [15.559455976238679, 47.8499557309836], [15.559433220769554, 47.849932430686756], [15.559329861051488, 47.84983967898863], [15.559318083917193, 47.849705349450836], [15.559314227826446, 47.849682069927205], [15.559306795955491, 47.849659186564665], [15.5592958689049, 47.84963694752498], [15.559281565178761, 47.849615593982044], [15.559264039899405, 47.84959535750668], [15.559018539135769, 47.84934305810213], [15.55899775340202, 47.849323969146326], [15.558734553054226, 47.84910716973556], [15.558716200127797, 47.84909326735062], [15.558377700066297, 47.8488572680533], [15.55835877729943, 47.84884507055057], [15.558338493037674, 47.8488339084478], [15.55807529343776, 47.8487003089033], [15.558048087003145, 47.84868786383658], [15.558019194633035, 47.848677279616716], [15.55774489545933, 47.84858827995695], [15.557709829334469, 47.848578512548045], [15.557673344084428, 47.848571484471115], [15.557635910285276, 47.848567286372194], [15.557324049993271, 47.848544467395094], [15.55706075718942, 47.848464272386366], [15.557024274344462, 47.84845484833904], [15.556986406543517, 47.84844835563708], [15.556445931792828, 47.84837804374408], [15.55618247534279, 47.848321752661], [15.55583541893445, 47.84821983475183], [15.555798295603283, 47.84821065183458], [15.555759820472568, 47.84820448573839], [15.555668820848831, 47.848193685782476], [15.555633483765073, 47.848190787988216], [15.555597889242238, 47.84819043707661], [15.555562441243946, 47.84819263703017], [15.555300645816873, 47.848218410947545], [15.555270472886614, 47.848202730936734], [15.55522147698298, 47.84816407720819], [15.555220168615282, 47.84816201022593], [15.55521016523709, 47.84812592103377], [15.555263801142527, 47.84807289878813], [15.555279796372496, 47.84805542239384], [15.555293358142318, 47.848037037216905], [15.555304373510012, 47.84801789637209], [15.555346373053053, 47.847933696259076], [15.555355369239413, 47.847912168010026], [15.555361145085323, 47.847890144827005], [15.555363643498731, 47.84786784441655], [15.55536854267003, 47.84773874440571], [15.555368068655628, 47.84771971948039], [15.5553652076287, 47.847700789593716], [15.555359980065292, 47.8476820902076], [15.55528137872148, 47.847454390433775], [15.555273210099282, 47.847434794857776], [15.555262443610651, 47.84741577652324], [15.555249167405211, 47.847397491136114], [15.555034617840755, 47.84713303487976], [15.55495678345521, 47.84700069949861], [15.554941867608921, 47.84697883483139], [15.55492356771754, 47.846958167706774], [15.554901636342617, 47.846936166956944], [15.554952272230024, 47.84675971751595], [15.555079948356562, 47.84657671929602], [15.555092212802572, 47.84655668545303], [15.55510155668445, 47.846535950175976], [15.555107893293686, 47.84651470589002], [15.55511116382978, 47.84649314974376], [15.555111337945762, 47.846471481779616], [15.555105437351651, 47.84637868179898], [15.555102437939821, 47.84635674231388], [15.55509626434749, 47.84633510560961], [15.555086975810234, 47.84631397927654], [15.555044175374524, 47.846231679394776], [15.555031953244884, 47.84621139988496], [15.555016861319436, 47.84619201591268], [15.554999042468692, 47.84617371097594], [15.554978665377037, 47.84615665835787], [15.554363904394037, 47.845690565427226], [15.553733782068454, 47.84521160219897], [15.553450481341713, 47.84480297342676], [15.55343651227407, 47.844784989254016], [15.553420192149224, 47.84476792585867], [15.55340165382224, 47.84475192214409], [15.553381048204878, 47.84473710838729], [15.553358543037088, 47.84472360517839], [15.553334321521511, 47.844711522439056], [15.552415064742618, 47.844294838676994], [15.552078361401563, 47.84404984619486], [15.552051844095999, 47.844032571360046], [15.552022658845813, 47.84401737032052], [15.551991161615192, 47.844004428477895], [15.551056581764032, 47.84366661161296], [15.55058776522562, 47.843394536145176], [15.5505575452071, 47.84337892764115], [15.550069667166516, 47.843155477546325], [15.549657284168832, 47.84285127029983], [15.5493096242919, 47.84239521145909], [15.549087757298075, 47.841744057215266], [15.549054327628072, 47.84145778880573], [15.549073456550461, 47.84139826099194], [15.549078360661742, 47.84137897476814], [15.549080756518455, 47.84135947458513], [15.549080625993332, 47.84133990800609], [15.549071152946587, 47.8412071446036], [15.549202542085158, 47.84093412793593], [15.549213400447837, 47.84090510418373], [15.549282152065224, 47.84065096786951], [15.549380944162094, 47.840473355655426], [15.54968016874074, 47.84012764631516], [15.549690024229859, 47.84011540352976], [15.549737877117298, 47.84005129826395], [15.549963519114206, 47.839886405360474], [15.549993915138293, 47.83986064105173], [15.550095914847402, 47.839759840809755], [15.55011605406184, 47.83973718621709], [15.55013211157368, 47.83971309894337], [15.550262210383867, 47.83948259859732], [15.55027422881139, 47.8394566968607], [15.550281526789252, 47.83943000923394], [15.55031822551933, 47.8392280091339], [15.550320053657572, 47.839214652331], [15.550340952211345, 47.83898825227654], [15.550341421124463, 47.838967033739095], [15.550338917887029, 47.838945879881095], [15.550265115446564, 47.83855578010187], [15.550257953161612, 47.83853001233431], [15.550246386492617, 47.8385049806143], [15.550045284646327, 47.83814518116437], [15.550030423433473, 47.83812247739681], [15.550011938663829, 47.83810101371009], [15.549912409279038, 47.83799887564787], [15.549914512231222, 47.83797481216438], [15.549914772609084, 47.837951813189555], [15.54991154325131, 47.837928916545], [15.549904857926759, 47.83790636162481], [15.549875357471606, 47.837827961709095], [15.549866108307102, 47.837807516042126], [15.549854018626853, 47.83778775371152], [15.549839197588495, 47.837768853146024], [15.549821779009946, 47.83775098499361], [15.549744078836582, 47.83767898517557], [15.549726629392667, 47.83766416806665], [15.549707393125944, 47.83765039008522], [15.549686505986294, 47.83763774860447], [15.549636715379034, 47.837610070972424], [15.549575448374426, 47.83753097684716], [15.549588765438173, 47.83751305970342], [15.549602770711784, 47.83749145681198], [15.549613341286424, 47.83746898576351], [15.549646040794109, 47.83738428567418], [15.549653863716122, 47.837357380861185], [15.54965676696946, 47.837330035125674], [15.549661664930001, 47.83701233511956], [15.549660926194276, 47.83699486965015], [15.54964253111069, 47.836811172763305], [15.549671530424872, 47.836752237892696], [15.54968033474177, 47.83673086895863], [15.549685970995869, 47.83670902016706], [15.549688384407217, 47.83668690388658], [15.549694722422181, 47.836509317048254], [15.549721472796556, 47.8364148080992], [15.549726249382013, 47.83639118069806], [15.549727284148492, 47.83636734560885], [15.549724565472008, 47.836343570699704], [15.549701777254905, 47.83622609364625], [15.549717733897625, 47.83618235410438], [15.549723412819151, 47.836163249898306], [15.549726615014277, 47.83614388647969], [15.549727316460775, 47.83612440912573], [15.549721681513898, 47.8359255840129], [15.54975924687091, 47.83582701240616], [15.549869448848105, 47.835697542843505], [15.549885554914537, 47.835676025088304], [15.549898149877148, 47.83565347078085], [15.549907089202321, 47.835630138751654], [15.54991227030856, 47.83560629675584], [15.54991363374347, 47.835582218400546], [15.54991043285041, 47.83544301841328], [15.549910314809397, 47.8354395818132], [15.549900113379213, 47.83521638184825], [15.549899190086819, 47.83520521709825], [15.549808485278245, 47.834448017377895], [15.549803317817307, 47.83442279868335], [15.549793951171742, 47.83439813466404], [15.549780505329423, 47.834374341253714], [15.549164426417457, 47.833445934425505], [15.549040605518366, 47.833184216940616], [15.549004890059155, 47.83308728745803], [15.548998692966538, 47.83291158213592], [15.549063142395287, 47.83273009737066], [15.549096999273996, 47.832699778278794], [15.549116795930498, 47.832679936809825], [15.549133353738108, 47.8326587928269], [15.549146485710082, 47.8326365851135], [15.549221284903343, 47.832487484912306], [15.549229943235517, 47.832467104774054], [15.54923571388788, 47.83244626632558], [15.549238545613331, 47.83242515463834], [15.549238413266217, 47.832403957210275], [15.549235318025557, 47.83238286230052], [15.549143137457003, 47.83195962720083], [15.549183030407674, 47.831754158608575], [15.549185526870367, 47.83173487648547], [15.54918555224489, 47.83171552123524], [15.5491653501817, 47.83139302130156], [15.54916402632561, 47.83138037080581], [15.54909672343004, 47.83092197101034], [15.54909281682204, 47.830903351958426], [15.549086614308617, 47.83088501768597], [15.549018025189946, 47.830715361446984], [15.549023101192331, 47.830559796989164], [15.549275804102077, 47.830222122339386], [15.549279213649621, 47.83021743156672], [15.549599911595337, 47.82976293073956], [15.549610086580135, 47.82974694327354], [15.549618396539545, 47.82973047417727], [15.54962802412149, 47.829708658491676], [15.549719336349737, 47.82969088957508], [15.549752149311491, 47.82968323924118], [15.549783605533786, 47.82967333644283], [15.54981336508827, 47.829661288193854], [15.549841106382118, 47.82964722469261], [15.549866529633372, 47.82963129791505], [15.549939029616397, 47.82958089776495], [15.549960859401228, 47.82956413400566], [15.549980117298952, 47.829545997316124], [15.549996614096198, 47.829526665896246], [15.550010187709, 47.82950632968435], [15.550020704775253, 47.82948518849099], [15.550028061964918, 47.82946345003571], [15.550032186995136, 47.8294413279061], [15.550033039340299, 47.829419039459225], [15.550032270567213, 47.82939732557577], [15.550046742997267, 47.82937295870708], [15.550206556741504, 47.82926970912535], [15.550225637304965, 47.82925632115834], [15.550243014172688, 47.82924191970106], [15.550258569086177, 47.82922660276403], [15.550743367332776, 47.82870420158547], [15.55075694618573, 47.828688135971966], [15.550768520127193, 47.82867137377914], [15.550778010988296, 47.82865402821947], [15.550865839743578, 47.82847060556933], [15.550950348601207, 47.82836547985838], [15.550963306729209, 47.828347494426], [15.550973842331494, 47.82832880528614], [15.550981872195214, 47.82830956005502], [15.550987332899346, 47.82828991074104], [15.55101393210978, 47.82816331066824], [15.551016891397534, 47.828141864546794], [15.551016791012986, 47.82812032614621], [15.55101363188036, 47.828098892955595], [15.551011281359987, 47.828088190279296], [15.551099114195411, 47.827945976421134], [15.551112094370719, 47.82792086797301], [15.551120584434685, 47.82789490357525], [15.551171583097307, 47.827678803435326], [15.551174801237678, 47.82766019731353], [15.551175709235535, 47.82764147539494], [15.551174300796186, 47.82762276752081], [15.551154299875556, 47.82747726758186], [15.551153239425732, 47.82747062844302], [15.55107613677306, 47.827047128674174], [15.551075811844111, 47.82704539942829], [15.551037410606515, 47.82684719954296], [15.551028250997652, 47.82681663184103], [15.550955192425423, 47.82663781256618], [15.550941092155973, 47.82641593699957], [15.551119778360093, 47.82583898325953], [15.551395869773058, 47.82554025646326], [15.551409853830462, 47.82552358327261], [15.551421681365024, 47.82550616951388], [15.551743578707852, 47.824973368664686], [15.55175390104393, 47.8249537210649], [15.551761478746537, 47.82493351440592], [15.55176624676435, 47.824912922161815], [15.551768164167374, 47.824892121116676], [15.551767214498161, 47.82487128984693], [15.55168753792279, 47.82417613301152], [15.551592459556419, 47.82332247626403], [15.55158944170677, 47.82330479446749], [15.55154154042369, 47.82309699460905], [15.551533718079796, 47.82307229948622], [15.55152183508665, 47.823048350425964], [15.551506041201183, 47.823025449238365], [15.551462140979728, 47.82297014935087], [15.551441660375472, 47.822947636879675], [15.551417403972557, 47.82292689566792], [15.551372203939325, 47.822892595765495], [15.55133712591329, 47.82286961448609], [15.55131746927656, 47.82285850298018], [15.551309687646196, 47.822842361285765], [15.551309422619209, 47.82283933907056], [15.551311870204692, 47.82282716432762], [15.551321401075697, 47.822790821435625], [15.55132560265541, 47.822768098617814], [15.551329961767953, 47.8227279367685], [15.551350785843423, 47.82258947557077], [15.550679387163251, 47.82258947557077], [15.55066490933401, 47.82268573174987], [15.550664097821816, 47.82269200042718], [15.550660638670747, 47.82272386690423], [15.550652899160385, 47.82275337759042], [15.550650828476277, 47.8227623199134], [15.550643128236894, 47.822800619892334], [15.550640346689201, 47.82282229991662], [15.55064068886763, 47.822844059500916], [15.550645388525835, 47.822897659515796], [15.550648262739776, 47.822916670183254], [15.550653522528338, 47.82293544795194], [15.550661129932767, 47.822953857297634], [15.550700129493078, 47.823034757406326], [15.550710377423592, 47.82305321907289], [15.550722985765802, 47.82307100569609], [15.550737857714294, 47.82308798070897], [15.550775057596526, 47.823126480799324], [15.550794337350172, 47.82314443368633], [15.550816146218102, 47.82316102206626], [15.550840272599041, 47.823176084988035], [15.550888880265681, 47.82320356209394], [15.550890378317732, 47.823204698894415], [15.550927329251019, 47.823365003910794], [15.55102143479305, 47.824210023065355], [15.551021489689477, 47.82421050894129], [15.551095120658264, 47.82485299183226], [15.550813665162313, 47.825318844314054], [15.55052133039495, 47.825635142080635], [15.550506949336523, 47.825652340714086], [15.550494862534176, 47.8256703221423], [15.55048516306022, 47.82568894790604], [15.550477925604499, 47.82570807458443], [15.550278621728816, 47.82635157403717], [15.550274101711503, 47.82636994154813], [15.550271852843423, 47.82638849786999], [15.550271890534376, 47.82640711587026], [15.55028938877314, 47.8266825159276], [15.55029311982551, 47.826707763264906], [15.550301049415816, 47.8267325670222], [15.550377991578113, 47.826920897671826], [15.55041322034896, 47.82710273541744], [15.550489556855846, 47.82752205632812], [15.550505232033256, 47.82763609859775], [15.550467045545936, 47.82779790012596], [15.550358885837369, 47.82797302242029], [15.550348589126783, 47.82799207291434], [15.550340881428326, 47.828011670337396], [15.550335825357624, 47.82803165549187], [15.550333461990238, 47.828051866030336], [15.550333810527917, 47.828072137774214], [15.550336868142503, 47.82809230604765], [15.550345697603039, 47.82813251182181], [15.550334276862674, 47.82818686603978], [15.550263652105958, 47.8282747191336], [15.55025026919424, 47.82829337016999], [15.55023949096458, 47.828312771158586], [15.550154894728, 47.82848943862989], [15.54971405631836, 47.82896446468854], [15.549532144746083, 47.82908198997533], [15.549507852365458, 47.82909944730246], [15.54948645083106, 47.82911854326741], [15.549468182248154, 47.829139061849695], [15.549453253281671, 47.829160770935324], [15.549386552716479, 47.829273070758966], [15.549378478534829, 47.82928894760487], [15.549348865128584, 47.82929471018799], [15.549316382447886, 47.829302270389434], [15.549285225312033, 47.82931203809033], [15.54925572354941, 47.82932390989039], [15.549228189465312, 47.829337760115386], [15.549202914535964, 47.8293534421475], [15.549095614518057, 47.82942724192647], [15.549074064959784, 47.829443580764035], [15.549054971575307, 47.829461250592054], [15.54903851457622, 47.829480084637446], [15.549024849291655, 47.829499905138746], [15.54901410470214, 47.82952052502379], [15.548985379078214, 47.829585614332224], [15.548677451821215, 47.83002200892897], [15.548392495402211, 47.83040277614732], [15.548380319310448, 47.830421022654534], [15.548370598848273, 47.83043992544504], [15.548363410898766, 47.83045933501428], [15.548358812315255, 47.83047909784935], [15.548356839471564, 47.83049905764312], [15.54834903793852, 47.83073805762668], [15.548349870028105, 47.83075961717335], [15.548353764682748, 47.830781023957734], [15.548360686101432, 47.83080208118063], [15.548434630672116, 47.830984989985836], [15.548498246618676, 47.83141831554889], [15.548516833113815, 47.83171508583725], [15.548474668474336, 47.83193224030869], [15.548472092331634, 47.83195282476957], [15.548472331634684, 47.831973481560844], [15.548475384368475, 47.831994036456095], [15.548562641614957, 47.832394690771984], [15.548530711006219, 47.8324583377555], [15.548487401956548, 47.83249712091797], [15.548468261005446, 47.83251622606083], [15.548452123795819, 47.83253654969796], [15.548439159731595, 47.832557878481985], [15.54842950490715, 47.83257998851379], [15.548338803399604, 47.832835388265345], [15.548333323426766, 47.83285440576863], [15.548330294003057, 47.832873670233724], [15.548329737601792, 47.83289303876747], [15.548337836129175, 47.8331227387966], [15.548340712609326, 47.833147330501845], [15.54834757112728, 47.833171562234455], [15.548394770380712, 47.83329966236949], [15.548400700442425, 47.83331377173322], [15.548533498906355, 47.83359447210414], [15.548546797969204, 47.83361795627934], [15.549147120282091, 47.83452263533177], [15.549232541948356, 47.83523580728612], [15.549242406593445, 47.83545169921901], [15.549244147148672, 47.835527434618896], [15.549157051804517, 47.835629756087904], [15.549143330508757, 47.83564769655091], [15.549132052498827, 47.835666392803844], [15.54912330854878, 47.83568569436939], [15.549063207629851, 47.835843394205114], [15.549057049836158, 47.83586322122769], [15.54905356619054, 47.835883340839516], [15.549052784947175, 47.83590358987813], [15.549058450784019, 47.836103595764484], [15.549037966266184, 47.83615974489104], [15.54903198334216, 47.83618019132944], [15.549028836600629, 47.83620092282397], [15.54902855305553, 47.83622176142253], [15.549031135144164, 47.83624252825343], [15.549055092860051, 47.836366042557174], [15.549033227040209, 47.83644329087259], [15.5490292018214, 47.83646156263467], [15.549027416911848, 47.83647999515673], [15.549021612139521, 47.836642582564814], [15.548987669881273, 47.83671156109337], [15.54897899937132, 47.83673253039176], [15.548973379821993, 47.83675396576288], [15.548970863861403, 47.83677566647505], [15.548971475054202, 47.83679742931146], [15.548993400198853, 47.83701640630882], [15.548989058419458, 47.83729779605668], [15.548975503416719, 47.837332905847234], [15.548944335438902, 47.837374839392865], [15.54893141454907, 47.83739452374995], [15.548921346896186, 47.83741494938752], [15.54891422464522, 47.837435929324656], [15.548892724148605, 47.837516929265576], [15.548888435536519, 47.8375398012308], [15.548887646632625, 47.83756284861242], [15.548890365728573, 47.8375858293103], [15.548896564266316, 47.83760850192444], [15.548906177137917, 47.83763062829079], [15.548919103369286, 47.83765197598307], [15.548947303186893, 47.837692476057434], [15.54895357624871, 47.837701010455014], [15.549075575601472, 47.83785851076952], [15.549092473618321, 47.83787789701192], [15.549112161159988, 47.83789605094507], [15.549134441617271, 47.83791279127256], [15.549159092485866, 47.837927950814915], [15.54922842264575, 47.837966490335646], [15.54924342981059, 47.83798039665902], [15.549244452549104, 47.83798311476105], [15.549238887300861, 47.83804678684374], [15.549238487451316, 47.838067323841], [15.5492408716793, 47.83808779977792], [15.549246020108985, 47.83810804393126], [15.54925388981719, 47.838127887510126], [15.549264415191166, 47.83814716506339], [15.549277508475564, 47.83816571585905], [15.549293060504032, 47.83818338522454], [15.549432952505738, 47.838326945660704], [15.549607228890924, 47.838638757280314], [15.549672086054052, 47.83898159776567], [15.54965376476585, 47.83918004994422], [15.54962319434221, 47.83934830638125], [15.549521492134014, 47.839528491693116], [15.549455481049396, 47.83959372582132], [15.549214682180555, 47.839769693558495], [15.549194737754634, 47.839785700260585], [15.549177085368427, 47.8398028837801], [15.549161877322906, 47.839821095863634], [15.549097623135772, 47.83990717157666], [15.548789331170864, 47.8402633521759], [15.548776141811933, 47.84028019003046], [15.54876511438081, 47.840297718384825], [15.548645913267277, 47.840512018067265], [15.548636730628997, 47.84053106936628], [15.54863010173, 47.84055059507652], [15.548559992090924, 47.84080973929885], [15.548416657041454, 47.84110757077457], [15.548408663257412, 47.841127155905966], [15.548403326307454, 47.84114714664926], [15.548400689711542, 47.84116738000225], [15.54840077497136, 47.84118769098423], [15.548411069802029, 47.84133199771515], [15.548390843488226, 47.84139493799543], [15.548385529810746, 47.841416490992685], [15.548383347150622, 47.84143828937565], [15.548384316104029, 47.841460127488155], [15.54842351397029, 47.84179582760927], [15.54843094334549, 47.84182848770853], [15.548667639237834, 47.84252318839004], [15.548674941776119, 47.842541166913335], [15.548684430276579, 47.84255867669558], [15.548696039589881, 47.8425755975083], [15.549083137470141, 47.84308339850993], [15.549097788576024, 47.843100688721506], [15.549114653000093, 47.84311703922847], [15.549133598667774, 47.84313232197909], [15.54960249841095, 47.84347822297904], [15.549630433519745, 47.8434965555894], [15.549661352438669, 47.843512571210304], [15.550165881529136, 47.843743648486445], [15.550648033780911, 47.84402346437429], [15.550676953909019, 47.84403847430338], [15.550708134541118, 47.84405126999357], [15.5516257942638, 47.844382972029265], [15.551950936991718, 47.844619554052194], [15.551978799872028, 47.844637609043176], [15.552009575250995, 47.84465337573149], [15.552884142353115, 47.84504980443295], [15.553148715564804, 47.84543142657937], [15.553163662909698, 47.84545053514853], [15.553181263601003, 47.84546859068047], [15.553201355394192, 47.84548542673519], [15.553863754897263, 47.845988928167465], [15.553864033637945, 47.84598913977208], [15.554435191649043, 47.846422177756814], [15.554439877605601, 47.84643118847228], [15.55444015186321, 47.8464355026563], [15.554329651798767, 47.84659387952537], [15.554318945460384, 47.84661103515607], [15.554310382292254, 47.846628727789785], [15.554304020901334, 47.84664683634139], [15.554232619387266, 47.84689563614519], [15.55422815044537, 47.846916335608235], [15.55422655726447, 47.84693722501515], [15.554227853625253, 47.846958123722246], [15.554232028320737, 47.8469788510052], [15.554254327821798, 47.84706075107045], [15.554262210506481, 47.84708316196232], [15.55427345621638, 47.847104912793014], [15.554287947060141, 47.84712577553563], [15.554305531125202, 47.84714553147333], [15.554348629417523, 47.84718876661845], [15.554420814822397, 47.847311499895255], [15.55443823245888, 47.84733650754519], [15.554640752239244, 47.84758613941476], [15.55469936809707, 47.847755949487905], [15.554696839654145, 47.84782255495456], [15.554685484059123, 47.84784531993939], [15.554615299924121, 47.84791470031123], [15.554611971994918, 47.84791836453183], [15.554608323628024, 47.84792188782587], [15.554603424619673, 47.84792777563001], [15.554598195374432, 47.84793353329701], [15.554595417023691, 47.84793739944639], [15.55459229925706, 47.84794114649027], [15.554588281172494, 47.84794732917421], [15.554583915491195, 47.84795340413652], [15.554581713476415, 47.84795743498169], [15.55457915633629, 47.847961369689614], [15.554576057872714, 47.847967787710964], [15.554572597800036, 47.84797412146375], [15.55457099332832, 47.84797827818576], [15.554569021442019, 47.847982362664425], [15.554542521063459, 47.84804806259217], [15.554535961665241, 47.84806779239725], [15.554532060642872, 47.848087838973726], [15.554530849516702, 47.84810804036061], [15.554532338074846, 47.848128233346024], [15.554536514293996, 47.84814825478573], [15.554569913561249, 47.84826875488333], [15.554578545865809, 47.848292599062276], [15.554590985975587, 47.848315668255836], [15.554626685704472, 47.84837206835163], [15.554641490329068, 47.84839252174801], [15.55465928881017, 47.8484118637816], [15.554679899044455, 47.84842989655297], [15.554784598938733, 47.84851249678312], [15.554808365197722, 47.84852939237885], [15.5548345972933, 47.848544544909146], [15.554956597465791, 47.84860794512351], [15.55498081892547, 47.84861941628475], [15.555006454145097, 47.84862939879832], [15.555033301759472, 47.848637814251084], [15.555061150879649, 47.84864459653925], [15.555089782749505, 47.84864969238752], [15.555210683237481, 47.84866739245968], [15.555240267057348, 47.84867079511673], [15.555270185114775, 47.84867239728442], [15.555300196062163, 47.848672186038144], [15.555330057802545, 47.84867016308203], [15.55560529870075, 47.84864306558886], [15.555931181184492, 47.848738765503455], [15.555963702186276, 47.84874698946255], [15.556262303297544, 47.848810789718726], [15.556299990633594, 47.8488172440244], [15.556821027565244, 47.848885027335285], [15.557097142714577, 47.848969127812325], [15.557129982865403, 47.84897775644665], [15.55716399075063, 47.848984008203836], [15.557198787860552, 47.84898781350141], [15.557506512398215, 47.84901033000442], [15.557699264625658, 47.84907287085268], [15.557915138407802, 47.849182448318174], [15.55822579467665, 47.84939903649699], [15.558469105327386, 47.84959945429657], [15.55865616182847, 47.84979169322995], [15.55866861461497, 47.849933749636676], [15.55867211169917, 47.84995553049107], [15.5586787400946, 47.849976979041095], [15.558688436926186, 47.84999789181965], [15.558701110210498, 47.85001807044179], [15.558716639728166, 47.85003732348683], [15.558734878164248, 47.85005546831416], [15.55888612529445, 47.850191194098045], [15.558993495788298, 47.85031756289844], [15.559017154747368, 47.85046936790844], [15.559017604898683, 47.85047209574689], [15.559050703704717, 47.850662095846495], [15.559055147123853, 47.85068077335525], [15.559061906263995, 47.85069913352694], [15.559070933327428, 47.85071704651976], [15.559199741593838, 47.85094118988998], [15.559295871498577, 47.85134812218839], [15.559296277237669, 47.851349798877585], [15.559439632462917, 47.85192841849668], [15.559527731326085, 47.85232293341732], [15.559531178249898, 47.85233580909979], [15.559578332006488, 47.85248666543504], [15.559664315830533, 47.85283978017235], [15.55967288845505, 47.85286546266143], [15.559715033095655, 47.852964279189656], [15.559600169007963, 47.85295699093424], [15.558938949407946, 47.85290528652384], [15.558037335841362, 47.85283410122836], [15.558018532643741, 47.85283297789271], [15.557410535260658, 47.85280827798793], [15.55736542861353, 47.852808498171605], [15.556659531637964, 47.85284409800742], [15.556629677567258, 47.852846516607165], [15.555650481620852, 47.85295611612768], [15.555618996318378, 47.852960699413366], [15.555588312912853, 47.85296730178074], [15.555000714950296, 47.85311510117928], [15.554977867810278, 47.85312150640264], [15.554955787624516, 47.85312903214879], [15.554294789341839, 47.85337543121818], [15.554263159789217, 47.85338882933164], [15.553638860861106, 47.853687328284444], [15.553634734721657, 47.85368933310126], [15.552847235966473, 47.854078131752686], [15.552820362852435, 47.85409290251964], [15.552795909866143, 47.85410946893737], [15.552774140571701, 47.85412765244803], [15.552755289608294, 47.854147257064064], [15.552739560161134, 47.85416807148056], [15.552727121771344, 47.85418987135274], [15.552718108508449, 47.854212421713925], [15.552665023822568, 47.854379344313465], [15.552610013185532, 47.854389468764836], [15.5523163045004, 47.85443807511501], [15.552292310046546, 47.854442691768085], [15.552268894338182, 47.854448500652246], [15.552081194958044, 47.854500500443706], [15.552052534671178, 47.854509530886055], [15.55202527192863, 47.85452034537139], [15.55199965117896, 47.85453284693314], [15.551975902148497, 47.8545469234777], [15.551954237781553, 47.854562448789494], [15.551934852331081, 47.85457928366266], [15.551735489710191, 47.85477046736353], [15.5516350436775, 47.854865653116526], [15.55153059909599, 47.85493433150383], [15.5514675263449, 47.85491102703016], [15.551438202992292, 47.854901414501995], [15.55140762707922, 47.85489377161312], [15.551376089840357, 47.854888171161754], [15.551343891666624, 47.85488466649194], [15.551311339244078, 47.85488329098552], [15.551278742632855, 47.854884057744115], [15.551131843260883, 47.8548923577062], [15.551099331564144, 47.854895281807146], [15.551067402349043, 47.85490033688212], [15.551036363184332, 47.85490747423648], [15.551006513065385, 47.85491662511731], [15.55097813953412, 47.854927701375715], [15.550951515909217, 47.85494059631591], [15.550686216228263, 47.85508289583768], [15.550680460136194, 47.85508605424983], [15.550496884642257, 47.8551890894771], [15.550253337756947, 47.855221744903886], [15.549817674479101, 47.85524400309349], [15.549480241365933, 47.855226253194004], [15.54944502698145, 47.855225654038264], [15.54940991450561, 47.85522755285816], [15.549249872440386, 47.85524195321025], [15.54915294824486, 47.85520403493458], [15.549124695175244, 47.85519416217965], [15.549095174600946, 47.855186143470554], [15.549064654373208, 47.855180051563934], [15.549033411413154, 47.85517594173385], [15.549001729199277, 47.85517385127024], [15.548969895195413, 47.855173799140616], [15.548700596355948, 47.85518199910095], [15.548672317276818, 47.855183672458786], [15.548644351218826, 47.85518695505066], [15.548616899966767, 47.85519182319158], [15.548380200847546, 47.85524112298626], [15.548365251445514, 47.85524449871685], [15.547716142571987, 47.85540263323035], [15.547477079518664, 47.85542149978251], [15.547444351156637, 47.855425199220626], [15.547412329301139, 47.855431065077354], [15.547381329709939, 47.85543903951134], [15.547351658060967, 47.855449043889124], [15.547323606938166, 47.85546097956061], [15.547297452946518, 47.85547472883172], [15.547273453984541, 47.85549015612485], [15.547251846701249, 47.85550710931585], [15.5472328441626, 47.85552542123392], [15.54715124386964, 47.855613021035616], [15.547137359888676, 47.855629416054086], [15.547125566673257, 47.855646536651385], [15.547115947234017, 47.85566426232128], [15.547039842204883, 47.85582514406717], [15.547013425467789, 47.8558653299788], [15.546785505911636, 47.856009278635696], [15.54677301031709, 47.856017597063754], [15.546328210185228, 47.85632969613824], [15.546318785753122, 47.856336590678616], [15.54581278532181, 47.856722589585736], [15.545809095883344, 47.856725452270325], [15.545604061545424, 47.85688727453646], [15.545342813013884, 47.85701088104231], [15.545122704567957, 47.85708227232466], [15.54509515599857, 47.857092304125096], [15.544650357034818, 47.85727290345821], [15.544618967294873, 47.857287348703636], [15.544590218839135, 47.85730410020637], [15.544284218883375, 47.85750399959136], [15.544282614424459, 47.857505054785186], [15.544016248878911, 47.85768141275686], [15.54390645464736, 47.85771688164833], [15.543814355715321, 47.85772006542959], [15.543780194233902, 47.857722435393505], [15.543746574465931, 47.85772715216556], [15.543713851387057, 47.857734165943576], [15.543682370505564, 47.8577434026723], [15.543652464214434, 47.85775476482536], [15.543624448281834, 47.857768132434906], [15.543598618517139, 47.85778336435829], [15.543460226448275, 47.857873844734755], [15.543110408811796, 47.85802298685665], [15.54282005858015, 47.85810308082421], [15.542708359155409, 47.8581032700047], [15.542676820598203, 47.85810432736643], [15.542645571083625, 47.85810738319989], [15.542614889568311, 47.858112410226376], [15.542585049938696, 47.858119363570914], [15.542556318566197, 47.85812818116272], [15.542290119070978, 47.8582203369989], [15.541599540660547, 47.858302612946154], [15.541568412102592, 47.858307363227674], [15.541538098813193, 47.858314090289106], [15.540802501333713, 47.85850398951933], [15.540772902339304, 47.8585127583716], [15.540744701183307, 47.8585234114169], [15.540718161907474, 47.85853584891325], [15.54069353299427, 47.8585499544112], [15.540671045040417, 47.858565595844105], [15.540650908597867, 47.85858262676455], [15.540633312202424, 47.858600887715504], [15.540618420608473, 47.85862020772322], [15.540606373246353, 47.85864040589806], [15.540597282916796, 47.85866129312798], [15.540591234734686, 47.85868267384928], [15.540581645211448, 47.85872856106347], [15.540284917962937, 47.85884100321598], [15.540262636594838, 47.858850237658466], [15.5397093265122, 47.85910017101071], [15.539390576269556, 47.859119584740206], [15.539355949619736, 47.85912293072065], [15.539322032289078, 47.8591286940818], [15.538624234887429, 47.85927379347751], [15.538595880921777, 47.859280645667546], [15.538568558966878, 47.85928918828173], [15.538542491010116, 47.85929935191259], [15.538517888850672, 47.85931105398209], [15.538494952378736, 47.85932419941255], [15.538376355128914, 47.85939863061032], [15.538218485930685, 47.859420109742935], [15.537874729063839, 47.85942258210216], [15.53785212846833, 47.85942325991506], [15.53764402935939, 47.85943425986461], [15.537616525442177, 47.859436488688], [15.53758939026469, 47.859440242724], [15.537148691994334, 47.85951414240997], [15.537106653039055, 47.85952321389874], [15.536830252685382, 47.859596729251614], [15.536790763105827, 47.85957232506435], [15.536784906511802, 47.85956904723693], [15.536779314119697, 47.85956556670077], [15.536772304900845, 47.85956199434821], [15.536765544765013, 47.85955821082515], [15.536759238975176, 47.859555335105014], [15.536753166591776, 47.859552240224566], [15.536745670832179, 47.8595491474294], [15.536738392199286, 47.85954582804963], [15.536731697941658, 47.85954338213133], [15.536725204046894, 47.85954070271157], [15.53671729393388, 47.85953811925854], [15.536709566901159, 47.85953529598943], [15.53670254864491, 47.85953330342831], [15.536695695777775, 47.85953106527313], [15.536687447489248, 47.859529016041996], [15.536679346471773, 47.85952671607289], [15.536672071805677, 47.85952519605807], [15.536664925962638, 47.85952342072201], [15.536656418933251, 47.85952192544775], [15.536648021947515, 47.859520170928356], [15.536640560929897, 47.85951913809823], [15.536633190928507, 47.859517842678535], [15.536624507084872, 47.859516915761326], [15.536615894997302, 47.85951572358836], [15.536608319480429, 47.85951518788945], [15.536600796297535, 47.85951438486167], [15.53635869732765, 47.85949668493315], [15.536327202284362, 47.85949539056637], [15.536295666222072, 47.859496100772816], [15.536264370213033, 47.85949880922261], [15.535114574947439, 47.85963570862658], [15.535081078002289, 47.859640904867696], [15.534408880561585, 47.85977000432574], [15.534370675275893, 47.859779059471734], [15.533149024913664, 47.86012592343721], [15.532845940000103, 47.860182488031846], [15.532542281316879, 47.860193341306335], [15.532324285231875, 47.860155293552246], [15.532095037993004, 47.86005324261036], [15.53197932969373, 47.859915445346545], [15.531682967767628, 47.8594383460514], [15.53167080071279, 47.85942089939136], [15.531656459120523, 47.859404217718804], [15.531640048280623, 47.85938842350103], [15.531365047779257, 47.859146524133024], [15.53134432816245, 47.85913000763789], [15.531321348508015, 47.859114905867976], [15.53129632103229, 47.85910135828639], [15.530665145345964, 47.858792093718954], [15.529809313211123, 47.85835470867899], [15.529695707264874, 47.858287958374376], [15.52968435803341, 47.858281924047866], [15.529673113547325, 47.85827580155111], [15.529192714342598, 47.85803950236585], [15.52918510379307, 47.85803613150534], [15.529177719108809, 47.85803254030136], [15.529026019430226, 47.85796614053875], [15.529025963984783, 47.85796611879772], [15.529025911957941, 47.85796609351714], [15.528708312631824, 47.85782719401383], [15.52870198389533, 47.85782449360115], [15.52705758767312, 47.85714009608194], [15.527044176044981, 47.857134800236345], [15.526583077260394, 47.85696230087803], [15.526573029355905, 47.85695896518021], [15.526563140553522, 47.8569554206582], [15.526558329946644, 47.85695408527838], [15.52655366308806, 47.85695253597723], [15.526543177766765, 47.85694987917388], [15.526532820368322, 47.8569470040562], [15.526527838445393, 47.856945992448885], [15.526522968423619, 47.856944758467606], [15.526512146663745, 47.856942806144836], [15.52650142041575, 47.85694062812018], [15.526496315154818, 47.85693995002756], [15.526491288870384, 47.85693904324995], [15.52648023488967, 47.85693781420939], [15.5264692430911, 47.856936354253165], [15.526464063658265, 47.85693601620558], [15.526458929516231, 47.85693544536427], [15.526447749769702, 47.85693495144216], [15.52643659827582, 47.856934223614296], [15.526431394550633, 47.85693422886726], [15.52642620199555, 47.856933999459756], [15.526415004149285, 47.85693424541275], [15.526403800353316, 47.85693425672256], [15.526398622450104, 47.85693460522551], [15.526393421488217, 47.856934719461066], [15.526382313381703, 47.85693570292052], [15.526371165181427, 47.85693645325913], [15.526116366245025, 47.85696215314618], [15.526116303815352, 47.856962161569115], [15.526116240461832, 47.85696216584942], [15.5260046330458, 47.856973451996716], [15.525717570082353, 47.85698710593758], [15.525126910062562, 47.85690321631326], [15.525101328230752, 47.85690027601539], [15.52507548453679, 47.85689868051161], [15.524536886858044, 47.85687958058464], [15.524522236624096, 47.85687927762778], [15.524048938671193, 47.85687647763211], [15.524013756136105, 47.856877518198544], [15.523978931608076, 47.85688104457084], [15.52394485174786, 47.856887017595305], [15.523380106584616, 47.857007707425666], [15.523143435354951, 47.85699333049499], [15.522818086926785, 47.856883093366534], [15.522811074723965, 47.8568810010169], [15.52280423457491, 47.856878664890786], [15.522796092097668, 47.85687653039712], [15.522788103682805, 47.856874146758585], [15.522780820523048, 47.856872527060276], [15.522773673085492, 47.85687065340933], [15.522765258956408, 47.85686906633113], [15.52275696186249, 47.8568672211445], [15.522749477885503, 47.85686608969583], [15.522742091992804, 47.85686469656421], [15.522733487243327, 47.856863672185625], [15.522724961375303, 47.85686238322094], [15.522717348655343, 47.856861750918306], [15.522709795436526, 47.85686085172239], [15.522701082934109, 47.85686039990862], [15.522692410399731, 47.85685967957917], [15.522684742250267, 47.8568595525119], [15.522677094446319, 47.856859155911366], [15.522292596107949, 47.85685195593603], [15.522276247529556, 47.856852189988544], [15.522259898792827, 47.85685242096652], [15.522259852361017, 47.85685242470805], [15.522259805608346, 47.85685242537738], [15.522243569829769, 47.856853736775534], [15.522227333462936, 47.85685504512303], [15.522227287799668, 47.85685505190952], [15.522227241369544, 47.85685505565978], [15.522211274773085, 47.85685743177172], [15.522195307114417, 47.85685980489132], [15.522195262659245, 47.85685981465745], [15.522195216999002, 47.8568598214525], [15.522179673337437, 47.85686323939571], [15.522164128174813, 47.85686665443286], [15.52216408535611, 47.85686666708452], [15.522164040905233, 47.85686667685896], [15.522149069824195, 47.85687110373035], [15.522134096911072, 47.85687552778358], [15.522134056141232, 47.8568755431989], [15.522134013327772, 47.85687555585862], [15.522119759030845, 47.85688094902296], [15.522105502537949, 47.8568863394893], [15.52185505670609, 47.856992237384176], [15.521395652574876, 47.85701379890976], [15.521385439731029, 47.8570125912243], [15.521380192998414, 47.85700901272282], [15.521380054147127, 47.857008926884504], [15.521379928307525, 47.85700883239537], [15.521317541469264, 47.856966377583724], [15.521236054192876, 47.85691072304168], [15.521210859104576, 47.85689518990888], [15.521183439222087, 47.85688146926485], [15.521154081138349, 47.85686970451716], [15.521123091703615, 47.856860018630286], [15.521090794818356, 47.85685251284056], [15.521057528047939, 47.85684726559803], [15.521023639094533, 47.85684433174651], [15.520989482163083, 47.856843741950435], [15.520955414259305, 47.85684550237433], [15.520921791458456, 47.85684959461836], [15.520713692284483, 47.856882394478404], [15.520685871702465, 47.8568876427076], [15.520658828589543, 47.856894488493545], [15.520632765056371, 47.85690288067335], [15.520607875892859, 47.85691275652694], [15.520415767019951, 47.85699671943648], [15.520083339407705, 47.85700533547068], [15.52005178860117, 47.857007163645235], [15.520020636518927, 47.85701099335386], [15.519990162843714, 47.85701679021354], [15.519960641167796, 47.85702450218018], [15.519932336536714, 47.85703406001593], [15.519905503069795, 47.857045377910644], [15.519880381678716, 47.85705835425241], [15.519857197904638, 47.85707287253959], [15.519836159893318, 47.857088802426986], [15.519817456526342, 47.85710600089584], [15.51974320216949, 47.857181546314315], [15.519671389490906, 47.85720395582791], [15.519385399086294, 47.85704171604976], [15.519359155286315, 47.85702826135007], [15.519331068349887, 47.857016613586005], [15.519301411958242, 47.85700688625383], [15.519270475084902, 47.856999174136945], [15.519238559180002, 47.856993552382455], [15.518752961150117, 47.85692505266252], [15.518716406730823, 47.85692130270009], [15.518679460526814, 47.856920293419385], [15.518553794457212, 47.856921543466], [15.518543520557664, 47.85684857959503], [15.518543184940352, 47.8568470171469], [15.518543045637943, 47.8568454412436], [15.518540839285121, 47.856836097076595], [15.518538827862482, 47.85682673300793], [15.518538266310667, 47.85682520022329], [15.518537898168594, 47.85682364109776], [15.518534341581706, 47.85681448747322], [15.518530976087595, 47.856805301183506], [15.518530194009578, 47.85680381282384], [15.518529600573542, 47.85680228549136], [15.518524728006119, 47.85679341056357], [15.518520040853492, 47.85678449052136], [15.518519045781382, 47.85678306092038], [15.518518232766704, 47.85678158008986], [15.518512091145412, 47.8567730693285], [15.51850612747561, 47.85676450143867], [15.518504928992732, 47.85676314436416], [15.518503904229359, 47.8567617242967], [15.518496552702617, 47.85675365966479], [15.518489369949984, 47.85674552644013], [15.518487979598484, 47.856744254961306], [15.518486752955669, 47.85674290933296], [15.518478262323873, 47.85673536849708], [15.518469929662674, 47.85672774826418], [15.518468360832456, 47.85672657462596], [15.518466944123588, 47.85672531639579], [15.518457396156352, 47.85671837197737], [15.518447993835462, 47.85671133812308], [15.518446261635418, 47.85671027362824], [15.518444668504097, 47.856709114913485], [15.518434155153702, 47.856702833790465], [15.518423773722771, 47.856696454054074], [15.518421894834766, 47.85669550895408], [15.518420140623869, 47.85669446091382], [15.518367440688403, 47.856665961008815], [15.518339413798044, 47.85665234727733], [15.51830944765487, 47.856640754517294], [15.518277862764643, 47.85663130671971], [15.518244996945935, 47.856624104934035], [15.518211201717051, 47.85661922618729], [15.51817683853648, 47.85661672266037], [15.518142274937038, 47.85661662112984], [15.518107880595041, 47.85661892268167], [15.517930179290657, 47.85663709991032], [15.516818155575116, 47.8567048856217], [15.516780353292065, 47.8567086663916], [15.516413449308551, 47.85675993951507], [15.516035741035868, 47.85671235231401], [15.515685121808712, 47.85660887647389], [15.515643681861587, 47.85659391723259], [15.515538144429257, 47.85652953875053], [15.515536639138404, 47.85652862609012], [15.515330539276597, 47.85640442648619], [15.515319509766206, 47.85639840923074], [15.515308599101806, 47.85639229462184], [15.515306774180063, 47.856391461209256], [15.515305060960078, 47.85639052654562], [15.515293208235125, 47.85638526585907], [15.515281459605266, 47.85637990044762], [15.515279522096868, 47.85637919143451], [15.51527768100638, 47.856378374289086], [15.515265119214805, 47.85637392083429], [15.515252645764123, 47.85636935629147], [15.515250614327995, 47.856368778505875], [15.515248663097797, 47.85636808674822], [15.515235513215076, 47.85636448341368], [15.515222435069193, 47.85636076369827], [15.51522032926924, 47.85636032270459], [15.515218286690322, 47.85635976299654], [15.515204675355795, 47.856357044483914], [15.515191118463115, 47.8563542054184], [15.515188958578825, 47.85635390546352], [15.515186844322434, 47.8563534831954], [15.515172902619359, 47.856351675685126], [15.515158997538554, 47.856349744610945], [15.515156804370736, 47.8563495885836], [15.515154638797892, 47.85634930782198], [15.515140500990041, 47.85634842872106], [15.515126381633818, 47.85634742423539], [15.51485133539091, 47.856337004507694], [15.514736953721538, 47.8563114489783], [15.51467203578165, 47.856293831305564], [15.514621144223275, 47.856263305010685], [15.514524274397548, 47.856177190692385], [15.51440573080367, 47.85603128485001], [15.514390367844626, 47.85601422028652], [15.514372818440114, 47.855998139152206], [15.514353220682176, 47.855983167983894], [15.514331728780235, 47.85596942458433], [15.51418452890239, 47.85588332486242], [15.514155455066394, 47.85586812691714], [15.514124074052274, 47.85585517329389], [15.513987574423409, 47.85580557347959], [15.513956729958704, 47.8557957004176], [15.513651930972996, 47.85571070075044], [15.513618309670742, 47.85570271035471], [15.513583614899028, 47.855697176181344], [15.513307416038142, 47.85566347631929], [15.513263182732269, 47.85566010710857], [15.512987339967827, 47.85565155253503], [15.51188790598983, 47.8554343860826], [15.51188243657949, 47.85542290817125], [15.511877937228395, 47.855414849208486], [15.511873697685301, 47.855406726690994], [15.511872171473817, 47.85540452194119], [15.511870900294664, 47.85540224508276], [15.5118652489587, 47.85539452174525], [15.51185984692359, 47.85538671801949], [15.511858006977379, 47.855384624569375], [15.511856410333595, 47.85538244253332], [15.511849661439213, 47.85537512920058], [15.511843148937624, 47.85536771942027], [15.511841012976648, 47.855365757430796], [15.511839106244995, 47.855363691231176], [15.511831324788538, 47.85535685833418], [15.51182376454008, 47.855349913859044], [15.511821353134877, 47.855348102225], [15.511819154678488, 47.855346171760424], [15.511810415600229, 47.85533988510326], [15.511801880414511, 47.8553334728118], [15.511799216788381, 47.85533182898012], [15.511796747779607, 47.85533005284181], [15.511787135241386, 47.85532437296761], [15.511777707317432, 47.855318554613476], [15.51177481712255, 47.85531709441498], [15.511772101339286, 47.85531548970799], [15.511761707915493, 47.85531047131683], [15.51175147804861, 47.85530530293309], [15.511748389118736, 47.85530404043001], [15.511745452715662, 47.855302622608555], [15.511734378500039, 47.85529831402962], [15.511723445209086, 47.8552938453903], [15.511316346311471, 47.855145345945836], [15.511285452711439, 47.855135418925265], [15.511253212323284, 47.85512767109282], [15.51121996344157, 47.855122183745465], [15.511034352587947, 47.855098258220295], [15.510972838324859, 47.85506298434477], [15.510947589113444, 47.8550498526965], [15.510920594248834, 47.855038401608475], [15.510892099822602, 47.85502873547108], [15.510862365596148, 47.8550209424027], [15.510831662632738, 47.85501509344643], [15.510800270826499, 47.85501124192245], [15.510661999559556, 47.85499883300599], [15.51051302607722, 47.85493562357932], [15.510482082175892, 47.854923989503725], [15.510449481606917, 47.854914626587544], [15.510415591070505, 47.854907640147296], [15.510058586497548, 47.85484777747086], [15.510003536956278, 47.8548120921464], [15.509980928778226, 47.85479870434573], [15.509956621897432, 47.85478674057186], [15.509930813659482, 47.8547762979572], [15.509903713598904, 47.854767461283934], [15.509384715289327, 47.85461726186915], [15.50935536912427, 47.85460984595947], [15.509325119711198, 47.85460431324011], [15.509294233174316, 47.85460071238598], [15.509262981242827, 47.854599075076194], [15.509231638860422, 47.85459941571527], [15.509200481766529, 47.85460173130638], [15.509030482473316, 47.854619831227176], [15.509026563070819, 47.854620382402345], [15.50902259373013, 47.854620736428814], [15.509010518569609, 47.85462263869796], [15.508998379197223, 47.85462434582568], [15.508994558935196, 47.854625152910515], [15.508990660264521, 47.85462576709042], [15.50897892027559, 47.85462845680039], [15.508967087966294, 47.854630956544476], [15.508963403635748, 47.854632011766334], [15.508959613180757, 47.85463288018492], [15.508948321425281, 47.85463633143256], [15.50893691012885, 47.85463959971951], [15.508933397211024, 47.85464089291631], [15.50892975147602, 47.85464200721022], [15.508919016699295, 47.85464618675825], [15.508908136311158, 47.85465019211329], [15.508904828637498, 47.854651710830844], [15.508901362732171, 47.854653060269044], [15.508891288314445, 47.85465792786686], [15.508881043618622, 47.85466263171644], [15.508877973043573, 47.85466436132884], [15.508874720346324, 47.854665932915644], [15.508865403309269, 47.85467144168607], [15.508855892967215, 47.85467679873003], [15.508853089062248, 47.85467872258015], [15.508850080897933, 47.85468050118063], [15.508824606109396, 47.85469712297987], [15.508323619913284, 47.854839250999724], [15.508174422259547, 47.85487068119001], [15.50816548857384, 47.854861262941334], [15.508146739736206, 47.85484346369024], [15.50812551687374, 47.85482697077279], [15.508102019676492, 47.854811939372354], [15.50807646923336, 47.854798510920595], [15.508049105951825, 47.854786811766836], [15.508020187295951, 47.854776951989216], [15.507989985363936, 47.85476902435901], [15.507958784327972, 47.85476310346773], [15.507926877760532, 47.85475924502541], [15.50789456587222, 47.854757485336336], [15.507862152687187, 47.85475784095749], [15.507750193932985, 47.85476273210539], [15.507526828882025, 47.85470236722444], [15.507493298013808, 47.854694667410634], [15.507224301659225, 47.85464343430822], [15.507005575047824, 47.85456684900135], [15.506737055315018, 47.854415141283425], [15.50664727875775, 47.85435247390926], [15.506621878268714, 47.85433649688384], [15.506594149121694, 47.85432238237167], [15.506564391402978, 47.85431028311989], [15.506532927151321, 47.85430033006643], [15.506500096872923, 47.85429263092296], [15.506466255856557, 47.8542872690094], [15.506431770328765, 47.854284302352255], [15.506397013490712, 47.85428376305656], [15.505976815305152, 47.85429196301486], [15.505935648834804, 47.85429448767178], [15.505274551589016, 47.854362987371644], [15.50524171118391, 47.85436753536109], [15.505209713116223, 47.85437427519526], [15.505178879450636, 47.854383139036905], [15.50504613994244, 47.85442671910371], [15.50504613994244, 47.85492725097585], [15.505426356312437, 47.854802420840315], [15.506016884414713, 47.8547412330677], [15.506268744501044, 47.85473631827547], [15.506293831367113, 47.854752078835574], [15.50660393167979, 47.85492727940956], [15.50663313835703, 47.8549420277429], [15.506664561249972, 47.85495454357123], [15.506946162044054, 47.855053143943245]]]}}, {"type": "Feature", "properties": {"klasse": "Wasser"}, "geometry": {"type": "Polygon", "coordinates": [[[15.50557059269387, 47.87270602559056], [15.505580603391987, 47.872727431175036], [15.50559373435668, 47.87274805911773], [15.505609854897534, 47.87276770410631], [15.505628804567996, 47.872786170611676], [15.505664116876021, 47.87281715452237], [15.505649082603863, 47.87285074764639], [15.505640965629281, 47.87287289668877], [15.505636224843046, 47.87289548497889], [15.505634909012896, 47.87291828017554], [15.505637031677875, 47.87294104780898], [15.50569062968258, 47.873257747969866], [15.50569373087932, 47.87327199724779], [15.50574631143503, 47.873469301423825], [15.505815219772165, 47.87379944771023], [15.505766765771824, 47.87416955671556], [15.505687852058646, 47.87441017212223], [15.506372584089698, 47.87441017212223], [15.506424370537273, 47.87425226431701], [15.506430933834515, 47.87422353442239], [15.50648463122395, 47.873813334277486], [15.506485808745731, 47.87378778906216], [15.506482671505093, 47.87376231887438], [15.506407569261853, 47.87340251909709], [15.506405569843002, 47.87339410165365], [15.506353758465417, 47.87319969302413], [15.506309150849043, 47.872936135409674], [15.506353717379703, 47.87283655128246], [15.506361394968494, 47.87281590260927], [15.506366137255174, 47.872794858120216], [15.506367901777654, 47.872773606262065], [15.506366672738862, 47.87275233733823], [15.506362461148083, 47.872731241804715], [15.506355304722238, 47.87271050856469], [15.506345267548012, 47.872690323276856], [15.506332439507874, 47.87267086669297], [15.506316935475091, 47.87265231303938], [15.506298894285003, 47.8726348284568], [15.50628127500753, 47.87261936907163], [15.506340997679816, 47.87256111253696], [15.506358226009961, 47.87254241193583], [15.506372656428212, 47.872522668323924], [15.506384150868675, 47.8725020706066], [15.506392599357083, 47.87248081586107], [15.506397921062904, 47.872459107450666], [15.506400065072576, 47.872437153079055], [15.506399010876502, 47.87241516280303], [15.506394768565132, 47.87239334702261], [15.506387378732258, 47.87237191446798], [15.506376912086468, 47.872351070202505], [15.506363468774484, 47.87233101366058], [15.506347177422846, 47.872311936739585], [15.506328193907121, 47.87229402196388], [15.506306699860449, 47.87227744073846], [15.506301190431081, 47.87227394764314], [15.506309198217878, 47.87225705745072], [15.50631607837635, 47.87224034623162], [15.506393247935994, 47.87202025626023], [15.506600063814894, 47.87173623775777], [15.506726710575672, 47.871573376888385], [15.506741006459176, 47.87155244948376], [15.506752046674016, 47.87153064816466], [15.506759715467469, 47.87150820151835], [15.506763932436602, 47.87148534489807], [15.506764653371087, 47.87146231795531], [15.506761870716575, 47.87143936212712], [15.50675561365371, 47.871416718104534], [15.506745947791972, 47.871394623309044], [15.506697378775655, 47.87130149614698], [15.506739824470383, 47.87108807447279], [15.507011204273347, 47.8708392871119], [15.507028705307322, 47.87082153851821], [15.507043632765937, 47.87080275569229], [15.50705585279767, 47.87078310705956], [15.507065255828863, 47.8707627688089], [15.50707175754617, 47.87074192331283], [15.507075299652472, 47.87072075749204], [15.507075850389509, 47.870699461139374], [15.507073404822526, 47.87067822521788], [15.507067984884394, 47.870657240148525], [15.50702081467477, 47.870514926656256], [15.507087365407862, 47.87033629138465], [15.507093848762326, 47.870314288860904], [15.507097042914777, 47.870291961260804], [15.507096916104565, 47.870269530625826], [15.50709346959705, 47.87024722002178], [15.507086737670894, 47.870225251320534], [15.50700188646106, 47.870004621971525], [15.506888121453017, 47.86967846936887], [15.506870811247113, 47.86959718917146], [15.50705601833834, 47.86928957600482], [15.50740241803253, 47.868846032369504], [15.507417225034217, 47.86882435227698], [15.507428535695558, 47.86880173879643], [15.507436222751448, 47.868778446379096], [15.507500046349014, 47.86852125949769], [15.507649719229523, 47.867976166585045], [15.50765408927865, 47.867954289646555], [15.507655251492547, 47.867932229831894], [15.507653194682534, 47.8679101995892], [15.507647938660858, 47.867888411081566], [15.50763953404975, 47.8678670741438], [15.50762806179375, 47.867846394261576], [15.507613632380016, 47.86782657059257], [15.507596384774176, 47.867807794048474], [15.50757648508192, 47.86779024545644], [15.507554124949209, 47.86777409381767], [15.507529519716616, 47.86775949467994], [15.507502906345445, 47.86774658863958], [15.5074745411357, 47.86773549998749], [15.507444697257812, 47.86772633551232], [15.507413662121953, 47.867719183471934], [15.5073817346102, 47.86771411274357], [15.50734922219829, 47.86771117216054], [15.507316437994577, 47.86771039004189], [15.507283697724787, 47.86771177391977], [15.507251316691574, 47.8677153104669], [15.507219606738115, 47.8677209656248], [15.507188873245065, 47.86772868493193], [15.507159412189692, 47.86773839404802], [15.50713150729558, 47.867749999470064], [15.507105427300306, 47.86776338943273], [15.507081423367428, 47.86777843498468], [15.507059726667668, 47.86779499123037], [15.50704054615264, 47.86781289872548], [15.507024066542506, 47.8678319850123], [15.507010446546953, 47.86785206628065], [15.506999817336684, 47.86787294913793], [15.506992281280038, 47.86789443247167], [15.506842077932278, 47.868441432057644], [15.506841079311716, 47.86844525284927], [15.506785617389898, 47.86866873381794], [15.50645648127143, 47.869090165963996], [15.506442568846518, 47.869110343840724], [15.506217266972474, 47.869484543245], [15.506205776657795, 47.86950695446851], [15.506197855840574, 47.86953005494624], [15.50619359251597, 47.869553588060796], [15.50619303404923, 47.869577292388406], [15.506196186649293, 47.869600904602954], [15.506228385707992, 47.869752104698335], [15.506233848341525, 47.86977159249575], [15.50635184634543, 47.870109892834435], [15.506353662912808, 47.87011484752486], [15.50641813058835, 47.87028248140457], [15.506353033917359, 47.870457207461286], [15.506346886121815, 47.8704777067677], [15.506343594410405, 47.87049850164343], [15.506343187239997, 47.87051941233831], [15.506345668133642, 47.870540258100824], [15.506351015649974, 47.87056085874048], [15.506382370368035, 47.87065546043428], [15.506150296386465, 47.870868211501254], [15.506131891453517, 47.87088698398777], [15.506116364560505, 47.87090689922787], [15.50610387092346, 47.87092775814132], [15.506094535437335, 47.87094935221439], [15.50608845142735, 47.870971465584084], [15.506024049397203, 47.87129526540723], [15.50602134885021, 47.87131634564189], [15.506021604140685, 47.871337503343355], [15.506024813013292, 47.87135855129847], [15.506030947077969, 47.87137930326495], [15.506039952060997, 47.87139957561935], [15.506066973178001, 47.871451387781796], [15.506005589918145, 47.87153032201471], [15.506001589384718, 47.871535636555855], [15.50577628801724, 47.87184503597702], [15.505761735634353, 47.871868220189114], [15.505751123713779, 47.87189235307921], [15.505668283386266, 47.872128607966154], [15.505597101738353, 47.872278741458665], [15.505588707707524, 47.8722999776303], [15.50558343355083, 47.87232166354501], [15.505581329609015, 47.872343592231395], [15.50558241596623, 47.87236555440069], [15.505586682258242, 47.872387340444355], [15.505594087771135, 47.87240874243451], [15.505604561829806, 47.872429556108514], [15.505618004472298, 47.87244958281842], [15.50563428740376, 47.87246863142684], [15.505635037728656, 47.87246933906474], [15.505632962221691, 47.87247276333833], [15.505579361687769, 47.87257346319466], [15.50556969684882, 47.872594940608735], [15.50556326080588, 47.87261695906936], [15.505560117621291, 47.87263929942584], [15.5055602985836, 47.872661739323426], [15.505563801895962, 47.87268405541628], [15.50557059269387, 47.87270602559056]]]}}, {"type": "Feature", "properties": {"klasse": "Wasser"}, "geometry": {"type": "Polygon", "coordinates": [[[15.5526154, 47.84884679999999], [15.5526384, 47.8488249], [15.552644199999998, 47.84880110000001], [15.5526375, 47.848780399999995], [15.5526105, 47.84875269999999], [15.5525586, 47.8487224], [15.5524856, 47.8486862], [15.552438499999997, 47.84866879999999], [15.552390400000002, 47.84866689999999], [15.5523289, 47.8486695], [15.5522789, 47.8486824], [15.552244299999998, 47.84870039999999], [15.5522193, 47.84872620000001], [15.5522155, 47.84875910000001], [15.552234700000001, 47.84879139999999], [15.552257800000001, 47.848812699999996], [15.552298199999997, 47.8488378], [15.552326000000003, 47.84884430000001], [15.552360599999998, 47.8488462], [15.552393299999999, 47.8488494], [15.5524241, 47.848861], [15.552444300000001, 47.848872], [15.552486600000002, 47.84888229999999], [15.552537500000001, 47.84888100000001], [15.552584600000001, 47.848867500000004], [15.5526154, 47.84884679999999]]]}}, {"type": "Feature", "properties": {"klasse": "Wasser"}, "geometry": {"type": "Polygon", "coordinates": [[[15.5754124, 47.851734799999996], [15.5754208, 47.851735], [15.5754335, 47.851729799999994], [15.575437800000001, 47.851717900000004], [15.5754424, 47.8517096], [15.575450500000002, 47.8517023], [15.575457600000002, 47.8516878], [15.5754565, 47.8516786], [15.5754523, 47.85166669999999], [15.5754449, 47.851655300000004], [15.5754335, 47.8516468], [15.575423700000002, 47.8516383], [15.575418, 47.85163069999999], [15.575409899999999, 47.851623599999996], [15.575396500000002, 47.851619299999996], [15.575382700000002, 47.851621], [15.575370000000001, 47.8516269], [15.575360400000001, 47.8516378], [15.575357699999998, 47.8516512], [15.5753542, 47.85167439999999], [15.5753548, 47.85168310000001], [15.575359000000002, 47.8516907], [15.575364, 47.8516975], [15.575373100000002, 47.85170629999999], [15.5753837, 47.8517165], [15.575392600000002, 47.85172339999999], [15.575404200000001, 47.85173139999999], [15.5754124, 47.851734799999996]]]}}, {"type": "Feature", "properties": {"klasse": "Wasser"}, "geometry": {"type": "Polygon", "coordinates": [[[15.5608399, 47.85394209999999], [15.560845, 47.8539126], [15.5608298, 47.853868500000004], [15.5607859, 47.85383680000001], [15.5607421, 47.853826600000005], [15.560688100000002, 47.853833399999985], [15.5605971, 47.8538617], [15.5605245, 47.8539047], [15.5605262, 47.8539319], [15.5605482, 47.8539613], [15.5605853, 47.85398729999999], [15.560659499999998, 47.8540134], [15.560720200000002, 47.854019], [15.5607944, 47.85400429999999], [15.560823, 47.853976], [15.5608399, 47.85394209999999]]]}}, {"type": "Feature", "properties": {"klasse": "Wasser"}, "geometry": {"type": "Polygon", "coordinates": [[[15.558514135175585, 47.87349334691745], [15.558521763711394, 47.87349631445771], [15.55852868625885, 47.873498428263446], [15.55853543367015, 47.873500784509424], [15.558543615029022, 47.873502986776074], [15.55855163915912, 47.87350543695101], [15.558558836323526, 47.873507084059895], [15.558565894515384, 47.873508983991286], [15.55857435731763, 47.87351063612094], [15.558582699764187, 47.87351254533366], [15.558590102232252, 47.87351370988298], [15.558597403229642, 47.87351513520215], [15.558606065972779, 47.87351622128363], [15.55861464639274, 47.87351757114723], [15.558801047161571, 47.873540471240794], [15.558804076560428, 47.87354074086324], [15.558807064303025, 47.87354117232099], [15.559231053700433, 47.8735878927867], [15.55981496896665, 47.87381305667513], [15.560587622339543, 47.87431648090705], [15.56060996307954, 47.874329789655526], [15.56063397865625, 47.87434170516942], [15.560659477752381, 47.87435213252464], [15.560686257231893, 47.8743609886524], [15.560714103758317, 47.87436820300089], [15.560900513183677, 47.87441017212223], [15.562172600219979, 47.87441017212223], [15.561957379852776, 47.874277473492995], [15.561931245016641, 47.87426292944754], [15.561903054440611, 47.87425024175798], [15.561873098258294, 47.874239541003675], [15.561841684774, 47.874230937314806], [15.561809137289767, 47.87422451923886], [15.561741267531652, 47.87421361736638], [15.561682628053516, 47.87415778955246], [15.561660803993465, 47.87413917669633], [15.56163618937931, 47.874122212644984], [15.561609057650253, 47.87410708584721], [15.561579710206606, 47.874093964342094], [15.561548473061624, 47.87408299389245], [15.561515693219953, 47.87407429636555], [15.560998260855579, 47.873957799701095], [15.5602500763985, 47.873470320233714], [15.560229371416908, 47.873457907017055], [15.560207208518225, 47.873446691079906], [15.56018374020931, 47.873436749600685], [15.559511041922642, 47.87317735055906], [15.559484443657936, 47.87316813212649], [15.559456726927065, 47.87316055057755], [15.559428113725627, 47.873154666636154], [15.559398833229162, 47.87315052742928], [15.558918148224597, 47.873097559654056], [15.55880923084648, 47.87308417870954], [15.558493783171048, 47.872930724735895], [15.558467043849317, 47.87291898293854], [15.558438761564178, 47.87290901101706], [15.558409194312892, 47.87290089993733], [15.558378611814032, 47.87289472369016], [15.558347293047099, 47.872890538616396], [15.558315523707739, 47.8728883828931], [15.55740902761685, 47.872856183015436], [15.557372878905205, 47.87285621556289], [15.55733694673472, 47.87285887388537], [15.55730165121022, 47.87286412690285], [15.556637893492558, 47.87298858152434], [15.556084214875458, 47.873022919570346], [15.556052549018096, 47.873025916668574], [15.556021453615378, 47.87303093558056], [15.555991213162196, 47.87303793038781], [15.555962104331725, 47.87304683709421], [15.5559343934442, 47.87305757421138], [15.55567436892016, 47.873169796139216], [15.555309830867577, 47.873227185842715], [15.55528061685326, 47.87323273733187], [15.55525227173449, 47.873240048859095], [15.555225029220374, 47.87324906014001], [15.55519911392923, 47.87325969687557], [15.555174739536653, 47.87327187136462], [15.55515210701373, 47.87328548322694], [15.554995907028092, 47.873388382911564], [15.554973966286962, 47.87340430318595], [15.554954409067122, 47.87342157249635], [15.554937417579536, 47.87344002994998], [15.554923150131557, 47.87345950358437], [15.554911739651951, 47.87347981196936], [15.554903292452337, 47.87350076589746], [15.554897887236612, 47.87352217014659], [15.554845987557053, 47.87381171820646], [15.55449718200939, 47.874034760748565], [15.55446610606621, 47.874057567793706], [15.554387913047542, 47.87412354287271], [15.55429288818258, 47.87416506968903], [15.554286997404153, 47.87416792998589], [15.55428088289174, 47.87417056920507], [15.554127035218347, 47.87424438607886], [15.55382389200662, 47.87429525617804], [15.553790361333165, 47.87430215793456], [15.553758089524525, 47.87431138454642], [15.55372743158263, 47.8743228345177], [15.553698724756932, 47.87433638189466], [15.553558612325595, 47.87441017212223], [15.554151720984748, 47.87441017212223], [15.554331231674539, 47.87441017212223], [15.55479845997344, 47.87441017212223], [15.554899767819743, 47.87441017212223], [15.554903395838522, 47.87441017212223], [15.554974525912561, 47.8743501558855], [15.555393819552963, 47.874082037911855], [15.55541657417379, 47.87406597751002], [15.555436866189183, 47.8740484869153], [15.55545449814499, 47.87402973632449], [15.555469298472035, 47.87400990819486], [15.55548112315552, 47.87398919546877], [15.555489857136296, 47.87396779969613], [15.555495415430332, 47.8739459290731], [15.555547646694407, 47.87365451120585], [15.555553139437407, 47.87365089273516], [15.555882671452064, 47.87359901381276], [15.555919048113298, 47.873591800636376], [15.555953976520811, 47.873581862061556], [15.555987007221786, 47.87356932597645], [15.55622677782914, 47.87346584518566], [15.556729287888745, 47.873434680247165], [15.55675906171751, 47.87343192085738], [15.556788346891054, 47.873427373563075], [15.557428427382243, 47.87330735859482], [15.558181870644232, 47.873334121961044], [15.558478816099651, 47.87347857556409], [15.558486201666613, 47.87348180938312], [15.558493361140608, 47.87348526570936], [15.558499942402007, 47.87348782585441], [15.558506314051497, 47.873490615723014], [15.558514135175585, 47.87349334691745]]]}}]}