{"type": "FeatureCollection", "features": [{"type": "Feature", "properties": {"klasse": "Acker"}, "geometry": {"type": "Polygon", "coordinates": [[[25.79859170909361, 62.71732050256197], [25.799008375760277, 62.71732050256197], [25.799008375760277, 62.7172620731846], [25.79859170909361, 62.717282892675186], [25.79859170909361, 62.71732050256197]]]}}, {"type": "Feature", "properties": {"klasse": "Acker"}, "geometry": {"type": "Polygon", "coordinates": [[[25.80009170909361, 62.717403835895304], [25.800008375760278, 62.717403835895304], [25.800008375760278, 62.71748716922863], [25.80009170909361, 62.71748716922863], [25.80009170909361, 62.717403835895304]]]}}, {"type": "Feature", "properties": {"klasse": "Acker"}, "geometry": {"type": "Polygon", "coordinates": [[[25.800341709093612, 62.71748716922863], [25.80009170909361, 62.71748716922863], [25.80009170909361, 62.71757050256197], [25.800341709093612, 62.71757050256197], [25.800341709093612, 62.71748716922863]]]}}, {"type": "Feature", "properties": {"klasse": "Acker"}, "geometry": {"type": "Polygon", "coordinates": [[[25.800341709093612, 62.720403835895304], [25.800341709093612, 62.72048716922863], [25.800425042426944, 62.72048716922863], [25.800425042426944, 62.72082050256197], [25.800579376672705, 62.72082050256197], [25.800675042426946, 62.72071569191354], [25.800675042426946, 62.7206538358953], [25.80073150141015, 62.7206538358953], [25.80084170909361, 62.720533093223516], [25.80084170909361, 62.72032050256197], [25.800758375760278, 62.72032050256197], [25.800758375760278, 62.72023716922863], [25.80059170909361, 62.72023716922863], [25.80059170909361, 62.7201538358953], [25.800425042426944, 62.7201538358953], [25.800425042426944, 62.72007050256197], [25.800258375760276, 62.72007050256197], [25.800258375760276, 62.720403835895304], [25.800341709093612, 62.720403835895304]]]}}, {"type": "Feature", "properties": {"klasse": "Acker"}, "geometry": {"type": "Polygon", "coordinates": [[[25.802008375760277, 62.721320502561966], [25.80209170909361, 62.721320502561966], [25.80209170909361, 62.7214038358953], [25.802175042426946, 62.7214038358953], [25.802175042426946, 62.72148716922864], [25.80234170909361, 62.72148716922864], [25.80234170909361, 62.72132447083171], [25.8021538, 62.72130629999998], [25.802008375760277, 62.72129184270677], [25.802008375760277, 62.721320502561966]]]}}, {"type": "Feature", "properties": {"klasse": "Acker"}, "geometry": {"type": "Polygon", "coordinates": [[[25.802675042426944, 62.72148716922864], [25.802591709093612, 62.72148716922864], [25.802591709093612, 62.72157050256197], [25.802675042426944, 62.72157050256197], [25.802675042426944, 62.72148716922864]]]}}, {"type": "Feature", "properties": {"klasse": "Acker"}, "geometry": {"type": "Polygon", "coordinates": [[[25.802675042426944, 62.72298716922864], [25.802675042426944, 62.723002288617884], [25.802591709093612, 62.72301562896406], [25.802591709093612, 62.72298716922864], [25.802508375760276, 62.72298716922864], [25.802508375760276, 62.72302896931025], [25.802248929396324, 62.72307050256197], [25.80209170909361, 62.72307050256197], [25.80209170909361, 62.72312077177025], [25.802008375760277, 62.72314819868561], [25.802008375760277, 62.72307050256197], [25.801925042426944, 62.72307050256197], [25.801925042426944, 62.7231538358953], [25.801675042426943, 62.7231538358953], [25.801675042426943, 62.72323716922863], [25.801508375760278, 62.72323716922863], [25.801508375760278, 62.723312760177755], [25.801484851471226, 62.72332050256197], [25.801091709093612, 62.72332050256197], [25.801091709093612, 62.723403835895304], [25.800508375760277, 62.723403835895304], [25.800508375760277, 62.72348716922863], [25.800341709093612, 62.72348716922863], [25.800341709093612, 62.7236538358953], [25.80009170909361, 62.7236538358953], [25.80009170909361, 62.723737169228635], [25.799758375760277, 62.723737169228635], [25.799758375760277, 62.72382050256197], [25.799508375760276, 62.72382050256197], [25.799508375760276, 62.7239038358953], [25.799175042426945, 62.7239038358953], [25.799175042426945, 62.723987169228636], [25.798758375760276, 62.723987169228636], [25.798758375760276, 62.7239038358953], [25.798675042426943, 62.7239038358953], [25.798675042426943, 62.72382050256197], [25.798508375760278, 62.72382050256197], [25.798508375760278, 62.723737169228635], [25.798258375760277, 62.723737169228635], [25.798258375760277, 62.7236538358953], [25.797650537953498, 62.7236538358953], [25.797425042426944, 62.723764559204184], [25.797425042426944, 62.72382050256197], [25.797311109985355, 62.72382050256197], [25.797008375760278, 62.7239691517863], [25.797008375760278, 62.7241538358953], [25.797175042426943, 62.7241538358953], [25.797175042426943, 62.724070502561965], [25.797675042426945, 62.724070502561965], [25.797675042426945, 62.7241538358953], [25.79784170909361, 62.7241538358953], [25.79784170909361, 62.72423716922864], [25.797925042426943, 62.72423716922864], [25.797925042426943, 62.7244038358953], [25.797758375760278, 62.7244038358953], [25.797758375760278, 62.72448716922864], [25.79759170909361, 62.72448716922864], [25.79759170909361, 62.72457050256197], [25.79734170909361, 62.72457050256197], [25.79734170909361, 62.724688669085175], [25.797195152571366, 62.72473716922863], [25.797175042426943, 62.72473716922863], [25.797175042426943, 62.724743824305286], [25.796943337985876, 62.72482050256197], [25.796925042426945, 62.72482050256197], [25.796925042426945, 62.7248388920887], [25.79687737694177, 62.724903835895304], [25.796758375760277, 62.724903835895304], [25.796758375760277, 62.72498716922863], [25.796675042426944, 62.72498716922863], [25.796675042426944, 62.72507050256197], [25.79659170909361, 62.72507050256197], [25.79659170909361, 62.7251538358953], [25.79634170909361, 62.7251538358953], [25.79634170909361, 62.725237169228635], [25.796258375760278, 62.725237169228635], [25.796258375760278, 62.72532050256197], [25.796175042426945, 62.72532050256197], [25.796175042426945, 62.7254038358953], [25.795955792447298, 62.7254038358953], [25.795925042426944, 62.725432445284085], [25.795925042426944, 62.7256538358953], [25.796326914692155, 62.7256538358953], [25.796143427275616, 62.7259038358953], [25.79609170909361, 62.7259038358953], [25.79609170909361, 62.72597430146589], [25.796082264803434, 62.72598716922864], [25.795925042426944, 62.72598716922864], [25.795925042426944, 62.72607050256197], [25.79575837576028, 62.72607050256197], [25.79575837576028, 62.7261538358953], [25.795508375760278, 62.7261538358953], [25.795508375760278, 62.72623716922863], [25.795675042426943, 62.72623716922863], [25.795675042426943, 62.72632050256197], [25.79575837576028, 62.72632050256197], [25.79575837576028, 62.726403835895304], [25.795675042426943, 62.726403835895304], [25.795675042426943, 62.72648716922863], [25.795508375760278, 62.72648716922863], [25.795508375760278, 62.7266538358953], [25.79534170909361, 62.7266538358953], [25.79534170909361, 62.726996169905355], [25.795287152665104, 62.727070502561965], [25.795258375760277, 62.727070502561965], [25.795258375760277, 62.727109710843074], [25.795164827720743, 62.72723716922864], [25.79509170909361, 62.72723716922864], [25.79509170909361, 62.7273367927185], [25.795042502776386, 62.7274038358953], [25.794925042426943, 62.7274038358953], [25.794925042426943, 62.72756387459395], [25.794859015359844, 62.7276538358953], [25.79484170909361, 62.7276538358953], [25.79484170909361, 62.727677415531666], [25.7942219, 62.728521900000004], [25.7940328, 62.728497400000016], [25.793533, 62.728625799999996], [25.791425042426944, 62.72832010035854], [25.791425042426944, 62.73054864998349], [25.791425042426944, 62.731881737493666], [25.791425042426944, 62.734502045710535], [25.791425042426944, 62.73801712800483], [25.791425042426944, 62.73877279828909], [25.7936078, 62.73865700000001], [25.7938013, 62.73854459999998], [25.79387113497437, 62.737820502561966], [25.793925042426945, 62.737820502561966], [25.793925042426945, 62.737711113663515], [25.794008206642005, 62.7376538358953], [25.794008375760278, 62.7376538358953], [25.794008375760278, 62.73765371941831], [25.7957217, 62.7364737], [25.7970985, 62.734375599999986], [25.7980907, 62.734024899999994], [25.7976681, 62.73370750000001], [25.7967051, 62.733340000000005], [25.7978576, 62.732429799999984], [25.8006294, 62.7317139], [25.8026643, 62.7313404], [25.8022583, 62.72954360000001], [25.80287927441014, 62.72807050256197], [25.802925042426946, 62.72807050256197], [25.802925042426946, 62.72796193005528], [25.803090046078772, 62.72757050256197], [25.80309170909361, 62.72757050256197], [25.80309170909361, 62.7275665574994], [25.80312517469021, 62.72748716922864], [25.803258375760276, 62.72748716922864], [25.803258375760276, 62.7274038358953], [25.80316030330165, 62.7274038358953], [25.803230560524526, 62.72723716922864], [25.803341709093612, 62.72723716922864], [25.803341709093612, 62.726973498665586], [25.8034022, 62.726829999999985], [25.8040827, 62.72620349999999], [25.803925042426943, 62.72605730710456], [25.803925042426943, 62.72587810948215], [25.804106919693243, 62.725487169228636], [25.804175042426944, 62.725487169228636], [25.804175042426944, 62.72545154262942], [25.8049584, 62.72580320000001], [25.805913279709763, 62.72507050256197], [25.805925042426946, 62.72507050256197], [25.805925042426946, 62.72506147680443], [25.806021882940808, 62.72498716922863], [25.806175042426943, 62.72498716922863], [25.806175042426943, 62.724903835895304], [25.806258375760276, 62.724903835895304], [25.806258375760276, 62.72482050256197], [25.806341709093612, 62.72482050256197], [25.806341709093612, 62.724741760513396], [25.806347692633935, 62.72473716922863], [25.806508375760277, 62.72473716922863], [25.806508375760277, 62.72461387399699], [25.806564899096017, 62.72457050256197], [25.80675837576028, 62.72457050256197], [25.80675837576028, 62.72451339211179], [25.807841709093612, 62.724550386420354], [25.807841709093612, 62.72457050256197], [25.808430785835206, 62.72457050256197], [25.8096782, 62.724613099999985], [25.81039693059164, 62.7241538358953], [25.81050837576028, 62.7241538358953], [25.81050837576028, 62.72408262316804], [25.810918584388297, 62.72382050256197], [25.810925042426945, 62.72382050256197], [25.810925042426945, 62.72381637591789], [25.811299500000004, 62.7235771], [25.811417493690016, 62.723403835895304], [25.811508375760276, 62.723403835895304], [25.811508375760276, 62.72332050256197], [25.81147424409148, 62.72332050256197], [25.8114974, 62.723286499999986], [25.811425042426944, 62.72328386857589], [25.811425042426944, 62.72323716922863], [25.811008375760277, 62.72323716922863], [25.811008375760277, 62.7231538358953], [25.810841709093612, 62.7231538358953], [25.810841709093612, 62.72307050256197], [25.810758375760276, 62.72307050256197], [25.810758375760276, 62.72304135211315], [25.8110974, 62.7230302], [25.811300128348122, 62.722820502561966], [25.81134170909361, 62.722820502561966], [25.81134170909361, 62.72277749241621], [25.81186407516683, 62.722237169228634], [25.811925042426942, 62.722237169228634], [25.811925042426942, 62.72217410612785], [25.811944638998078, 62.7221538358953], [25.81200837576028, 62.7221538358953], [25.81200837576028, 62.72208790808666], [25.81202520282932, 62.72207050256197], [25.81209170909361, 62.72207050256197], [25.81209170909361, 62.72200171004546], [25.81218633049181, 62.721903835895304], [25.812341709093612, 62.721903835895304], [25.812341709093612, 62.721743115921875], [25.812347458154303, 62.72173716922863], [25.812425042426945, 62.72173716922863], [25.812425042426945, 62.72165691788068], [25.812428021985543, 62.7216538358953], [25.812508375760277, 62.7216538358953], [25.812508375760277, 62.721570719839484], [25.812750277310528, 62.721320502561966], [25.81275837576028, 62.721320502561966], [25.81275837576028, 62.721312125715905], [25.8129795, 62.721083400000005], [25.812925042426944, 62.721051927310725], [25.812925042426944, 62.720987169228636], [25.813175042426945, 62.720987169228636], [25.813175042426945, 62.7209038358953], [25.813091709093612, 62.7209038358953], [25.813091709093612, 62.72048716922863], [25.813008375760276, 62.72048716922863], [25.813008375760276, 62.720403835895304], [25.812925042426944, 62.720403835895304], [25.812925042426944, 62.72032050256197], [25.81284170909361, 62.72032050256197], [25.81284170909361, 62.72023716922863], [25.81209170909361, 62.72023716922863], [25.81209170909361, 62.7201538358953], [25.81200837576028, 62.7201538358953], [25.81200837576028, 62.72007050256197], [25.811925042426942, 62.72007050256197], [25.811925042426942, 62.71998716922864], [25.81184170909361, 62.71998716922864], [25.81184170909361, 62.72007050256197], [25.811591709093612, 62.72007050256197], [25.811591709093612, 62.71998716922864], [25.811508375760276, 62.71998716922864], [25.811508375760276, 62.7199038358953], [25.811425042426944, 62.7199038358953], [25.811425042426944, 62.71998716922864], [25.811175042426942, 62.71998716922864], [25.811175042426942, 62.7199038358953], [25.810758375760276, 62.7199038358953], [25.810758375760276, 62.719820502561966], [25.81037658455974, 62.719820502561966], [25.810175042426945, 62.71975888178455], [25.810175042426945, 62.71973716922864], [25.810104027502923, 62.71973716922864], [25.810008375760276, 62.71970792405463], [25.810008375760276, 62.7196538358953], [25.80983147044608, 62.7196538358953], [25.80959170909361, 62.71958052972984], [25.80959170909361, 62.719570502561965], [25.809558913389242, 62.719570502561965], [25.809508375760277, 62.71955505086488], [25.809508375760277, 62.719487169228636], [25.809425042426945, 62.719487169228636], [25.809425042426945, 62.7194038358953], [25.809508375760277, 62.7194038358953], [25.809508375760277, 62.719237169228634], [25.809925042426944, 62.719237169228634], [25.809925042426944, 62.71907050256197], [25.81059170909361, 62.71907050256197], [25.81059170909361, 62.71898716922863], [25.810425042426942, 62.71898716922863], [25.810425042426942, 62.718903835895304], [25.810008375760276, 62.718903835895304], [25.810008375760276, 62.71882050256197], [25.809925042426944, 62.71882050256197], [25.809925042426944, 62.718903835895304], [25.809341709093612, 62.718903835895304], [25.809341709093612, 62.71898716922863], [25.808925042426942, 62.71898716922863], [25.808925042426942, 62.71907050256197], [25.808508375760276, 62.71907050256197], [25.808508375760276, 62.719237169228634], [25.80846868516193, 62.719237169228634], [25.8084315, 62.719225800000004], [25.8084241467761, 62.719237169228634], [25.80809170909361, 62.719237169228634], [25.80809170909361, 62.719487169228636], [25.80825837576028, 62.719487169228636], [25.80825837576028, 62.719493477020336], [25.80820855830371, 62.719570502561965], [25.80809170909361, 62.719570502561965], [25.80809170909361, 62.71973716922864], [25.807925042426945, 62.71973716922864], [25.807925042426945, 62.7199038358953], [25.807675042426943, 62.7199038358953], [25.807675042426943, 62.71998716922864], [25.80750837576028, 62.71998716922864], [25.80750837576028, 62.72004557973259], [25.8074338, 62.7200694], [25.807379847999986, 62.720403835895304], [25.807091709093612, 62.720403835895304], [25.807091709093612, 62.72057050256197], [25.806925042426943, 62.72057050256197], [25.806925042426943, 62.720737169228634], [25.806675042426946, 62.720737169228634], [25.806675042426946, 62.7209038358953], [25.80587910455791, 62.7209038358953], [25.805675042426945, 62.720865388738204], [25.805675042426945, 62.72082050256197], [25.80543680455797, 62.72082050256197], [25.8053593, 62.72080589999999], [25.805450190856334, 62.720737169228634], [25.805508375760276, 62.720737169228634], [25.805508375760276, 62.72069317037671], [25.805560392413497, 62.7206538358953], [25.805758375760277, 62.7206538358953], [25.805758375760277, 62.72057050256197], [25.805675042426945, 62.72057050256197], [25.805675042426945, 62.72056713868309], [25.8059651, 62.7203478], [25.8055557, 62.719948299999984], [25.807204200000005, 62.71944349999999], [25.8063568, 62.71907739999998], [25.80634664629563, 62.71907050256197], [25.80534170909361, 62.71907050256197], [25.80534170909361, 62.71898716922863], [25.80509170909361, 62.71898716922863], [25.80509170909361, 62.718903835895304], [25.805008375760277, 62.718903835895304], [25.805008375760277, 62.71898716922863], [25.804841709093612, 62.71898716922863], [25.804841709093612, 62.719252285162796], [25.804904, 62.719266399999995], [25.804822700000003, 62.719276400000005], [25.803322, 62.71961279999999], [25.8042309, 62.72119780000001], [25.8045212, 62.721308599999986], [25.807008375760276, 62.72225774540712], [25.807008375760276, 62.72232050256197], [25.80717282693199, 62.72232050256197], [25.80734170909361, 62.72238495065229], [25.80734170909361, 62.7224038358953], [25.807391196683476, 62.7224038358953], [25.8085986, 62.72286460000001], [25.810231, 62.72305870000001], [25.810425042426942, 62.723052317025434], [25.810425042426942, 62.72307050256197], [25.81050837576028, 62.72307050256197], [25.81050837576028, 62.7231538358953], [25.80984170909361, 62.7231538358953], [25.80984170909361, 62.72307050256197], [25.80975837576028, 62.72307050256197], [25.80975837576028, 62.7231538358953], [25.808591709093612, 62.7231538358953], [25.808591709093612, 62.72307050256197], [25.808508375760276, 62.72307050256197], [25.808508375760276, 62.72298716922864], [25.808008375760277, 62.72298716922864], [25.808008375760277, 62.72307050256197], [25.807925042426945, 62.72307050256197], [25.807925042426945, 62.72298716922864], [25.807675042426943, 62.72298716922864], [25.807675042426943, 62.7229038358953], [25.80750837576028, 62.7229038358953], [25.80750837576028, 62.722820502561966], [25.80711927873132, 62.722820502561966], [25.807091709093612, 62.722811696998114], [25.807091709093612, 62.72273716922864], [25.806925042426943, 62.72273716922864], [25.806925042426943, 62.7226538358953], [25.806597456427248, 62.7226538358953], [25.806508375760277, 62.722625384106806], [25.806508375760277, 62.722570502561965], [25.806341709093612, 62.722570502561965], [25.806341709093612, 62.722487169228636], [25.80607563412318, 62.722487169228636], [25.805993700000002, 62.722460999999974], [25.80590109004102, 62.722487169228636], [25.80584170909361, 62.722487169228636], [25.80584170909361, 62.72250394878029], [25.80560618274049, 62.722570502561965], [25.805425042426943, 62.722570502561965], [25.805425042426943, 62.72262168822641], [25.805311275439937, 62.7226538358953], [25.80525837576028, 62.7226538358953], [25.80525837576028, 62.72266878400486], [25.804721460838852, 62.722820502561966], [25.804675042426943, 62.722820502561966], [25.804675042426943, 62.72283361922943], [25.8044603, 62.7228943], [25.804008375760276, 62.72289822509132], [25.804008375760276, 62.722820502561966], [25.803675042426946, 62.722820502561966], [25.803675042426946, 62.722901120186684], [25.80359170909361, 62.72290184396053], [25.80359170909361, 62.722820502561966], [25.803508375760277, 62.722820502561966], [25.803508375760277, 62.72290256773437], [25.803362363191745, 62.7229038358953], [25.80309170909361, 62.7229038358953], [25.80309170909361, 62.72293558688699], [25.802769488934345, 62.72298716922864], [25.802675042426944, 62.72298716922864]], [[25.798758375760276, 62.724070502561965], [25.79859170909361, 62.724070502561965], [25.79859170909361, 62.723987169228636], [25.798758375760276, 62.723987169228636], [25.798758375760276, 62.724070502561965]]]}}, {"type": "Feature", "properties": {"klasse": "Acker"}, "geometry": {"type": "Polygon", "coordinates": [[[25.79509170909361, 62.7261538358953], [25.794925042426943, 62.7261538358953], [25.794925042426943, 62.72623716922863], [25.79509170909361, 62.72623716922863], [25.79509170909361, 62.7261538358953]]]}}, {"type": "Feature", "properties": {"klasse": "Acker"}, "geometry": {"type": "Polygon", "coordinates": [[[25.794758375760278, 62.7266538358953], [25.794758375760278, 62.72658023245968], [25.794660313546462, 62.7266538358953], [25.794758375760278, 62.7266538358953]]]}}, {"type": "Feature", "properties": {"klasse": "Acker"}, "geometry": {"type": "Polygon", "coordinates": [[[25.794508375760277, 62.72682050256197], [25.794508375760277, 62.726767877202626], [25.794438262739096, 62.72682050256197], [25.794508375760277, 62.72682050256197]]]}}, {"type": "Feature", "properties": {"klasse": "Acker"}, "geometry": {"type": "Polygon", "coordinates": [[[25.79434170909361, 62.727070502561965], [25.79434170909361, 62.72692094349966], [25.794198214478236, 62.727070502561965], [25.79434170909361, 62.727070502561965]]]}}, {"type": "Feature", "properties": {"klasse": "Acker"}, "geometry": {"type": "Polygon", "coordinates": [[[25.79409170909361, 62.72723716922864], [25.79409170909361, 62.727181509134674], [25.794038305952057, 62.72723716922864], [25.79409170909361, 62.72723716922864]]]}}, {"type": "Feature", "properties": {"klasse": "Acker"}, "geometry": {"type": "Polygon", "coordinates": [[[25.793631148708872, 62.72798716922863], [25.7936385, 62.72814689999999], [25.79384170909361, 62.728327536031735], [25.79384170909361, 62.72807050256197], [25.793675042426944, 62.72807050256197], [25.793675042426944, 62.72798716922863], [25.793631148708872, 62.72798716922863]]]}}, {"type": "Feature", "properties": {"klasse": "Acker"}, "geometry": {"type": "Polygon", "coordinates": [[[25.801841709093612, 62.738403835895305], [25.801675042426943, 62.738403835895305], [25.801675042426943, 62.738487169228634], [25.801841709093612, 62.738487169228634], [25.801841709093612, 62.738403835895305]]]}}, {"type": "Feature", "properties": {"klasse": "Acker"}, "geometry": {"type": "Polygon", "coordinates": [[[25.79584170909361, 62.73982050256197], [25.795675042426943, 62.73982050256197], [25.795675042426943, 62.73973716922863], [25.795508375760278, 62.73973716922863], [25.795508375760278, 62.739653835895304], [25.79534170909361, 62.739653835895304], [25.79534170909361, 62.73957050256197], [25.79509170909361, 62.73957050256197], [25.79509170909361, 62.73948716922863], [25.79459170909361, 62.73948716922863], [25.79459170909361, 62.73957050256197], [25.794425042426944, 62.73957050256197], [25.794425042426944, 62.73982050256197], [25.794675042426945, 62.73982050256197], [25.794675042426945, 62.739900294770834], [25.794698209687738, 62.739903835895305], [25.795258375760277, 62.739903835895305], [25.795258375760277, 62.739987169228634], [25.79584170909361, 62.739987169228634], [25.79584170909361, 62.74007050256197], [25.796258375760278, 62.74007050256197], [25.796258375760278, 62.739987169228634], [25.79609170909361, 62.739987169228634], [25.79609170909361, 62.739903835895305], [25.79584170909361, 62.739903835895305], [25.79584170909361, 62.73982050256197]]]}}, {"type": "Feature", "properties": {"klasse": "Acker"}, "geometry": {"type": "Polygon", "coordinates": [[[25.796425042426943, 62.74007050256197], [25.796258375760278, 62.74007050256197], [25.796258375760278, 62.7401538358953], [25.796425042426943, 62.7401538358953], [25.796425042426943, 62.74007050256197]]]}}, {"type": "Feature", "properties": {"klasse": "Acker"}, "geometry": {"type": "Polygon", "coordinates": [[[25.799675042426944, 62.7404038358953], [25.799675042426944, 62.74045546418709], [25.80022525380145, 62.7404038358953], [25.799675042426944, 62.7404038358953]]]}}, {"type": "Feature", "properties": {"klasse": "Acker"}, "geometry": {"type": "Polygon", "coordinates": [[[25.797258375760276, 62.7404038358953], [25.797258375760276, 62.74040737485365], [25.79759170909361, 62.74048064497355], [25.79759170909361, 62.7404038358953], [25.797258375760276, 62.7404038358953]]]}}, {"type": "Feature", "properties": {"klasse": "Acker"}, "geometry": {"type": "Polygon", "coordinates": [[[25.797675042426945, 62.740487169228636], [25.797621390383856, 62.740487169228636], [25.797675042426945, 62.74049896250352], [25.797675042426945, 62.740487169228636]]]}}, {"type": "Feature", "properties": {"klasse": "Acker"}, "geometry": {"type": "Polygon", "coordinates": [[[25.79809170909361, 62.7404038358953], [25.79809170909361, 62.740570502561965], [25.798000505060006, 62.740570502561965], [25.7981347, 62.74059999999999], [25.799337156475666, 62.740487169228636], [25.79834170909361, 62.740487169228636], [25.79834170909361, 62.7404038358953], [25.79809170909361, 62.7404038358953]]]}}, {"type": "Feature", "properties": {"klasse": "Acker"}, "geometry": {"type": "Polygon", "coordinates": [[[25.801508375760278, 62.7406538358953], [25.801471126960518, 62.7406538358953], [25.801508375760278, 62.74066543331224], [25.801508375760278, 62.7406538358953]]]}}, {"type": "Feature", "properties": {"klasse": "Acker"}, "geometry": {"type": "Polygon", "coordinates": [[[25.801925042426944, 62.74073716922864], [25.801738778512885, 62.74073716922864], [25.801925042426944, 62.74079516251394], [25.801925042426944, 62.74073716922864]]]}}, {"type": "Feature", "properties": {"klasse": "Acker"}, "geometry": {"type": "Polygon", "coordinates": [[[25.80209170909361, 62.74082050256197], [25.80200643006523, 62.74082050256197], [25.80209170909361, 62.740847054194624], [25.80209170909361, 62.74082050256197]]]}}, {"type": "Feature", "properties": {"klasse": "Acker"}, "geometry": {"type": "Polygon", "coordinates": [[[25.802591709093612, 62.74098716922863], [25.802591709093612, 62.74102700985967], [25.80284170909361, 62.74119968008975], [25.80284170909361, 62.74107050256197], [25.802675042426944, 62.74107050256197], [25.802675042426944, 62.74098716922863], [25.802591709093612, 62.74098716922863]]]}}, {"type": "Feature", "properties": {"klasse": "Acker"}, "geometry": {"type": "Polygon", "coordinates": [[[25.791425042426944, 62.753404572707936], [25.7943686, 62.7541994], [25.7978894, 62.75121059999999], [25.7994462, 62.75024249999999], [25.8012465, 62.7476763], [25.8033557, 62.7476163], [25.8042754, 62.7481245], [25.8057968, 62.74785609999999], [25.8065924, 62.745760700000005], [25.80609170909361, 62.74542363491467], [25.80609170909361, 62.7454038358953], [25.806062298782713, 62.7454038358953], [25.80600837576028, 62.745367534920135], [25.80600837576028, 62.74532050256197], [25.805938511882154, 62.74532050256197], [25.805373, 62.7449398], [25.8056633, 62.74359630000001], [25.8046469, 62.74229509999999], [25.804008375760276, 62.74191132005107], [25.804008375760276, 62.7419038358953], [25.803995923794286, 62.7419038358953], [25.803675042426946, 62.741710972684935], [25.803675042426946, 62.74157050256197], [25.80359170909361, 62.74157050256197], [25.80359170909361, 62.741487169228634], [25.803425042426944, 62.741487169228634], [25.803425042426944, 62.7414038358953], [25.803258375760276, 62.7414038358953], [25.803258375760276, 62.74132050256197], [25.80309170909361, 62.74132050256197], [25.80309170909361, 62.74123716922863], [25.802895987614672, 62.74123716922863], [25.802958, 62.74128], [25.8012902, 62.7416776], [25.8007609, 62.74229090000001], [25.7991877, 62.742685800000004], [25.7981991, 62.74331699999999], [25.7977479, 62.7442158], [25.7992046, 62.74448059999998], [25.7995208, 62.74652679999999], [25.796871700000004, 62.746611900000005], [25.7966474, 62.745667100000006], [25.7927894, 62.74531679999999], [25.7933524, 62.7440484], [25.7953021, 62.742551799999994], [25.7934518, 62.741075999999985], [25.791425042426944, 62.74101437502704], [25.791425042426944, 62.750127376918414], [25.791425042426944, 62.753404572707936]]]}}, {"type": "Feature", "properties": {"klasse": "Acker"}, "geometry": {"type": "Polygon", "coordinates": [[[25.796758375760277, 62.76057050256197], [25.796675042426944, 62.76057050256197], [25.796675042426944, 62.760653835895305], [25.796758375760277, 62.760653835895305], [25.796758375760277, 62.76057050256197]]]}}, {"type": "Feature", "properties": {"klasse": "Acker"}, "geometry": {"type": "Polygon", "coordinates": [[[25.796258375760278, 62.76082050256197], [25.79650837576028, 62.76082050256197], [25.79650837576028, 62.76073716922863], [25.796675042426944, 62.76073716922863], [25.796675042426944, 62.760653835895305], [25.79659170909361, 62.760653835895305], [25.79659170909361, 62.76057050256197], [25.79650837576028, 62.76057050256197], [25.79650837576028, 62.760653835895305], [25.796258375760278, 62.760653835895305], [25.796258375760278, 62.76082050256197]]]}}, {"type": "Feature", "properties": {"klasse": "Acker"}, "geometry": {"type": "Polygon", "coordinates": [[[25.80984170909361, 62.71673716922864], [25.80975837576028, 62.71673716922864], [25.80975837576028, 62.71723716922863], [25.809925042426944, 62.71723716922863], [25.809925042426944, 62.71732050256197], [25.810008375760276, 62.71732050256197], [25.810008375760276, 62.717403835895304], [25.810091709093612, 62.717403835895304], [25.810091709093612, 62.71748716922863], [25.810175042426945, 62.71748716922863], [25.810175042426945, 62.7176538358953], [25.810258375760277, 62.7176538358953], [25.810258375760277, 62.717737169228634], [25.810425042426942, 62.717737169228634], [25.810425042426942, 62.71782050256197], [25.81050837576028, 62.71782050256197], [25.81050837576028, 62.717987169228635], [25.810758375760276, 62.717987169228635], [25.810758375760276, 62.71782050256197], [25.81109170909361, 62.71782050256197], [25.81109170909361, 62.7176538358953], [25.81134170909361, 62.7176538358953], [25.81134170909361, 62.71748716922863], [25.811508375760276, 62.71748716922863], [25.811508375760276, 62.717403835895304], [25.811758375760277, 62.717403835895304], [25.811758375760277, 62.71723716922863], [25.811925042426942, 62.71723716922863], [25.811925042426942, 62.7171538358953], [25.81184170909361, 62.7171538358953], [25.81184170909361, 62.71707050256197], [25.811508375760276, 62.71707050256197], [25.811508375760276, 62.71698716922864], [25.811591709093612, 62.71698716922864], [25.811591709093612, 62.716820502561966], [25.811508375760276, 62.716820502561966], [25.811508375760276, 62.71673716922864], [25.81134170909361, 62.71673716922864], [25.81134170909361, 62.7166538358953], [25.811508375760276, 62.7166538358953], [25.811508375760276, 62.7165843260359], [25.811498088146667, 62.71657050256197], [25.81134170909361, 62.71657050256197], [25.81134170909361, 62.7164038358953], [25.81125837576028, 62.7164038358953], [25.81125837576028, 62.71632050256197], [25.81109170909361, 62.71632050256197], [25.81109170909361, 62.71620776306072], [25.809718903725695, 62.71607050256197], [25.809425042426945, 62.71607050256197], [25.809425042426945, 62.7161538358953], [25.809508375760277, 62.7161538358953], [25.809508375760277, 62.716237169228634], [25.80959170909361, 62.716237169228634], [25.80959170909361, 62.71632050256197], [25.80975837576028, 62.71632050256197], [25.80975837576028, 62.7164038358953], [25.80984170909361, 62.7164038358953], [25.80984170909361, 62.71673716922864]]]}}, {"type": "Feature", "properties": {"klasse": "Acker"}, "geometry": {"type": "Polygon", "coordinates": [[[25.8051546, 62.71738470000001], [25.805397, 62.7175699], [25.8058208, 62.7175412], [25.8061699, 62.71765800000001], [25.807, 62.7173552], [25.8066566, 62.7169814], [25.8054819, 62.71651190000001], [25.8048013, 62.7168296], [25.8051546, 62.71738470000001]]]}}, {"type": "Feature", "properties": {"klasse": "Acker"}, "geometry": {"type": "Polygon", "coordinates": [[[25.803758375760278, 62.71882050256197], [25.803626189237136, 62.71882050256197], [25.803732600979117, 62.71898716922863], [25.80384170909361, 62.71898716922863], [25.80384170909361, 62.718903835895304], [25.803758375760278, 62.718903835895304], [25.803758375760278, 62.71882050256197]]]}}, {"type": "Feature", "properties": {"klasse": "Acker"}, "geometry": {"type": "Polygon", "coordinates": [[[25.810841709093612, 62.7191538358953], [25.810758375760276, 62.7191538358953], [25.810758375760276, 62.71907050256197], [25.81059170909361, 62.71907050256197], [25.81059170909361, 62.7191538358953], [25.810675042426944, 62.7191538358953], [25.810675042426944, 62.719237169228634], [25.810841709093612, 62.719237169228634], [25.810841709093612, 62.7191538358953]]]}}, {"type": "Feature", "properties": {"klasse": "Acker"}, "geometry": {"type": "Polygon", "coordinates": [[[25.805758375760277, 62.73832050256197], [25.805758375760277, 62.73823716922863], [25.805175042426946, 62.73823716922863], [25.805175042426946, 62.73832050256197], [25.805758375760277, 62.73832050256197]]]}}, {"type": "Feature", "properties": {"klasse": "Acker"}, "geometry": {"type": "Polygon", "coordinates": [[[25.804925042426945, 62.738403835895305], [25.804841709093612, 62.738403835895305], [25.804841709093612, 62.738487169228634], [25.804925042426945, 62.738487169228634], [25.804925042426945, 62.738403835895305]]]}}, {"type": "Feature", "properties": {"klasse": "Acker"}, "geometry": {"type": "Polygon", "coordinates": [[[25.803758375760278, 62.7386538358953], [25.803425042426944, 62.7386538358953], [25.803425042426944, 62.73882050256197], [25.803508375760277, 62.73882050256197], [25.803508375760277, 62.7389038358953], [25.804425042426946, 62.7389038358953], [25.804425042426946, 62.738737169228635], [25.804841709093612, 62.738737169228635], [25.804841709093612, 62.738487169228634], [25.804425042426946, 62.738487169228634], [25.804425042426946, 62.73857050256197], [25.80384170909361, 62.73857050256197], [25.80384170909361, 62.738737169228635], [25.803758375760278, 62.738737169228635], [25.803758375760278, 62.7386538358953]]]}}, {"type": "Feature", "properties": {"klasse": "Acker"}, "geometry": {"type": "Polygon", "coordinates": [[[25.810925042426945, 62.73932050256197], [25.810841709093612, 62.73932050256197], [25.810841709093612, 62.7394038358953], [25.810925042426945, 62.7394038358953], [25.810925042426945, 62.73932050256197]]]}}, {"type": "Feature", "properties": {"klasse": "Acker"}, "geometry": {"type": "Polygon", "coordinates": [[[25.82709170909361, 62.7126538358953], [25.82700837576028, 62.7126538358953], [25.82700837576028, 62.71257050256197], [25.82734170909361, 62.71257050256197], [25.82734170909361, 62.71250610397874], [25.8279641, 62.712495900000015], [25.82797005083122, 62.71248716922864], [25.82834170909361, 62.71248716922864], [25.82834170909361, 62.712237169228636], [25.82859170909361, 62.712237169228636], [25.82859170909361, 62.7121538358953], [25.828508375760276, 62.7121538358953], [25.828508375760276, 62.71207050256197], [25.82825404784597, 62.71207050256197], [25.8283903, 62.71187059999998], [25.8274207, 62.711979899999996], [25.8267118, 62.712191499999996], [25.826758375760278, 62.71248923577722], [25.826758375760278, 62.7126538358953], [25.826925042426943, 62.7126538358953], [25.826925042426943, 62.71273716922863], [25.82709170909361, 62.71273716922863], [25.82709170909361, 62.7126538358953]]]}}, {"type": "Feature", "properties": {"klasse": "Acker"}, "geometry": {"type": "Polygon", "coordinates": [[[25.822425042426943, 62.71273716922863], [25.822258375760278, 62.71273716922863], [25.822258375760278, 62.712903835895304], [25.82250837576028, 62.712903835895304], [25.82250837576028, 62.71282050256197], [25.822425042426943, 62.71282050256197], [25.822425042426943, 62.71273716922863]]]}}, {"type": "Feature", "properties": {"klasse": "Acker"}, "geometry": {"type": "Polygon", "coordinates": [[[25.825961669226217, 62.71282050256197], [25.8259042, 62.712673], [25.8254414, 62.7125706], [25.823930700000002, 62.712622700000004], [25.823782488963545, 62.71282050256197], [25.823425042426944, 62.71282050256197], [25.823425042426944, 62.712903835895304], [25.82325837576028, 62.712903835895304], [25.82325837576028, 62.71297012051772], [25.823175042426943, 62.71297615027816], [25.823175042426943, 62.712903835895304], [25.82284170909361, 62.712903835895304], [25.82284170909361, 62.71298716922863], [25.822675042426944, 62.71298716922863], [25.822675042426944, 62.71301232884082], [25.8224709, 62.71302709999999], [25.822437806443236, 62.71307050256197], [25.822425042426943, 62.71307050256197], [25.822425042426943, 62.71308724270907], [25.822310726553432, 62.713237169228634], [25.822258375760278, 62.713237169228634], [25.822258375760278, 62.713305827866954], [25.822183646663625, 62.7134038358953], [25.82209170909361, 62.7134038358953], [25.82209170909361, 62.71352441302485], [25.8215483, 62.71423709999999], [25.82184170909361, 62.71417520730994], [25.82184170909361, 62.71423716922863], [25.822175042426945, 62.71423716922863], [25.822175042426945, 62.71432050256197], [25.82250837576028, 62.71432050256197], [25.82250837576028, 62.714403835895304], [25.823008375760278, 62.714403835895304], [25.823008375760278, 62.71432050256197], [25.822925042426945, 62.71432050256197], [25.822925042426945, 62.71423716922863], [25.822758375760277, 62.71423716922863], [25.822758375760277, 62.7141538358953], [25.82284170909361, 62.7141538358953], [25.82284170909361, 62.71407050256197], [25.823008375760278, 62.71407050256197], [25.823008375760278, 62.7136538358953], [25.82325837576028, 62.7136538358953], [25.82325837576028, 62.713487169228635], [25.823425042426944, 62.713487169228635], [25.823425042426944, 62.71332050256197], [25.82384170909361, 62.71332050256197], [25.82384170909361, 62.713237169228634], [25.824425042426945, 62.713237169228634], [25.824425042426945, 62.7131538358953], [25.82484170909361, 62.7131538358953], [25.82484170909361, 62.71298716922863], [25.825008375760277, 62.71298716922863], [25.825008375760277, 62.712903835895304], [25.824925042426944, 62.712903835895304], [25.824925042426944, 62.71285709537134], [25.8260115, 62.71294839999999], [25.82599413715166, 62.712903835895304], [25.826008375760278, 62.712903835895304], [25.826008375760278, 62.71282050256197], [25.825961669226217, 62.71282050256197]]]}}, {"type": "Feature", "properties": {"klasse": "Acker"}, "geometry": {"type": "Polygon", "coordinates": [[[25.825675042426944, 62.7141538358953], [25.82550837576028, 62.7141538358953], [25.82550837576028, 62.71407050256197], [25.825258375760278, 62.71407050256197], [25.825258375760278, 62.71398716922864], [25.825175042426945, 62.71398716922864], [25.825175042426945, 62.71407050256197], [25.82475837576028, 62.71407050256197], [25.82475837576028, 62.7141538358953], [25.82459170909361, 62.7141538358953], [25.82459170909361, 62.71423716922863], [25.82484170909361, 62.71423716922863], [25.82484170909361, 62.71432050256197], [25.824925042426944, 62.71432050256197], [25.824925042426944, 62.7146078410225], [25.824724, 62.7146011], [25.823675042426945, 62.714719252725054], [25.823675042426945, 62.7146538358953], [25.823175042426943, 62.7146538358953], [25.823175042426943, 62.714737169228634], [25.822425042426943, 62.714737169228634], [25.822425042426943, 62.71482050256197], [25.821925042426944, 62.71482050256197], [25.821925042426944, 62.714737169228634], [25.82184170909361, 62.714737169228634], [25.82184170909361, 62.71457050256197], [25.82175837576028, 62.71457050256197], [25.82175837576028, 62.71448716922863], [25.82159170909361, 62.71448716922863], [25.82159170909361, 62.71457050256197], [25.821508375760278, 62.71457050256197], [25.821508375760278, 62.71448716922863], [25.821425042426945, 62.71448716922863], [25.821425042426945, 62.71457050256197], [25.82140574803511, 62.71457050256197], [25.82134170909361, 62.714497116321546], [25.82134170909361, 62.71448716922863], [25.821333028974593, 62.71448716922863], [25.8213122, 62.714463299999984], [25.821175042426944, 62.71448358909378], [25.821175042426944, 62.714403835895304], [25.82100837576028, 62.714403835895304], [25.82100837576028, 62.71448716922863], [25.81984170909361, 62.71448716922863], [25.81984170909361, 62.71457050256197], [25.81959170909361, 62.71457050256197], [25.81959170909361, 62.71448716922863], [25.81950837576028, 62.71448716922863], [25.81950837576028, 62.71457050256197], [25.819177134883947, 62.71457050256197], [25.81909170909361, 62.71459386862389], [25.81909170909361, 62.7146538358953], [25.818872470114837, 62.7146538358953], [25.81884170909361, 62.71466224979377], [25.81884170909361, 62.714737169228634], [25.818675042426943, 62.714737169228634], [25.818675042426943, 62.71482050256197], [25.818263140576565, 62.71482050256197], [25.818258375760276, 62.71482180585682], [25.818258375760276, 62.714987169228635], [25.81809170909361, 62.714987169228635], [25.81809170909361, 62.71507569710831], [25.8180221, 62.715094799999974], [25.818043, 62.7151181], [25.818283, 62.7153854], [25.8201119, 62.715097699999994], [25.8203038, 62.71546169999999], [25.819552000000005, 62.71599440000001], [25.8201213, 62.7160274], [25.8211835, 62.715506], [25.822192, 62.7153191], [25.8237477, 62.7150584], [25.8241232, 62.71480269999999], [25.8246382, 62.7147978], [25.8249171, 62.71486659999999], [25.8245094, 62.71505349999999], [25.8247884, 62.7153683], [25.8257754, 62.7151913], [25.825610911253136, 62.7146538358953], [25.825758375760277, 62.7146538358953], [25.825758375760277, 62.71457050256197], [25.825925042426945, 62.71457050256197], [25.825925042426945, 62.71448716922863], [25.82584170909361, 62.71448716922863], [25.82584170909361, 62.714403835895304], [25.825758375760277, 62.714403835895304], [25.825758375760277, 62.71423716922863], [25.825675042426944, 62.71423716922863], [25.825675042426944, 62.7141538358953]]]}}, {"type": "Feature", "properties": {"klasse": "Acker"}, "geometry": {"type": "Polygon", "coordinates": [[[25.8128117, 62.7145746], [25.8122219, 62.71526399999999], [25.8151344, 62.7156842], [25.814939900000002, 62.7146089], [25.8155651, 62.71460630000001], [25.8157794, 62.714346899999995], [25.8155915, 62.713947799999985], [25.814767500000002, 62.71391190000001], [25.8138853, 62.7140284], [25.8117659, 62.71373049999998], [25.8112187, 62.7142789], [25.812504900000004, 62.71439039999999], [25.8128117, 62.7145746]]]}}, {"type": "Feature", "properties": {"klasse": "Acker"}, "geometry": {"type": "Polygon", "coordinates": [[[25.81734170909361, 62.71657050256197], [25.81725837576028, 62.71657050256197], [25.81725837576028, 62.7166538358953], [25.81734170909361, 62.7166538358953], [25.81734170909361, 62.71657050256197]]]}}, {"type": "Feature", "properties": {"klasse": "Acker"}, "geometry": {"type": "Polygon", "coordinates": [[[25.817175042426943, 62.716820502561966], [25.817008375760278, 62.716820502561966], [25.817008375760278, 62.71698716922864], [25.81725837576028, 62.71698716922864], [25.81725837576028, 62.7169038358953], [25.817175042426943, 62.7169038358953], [25.817175042426943, 62.716820502561966]]]}}, {"type": "Feature", "properties": {"klasse": "Acker"}, "geometry": {"type": "Polygon", "coordinates": [[[25.814508375760276, 62.7171538358953], [25.814508375760276, 62.71715982039949], [25.814114100000005, 62.7170909], [25.8138995, 62.71721389999997], [25.814175042426942, 62.71733483918895], [25.814175042426942, 62.71748716922863], [25.81409170909361, 62.71748716922863], [25.81409170909361, 62.71757050256197], [25.81369752410545, 62.71757050256197], [25.8136849, 62.71756800000001], [25.813682985070784, 62.71757050256197], [25.813675042426944, 62.71757050256197], [25.813675042426944, 62.71758088255837], [25.813619219443034, 62.7176538358953], [25.81350837576028, 62.7176538358953], [25.81350837576028, 62.717798694087534], [25.813427922559775, 62.7179038358953], [25.813425042426942, 62.7179038358953], [25.813425042426942, 62.71790759985212], [25.8133952, 62.7179466], [25.813425042426942, 62.717961108198665], [25.813425042426942, 62.71807050256197], [25.81359170909361, 62.71807050256197], [25.81359170909361, 62.7181538358953], [25.813758375760276, 62.7181538358953], [25.813758375760276, 62.71823716922864], [25.813925042426945, 62.71823716922864], [25.813925042426945, 62.718320502561966], [25.814164293403422, 62.718320502561966], [25.8148114, 62.7186351], [25.81505797014466, 62.71857050256197], [25.81509170909361, 62.71857050256197], [25.81509170909361, 62.7186538358953], [25.815341709093612, 62.7186538358953], [25.815341709093612, 62.71873716922863], [25.815708062771574, 62.71873716922863], [25.815925042426944, 62.718802951039606], [25.815925042426944, 62.718903835895304], [25.816008375760276, 62.718903835895304], [25.816008375760276, 62.71898716922863], [25.815925042426944, 62.71898716922863], [25.815925042426944, 62.71907050256197], [25.816175042426945, 62.71907050256197], [25.816175042426945, 62.71898716922863], [25.816258375760277, 62.71898716922863], [25.816258375760277, 62.71890400784278], [25.8164744, 62.7189695], [25.81763581847018, 62.718320502561966], [25.817758375760278, 62.718320502561966], [25.817758375760278, 62.718252017886265], [25.817784948292328, 62.71823716922864], [25.818175042426944, 62.71823716922864], [25.818175042426944, 62.7181538358953], [25.81834170909361, 62.7181538358953], [25.81834170909361, 62.71807050256197], [25.818508375760278, 62.71807050256197], [25.818508375760278, 62.717987169228635], [25.81875837576028, 62.717987169228635], [25.81875837576028, 62.71790727222646], [25.817948336384887, 62.7176538358953], [25.817925042426943, 62.7176538358953], [25.817925042426943, 62.717646547934464], [25.817681984354895, 62.71757050256197], [25.817675042426945, 62.71757050256197], [25.817675042426945, 62.71756833064687], [25.8170015, 62.7173576], [25.81709170909361, 62.717311129689925], [25.81709170909361, 62.71723716922863], [25.81575837576028, 62.71723716922863], [25.81575837576028, 62.7171538358953], [25.81557249582378, 62.7171538358953], [25.8155113, 62.7171828], [25.81529370367419, 62.7171538358953], [25.815258375760276, 62.7171538358953], [25.815258375760276, 62.71723716922863], [25.814950868384273, 62.71723716922863], [25.814591709093612, 62.71717438727679], [25.814591709093612, 62.7171538358953], [25.814508375760276, 62.7171538358953]], [[25.816091709093612, 62.718853479441194], [25.816257808595843, 62.718903835895304], [25.816091709093612, 62.718903835895304], [25.816091709093612, 62.718853479441194]]]}}, {"type": "Feature", "properties": {"klasse": "Acker"}, "geometry": {"type": "Polygon", "coordinates": [[[25.812258375760276, 62.7176538358953], [25.81209170909361, 62.7176538358953], [25.81209170909361, 62.717737169228634], [25.811925042426942, 62.717737169228634], [25.811925042426942, 62.7181538358953], [25.812258375760276, 62.7181538358953], [25.812258375760276, 62.71807050256197], [25.812675042426942, 62.71807050256197], [25.812675042426942, 62.7179038358953], [25.81284170909361, 62.7179038358953], [25.81284170909361, 62.71782050256197], [25.812425042426945, 62.71782050256197], [25.812425042426945, 62.717737169228634], [25.812258375760276, 62.717737169228634], [25.812258375760276, 62.7176538358953]]]}}, {"type": "Feature", "properties": {"klasse": "Acker"}, "geometry": {"type": "Polygon", "coordinates": [[[25.814508375760276, 62.7191538358953], [25.814425042426944, 62.7191538358953], [25.814425042426944, 62.719237169228634], [25.814508375760276, 62.719237169228634], [25.814508375760276, 62.7191538358953]]]}}, {"type": "Feature", "properties": {"klasse": "Acker"}, "geometry": {"type": "Polygon", "coordinates": [[[25.813091709093612, 62.721903835895304], [25.812925042426944, 62.721903835895304], [25.812925042426944, 62.72198716922863], [25.813091709093612, 62.72198716922863], [25.813091709093612, 62.721903835895304]]]}}, {"type": "Feature", "properties": {"klasse": "Acker"}, "geometry": {"type": "Polygon", "coordinates": [[[25.81284170909361, 62.72207050256197], [25.812675042426942, 62.72207050256197], [25.812675042426942, 62.7221538358953], [25.81284170909361, 62.7221538358953], [25.81284170909361, 62.72207050256197]]]}}, {"type": "Feature", "properties": {"klasse": "Acker"}, "geometry": {"type": "Polygon", "coordinates": [[[25.829258375760276, 62.722820502561966], [25.828925042426945, 62.722820502561966], [25.828925042426945, 62.7229038358953], [25.829258375760276, 62.7229038358953], [25.829258375760276, 62.722820502561966]]]}}, {"type": "Feature", "properties": {"klasse": "Acker"}, "geometry": {"type": "Polygon", "coordinates": [[[25.827508375760278, 62.726403835895304], [25.827425042426945, 62.726403835895304], [25.827425042426945, 62.72648716922863], [25.827508375760278, 62.72648716922863], [25.827508375760278, 62.726403835895304]]]}}, {"type": "Feature", "properties": {"klasse": "Acker"}, "geometry": {"type": "Polygon", "coordinates": [[[25.821508375760278, 62.72923716922863], [25.821258375760276, 62.72923716922863], [25.821258375760276, 62.72932050256197], [25.821508375760278, 62.72932050256197], [25.821508375760278, 62.72923716922863]]]}}, {"type": "Feature", "properties": {"klasse": "Acker"}, "geometry": {"type": "Polygon", "coordinates": [[[25.823175042426943, 62.72948716922863], [25.823175042426943, 62.72951534030274], [25.82384170909361, 62.72955909655761], [25.82384170909361, 62.72948716922863], [25.823175042426943, 62.72948716922863]]]}}, {"type": "Feature", "properties": {"klasse": "Acker"}, "geometry": {"type": "Polygon", "coordinates": [[[25.820175042426943, 62.7301538358953], [25.820175042426943, 62.73057050256197], [25.820272127898168, 62.73057050256197], [25.8207354, 62.730223599999995], [25.820569188603073, 62.729987169228636], [25.820425042426944, 62.729987169228636], [25.820425042426944, 62.7301538358953], [25.820175042426943, 62.7301538358953]]]}}, {"type": "Feature", "properties": {"klasse": "Acker"}, "geometry": {"type": "Polygon", "coordinates": [[[25.819758375760276, 62.730903835895305], [25.819758375760276, 62.7309552050557], [25.819826976864782, 62.730903835895305], [25.819758375760276, 62.730903835895305]]]}}, {"type": "Feature", "properties": {"klasse": "Acker"}, "geometry": {"type": "Polygon", "coordinates": [[[25.81959170909361, 62.731237169228635], [25.81964621941086, 62.731237169228635], [25.819698505759828, 62.73107050256197], [25.81959170909361, 62.73107050256197], [25.81959170909361, 62.731237169228635]]]}}, {"type": "Feature", "properties": {"klasse": "Acker"}, "geometry": {"type": "Polygon", "coordinates": [[[25.81959170909361, 62.7314038358953], [25.81959170909361, 62.73141092496133], [25.819593933061896, 62.7314038358953], [25.81959170909361, 62.7314038358953]]]}}, {"type": "Feature", "properties": {"klasse": "Acker"}, "geometry": {"type": "Polygon", "coordinates": [[[25.819758375760276, 62.73673716922863], [25.8200673322724, 62.73673716922863], [25.820171303755945, 62.7364038358953], [25.82009170909361, 62.7364038358953], [25.82009170909361, 62.73623716922864], [25.819758375760276, 62.73623716922864], [25.819758375760276, 62.73673716922863]]]}}, {"type": "Feature", "properties": {"klasse": "Acker"}, "geometry": {"type": "Polygon", "coordinates": [[[25.816091709093612, 62.7474038358953], [25.816008375760276, 62.7474038358953], [25.816008375760276, 62.747487169228634], [25.816091709093612, 62.747487169228634], [25.816091709093612, 62.7474038358953]]]}}, {"type": "Feature", "properties": {"klasse": "Acker"}, "geometry": {"type": "Polygon", "coordinates": [[[25.84334170909361, 62.7019038358953], [25.842841709093612, 62.7019038358953], [25.842841709093612, 62.702070502561966], [25.84334170909361, 62.702070502561966], [25.84334170909361, 62.7019038358953]]]}}, {"type": "Feature", "properties": {"klasse": "Acker"}, "geometry": {"type": "Polygon", "coordinates": [[[25.84159170909361, 62.702737169228634], [25.84109170909361, 62.702737169228634], [25.84109170909361, 62.70282050256197], [25.84159170909361, 62.70282050256197], [25.84159170909361, 62.702737169228634]]]}}, {"type": "Feature", "properties": {"klasse": "Acker"}, "geometry": {"type": "Polygon", "coordinates": [[[25.840758375760277, 62.70282050256197], [25.840675042426945, 62.70282050256197], [25.840675042426945, 62.7029038358953], [25.840758375760277, 62.7029038358953], [25.840758375760277, 62.70282050256197]]]}}, {"type": "Feature", "properties": {"klasse": "Acker"}, "geometry": {"type": "Polygon", "coordinates": [[[25.840675042426945, 62.7029038358953], [25.840425042426943, 62.7029038358953], [25.840425042426943, 62.702987169228635], [25.840675042426945, 62.702987169228635], [25.840675042426945, 62.7029038358953]]]}}, {"type": "Feature", "properties": {"klasse": "Acker"}, "geometry": {"type": "Polygon", "coordinates": [[[25.840425042426943, 62.70307050256197], [25.840425042426943, 62.702987169228635], [25.84025837576028, 62.702987169228635], [25.84025837576028, 62.70307050256197], [25.840425042426943, 62.70307050256197]]]}}, {"type": "Feature", "properties": {"klasse": "Acker"}, "geometry": {"type": "Polygon", "coordinates": [[[25.84025837576028, 62.70307050256197], [25.839841709093612, 62.70307050256197], [25.839841709093612, 62.703237169228636], [25.84009170909361, 62.703237169228636], [25.84009170909361, 62.7031538358953], [25.84025837576028, 62.7031538358953], [25.84025837576028, 62.70307050256197]]]}}, {"type": "Feature", "properties": {"klasse": "Acker"}, "geometry": {"type": "Polygon", "coordinates": [[[25.83934170909361, 62.7034038358953], [25.839258375760277, 62.7034038358953], [25.839258375760277, 62.70348716922864], [25.83934170909361, 62.70348716922864], [25.83934170909361, 62.7034038358953]]]}}, {"type": "Feature", "properties": {"klasse": "Acker"}, "geometry": {"type": "Polygon", "coordinates": [[[25.87225837576028, 62.71257050256197], [25.872194259128282, 62.71257050256197], [25.87225837576028, 62.71261478146511], [25.87225837576028, 62.71257050256197]]]}}, {"type": "Feature", "properties": {"klasse": "Acker"}, "geometry": {"type": "Polygon", "coordinates": [[[25.863425042426943, 62.7131538358953], [25.86334170909361, 62.7131538358953], [25.86334170909361, 62.713237169228634], [25.863425042426943, 62.713237169228634], [25.863425042426943, 62.7131538358953]]]}}, {"type": "Feature", "properties": {"klasse": "Acker"}, "geometry": {"type": "Polygon", "coordinates": [[[25.833175042426944, 62.7134038358953], [25.833175042426944, 62.71347759529831], [25.83324444586586, 62.7134038358953], [25.833175042426944, 62.7134038358953]]]}}, {"type": "Feature", "properties": {"klasse": "Acker"}, "geometry": {"type": "Polygon", "coordinates": [[[25.867508375760277, 62.7134038358953], [25.867425042426945, 62.7134038358953], [25.867425042426945, 62.713487169228635], [25.867508375760277, 62.713487169228635], [25.867508375760277, 62.7134038358953]]]}}, {"type": "Feature", "properties": {"klasse": "Acker"}, "geometry": {"type": "Polygon", "coordinates": [[[25.867425042426945, 62.713487169228635], [25.86700837576028, 62.713487169228635], [25.86700837576028, 62.71357050256197], [25.867425042426945, 62.71357050256197], [25.867425042426945, 62.713487169228635]]]}}, {"type": "Feature", "properties": {"klasse": "Acker"}, "geometry": {"type": "Polygon", "coordinates": [[[25.86775837576028, 62.71356702813405], [25.86775837576028, 62.713487169228635], [25.867508375760277, 62.713487169228635], [25.867508375760277, 62.71357050256197], [25.867737001540014, 62.71357050256197], [25.86775837576028, 62.71356702813405]]]}}, {"type": "Feature", "properties": {"klasse": "Acker"}, "geometry": {"type": "Polygon", "coordinates": [[[25.832425042426944, 62.71373716922864], [25.832758375760278, 62.71373716922864], [25.832758375760278, 62.713820502561965], [25.83285238602851, 62.713820502561965], [25.833087621930915, 62.71357050256197], [25.833008375760276, 62.71357050256197], [25.833008375760276, 62.7136538358953], [25.83284170909361, 62.7136538358953], [25.83284170909361, 62.71357050256197], [25.832758375760278, 62.71357050256197], [25.832758375760278, 62.713487169228635], [25.83259170909361, 62.713487169228635], [25.83259170909361, 62.7136538358953], [25.832425042426944, 62.7136538358953], [25.832425042426944, 62.71373716922864]]]}}, {"type": "Feature", "properties": {"klasse": "Acker"}, "geometry": {"type": "Polygon", "coordinates": [[[25.865925042426944, 62.7146538358953], [25.865841709093612, 62.7146538358953], [25.865841709093612, 62.714737169228634], [25.865925042426944, 62.714737169228634], [25.865925042426944, 62.7146538358953]]]}}, {"type": "Feature", "properties": {"klasse": "Acker"}, "geometry": {"type": "Polygon", "coordinates": [[[25.865508375760278, 62.714737169228634], [25.865425042426946, 62.714737169228634], [25.865425042426946, 62.71482050256197], [25.865508375760278, 62.71482050256197], [25.865508375760278, 62.714737169228634]]]}}, {"type": "Feature", "properties": {"klasse": "Acker"}, "geometry": {"type": "Polygon", "coordinates": [[[25.864425042426944, 62.7149038358953], [25.864425042426944, 62.71491063456758], [25.86450842805688, 62.7149038358953], [25.864425042426944, 62.7149038358953]]]}}, {"type": "Feature", "properties": {"klasse": "Acker"}, "geometry": {"type": "Polygon", "coordinates": [[[25.862425042426946, 62.71507050256197], [25.862258375760277, 62.71507050256197], [25.862258375760277, 62.7151538358953], [25.862425042426946, 62.7151538358953], [25.862425042426946, 62.71507050256197]]]}}, {"type": "Feature", "properties": {"klasse": "Acker"}, "geometry": {"type": "Polygon", "coordinates": [[[25.862008375760276, 62.7151538358953], [25.86184170909361, 62.7151538358953], [25.86184170909361, 62.71523716922864], [25.862008375760276, 62.71523716922864], [25.862008375760276, 62.7151538358953]]]}}, {"type": "Feature", "properties": {"klasse": "Acker"}, "geometry": {"type": "Polygon", "coordinates": [[[25.861508375760277, 62.71523716922864], [25.861508375760277, 62.715315304138926], [25.86184170909361, 62.71527882323077], [25.86184170909361, 62.71523716922864], [25.861508375760277, 62.71523716922864]]]}}, {"type": "Feature", "properties": {"klasse": "Acker"}, "geometry": {"type": "Polygon", "coordinates": [[[25.858508375760277, 62.715911550750334], [25.8590077, 62.7158569], [25.85934170909361, 62.715760984552816], [25.85934170909361, 62.71573716922863], [25.85942464187534, 62.71573716922863], [25.859675042426943, 62.715665263159785], [25.859675042426943, 62.7156538358953], [25.85971483591552, 62.7156538358953], [25.8605152, 62.715424], [25.861460876732213, 62.715320502561966], [25.86034170909361, 62.715320502561966], [25.86034170909361, 62.7154038358953], [25.859508375760278, 62.7154038358953], [25.859508375760278, 62.71548716922864], [25.85909170909361, 62.71548716922864], [25.85909170909361, 62.71573716922863], [25.859008375760276, 62.71573716922863], [25.859008375760276, 62.71582050256197], [25.858508375760277, 62.71582050256197], [25.858508375760277, 62.715911550750334]]]}}, {"type": "Feature", "properties": {"klasse": "Acker"}, "geometry": {"type": "Polygon", "coordinates": [[[25.83059170909361, 62.718320502561966], [25.830425042426945, 62.718320502561966], [25.830425042426945, 62.71848716922864], [25.830758375760276, 62.71848716922864], [25.830758375760276, 62.7184038358953], [25.83059170909361, 62.7184038358953], [25.83059170909361, 62.718320502561966]]]}}, {"type": "Feature", "properties": {"klasse": "Acker"}, "geometry": {"type": "Polygon", "coordinates": [[[25.852008375760278, 62.7196538358953], [25.851925042426945, 62.7196538358953], [25.851925042426945, 62.71973716922864], [25.852008375760278, 62.71973716922864], [25.852008375760278, 62.7196538358953]]]}}, {"type": "Feature", "properties": {"klasse": "Acker"}, "geometry": {"type": "Polygon", "coordinates": [[[25.851675042426944, 62.71973716922864], [25.85134170909361, 62.71973716922864], [25.85134170909361, 62.719820502561966], [25.851675042426944, 62.719820502561966], [25.851675042426944, 62.71973716922864]]]}}, {"type": "Feature", "properties": {"klasse": "Acker"}, "geometry": {"type": "Polygon", "coordinates": [[[25.85109170909361, 62.719820502561966], [25.850925042426944, 62.719820502561966], [25.850925042426944, 62.7199038358953], [25.85109170909361, 62.7199038358953], [25.85109170909361, 62.719820502561966]]]}}, {"type": "Feature", "properties": {"klasse": "Acker"}, "geometry": {"type": "Polygon", "coordinates": [[[25.850675042426943, 62.7199038358953], [25.85034170909361, 62.7199038358953], [25.85034170909361, 62.71998716922864], [25.850675042426943, 62.71998716922864], [25.850675042426943, 62.7199038358953]]]}}, {"type": "Feature", "properties": {"klasse": "Acker"}, "geometry": {"type": "Polygon", "coordinates": [[[25.85034170909361, 62.71998716922864], [25.850175042426944, 62.71998716922864], [25.850175042426944, 62.72007050256197], [25.85034170909361, 62.72007050256197], [25.85034170909361, 62.71998716922864]]]}}, {"type": "Feature", "properties": {"klasse": "Acker"}, "geometry": {"type": "Polygon", "coordinates": [[[25.84959170909361, 62.72007050256197], [25.849508375760276, 62.72007050256197], [25.849508375760276, 62.7201538358953], [25.849854495525516, 62.7201538358953], [25.849925042426943, 62.720143123172534], [25.849925042426943, 62.71998716922864], [25.84959170909361, 62.71998716922864], [25.84959170909361, 62.72007050256197]]]}}, {"type": "Feature", "properties": {"klasse": "Acker"}, "geometry": {"type": "Polygon", "coordinates": [[[25.84934170909361, 62.7201538358953], [25.84934170909361, 62.72023170379275], [25.849508375760276, 62.720206395044116], [25.849508375760276, 62.7201538358953], [25.84934170909361, 62.7201538358953]]]}}, {"type": "Feature", "properties": {"klasse": "Acker"}, "geometry": {"type": "Polygon", "coordinates": [[[25.84909170909361, 62.7201538358953], [25.849008375760278, 62.7201538358953], [25.849008375760278, 62.72023716922863], [25.84909170909361, 62.72023716922863], [25.84909170909361, 62.7201538358953]]]}}, {"type": "Feature", "properties": {"klasse": "Acker"}, "geometry": {"type": "Polygon", "coordinates": [[[25.848675042426944, 62.72023716922863], [25.84859170909361, 62.72023716922863], [25.84859170909361, 62.72032050256197], [25.848675042426944, 62.72032050256197], [25.848675042426944, 62.72023716922863]]]}}, {"type": "Feature", "properties": {"klasse": "Acker"}, "geometry": {"type": "Polygon", "coordinates": [[[25.848258375760278, 62.72039621065886], [25.848258375760278, 62.72032050256197], [25.847425042426945, 62.72032050256197], [25.847425042426945, 62.720403835895304], [25.848208161000223, 62.720403835895304], [25.848258375760278, 62.72039621065886]]]}}, {"type": "Feature", "properties": {"klasse": "Acker"}, "geometry": {"type": "Polygon", "coordinates": [[[25.84709170909361, 62.72048716922863], [25.84700837576028, 62.72048716922863], [25.84700837576028, 62.72057050256197], [25.84709170909361, 62.72057050256197], [25.84709170909361, 62.72048716922863]]]}}, {"type": "Feature", "properties": {"klasse": "Acker"}, "geometry": {"type": "Polygon", "coordinates": [[[25.840591709093612, 62.722237169228634], [25.840508375760276, 62.722237169228634], [25.840508375760276, 62.72232050256197], [25.840591709093612, 62.72232050256197], [25.840591709093612, 62.722237169228634]]]}}, {"type": "Feature", "properties": {"klasse": "Acker"}, "geometry": {"type": "Polygon", "coordinates": [[[25.83950837576028, 62.7224038358953], [25.840008375760277, 62.7224038358953], [25.840008375760277, 62.72232050256197], [25.839091709093612, 62.72232050256197], [25.839091709093612, 62.7224038358953], [25.839008375760276, 62.7224038358953], [25.839008375760276, 62.722487169228636], [25.839272477911454, 62.722487169228636], [25.83950837576028, 62.722469869019434], [25.83950837576028, 62.7224038358953]]]}}, {"type": "Feature", "properties": {"klasse": "Acker"}, "geometry": {"type": "Polygon", "coordinates": [[[25.840175042426942, 62.7224038358953], [25.840008375760277, 62.7224038358953], [25.840008375760277, 62.72243320016195], [25.840175042426942, 62.72242097720945], [25.840175042426942, 62.7224038358953]]]}}, {"type": "Feature", "properties": {"klasse": "Acker"}, "geometry": {"type": "Polygon", "coordinates": [[[25.837758375760277, 62.722487169228636], [25.83884170909361, 62.722487169228636], [25.83884170909361, 62.7224038358953], [25.837508375760276, 62.7224038358953], [25.837508375760276, 62.722487169228636], [25.83734170909361, 62.722487169228636], [25.83734170909361, 62.722570502561965], [25.837758375760277, 62.722570502561965], [25.837758375760277, 62.722487169228636]]]}}, {"type": "Feature", "properties": {"klasse": "Acker"}, "geometry": {"type": "Polygon", "coordinates": [[[25.83709170909361, 62.722487169228636], [25.836925042426945, 62.722487169228636], [25.836925042426945, 62.722570502561965], [25.83709170909361, 62.722570502561965], [25.83709170909361, 62.722487169228636]]]}}, {"type": "Feature", "properties": {"klasse": "Acker"}, "geometry": {"type": "Polygon", "coordinates": [[[25.832008375760278, 62.72273716922864], [25.83084170909361, 62.72273716922864], [25.83084170909361, 62.722820502561966], [25.832008375760278, 62.722820502561966], [25.832008375760278, 62.72273716922864]]]}}, {"type": "Feature", "properties": {"klasse": "Acker"}, "geometry": {"type": "Polygon", "coordinates": [[[25.83059170909361, 62.722820502561966], [25.830258375760277, 62.722820502561966], [25.830258375760277, 62.7229038358953], [25.83059170909361, 62.7229038358953], [25.83059170909361, 62.722820502561966]]]}}, {"type": "Feature", "properties": {"klasse": "Acker"}, "geometry": {"type": "Polygon", "coordinates": [[[25.830175042426944, 62.7229038358953], [25.83009170909361, 62.7229038358953], [25.83009170909361, 62.72298716922864], [25.830175042426944, 62.72298716922864], [25.830175042426944, 62.7229038358953]]]}}, {"type": "Feature", "properties": {"klasse": "Acker"}, "geometry": {"type": "Polygon", "coordinates": [[[25.835508375760277, 62.7231476176037], [25.835508375760277, 62.72307050256197], [25.835341709093612, 62.72307050256197], [25.835341709093612, 62.7231538358953], [25.83548368543501, 62.7231538358953], [25.835508375760277, 62.7231476176037]]]}}, {"type": "Feature", "properties": {"klasse": "Acker"}, "geometry": {"type": "Polygon", "coordinates": [[[25.834258375760278, 62.72332050256197], [25.834258375760278, 62.723403835895304], [25.83472160582939, 62.723403835895304], [25.8347449, 62.72333989999999], [25.834758375760277, 62.72333650611166], [25.834758375760277, 62.72332050256197], [25.83482191939454, 62.72332050256197], [25.834925042426946, 62.723294530887664], [25.834925042426946, 62.72323716922863], [25.835152802414786, 62.72323716922863], [25.835175042426943, 62.72323156805168], [25.835175042426943, 62.7231538358953], [25.83509170909361, 62.7231538358953], [25.83509170909361, 62.72307050256197], [25.835008375760278, 62.72307050256197], [25.835008375760278, 62.7231538358953], [25.83434170909361, 62.7231538358953], [25.83434170909361, 62.72323716922863], [25.834175042426946, 62.72323716922863], [25.834175042426946, 62.72332050256197], [25.834258375760278, 62.72332050256197]]]}}, {"type": "Feature", "properties": {"klasse": "Acker"}, "geometry": {"type": "Polygon", "coordinates": [[[25.833508375760278, 62.72507050256197], [25.833508375760278, 62.72509749307561], [25.83365098027823, 62.72507050256197], [25.833508375760278, 62.72507050256197]]]}}, {"type": "Feature", "properties": {"klasse": "Acker"}, "geometry": {"type": "Polygon", "coordinates": [[[25.8323037, 62.7253255], [25.832758375760278, 62.72523944429513], [25.832758375760278, 62.725237169228635], [25.832770396085802, 62.725237169228635], [25.833008375760276, 62.72519212722195], [25.833008375760276, 62.7251538358953], [25.832675042426946, 62.7251538358953], [25.832675042426946, 62.72507050256197], [25.832341709093612, 62.72507050256197], [25.832341709093612, 62.725237169228635], [25.831925042426946, 62.725237169228635], [25.831925042426946, 62.7251538358953], [25.831591709093612, 62.7251538358953], [25.831591709093612, 62.725286127995616], [25.8323037, 62.7253255]]]}}, {"type": "Feature", "properties": {"klasse": "Acker"}, "geometry": {"type": "Polygon", "coordinates": [[[25.830758375760276, 62.725237169228635], [25.830758375760276, 62.72524004594126], [25.83109170909361, 62.72525847876301], [25.83109170909361, 62.725237169228635], [25.830758375760276, 62.725237169228635]]]}}, {"type": "Feature", "properties": {"klasse": "Acker"}, "geometry": {"type": "Polygon", "coordinates": [[[25.869175042426946, 62.7284038358953], [25.86909170909361, 62.7284038358953], [25.86909170909361, 62.72832050256197], [25.868758375760276, 62.72832050256197], [25.868758375760276, 62.728237169228635], [25.868675042426943, 62.728237169228635], [25.868675042426943, 62.728175560575814], [25.86844820304431, 62.7281538358953], [25.868008375760276, 62.7281538358953], [25.868008375760276, 62.7284038358953], [25.868175042426945, 62.7284038358953], [25.868175042426945, 62.72873716922864], [25.868758375760276, 62.72873716922864], [25.868758375760276, 62.7286538358953], [25.869008375760277, 62.7286538358953], [25.869008375760277, 62.728570502561965], [25.869175042426946, 62.728570502561965], [25.869175042426946, 62.7284038358953]]]}}, {"type": "Feature", "properties": {"klasse": "Acker"}, "geometry": {"type": "Polygon", "coordinates": [[[25.8268651, 62.7266585], [25.8262543, 62.72814310000001], [25.825468, 62.72868330000001], [25.8261496, 62.7289528], [25.8262851, 62.7296996], [25.8258811, 62.731241999999995], [25.8305121, 62.731519000000006], [25.8309811, 62.732868899999986], [25.8332828, 62.7326453], [25.8338788, 62.731771300000005], [25.8344214, 62.7315725], [25.8348741, 62.73133089999999], [25.8365739, 62.7308692], [25.8373532, 62.730454200000004], [25.8388733, 62.730263400000005], [25.8406718, 62.729691199999984], [25.8442506, 62.7291099], [25.843823, 62.72871299999999], [25.8400379, 62.7284224], [25.8391815, 62.7269116], [25.83848, 62.725325000000005], [25.8370585, 62.72551649999998], [25.836606, 62.72575810000001], [25.8341088, 62.7259407], [25.8314901, 62.7263676], [25.8301896, 62.726153499999995], [25.829973000000003, 62.726029000000004], [25.8296933, 62.726124800000015], [25.8292576, 62.7263735], [25.8268651, 62.7266585]]]}}, {"type": "Feature", "properties": {"klasse": "Acker"}, "geometry": {"type": "Polygon", "coordinates": [[[25.86484170909361, 62.737237169228635], [25.86486131404272, 62.737237169228635], [25.865102573352562, 62.73707050256197], [25.864925042426943, 62.73707050256197], [25.864925042426943, 62.7371538358953], [25.86484170909361, 62.7371538358953], [25.86484170909361, 62.737237169228635]]]}}, {"type": "Feature", "properties": {"klasse": "Acker"}, "geometry": {"type": "Polygon", "coordinates": [[[25.85984170909361, 62.739987169228634], [25.85984170909361, 62.739903835895305], [25.85976080448889, 62.739903835895305], [25.8598901, 62.740109600000004], [25.8601378859494, 62.74007050256197], [25.86009170909361, 62.74007050256197], [25.86009170909361, 62.739987169228634], [25.85984170909361, 62.739987169228634]]]}}, {"type": "Feature", "properties": {"klasse": "Acker"}, "geometry": {"type": "Polygon", "coordinates": [[[25.948425042426944, 62.70154840569138], [25.948425042426944, 62.701487169228635], [25.948675042426945, 62.701487169228635], [25.948675042426945, 62.701538719136735], [25.948785229617005, 62.70157050256197], [25.94891266221205, 62.70157050256197], [25.94891266221205, 62.701487169228635], [25.948758375760278, 62.701487169228635], [25.948758375760278, 62.7014038358953], [25.948175042426943, 62.7014038358953], [25.948175042426943, 62.701487169228635], [25.948008375760278, 62.701487169228635], [25.948008375760278, 62.70157050256197], [25.94828182316159, 62.70157050256197], [25.948425042426944, 62.70154840569138]]]}}, {"type": "Feature", "properties": {"klasse": "Acker"}, "geometry": {"type": "Polygon", "coordinates": [[[25.941258375760277, 62.70348716922864], [25.941258375760277, 62.70362931810415], [25.94150837576028, 62.703652937977964], [25.94150837576028, 62.703570502561966], [25.941425042426943, 62.703570502561966], [25.941425042426943, 62.70348716922864], [25.941258375760277, 62.70348716922864]]]}}, {"type": "Feature", "properties": {"klasse": "Acker"}, "geometry": {"type": "Polygon", "coordinates": [[[25.939925042426943, 62.703570502561966], [25.939925042426943, 62.703657944003886], [25.94009170909361, 62.70369694007228], [25.94009170909361, 62.7036538358953], [25.94000837576028, 62.7036538358953], [25.94000837576028, 62.703570502561966], [25.939925042426943, 62.703570502561966]]]}}, {"type": "Feature", "properties": {"klasse": "Acker"}, "geometry": {"type": "Polygon", "coordinates": [[[25.941675042426944, 62.7036538358953], [25.941675042426944, 62.7036823535273], [25.941758375760276, 62.70370820971915], [25.941758375760276, 62.7036538358953], [25.941675042426944, 62.7036538358953]]]}}, {"type": "Feature", "properties": {"klasse": "Acker"}, "geometry": {"type": "Polygon", "coordinates": [[[25.879258375760276, 62.7091538358953], [25.878925042426943, 62.7091538358953], [25.878925042426943, 62.709237169228636], [25.879258375760276, 62.709237169228636], [25.879258375760276, 62.7091538358953]]]}}, {"type": "Feature", "properties": {"klasse": "Acker"}, "geometry": {"type": "Polygon", "coordinates": [[[25.91259170909361, 62.71148716922863], [25.912258375760278, 62.71148716922863], [25.912258375760278, 62.71157050256197], [25.91259170909361, 62.71157050256197], [25.91259170909361, 62.71148716922863]]]}}, {"type": "Feature", "properties": {"klasse": "Acker"}, "geometry": {"type": "Polygon", "coordinates": [[[25.876425042426945, 62.7116538358953], [25.876258375760276, 62.7116538358953], [25.876258375760276, 62.711737169228634], [25.876425042426945, 62.711737169228634], [25.876425042426945, 62.7116538358953]]]}}, {"type": "Feature", "properties": {"klasse": "Acker"}, "geometry": {"type": "Polygon", "coordinates": [[[25.924925042426946, 62.7116538358953], [25.924758375760277, 62.7116538358953], [25.924758375760277, 62.711737169228634], [25.924925042426946, 62.711737169228634], [25.924925042426946, 62.7116538358953]]]}}, {"type": "Feature", "properties": {"klasse": "Acker"}, "geometry": {"type": "Polygon", "coordinates": [[[25.942591709093612, 62.7121538358953], [25.942591709093612, 62.71207050256197], [25.942675042426945, 62.71207050256197], [25.942675042426945, 62.7121538358953], [25.942925042426943, 62.7121538358953], [25.942925042426943, 62.7119038358953], [25.94284170909361, 62.7119038358953], [25.94284170909361, 62.71182050256197], [25.942758375760278, 62.71182050256197], [25.942758375760278, 62.711737169228634], [25.943175042426944, 62.711737169228634], [25.943175042426944, 62.71134626087006], [25.94323, 62.71131650000001], [25.9422887, 62.710958500000004], [25.941471, 62.71136139999999], [25.939864000000004, 62.71178020000001], [25.9381482, 62.711606700000004], [25.9366465, 62.711555800000006], [25.9361753, 62.711543899999995], [25.9355614, 62.71191629999999], [25.935143, 62.712288700000016], [25.9353997, 62.7126529], [25.9362774, 62.712518799999984], [25.9384892, 62.7128643], [25.939062300000003, 62.7133277], [25.9408604, 62.71349980000001], [25.9426247, 62.71287590000001], [25.942508375760276, 62.71280015714333], [25.942508375760276, 62.71257050256197], [25.942425042426944, 62.71257050256197], [25.942425042426944, 62.71248716922864], [25.94234170909361, 62.71248716922864], [25.94234170909361, 62.7124038358953], [25.942425042426944, 62.7124038358953], [25.942425042426944, 62.712320502561965], [25.94234170909361, 62.712320502561965], [25.94234170909361, 62.7121538358953], [25.942591709093612, 62.7121538358953]]]}}, {"type": "Feature", "properties": {"klasse": "Acker"}, "geometry": {"type": "Polygon", "coordinates": [[[25.91859170909361, 62.71207050256197], [25.91850837576028, 62.71207050256197], [25.91850837576028, 62.7121538358953], [25.91859170909361, 62.7121538358953], [25.91859170909361, 62.71207050256197]]]}}, {"type": "Feature", "properties": {"klasse": "Acker"}, "geometry": {"type": "Polygon", "coordinates": [[[25.91850837576028, 62.7121538358953], [25.91834170909361, 62.7121538358953], [25.91834170909361, 62.712237169228636], [25.91850837576028, 62.712237169228636], [25.91850837576028, 62.7121538358953]]]}}, {"type": "Feature", "properties": {"klasse": "Acker"}, "geometry": {"type": "Polygon", "coordinates": [[[25.943425042426945, 62.71257050256197], [25.943425042426945, 62.71248716922864], [25.94309170909361, 62.71248716922864], [25.94309170909361, 62.712320502561965], [25.94284170909361, 62.712320502561965], [25.94284170909361, 62.712237169228636], [25.942758375760278, 62.712237169228636], [25.942758375760278, 62.71257050256197], [25.9429938396922, 62.71257050256197], [25.9430295, 62.712541], [25.943507120282185, 62.71273716922863], [25.94359170909361, 62.71273716922863], [25.94359170909361, 62.71277191172703], [25.943710014948493, 62.71282050256197], [25.94384170909361, 62.71282050256197], [25.94384170909361, 62.71273716922863], [25.943675042426943, 62.71273716922863], [25.943675042426943, 62.7126538358953], [25.94359170909361, 62.7126538358953], [25.94359170909361, 62.71257050256197], [25.943425042426945, 62.71257050256197]]]}}, {"type": "Feature", "properties": {"klasse": "Acker"}, "geometry": {"type": "Polygon", "coordinates": [[[25.87434170909361, 62.71257050256197], [25.874258375760277, 62.71257050256197], [25.874258375760277, 62.71261734971597], [25.8742798, 62.712615299999996], [25.874425042426942, 62.71252219174794], [25.874425042426942, 62.71248716922864], [25.87434170909361, 62.71248716922864], [25.87434170909361, 62.71257050256197]]]}}, {"type": "Feature", "properties": {"klasse": "Acker"}, "geometry": {"type": "Polygon", "coordinates": [[[25.872925042426942, 62.7126538358953], [25.872925042426942, 62.712744913385116], [25.87300837576028, 62.712736940655795], [25.87300837576028, 62.7126538358953], [25.872925042426942, 62.7126538358953]]]}}, {"type": "Feature", "properties": {"klasse": "Acker"}, "geometry": {"type": "Polygon", "coordinates": [[[25.943912909614802, 62.712903835895304], [25.944008375760276, 62.712903835895304], [25.944008375760276, 62.71282050256197], [25.94384170909361, 62.71282050256197], [25.94384170909361, 62.71287459226424], [25.943912909614802, 62.712903835895304]]]}}, {"type": "Feature", "properties": {"klasse": "Acker"}, "geometry": {"type": "Polygon", "coordinates": [[[25.94459170909361, 62.712903835895304], [25.94450837576028, 62.712903835895304], [25.94450837576028, 62.71293372819113], [25.94459170909361, 62.71293659541654], [25.94459170909361, 62.712903835895304]]]}}, {"type": "Feature", "properties": {"klasse": "Acker"}, "geometry": {"type": "Polygon", "coordinates": [[[25.946925042426944, 62.713487169228635], [25.946925042426944, 62.7134038358953], [25.94684170909361, 62.7134038358953], [25.94684170909361, 62.71356333506812], [25.946879977507635, 62.71357050256197], [25.947008375760277, 62.71357050256197], [25.947008375760277, 62.713487169228635], [25.946925042426944, 62.713487169228635]]]}}, {"type": "Feature", "properties": {"klasse": "Acker"}, "geometry": {"type": "Polygon", "coordinates": [[[25.902258375760276, 62.71557050256197], [25.901925042426942, 62.71557050256197], [25.901925042426942, 62.7156538358953], [25.902258375760276, 62.7156538358953], [25.902258375760276, 62.71557050256197]]]}}, {"type": "Feature", "properties": {"klasse": "Acker"}, "geometry": {"type": "Polygon", "coordinates": [[[25.904591709093612, 62.7164038358953], [25.904591709093612, 62.71632050256197], [25.90425837576028, 62.71632050256197], [25.90425837576028, 62.7164038358953], [25.904425042426944, 62.7164038358953], [25.904425042426944, 62.716466044430675], [25.904675042426945, 62.716486343003155], [25.904675042426945, 62.7164038358953], [25.904591709093612, 62.7164038358953]]]}}, {"type": "Feature", "properties": {"klasse": "Acker"}, "geometry": {"type": "Polygon", "coordinates": [[[25.905925042426944, 62.7164038358953], [25.90584170909361, 62.7164038358953], [25.90584170909361, 62.716487169228635], [25.905925042426944, 62.716487169228635], [25.905925042426944, 62.7164038358953]]]}}, {"type": "Feature", "properties": {"klasse": "Acker"}, "geometry": {"type": "Polygon", "coordinates": [[[25.90650837576028, 62.716487169228635], [25.906425042426942, 62.716487169228635], [25.906425042426942, 62.71657050256197], [25.90650837576028, 62.71657050256197], [25.90650837576028, 62.716487169228635]]]}}, {"type": "Feature", "properties": {"klasse": "Acker"}, "geometry": {"type": "Polygon", "coordinates": [[[25.910508375760276, 62.71673716922864], [25.910508375760276, 62.71677396736868], [25.9107022490127, 62.71673716922864], [25.910508375760276, 62.71673716922864]]]}}, {"type": "Feature", "properties": {"klasse": "Acker"}, "geometry": {"type": "Polygon", "coordinates": [[[25.91009170909361, 62.716820502561966], [25.91009170909361, 62.716853052844165], [25.910263202247073, 62.716820502561966], [25.91009170909361, 62.716820502561966]]]}}, {"type": "Feature", "properties": {"klasse": "Acker"}, "geometry": {"type": "Polygon", "coordinates": [[[25.898508375760276, 62.717383768428775], [25.898508375760276, 62.71732050256197], [25.898008375760277, 62.71732050256197], [25.898008375760277, 62.717403835895304], [25.898309577403115, 62.717403835895304], [25.898508375760276, 62.717383768428775]]]}}, {"type": "Feature", "properties": {"klasse": "Acker"}, "geometry": {"type": "Polygon", "coordinates": [[[25.89534170909361, 62.71757050256197], [25.895008375760277, 62.71757050256197], [25.895008375760277, 62.7176538358953], [25.89534170909361, 62.7176538358953], [25.89534170909361, 62.71757050256197]]]}}, {"type": "Feature", "properties": {"klasse": "Acker"}, "geometry": {"type": "Polygon", "coordinates": [[[25.89609170909361, 62.7176538358953], [25.896008375760278, 62.7176538358953], [25.896008375760278, 62.717737169228634], [25.89609170909361, 62.717737169228634], [25.89609170909361, 62.7176538358953]]]}}, {"type": "Feature", "properties": {"klasse": "Acker"}, "geometry": {"type": "Polygon", "coordinates": [[[25.89259170909361, 62.7184038358953], [25.892258375760278, 62.7184038358953], [25.892258375760278, 62.71848716922864], [25.89259170909361, 62.71848716922864], [25.89259170909361, 62.7184038358953]]]}}, {"type": "Feature", "properties": {"klasse": "Acker"}, "geometry": {"type": "Polygon", "coordinates": [[[25.892758375760277, 62.71848716922864], [25.89259170909361, 62.71848716922864], [25.89259170909361, 62.71857050256197], [25.892758375760277, 62.71857050256197], [25.892758375760277, 62.71848716922864]]]}}, {"type": "Feature", "properties": {"klasse": "Acker"}, "geometry": {"type": "Polygon", "coordinates": [[[25.893175042426943, 62.71848716922864], [25.893008375760278, 62.71848716922864], [25.893008375760278, 62.71857050256197], [25.893175042426943, 62.71857050256197], [25.893175042426943, 62.71848716922864]]]}}, {"type": "Feature", "properties": {"klasse": "Acker"}, "geometry": {"type": "Polygon", "coordinates": [[[25.89159170909361, 62.7186538358953], [25.891508375760278, 62.7186538358953], [25.891508375760278, 62.71873716922863], [25.89159170909361, 62.71873716922863], [25.89159170909361, 62.7186538358953]]]}}, {"type": "Feature", "properties": {"klasse": "Acker"}, "geometry": {"type": "Polygon", "coordinates": [[[25.891008375760276, 62.7186538358953], [25.890508375760277, 62.7186538358953], [25.890508375760277, 62.71873716922863], [25.891008375760276, 62.71873716922863], [25.891008375760276, 62.7186538358953]]]}}, {"type": "Feature", "properties": {"klasse": "Acker"}, "geometry": {"type": "Polygon", "coordinates": [[[25.88950837576028, 62.719570502561965], [25.889425042426943, 62.719570502561965], [25.889425042426943, 62.719487169228636], [25.88909170909361, 62.719487169228636], [25.88909170909361, 62.719570502561965], [25.889175042426945, 62.719570502561965], [25.889175042426945, 62.7196538358953], [25.88950837576028, 62.7196538358953], [25.88950837576028, 62.719570502561965]]]}}, {"type": "Feature", "properties": {"klasse": "Acker"}, "geometry": {"type": "Polygon", "coordinates": [[[25.928008375760278, 62.72157050256197], [25.927925042426946, 62.72157050256197], [25.927925042426946, 62.7216538358953], [25.928008375760278, 62.7216538358953], [25.928008375760278, 62.72157050256197]]]}}, {"type": "Feature", "properties": {"klasse": "Acker"}, "geometry": {"type": "Polygon", "coordinates": [[[25.930008375760277, 62.72182050256197], [25.929841709093612, 62.72182050256197], [25.929841709093612, 62.721903835895304], [25.930008375760277, 62.721903835895304], [25.930008375760277, 62.72182050256197]]]}}, {"type": "Feature", "properties": {"klasse": "Acker"}, "geometry": {"type": "Polygon", "coordinates": [[[25.929425042426946, 62.72182050256197], [25.929258375760277, 62.72182050256197], [25.929258375760277, 62.721903835895304], [25.929425042426946, 62.721903835895304], [25.929425042426946, 62.72182050256197]]]}}, {"type": "Feature", "properties": {"klasse": "Acker"}, "geometry": {"type": "Polygon", "coordinates": [[[25.892175042426945, 62.72323716922863], [25.892175042426945, 62.7231538358953], [25.891925042426944, 62.7231538358953], [25.891925042426944, 62.72323716922863], [25.89184170909361, 62.72323716922863], [25.89184170909361, 62.72332050256197], [25.892175042426945, 62.72332050256197], [25.892175042426945, 62.723403835895304], [25.89234170909361, 62.723403835895304], [25.89234170909361, 62.72348716922863], [25.892425042426943, 62.72348716922863], [25.892425042426943, 62.72357050256197], [25.892768689431612, 62.72357050256197], [25.89284170909361, 62.72355058943686], [25.89284170909361, 62.72332050256197], [25.893008375760278, 62.72332050256197], [25.893008375760278, 62.7231538358953], [25.89284170909361, 62.7231538358953], [25.89284170909361, 62.72323716922863], [25.892758375760277, 62.72323716922863], [25.892758375760277, 62.7231538358953], [25.892258375760278, 62.7231538358953], [25.892258375760278, 62.72323716922863], [25.892175042426945, 62.72323716922863]]]}}, {"type": "Feature", "properties": {"klasse": "Acker"}, "geometry": {"type": "Polygon", "coordinates": [[[25.936925042426942, 62.72423716922864], [25.936425042426944, 62.72423716922864], [25.936425042426944, 62.724320502561966], [25.936925042426942, 62.724320502561966], [25.936925042426942, 62.72423716922864]]]}}, {"type": "Feature", "properties": {"klasse": "Acker"}, "geometry": {"type": "Polygon", "coordinates": [[[25.936425042426944, 62.724320502561966], [25.93625837576028, 62.724320502561966], [25.93625837576028, 62.7244038358953], [25.936425042426944, 62.7244038358953], [25.936425042426944, 62.724320502561966]]]}}, {"type": "Feature", "properties": {"klasse": "Acker"}, "geometry": {"type": "Polygon", "coordinates": [[[25.918925042426945, 62.73023716922864], [25.91884170909361, 62.73023716922864], [25.91884170909361, 62.730320502561966], [25.918925042426945, 62.730320502561966], [25.918925042426945, 62.73023716922864]]]}}, {"type": "Feature", "properties": {"klasse": "Acker"}, "geometry": {"type": "Polygon", "coordinates": [[[25.91884170909361, 62.730320502561966], [25.918451363474084, 62.730320502561966], [25.918819859594592, 62.7304038358953], [25.91884170909361, 62.7304038358953], [25.91884170909361, 62.730320502561966]]]}}, {"type": "Feature", "properties": {"klasse": "Acker"}, "geometry": {"type": "Polygon", "coordinates": [[[25.922425042426944, 62.738987169228636], [25.922425042426944, 62.73907703662992], [25.92259170909361, 62.73911464337686], [25.92259170909361, 62.739070502561965], [25.922508375760277, 62.739070502561965], [25.922508375760277, 62.738987169228636], [25.922425042426944, 62.738987169228636]]]}}, {"type": "Feature", "properties": {"klasse": "Acker"}, "geometry": {"type": "Polygon", "coordinates": [[[25.922765403628212, 62.7391538358953], [25.922925042426943, 62.7391538358953], [25.922925042426943, 62.738987169228636], [25.922758375760278, 62.738987169228636], [25.922758375760278, 62.739152250123794], [25.922765403628212, 62.7391538358953]]]}}, {"type": "Feature", "properties": {"klasse": "Acker"}, "geometry": {"type": "Polygon", "coordinates": [[[25.932258375760277, 62.74573716922863], [25.932175042426945, 62.74573716922863], [25.932175042426945, 62.74582050256197], [25.932258375760277, 62.74582050256197], [25.932258375760277, 62.74573716922863]]]}}, {"type": "Feature", "properties": {"klasse": "Acker"}, "geometry": {"type": "Polygon", "coordinates": [[[25.932175042426945, 62.74582050256197], [25.931925042426943, 62.74582050256197], [25.931925042426943, 62.7459038358953], [25.932175042426945, 62.7459038358953], [25.932175042426945, 62.74582050256197]]]}}, {"type": "Feature", "properties": {"klasse": "Acker"}, "geometry": {"type": "Polygon", "coordinates": [[[25.931675042426946, 62.7459038358953], [25.931341709093612, 62.7459038358953], [25.931341709093612, 62.745987169228634], [25.931675042426946, 62.745987169228634], [25.931675042426946, 62.7459038358953]]]}}, {"type": "Feature", "properties": {"klasse": "Acker"}, "geometry": {"type": "Polygon", "coordinates": [[[25.931341709093612, 62.745987169228634], [25.931175042426943, 62.745987169228634], [25.931175042426943, 62.74607050256197], [25.931341709093612, 62.74607050256197], [25.931341709093612, 62.745987169228634]]]}}, {"type": "Feature", "properties": {"klasse": "Gebäude"}, "geometry": {"type": "Polygon", "coordinates": [[[25.805591709093612, 62.7179038358953], [25.805591709093612, 62.717987169228635], [25.80600837576028, 62.717987169228635], [25.80600837576028, 62.71782050256197], [25.805925042426946, 62.71782050256197], [25.805925042426946, 62.717737169228634], [25.805425042426943, 62.717737169228634], [25.805425042426943, 62.7179038358953], [25.805591709093612, 62.7179038358953]]]}}, {"type": "Feature", "properties": {"klasse": "Gebäude"}, "geometry": {"type": "Polygon", "coordinates": [[[25.805591709093612, 62.718320502561966], [25.805591709093612, 62.7184038358953], [25.805758375760277, 62.7184038358953], [25.805758375760277, 62.718320502561966], [25.805591709093612, 62.718320502561966]]]}}, {"type": "Feature", "properties": {"klasse": "Gebäude"}, "geometry": {"type": "Polygon", "coordinates": [[[25.806175042426943, 62.72023716922863], [25.806175042426943, 62.72032050256197], [25.806258375760276, 62.72032050256197], [25.806258375760276, 62.72023716922863], [25.806175042426943, 62.72023716922863]]]}}, {"type": "Feature", "properties": {"klasse": "Gebäude"}, "geometry": {"type": "Polygon", "coordinates": [[[25.805675042426945, 62.720737169228634], [25.805675042426945, 62.7206538358953], [25.805560392413497, 62.7206538358953], [25.805508375760276, 62.72069317037671], [25.805508375760276, 62.720737169228634], [25.805675042426945, 62.720737169228634]]]}}, {"type": "Feature", "properties": {"klasse": "Gebäude"}, "geometry": {"type": "Polygon", "coordinates": [[[25.805508375760276, 62.720737169228634], [25.805450190856334, 62.720737169228634], [25.8053593, 62.72080589999999], [25.80543680455797, 62.72082050256197], [25.805508375760276, 62.72082050256197], [25.805508375760276, 62.720737169228634]]]}}, {"type": "Feature", "properties": {"klasse": "Gebäude"}, "geometry": {"type": "Polygon", "coordinates": [[[25.803341709093612, 62.72207050256197], [25.803341709093612, 62.7221538358953], [25.803425042426944, 62.7221538358953], [25.803425042426944, 62.72207050256197], [25.803341709093612, 62.72207050256197]]]}}, {"type": "Feature", "properties": {"klasse": "Gebäude"}, "geometry": {"type": "Polygon", "coordinates": [[[25.799758375760277, 62.72298716922864], [25.799758375760277, 62.722820502561966], [25.79971181835388, 62.722820502561966], [25.79959170909361, 62.72283908018543], [25.79959170909361, 62.72298716922864], [25.799758375760277, 62.72298716922864]]]}}, {"type": "Feature", "properties": {"klasse": "Gebäude"}, "geometry": {"type": "Polygon", "coordinates": [[[25.799925042426946, 62.72307050256197], [25.80009170909361, 62.72307050256197], [25.80009170909361, 62.72298716922864], [25.799925042426946, 62.72298716922864], [25.799925042426946, 62.72307050256197]]]}}, {"type": "Feature", "properties": {"klasse": "Gebäude"}, "geometry": {"type": "Polygon", "coordinates": [[[25.799925042426946, 62.7231538358953], [25.79984170909361, 62.7231538358953], [25.79984170909361, 62.72307050256197], [25.799758375760277, 62.72307050256197], [25.799758375760277, 62.72332050256197], [25.799925042426946, 62.72332050256197], [25.799925042426946, 62.7231538358953]]]}}, {"type": "Feature", "properties": {"klasse": "Gebäude"}, "geometry": {"type": "Polygon", "coordinates": [[[25.800925042426943, 62.72332050256197], [25.800925042426943, 62.723403835895304], [25.801008375760276, 62.723403835895304], [25.801008375760276, 62.72332050256197], [25.800925042426943, 62.72332050256197]]]}}, {"type": "Feature", "properties": {"klasse": "Gebäude"}, "geometry": {"type": "Polygon", "coordinates": [[[25.799508375760276, 62.7236538358953], [25.799508375760276, 62.723737169228635], [25.79934170909361, 62.723737169228635], [25.79934170909361, 62.72382050256197], [25.799425042426943, 62.72382050256197], [25.799425042426943, 62.7239038358953], [25.799508375760276, 62.7239038358953], [25.799508375760276, 62.72382050256197], [25.799758375760277, 62.72382050256197], [25.799758375760277, 62.723737169228635], [25.79984170909361, 62.723737169228635], [25.79984170909361, 62.7236538358953], [25.799508375760276, 62.7236538358953]]]}}, {"type": "Feature", "properties": {"klasse": "Gebäude"}, "geometry": {"type": "Polygon", "coordinates": [[[25.798925042426944, 62.72382050256197], [25.798925042426944, 62.7239038358953], [25.79909170909361, 62.7239038358953], [25.79909170909361, 62.72382050256197], [25.798925042426944, 62.72382050256197]]]}}, {"type": "Feature", "properties": {"klasse": "Gebäude"}, "geometry": {"type": "Polygon", "coordinates": [[[25.798758375760276, 62.7239038358953], [25.798758375760276, 62.723987169228636], [25.79884170909361, 62.723987169228636], [25.79884170909361, 62.7239038358953], [25.798758375760276, 62.7239038358953]]]}}, {"type": "Feature", "properties": {"klasse": "Gebäude"}, "geometry": {"type": "Polygon", "coordinates": [[[25.79859170909361, 62.723987169228636], [25.79859170909361, 62.724070502561965], [25.798758375760276, 62.724070502561965], [25.798758375760276, 62.723987169228636], [25.79859170909361, 62.723987169228636]]]}}, {"type": "Feature", "properties": {"klasse": "Gebäude"}, "geometry": {"type": "Polygon", "coordinates": [[[25.797758375760278, 62.7244038358953], [25.797925042426943, 62.7244038358953], [25.797925042426943, 62.72423716922864], [25.79784170909361, 62.72423716922864], [25.79784170909361, 62.7241538358953], [25.797758375760278, 62.7241538358953], [25.797758375760278, 62.724320502561966], [25.79759170909361, 62.724320502561966], [25.79759170909361, 62.7244038358953], [25.79740650095962, 62.7244038358953], [25.7974322, 62.724413199999994], [25.79734170909361, 62.72445928130497], [25.79734170909361, 62.72448716922864], [25.797508375760277, 62.72448716922864], [25.797508375760277, 62.72457050256197], [25.79759170909361, 62.72457050256197], [25.79759170909361, 62.72448716922864], [25.797758375760278, 62.72448716922864], [25.797758375760278, 62.7244038358953]]]}}, {"type": "Feature", "properties": {"klasse": "Gebäude"}, "geometry": {"type": "Polygon", "coordinates": [[[25.79659170909361, 62.724903835895304], [25.79659170909361, 62.72498716922863], [25.796675042426944, 62.72498716922863], [25.796675042426944, 62.724903835895304], [25.79659170909361, 62.724903835895304]]]}}, {"type": "Feature", "properties": {"klasse": "Gebäude"}, "geometry": {"type": "Polygon", "coordinates": [[[25.796175042426945, 62.72532050256197], [25.796258375760278, 62.72532050256197], [25.796258375760278, 62.725237169228635], [25.796175042426945, 62.725237169228635], [25.796175042426945, 62.72532050256197]]]}}, {"type": "Feature", "properties": {"klasse": "Gebäude"}, "geometry": {"type": "Polygon", "coordinates": [[[25.795675042426943, 62.72598716922864], [25.795518822894557, 62.72598716922864], [25.795508375760278, 62.726001532087096], [25.795508375760278, 62.72607050256197], [25.795675042426943, 62.72607050256197], [25.795675042426943, 62.72598716922864]]]}}, {"type": "Feature", "properties": {"klasse": "Gebäude"}, "geometry": {"type": "Polygon", "coordinates": [[[25.793675042426944, 62.72782050256197], [25.793675042426944, 62.727903835895304], [25.79362731345791, 62.727903835895304], [25.793631148708872, 62.72798716922863], [25.793675042426944, 62.72798716922863], [25.793675042426944, 62.72807050256197], [25.793925042426945, 62.72807050256197], [25.793925042426945, 62.727903835895304], [25.79384170909361, 62.727903835895304], [25.79384170909361, 62.72782050256197], [25.793675042426944, 62.72782050256197]]]}}, {"type": "Feature", "properties": {"klasse": "Gebäude"}, "geometry": {"type": "Polygon", "coordinates": [[[25.822258375760278, 62.712903835895304], [25.822258375760278, 62.71298716922863], [25.822675042426944, 62.71298716922863], [25.822675042426944, 62.712903835895304], [25.82259170909361, 62.712903835895304], [25.82259170909361, 62.71282050256197], [25.82250837576028, 62.71282050256197], [25.82250837576028, 62.712903835895304], [25.822258375760278, 62.712903835895304]]]}}, {"type": "Feature", "properties": {"klasse": "Gebäude"}, "geometry": {"type": "Polygon", "coordinates": [[[25.814142378498676, 62.71732050256197], [25.814008375760277, 62.71732050256197], [25.814008375760277, 62.717261687000665], [25.813952515567518, 62.71723716922863], [25.813925042426945, 62.71723716922863], [25.813925042426945, 62.71732050256197], [25.813841709093612, 62.71732050256197], [25.813841709093612, 62.717403835895304], [25.814175042426942, 62.717403835895304], [25.814175042426942, 62.71733483918895], [25.814142378498676, 62.71732050256197]]]}}, {"type": "Feature", "properties": {"klasse": "Gebäude"}, "geometry": {"type": "Polygon", "coordinates": [[[25.81034170909361, 62.71857050256197], [25.81034170909361, 62.7186538358953], [25.810425042426942, 62.7186538358953], [25.810425042426942, 62.71873716922863], [25.810675042426944, 62.71873716922863], [25.810675042426944, 62.71857050256197], [25.81059170909361, 62.71857050256197], [25.81059170909361, 62.71848716922864], [25.81050837576028, 62.71848716922864], [25.81050837576028, 62.71857050256197], [25.81034170909361, 62.71857050256197]]]}}, {"type": "Feature", "properties": {"klasse": "Gebäude"}, "geometry": {"type": "Polygon", "coordinates": [[[25.810925042426945, 62.71882050256197], [25.810925042426945, 62.718903835895304], [25.811008375760277, 62.718903835895304], [25.811008375760277, 62.71882050256197], [25.810925042426945, 62.71882050256197]]]}}, {"type": "Feature", "properties": {"klasse": "Gebäude"}, "geometry": {"type": "Polygon", "coordinates": [[[25.808675042426945, 62.719023102054535], [25.808508375760276, 62.719064153703414], [25.808508375760276, 62.71907050256197], [25.808675042426945, 62.71907050256197], [25.808675042426945, 62.719023102054535]]]}}, {"type": "Feature", "properties": {"klasse": "Gebäude"}, "geometry": {"type": "Polygon", "coordinates": [[[25.808482599862813, 62.71907050256197], [25.808175042426942, 62.71914625700117], [25.808175042426942, 62.7191538358953], [25.808144272675772, 62.7191538358953], [25.8079467, 62.71920249999998], [25.807925042426945, 62.719213372234066], [25.807925042426945, 62.719237169228634], [25.8084241467761, 62.719237169228634], [25.8084315, 62.719225800000004], [25.80846868516193, 62.719237169228634], [25.808508375760276, 62.719237169228634], [25.808508375760276, 62.71907050256197], [25.808482599862813, 62.71907050256197]]]}}, {"type": "Feature", "properties": {"klasse": "Gebäude"}, "geometry": {"type": "Polygon", "coordinates": [[[25.81275837576028, 62.7199038358953], [25.81284170909361, 62.7199038358953], [25.81284170909361, 62.7196538358953], [25.813008375760276, 62.7196538358953], [25.813008375760276, 62.719570502561965], [25.813425042426942, 62.719570502561965], [25.813425042426942, 62.7191538358953], [25.81359170909361, 62.7191538358953], [25.81359170909361, 62.71898716922863], [25.813675042426944, 62.71898716922863], [25.813675042426944, 62.71907050256197], [25.813841709093612, 62.71907050256197], [25.813841709093612, 62.71882050256197], [25.814175042426942, 62.71882050256197], [25.814175042426942, 62.71873716922863], [25.814425042426944, 62.71873716922863], [25.814425042426944, 62.7186538358953], [25.81434170909361, 62.7186538358953], [25.81434170909361, 62.71857050256197], [25.814008375760277, 62.71857050256197], [25.814008375760277, 62.71848716922864], [25.813925042426945, 62.71848716922864], [25.813925042426945, 62.7184038358953], [25.813675042426944, 62.7184038358953], [25.813675042426944, 62.71848716922864], [25.813258375760277, 62.71848716922864], [25.813258375760277, 62.7184038358953], [25.813175042426945, 62.7184038358953], [25.813175042426945, 62.718320502561966], [25.81275837576028, 62.718320502561966], [25.81275837576028, 62.71823716922864], [25.812675042426942, 62.71823716922864], [25.812675042426942, 62.7184038358953], [25.812258375760276, 62.7184038358953], [25.812258375760276, 62.71857050256197], [25.81209170909361, 62.71857050256197], [25.81209170909361, 62.71873716922863], [25.81184170909361, 62.71873716922863], [25.81184170909361, 62.71882050256197], [25.811675042426945, 62.71882050256197], [25.811675042426945, 62.71898716922863], [25.811508375760276, 62.71898716922863], [25.811508375760276, 62.71907050256197], [25.811425042426944, 62.71907050256197], [25.811425042426944, 62.7191538358953], [25.81125837576028, 62.7191538358953], [25.81125837576028, 62.719237169228634], [25.81109170909361, 62.719237169228634], [25.81109170909361, 62.719570502561965], [25.810841709093612, 62.719570502561965], [25.810841709093612, 62.7196538358953], [25.810675042426944, 62.7196538358953], [25.810675042426944, 62.71973716922864], [25.810425042426942, 62.71973716922864], [25.810425042426942, 62.719820502561966], [25.810758375760276, 62.719820502561966], [25.810758375760276, 62.7199038358953], [25.811175042426942, 62.7199038358953], [25.811175042426942, 62.71998716922864], [25.811425042426944, 62.71998716922864], [25.811425042426944, 62.7199038358953], [25.811508375760276, 62.7199038358953], [25.811508375760276, 62.71998716922864], [25.811591709093612, 62.71998716922864], [25.811591709093612, 62.7199038358953], [25.811925042426942, 62.7199038358953], [25.811925042426942, 62.71998716922864], [25.81209170909361, 62.71998716922864], [25.81209170909361, 62.72007050256197], [25.81200837576028, 62.72007050256197], [25.81200837576028, 62.7201538358953], [25.81209170909361, 62.7201538358953], [25.81209170909361, 62.72023716922863], [25.81275837576028, 62.72023716922863], [25.81275837576028, 62.7201538358953], [25.812675042426942, 62.7201538358953], [25.812675042426942, 62.72007050256197], [25.81259170909361, 62.72007050256197], [25.81259170909361, 62.71998716922864], [25.81275837576028, 62.71998716922864], [25.81275837576028, 62.7199038358953]], [[25.812425042426945, 62.7199038358953], [25.812425042426945, 62.719820502561966], [25.812508375760277, 62.719820502561966], [25.812508375760277, 62.7199038358953], [25.812425042426945, 62.7199038358953]], [[25.812175042426944, 62.71998716922864], [25.812175042426944, 62.7199038358953], [25.812341709093612, 62.7199038358953], [25.812341709093612, 62.71998716922864], [25.812175042426944, 62.71998716922864]], [[25.811425042426944, 62.719820502561966], [25.811425042426944, 62.71973716922864], [25.811591709093612, 62.71973716922864], [25.811591709093612, 62.719820502561966], [25.811425042426944, 62.719820502561966]], [[25.81125837576028, 62.7196538358953], [25.81125837576028, 62.719570502561965], [25.81134170909361, 62.719570502561965], [25.81134170909361, 62.7196538358953], [25.81125837576028, 62.7196538358953]], [[25.81125837576028, 62.719820502561966], [25.81125837576028, 62.71973716922864], [25.81134170909361, 62.71973716922864], [25.81134170909361, 62.719820502561966], [25.81125837576028, 62.719820502561966]]]}}, {"type": "Feature", "properties": {"klasse": "Gebäude"}, "geometry": {"type": "Polygon", "coordinates": [[[25.810425042426942, 62.7194038358953], [25.810425042426942, 62.71932050256197], [25.810175042426945, 62.71932050256197], [25.810175042426945, 62.719237169228634], [25.809925042426944, 62.719237169228634], [25.809925042426944, 62.71932050256197], [25.809675042426942, 62.71932050256197], [25.809675042426942, 62.7194038358953], [25.80975837576028, 62.7194038358953], [25.80975837576028, 62.719487169228636], [25.80984170909361, 62.719487169228636], [25.80984170909361, 62.719570502561965], [25.809675042426942, 62.719570502561965], [25.809675042426942, 62.719606008594795], [25.80983147044608, 62.7196538358953], [25.810008375760276, 62.7196538358953], [25.810008375760276, 62.71970792405463], [25.810104027502923, 62.71973716922864], [25.810258375760277, 62.71973716922864], [25.810258375760277, 62.719570502561965], [25.81050837576028, 62.719570502561965], [25.81050837576028, 62.7194038358953], [25.810425042426942, 62.7194038358953]]]}}, {"type": "Feature", "properties": {"klasse": "Gebäude"}, "geometry": {"type": "Polygon", "coordinates": [[[25.813758375760276, 62.7199038358953], [25.813758375760276, 62.719820502561966], [25.813675042426944, 62.719820502561966], [25.813675042426944, 62.71973716922864], [25.81359170909361, 62.71973716922864], [25.81359170909361, 62.7199038358953], [25.813758375760276, 62.7199038358953]]]}}, {"type": "Feature", "properties": {"klasse": "Gebäude"}, "geometry": {"type": "Polygon", "coordinates": [[[25.811591709093612, 62.71998716922864], [25.811591709093612, 62.72007050256197], [25.811758375760277, 62.72007050256197], [25.811758375760277, 62.71998716922864], [25.811591709093612, 62.71998716922864]]]}}, {"type": "Feature", "properties": {"klasse": "Gebäude"}, "geometry": {"type": "Polygon", "coordinates": [[[25.807091709093612, 62.72007050256197], [25.807091709093612, 62.7201538358953], [25.807258375760277, 62.7201538358953], [25.807258375760277, 62.72007050256197], [25.807091709093612, 62.72007050256197]]]}}, {"type": "Feature", "properties": {"klasse": "Gebäude"}, "geometry": {"type": "Polygon", "coordinates": [[[25.806509013593217, 62.71998716922864], [25.806508375760277, 62.71998759213071], [25.806508375760277, 62.72007050256197], [25.806383327888156, 62.72007050256197], [25.806341709093612, 62.72009809705155], [25.806341709093612, 62.72023716922863], [25.806425042426945, 62.72023716922863], [25.806425042426945, 62.72032050256197], [25.80675837576028, 62.72032050256197], [25.80675837576028, 62.72007050256197], [25.806675042426946, 62.72007050256197], [25.806675042426946, 62.71998716922864], [25.806509013593217, 62.71998716922864]]]}}, {"type": "Feature", "properties": {"klasse": "Gebäude"}, "geometry": {"type": "Polygon", "coordinates": [[[25.893425042426944, 62.72273716922864], [25.894008375760276, 62.72273716922864], [25.894008375760276, 62.7226538358953], [25.893758375760278, 62.7226538358953], [25.893758375760278, 62.722570502561965], [25.893258375760276, 62.722570502561965], [25.893258375760276, 62.7226538358953], [25.893425042426944, 62.7226538358953], [25.893425042426944, 62.72273716922864]]]}}, {"type": "Feature", "properties": {"klasse": "Gebäude"}, "geometry": {"type": "Polygon", "coordinates": [[[25.892508375760276, 62.7226538358953], [25.892508375760276, 62.722820502561966], [25.89284170909361, 62.722820502561966], [25.89284170909361, 62.7226538358953], [25.892508375760276, 62.7226538358953]]]}}, {"type": "Feature", "properties": {"klasse": "Gebäude"}, "geometry": {"type": "Polygon", "coordinates": [[[25.892258375760278, 62.722820502561966], [25.892258375760278, 62.7229038358953], [25.892425042426943, 62.7229038358953], [25.892425042426943, 62.722820502561966], [25.892258375760278, 62.722820502561966]]]}}, {"type": "Feature", "properties": {"klasse": "Gebäude"}, "geometry": {"type": "Polygon", "coordinates": [[[25.944258375760278, 62.75805040497944], [25.944197837529753, 62.75807050256197], [25.944258375760278, 62.75807050256197], [25.944258375760278, 62.75805040497944]]]}}, {"type": "Feature", "properties": {"klasse": "Gebäude"}, "geometry": {"type": "Polygon", "coordinates": [[[25.939925042426943, 62.7586538358953], [25.940508375760277, 62.7586538358953], [25.940508375760277, 62.758570502561966], [25.94059170909361, 62.758570502561966], [25.94059170909361, 62.7586538358953], [25.940925042426944, 62.7586538358953], [25.940925042426944, 62.758570502561966], [25.94113111625306, 62.758570502561966], [25.941125668551, 62.75848716922864], [25.939925042426943, 62.75848716922864], [25.939925042426943, 62.758570502561966], [25.93920787403226, 62.758570502561966], [25.93927466020017, 62.7586538358953], [25.93984170909361, 62.7586538358953], [25.93984170909361, 62.75873716922864], [25.939925042426943, 62.75873716922864], [25.939925042426943, 62.7586538358953]]]}}, {"type": "Feature", "properties": {"klasse": "Wald"}, "geometry": {"type": "Polygon", "coordinates": [[[25.7981361, 62.7167003], [25.799538100000003, 62.7166389], [25.7996582, 62.71688890000001], [25.79925, 62.71724999999999], [25.799008375760277, 62.7172620731846], [25.799008375760277, 62.71732050256197], [25.79859170909361, 62.71732050256197], [25.79859170909361, 62.717282892675186], [25.797745, 62.7173252], [25.796828300000005, 62.71737109999999], [25.7962264, 62.717401200000005], [25.794250000000005, 62.7175], [25.7928124, 62.71744120000001], [25.79175, 62.71724999999999], [25.791642, 62.71725370000001], [25.791425042426944, 62.717261139393464], [25.791425042426944, 62.71748573122866], [25.791425042426944, 62.7176448034052], [25.791425042426944, 62.72832010035854], [25.793533, 62.728625799999996], [25.7940328, 62.728497400000016], [25.7942219, 62.728521900000004], [25.79484170909361, 62.727677415531666], [25.79484170909361, 62.7276538358953], [25.794859015359844, 62.7276538358953], [25.794925042426943, 62.72756387459395], [25.794925042426943, 62.7274038358953], [25.795042502776386, 62.7274038358953], [25.79509170909361, 62.7273367927185], [25.79509170909361, 62.72723716922864], [25.795164827720743, 62.72723716922864], [25.795258375760277, 62.727109710843074], [25.795258375760277, 62.727070502561965], [25.795287152665104, 62.727070502561965], [25.79534170909361, 62.726996169905355], [25.79534170909361, 62.7266538358953], [25.795508375760278, 62.7266538358953], [25.795508375760278, 62.72648716922863], [25.795675042426943, 62.72648716922863], [25.795675042426943, 62.726403835895304], [25.79575837576028, 62.726403835895304], [25.79575837576028, 62.72632050256197], [25.795675042426943, 62.72632050256197], [25.795675042426943, 62.72623716922863], [25.795508375760278, 62.72623716922863], [25.795508375760278, 62.7261538358953], [25.79575837576028, 62.7261538358953], [25.79575837576028, 62.72607050256197], [25.795925042426944, 62.72607050256197], [25.795925042426944, 62.72598716922864], [25.796082264803434, 62.72598716922864], [25.79609170909361, 62.72597430146589], [25.79609170909361, 62.7259038358953], [25.796143427275616, 62.7259038358953], [25.796326914692155, 62.7256538358953], [25.795925042426944, 62.7256538358953], [25.795925042426944, 62.725432445284085], [25.795955792447298, 62.7254038358953], [25.796175042426945, 62.7254038358953], [25.796175042426945, 62.725237169228635], [25.79634170909361, 62.725237169228635], [25.79634170909361, 62.7251538358953], [25.79659170909361, 62.7251538358953], [25.79659170909361, 62.72507050256197], [25.796675042426944, 62.72507050256197], [25.796675042426944, 62.72498716922863], [25.796758375760277, 62.72498716922863], [25.796758375760277, 62.724903835895304], [25.79687737694177, 62.724903835895304], [25.796925042426945, 62.7248388920887], [25.796925042426945, 62.72482050256197], [25.796943337985876, 62.72482050256197], [25.797175042426943, 62.724743824305286], [25.797175042426943, 62.72473716922863], [25.797195152571366, 62.72473716922863], [25.79734170909361, 62.724688669085175], [25.79734170909361, 62.72457050256197], [25.797508375760277, 62.72457050256197], [25.797508375760277, 62.72448716922864], [25.79734170909361, 62.72448716922864], [25.79734170909361, 62.72445928130497], [25.7974322, 62.724413199999994], [25.79740650095962, 62.7244038358953], [25.79759170909361, 62.7244038358953], [25.79759170909361, 62.724320502561966], [25.797758375760278, 62.724320502561966], [25.797758375760278, 62.7241538358953], [25.797675042426945, 62.7241538358953], [25.797675042426945, 62.724070502561965], [25.797175042426943, 62.724070502561965], [25.797175042426943, 62.7241538358953], [25.797008375760278, 62.7241538358953], [25.797008375760278, 62.7239691517863], [25.797311109985355, 62.72382050256197], [25.797425042426944, 62.72382050256197], [25.797425042426944, 62.723764559204184], [25.797650537953498, 62.7236538358953], [25.798258375760277, 62.7236538358953], [25.798258375760277, 62.723737169228635], [25.798508375760278, 62.723737169228635], [25.798508375760278, 62.72382050256197], [25.798675042426943, 62.72382050256197], [25.798675042426943, 62.7239038358953], [25.79884170909361, 62.7239038358953], [25.79884170909361, 62.723987169228636], [25.799175042426945, 62.723987169228636], [25.799175042426945, 62.7239038358953], [25.799425042426943, 62.7239038358953], [25.799425042426943, 62.72382050256197], [25.79934170909361, 62.72382050256197], [25.79934170909361, 62.723737169228635], [25.799508375760276, 62.723737169228635], [25.799508375760276, 62.7236538358953], [25.79984170909361, 62.7236538358953], [25.79984170909361, 62.723737169228635], [25.80009170909361, 62.723737169228635], [25.80009170909361, 62.7236538358953], [25.800341709093612, 62.7236538358953], [25.800341709093612, 62.72348716922863], [25.800508375760277, 62.72348716922863], [25.800508375760277, 62.723403835895304], [25.800925042426943, 62.723403835895304], [25.800925042426943, 62.72332050256197], [25.801008375760276, 62.72332050256197], [25.801008375760276, 62.723403835895304], [25.801091709093612, 62.723403835895304], [25.801091709093612, 62.72332050256197], [25.801484851471226, 62.72332050256197], [25.801508375760278, 62.723312760177755], [25.801508375760278, 62.72323716922863], [25.801675042426943, 62.72323716922863], [25.801675042426943, 62.7231538358953], [25.801925042426944, 62.7231538358953], [25.801925042426944, 62.72307050256197], [25.802008375760277, 62.72307050256197], [25.802008375760277, 62.72314819868561], [25.80209170909361, 62.72312077177025], [25.80209170909361, 62.72307050256197], [25.802248929396324, 62.72307050256197], [25.802508375760276, 62.72302896931025], [25.802508375760276, 62.72298716922864], [25.802591709093612, 62.72298716922864], [25.802591709093612, 62.72301562896406], [25.802675042426944, 62.723002288617884], [25.802675042426944, 62.72298716922864], [25.802769488934345, 62.72298716922864], [25.80309170909361, 62.72293558688699], [25.80309170909361, 62.7229038358953], [25.803362363191745, 62.7229038358953], [25.803508375760277, 62.72290256773437], [25.803508375760277, 62.722820502561966], [25.80359170909361, 62.722820502561966], [25.80359170909361, 62.72290184396053], [25.803675042426946, 62.722901120186684], [25.803675042426946, 62.722820502561966], [25.804008375760276, 62.722820502561966], [25.804008375760276, 62.72289822509132], [25.8044603, 62.7228943], [25.804675042426943, 62.72283361922943], [25.804675042426943, 62.722820502561966], [25.804721460838852, 62.722820502561966], [25.80525837576028, 62.72266878400486], [25.80525837576028, 62.7226538358953], [25.805311275439937, 62.7226538358953], [25.805425042426943, 62.72262168822641], [25.805425042426943, 62.722570502561965], [25.80560618274049, 62.722570502561965], [25.80584170909361, 62.72250394878029], [25.80584170909361, 62.722487169228636], [25.80590109004102, 62.722487169228636], [25.805993700000002, 62.722460999999974], [25.80607563412318, 62.722487169228636], [25.806341709093612, 62.722487169228636], [25.806341709093612, 62.722570502561965], [25.806508375760277, 62.722570502561965], [25.806508375760277, 62.722625384106806], [25.806597456427248, 62.7226538358953], [25.806925042426943, 62.7226538358953], [25.806925042426943, 62.72273716922864], [25.807091709093612, 62.72273716922864], [25.807091709093612, 62.722811696998114], [25.80711927873132, 62.722820502561966], [25.80750837576028, 62.722820502561966], [25.80750837576028, 62.7229038358953], [25.807675042426943, 62.7229038358953], [25.807675042426943, 62.72298716922864], [25.807925042426945, 62.72298716922864], [25.807925042426945, 62.72307050256197], [25.808008375760277, 62.72307050256197], [25.808008375760277, 62.72298716922864], [25.808508375760276, 62.72298716922864], [25.808508375760276, 62.72307050256197], [25.808591709093612, 62.72307050256197], [25.808591709093612, 62.7231538358953], [25.80975837576028, 62.7231538358953], [25.80975837576028, 62.72307050256197], [25.80984170909361, 62.72307050256197], [25.80984170909361, 62.7231538358953], [25.81050837576028, 62.7231538358953], [25.81050837576028, 62.72307050256197], [25.810425042426942, 62.72307050256197], [25.810425042426942, 62.723052317025434], [25.810231, 62.72305870000001], [25.8085986, 62.72286460000001], [25.807391196683476, 62.7224038358953], [25.80734170909361, 62.7224038358953], [25.80734170909361, 62.72238495065229], [25.80717282693199, 62.72232050256197], [25.807008375760276, 62.72232050256197], [25.807008375760276, 62.72225774540712], [25.8045212, 62.721308599999986], [25.8042309, 62.72119780000001], [25.803322, 62.71961279999999], [25.804904, 62.719266399999995], [25.804841709093612, 62.719252285162796], [25.804841709093612, 62.71898716922863], [25.805008375760277, 62.71898716922863], [25.805008375760277, 62.718903835895304], [25.80509170909361, 62.718903835895304], [25.80509170909361, 62.71898716922863], [25.80534170909361, 62.71898716922863], [25.80534170909361, 62.71907050256197], [25.80634664629563, 62.71907050256197], [25.8063568, 62.71907739999998], [25.807204200000005, 62.71944349999999], [25.8055557, 62.719948299999984], [25.8059651, 62.7203478], [25.805675042426945, 62.72056713868309], [25.805675042426945, 62.72057050256197], [25.805758375760277, 62.72057050256197], [25.805758375760277, 62.7206538358953], [25.805675042426945, 62.7206538358953], [25.805675042426945, 62.720737169228634], [25.805508375760276, 62.720737169228634], [25.805508375760276, 62.72082050256197], [25.805675042426945, 62.72082050256197], [25.805675042426945, 62.720865388738204], [25.80587910455791, 62.7209038358953], [25.806675042426946, 62.7209038358953], [25.806675042426946, 62.720737169228634], [25.806925042426943, 62.720737169228634], [25.806925042426943, 62.72057050256197], [25.807091709093612, 62.72057050256197], [25.807091709093612, 62.720403835895304], [25.807379847999986, 62.720403835895304], [25.8074338, 62.7200694], [25.80750837576028, 62.72004557973259], [25.80750837576028, 62.71998716922864], [25.807675042426943, 62.71998716922864], [25.807675042426943, 62.7199038358953], [25.807925042426945, 62.7199038358953], [25.807925042426945, 62.71973716922864], [25.80809170909361, 62.71973716922864], [25.80809170909361, 62.719570502561965], [25.80820855830371, 62.719570502561965], [25.80825837576028, 62.719493477020336], [25.80825837576028, 62.719487169228636], [25.80809170909361, 62.719487169228636], [25.80809170909361, 62.719237169228634], [25.807925042426945, 62.719237169228634], [25.807925042426945, 62.719213372234066], [25.8079467, 62.71920249999998], [25.808144272675772, 62.7191538358953], [25.808175042426942, 62.7191538358953], [25.808175042426942, 62.71914625700117], [25.808482599862813, 62.71907050256197], [25.808508375760276, 62.71907050256197], [25.808508375760276, 62.719064153703414], [25.808675042426945, 62.719023102054535], [25.808675042426945, 62.71907050256197], [25.808925042426942, 62.71907050256197], [25.808925042426942, 62.71898716922863], [25.809341709093612, 62.71898716922863], [25.809341709093612, 62.718903835895304], [25.809925042426944, 62.718903835895304], [25.809925042426944, 62.71882050256197], [25.810008375760276, 62.71882050256197], [25.810008375760276, 62.718903835895304], [25.810425042426942, 62.718903835895304], [25.810425042426942, 62.71898716922863], [25.81059170909361, 62.71898716922863], [25.81059170909361, 62.71907050256197], [25.809925042426944, 62.71907050256197], [25.809925042426944, 62.719237169228634], [25.810175042426945, 62.719237169228634], [25.810175042426945, 62.71932050256197], [25.810425042426942, 62.71932050256197], [25.810425042426942, 62.7194038358953], [25.81050837576028, 62.7194038358953], [25.81050837576028, 62.719570502561965], [25.810258375760277, 62.719570502561965], [25.810258375760277, 62.71973716922864], [25.810175042426945, 62.71973716922864], [25.810175042426945, 62.71975888178455], [25.81037658455974, 62.719820502561966], [25.810425042426942, 62.719820502561966], [25.810425042426942, 62.71973716922864], [25.810675042426944, 62.71973716922864], [25.810675042426944, 62.7196538358953], [25.810841709093612, 62.7196538358953], [25.810841709093612, 62.719570502561965], [25.81109170909361, 62.719570502561965], [25.81109170909361, 62.719237169228634], [25.81125837576028, 62.719237169228634], [25.81125837576028, 62.7191538358953], [25.811425042426944, 62.7191538358953], [25.811425042426944, 62.71907050256197], [25.811508375760276, 62.71907050256197], [25.811508375760276, 62.71898716922863], [25.811675042426945, 62.71898716922863], [25.811675042426945, 62.71882050256197], [25.81184170909361, 62.71882050256197], [25.81184170909361, 62.71873716922863], [25.81209170909361, 62.71873716922863], [25.81209170909361, 62.71857050256197], [25.812258375760276, 62.71857050256197], [25.812258375760276, 62.7184038358953], [25.812675042426942, 62.7184038358953], [25.812675042426942, 62.71823716922864], [25.81275837576028, 62.71823716922864], [25.81275837576028, 62.718320502561966], [25.813175042426945, 62.718320502561966], [25.813175042426945, 62.7184038358953], [25.813258375760277, 62.7184038358953], [25.813258375760277, 62.71848716922864], [25.813675042426944, 62.71848716922864], [25.813675042426944, 62.7184038358953], [25.813925042426945, 62.7184038358953], [25.813925042426945, 62.71848716922864], [25.814175042426942, 62.71848716922864], [25.814175042426942, 62.71857050256197], [25.81434170909361, 62.71857050256197], [25.81434170909361, 62.7186538358953], [25.814425042426944, 62.7186538358953], [25.814425042426944, 62.71873716922863], [25.814175042426942, 62.71873716922863], [25.814175042426942, 62.71882050256197], [25.813841709093612, 62.71882050256197], [25.813841709093612, 62.71907050256197], [25.813675042426944, 62.71907050256197], [25.813675042426944, 62.71898716922863], [25.81359170909361, 62.71898716922863], [25.81359170909361, 62.7191538358953], [25.813425042426942, 62.7191538358953], [25.813425042426942, 62.719570502561965], [25.813008375760276, 62.719570502561965], [25.813008375760276, 62.7196538358953], [25.81284170909361, 62.7196538358953], [25.81284170909361, 62.7199038358953], [25.81275837576028, 62.7199038358953], [25.81275837576028, 62.71998716922864], [25.812675042426942, 62.71998716922864], [25.812675042426942, 62.7201538358953], [25.81275837576028, 62.7201538358953], [25.81275837576028, 62.72023716922863], [25.81284170909361, 62.72023716922863], [25.81284170909361, 62.72032050256197], [25.812925042426944, 62.72032050256197], [25.812925042426944, 62.720403835895304], [25.813008375760276, 62.720403835895304], [25.813008375760276, 62.72048716922863], [25.813091709093612, 62.72048716922863], [25.813091709093612, 62.7209038358953], [25.813175042426945, 62.7209038358953], [25.813175042426945, 62.720987169228636], [25.812925042426944, 62.720987169228636], [25.812925042426944, 62.721051927310725], [25.8129795, 62.721083400000005], [25.81275837576028, 62.721312125715905], [25.81275837576028, 62.721320502561966], [25.812750277310528, 62.721320502561966], [25.812508375760277, 62.721570719839484], [25.812508375760277, 62.7216538358953], [25.812428021985543, 62.7216538358953], [25.812425042426945, 62.72165691788068], [25.812425042426945, 62.72173716922863], [25.812347458154303, 62.72173716922863], [25.812341709093612, 62.721743115921875], [25.812341709093612, 62.721903835895304], [25.81218633049181, 62.721903835895304], [25.81209170909361, 62.72200171004546], [25.81209170909361, 62.72207050256197], [25.81202520282932, 62.72207050256197], [25.81200837576028, 62.72208790808666], [25.81200837576028, 62.7221538358953], [25.811944638998078, 62.7221538358953], [25.811925042426942, 62.72217410612785], [25.811925042426942, 62.722237169228634], [25.81186407516683, 62.722237169228634], [25.81134170909361, 62.72277749241621], [25.81134170909361, 62.722820502561966], [25.811300128348122, 62.722820502561966], [25.8110974, 62.7230302], [25.810758375760276, 62.72304135211315], [25.810758375760276, 62.72307050256197], [25.810841709093612, 62.72307050256197], [25.810841709093612, 62.7231538358953], [25.811008375760277, 62.7231538358953], [25.811008375760277, 62.72323716922863], [25.811425042426944, 62.72323716922863], [25.811425042426944, 62.72328386857589], [25.8114974, 62.723286499999986], [25.81147424409148, 62.72332050256197], [25.811508375760276, 62.72332050256197], [25.811508375760276, 62.723403835895304], [25.811417493690016, 62.723403835895304], [25.811299500000004, 62.7235771], [25.810925042426945, 62.72381637591789], [25.810925042426945, 62.72382050256197], [25.810918584388297, 62.72382050256197], [25.81050837576028, 62.72408262316804], [25.81050837576028, 62.7241538358953], [25.81039693059164, 62.7241538358953], [25.8096782, 62.724613099999985], [25.808430785835206, 62.72457050256197], [25.807841709093612, 62.72457050256197], [25.807841709093612, 62.724550386420354], [25.80675837576028, 62.72451339211179], [25.80675837576028, 62.72457050256197], [25.806564899096017, 62.72457050256197], [25.806508375760277, 62.72461387399699], [25.806508375760277, 62.72473716922863], [25.806347692633935, 62.72473716922863], [25.806341709093612, 62.724741760513396], [25.806341709093612, 62.72482050256197], [25.806258375760276, 62.72482050256197], [25.806258375760276, 62.724903835895304], [25.806175042426943, 62.724903835895304], [25.806175042426943, 62.72498716922863], [25.806021882940808, 62.72498716922863], [25.805925042426946, 62.72506147680443], [25.805925042426946, 62.72507050256197], [25.805913279709763, 62.72507050256197], [25.8049584, 62.72580320000001], [25.804175042426944, 62.72545154262942], [25.804175042426944, 62.725487169228636], [25.804106919693243, 62.725487169228636], [25.803925042426943, 62.72587810948215], [25.803925042426943, 62.72605730710456], [25.8040827, 62.72620349999999], [25.8034022, 62.726829999999985], [25.803341709093612, 62.726973498665586], [25.803341709093612, 62.72723716922864], [25.803230560524526, 62.72723716922864], [25.80316030330165, 62.7274038358953], [25.803258375760276, 62.7274038358953], [25.803258375760276, 62.72748716922864], [25.80312517469021, 62.72748716922864], [25.80309170909361, 62.7275665574994], [25.80309170909361, 62.72757050256197], [25.803090046078772, 62.72757050256197], [25.802925042426946, 62.72796193005528], [25.802925042426946, 62.72807050256197], [25.80287927441014, 62.72807050256197], [25.8022583, 62.72954360000001], [25.802527995629355, 62.73073716922863], [25.802591709093612, 62.73073716922863], [25.802591709093612, 62.7304038358953], [25.802758375760277, 62.7304038358953], [25.802758375760277, 62.730320502561966], [25.803008375760278, 62.730320502561966], [25.803008375760278, 62.730070502561965], [25.803175042426943, 62.730070502561965], [25.803175042426943, 62.72957050256197], [25.803258375760276, 62.72957050256197], [25.803258375760276, 62.72907050256197], [25.803425042426944, 62.72907050256197], [25.803425042426944, 62.72832050256197], [25.803675042426946, 62.72832050256197], [25.803675042426946, 62.72807050256197], [25.80384170909361, 62.72807050256197], [25.80384170909361, 62.72773716922863], [25.804091709093612, 62.72773716922863], [25.804091709093612, 62.7271538358953], [25.804258375760277, 62.7271538358953], [25.804258375760277, 62.726987169228636], [25.80434170909361, 62.726987169228636], [25.80434170909361, 62.72682050256197], [25.80450837576028, 62.72682050256197], [25.80450837576028, 62.72657050256197], [25.804675042426943, 62.72657050256197], [25.804675042426943, 62.726403835895304], [25.804758375760276, 62.726403835895304], [25.804758375760276, 62.72632050256197], [25.804925042426945, 62.72632050256197], [25.804925042426945, 62.72607050256197], [25.80509170909361, 62.72607050256197], [25.80509170909361, 62.7259038358953], [25.80534170909361, 62.7259038358953], [25.80534170909361, 62.7256538358953], [25.805508375760276, 62.7256538358953], [25.805508375760276, 62.725570502561965], [25.805925042426946, 62.725570502561965], [25.805925042426946, 62.725487169228636], [25.80609170909361, 62.725487169228636], [25.80609170909361, 62.7254038358953], [25.806341709093612, 62.7254038358953], [25.806341709093612, 62.72532050256197], [25.806508375760277, 62.72532050256197], [25.806508375760277, 62.725237169228635], [25.806925042426943, 62.725237169228635], [25.806925042426943, 62.7251538358953], [25.807091709093612, 62.7251538358953], [25.807091709093612, 62.72507050256197], [25.80734170909361, 62.72507050256197], [25.80734170909361, 62.72498716922863], [25.80750837576028, 62.72498716922863], [25.80750837576028, 62.724903835895304], [25.807675042426943, 62.724903835895304], [25.807675042426943, 62.72482050256197], [25.80809170909361, 62.72482050256197], [25.80809170909361, 62.72473716922863], [25.808591709093612, 62.72473716922863], [25.808591709093612, 62.72482050256197], [25.80900837576028, 62.72482050256197], [25.80900837576028, 62.724903835895304], [25.809675042426942, 62.724903835895304], [25.809675042426942, 62.72482050256197], [25.810425042426942, 62.72482050256197], [25.810425042426942, 62.72473716922863], [25.811008375760277, 62.72473716922863], [25.811008375760277, 62.7246538358953], [25.81125837576028, 62.7246538358953], [25.81125837576028, 62.7244038358953], [25.811425042426944, 62.7244038358953], [25.811425042426944, 62.72423716922864], [25.811675042426945, 62.72423716922864], [25.811675042426945, 62.724070502561965], [25.81184170909361, 62.724070502561965], [25.81184170909361, 62.72382050256197], [25.811925042426942, 62.72382050256197], [25.811925042426942, 62.7239038358953], [25.81209170909361, 62.7239038358953], [25.81209170909361, 62.7236538358953], [25.812258375760276, 62.7236538358953], [25.812258375760276, 62.72348716922863], [25.812425042426945, 62.72348716922863], [25.812425042426945, 62.723403835895304], [25.812508375760277, 62.723403835895304], [25.812508375760277, 62.72323716922863], [25.812675042426942, 62.72323716922863], [25.812675042426942, 62.72207050256197], [25.812925042426944, 62.72207050256197], [25.812925042426944, 62.721903835895304], [25.813091709093612, 62.721903835895304], [25.813091709093612, 62.72182050256197], [25.81334170909361, 62.72182050256197], [25.81334170909361, 62.72157050256197], [25.81350837576028, 62.72157050256197], [25.81350837576028, 62.72123716922864], [25.813758375760276, 62.72123716922864], [25.813758375760276, 62.720987169228636], [25.813925042426945, 62.720987169228636], [25.813925042426945, 62.720403835895304], [25.814175042426942, 62.720403835895304], [25.814175042426942, 62.71998716922864], [25.81434170909361, 62.71998716922864], [25.81434170909361, 62.71973716922864], [25.814758375760277, 62.71973716922864], [25.814758375760277, 62.7196538358953], [25.815175042426944, 62.7196538358953], [25.815175042426944, 62.719570502561965], [25.815341709093612, 62.719570502561965], [25.815341709093612, 62.719487169228636], [25.81559170909361, 62.719487169228636], [25.81559170909361, 62.71932050256197], [25.815675042426943, 62.71932050256197], [25.815675042426943, 62.7194038358953], [25.816175042426945, 62.7194038358953], [25.816175042426945, 62.71932050256197], [25.81634170909361, 62.71932050256197], [25.81634170909361, 62.7191538358953], [25.81650837576028, 62.7191538358953], [25.81650837576028, 62.71907050256197], [25.816925042426945, 62.71907050256197], [25.816925042426945, 62.71898716922863], [25.81734170909361, 62.71898716922863], [25.81734170909361, 62.718903835895304], [25.817508375760276, 62.718903835895304], [25.817508375760276, 62.71882050256197], [25.817758375760278, 62.71882050256197], [25.817758375760278, 62.7186538358953], [25.81784170909361, 62.7186538358953], [25.81784170909361, 62.71873716922863], [25.817925042426943, 62.71873716922863], [25.817925042426943, 62.7186538358953], [25.81809170909361, 62.7186538358953], [25.81809170909361, 62.71857050256197], [25.818175042426944, 62.71857050256197], [25.818175042426944, 62.7184038358953], [25.81834170909361, 62.7184038358953], [25.81834170909361, 62.71823716922864], [25.818258375760276, 62.71823716922864], [25.818258375760276, 62.7181538358953], [25.818175042426944, 62.7181538358953], [25.818175042426944, 62.71823716922864], [25.817784948292328, 62.71823716922864], [25.817758375760278, 62.718252017886265], [25.817758375760278, 62.718320502561966], [25.81763581847018, 62.718320502561966], [25.8164744, 62.7189695], [25.816258375760277, 62.71890400784278], [25.816258375760277, 62.71898716922863], [25.816175042426945, 62.71898716922863], [25.816175042426945, 62.71907050256197], [25.815925042426944, 62.71907050256197], [25.815925042426944, 62.71898716922863], [25.816008375760276, 62.71898716922863], [25.816008375760276, 62.718903835895304], [25.815925042426944, 62.718903835895304], [25.815925042426944, 62.718802951039606], [25.815708062771574, 62.71873716922863], [25.815341709093612, 62.71873716922863], [25.815341709093612, 62.7186538358953], [25.81509170909361, 62.7186538358953], [25.81509170909361, 62.71857050256197], [25.81505797014466, 62.71857050256197], [25.8148114, 62.7186351], [25.814164293403422, 62.718320502561966], [25.813925042426945, 62.718320502561966], [25.813925042426945, 62.71823716922864], [25.813758375760276, 62.71823716922864], [25.813758375760276, 62.7181538358953], [25.81359170909361, 62.7181538358953], [25.81359170909361, 62.71807050256197], [25.813425042426942, 62.71807050256197], [25.813425042426942, 62.717961108198665], [25.8133952, 62.7179466], [25.813425042426942, 62.71790759985212], [25.813425042426942, 62.7179038358953], [25.813427922559775, 62.7179038358953], [25.81350837576028, 62.717798694087534], [25.81350837576028, 62.7176538358953], [25.813619219443034, 62.7176538358953], [25.813675042426944, 62.71758088255837], [25.813675042426944, 62.71757050256197], [25.813682985070784, 62.71757050256197], [25.8136849, 62.71756800000001], [25.81369752410545, 62.71757050256197], [25.81409170909361, 62.71757050256197], [25.81409170909361, 62.71748716922863], [25.814175042426942, 62.71748716922863], [25.814175042426942, 62.717403835895304], [25.813841709093612, 62.717403835895304], [25.813841709093612, 62.71732050256197], [25.813925042426945, 62.71732050256197], [25.813925042426945, 62.71723716922863], [25.813952515567518, 62.71723716922863], [25.8138995, 62.71721389999997], [25.814114100000005, 62.7170909], [25.814508375760276, 62.71715982039949], [25.814508375760276, 62.7171538358953], [25.814591709093612, 62.7171538358953], [25.814591709093612, 62.71717438727679], [25.814950868384273, 62.71723716922863], [25.815258375760276, 62.71723716922863], [25.815258375760276, 62.7171538358953], [25.81529370367419, 62.7171538358953], [25.8155113, 62.7171828], [25.81557249582378, 62.7171538358953], [25.81575837576028, 62.7171538358953], [25.81575837576028, 62.71723716922863], [25.81709170909361, 62.71723716922863], [25.81709170909361, 62.717311129689925], [25.8170015, 62.7173576], [25.817675042426945, 62.71756833064687], [25.817675042426945, 62.71757050256197], [25.817681984354895, 62.71757050256197], [25.817925042426943, 62.717646547934464], [25.817925042426943, 62.7176538358953], [25.817948336384887, 62.7176538358953], [25.8187623, 62.71790850000001], [25.818769294685733, 62.7179038358953], [25.81950837576028, 62.7179038358953], [25.81950837576028, 62.71782050256197], [25.819758375760276, 62.71782050256197], [25.819758375760276, 62.71775], [25.82, 62.71775], [25.820029938466526, 62.717737169228634], [25.82009170909361, 62.717737169228634], [25.82009170909361, 62.71771069610274], [25.8203241, 62.7176111], [25.8216213, 62.717452400000006], [25.821832136357695, 62.717403835895304], [25.821925042426944, 62.717403835895304], [25.821925042426944, 62.717382435885725], [25.8225, 62.717249999999986], [25.82276445128788, 62.7171538358953], [25.822925042426945, 62.7171538358953], [25.822925042426945, 62.717095439117465], [25.82299361795456, 62.71707050256197], [25.82309170909361, 62.71707050256197], [25.82309170909361, 62.71703483305686], [25.823222784621215, 62.71698716922864], [25.82325837576028, 62.71698716922864], [25.82325837576028, 62.71697422699625], [25.823451951287893, 62.7169038358953], [25.824258375760277, 62.7169038358953], [25.824258375760277, 62.716820502561966], [25.824425042426945, 62.716820502561966], [25.824425042426945, 62.71673716922864], [25.824508375760278, 62.71673716922864], [25.824508375760278, 62.71657050256197], [25.824675042426943, 62.71657050256197], [25.824675042426943, 62.716459075481104], [25.824826951287914, 62.7164038358953], [25.82484170909361, 62.7164038358953], [25.82484170909361, 62.7163984694205], [25.82505611795457, 62.71632050256197], [25.82509170909361, 62.71632050256197], [25.82509170909361, 62.71630756032959], [25.825250000000004, 62.716249999999995], [25.825309832479345, 62.71607050256197], [25.82550837576028, 62.71607050256197], [25.82550837576028, 62.715903835895304], [25.82559170909361, 62.715903835895304], [25.82559170909361, 62.71582050256197], [25.82550837576028, 62.71582050256197], [25.82550837576028, 62.7156538358953], [25.825675042426944, 62.7156538358953], [25.825675042426944, 62.71548716922864], [25.825925042426945, 62.71548716922864], [25.825925042426945, 62.71507050256197], [25.82609170909361, 62.71507050256197], [25.82609170909361, 62.714737169228634], [25.826008375760278, 62.714737169228634], [25.826008375760278, 62.7146538358953], [25.825925042426945, 62.7146538358953], [25.825925042426945, 62.71457050256197], [25.82609170909361, 62.71457050256197], [25.82609170909361, 62.714403835895304], [25.82634170909361, 62.714403835895304], [25.82634170909361, 62.7141538358953], [25.826508375760277, 62.7141538358953], [25.826508375760277, 62.71407050256197], [25.826758375760278, 62.71407050256197], [25.826758375760278, 62.71398716922864], [25.826925042426943, 62.71398716922864], [25.826925042426943, 62.7139038358953], [25.82709170909361, 62.7139038358953], [25.82709170909361, 62.713820502561965], [25.82734170909361, 62.713820502561965], [25.82734170909361, 62.7134038358953], [25.82775837576028, 62.7134038358953], [25.82775837576028, 62.71332050256197], [25.827925042426944, 62.71332050256197], [25.827925042426944, 62.71307050256197], [25.828175042426945, 62.71307050256197], [25.828175042426945, 62.71282050256197], [25.82834170909361, 62.71282050256197], [25.82834170909361, 62.71273716922863], [25.828508375760276, 62.71273716922863], [25.828508375760276, 62.71257050256197], [25.828758375760277, 62.71257050256197], [25.828758375760277, 62.7124038358953], [25.828925042426945, 62.7124038358953], [25.828925042426945, 62.7121538358953], [25.829175042426943, 62.7121538358953], [25.829175042426943, 62.711987169228635], [25.82934170909361, 62.711987169228635], [25.82934170909361, 62.71176336361548], [25.8294514, 62.711750999999985], [25.829464351328063, 62.711737169228634], [25.82959170909361, 62.711737169228634], [25.82959170909361, 62.7116011633977], [25.8296984548306, 62.71148716922863], [25.829758375760278, 62.71148716922863], [25.829758375760278, 62.711423179445234], [25.82985452383228, 62.71132050256197], [25.829925042426943, 62.71132050256197], [25.829925042426943, 62.711245195492765], [25.82993255833313, 62.71123716922863], [25.830008375760276, 62.71123716922863], [25.830008375760276, 62.71115620351654], [25.830088627334817, 62.71107050256197], [25.830175042426944, 62.71107050256197], [25.830175042426944, 62.71097821956407], [25.83032273083735, 62.710820502561965], [25.83034170909361, 62.710820502561965], [25.83034170909361, 62.71080023561161], [25.830478799839035, 62.7106538358953], [25.83059170909361, 62.7106538358953], [25.83059170909361, 62.71057050256197], [25.830758375760276, 62.71057050256197], [25.830758375760276, 62.710487169228635], [25.831008375760277, 62.710487169228635], [25.831008375760277, 62.71032050256197], [25.831175042426946, 62.71032050256197], [25.831175042426946, 62.70991031584927], [25.831259144847472, 62.70982050256197], [25.831425042426943, 62.70982050256197], [25.831425042426943, 62.7096538358953], [25.831591709093612, 62.7096538358953], [25.831591709093612, 62.70948716922864], [25.831758375760277, 62.70948716922864], [25.831758375760277, 62.7094038358953], [25.83184170909361, 62.7094038358953], [25.83184170909361, 62.709320502561965], [25.832008375760278, 62.709320502561965], [25.832008375760278, 62.7091538358953], [25.832175042426943, 62.7091538358953], [25.832175042426943, 62.70884241213448], [25.8321891, 62.70882739999999], [25.832181465199376, 62.70882050256197], [25.832425042426944, 62.70882050256197], [25.832425042426944, 62.70823716922863], [25.83259170909361, 62.70823716922863], [25.83259170909361, 62.70807050256197], [25.833008375760276, 62.70807050256197], [25.833008375760276, 62.70798716922864], [25.833258375760277, 62.70798716922864], [25.833258375760277, 62.7079038358953], [25.833175042426944, 62.7079038358953], [25.833175042426944, 62.707820502561965], [25.833008375760276, 62.707820502561965], [25.833008375760276, 62.7079038358953], [25.832675042426946, 62.7079038358953], [25.832675042426946, 62.707737169228636], [25.83259170909361, 62.707737169228636], [25.83259170909361, 62.7076538358953], [25.832425042426944, 62.7076538358953], [25.832425042426944, 62.70757050256197], [25.832341709093612, 62.70757050256197], [25.832341709093612, 62.707487169228635], [25.832175042426943, 62.707487169228635], [25.832175042426943, 62.7074038358953], [25.832008375760278, 62.7074038358953], [25.832008375760278, 62.70732050256197], [25.83184170909361, 62.70732050256197], [25.83184170909361, 62.707153835895305], [25.831591709093612, 62.707153835895305], [25.831591709093612, 62.70707050256197], [25.831508375760276, 62.70707050256197], [25.831508375760276, 62.70698716922863], [25.831425042426943, 62.70698716922863], [25.831425042426943, 62.706903835895304], [25.831258375760278, 62.706903835895304], [25.831258375760278, 62.70682050256197], [25.83109170909361, 62.70682050256197], [25.83109170909361, 62.70648716922864], [25.830925042426944, 62.70648716922864], [25.830925042426944, 62.7064038358953], [25.83084170909361, 62.7064038358953], [25.83084170909361, 62.706320502561965], [25.830761482016882, 62.706320502561965], [25.8306361, 62.70612100000001], [25.830008375760276, 62.705014760615114], [25.830008375760276, 62.704966496958896], [25.830024041026174, 62.7049038358953], [25.830258375760277, 62.7049038358953], [25.830258375760277, 62.704820502561965], [25.830425042426945, 62.704820502561965], [25.830425042426945, 62.7044038358953], [25.83034170909361, 62.7044038358953], [25.83034170909361, 62.70432050256197], [25.830258375760277, 62.70432050256197], [25.830258375760277, 62.703903835895304], [25.830425042426945, 62.703903835895304], [25.830425042426945, 62.7036538358953], [25.830675042426943, 62.7036538358953], [25.830675042426943, 62.703570502561966], [25.83084170909361, 62.703570502561966], [25.83084170909361, 62.70348716922864], [25.83109170909361, 62.70348716922864], [25.83109170909361, 62.7034038358953], [25.831258375760278, 62.7034038358953], [25.831258375760278, 62.7031538358953], [25.831425042426943, 62.7031538358953], [25.831425042426943, 62.702987169228635], [25.831675042426944, 62.702987169228635], [25.831675042426944, 62.70248716922863], [25.83184170909361, 62.70248716922863], [25.83184170909361, 62.70232050256197], [25.831925042426946, 62.70232050256197], [25.831925042426946, 62.7019038358953], [25.83209170909361, 62.7019038358953], [25.83209170909361, 62.7016538358953], [25.832341709093612, 62.7016538358953], [25.832341709093612, 62.701153835895305], [25.832508375760277, 62.701153835895305], [25.832508375760277, 62.70098716922863], [25.830950206072295, 62.70098716922863], [25.830951948034965, 62.70094989315765], [25.81862255914248, 62.70094989315765], [25.80218359687855, 62.70094989315765], [25.801731730157048, 62.70094989315765], [25.791425042426944, 62.70094989315765], [25.791425042426944, 62.70252938017153], [25.791425042426944, 62.71535849114635], [25.792, 62.71525], [25.7938894, 62.71572570000002], [25.7956057, 62.71576470000001], [25.7971778, 62.716388900000005], [25.7981361, 62.7167003]], [[25.79659170909361, 62.72498716922863], [25.79659170909361, 62.724903835895304], [25.796675042426944, 62.724903835895304], [25.796675042426944, 62.72498716922863], [25.79659170909361, 62.72498716922863]], [[25.810758375760276, 62.71907050256197], [25.810758375760276, 62.7191538358953], [25.810841709093612, 62.7191538358953], [25.810841709093612, 62.719237169228634], [25.810675042426944, 62.719237169228634], [25.810675042426944, 62.7191538358953], [25.81059170909361, 62.7191538358953], [25.81059170909361, 62.71907050256197], [25.810758375760276, 62.71907050256197]], [[25.825758375760277, 62.71457050256197], [25.825758375760277, 62.7146538358953], [25.825610911253136, 62.7146538358953], [25.8257754, 62.7151913], [25.8247884, 62.7153683], [25.8245094, 62.71505349999999], [25.8249171, 62.71486659999999], [25.8246382, 62.7147978], [25.8241232, 62.71480269999999], [25.8237477, 62.7150584], [25.822192, 62.7153191], [25.8211835, 62.715506], [25.8201213, 62.7160274], [25.819552000000005, 62.71599440000001], [25.8203038, 62.71546169999999], [25.8201119, 62.715097699999994], [25.818283, 62.7153854], [25.818043, 62.7151181], [25.8180221, 62.715094799999974], [25.81809170909361, 62.71507569710831], [25.81809170909361, 62.714987169228635], [25.818258375760276, 62.714987169228635], [25.818258375760276, 62.71482180585682], [25.818263140576565, 62.71482050256197], [25.818675042426943, 62.71482050256197], [25.818675042426943, 62.714737169228634], [25.81884170909361, 62.714737169228634], [25.81884170909361, 62.71466224979377], [25.818872470114837, 62.7146538358953], [25.81909170909361, 62.7146538358953], [25.81909170909361, 62.71459386862389], [25.819177134883947, 62.71457050256197], [25.81950837576028, 62.71457050256197], [25.81950837576028, 62.71448716922863], [25.81959170909361, 62.71448716922863], [25.81959170909361, 62.71457050256197], [25.81984170909361, 62.71457050256197], [25.81984170909361, 62.71448716922863], [25.82100837576028, 62.71448716922863], [25.82100837576028, 62.714403835895304], [25.821175042426944, 62.714403835895304], [25.821175042426944, 62.71448358909378], [25.8213122, 62.714463299999984], [25.821333028974593, 62.71448716922863], [25.82134170909361, 62.71448716922863], [25.82134170909361, 62.714497116321546], [25.82140574803511, 62.71457050256197], [25.821425042426945, 62.71457050256197], [25.821425042426945, 62.71448716922863], [25.821508375760278, 62.71448716922863], [25.821508375760278, 62.71457050256197], [25.82159170909361, 62.71457050256197], [25.82159170909361, 62.71448716922863], [25.82175837576028, 62.71448716922863], [25.82175837576028, 62.71457050256197], [25.82184170909361, 62.71457050256197], [25.82184170909361, 62.714737169228634], [25.821925042426944, 62.714737169228634], [25.821925042426944, 62.71482050256197], [25.822425042426943, 62.71482050256197], [25.822425042426943, 62.714737169228634], [25.823175042426943, 62.714737169228634], [25.823175042426943, 62.7146538358953], [25.823675042426945, 62.7146538358953], [25.823675042426945, 62.714719252725054], [25.824724, 62.7146011], [25.824925042426944, 62.7146078410225], [25.824925042426944, 62.71432050256197], [25.82484170909361, 62.71432050256197], [25.82484170909361, 62.71423716922863], [25.82459170909361, 62.71423716922863], [25.82459170909361, 62.7141538358953], [25.82475837576028, 62.7141538358953], [25.82475837576028, 62.71407050256197], [25.825175042426945, 62.71407050256197], [25.825175042426945, 62.71398716922864], [25.825258375760278, 62.71398716922864], [25.825258375760278, 62.71407050256197], [25.82550837576028, 62.71407050256197], [25.82550837576028, 62.7141538358953], [25.825675042426944, 62.7141538358953], [25.825675042426944, 62.71423716922863], [25.825758375760277, 62.71423716922863], [25.825758375760277, 62.714403835895304], [25.82584170909361, 62.714403835895304], [25.82584170909361, 62.71448716922863], [25.825925042426945, 62.71448716922863], [25.825925042426945, 62.71457050256197], [25.825758375760277, 62.71457050256197]], [[25.795508375760278, 62.72607050256197], [25.795508375760278, 62.726001532087096], [25.795518822894557, 62.72598716922864], [25.795675042426943, 62.72598716922864], [25.795675042426943, 62.72607050256197], [25.795508375760278, 62.72607050256197]], [[25.8112187, 62.7142789], [25.8117659, 62.71373049999998], [25.8138853, 62.7140284], [25.814767500000002, 62.71391190000001], [25.8155915, 62.713947799999985], [25.8157794, 62.714346899999995], [25.8155651, 62.71460630000001], [25.814939900000002, 62.7146089], [25.8151344, 62.7156842], [25.8122219, 62.71526399999999], [25.8128117, 62.7145746], [25.812504900000004, 62.71439039999999], [25.8112187, 62.7142789]], [[25.805397, 62.7175699], [25.8051546, 62.71738470000001], [25.8048013, 62.7168296], [25.8054819, 62.71651190000001], [25.8066566, 62.7169814], [25.807, 62.7173552], [25.8061699, 62.71765800000001], [25.8058208, 62.7175412], [25.805397, 62.7175699]], [[25.803732600979117, 62.71898716922863], [25.803626189237136, 62.71882050256197], [25.803758375760278, 62.71882050256197], [25.803758375760278, 62.718903835895304], [25.80384170909361, 62.718903835895304], [25.80384170909361, 62.71898716922863], [25.803732600979117, 62.71898716922863]], [[25.81134170909361, 62.71673716922864], [25.811508375760276, 62.71673716922864], [25.811508375760276, 62.716820502561966], [25.811591709093612, 62.716820502561966], [25.811591709093612, 62.71698716922864], [25.811508375760276, 62.71698716922864], [25.811508375760276, 62.71707050256197], [25.81184170909361, 62.71707050256197], [25.81184170909361, 62.7171538358953], [25.811925042426942, 62.7171538358953], [25.811925042426942, 62.71723716922863], [25.811758375760277, 62.71723716922863], [25.811758375760277, 62.717403835895304], [25.811508375760276, 62.717403835895304], [25.811508375760276, 62.71748716922863], [25.81134170909361, 62.71748716922863], [25.81134170909361, 62.7176538358953], [25.81109170909361, 62.7176538358953], [25.81109170909361, 62.71782050256197], [25.810758375760276, 62.71782050256197], [25.810758375760276, 62.717987169228635], [25.81050837576028, 62.717987169228635], [25.81050837576028, 62.71782050256197], [25.810425042426942, 62.71782050256197], [25.810425042426942, 62.717737169228634], [25.810258375760277, 62.717737169228634], [25.810258375760277, 62.7176538358953], [25.810175042426945, 62.7176538358953], [25.810175042426945, 62.71748716922863], [25.810091709093612, 62.71748716922863], [25.810091709093612, 62.717403835895304], [25.810008375760276, 62.717403835895304], [25.810008375760276, 62.71732050256197], [25.809925042426944, 62.71732050256197], [25.809925042426944, 62.71723716922863], [25.80975837576028, 62.71723716922863], [25.80975837576028, 62.71673716922864], [25.80984170909361, 62.71673716922864], [25.80984170909361, 62.7164038358953], [25.80975837576028, 62.7164038358953], [25.80975837576028, 62.71632050256197], [25.80959170909361, 62.71632050256197], [25.80959170909361, 62.716237169228634], [25.809508375760277, 62.716237169228634], [25.809508375760277, 62.7161538358953], [25.809425042426945, 62.7161538358953], [25.809425042426945, 62.71607050256197], [25.809718903725695, 62.71607050256197], [25.81109170909361, 62.71620776306072], [25.81109170909361, 62.71632050256197], [25.81125837576028, 62.71632050256197], [25.81125837576028, 62.7164038358953], [25.81134170909361, 62.7164038358953], [25.81134170909361, 62.71657050256197], [25.811498088146667, 62.71657050256197], [25.811508375760276, 62.7165843260359], [25.811508375760276, 62.7166538358953], [25.81134170909361, 62.7166538358953], [25.81134170909361, 62.71673716922864]], [[25.80675837576028, 62.72007050256197], [25.80675837576028, 62.72032050256197], [25.806425042426945, 62.72032050256197], [25.806425042426945, 62.72023716922863], [25.806341709093612, 62.72023716922863], [25.806341709093612, 62.72009809705155], [25.806383327888156, 62.72007050256197], [25.806508375760277, 62.72007050256197], [25.806508375760277, 62.71998759213071], [25.806509013593217, 62.71998716922864], [25.806675042426946, 62.71998716922864], [25.806675042426946, 62.72007050256197], [25.80675837576028, 62.72007050256197]], [[25.805591709093612, 62.7179038358953], [25.805425042426943, 62.7179038358953], [25.805425042426943, 62.717737169228634], [25.80584170909361, 62.717737169228634], [25.80584170909361, 62.7176538358953], [25.805925042426946, 62.7176538358953], [25.805925042426946, 62.71782050256197], [25.80600837576028, 62.71782050256197], [25.80600837576028, 62.717987169228635], [25.805591709093612, 62.717987169228635], [25.805591709093612, 62.7179038358953]], [[25.805758375760277, 62.7184038358953], [25.805591709093612, 62.7184038358953], [25.805591709093612, 62.718320502561966], [25.805758375760277, 62.718320502561966], [25.805758375760277, 62.7184038358953]], [[25.807258375760277, 62.7201538358953], [25.807091709093612, 62.7201538358953], [25.807091709093612, 62.72007050256197], [25.807258375760277, 62.72007050256197], [25.807258375760277, 62.7201538358953]], [[25.806258375760276, 62.72032050256197], [25.806175042426943, 62.72032050256197], [25.806175042426943, 62.72023716922863], [25.806258375760276, 62.72023716922863], [25.806258375760276, 62.72032050256197]], [[25.80009170909361, 62.717403835895304], [25.80009170909361, 62.71748716922863], [25.800008375760278, 62.71748716922863], [25.800008375760278, 62.717403835895304], [25.80009170909361, 62.717403835895304]], [[25.800341709093612, 62.71748716922863], [25.800341709093612, 62.71757050256197], [25.80009170909361, 62.71757050256197], [25.80009170909361, 62.71748716922863], [25.800341709093612, 62.71748716922863]], [[25.793925042426945, 62.72807050256197], [25.79384170909361, 62.72807050256197], [25.79384170909361, 62.728327536031735], [25.7936385, 62.72814689999999], [25.79362731345791, 62.727903835895304], [25.793675042426944, 62.727903835895304], [25.793675042426944, 62.72782050256197], [25.79384170909361, 62.72782050256197], [25.79384170909361, 62.727903835895304], [25.793925042426945, 62.727903835895304], [25.793925042426945, 62.72807050256197]], [[25.79409170909361, 62.727181509134674], [25.79409170909361, 62.72723716922864], [25.794038305952057, 62.72723716922864], [25.79409170909361, 62.727181509134674]], [[25.79434170909361, 62.727070502561965], [25.794198214478236, 62.727070502561965], [25.79434170909361, 62.72692094349966], [25.79434170909361, 62.727070502561965]], [[25.794508375760277, 62.726767877202626], [25.794508375760277, 62.72682050256197], [25.794438262739096, 62.72682050256197], [25.794508375760277, 62.726767877202626]], [[25.794758375760278, 62.7266538358953], [25.794660313546462, 62.7266538358953], [25.794758375760278, 62.72658023245968], [25.794758375760278, 62.7266538358953]], [[25.80234170909361, 62.72132447083171], [25.80234170909361, 62.72148716922864], [25.802175042426946, 62.72148716922864], [25.802175042426946, 62.7214038358953], [25.80209170909361, 62.7214038358953], [25.80209170909361, 62.721320502561966], [25.802008375760277, 62.721320502561966], [25.802008375760277, 62.72129184270677], [25.8021538, 62.72130629999998], [25.80234170909361, 62.72132447083171]], [[25.80059170909361, 62.72023716922863], [25.800758375760278, 62.72023716922863], [25.800758375760278, 62.72032050256197], [25.80084170909361, 62.72032050256197], [25.80084170909361, 62.720533093223516], [25.80073150141015, 62.7206538358953], [25.800675042426946, 62.7206538358953], [25.800675042426946, 62.72071569191354], [25.800579376672705, 62.72082050256197], [25.800425042426944, 62.72082050256197], [25.800425042426944, 62.72048716922863], [25.800341709093612, 62.72048716922863], [25.800341709093612, 62.720403835895304], [25.800258375760276, 62.720403835895304], [25.800258375760276, 62.72007050256197], [25.800425042426944, 62.72007050256197], [25.800425042426944, 62.7201538358953], [25.80059170909361, 62.7201538358953], [25.80059170909361, 62.72023716922863]], [[25.79959170909361, 62.72298716922864], [25.79959170909361, 62.72283908018543], [25.79971181835388, 62.722820502561966], [25.799758375760277, 62.722820502561966], [25.799758375760277, 62.72298716922864], [25.79959170909361, 62.72298716922864]], [[25.803425042426944, 62.7221538358953], [25.803341709093612, 62.7221538358953], [25.803341709093612, 62.72207050256197], [25.803425042426944, 62.72207050256197], [25.803425042426944, 62.7221538358953]], [[25.802675042426944, 62.72157050256197], [25.802591709093612, 62.72157050256197], [25.802591709093612, 62.72148716922864], [25.802675042426944, 62.72148716922864], [25.802675042426944, 62.72157050256197]], [[25.80009170909361, 62.72307050256197], [25.799925042426946, 62.72307050256197], [25.799925042426946, 62.72298716922864], [25.80009170909361, 62.72298716922864], [25.80009170909361, 62.72307050256197]], [[25.799925042426946, 62.72332050256197], [25.799758375760277, 62.72332050256197], [25.799758375760277, 62.72307050256197], [25.79984170909361, 62.72307050256197], [25.79984170909361, 62.7231538358953], [25.799925042426946, 62.7231538358953], [25.799925042426946, 62.72332050256197]], [[25.79909170909361, 62.7239038358953], [25.798925042426944, 62.7239038358953], [25.798925042426944, 62.72382050256197], [25.79909170909361, 62.72382050256197], [25.79909170909361, 62.7239038358953]], [[25.79509170909361, 62.72623716922863], [25.794925042426943, 62.72623716922863], [25.794925042426943, 62.7261538358953], [25.79509170909361, 62.7261538358953], [25.79509170909361, 62.72623716922863]], [[25.814508375760276, 62.719237169228634], [25.814425042426944, 62.719237169228634], [25.814425042426944, 62.7191538358953], [25.814508375760276, 62.7191538358953], [25.814508375760276, 62.719237169228634]], [[25.813758375760276, 62.7199038358953], [25.81359170909361, 62.7199038358953], [25.81359170909361, 62.71973716922864], [25.813675042426944, 62.71973716922864], [25.813675042426944, 62.719820502561966], [25.813758375760276, 62.719820502561966], [25.813758375760276, 62.7199038358953]], [[25.81359170909361, 62.7184038358953], [25.813425042426942, 62.7184038358953], [25.813425042426942, 62.718320502561966], [25.81359170909361, 62.718320502561966], [25.81359170909361, 62.7184038358953]], [[25.812675042426942, 62.71807050256197], [25.812258375760276, 62.71807050256197], [25.812258375760276, 62.7181538358953], [25.811925042426942, 62.7181538358953], [25.811925042426942, 62.717737169228634], [25.81209170909361, 62.717737169228634], [25.81209170909361, 62.7176538358953], [25.812258375760276, 62.7176538358953], [25.812258375760276, 62.717737169228634], [25.812425042426945, 62.717737169228634], [25.812425042426945, 62.71782050256197], [25.81284170909361, 62.71782050256197], [25.81284170909361, 62.7179038358953], [25.812675042426942, 62.7179038358953], [25.812675042426942, 62.71807050256197]], [[25.811008375760277, 62.718903835895304], [25.810925042426945, 62.718903835895304], [25.810925042426945, 62.71882050256197], [25.811008375760277, 62.71882050256197], [25.811008375760277, 62.718903835895304]], [[25.810425042426942, 62.7186538358953], [25.81034170909361, 62.7186538358953], [25.81034170909361, 62.71857050256197], [25.81050837576028, 62.71857050256197], [25.81050837576028, 62.71848716922864], [25.81059170909361, 62.71848716922864], [25.81059170909361, 62.71857050256197], [25.810675042426944, 62.71857050256197], [25.810675042426944, 62.71873716922863], [25.810425042426942, 62.71873716922863], [25.810425042426942, 62.7186538358953]], [[25.824925042426944, 62.71285709537134], [25.824925042426944, 62.712903835895304], [25.825008375760277, 62.712903835895304], [25.825008375760277, 62.71298716922863], [25.82484170909361, 62.71298716922863], [25.82484170909361, 62.7131538358953], [25.824425042426945, 62.7131538358953], [25.824425042426945, 62.713237169228634], [25.82384170909361, 62.713237169228634], [25.82384170909361, 62.71332050256197], [25.823425042426944, 62.71332050256197], [25.823425042426944, 62.713487169228635], [25.82325837576028, 62.713487169228635], [25.82325837576028, 62.7136538358953], [25.823008375760278, 62.7136538358953], [25.823008375760278, 62.71407050256197], [25.82284170909361, 62.71407050256197], [25.82284170909361, 62.7141538358953], [25.822758375760277, 62.7141538358953], [25.822758375760277, 62.71423716922863], [25.822925042426945, 62.71423716922863], [25.822925042426945, 62.71432050256197], [25.823008375760278, 62.71432050256197], [25.823008375760278, 62.714403835895304], [25.82250837576028, 62.714403835895304], [25.82250837576028, 62.71432050256197], [25.822175042426945, 62.71432050256197], [25.822175042426945, 62.71423716922863], [25.82184170909361, 62.71423716922863], [25.82184170909361, 62.71417520730994], [25.8215483, 62.71423709999999], [25.82209170909361, 62.71352441302485], [25.82209170909361, 62.7134038358953], [25.822183646663625, 62.7134038358953], [25.822258375760278, 62.713305827866954], [25.822258375760278, 62.713237169228634], [25.822310726553432, 62.713237169228634], [25.822425042426943, 62.71308724270907], [25.822425042426943, 62.71307050256197], [25.822437806443236, 62.71307050256197], [25.8224709, 62.71302709999999], [25.822675042426944, 62.71301232884082], [25.822675042426944, 62.71298716922863], [25.82284170909361, 62.71298716922863], [25.82284170909361, 62.712903835895304], [25.823175042426943, 62.712903835895304], [25.823175042426943, 62.71297615027816], [25.82325837576028, 62.71297012051772], [25.82325837576028, 62.712903835895304], [25.823425042426944, 62.712903835895304], [25.823425042426944, 62.71282050256197], [25.823782488963545, 62.71282050256197], [25.823930700000002, 62.712622700000004], [25.8253436, 62.7125998], [25.8254414, 62.7125706], [25.8259042, 62.712673], [25.825961669226217, 62.71282050256197], [25.826008375760278, 62.71282050256197], [25.826008375760278, 62.712903835895304], [25.82599413715166, 62.712903835895304], [25.8260115, 62.71294839999999], [25.824925042426944, 62.71285709537134]], [[25.822258375760278, 62.71298716922863], [25.822258375760278, 62.71273716922863], [25.822425042426943, 62.71273716922863], [25.822425042426943, 62.71282050256197], [25.82259170909361, 62.71282050256197], [25.82259170909361, 62.712903835895304], [25.822675042426944, 62.712903835895304], [25.822675042426944, 62.71298716922863], [25.822258375760278, 62.71298716922863]], [[25.82834170909361, 62.71248716922864], [25.82797005083122, 62.71248716922864], [25.8279641, 62.712495900000015], [25.82734170909361, 62.71250610397874], [25.82734170909361, 62.71257050256197], [25.82700837576028, 62.71257050256197], [25.82700837576028, 62.7126538358953], [25.82709170909361, 62.7126538358953], [25.82709170909361, 62.71273716922863], [25.826925042426943, 62.71273716922863], [25.826925042426943, 62.7126538358953], [25.826758375760278, 62.7126538358953], [25.826758375760278, 62.71248923577722], [25.8267118, 62.712191499999996], [25.8274207, 62.711979899999996], [25.8283903, 62.71187059999998], [25.82825404784597, 62.71207050256197], [25.828508375760276, 62.71207050256197], [25.828508375760276, 62.7121538358953], [25.82859170909361, 62.7121538358953], [25.82859170909361, 62.712237169228636], [25.82834170909361, 62.712237169228636], [25.82834170909361, 62.71248716922864]], [[25.81734170909361, 62.7166538358953], [25.81725837576028, 62.7166538358953], [25.81725837576028, 62.71657050256197], [25.81734170909361, 62.71657050256197], [25.81734170909361, 62.7166538358953]], [[25.81725837576028, 62.71698716922864], [25.817008375760278, 62.71698716922864], [25.817008375760278, 62.716820502561966], [25.817175042426943, 62.716820502561966], [25.817175042426943, 62.7169038358953], [25.81725837576028, 62.7169038358953], [25.81725837576028, 62.71698716922864]]]}}, {"type": "Feature", "properties": {"klasse": "Wald"}, "geometry": {"type": "Polygon", "coordinates": [[[25.809925042426944, 62.71932050256197], [25.809925042426944, 62.719237169228634], [25.809508375760277, 62.719237169228634], [25.809508375760277, 62.7194038358953], [25.809425042426945, 62.7194038358953], [25.809425042426945, 62.719487169228636], [25.809508375760277, 62.719487169228636], [25.809508375760277, 62.71955505086488], [25.809558913389242, 62.719570502561965], [25.80959170909361, 62.719570502561965], [25.80959170909361, 62.71958052972984], [25.809675042426942, 62.719606008594795], [25.809675042426942, 62.719570502561965], [25.80984170909361, 62.719570502561965], [25.80984170909361, 62.719487169228636], [25.80975837576028, 62.719487169228636], [25.80975837576028, 62.7194038358953], [25.809675042426942, 62.7194038358953], [25.809675042426942, 62.71932050256197], [25.809925042426944, 62.71932050256197]]]}}, {"type": "Feature", "properties": {"klasse": "Wald"}, "geometry": {"type": "Polygon", "coordinates": [[[25.795508375760278, 62.73673716922863], [25.795508375760278, 62.736653835895304], [25.795675042426943, 62.736653835895304], [25.795675042426943, 62.73657050256197], [25.795925042426944, 62.73657050256197], [25.795925042426944, 62.73623716922864], [25.79609170909361, 62.73623716922864], [25.79609170909361, 62.73590984462572], [25.7957217, 62.7364737], [25.79533915695975, 62.73673716922863], [25.795508375760278, 62.73673716922863]]]}}, {"type": "Feature", "properties": {"klasse": "Wald"}, "geometry": {"type": "Polygon", "coordinates": [[[25.795258375760277, 62.73679280574027], [25.795218161476313, 62.73682050256197], [25.795258375760277, 62.73682050256197], [25.795258375760277, 62.73679280574027]]]}}, {"type": "Feature", "properties": {"klasse": "Wald"}, "geometry": {"type": "Polygon", "coordinates": [[[25.79484170909361, 62.737237169228635], [25.794925042426943, 62.737237169228635], [25.794925042426943, 62.73707050256197], [25.79509170909361, 62.73707050256197], [25.79509170909361, 62.73690759423068], [25.794008375760278, 62.73765371941831], [25.794008375760278, 62.7376538358953], [25.794008206642005, 62.7376538358953], [25.793925042426945, 62.737711113663515], [25.793925042426945, 62.737820502561966], [25.79387113497437, 62.737820502561966], [25.793855060946505, 62.73798716922863], [25.79425837576028, 62.73798716922863], [25.79425837576028, 62.7379038358953], [25.794508375760277, 62.7379038358953], [25.794508375760277, 62.737570502561965], [25.794675042426945, 62.737570502561965], [25.794675042426945, 62.7374038358953], [25.79484170909361, 62.7374038358953], [25.79484170909361, 62.737237169228635]]]}}, {"type": "Feature", "properties": {"klasse": "Wald"}, "geometry": {"type": "Polygon", "coordinates": [[[25.80459170909361, 62.73773716922864], [25.80459170909361, 62.737820502561966], [25.804758375760276, 62.737820502561966], [25.804758375760276, 62.7379038358953], [25.80525837576028, 62.7379038358953], [25.80525837576028, 62.7376538358953], [25.805175042426946, 62.7376538358953], [25.805175042426946, 62.737570502561965], [25.805008375760277, 62.737570502561965], [25.805008375760277, 62.737487169228636], [25.804675042426943, 62.737487169228636], [25.804675042426943, 62.7376538358953], [25.804425042426946, 62.7376538358953], [25.804425042426946, 62.73773716922864], [25.80459170909361, 62.73773716922864]]]}}, {"type": "Feature", "properties": {"klasse": "Wald"}, "geometry": {"type": "Polygon", "coordinates": [[[25.8058651, 62.737640400000004], [25.8059217, 62.737856699999995], [25.80609170909361, 62.73798650694323], [25.80609170909361, 62.73798716922863], [25.806092576493597, 62.73798716922863], [25.806175042426943, 62.73805013439421], [25.806175042426943, 62.73814746919514], [25.806157341527648, 62.738153835895304], [25.80584170909361, 62.738153835895304], [25.80584170909361, 62.73823716922863], [25.805758375760277, 62.73823716922863], [25.805758375760277, 62.73832050256197], [25.805008375760277, 62.73832050256197], [25.805008375760277, 62.738403835895305], [25.804925042426945, 62.738403835895305], [25.804925042426945, 62.738487169228634], [25.804841709093612, 62.738487169228634], [25.804841709093612, 62.738737169228635], [25.804425042426946, 62.738737169228635], [25.804425042426946, 62.7389038358953], [25.803508375760277, 62.7389038358953], [25.803508375760277, 62.73882050256197], [25.803425042426944, 62.73882050256197], [25.803425042426944, 62.738737169228635], [25.803341709093612, 62.738737169228635], [25.803341709093612, 62.7386538358953], [25.803175042426943, 62.7386538358953], [25.803175042426943, 62.73857050256197], [25.803008375760278, 62.73857050256197], [25.803008375760278, 62.738487169228634], [25.802758375760277, 62.738487169228634], [25.802758375760277, 62.738403835895305], [25.802591709093612, 62.738403835895305], [25.802591709093612, 62.73832050256197], [25.80209170909361, 62.73832050256197], [25.80209170909361, 62.738403835895305], [25.801841709093612, 62.738403835895305], [25.801841709093612, 62.738487169228634], [25.801508375760278, 62.738487169228634], [25.801508375760278, 62.73856618554401], [25.801502200480304, 62.73857050256197], [25.801258375760277, 62.73857050256197], [25.801258375760277, 62.738737169228635], [25.801263792083862, 62.738737169228635], [25.801161900000004, 62.73880839999999], [25.801508375760278, 62.738967109671634], [25.801508375760278, 62.738987169228636], [25.801552167359063, 62.738987169228636], [25.8016341, 62.739024699999995], [25.801758375760276, 62.73904502684743], [25.801758375760276, 62.739070502561965], [25.801914131039293, 62.739070502561965], [25.802008375760277, 62.73908591745913], [25.802008375760277, 62.7391538358953], [25.802423620442017, 62.7391538358953], [25.802591709093612, 62.73918132888644], [25.802591709093612, 62.73932050256197], [25.802682598373195, 62.73932050256197], [25.802673, 62.73944860000001], [25.8033152, 62.739682200000004], [25.8036552, 62.739742799999995], [25.804091709093612, 62.739951087926194], [25.804091709093612, 62.739987169228634], [25.804138265618615, 62.739987169228634], [25.8044296, 62.7402619], [25.8050151, 62.740625200000004], [25.8055062, 62.74056469999999], [25.805884000000002, 62.740469499999975], [25.8066206, 62.74036569999999], [25.8076595, 62.7399504], [25.807913755208517, 62.73982050256197], [25.807925042426945, 62.73982050256197], [25.807925042426945, 62.7398147359908], [25.808076868002466, 62.73973716922863], [25.80809170909361, 62.73973716922863], [25.80809170909361, 62.73972958700553], [25.8081506, 62.7396995], [25.808143553608154, 62.73957050256197], [25.80825837576028, 62.73957050256197], [25.80825837576028, 62.7394038358953], [25.80834170909361, 62.7394038358953], [25.80834170909361, 62.73923716922864], [25.80825837576028, 62.73923716922864], [25.80825837576028, 62.7391538358953], [25.808008375760277, 62.7391538358953], [25.808008375760277, 62.739070502561965], [25.807841709093612, 62.739070502561965], [25.807841709093612, 62.738987169228636], [25.807425042426942, 62.738987169228636], [25.807425042426942, 62.7389038358953], [25.80684170909361, 62.7389038358953], [25.80684170909361, 62.73882050256197], [25.80675837576028, 62.73882050256197], [25.80675837576028, 62.738737169228635], [25.806675042426946, 62.738737169228635], [25.806675042426946, 62.7386538358953], [25.80659170909361, 62.7386538358953], [25.80659170909361, 62.73853603742512], [25.8067151, 62.7384969], [25.80675053351579, 62.738487169228634], [25.80675837576028, 62.738487169228634], [25.80675837576028, 62.73848501558719], [25.8069984, 62.738419099999994], [25.8072817, 62.73820280000001], [25.807235927449977, 62.738153835895304], [25.80734170909361, 62.738153835895304], [25.80734170909361, 62.737820502561966], [25.807091709093612, 62.737820502561966], [25.807091709093612, 62.73773716922864], [25.806925042426943, 62.73773716922864], [25.806925042426943, 62.7376538358953], [25.806508375760277, 62.7376538358953], [25.806508375760277, 62.737570502561965], [25.80600837576028, 62.737570502561965], [25.80600837576028, 62.73764290900334], [25.8058651, 62.737640400000004]]]}}, {"type": "Feature", "properties": {"klasse": "Wald"}, "geometry": {"type": "Polygon", "coordinates": [[[25.794008375760278, 62.738487169228634], [25.79409170909361, 62.738487169228634], [25.79409170909361, 62.738153835895304], [25.794008375760278, 62.738153835895304], [25.794008375760278, 62.73807050256197], [25.793847023932575, 62.73807050256197], [25.7938013, 62.73854459999998], [25.7936078, 62.73865700000001], [25.791425042426944, 62.73877279828909], [25.791425042426944, 62.74101437502704], [25.7934518, 62.741075999999985], [25.7953021, 62.742551799999994], [25.7933524, 62.7440484], [25.7927894, 62.74531679999999], [25.7966474, 62.745667100000006], [25.796871700000004, 62.746611900000005], [25.7995208, 62.74652679999999], [25.7992046, 62.74448059999998], [25.7977479, 62.7442158], [25.7981991, 62.74331699999999], [25.7991877, 62.742685800000004], [25.8007609, 62.74229090000001], [25.8012902, 62.7416776], [25.802958, 62.74128], [25.802527700000002, 62.74098279999999], [25.8005656, 62.7403719], [25.7981347, 62.74059999999999], [25.797258375760276, 62.74040737485365], [25.797258375760276, 62.74032050256197], [25.796863161031524, 62.74032050256197], [25.79684170909361, 62.740315787203784], [25.79684170909361, 62.740237169228635], [25.796675042426944, 62.740237169228635], [25.796675042426944, 62.7401538358953], [25.796258375760278, 62.7401538358953], [25.796258375760278, 62.74007050256197], [25.79584170909361, 62.74007050256197], [25.79584170909361, 62.739987169228634], [25.795258375760277, 62.739987169228634], [25.795258375760277, 62.739903835895305], [25.794698209687738, 62.739903835895305], [25.794675042426945, 62.739900294770834], [25.794675042426945, 62.73982050256197], [25.794425042426944, 62.73982050256197], [25.794425042426944, 62.73957050256197], [25.79434170909361, 62.73957050256197], [25.79434170909361, 62.73948716922863], [25.793925042426945, 62.73948716922863], [25.793925042426945, 62.7394038358953], [25.79384170909361, 62.7394038358953], [25.79384170909361, 62.73932050256197], [25.794008375760278, 62.73932050256197], [25.794008375760278, 62.738487169228634]]]}}, {"type": "Feature", "properties": {"klasse": "Wald"}, "geometry": {"type": "Polygon", "coordinates": [[[25.810425042426942, 62.7394038358953], [25.810425042426942, 62.739460847842835], [25.8101905, 62.7394832], [25.8101527, 62.73973410000001], [25.8105683, 62.73997639999999], [25.8105872, 62.740158], [25.810776, 62.74040889999999], [25.8113616, 62.740374299999985], [25.811407557610366, 62.74032050256197], [25.811425042426944, 62.74032050256197], [25.811425042426944, 62.740300035041386], [25.8114787468901, 62.740237169228635], [25.811591709093612, 62.740237169228635], [25.811591709093612, 62.739987169228634], [25.811508375760276, 62.739987169228634], [25.811508375760276, 62.739903835895305], [25.811425042426944, 62.739903835895305], [25.811425042426944, 62.73957050256197], [25.81134170909361, 62.73957050256197], [25.81134170909361, 62.73948716922863], [25.811175042426942, 62.73948716922863], [25.811175042426942, 62.7394038358953], [25.810425042426942, 62.7394038358953]]]}}, {"type": "Feature", "properties": {"klasse": "Wald"}, "geometry": {"type": "Polygon", "coordinates": [[[25.80371862763299, 62.741737169228635], [25.80384170909361, 62.741811146368], [25.80384170909361, 62.741737169228635], [25.80371862763299, 62.741737169228635]]]}}, {"type": "Feature", "properties": {"klasse": "Wald"}, "geometry": {"type": "Polygon", "coordinates": [[[25.803857275713643, 62.74182050256197], [25.803925042426943, 62.741861233209534], [25.803925042426943, 62.74182050256197], [25.803857275713643, 62.74182050256197]]]}}, {"type": "Feature", "properties": {"klasse": "Wald"}, "geometry": {"type": "Polygon", "coordinates": [[[25.8117393, 62.742070502561965], [25.811925042426942, 62.742070502561965], [25.811925042426942, 62.7419038358953], [25.81184170909361, 62.7419038358953], [25.81184170909361, 62.74182050256197], [25.811675042426945, 62.74182050256197], [25.811675042426945, 62.741737169228635], [25.811425042426944, 62.741737169228635], [25.811425042426944, 62.7416538358953], [25.81134170909361, 62.7416538358953], [25.81134170909361, 62.74157050256197], [25.81125837576028, 62.74157050256197], [25.81125837576028, 62.741487169228634], [25.810925042426945, 62.741487169228634], [25.810925042426945, 62.74157050256197], [25.81059170909361, 62.74157050256197], [25.81059170909361, 62.7416538358953], [25.81034170909361, 62.7416538358953], [25.81034170909361, 62.74177638417167], [25.8102897, 62.7417931], [25.810266554338913, 62.74182050256197], [25.810175042426945, 62.74182050256197], [25.810175042426945, 62.7419038358953], [25.810196166573984, 62.7419038358953], [25.8100559, 62.7420699], [25.8103888, 62.7423294], [25.8103747, 62.742787899999996], [25.8105494, 62.74315990000001], [25.8111538, 62.74290039999999], [25.8113616, 62.7427274], [25.8117393, 62.74235540000001], [25.8117393, 62.742070502561965]]]}}, {"type": "Feature", "properties": {"klasse": "Wald"}, "geometry": {"type": "Polygon", "coordinates": [[[25.80655744638493, 62.74573716922863], [25.806675042426946, 62.74573716922863], [25.806675042426946, 62.745653835895304], [25.80675837576028, 62.745653835895304], [25.80675837576028, 62.74557050256197], [25.80659170909361, 62.74557050256197], [25.80659170909361, 62.74548716922863], [25.806258375760276, 62.74548716922863], [25.806258375760276, 62.74532050256197], [25.80609170909361, 62.74532050256197], [25.80609170909361, 62.74542363491467], [25.80655744638493, 62.74573716922863]]]}}, {"type": "Feature", "properties": {"klasse": "Wald"}, "geometry": {"type": "Polygon", "coordinates": [[[25.80359170909361, 62.74848716922863], [25.804008375760276, 62.74848716922863], [25.804008375760276, 62.74832050256197], [25.804258375760277, 62.74832050256197], [25.804258375760277, 62.7481538358953], [25.804425042426946, 62.7481538358953], [25.804425042426946, 62.74809810061299], [25.8042754, 62.7481245], [25.8033557, 62.7476163], [25.803008375760278, 62.74762618026473], [25.803008375760278, 62.7476538358953], [25.803175042426943, 62.7476538358953], [25.803175042426943, 62.747737169228635], [25.803258375760276, 62.747737169228635], [25.803258375760276, 62.74798716922864], [25.803341709093612, 62.74798716922864], [25.803341709093612, 62.748070502561966], [25.803425042426944, 62.748070502561966], [25.803425042426944, 62.74832050256197], [25.80359170909361, 62.74832050256197], [25.80359170909361, 62.74848716922863]]]}}, {"type": "Feature", "properties": {"klasse": "Wald"}, "geometry": {"type": "Polygon", "coordinates": [[[25.80459170909361, 62.748068697869904], [25.804581479367464, 62.748070502561966], [25.80459170909361, 62.748070502561966], [25.80459170909361, 62.748068697869904]]]}}, {"type": "Feature", "properties": {"klasse": "Wald"}, "geometry": {"type": "Polygon", "coordinates": [[[25.796925042426945, 62.75202924119357], [25.796876436623325, 62.75207050256197], [25.796925042426945, 62.75207050256197], [25.796925042426945, 62.75202924119357]]]}}, {"type": "Feature", "properties": {"klasse": "Wald"}, "geometry": {"type": "Polygon", "coordinates": [[[25.79684170909361, 62.75209998269172], [25.796778270135107, 62.7521538358953], [25.79684170909361, 62.7521538358953], [25.79684170909361, 62.75209998269172]]]}}, {"type": "Feature", "properties": {"klasse": "Wald"}, "geometry": {"type": "Polygon", "coordinates": [[[25.79659170909361, 62.75231220718615], [25.796483770670438, 62.7524038358953], [25.79659170909361, 62.7524038358953], [25.79659170909361, 62.75231220718615]]]}}, {"type": "Feature", "properties": {"klasse": "Wald"}, "geometry": {"type": "Polygon", "coordinates": [[[25.796425042426943, 62.75245369018244], [25.79618927120577, 62.7526538358953], [25.796425042426943, 62.7526538358953], [25.796425042426943, 62.75245369018244]]]}}, {"type": "Feature", "properties": {"klasse": "Wald"}, "geometry": {"type": "Polygon", "coordinates": [[[25.796008375760277, 62.75298716922863], [25.796175042426945, 62.75298716922863], [25.796175042426945, 62.75282050256197], [25.79634170909361, 62.75282050256197], [25.79634170909361, 62.75273716922864], [25.796175042426945, 62.75273716922864], [25.796175042426945, 62.75266591467687], [25.79560027227643, 62.753153835895304], [25.796008375760277, 62.753153835895304], [25.796008375760277, 62.75298716922863]]]}}, {"type": "Feature", "properties": {"klasse": "Wald"}, "geometry": {"type": "Polygon", "coordinates": [[[25.79559170909361, 62.75316110516388], [25.795502105788213, 62.75323716922863], [25.79559170909361, 62.75323716922863], [25.79559170909361, 62.75316110516388]]]}}, {"type": "Feature", "properties": {"klasse": "Wald"}, "geometry": {"type": "Polygon", "coordinates": [[[25.79434170909361, 62.75473716922863], [25.794758375760278, 62.75473716922863], [25.794758375760278, 62.75457050256197], [25.794925042426943, 62.75457050256197], [25.794925042426943, 62.7544038358953], [25.795175042426944, 62.7544038358953], [25.795175042426944, 62.75423716922864], [25.79534170909361, 62.75423716922864], [25.79534170909361, 62.753820502561965], [25.795175042426944, 62.753820502561965], [25.795175042426944, 62.75351481265461], [25.7943686, 62.7541994], [25.791425042426944, 62.753404572707936], [25.791425042426944, 62.7549038358953], [25.79275837576028, 62.7549038358953], [25.79275837576028, 62.75482050256197], [25.793425042426943, 62.75482050256197], [25.793425042426943, 62.75473716922863], [25.79409170909361, 62.75473716922863], [25.79409170909361, 62.75482050256197], [25.794175042426943, 62.75482050256197], [25.794175042426943, 62.7549038358953], [25.79434170909361, 62.7549038358953], [25.79434170909361, 62.75473716922863]]]}}, {"type": "Feature", "properties": {"klasse": "Wald"}, "geometry": {"type": "Polygon", "coordinates": [[[25.810675042426944, 62.75732050256197], [25.810675042426944, 62.7571538358953], [25.810925042426945, 62.7571538358953], [25.810925042426945, 62.757070502561966], [25.81109170909361, 62.757070502561966], [25.81109170909361, 62.7569038358953], [25.811008375760277, 62.7569038358953], [25.811008375760277, 62.756820502561965], [25.809925042426944, 62.756820502561965], [25.809925042426944, 62.75698716922864], [25.809508375760277, 62.75698716922864], [25.809508375760277, 62.7574038358953], [25.809341709093612, 62.7574038358953], [25.809341709093612, 62.75757050256197], [25.80909170909361, 62.75757050256197], [25.80909170909361, 62.75773716922863], [25.809675042426942, 62.75773716922863], [25.809675042426942, 62.757653835895304], [25.809925042426944, 62.757653835895304], [25.809925042426944, 62.75757050256197], [25.810091709093612, 62.75757050256197], [25.810091709093612, 62.75748716922863], [25.81034170909361, 62.75748716922863], [25.81034170909361, 62.7574038358953], [25.81050837576028, 62.7574038358953], [25.81050837576028, 62.75732050256197], [25.810675042426944, 62.75732050256197]]]}}, {"type": "Feature", "properties": {"klasse": "Wald"}, "geometry": {"type": "Polygon", "coordinates": [[[25.810425042426942, 62.7586538358953], [25.810425042426942, 62.75848716922864], [25.810008375760276, 62.75848716922864], [25.810008375760276, 62.7584038358953], [25.80984170909361, 62.7584038358953], [25.80984170909361, 62.758570502561966], [25.809675042426942, 62.758570502561966], [25.809675042426942, 62.7586538358953], [25.809508375760277, 62.7586538358953], [25.809508375760277, 62.75873716922864], [25.809258375760276, 62.75873716922864], [25.809258375760276, 62.7589038358953], [25.80909170909361, 62.7589038358953], [25.80909170909361, 62.75898716922863], [25.80884170909361, 62.75898716922863], [25.80884170909361, 62.7594038358953], [25.808675042426945, 62.7594038358953], [25.808675042426945, 62.75957050256197], [25.808758375760277, 62.75957050256197], [25.808758375760277, 62.7596538358953], [25.80900837576028, 62.7596538358953], [25.80900837576028, 62.759737169228636], [25.809425042426945, 62.759737169228636], [25.809425042426945, 62.7596538358953], [25.80984170909361, 62.7596538358953], [25.80984170909361, 62.759487169228635], [25.810008375760276, 62.759487169228635], [25.810008375760276, 62.759153835895304], [25.810091709093612, 62.759153835895304], [25.810091709093612, 62.75907050256197], [25.810258375760277, 62.75907050256197], [25.810258375760277, 62.7586538358953], [25.810425042426942, 62.7586538358953]]]}}, {"type": "Feature", "properties": {"klasse": "Wald"}, "geometry": {"type": "Polygon", "coordinates": [[[25.79784170909361, 62.7599038358953], [25.797675042426945, 62.7599038358953], [25.797675042426945, 62.75998716922864], [25.797508375760277, 62.75998716922864], [25.797508375760277, 62.7601538358953], [25.797258375760276, 62.7601538358953], [25.797258375760276, 62.76023716922864], [25.79709170909361, 62.76023716922864], [25.79709170909361, 62.76048716922863], [25.79684170909361, 62.76048716922863], [25.79684170909361, 62.76057050256197], [25.796758375760277, 62.76057050256197], [25.796758375760277, 62.760653835895305], [25.796675042426944, 62.760653835895305], [25.796675042426944, 62.76073716922863], [25.79650837576028, 62.76073716922863], [25.79650837576028, 62.76082050256197], [25.796258375760278, 62.76082050256197], [25.796258375760278, 62.76073716922863], [25.79609170909361, 62.76073716922863], [25.79609170909361, 62.76082050256197], [25.79584170909361, 62.76082050256197], [25.79584170909361, 62.7609038358953], [25.795675042426943, 62.7609038358953], [25.795675042426943, 62.760987169228635], [25.798425042426945, 62.760987169228635], [25.798425042426945, 62.76023716922864], [25.79834170909361, 62.76023716922864], [25.79834170909361, 62.7601538358953], [25.798258375760277, 62.7601538358953], [25.798258375760277, 62.7599038358953], [25.798175042426944, 62.7599038358953], [25.798175042426944, 62.759820502561965], [25.79784170909361, 62.759820502561965], [25.79784170909361, 62.7599038358953]]]}}, {"type": "Feature", "properties": {"klasse": "Wald"}, "geometry": {"type": "Polygon", "coordinates": [[[25.830758375760276, 62.71632050256197], [25.830758375760276, 62.71607050256197], [25.830925042426944, 62.71607050256197], [25.830925042426944, 62.71573716922863], [25.831175042426946, 62.71573716922863], [25.831175042426946, 62.71557050256197], [25.83134170909361, 62.71557050256197], [25.83134170909361, 62.715320502561966], [25.831591709093612, 62.715320502561966], [25.831591709093612, 62.71523716922864], [25.831508375760276, 62.71523716922864], [25.831508375760276, 62.7151538358953], [25.83134170909361, 62.7151538358953], [25.83134170909361, 62.71507050256197], [25.831258375760278, 62.71507050256197], [25.831258375760278, 62.714987169228635], [25.831175042426946, 62.714987169228635], [25.831175042426946, 62.71482050256197], [25.83109170909361, 62.71482050256197], [25.83109170909361, 62.714737169228634], [25.830425042426945, 62.714737169228634], [25.830425042426945, 62.71482050256197], [25.830175042426944, 62.71482050256197], [25.830175042426944, 62.714987169228635], [25.830008375760276, 62.714987169228635], [25.830008375760276, 62.7151538358953], [25.82984170909361, 62.7151538358953], [25.82984170909361, 62.715320502561966], [25.829758375760278, 62.715320502561966], [25.829758375760278, 62.7154038358953], [25.82959170909361, 62.7154038358953], [25.82959170909361, 62.71548716922864], [25.829425042426944, 62.71548716922864], [25.829425042426944, 62.71557050256197], [25.829175042426943, 62.71557050256197], [25.829175042426943, 62.7156538358953], [25.829008375760278, 62.7156538358953], [25.829008375760278, 62.71573716922863], [25.82884170909361, 62.71573716922863], [25.82884170909361, 62.715903835895304], [25.828758375760277, 62.715903835895304], [25.828758375760277, 62.71598716922863], [25.82859170909361, 62.71598716922863], [25.82859170909361, 62.71607050256197], [25.828508375760276, 62.71607050256197], [25.828508375760276, 62.7161538358953], [25.828425042426943, 62.7161538358953], [25.828425042426943, 62.71632050256197], [25.828508375760276, 62.71632050256197], [25.828508375760276, 62.7164038358953], [25.82859170909361, 62.7164038358953], [25.82859170909361, 62.71657050256197], [25.828675042426944, 62.71657050256197], [25.828675042426944, 62.7166538358953], [25.828925042426945, 62.7166538358953], [25.828925042426945, 62.71673716922864], [25.829508375760277, 62.71673716922864], [25.829508375760277, 62.716820502561966], [25.829758375760278, 62.716820502561966], [25.829758375760278, 62.7166538358953], [25.829925042426943, 62.7166538358953], [25.829925042426943, 62.71657050256197], [25.830175042426944, 62.71657050256197], [25.830175042426944, 62.716487169228635], [25.83034170909361, 62.716487169228635], [25.83034170909361, 62.7164038358953], [25.830508375760278, 62.7164038358953], [25.830508375760278, 62.71632050256197], [25.830758375760276, 62.71632050256197]]]}}, {"type": "Feature", "properties": {"klasse": "Wald"}, "geometry": {"type": "Polygon", "coordinates": [[[25.814142378498676, 62.71732050256197], [25.814008375760277, 62.717261687000665], [25.814008375760277, 62.71732050256197], [25.814142378498676, 62.71732050256197]]]}}, {"type": "Feature", "properties": {"klasse": "Wald"}, "geometry": {"type": "Polygon", "coordinates": [[[25.816257808595843, 62.718903835895304], [25.816091709093612, 62.718853479441194], [25.816091709093612, 62.718903835895304], [25.816257808595843, 62.718903835895304]]]}}, {"type": "Feature", "properties": {"klasse": "Wald"}, "geometry": {"type": "Polygon", "coordinates": [[[25.81125837576028, 62.719570502561965], [25.81125837576028, 62.7196538358953], [25.81134170909361, 62.7196538358953], [25.81134170909361, 62.719570502561965], [25.81125837576028, 62.719570502561965]]]}}, {"type": "Feature", "properties": {"klasse": "Wald"}, "geometry": {"type": "Polygon", "coordinates": [[[25.811425042426944, 62.71973716922864], [25.811425042426944, 62.719820502561966], [25.811591709093612, 62.719820502561966], [25.811591709093612, 62.71973716922864], [25.811425042426944, 62.71973716922864]]]}}, {"type": "Feature", "properties": {"klasse": "Wald"}, "geometry": {"type": "Polygon", "coordinates": [[[25.82959170909361, 62.720987169228636], [25.82959170909361, 62.7209038358953], [25.829758375760278, 62.7209038358953], [25.829758375760278, 62.72082050256197], [25.830175042426944, 62.72082050256197], [25.830175042426944, 62.7206538358953], [25.830508375760278, 62.7206538358953], [25.830508375760278, 62.720737169228634], [25.83059170909361, 62.720737169228634], [25.83059170909361, 62.72048716922863], [25.830758375760276, 62.72048716922863], [25.830758375760276, 62.72032050256197], [25.831008375760277, 62.72032050256197], [25.831008375760277, 62.72023716922863], [25.831175042426946, 62.72023716922863], [25.831175042426946, 62.7201538358953], [25.83134170909361, 62.7201538358953], [25.83134170909361, 62.72007050256197], [25.831591709093612, 62.72007050256197], [25.831591709093612, 62.71998716922864], [25.83259170909361, 62.71998716922864], [25.83259170909361, 62.7199038358953], [25.833175042426944, 62.7199038358953], [25.833175042426944, 62.719820502561966], [25.83334170909361, 62.719820502561966], [25.83334170909361, 62.71973716922864], [25.833258375760277, 62.71973716922864], [25.833258375760277, 62.7196538358953], [25.833091709093612, 62.7196538358953], [25.833091709093612, 62.719570502561965], [25.832675042426946, 62.719570502561965], [25.832675042426946, 62.719487169228636], [25.832258375760276, 62.719487169228636], [25.832258375760276, 62.7194038358953], [25.832175042426943, 62.7194038358953], [25.832175042426943, 62.71882050256197], [25.832425042426944, 62.71882050256197], [25.832425042426944, 62.71857050256197], [25.83259170909361, 62.71857050256197], [25.83259170909361, 62.71848716922864], [25.832508375760277, 62.71848716922864], [25.832508375760277, 62.7184038358953], [25.832175042426943, 62.7184038358953], [25.832175042426943, 62.718320502561966], [25.831675042426944, 62.718320502561966], [25.831675042426944, 62.7184038358953], [25.83084170909361, 62.7184038358953], [25.83084170909361, 62.71848716922864], [25.830425042426945, 62.71848716922864], [25.830425042426945, 62.718320502561966], [25.830175042426944, 62.718320502561966], [25.830175042426944, 62.71823716922864], [25.83009170909361, 62.71823716922864], [25.83009170909361, 62.718320502561966], [25.829508375760277, 62.718320502561966], [25.829508375760277, 62.7184038358953], [25.82909170909361, 62.7184038358953], [25.82909170909361, 62.71857050256197], [25.829008375760278, 62.71857050256197], [25.829008375760278, 62.71848716922864], [25.828675042426944, 62.71848716922864], [25.828675042426944, 62.7186538358953], [25.828508375760276, 62.7186538358953], [25.828508375760276, 62.71873716922863], [25.828258375760278, 62.71873716922863], [25.828258375760278, 62.71882050256197], [25.82809170909361, 62.71882050256197], [25.82809170909361, 62.71898716922863], [25.827925042426944, 62.71898716922863], [25.827925042426944, 62.71907050256197], [25.828008375760277, 62.71907050256197], [25.828008375760277, 62.7191538358953], [25.827925042426944, 62.7191538358953], [25.827925042426944, 62.71932050256197], [25.82784170909361, 62.71932050256197], [25.82784170909361, 62.719487169228636], [25.827675042426943, 62.719487169228636], [25.827675042426943, 62.71973716922864], [25.827508375760278, 62.71973716922864], [25.827508375760278, 62.71998716922864], [25.827258375760277, 62.71998716922864], [25.827258375760277, 62.72007050256197], [25.82684170909361, 62.72007050256197], [25.82684170909361, 62.7206538358953], [25.826675042426945, 62.7206538358953], [25.826675042426945, 62.720987169228636], [25.826425042426944, 62.720987169228636], [25.826425042426944, 62.7214038358953], [25.826508375760277, 62.7214038358953], [25.826508375760277, 62.72148716922864], [25.82759170909361, 62.72148716922864], [25.82759170909361, 62.7214038358953], [25.828758375760277, 62.7214038358953], [25.828758375760277, 62.721320502561966], [25.829008375760278, 62.721320502561966], [25.829008375760278, 62.72123716922864], [25.829175042426943, 62.72123716922864], [25.829175042426943, 62.7211538358953], [25.82934170909361, 62.7211538358953], [25.82934170909361, 62.720987169228636], [25.82959170909361, 62.720987169228636]]]}}, {"type": "Feature", "properties": {"klasse": "Wald"}, "geometry": {"type": "Polygon", "coordinates": [[[25.812425042426945, 62.719820502561966], [25.812425042426945, 62.7199038358953], [25.812508375760277, 62.7199038358953], [25.812508375760277, 62.719820502561966], [25.812425042426945, 62.719820502561966]]]}}, {"type": "Feature", "properties": {"klasse": "Wald"}, "geometry": {"type": "Polygon", "coordinates": [[[25.812175042426944, 62.7199038358953], [25.812175042426944, 62.71998716922864], [25.812341709093612, 62.71998716922864], [25.812341709093612, 62.7199038358953], [25.812175042426944, 62.7199038358953]]]}}, {"type": "Feature", "properties": {"klasse": "Wald"}, "geometry": {"type": "Polygon", "coordinates": [[[25.811925042426942, 62.71998716922864], [25.811925042426942, 62.7199038358953], [25.811591709093612, 62.7199038358953], [25.811591709093612, 62.71998716922864], [25.811758375760277, 62.71998716922864], [25.811758375760277, 62.72007050256197], [25.81184170909361, 62.72007050256197], [25.81184170909361, 62.71998716922864], [25.811925042426942, 62.71998716922864]]]}}, {"type": "Feature", "properties": {"klasse": "Wald"}, "geometry": {"type": "Polygon", "coordinates": [[[25.811925042426942, 62.71998716922864], [25.811925042426942, 62.72007050256197], [25.81209170909361, 62.72007050256197], [25.81209170909361, 62.71998716922864], [25.811925042426942, 62.71998716922864]]]}}, {"type": "Feature", "properties": {"klasse": "Wald"}, "geometry": {"type": "Polygon", "coordinates": [[[25.830675042426943, 62.72523543773583], [25.830675042426943, 62.7251538358953], [25.830508375760278, 62.7251538358953], [25.830508375760278, 62.72507050256197], [25.830425042426945, 62.72507050256197], [25.830425042426945, 62.72498716922863], [25.83034170909361, 62.72498716922863], [25.83034170909361, 62.724903835895304], [25.83009170909361, 62.724903835895304], [25.83009170909361, 62.72482050256197], [25.829925042426943, 62.72482050256197], [25.829925042426943, 62.72473716922863], [25.82984170909361, 62.72473716922863], [25.82984170909361, 62.72482050256197], [25.82884170909361, 62.72482050256197], [25.82884170909361, 62.72498716922863], [25.828675042426944, 62.72498716922863], [25.828675042426944, 62.72507050256197], [25.82859170909361, 62.72507050256197], [25.82859170909361, 62.72532050256197], [25.828758375760277, 62.72532050256197], [25.828758375760277, 62.7254038358953], [25.828925042426945, 62.7254038358953], [25.828925042426945, 62.725487169228636], [25.829008375760278, 62.725487169228636], [25.829008375760278, 62.725570502561965], [25.82909170909361, 62.725570502561965], [25.82909170909361, 62.7256538358953], [25.82934170909361, 62.7256538358953], [25.82934170909361, 62.72573716922864], [25.829508375760277, 62.72573716922864], [25.829508375760277, 62.725820502561966], [25.82959170909361, 62.725820502561966], [25.82959170909361, 62.72598716922864], [25.82934170909361, 62.72598716922864], [25.82934170909361, 62.7261538358953], [25.829008375760278, 62.7261538358953], [25.829008375760278, 62.72623716922863], [25.82859170909361, 62.72623716922863], [25.82859170909361, 62.72632050256197], [25.828008375760277, 62.72632050256197], [25.828008375760277, 62.726403835895304], [25.82759170909361, 62.726403835895304], [25.82759170909361, 62.72648716922863], [25.82734170909361, 62.72648716922863], [25.82734170909361, 62.726403835895304], [25.82684170909361, 62.726403835895304], [25.82684170909361, 62.72648716922863], [25.826425042426944, 62.72648716922863], [25.826425042426944, 62.72657050256197], [25.82625837576028, 62.72657050256197], [25.82625837576028, 62.7266538358953], [25.82584170909361, 62.7266538358953], [25.82584170909361, 62.72682050256197], [25.82559170909361, 62.72682050256197], [25.82559170909361, 62.7271538358953], [25.825425042426943, 62.7271538358953], [25.825425042426943, 62.72757050256197], [25.82550837576028, 62.72757050256197], [25.82550837576028, 62.7276538358953], [25.825675042426944, 62.7276538358953], [25.825675042426944, 62.72773716922863], [25.825758375760277, 62.72773716922863], [25.825758375760277, 62.72782050256197], [25.825925042426945, 62.72782050256197], [25.825925042426945, 62.727903835895304], [25.826008375760278, 62.727903835895304], [25.826008375760278, 62.72807050256197], [25.825758375760277, 62.72807050256197], [25.825758375760277, 62.728237169228635], [25.825675042426944, 62.728237169228635], [25.825675042426944, 62.7281538358953], [25.82559170909361, 62.7281538358953], [25.82559170909361, 62.72832050256197], [25.825175042426945, 62.72832050256197], [25.825175042426945, 62.7284038358953], [25.82475837576028, 62.7284038358953], [25.82475837576028, 62.728487169228636], [25.82459170909361, 62.728487169228636], [25.82459170909361, 62.728570502561965], [25.824425042426945, 62.728570502561965], [25.824425042426945, 62.7286538358953], [25.824175042426944, 62.7286538358953], [25.824175042426944, 62.728820502561966], [25.824258375760277, 62.728820502561966], [25.824258375760277, 62.7289038358953], [25.82434170909361, 62.7289038358953], [25.82434170909361, 62.72907050256197], [25.824508375760278, 62.72907050256197], [25.824508375760278, 62.7291538358953], [25.82434170909361, 62.7291538358953], [25.82434170909361, 62.729403835895305], [25.824175042426944, 62.729403835895305], [25.824175042426944, 62.72957050256197], [25.82409170909361, 62.72957050256197], [25.82409170909361, 62.72948716922863], [25.823925042426943, 62.72948716922863], [25.823925042426943, 62.729564566089465], [25.82234170909361, 62.72946064498416], [25.82234170909361, 62.729403835895305], [25.821925042426944, 62.729403835895305], [25.821925042426944, 62.72932050256197], [25.821175042426944, 62.72932050256197], [25.821175042426944, 62.72923716922863], [25.820925042426943, 62.72923716922863], [25.820925042426943, 62.7291538358953], [25.820758375760278, 62.7291538358953], [25.820758375760278, 62.72907050256197], [25.8205283069918, 62.72907050256197], [25.8203502, 62.7289647], [25.820175042426943, 62.72891949945716], [25.820175042426943, 62.7289038358953], [25.820114344229328, 62.7289038358953], [25.81959170909361, 62.72876896652353], [25.81959170909361, 62.72873716922864], [25.819425042426943, 62.72873716922864], [25.819425042426943, 62.7286538358953], [25.81909170909361, 62.7286538358953], [25.81909170909361, 62.728570502561965], [25.819008375760276, 62.728570502561965], [25.819008375760276, 62.728487169228636], [25.81834170909361, 62.728487169228636], [25.81834170909361, 62.728570502561965], [25.81809170909361, 62.728570502561965], [25.81809170909361, 62.7289038358953], [25.818258375760276, 62.7289038358953], [25.818258375760276, 62.72898716922864], [25.81834170909361, 62.72898716922864], [25.81834170909361, 62.7291538358953], [25.818425042426945, 62.7291538358953], [25.818425042426945, 62.72923716922863], [25.81859170909361, 62.72923716922863], [25.81859170909361, 62.72932050256197], [25.81875837576028, 62.72932050256197], [25.81875837576028, 62.729403835895305], [25.819175672793296, 62.729403835895305], [25.81934170909361, 62.72943762746072], [25.81934170909361, 62.72948716922863], [25.819425042426943, 62.72948716922863], [25.819425042426943, 62.72957050256197], [25.81959170909361, 62.72957050256197], [25.81959170909361, 62.7296538358953], [25.819758375760276, 62.7296538358953], [25.819758375760276, 62.729737169228635], [25.81984170909361, 62.729737169228635], [25.81984170909361, 62.7299038358953], [25.819925042426945, 62.7299038358953], [25.819925042426945, 62.729987169228636], [25.820008375760278, 62.729987169228636], [25.820008375760278, 62.730070502561965], [25.820175042426943, 62.730070502561965], [25.820175042426943, 62.7301538358953], [25.820425042426944, 62.7301538358953], [25.820425042426944, 62.729987169228636], [25.820569188603073, 62.729987169228636], [25.8207354, 62.730223599999995], [25.820272127898168, 62.73057050256197], [25.820008375760278, 62.73057050256197], [25.820008375760278, 62.7306538358953], [25.81984170909361, 62.7306538358953], [25.81984170909361, 62.73073716922863], [25.819758375760276, 62.73073716922863], [25.819758375760276, 62.73082050256197], [25.81959170909361, 62.73082050256197], [25.81959170909361, 62.730903835895305], [25.819175042426945, 62.730903835895305], [25.819175042426945, 62.730987169228634], [25.81884170909361, 62.730987169228634], [25.81884170909361, 62.73132050256197], [25.81875837576028, 62.73132050256197], [25.81875837576028, 62.7314038358953], [25.81859170909361, 62.7314038358953], [25.81859170909361, 62.731487169228636], [25.818675042426943, 62.731487169228636], [25.818675042426943, 62.731570502561965], [25.81875837576028, 62.731570502561965], [25.81875837576028, 62.73173716922864], [25.818925042426944, 62.73173716922864], [25.818925042426944, 62.731820502561966], [25.819008375760276, 62.731820502561966], [25.819008375760276, 62.7319038358953], [25.81909170909361, 62.7319038358953], [25.81909170909361, 62.73198716922863], [25.819175042426945, 62.73198716922863], [25.819175042426945, 62.732487169228634], [25.818925042426944, 62.732487169228634], [25.818925042426944, 62.73257050256197], [25.81875837576028, 62.73257050256197], [25.81875837576028, 62.7326538358953], [25.817925042426943, 62.7326538358953], [25.817925042426943, 62.732737169228635], [25.817758375760278, 62.732737169228635], [25.817758375760278, 62.733070502561965], [25.81784170909361, 62.733070502561965], [25.81784170909361, 62.7331538358953], [25.818258375760276, 62.7331538358953], [25.818258375760276, 62.73323716922864], [25.818425042426945, 62.73323716922864], [25.818425042426945, 62.733320502561966], [25.818508375760278, 62.733320502561966], [25.818508375760278, 62.73357050256197], [25.81834170909361, 62.73357050256197], [25.81834170909361, 62.733987169228634], [25.818258375760276, 62.733987169228634], [25.818258375760276, 62.734237169228635], [25.81809170909361, 62.734237169228635], [25.81809170909361, 62.734487169228636], [25.818175042426944, 62.734487169228636], [25.818175042426944, 62.734570502561965], [25.81859170909361, 62.734570502561965], [25.81859170909361, 62.7346538358953], [25.818675042426943, 62.7346538358953], [25.818675042426943, 62.735153835895304], [25.81875837576028, 62.735153835895304], [25.81875837576028, 62.73523716922863], [25.81884170909361, 62.73523716922863], [25.81884170909361, 62.73532050256197], [25.818925042426944, 62.73532050256197], [25.818925042426944, 62.735403835895305], [25.81934170909361, 62.735403835895305], [25.81934170909361, 62.735487169228634], [25.81950837576028, 62.735487169228634], [25.81950837576028, 62.73557050256197], [25.819648326574455, 62.73557050256197], [25.819758375760276, 62.7356602272225], [25.819758375760276, 62.735737169228635], [25.819852746751266, 62.735737169228635], [25.819925042426945, 62.735796112917406], [25.819925042426945, 62.7359038358953], [25.819758375760276, 62.7359038358953], [25.819758375760276, 62.735987169228636], [25.819925042426945, 62.735987169228636], [25.819925042426945, 62.736070502561965], [25.820008375760278, 62.736070502561965], [25.820008375760278, 62.73623716922864], [25.82009170909361, 62.73623716922864], [25.82009170909361, 62.7364038358953], [25.820171303755945, 62.7364038358953], [25.8200673322724, 62.73673716922863], [25.81959170909361, 62.73673716922863], [25.81959170909361, 62.736903835895305], [25.81934170909361, 62.736903835895305], [25.81934170909361, 62.7371538358953], [25.819175042426945, 62.7371538358953], [25.819175042426945, 62.737237169228635], [25.818925042426944, 62.737237169228635], [25.818925042426944, 62.73732050256197], [25.81859170909361, 62.73732050256197], [25.81859170909361, 62.7374038358953], [25.818175042426944, 62.7374038358953], [25.818175042426944, 62.737487169228636], [25.817758375760278, 62.737487169228636], [25.817758375760278, 62.737570502561965], [25.81759170909361, 62.737570502561965], [25.81759170909361, 62.73773716922864], [25.81734170909361, 62.73773716922864], [25.81734170909361, 62.737820502561966], [25.817175042426943, 62.737820502561966], [25.817175042426943, 62.7379038358953], [25.817008375760278, 62.7379038358953], [25.817008375760278, 62.73798716922863], [25.816758375760276, 62.73798716922863], [25.816758375760276, 62.738153835895304], [25.81659170909361, 62.738153835895304], [25.81659170909361, 62.73823716922863], [25.81634170909361, 62.73823716922863], [25.81634170909361, 62.738403835895305], [25.816175042426945, 62.738403835895305], [25.816175042426945, 62.73857050256197], [25.816091709093612, 62.73857050256197], [25.816091709093612, 62.738487169228634], [25.816008375760276, 62.738487169228634], [25.816008375760276, 62.73857050256197], [25.815925042426944, 62.73857050256197], [25.815925042426944, 62.7386538358953], [25.81575837576028, 62.7386538358953], [25.81575837576028, 62.738737169228635], [25.81559170909361, 62.738737169228635], [25.81559170909361, 62.73882050256197], [25.815341709093612, 62.73882050256197], [25.815341709093612, 62.7389038358953], [25.81500837576028, 62.7389038358953], [25.81500837576028, 62.738987169228636], [25.814175042426942, 62.738987169228636], [25.814175042426942, 62.739070502561965], [25.814008375760277, 62.739070502561965], [25.814008375760277, 62.7391538358953], [25.813758375760276, 62.7391538358953], [25.813758375760276, 62.73982050256197], [25.813841709093612, 62.73982050256197], [25.813841709093612, 62.739903835895305], [25.813925042426945, 62.739903835895305], [25.813925042426945, 62.74007050256197], [25.81409170909361, 62.74007050256197], [25.81409170909361, 62.7401538358953], [25.81410875614827, 62.7401538358953], [25.814027, 62.7403425], [25.81434170909361, 62.74037033928537], [25.81434170909361, 62.740487169228636], [25.815341709093612, 62.740487169228636], [25.815341709093612, 62.740458799663344], [25.81734170909361, 62.7406357204193], [25.81734170909361, 62.7406538358953], [25.817425042426944, 62.7406538358953], [25.817425042426944, 62.741153835895304], [25.81725837576028, 62.741153835895304], [25.81725837576028, 62.74123716922863], [25.817008375760278, 62.74123716922863], [25.817008375760278, 62.7416538358953], [25.816841709093612, 62.7416538358953], [25.816841709093612, 62.741987169228636], [25.816925042426945, 62.741987169228636], [25.816925042426945, 62.742070502561965], [25.817008375760278, 62.742070502561965], [25.817008375760278, 62.7429038358953], [25.816925042426945, 62.7429038358953], [25.816925042426945, 62.743237169228635], [25.81709170909361, 62.743237169228635], [25.81709170909361, 62.74332050256197], [25.817175042426943, 62.74332050256197], [25.817175042426943, 62.7436538358953], [25.81709170909361, 62.7436538358953], [25.81709170909361, 62.74407050256197], [25.81725837576028, 62.74407050256197], [25.81725837576028, 62.744153835895304], [25.81734170909361, 62.744153835895304], [25.81734170909361, 62.74432050256197], [25.81725837576028, 62.74432050256197], [25.81725837576028, 62.7444038358953], [25.817425042426944, 62.7444038358953], [25.817425042426944, 62.744487169228634], [25.817508375760276, 62.744487169228634], [25.817508375760276, 62.74457050256197], [25.81759170909361, 62.74457050256197], [25.81759170909361, 62.7446538358953], [25.817758375760278, 62.7446538358953], [25.817758375760278, 62.744737169228635], [25.81784170909361, 62.744737169228635], [25.81784170909361, 62.7449038358953], [25.81800837576028, 62.7449038358953], [25.81800837576028, 62.74498716922864], [25.81809170909361, 62.74498716922864], [25.81809170909361, 62.7451538358953], [25.81800837576028, 62.7451538358953], [25.81800837576028, 62.74523716922864], [25.81784170909361, 62.74523716922864], [25.81784170909361, 62.7454038358953], [25.817675042426945, 62.7454038358953], [25.817675042426945, 62.74548716922863], [25.817758375760278, 62.74548716922863], [25.817758375760278, 62.74557050256197], [25.817675042426945, 62.74557050256197], [25.817675042426945, 62.74573716922863], [25.817425042426944, 62.74573716922863], [25.817425042426944, 62.745987169228634], [25.81725837576028, 62.745987169228634], [25.81725837576028, 62.74607050256197], [25.817008375760278, 62.74607050256197], [25.817008375760278, 62.7461538358953], [25.816841709093612, 62.7461538358953], [25.816841709093612, 62.74632050256197], [25.816925042426945, 62.74632050256197], [25.816925042426945, 62.7464038358953], [25.81759170909361, 62.7464038358953], [25.81759170909361, 62.74632050256197], [25.817925042426943, 62.74632050256197], [25.817925042426943, 62.74632288693613], [25.817906300000004, 62.746383], [25.817925042426943, 62.74639014820923], [25.817925042426943, 62.7464038358953], [25.817960931199647, 62.7464038358953], [25.818175042426944, 62.746485496176305], [25.818175042426944, 62.74648716922864], [25.81817942912858, 62.74648716922864], [25.81834170909361, 62.746549061487684], [25.81834170909361, 62.746570502561966], [25.818397927057497, 62.746570502561966], [25.818925042426944, 62.74677154007753], [25.818925042426944, 62.7469038358953], [25.81909170909361, 62.7469038358953], [25.81909170909361, 62.74698716922863], [25.818925042426944, 62.74698716922863], [25.818925042426944, 62.74707050256197], [25.81909170909361, 62.74707050256197], [25.81909170909361, 62.747153835895304], [25.819175042426945, 62.747153835895304], [25.819175042426945, 62.7474038358953], [25.818925042426944, 62.7474038358953], [25.818925042426944, 62.747487169228634], [25.81875837576028, 62.747487169228634], [25.81875837576028, 62.74761902775605], [25.81725837576028, 62.74770621437833], [25.81725837576028, 62.7476538358953], [25.81709170909361, 62.7476538358953], [25.81709170909361, 62.74757050256197], [25.816925042426945, 62.74757050256197], [25.816925042426945, 62.747487169228634], [25.81584170909361, 62.747487169228634], [25.81584170909361, 62.74757050256197], [25.81559170909361, 62.74757050256197], [25.81559170909361, 62.7476538358953], [25.815425042426945, 62.7476538358953], [25.815425042426945, 62.747737169228635], [25.815175042426944, 62.747737169228635], [25.815175042426944, 62.74782050256197], [25.81500837576028, 62.74782050256197], [25.81500837576028, 62.7479038358953], [25.81484170909361, 62.7479038358953], [25.81484170909361, 62.748070502561966], [25.814591709093612, 62.748070502561966], [25.814591709093612, 62.74857050256197], [25.814425042426944, 62.74857050256197], [25.814425042426944, 62.74873716922863], [25.81434170909361, 62.74873716922863], [25.81434170909361, 62.74882050256197], [25.814508375760276, 62.74882050256197], [25.814508375760276, 62.7489038358953], [25.814591709093612, 62.7489038358953], [25.814591709093612, 62.74907050256197], [25.814675042426945, 62.74907050256197], [25.814675042426945, 62.7491538358953], [25.814758375760277, 62.7491538358953], [25.814758375760277, 62.749237169228635], [25.81484170909361, 62.749237169228635], [25.81484170909361, 62.74932050256197], [25.815258375760276, 62.74932050256197], [25.815258375760276, 62.7494038358953], [25.815425042426945, 62.7494038358953], [25.815425042426945, 62.74948716922864], [25.815675042426943, 62.74948716922864], [25.815675042426943, 62.749570502561966], [25.81575837576028, 62.749570502561966], [25.81575837576028, 62.7496538358953], [25.816008375760276, 62.7496538358953], [25.816008375760276, 62.74973716922864], [25.81614129439739, 62.74973716922864], [25.816574, 62.750019699999996], [25.816643874816094, 62.75032050256197], [25.81650837576028, 62.75032050256197], [25.81650837576028, 62.750487169228634], [25.816425042426943, 62.750487169228634], [25.816425042426943, 62.7506538358953], [25.816258375760277, 62.7506538358953], [25.816258375760277, 62.750820502561965], [25.816091709093612, 62.750820502561965], [25.816091709093612, 62.751070502561966], [25.816175042426945, 62.751070502561966], [25.816175042426945, 62.7511538358953], [25.816258375760277, 62.7511538358953], [25.816258375760277, 62.75157050256197], [25.81634170909361, 62.75157050256197], [25.81634170909361, 62.751653835895304], [25.816425042426943, 62.751653835895304], [25.816425042426943, 62.75173716922863], [25.81650837576028, 62.75173716922863], [25.81650837576028, 62.75182050256197], [25.81659170909361, 62.75182050256197], [25.81659170909361, 62.751987169228634], [25.816175042426945, 62.751987169228634], [25.816175042426945, 62.75207050256197], [25.81634170909361, 62.75207050256197], [25.81634170909361, 62.7521538358953], [25.816425042426943, 62.7521538358953], [25.816425042426943, 62.752320502561965], [25.81650837576028, 62.752320502561965], [25.81650837576028, 62.7524038358953], [25.81659170909361, 62.7524038358953], [25.81659170909361, 62.752570502561966], [25.816675042426944, 62.752570502561966], [25.816675042426944, 62.7526538358953], [25.816758375760276, 62.7526538358953], [25.816758375760276, 62.75273716922864], [25.81659170909361, 62.75273716922864], [25.81659170909361, 62.753153835895304], [25.81634170909361, 62.753153835895304], [25.81634170909361, 62.75323716922863], [25.816175042426945, 62.75323716922863], [25.816175042426945, 62.75332050256197], [25.815925042426944, 62.75332050256197], [25.815925042426944, 62.7534038358953], [25.81575837576028, 62.7534038358953], [25.81575837576028, 62.753737169228636], [25.81584170909361, 62.753737169228636], [25.81584170909361, 62.753820502561965], [25.816091709093612, 62.753820502561965], [25.816091709093612, 62.7539038358953], [25.815925042426944, 62.7539038358953], [25.815925042426944, 62.75432050256197], [25.816008375760276, 62.75432050256197], [25.816008375760276, 62.7544038358953], [25.816091709093612, 62.7544038358953], [25.816091709093612, 62.75448716922863], [25.816258375760277, 62.75448716922863], [25.816258375760277, 62.75457050256197], [25.81634170909361, 62.75457050256197], [25.81634170909361, 62.754653835895304], [25.816425042426943, 62.754653835895304], [25.816425042426943, 62.75473716922863], [25.816448185942644, 62.75473716922863], [25.81650837576028, 62.75499795650229], [25.81650837576028, 62.7551538358953], [25.816258375760277, 62.7551538358953], [25.816258375760277, 62.755320502561965], [25.816091709093612, 62.755320502561965], [25.816091709093612, 62.7554038358953], [25.81584170909361, 62.7554038358953], [25.81584170909361, 62.75548716922864], [25.815675042426943, 62.75548716922864], [25.815675042426943, 62.755570502561966], [25.815508375760277, 62.755570502561966], [25.815508375760277, 62.75582050256197], [25.815258375760276, 62.75582050256197], [25.815258375760276, 62.75598716922863], [25.81509170909361, 62.75598716922863], [25.81509170909361, 62.756487169228635], [25.81484170909361, 62.756487169228635], [25.81484170909361, 62.7566538358953], [25.814675042426945, 62.7566538358953], [25.814675042426945, 62.757070502561966], [25.814425042426944, 62.757070502561966], [25.814425042426944, 62.7571538358953], [25.81425837576028, 62.7571538358953], [25.81425837576028, 62.7574038358953], [25.814008375760277, 62.7574038358953], [25.814008375760277, 62.75732050256197], [25.813841709093612, 62.75732050256197], [25.813841709093612, 62.75748716922863], [25.813675042426944, 62.75748716922863], [25.813675042426944, 62.75757050256197], [25.813425042426942, 62.75757050256197], [25.813425042426942, 62.75773716922863], [25.813258375760277, 62.75773716922863], [25.813258375760277, 62.7579038358953], [25.813008375760276, 62.7579038358953], [25.813008375760276, 62.75807050256197], [25.81284170909361, 62.75807050256197], [25.81284170909361, 62.758237169228636], [25.81259170909361, 62.758237169228636], [25.81259170909361, 62.7584038358953], [25.812258375760276, 62.7584038358953], [25.812258375760276, 62.75848716922864], [25.81200837576028, 62.75848716922864], [25.81200837576028, 62.758570502561966], [25.81184170909361, 62.758570502561966], [25.81184170909361, 62.7589038358953], [25.811591709093612, 62.7589038358953], [25.811591709093612, 62.75898716922863], [25.811425042426944, 62.75898716922863], [25.811425042426944, 62.75907050256197], [25.81125837576028, 62.75907050256197], [25.81125837576028, 62.75923716922863], [25.811008375760277, 62.75923716922863], [25.811008375760277, 62.759487169228635], [25.810841709093612, 62.759487169228635], [25.810841709093612, 62.75957050256197], [25.81059170909361, 62.75957050256197], [25.81059170909361, 62.759737169228636], [25.810425042426942, 62.759737169228636], [25.810425042426942, 62.759820502561965], [25.810175042426945, 62.759820502561965], [25.810175042426945, 62.75998716922864], [25.810008375760276, 62.75998716922864], [25.810008375760276, 62.76023716922864], [25.80984170909361, 62.76023716922864], [25.80984170909361, 62.76032050256197], [25.80959170909361, 62.76032050256197], [25.80959170909361, 62.76048716922863], [25.809425042426945, 62.76048716922863], [25.809425042426945, 62.760653835895305], [25.809175042426943, 62.760653835895305], [25.809175042426943, 62.76082050256197], [25.80900837576028, 62.76082050256197], [25.80900837576028, 62.760987169228635], [25.809491243687205, 62.760987169228635], [25.901690975896617, 62.760987169228635], [25.90478616661083, 62.760987169228635], [25.925220674214025, 62.760987169228635], [25.93043232915058, 62.760987169228635], [25.935451009428892, 62.760987169228635], [25.9355187, 62.76085760000001], [25.9360897, 62.76069770000001], [25.9368868, 62.75993659999999], [25.937284, 62.75991559999997], [25.9374653, 62.759630400000006], [25.937741600000003, 62.7597058], [25.938023800000003, 62.75982469999999], [25.9382523, 62.760011399999996], [25.9388092, 62.75944330000001], [25.9388425, 62.75876530000001], [25.938695600000003, 62.75858199999997], [25.9384728, 62.758502499999985], [25.9376803, 62.7585], [25.9374354, 62.7583957], [25.9373017, 62.75813239999999], [25.9369072, 62.7578298], [25.9370506, 62.75766659999999], [25.936674, 62.75757060000001], [25.9365663, 62.75742280000001], [25.9367474, 62.757221200000004], [25.9364564, 62.75705450000001], [25.9359557, 62.7570205], [25.9358089, 62.7568116], [25.9361215, 62.7567352], [25.9361084, 62.75658419999999], [25.9357769, 62.75651129999999], [25.93572185576239, 62.756446742840055], [25.935748814168498, 62.75643196793959], [25.93578309521942, 62.75641654376117], [25.935820509080074, 62.7564027341983], [25.935841709093612, 62.756396371003156], [25.935841709093612, 62.75632050256197], [25.935758375760276, 62.75632050256197], [25.935758375760276, 62.75623716922863], [25.93559170909361, 62.75623716922863], [25.93559170909361, 62.756153835895304], [25.935425042426942, 62.756153835895304], [25.935425042426942, 62.75607050256197], [25.935258375760277, 62.75607050256197], [25.935258375760277, 62.75598716922863], [25.93534170909361, 62.75598716922863], [25.93534170909361, 62.7559038358953], [25.935258375760277, 62.7559038358953], [25.935258375760277, 62.75582050256197], [25.935091709093612, 62.75582050256197], [25.935091709093612, 62.755491047839364], [25.93509556830205, 62.75548716922864], [25.93534170909361, 62.75548716922864], [25.93534170909361, 62.755320502561965], [25.93550837576028, 62.755320502561965], [25.93550837576028, 62.7551538358953], [25.935425042426942, 62.7551538358953], [25.935425042426942, 62.75507050256197], [25.935258375760277, 62.75507050256197], [25.935258375760277, 62.754987169228635], [25.935175042426945, 62.754987169228635], [25.935175042426945, 62.754826521096206], [25.9352537, 62.75476279999999], [25.93531645092677, 62.754653835895304], [25.93534170909361, 62.754653835895304], [25.93534170909361, 62.75460997624769], [25.93546042248271, 62.7544038358953], [25.93559170909361, 62.7544038358953], [25.93559170909361, 62.7542778389475], [25.9362753, 62.7541358], [25.936147910634528, 62.754070502561966], [25.936175042426942, 62.754070502561966], [25.936175042426942, 62.75323716922863], [25.93609170909361, 62.75323716922863], [25.93609170909361, 62.753153835895304], [25.936008375760277, 62.753153835895304], [25.936008375760277, 62.75307050256197], [25.936175042426942, 62.75307050256197], [25.936175042426942, 62.752657363680676], [25.93625187533492, 62.752570502561966], [25.936425042426944, 62.752570502561966], [25.936425042426944, 62.75237473374711], [25.936473012562715, 62.752320502561965], [25.936591709093612, 62.752320502561965], [25.936591709093612, 62.7521538358953], [25.936508375760276, 62.7521538358953], [25.936508375760276, 62.75207050256197], [25.936425042426944, 62.75207050256197], [25.936425042426944, 62.7519879921111], [25.9365225, 62.75194929999999], [25.936518898090295, 62.7519038358953], [25.936591709093612, 62.7519038358953], [25.936591709093612, 62.75157050256197], [25.936675042426945, 62.75157050256197], [25.936675042426945, 62.751403584707376], [25.9367476, 62.75129510000001], [25.936828501026742, 62.75123716922864], [25.93684170909361, 62.75123716922864], [25.93684170909361, 62.75122771133258], [25.9370519, 62.7510772], [25.9370106, 62.7509269], [25.93700837576028, 62.75092401279008], [25.93700837576028, 62.7509038358953], [25.93709170909361, 62.7509038358953], [25.93709170909361, 62.75049448690402], [25.9372336, 62.75038169999999], [25.93718210370531, 62.75032050256197], [25.937258375760276, 62.75032050256197], [25.937258375760276, 62.75026846274871], [25.937360111374133, 62.75023716922863], [25.937459597929113, 62.75023716922863], [25.9375813, 62.750266599999996], [25.9379148, 62.750277799999985], [25.9382714, 62.750192199999994], [25.9381819, 62.75009210000001], [25.938136018152814, 62.75007050256197], [25.93834170909361, 62.75007050256197], [25.93834170909361, 62.74998716922863], [25.938258375760277, 62.74998716922863], [25.938258375760277, 62.7499038358953], [25.938175042426945, 62.7499038358953], [25.938175042426945, 62.74982050256197], [25.938091709093612, 62.74982050256197], [25.938091709093612, 62.7494038358953], [25.938008375760276, 62.7494038358953], [25.938008375760276, 62.74932050256197], [25.937925042426944, 62.74932050256197], [25.937925042426944, 62.7489038358953], [25.93784170909361, 62.7489038358953], [25.93784170909361, 62.74882050256197], [25.937675042426942, 62.74882050256197], [25.937675042426942, 62.74873716922863], [25.93775837576028, 62.74873716922863], [25.93775837576028, 62.74857050256197], [25.937675042426942, 62.74857050256197], [25.937675042426942, 62.74848716922863], [25.937508375760277, 62.74848716922863], [25.937508375760277, 62.748122127704974], [25.9375946, 62.74805679999999], [25.937508375760277, 62.74799075928732], [25.937508375760277, 62.7479038358953], [25.93759170909361, 62.7479038358953], [25.93759170909361, 62.747739902268464], [25.937850400000002, 62.7477241], [25.9382449, 62.747581999999994], [25.93842, 62.7474238], [25.939031, 62.74739670000001], [25.9393648, 62.7475314], [25.9394934, 62.74768549999999], [25.93959151548647, 62.74732050256197], [25.939758375760277, 62.74732050256197], [25.939758375760277, 62.74723716922863], [25.939925042426943, 62.74723716922863], [25.939925042426943, 62.74698716922863], [25.93984170909361, 62.74698716922863], [25.93984170909361, 62.7469038358953], [25.939675042426945, 62.7469038358953], [25.939675042426945, 62.74682050256197], [25.939508375760276, 62.74682050256197], [25.939508375760276, 62.74673716922864], [25.939425042426944, 62.74673716922864], [25.939425042426944, 62.7466538358953], [25.93909170909361, 62.7466538358953], [25.93909170909361, 62.746570502561966], [25.938925042426945, 62.746570502561966], [25.938925042426945, 62.74648716922864], [25.938758375760276, 62.74648716922864], [25.938758375760276, 62.746236607231424], [25.938861481019714, 62.7461538358953], [25.939008375760277, 62.7461538358953], [25.939008375760277, 62.7459038358953], [25.938925042426945, 62.7459038358953], [25.938925042426945, 62.74582050256197], [25.938758375760276, 62.74582050256197], [25.938758375760276, 62.74573716922863], [25.938425042426942, 62.74573716922863], [25.938425042426942, 62.745653835895304], [25.93834170909361, 62.745653835895304], [25.93834170909361, 62.74557050256197], [25.93759170909361, 62.74557050256197], [25.93759170909361, 62.745653835895304], [25.937258375760276, 62.745653835895304], [25.937258375760276, 62.74582050256197], [25.936925042426942, 62.74582050256197], [25.936925042426942, 62.74573716922863], [25.93684170909361, 62.74573716922863], [25.93684170909361, 62.7459038358953], [25.936425042426944, 62.7459038358953], [25.936425042426944, 62.745987169228634], [25.93609170909361, 62.745987169228634], [25.93609170909361, 62.74604593035551], [25.9360229, 62.746048900000005], [25.935969233006873, 62.74607050256197], [25.935675042426944, 62.74607050256197], [25.935675042426944, 62.7461538358953], [25.93484170909361, 62.7461538358953], [25.93484170909361, 62.74592029105442], [25.934910216598624, 62.74582050256197], [25.934925042426944, 62.74582050256197], [25.934925042426944, 62.745798907160754], [25.934967427190863, 62.74573716922863], [25.935091709093612, 62.74573716922863], [25.935091709093612, 62.74559173051166], [25.935113847095202, 62.74557050256197], [25.935258375760277, 62.74557050256197], [25.935258375760277, 62.74548716922863], [25.93550837576028, 62.74548716922863], [25.93550837576028, 62.74532568731934], [25.9355176, 62.74532149999999], [25.93552296737301, 62.74532050256197], [25.935675042426944, 62.74532050256197], [25.935675042426944, 62.74529224191365], [25.9358889, 62.7452525], [25.935870279187768, 62.74523716922864], [25.935925042426945, 62.74523716922864], [25.935925042426945, 62.745070502561965], [25.935841709093612, 62.745070502561965], [25.935841709093612, 62.74498716922864], [25.935091709093612, 62.74498716922864], [25.935091709093612, 62.74523716922864], [25.933925042426942, 62.74523716922864], [25.933925042426942, 62.74532050256197], [25.933508375760276, 62.74532050256197], [25.933508375760276, 62.7454038358953], [25.93334170909361, 62.7454038358953], [25.93334170909361, 62.74548716922863], [25.93309170909361, 62.74548716922863], [25.93309170909361, 62.74557050256197], [25.932758375760276, 62.74557050256197], [25.932758375760276, 62.745653835895304], [25.93250837576028, 62.745653835895304], [25.93250837576028, 62.74573716922863], [25.93234170909361, 62.74573716922863], [25.93234170909361, 62.74582050256197], [25.932175042426945, 62.74582050256197], [25.932175042426945, 62.7459038358953], [25.93175837576028, 62.7459038358953], [25.93175837576028, 62.745987169228634], [25.931341709093612, 62.745987169228634], [25.931341709093612, 62.74607050256197], [25.930925042426946, 62.74607050256197], [25.930925042426946, 62.7461538358953], [25.930758375760277, 62.7461538358953], [25.930758375760277, 62.746237169228635], [25.93034170909361, 62.746237169228635], [25.93034170909361, 62.74632050256197], [25.930175042426946, 62.74632050256197], [25.930175042426946, 62.7464038358953], [25.930008375760277, 62.7464038358953], [25.930008375760277, 62.74648716922864], [25.929925042426945, 62.74648716922864], [25.929925042426945, 62.746570502561966], [25.929758375760276, 62.746570502561966], [25.929758375760276, 62.74673716922864], [25.92959170909361, 62.74673716922864], [25.92959170909361, 62.74682050256197], [25.92934170909361, 62.74682050256197], [25.92934170909361, 62.74698716922863], [25.929175042426944, 62.74698716922863], [25.929175042426944, 62.747153835895304], [25.928925042426943, 62.747153835895304], [25.928925042426943, 62.74723716922863], [25.928758375760278, 62.74723716922863], [25.928758375760278, 62.74732050256197], [25.928341709093612, 62.74732050256197], [25.928341709093612, 62.7474038358953], [25.928175042426943, 62.7474038358953], [25.928175042426943, 62.747487169228634], [25.927591709093612, 62.747487169228634], [25.927591709093612, 62.74757050256197], [25.92734170909361, 62.74757050256197], [25.92734170909361, 62.747737169228635], [25.927175042426946, 62.747737169228635], [25.927175042426946, 62.74782050256197], [25.927008375760277, 62.74782050256197], [25.927008375760277, 62.748070502561966], [25.926758375760276, 62.748070502561966], [25.926758375760276, 62.7481538358953], [25.926508375760278, 62.7481538358953], [25.926508375760278, 62.748070502561966], [25.926425042426946, 62.748070502561966], [25.926425042426946, 62.7481538358953], [25.926091709093612, 62.7481538358953], [25.926091709093612, 62.748070502561966], [25.926008375760276, 62.748070502561966], [25.926008375760276, 62.74798716922864], [25.925925042426943, 62.74798716922864], [25.925925042426943, 62.7479038358953], [25.925758375760278, 62.7479038358953], [25.925758375760278, 62.74782050256197], [25.92559170909361, 62.74782050256197], [25.92559170909361, 62.747487169228634], [25.925508375760277, 62.747487169228634], [25.925508375760277, 62.7474038358953], [25.925425042426944, 62.7474038358953], [25.925425042426944, 62.74723716922863], [25.925341709093612, 62.74723716922863], [25.925341709093612, 62.747153835895304], [25.925328805037374, 62.747153835895304], [25.925380437262593, 62.74707050256197], [25.925425042426944, 62.74707050256197], [25.925425042426944, 62.74699851075814], [25.9255766, 62.74675390000001], [25.92563461254846, 62.74673716922864], [25.925675042426946, 62.74673716922864], [25.925675042426946, 62.74672550928486], [25.926212515256147, 62.746570502561966], [25.926258375760277, 62.746570502561966], [25.926258375760277, 62.74655727643021], [25.9270877, 62.74631810000001], [25.929253, 62.7447556], [25.92884170909361, 62.74402790282241], [25.92884170909361, 62.74398716922863], [25.92881868666447, 62.74398716922863], [25.9288113, 62.7439741], [25.928675042426946, 62.74393229644276], [25.928675042426946, 62.7439038358953], [25.92859170909361, 62.7439038358953], [25.92859170909361, 62.74382050256197], [25.928425042426944, 62.74382050256197], [25.928425042426944, 62.74373716922864], [25.928039030508714, 62.74373716922864], [25.92784170909361, 62.743676631403936], [25.92784170909361, 62.7436538358953], [25.927767407744934, 62.7436538358953], [25.9264974, 62.743264200000006], [25.9258166, 62.74065299999999], [25.925508375760277, 62.740583482356236], [25.925508375760277, 62.740570502561965], [25.925450826525218, 62.740570502561965], [25.925425042426944, 62.74056468715381], [25.925425042426944, 62.740487169228636], [25.925175042426943, 62.740487169228636], [25.925175042426943, 62.7404038358953], [25.924711867264687, 62.7404038358953], [25.9245215, 62.74036089999999], [25.9240846, 62.73945149999999], [25.923675042426943, 62.739359087231946], [25.923675042426943, 62.73932050256197], [25.923508375760278, 62.73932050256197], [25.923508375760278, 62.73923716922864], [25.92334170909361, 62.73923716922864], [25.92334170909361, 62.7391538358953], [25.922765403628212, 62.7391538358953], [25.9221993, 62.73902609999998], [25.9211726, 62.73831630000001], [25.9207523, 62.7369584], [25.920258375760277, 62.73674146804719], [25.920258375760277, 62.73673716922863], [25.920248587941273, 62.73673716922863], [25.919826300000004, 62.7365517], [25.9189245, 62.73530479999998], [25.9204022, 62.73469670000001], [25.9203589, 62.733816600000004], [25.9211161, 62.73172720000001], [25.92075837576028, 62.73140442333467], [25.92075837576028, 62.7314038358953], [25.92075772471785, 62.7314038358953], [25.920675042426943, 62.73132923118257], [25.920675042426943, 62.73132050256197], [25.920665368743858, 62.73132050256197], [25.9204569, 62.73113240000001], [25.9200039, 62.73067159999999], [25.91959170909361, 62.730578385335605], [25.91959170909361, 62.73057050256197], [25.919758375760278, 62.73057050256197], [25.919758375760278, 62.73048716922863], [25.919675042426945, 62.73048716922863], [25.919675042426945, 62.7304038358953], [25.919508375760277, 62.7304038358953], [25.919508375760277, 62.730320502561966], [25.91884170909361, 62.730320502561966], [25.91884170909361, 62.7304038358953], [25.918819859594592, 62.7304038358953], [25.9180662, 62.73023339999999], [25.9180171, 62.7292542], [25.9189757, 62.72695789999999], [25.918254, 62.725049999999996], [25.9168345, 62.7237676], [25.9178036, 62.7234763], [25.918153651468725, 62.723403835895304], [25.918675042426944, 62.723403835895304], [25.918675042426944, 62.72332050256197], [25.91884170909361, 62.72332050256197], [25.91884170909361, 62.72319385984922], [25.91889766012171, 62.72307050256197], [25.918925042426945, 62.72307050256197], [25.918925042426945, 62.72301013178762], [25.9193188, 62.72214199999999], [25.920349, 62.7217188], [25.921785, 62.721030600000006], [25.9241777, 62.72004649999999], [25.9262453, 62.717968], [25.9269283, 62.716190000000005], [25.929175042426944, 62.71409563871916], [25.929175042426944, 62.71432050256197], [25.929258375760277, 62.71432050256197], [25.929258375760277, 62.714403835895304], [25.92950837576028, 62.714403835895304], [25.92950837576028, 62.71448716922863], [25.92959170909361, 62.71448716922863], [25.92959170909361, 62.71457050256197], [25.929675042426943, 62.71457050256197], [25.929675042426943, 62.7146538358953], [25.929758375760276, 62.7146538358953], [25.929758375760276, 62.714737169228634], [25.929841709093612, 62.714737169228634], [25.929841709093612, 62.71482050256197], [25.929925042426945, 62.71482050256197], [25.929925042426945, 62.714987169228635], [25.930008375760277, 62.714987169228635], [25.930008375760277, 62.71507050256197], [25.93009170909361, 62.71507050256197], [25.93009170909361, 62.7154038358953], [25.929925042426945, 62.7154038358953], [25.929925042426945, 62.71573716922863], [25.930795027780853, 62.71573716922863], [25.930808500000005, 62.7157579], [25.93084170909361, 62.715763005063344], [25.93084170909361, 62.71582050256197], [25.931175042426943, 62.71582050256197], [25.931175042426943, 62.715903835895304], [25.931757831767737, 62.715903835895304], [25.932425042426942, 62.71600640276204], [25.932425042426942, 62.71607050256197], [25.932842019869348, 62.71607050256197], [25.933175042426942, 62.71612169640879], [25.933175042426942, 62.7161538358953], [25.93338411392013, 62.7161538358953], [25.933758375760277, 62.71621136924515], [25.933758375760277, 62.716237169228634], [25.93392620797096, 62.716237169228634], [25.93409170909361, 62.71626261086593], [25.93409170909361, 62.71632050256197], [25.934468302021788, 62.71632050256197], [25.934508375760277, 62.7163266628919], [25.934508375760277, 62.7164038358953], [25.93501039607257, 62.7164038358953], [25.935258375760277, 62.71644195653865], [25.935258375760277, 62.716487169228635], [25.9355524901234, 62.716487169228635], [25.93609170909361, 62.7165700605906], [25.93609170909361, 62.71657050256197], [25.936094584174228, 62.71657050256197], [25.937508375760277, 62.716787837478904], [25.937508375760277, 62.716820502561966], [25.93772086632662, 62.716820502561966], [25.93784170909361, 62.716839079099685], [25.93784170909361, 62.71698716922864], [25.938008375760276, 62.71698716922864], [25.938008375760276, 62.71707050256197], [25.938091709093612, 62.71707050256197], [25.938091709093612, 62.7171538358953], [25.938175042426945, 62.7171538358953], [25.938175042426945, 62.71723716922863], [25.93834170909361, 62.71723716922863], [25.93834170909361, 62.71732050256197], [25.93859170909361, 62.71732050256197], [25.93859170909361, 62.717403835895304], [25.938675042426944, 62.717403835895304], [25.938675042426944, 62.71748716922863], [25.938758375760276, 62.71748716922863], [25.938758375760276, 62.71757050256197], [25.938675042426944, 62.71757050256197], [25.938675042426944, 62.717737169228634], [25.93859170909361, 62.717737169228634], [25.93859170909361, 62.71782050256197], [25.938425042426942, 62.71782050256197], [25.938425042426942, 62.717987169228635], [25.938258375760277, 62.717987169228635], [25.938258375760277, 62.7181538358953], [25.938008375760276, 62.7181538358953], [25.938008375760276, 62.71823716922864], [25.937675042426942, 62.71823716922864], [25.937675042426942, 62.718320502561966], [25.937425042426945, 62.718320502561966], [25.937425042426945, 62.7184038358953], [25.937258375760276, 62.7184038358953], [25.937258375760276, 62.71857050256197], [25.93684170909361, 62.71857050256197], [25.93684170909361, 62.71873716922863], [25.936675042426945, 62.71873716922863], [25.936675042426945, 62.71882050256197], [25.936425042426944, 62.71882050256197], [25.936425042426944, 62.718903835895304], [25.93625837576028, 62.718903835895304], [25.93625837576028, 62.71898716922863], [25.936008375760277, 62.71898716922863], [25.936008375760277, 62.71907050256197], [25.935841709093612, 62.71907050256197], [25.935841709093612, 62.719237169228634], [25.935675042426944, 62.719237169228634], [25.935675042426944, 62.71932050256197], [25.935425042426942, 62.71932050256197], [25.935425042426942, 62.7194038358953], [25.935091709093612, 62.7194038358953], [25.935091709093612, 62.719487169228636], [25.93484170909361, 62.719487169228636], [25.93484170909361, 62.719570502561965], [25.934675042426942, 62.719570502561965], [25.934675042426942, 62.71973716922864], [25.934425042426945, 62.71973716922864], [25.934425042426945, 62.719820502561966], [25.934258375760276, 62.719820502561966], [25.934258375760276, 62.71998716922864], [25.93384170909361, 62.71998716922864], [25.93384170909361, 62.72007050256197], [25.933675042426945, 62.72007050256197], [25.933675042426945, 62.7201538358953], [25.933425042426943, 62.7201538358953], [25.933425042426943, 62.72032050256197], [25.93325837576028, 62.72032050256197], [25.93325837576028, 62.720403835895304], [25.93309170909361, 62.720403835895304], [25.93309170909361, 62.72048716922863], [25.932841709093612, 62.72048716922863], [25.932841709093612, 62.7206538358953], [25.932675042426943, 62.7206538358953], [25.932675042426943, 62.720737169228634], [25.932425042426942, 62.720737169228634], [25.932425042426942, 62.72082050256197], [25.932091709093612, 62.72082050256197], [25.932091709093612, 62.7209038358953], [25.931675042426946, 62.7209038358953], [25.931675042426946, 62.720987169228636], [25.931258375760276, 62.720987169228636], [25.931258375760276, 62.721070502561965], [25.93109170909361, 62.721070502561965], [25.93109170909361, 62.7216538358953], [25.930675042426945, 62.7216538358953], [25.930675042426945, 62.72173716922863], [25.930508375760276, 62.72173716922863], [25.930508375760276, 62.72182050256197], [25.93009170909361, 62.72182050256197], [25.93009170909361, 62.721903835895304], [25.929758375760276, 62.721903835895304], [25.929758375760276, 62.72182050256197], [25.92950837576028, 62.72182050256197], [25.92950837576028, 62.721903835895304], [25.929091709093612, 62.721903835895304], [25.929091709093612, 62.72198716922863], [25.928925042426943, 62.72198716922863], [25.928925042426943, 62.722237169228634], [25.928675042426946, 62.722237169228634], [25.928675042426946, 62.7229038358953], [25.928508375760277, 62.7229038358953], [25.928508375760277, 62.72298716922864], [25.928258375760276, 62.72298716922864], [25.928258375760276, 62.72323716922863], [25.92809170909361, 62.72323716922863], [25.92809170909361, 62.72332050256197], [25.92784170909361, 62.72332050256197], [25.92784170909361, 62.72348716922863], [25.927675042426944, 62.72348716922863], [25.927675042426944, 62.72382050256197], [25.927758375760277, 62.72382050256197], [25.927758375760277, 62.7239038358953], [25.92784170909361, 62.7239038358953], [25.92784170909361, 62.724070502561965], [25.927925042426946, 62.724070502561965], [25.927925042426946, 62.7241538358953], [25.928008375760278, 62.7241538358953], [25.928008375760278, 62.72423716922864], [25.928175042426943, 62.72423716922864], [25.928175042426943, 62.724320502561966], [25.928508375760277, 62.724320502561966], [25.928508375760277, 62.7244038358953], [25.9288647174353, 62.7244038358953], [25.929175042426944, 62.7245403229894], [25.929175042426944, 62.72457050256197], [25.929243660457598, 62.72457050256197], [25.92934170909361, 62.72461362629924], [25.92934170909361, 62.7246538358953], [25.929425042426946, 62.7246538358953], [25.929425042426946, 62.72473716922863], [25.92934170909361, 62.72473716922863], [25.92934170909361, 62.72482050256197], [25.92950837576028, 62.72482050256197], [25.92950837576028, 62.724903835895304], [25.92959170909361, 62.724903835895304], [25.92959170909361, 62.72507050256197], [25.929841709093612, 62.72507050256197], [25.929841709093612, 62.7251538358953], [25.93025837576028, 62.7251538358953], [25.93025837576028, 62.725237169228635], [25.930582558472818, 62.725237169228635], [25.930675042426945, 62.72528455274969], [25.930675042426945, 62.72532050256197], [25.93074520987579, 62.72532050256197], [25.93084170909361, 62.7253699432759], [25.93084170909361, 62.7254038358953], [25.930907861278754, 62.7254038358953], [25.930925042426946, 62.72541263853901], [25.930925042426946, 62.725570502561965], [25.931245565170215, 62.725570502561965], [25.931258375760276, 62.725573393844556], [25.931258375760276, 62.7256538358953], [25.931614795481902, 62.7256538358953], [25.9324649, 62.725845699999994], [25.932675042426943, 62.72595335280018], [25.932675042426943, 62.72598716922864], [25.932741053402363, 62.72598716922864], [25.932758375760276, 62.72599604321169], [25.932758375760276, 62.72607050256197], [25.932841709093612, 62.72607050256197], [25.932841709093612, 62.72657050256197], [25.932925042426945, 62.72657050256197], [25.932925042426945, 62.7266538358953], [25.93400837576028, 62.7266538358953], [25.93400837576028, 62.726636399384354], [25.9341214, 62.726694300000005], [25.935723237902042, 62.72632050256197], [25.936175042426942, 62.72632050256197], [25.936175042426942, 62.72623716922863], [25.93634170909361, 62.72623716922863], [25.93634170909361, 62.726190781541675], [25.9372531, 62.72600210000001], [25.9374045, 62.72476420000001], [25.93700837576028, 62.72467467401749], [25.93700837576028, 62.7246538358953], [25.937175042426944, 62.7246538358953], [25.937175042426944, 62.72448716922864], [25.937258375760276, 62.72448716922864], [25.937258375760276, 62.7244038358953], [25.937175042426944, 62.7244038358953], [25.937175042426944, 62.724320502561966], [25.936425042426944, 62.724320502561966], [25.936425042426944, 62.7244038358953], [25.936175042426942, 62.7244038358953], [25.936175042426942, 62.724320502561966], [25.936008375760277, 62.724320502561966], [25.936008375760277, 62.7244038358953], [25.935810002481045, 62.7244038358953], [25.9356156, 62.72435990000001], [25.9348007, 62.723234700000006], [25.9354661, 62.72291639999999], [25.9382535, 62.722338099999995], [25.9402088, 62.7215336], [25.9408857, 62.720969100000005], [25.9415668, 62.719195500000005], [25.943675042426943, 62.71917269043145], [25.943675042426943, 62.71932050256197], [25.94375837576028, 62.71932050256197], [25.94375837576028, 62.7194038358953], [25.94384170909361, 62.7194038358953], [25.94384170909361, 62.719570502561965], [25.943925042426944, 62.719570502561965], [25.943925042426944, 62.7196538358953], [25.944425042426943, 62.7196538358953], [25.944425042426943, 62.719570502561965], [25.94484170909361, 62.719570502561965], [25.94484170909361, 62.719487169228636], [25.94506429113155, 62.719487169228636], [25.945712400000005, 62.71965080000002], [25.9478, 62.71841510000001], [25.947425042426943, 62.71776142566016], [25.947425042426943, 62.7176538358953], [25.94736332729655, 62.7176538358953], [25.9473578, 62.717644199999974], [25.94734170909361, 62.71762968226018], [25.94734170909361, 62.71757050256197], [25.94727611658419, 62.71757050256197], [25.9464127, 62.71679149999999], [25.94891266221205, 62.71653767730602], [25.94891266221205, 62.71632050256197], [25.94891266221205, 62.71357050256197], [25.94891266221205, 62.713563405544235], [25.948883789159716, 62.71357050256197], [25.94859170909361, 62.71357050256197], [25.94859170909361, 62.71364229605943], [25.9485447611646, 62.7136538358953], [25.94734170909361, 62.7136538358953], [25.94734170909361, 62.71357050256197], [25.946879977507635, 62.71357050256197], [25.94684170909361, 62.71356333506812], [25.94684170909361, 62.713487169228635], [25.94675837576028, 62.713487169228635], [25.94675837576028, 62.7134038358953], [25.946508375760278, 62.7134038358953], [25.946508375760278, 62.71332050256197], [25.94634170909361, 62.71332050256197], [25.94634170909361, 62.713237169228634], [25.94600837576028, 62.713237169228634], [25.94600837576028, 62.7131538358953], [25.945925042426943, 62.7131538358953], [25.945925042426943, 62.71307050256197], [25.945758375760278, 62.71307050256197], [25.945758375760278, 62.71298716922863], [25.945552247219535, 62.71298716922863], [25.9455248, 62.71296869999997], [25.94534170909361, 62.712962400445186], [25.94534170909361, 62.712903835895304], [25.94459170909361, 62.712903835895304], [25.94459170909361, 62.71282050256197], [25.94409170909361, 62.71282050256197], [25.94409170909361, 62.712903835895304], [25.943912909614802, 62.712903835895304], [25.94384170909361, 62.71287459226424], [25.94384170909361, 62.71282050256197], [25.943710014948493, 62.71282050256197], [25.94359170909361, 62.71277191172703], [25.94359170909361, 62.71273716922863], [25.943507120282185, 62.71273716922863], [25.9430295, 62.712541], [25.9429938396922, 62.71257050256197], [25.942758375760278, 62.71257050256197], [25.942758375760278, 62.712237169228636], [25.94284170909361, 62.712237169228636], [25.94284170909361, 62.7121538358953], [25.942675042426945, 62.7121538358953], [25.942675042426945, 62.71207050256197], [25.942591709093612, 62.71207050256197], [25.942591709093612, 62.7121538358953], [25.94234170909361, 62.7121538358953], [25.94234170909361, 62.712320502561965], [25.942425042426944, 62.712320502561965], [25.942425042426944, 62.7124038358953], [25.94234170909361, 62.7124038358953], [25.94234170909361, 62.71248716922864], [25.942425042426944, 62.71248716922864], [25.942425042426944, 62.71257050256197], [25.942508375760276, 62.71257050256197], [25.942508375760276, 62.71280015714333], [25.9426247, 62.71287590000001], [25.9408604, 62.71349980000001], [25.939062300000003, 62.7133277], [25.9384892, 62.7128643], [25.9362774, 62.712518799999984], [25.9353997, 62.7126529], [25.935143, 62.712288700000016], [25.9355614, 62.71191629999999], [25.9361753, 62.711543899999995], [25.9366465, 62.711555800000006], [25.9381482, 62.711606700000004], [25.939864000000004, 62.71178020000001], [25.941471, 62.71136139999999], [25.9422887, 62.710958500000004], [25.94323, 62.71131650000001], [25.943175042426944, 62.71134626087006], [25.943175042426944, 62.711737169228634], [25.942758375760278, 62.711737169228634], [25.942758375760278, 62.71182050256197], [25.94284170909361, 62.71182050256197], [25.94284170909361, 62.7119038358953], [25.942925042426943, 62.7119038358953], [25.942925042426943, 62.71207050256197], [25.943175042426944, 62.71207050256197], [25.943175042426944, 62.7119038358953], [25.94334170909361, 62.7119038358953], [25.94334170909361, 62.71157050256197], [25.94359170909361, 62.71157050256197], [25.94359170909361, 62.71135754863883], [25.943632997056504, 62.71132050256197], [25.94375837576028, 62.71132050256197], [25.94375837576028, 62.71120800514695], [25.94391162280039, 62.71107050256197], [25.943925042426944, 62.71107050256197], [25.943925042426944, 62.71105846165508], [25.944004498048347, 62.71098716922864], [25.944175042426945, 62.71098716922864], [25.944175042426945, 62.71083414641726], [25.944190248544274, 62.710820502561965], [25.94434170909361, 62.710820502561965], [25.94434170909361, 62.71068460292539], [25.944375999040197, 62.7106538358953], [25.94459170909361, 62.7106538358953], [25.94459170909361, 62.71057050256197], [25.944758375760276, 62.71057050256197], [25.944758375760276, 62.7104038358953], [25.944925042426945, 62.7104038358953], [25.944925042426945, 62.71032050256197], [25.945175042426943, 62.71032050256197], [25.945175042426943, 62.710237169228634], [25.94534170909361, 62.710237169228634], [25.94534170909361, 62.710002903219234], [25.945366584507795, 62.70998716922863], [25.94559170909361, 62.70998716922863], [25.94559170909361, 62.70984477529337], [25.94563008424346, 62.70982050256197], [25.945758375760278, 62.70982050256197], [25.945758375760278, 62.70973935667613], [25.94589358397913, 62.7096538358953], [25.945925042426943, 62.7096538358953], [25.945925042426943, 62.70963393805889], [25.946025333846972, 62.70957050256197], [25.946175042426944, 62.70957050256197], [25.946175042426944, 62.70948716922864], [25.94634170909361, 62.70948716922864], [25.94634170909361, 62.70937039151579], [25.946420583450482, 62.709320502561965], [25.94659170909361, 62.709320502561965], [25.94659170909361, 62.709212263589926], [25.9466209, 62.7091938], [25.946627464979343, 62.7091538358953], [25.94675837576028, 62.7091538358953], [25.94675837576028, 62.708987169228635], [25.947008375760277, 62.708987169228635], [25.947008375760277, 62.70823716922863], [25.947175042426945, 62.70823716922863], [25.947175042426945, 62.70807050256197], [25.947425042426943, 62.70807050256197], [25.947425042426943, 62.7079038358953], [25.94759170909361, 62.7079038358953], [25.94759170909361, 62.707337934197675], [25.947597993206436, 62.70732050256197], [25.94784170909361, 62.70732050256197], [25.94784170909361, 62.70698716922863], [25.948008375760278, 62.70698716922863], [25.948008375760278, 62.70682050256197], [25.94825837576028, 62.70682050256197], [25.94825837576028, 62.70673716922863], [25.948425042426944, 62.70673716922863], [25.948425042426944, 62.7066538358953], [25.94859170909361, 62.7066538358953], [25.94859170909361, 62.706570502561966], [25.94884170909361, 62.706570502561966], [25.94884170909361, 62.70648716922864], [25.94891266221205, 62.70648716922864], [25.94891266221205, 62.70157050256197], [25.948785229617005, 62.70157050256197], [25.948675042426945, 62.701538719136735], [25.948675042426945, 62.701487169228635], [25.948425042426944, 62.701487169228635], [25.948425042426944, 62.70154840569138], [25.94828182316159, 62.70157050256197], [25.94759170909361, 62.70157050256197], [25.94759170909361, 62.7016538358953], [25.947425042426943, 62.7016538358953], [25.947425042426943, 62.701737169228636], [25.947258375760278, 62.701737169228636], [25.947258375760278, 62.7019038358953], [25.947008375760277, 62.7019038358953], [25.947008375760277, 62.70198716922864], [25.94684170909361, 62.70198716922864], [25.94684170909361, 62.70222496063251], [25.946822825293857, 62.70223716922863], [25.94659170909361, 62.70223716922863], [25.94659170909361, 62.70232050256197], [25.946425042426945, 62.70232050256197], [25.946425042426945, 62.70248716922863], [25.946258375760276, 62.70248716922863], [25.946258375760276, 62.70257050256197], [25.94600837576028, 62.70257050256197], [25.94600837576028, 62.702737169228634], [25.94584170909361, 62.702737169228634], [25.94584170909361, 62.70282050256197], [25.94559170909361, 62.70282050256197], [25.94559170909361, 62.702987169228635], [25.945425042426944, 62.702987169228635], [25.945425042426944, 62.70307050256197], [25.94525837576028, 62.70307050256197], [25.94525837576028, 62.70321597458549], [25.945193141401553, 62.703237169228636], [25.945008375760278, 62.703237169228636], [25.945008375760278, 62.70329719958548], [25.9442663, 62.70353829999997], [25.944197366511883, 62.703570502561966], [25.944008375760276, 62.703570502561966], [25.944008375760276, 62.7036538358953], [25.94384170909361, 62.7036538358953], [25.94384170909361, 62.70373664938516], [25.943840596305623, 62.70373716922863], [25.943425042426945, 62.70373716922863], [25.943425042426945, 62.70382050256197], [25.94234170909361, 62.70382050256197], [25.94234170909361, 62.70373716922863], [25.941851710945535, 62.70373716922863], [25.9416117, 62.70366269999998], [25.94159170909361, 62.70366081126924], [25.94159170909361, 62.7036538358953], [25.9415178795932, 62.7036538358953], [25.9409777, 62.70360279999999], [25.940766356057303, 62.7036538358953], [25.94075837576028, 62.7036538358953], [25.94075837576028, 62.703570502561966], [25.94009170909361, 62.703570502561966], [25.94009170909361, 62.70369694007228], [25.939925042426943, 62.703657944003886], [25.939925042426943, 62.703570502561966], [25.93984170909361, 62.703570502561966], [25.93984170909361, 62.70348716922864], [25.939425042426944, 62.70348716922864], [25.939425042426944, 62.7034038358953], [25.93925837576028, 62.7034038358953], [25.93925837576028, 62.703320502561965], [25.93909170909361, 62.703320502561965], [25.93909170909361, 62.703237169228636], [25.938841709093612, 62.703237169228636], [25.938841709093612, 62.7031538358953], [25.93859170909361, 62.7031538358953], [25.93859170909361, 62.70307050256197], [25.93850837576028, 62.70307050256197], [25.93850837576028, 62.702987169228635], [25.93834170909361, 62.702987169228635], [25.93834170909361, 62.7029038358953], [25.938091709093612, 62.7029038358953], [25.938091709093612, 62.70282050256197], [25.938008375760276, 62.70282050256197], [25.938008375760276, 62.702737169228634], [25.937925042426944, 62.702737169228634], [25.937925042426944, 62.702653835895305], [25.93775837576028, 62.702653835895305], [25.93775837576028, 62.70257050256197], [25.93759170909361, 62.70257050256197], [25.93759170909361, 62.70248716922863], [25.937508375760277, 62.70248716922863], [25.937508375760277, 62.7024038358953], [25.937341709093612, 62.7024038358953], [25.937341709093612, 62.70232050256197], [25.937175042426944, 62.70232050256197], [25.937175042426944, 62.70223716922863], [25.936925042426942, 62.70223716922863], [25.936925042426942, 62.7021538358953], [25.936758375760277, 62.7021538358953], [25.936758375760277, 62.702070502561966], [25.936591709093612, 62.702070502561966], [25.936591709093612, 62.70198716922864], [25.936425042426944, 62.70198716922864], [25.936425042426944, 62.7019038358953], [25.936508375760276, 62.7019038358953], [25.936508375760276, 62.701737169228636], [25.936428137189186, 62.701737169228636], [25.936465014934427, 62.701487169228635], [25.936508375760276, 62.701487169228635], [25.936508375760276, 62.70132050256197], [25.936675042426945, 62.70132050256197], [25.936675042426945, 62.701237169228634], [25.936925042426942, 62.701237169228634], [25.936925042426942, 62.701153835895305], [25.93709170909361, 62.701153835895305], [25.93709170909361, 62.701096973452856], [25.937112100000004, 62.70109170000002], [25.937137858912063, 62.70107050256197], [25.937258375760276, 62.70107050256197], [25.937258375760276, 62.70098716922863], [25.937239124734845, 62.70098716922863], [25.93728442223882, 62.70094989315765], [25.93454819018462, 62.70094989315765], [25.934513413882232, 62.70098716922863], [25.933758375760277, 62.70098716922863], [25.933758375760277, 62.70107050256197], [25.933591709093612, 62.70107050256197], [25.933591709093612, 62.701153835895305], [25.93334170909361, 62.701153835895305], [25.93334170909361, 62.70132050256197], [25.933175042426942, 62.70132050256197], [25.933175042426942, 62.701487169228635], [25.932925042426945, 62.701487169228635], [25.932925042426945, 62.70157050256197], [25.932758375760276, 62.70157050256197], [25.932758375760276, 62.7016538358953], [25.93259170909361, 62.7016538358953], [25.93259170909361, 62.701737169228636], [25.93234170909361, 62.701737169228636], [25.93234170909361, 62.701820502561965], [25.92934170909361, 62.701820502561965], [25.92934170909361, 62.701737169228636], [25.928675042426946, 62.701737169228636], [25.928675042426946, 62.701820502561965], [25.926841709093612, 62.701820502561965], [25.926841709093612, 62.701737169228636], [25.924925042426946, 62.701737169228636], [25.924925042426946, 62.7016538358953], [25.924758375760277, 62.7016538358953], [25.924758375760277, 62.701820502561965], [25.92434170909361, 62.701820502561965], [25.92434170909361, 62.7019038358953], [25.923925042426944, 62.7019038358953], [25.923925042426944, 62.70193247739298], [25.923008375760276, 62.70194303223537], [25.923008375760276, 62.7019038358953], [25.922925042426943, 62.7019038358953], [25.922925042426943, 62.701820502561965], [25.922675042426945, 62.701820502561965], [25.922675042426945, 62.701737169228636], [25.921258375760278, 62.701737169228636], [25.921258375760278, 62.701820502561965], [25.92084170909361, 62.701820502561965], [25.92084170909361, 62.7019038358953], [25.920425042426945, 62.7019038358953], [25.920425042426945, 62.70198716922864], [25.920258375760277, 62.70198716922864], [25.920258375760277, 62.702070502561966], [25.92000837576028, 62.702070502561966], [25.92000837576028, 62.70223716922863], [25.919925042426943, 62.70223716922863], [25.919925042426943, 62.7021538358953], [25.91984170909361, 62.7021538358953], [25.91984170909361, 62.70232050256197], [25.919675042426945, 62.70232050256197], [25.919675042426945, 62.7024038358953], [25.91925837576028, 62.7024038358953], [25.91925837576028, 62.70248716922863], [25.91884170909361, 62.70248716922863], [25.91884170909361, 62.70257050256197], [25.918675042426944, 62.70257050256197], [25.918675042426944, 62.702653835895305], [25.918425042426943, 62.702653835895305], [25.918425042426943, 62.70282050256197], [25.918258375760278, 62.70282050256197], [25.918258375760278, 62.7029038358953], [25.91809170909361, 62.7029038358953], [25.91809170909361, 62.70307050256197], [25.91784170909361, 62.70307050256197], [25.91784170909361, 62.7031538358953], [25.917675042426943, 62.7031538358953], [25.917675042426943, 62.7034038358953], [25.917425042426945, 62.7034038358953], [25.917425042426945, 62.7036538358953], [25.91734170909361, 62.7036538358953], [25.91734170909361, 62.703570502561966], [25.917258375760277, 62.703570502561966], [25.917258375760277, 62.70382050256197], [25.91700837576028, 62.70382050256197], [25.91700837576028, 62.70407050256197], [25.91684170909361, 62.70407050256197], [25.91684170909361, 62.704237169228634], [25.916675042426945, 62.704237169228634], [25.916675042426945, 62.7044038358953], [25.916425042426944, 62.7044038358953], [25.916425042426944, 62.70457050256197], [25.91625837576028, 62.70457050256197], [25.91625837576028, 62.704737169228636], [25.916008375760278, 62.704737169228636], [25.916008375760278, 62.70498716922864], [25.91584170909361, 62.70498716922864], [25.91584170909361, 62.705070502561966], [25.91559170909361, 62.705070502561966], [25.91559170909361, 62.7051538358953], [25.915425042426943, 62.7051538358953], [25.915425042426943, 62.70523716922863], [25.915258375760278, 62.70523716922863], [25.915258375760278, 62.705737169228634], [25.915175042426945, 62.705737169228634], [25.915175042426945, 62.70582050256197], [25.91534170909361, 62.70582050256197], [25.91534170909361, 62.7059038358953], [25.915425042426943, 62.7059038358953], [25.915425042426943, 62.70607050256197], [25.91550837576028, 62.70607050256197], [25.91550837576028, 62.706237169228636], [25.91559170909361, 62.706237169228636], [25.91559170909361, 62.706320502561965], [25.915675042426944, 62.706320502561965], [25.915675042426944, 62.7064038358953], [25.915925042426945, 62.7064038358953], [25.915925042426945, 62.70648716922864], [25.91709170909361, 62.70648716922864], [25.91709170909361, 62.706570502561966], [25.917258375760277, 62.706570502561966], [25.917258375760277, 62.7066538358953], [25.917425042426945, 62.7066538358953], [25.917425042426945, 62.70673716922863], [25.917508375760278, 62.70673716922863], [25.917508375760278, 62.706903835895304], [25.917675042426943, 62.706903835895304], [25.917675042426943, 62.707237169228634], [25.917508375760278, 62.707237169228634], [25.917508375760278, 62.7074038358953], [25.91734170909361, 62.7074038358953], [25.91734170909361, 62.70757050256197], [25.917258375760277, 62.70757050256197], [25.917258375760277, 62.707820502561965], [25.91759170909361, 62.707820502561965], [25.91759170909361, 62.7079038358953], [25.91809170909361, 62.7079038358953], [25.91809170909361, 62.707820502561965], [25.918425042426943, 62.707820502561965], [25.918425042426943, 62.707737169228636], [25.918675042426944, 62.707737169228636], [25.918675042426944, 62.7076538358953], [25.91884170909361, 62.7076538358953], [25.91884170909361, 62.70757050256197], [25.91925837576028, 62.70757050256197], [25.91925837576028, 62.707487169228635], [25.919361890906522, 62.707487169228635], [25.919758375760278, 62.70754818007217], [25.919758375760278, 62.70757050256197], [25.919903440614135, 62.70757050256197], [25.919925042426943, 62.70757382663554], [25.919925042426943, 62.7076538358953], [25.920175042426944, 62.7076538358953], [25.920175042426944, 62.707737169228636], [25.921425042426943, 62.707737169228636], [25.921425042426943, 62.7076538358953], [25.921758375760277, 62.7076538358953], [25.921758375760277, 62.707607378955835], [25.9240125, 62.707583799999995], [25.926008375760276, 62.70763507512238], [25.926008375760276, 62.7076538358953], [25.926429620724768, 62.7076538358953], [25.926758375760276, 62.70773701988104], [25.926758375760276, 62.707737169228636], [25.92675896600339, 62.707737169228636], [25.92734170909361, 62.707884619115845], [25.92734170909361, 62.7079038358953], [25.927417656560607, 62.7079038358953], [25.927425042426943, 62.70790570472082], [25.927425042426943, 62.70807050256197], [25.927591709093612, 62.70807050256197], [25.927591709093612, 62.7081538358953], [25.927758375760277, 62.7081538358953], [25.927758375760277, 62.70823716922863], [25.928008375760278, 62.70823716922863], [25.928008375760278, 62.7081538358953], [25.928425042426944, 62.7081538358953], [25.928425042426944, 62.70811968108994], [25.92959170909361, 62.70825660069569], [25.92959170909361, 62.70832050256197], [25.929675042426943, 62.70832050256197], [25.929675042426943, 62.708403835895304], [25.929925042426945, 62.708403835895304], [25.929925042426945, 62.70848716922863], [25.930008375760277, 62.70848716922863], [25.930008375760277, 62.708737169228634], [25.929925042426945, 62.708737169228634], [25.929925042426945, 62.70882050256197], [25.929758375760276, 62.70882050256197], [25.929758375760276, 62.70907050256197], [25.93009170909361, 62.70907050256197], [25.93009170909361, 62.7091538358953], [25.93025837576028, 62.7091538358953], [25.93025837576028, 62.709237169228636], [25.930425042426943, 62.709237169228636], [25.930425042426943, 62.709320502561965], [25.930508375760276, 62.709320502561965], [25.930508375760276, 62.7094038358953], [25.930675042426945, 62.7094038358953], [25.930675042426945, 62.70948716922864], [25.930758375760277, 62.70948716922864], [25.930758375760277, 62.70957050256197], [25.930508375760276, 62.70957050256197], [25.930508375760276, 62.7096538358953], [25.93034170909361, 62.7096538358953], [25.93034170909361, 62.70973716922863], [25.93009170909361, 62.70973716922863], [25.93009170909361, 62.70982050256197], [25.929925042426945, 62.70982050256197], [25.929925042426945, 62.709903835895304], [25.929758375760276, 62.709903835895304], [25.929758375760276, 62.70998716922863], [25.92950837576028, 62.70998716922863], [25.92950837576028, 62.71007050256197], [25.92934170909361, 62.71007050256197], [25.92934170909361, 62.710237169228634], [25.929091709093612, 62.710237169228634], [25.929091709093612, 62.71032050256197], [25.929258375760277, 62.71032050256197], [25.929258375760277, 62.7104038358953], [25.929425042426946, 62.7104038358953], [25.929425042426946, 62.710487169228635], [25.92950837576028, 62.710487169228635], [25.92950837576028, 62.7109038358953], [25.929258375760277, 62.7109038358953], [25.929258375760277, 62.71098716922864], [25.929091709093612, 62.71098716922864], [25.929091709093612, 62.71107050256197], [25.928925042426943, 62.71107050256197], [25.928925042426943, 62.71123716922863], [25.928675042426946, 62.71123716922863], [25.928675042426946, 62.71132050256197], [25.928508375760277, 62.71132050256197], [25.928508375760277, 62.71148716922863], [25.92809170909361, 62.71148716922863], [25.92809170909361, 62.711530878428995], [25.92759384036008, 62.71157050256197], [25.927425042426943, 62.71157050256197], [25.927425042426943, 62.71148716922863], [25.926175042426944, 62.71148716922863], [25.926175042426944, 62.71157050256197], [25.92559170909361, 62.71157050256197], [25.92559170909361, 62.7116538358953], [25.925008375760278, 62.7116538358953], [25.925008375760278, 62.711737169228634], [25.92459170909361, 62.711737169228634], [25.92459170909361, 62.71182050256197], [25.924008375760277, 62.71182050256197], [25.924008375760277, 62.7119038358953], [25.923835422541988, 62.7119038358953], [25.922175042426943, 62.711622326236515], [25.922175042426943, 62.71157050256197], [25.921925042426945, 62.71157050256197], [25.921925042426945, 62.71148716922863], [25.920508375760278, 62.71148716922863], [25.920508375760278, 62.71157050256197], [25.920258375760277, 62.71157050256197], [25.920258375760277, 62.7116538358953], [25.919925042426943, 62.7116538358953], [25.919925042426943, 62.711737169228634], [25.919675042426945, 62.711737169228634], [25.919675042426945, 62.71182050256197], [25.91925837576028, 62.71182050256197], [25.91925837576028, 62.7119038358953], [25.91909170909361, 62.7119038358953], [25.91909170909361, 62.711987169228635], [25.918925042426945, 62.711987169228635], [25.918925042426945, 62.71207050256197], [25.918675042426944, 62.71207050256197], [25.918675042426944, 62.7121538358953], [25.91850837576028, 62.7121538358953], [25.91850837576028, 62.712237169228636], [25.91809170909361, 62.712237169228636], [25.91809170909361, 62.712320502561965], [25.917925042426944, 62.712320502561965], [25.917925042426944, 62.71248716922864], [25.917675042426943, 62.71248716922864], [25.917675042426943, 62.7126538358953], [25.917508375760278, 62.7126538358953], [25.917508375760278, 62.71282050256197], [25.91734170909361, 62.71282050256197], [25.91734170909361, 62.71298716922863], [25.917258375760277, 62.71298716922863], [25.917258375760277, 62.71307050256197], [25.91709170909361, 62.71307050256197], [25.91709170909361, 62.713237169228634], [25.916925042426943, 62.713237169228634], [25.916925042426943, 62.71332050256197], [25.916675042426945, 62.71332050256197], [25.916675042426945, 62.713487169228635], [25.91634170909361, 62.713487169228635], [25.91634170909361, 62.71357050256197], [25.91625837576028, 62.71357050256197], [25.91625837576028, 62.7136538358953], [25.91609170909361, 62.7136538358953], [25.91609170909361, 62.71373716922864], [25.915925042426945, 62.71373716922864], [25.915925042426945, 62.713820502561965], [25.915675042426944, 62.713820502561965], [25.915675042426944, 62.71398716922864], [25.91550837576028, 62.71398716922864], [25.91550837576028, 62.71407050256197], [25.91534170909361, 62.71407050256197], [25.91534170909361, 62.7141538358953], [25.915258375760278, 62.7141538358953], [25.915258375760278, 62.71423716922863], [25.91509170909361, 62.71423716922863], [25.91509170909361, 62.71435378330248], [25.9141712, 62.714475199999995], [25.9132822, 62.714019699999994], [25.91325837576028, 62.714016036623605], [25.91325837576028, 62.71398716922864], [25.913175042426943, 62.71398716922864], [25.913175042426943, 62.7139038358953], [25.91309170909361, 62.7139038358953], [25.91309170909361, 62.713820502561965], [25.913008375760278, 62.713820502561965], [25.913008375760278, 62.71373716922864], [25.912925042426945, 62.71373716922864], [25.912925042426945, 62.7136538358953], [25.912675042426944, 62.7136538358953], [25.912675042426944, 62.71357050256197], [25.912425042426943, 62.71357050256197], [25.912425042426943, 62.7136538358953], [25.912008375760276, 62.7136538358953], [25.912008375760276, 62.71373716922864], [25.91175837576028, 62.71373716922864], [25.91175837576028, 62.7137853864688], [25.910925042426943, 62.713657247493906], [25.910925042426943, 62.7136538358953], [25.910902855587707, 62.7136538358953], [25.91084170909361, 62.713644433596414], [25.91084170909361, 62.71357050256197], [25.910758375760278, 62.71357050256197], [25.910758375760278, 62.713487169228635], [25.91025837576028, 62.713487169228635], [25.91025837576028, 62.71357050256197], [25.909841709093612, 62.71357050256197], [25.909841709093612, 62.713820502561965], [25.909675042426944, 62.713820502561965], [25.909675042426944, 62.71398716922864], [25.909425042426943, 62.71398716922864], [25.909425042426943, 62.7141538358953], [25.909258375760277, 62.7141538358953], [25.909258375760277, 62.71457050256197], [25.90934170909361, 62.71457050256197], [25.90934170909361, 62.7146538358953], [25.909425042426943, 62.7146538358953], [25.909425042426943, 62.714737169228634], [25.90950837576028, 62.714737169228634], [25.90950837576028, 62.7149038358953], [25.909675042426944, 62.7149038358953], [25.909675042426944, 62.714987169228635], [25.909758375760276, 62.714987169228635], [25.909758375760276, 62.71507050256197], [25.909925042426945, 62.71507050256197], [25.909925042426945, 62.7151538358953], [25.910008375760277, 62.7151538358953], [25.910008375760277, 62.71523716922864], [25.909758375760276, 62.71523716922864], [25.909758375760276, 62.715320502561966], [25.909925042426945, 62.715320502561966], [25.909925042426945, 62.7154038358953], [25.909758375760276, 62.7154038358953], [25.909758375760276, 62.71557050256197], [25.909925042426945, 62.71557050256197], [25.909925042426945, 62.71573716922863], [25.909758375760276, 62.71573716922863], [25.909758375760276, 62.71598716922863], [25.909841709093612, 62.71598716922863], [25.909841709093612, 62.71607050256197], [25.909925042426945, 62.71607050256197], [25.909925042426945, 62.7164038358953], [25.909758375760276, 62.7164038358953], [25.909758375760276, 62.7166538358953], [25.90950837576028, 62.7166538358953], [25.90950837576028, 62.71673716922864], [25.90934170909361, 62.71673716922864], [25.90934170909361, 62.716820502561966], [25.90875837576028, 62.716820502561966], [25.90875837576028, 62.7169038358953], [25.90784170909361, 62.7169038358953], [25.90784170909361, 62.716820502561966], [25.907675042426945, 62.716820502561966], [25.907675042426945, 62.71673716922864], [25.90734170909361, 62.71673716922864], [25.90734170909361, 62.7166538358953], [25.906758375760276, 62.7166538358953], [25.906758375760276, 62.71657050256197], [25.90634170909361, 62.71657050256197], [25.90634170909361, 62.716487169228635], [25.90500837576028, 62.716487169228635], [25.90500837576028, 62.71632050256197], [25.904675042426945, 62.71632050256197], [25.904675042426945, 62.716486343003155], [25.904425042426944, 62.716466044430675], [25.904425042426944, 62.7164038358953], [25.904175042426942, 62.7164038358953], [25.904175042426942, 62.71632050256197], [25.903655566117333, 62.71632050256197], [25.902949, 62.71595829999998], [25.902812257698073, 62.715903835895304], [25.902925042426943, 62.715903835895304], [25.902925042426943, 62.71582050256197], [25.903091709093612, 62.71582050256197], [25.903091709093612, 62.7151538358953], [25.90284170909361, 62.7151538358953], [25.90284170909361, 62.71507050256197], [25.90259170909361, 62.71507050256197], [25.90259170909361, 62.7151538358953], [25.902508375760277, 62.7151538358953], [25.902508375760277, 62.715320502561966], [25.902341709093612, 62.715320502561966], [25.902341709093612, 62.71557050256197], [25.902258375760276, 62.71557050256197], [25.902258375760276, 62.7156538358953], [25.901758375760277, 62.7156538358953], [25.901758375760277, 62.71573716922863], [25.90134170909361, 62.71573716922863], [25.90134170909361, 62.715903835895304], [25.901175042426942, 62.715903835895304], [25.901175042426942, 62.7161538358953], [25.900925042426945, 62.7161538358953], [25.900925042426945, 62.716237169228634], [25.900758375760276, 62.716237169228634], [25.900758375760276, 62.71632050256197], [25.90059170909361, 62.71632050256197], [25.90059170909361, 62.7164038358953], [25.90050837576028, 62.7164038358953], [25.90050837576028, 62.716487169228635], [25.89959170909361, 62.716487169228635], [25.89959170909361, 62.71657050256197], [25.899341709093612, 62.71657050256197], [25.899341709093612, 62.7166538358953], [25.899175042426943, 62.7166538358953], [25.899175042426943, 62.716820502561966], [25.899258375760276, 62.716820502561966], [25.899258375760276, 62.7169038358953], [25.899175042426943, 62.7169038358953], [25.899175042426943, 62.717316472545605], [25.89913511906984, 62.71732050256197], [25.898758375760277, 62.71732050256197], [25.898758375760277, 62.71735853247259], [25.898309577403115, 62.717403835895304], [25.897925042426944, 62.717403835895304], [25.897925042426944, 62.71732050256197], [25.897508375760278, 62.71732050256197], [25.897508375760278, 62.71723716922863], [25.897175042426944, 62.71723716922863], [25.897175042426944, 62.71732050256197], [25.896758375760278, 62.71732050256197], [25.896758375760278, 62.717403835895304], [25.896425042426944, 62.717403835895304], [25.896425042426944, 62.71757050256197], [25.896175042426943, 62.71757050256197], [25.896175042426943, 62.7176538358953], [25.89609170909361, 62.7176538358953], [25.89609170909361, 62.717737169228634], [25.895925042426946, 62.717737169228634], [25.895925042426946, 62.7176538358953], [25.894925042426944, 62.7176538358953], [25.894925042426944, 62.71757050256197], [25.894091709093612, 62.71757050256197], [25.894091709093612, 62.7176538358953], [25.89384170909361, 62.7176538358953], [25.89384170909361, 62.71748716922863], [25.893758375760278, 62.71748716922863], [25.893758375760278, 62.717403835895304], [25.89359170909361, 62.717403835895304], [25.89359170909361, 62.71732050256197], [25.893425042426944, 62.71732050256197], [25.893425042426944, 62.71723716922863], [25.89309170909361, 62.71723716922863], [25.89309170909361, 62.717403835895304], [25.892925042426945, 62.717403835895304], [25.892925042426945, 62.71748716922863], [25.89284170909361, 62.71748716922863], [25.89284170909361, 62.7176538358953], [25.893008375760278, 62.7176538358953], [25.893008375760278, 62.717737169228634], [25.893175042426943, 62.717737169228634], [25.893175042426943, 62.71782050256197], [25.893258375760276, 62.71782050256197], [25.893258375760276, 62.7179038358953], [25.89334170909361, 62.7179038358953], [25.89334170909361, 62.717987169228635], [25.893925042426943, 62.717987169228635], [25.893925042426943, 62.71807050256197], [25.894175042426944, 62.71807050256197], [25.894175042426944, 62.7181538358953], [25.894258375760277, 62.7181538358953], [25.894258375760277, 62.7181823014523], [25.89410991274417, 62.718320502561966], [25.89384170909361, 62.718320502561966], [25.89384170909361, 62.7184038358953], [25.89359170909361, 62.7184038358953], [25.89359170909361, 62.71848716922864], [25.893258375760276, 62.71848716922864], [25.893258375760276, 62.71857050256197], [25.892925042426945, 62.71857050256197], [25.892925042426945, 62.71848716922864], [25.89284170909361, 62.71848716922864], [25.89284170909361, 62.71857050256197], [25.89259170909361, 62.71857050256197], [25.89259170909361, 62.71848716922864], [25.89184170909361, 62.71848716922864], [25.89184170909361, 62.71857050256197], [25.891675042426943, 62.71857050256197], [25.891675042426943, 62.7186538358953], [25.89159170909361, 62.7186538358953], [25.89159170909361, 62.71873716922863], [25.891425042426945, 62.71873716922863], [25.891425042426945, 62.7186538358953], [25.89109170909361, 62.7186538358953], [25.89109170909361, 62.71873716922863], [25.890258375760276, 62.71873716922863], [25.890258375760276, 62.71907050256197], [25.890425042426944, 62.71907050256197], [25.890425042426944, 62.7191538358953], [25.890508375760277, 62.7191538358953], [25.890508375760277, 62.71932050256197], [25.890258375760276, 62.71932050256197], [25.890258375760276, 62.7194038358953], [25.89009170909361, 62.7194038358953], [25.89009170909361, 62.719487169228636], [25.889675042426944, 62.719487169228636], [25.889675042426944, 62.719570502561965], [25.88950837576028, 62.719570502561965], [25.88950837576028, 62.7196538358953], [25.889175042426945, 62.7196538358953], [25.889175042426945, 62.719570502561965], [25.889008375760277, 62.719570502561965], [25.889008375760277, 62.719487169228636], [25.88884170909361, 62.719487169228636], [25.88884170909361, 62.7194038358953], [25.88800837576028, 62.7194038358953], [25.88800837576028, 62.71932050256197], [25.887925042426943, 62.71932050256197], [25.887925042426943, 62.7191538358953], [25.88784170909361, 62.7191538358953], [25.88784170909361, 62.71907050256197], [25.887675042426945, 62.71907050256197], [25.887675042426945, 62.71898716922863], [25.88725837576028, 62.71898716922863], [25.88725837576028, 62.718903835895304], [25.887175042426943, 62.718903835895304], [25.887175042426943, 62.71898716922863], [25.886758375760277, 62.71898716922863], [25.886758375760277, 62.7191538358953], [25.88659170909361, 62.7191538358953], [25.88659170909361, 62.71932050256197], [25.88634170909361, 62.71932050256197], [25.88634170909361, 62.719598433079746], [25.8862444, 62.71970439999998], [25.886588, 62.720118], [25.886578787329526, 62.7201538358953], [25.88650837576028, 62.7201538358953], [25.88650837576028, 62.72032050256197], [25.88634170909361, 62.72032050256197], [25.88634170909361, 62.720403835895304], [25.885925042426944, 62.720403835895304], [25.885925042426944, 62.72048716922863], [25.88575837576028, 62.72048716922863], [25.88575837576028, 62.72057050256197], [25.885508375760278, 62.72057050256197], [25.885508375760278, 62.720731871866356], [25.885493392658383, 62.720737169228634], [25.88534170909361, 62.720737169228634], [25.88534170909361, 62.72079079782973], [25.885257691991075, 62.72082050256197], [25.88509170909361, 62.72082050256197], [25.88509170909361, 62.720879186774795], [25.88502199132379, 62.7209038358953], [25.884925042426943, 62.7209038358953], [25.884925042426943, 62.72093811273817], [25.884786290656482, 62.720987169228636], [25.884508375760277, 62.720987169228636], [25.884508375760277, 62.7211538358953], [25.88434170909361, 62.7211538358953], [25.88434170909361, 62.721320502561966], [25.88409170909361, 62.721320502561966], [25.88409170909361, 62.72148716922864], [25.883925042426945, 62.72148716922864], [25.883925042426945, 62.72157050256197], [25.883758375760276, 62.72157050256197], [25.883758375760276, 62.7216538358953], [25.88350837576028, 62.7216538358953], [25.88350837576028, 62.72182050256197], [25.88334170909361, 62.72182050256197], [25.88334170909361, 62.72198716922863], [25.88309170909361, 62.72198716922863], [25.88309170909361, 62.7221538358953], [25.882925042426944, 62.7221538358953], [25.882925042426944, 62.72232050256197], [25.88275837576028, 62.72232050256197], [25.88275837576028, 62.722487169228636], [25.882508375760278, 62.722487169228636], [25.882508375760278, 62.722570502561965], [25.88234170909361, 62.722570502561965], [25.88234170909361, 62.7226538358953], [25.88209170909361, 62.7226538358953], [25.88209170909361, 62.722487169228636], [25.88184170909361, 62.722487169228636], [25.88184170909361, 62.7224038358953], [25.88174876009863, 62.7224038358953], [25.8817257, 62.722364099999986], [25.881675042426945, 62.72238613173036], [25.881675042426945, 62.72232050256197], [25.88159170909361, 62.72232050256197], [25.88159170909361, 62.7224038358953], [25.88134170909361, 62.7224038358953], [25.88134170909361, 62.72262554958646], [25.8812163, 62.7228947], [25.88121545123723, 62.7229038358953], [25.881175042426943, 62.7229038358953], [25.881175042426943, 62.72307050256197], [25.88109170909361, 62.72307050256197], [25.88109170909361, 62.72332050256197], [25.880925042426945, 62.72332050256197], [25.880925042426945, 62.72348716922863], [25.88084170909361, 62.72348716922863], [25.88084170909361, 62.723403835895304], [25.880758375760276, 62.723403835895304], [25.880758375760276, 62.72357050256197], [25.88050837576028, 62.72357050256197], [25.88050837576028, 62.723737169228635], [25.88034170909361, 62.723737169228635], [25.88034170909361, 62.7239038358953], [25.88009170909361, 62.7239038358953], [25.88009170909361, 62.7241538358953], [25.879925042426944, 62.7241538358953], [25.879925042426944, 62.724337997059045], [25.8797776, 62.7244898], [25.879925042426944, 62.724615791601636], [25.879925042426944, 62.7246538358953], [25.879675042426943, 62.7246538358953], [25.879675042426943, 62.72498716922863], [25.879508375760278, 62.72498716922863], [25.879508375760278, 62.72516248315004], [25.8794386, 62.72521590000001], [25.8793937662321, 62.725487169228636], [25.879258375760276, 62.725487169228636], [25.879258375760276, 62.725820502561966], [25.87909170909361, 62.725820502561966], [25.87909170909361, 62.72607050256197], [25.87884170909361, 62.72607050256197], [25.87884170909361, 62.72637029241511], [25.8787945, 62.726423], [25.878851217414752, 62.726737169228635], [25.87884170909361, 62.726737169228635], [25.87884170909361, 62.72682050256197], [25.878675042426945, 62.72682050256197], [25.878675042426945, 62.7269038358953], [25.878425042426944, 62.7269038358953], [25.878425042426944, 62.726987169228636], [25.87825837576028, 62.726987169228636], [25.87825837576028, 62.727070502561965], [25.878008375760277, 62.727070502561965], [25.878008375760277, 62.7271538358953], [25.877841709093612, 62.7271538358953], [25.877841709093612, 62.727320502561966], [25.877425042426943, 62.727320502561966], [25.877425042426943, 62.72748716922864], [25.877258375760277, 62.72748716922864], [25.877258375760277, 62.72773716922863], [25.877008375760276, 62.72773716922863], [25.877008375760276, 62.72782050256197], [25.87684170909361, 62.72782050256197], [25.87684170909361, 62.727903835895304], [25.876675042426942, 62.727903835895304], [25.876675042426942, 62.72798716922863], [25.876425042426945, 62.72798716922863], [25.876425042426945, 62.7281538358953], [25.876258375760276, 62.7281538358953], [25.876258375760276, 62.72832050256197], [25.87600837576028, 62.72832050256197], [25.87600837576028, 62.7284038358953], [25.87584170909361, 62.7284038358953], [25.87584170909361, 62.7286538358953], [25.875675042426945, 62.7286538358953], [25.875675042426945, 62.728820502561966], [25.875425042426944, 62.728820502561966], [25.875425042426944, 62.72898716922864], [25.87525837576028, 62.72898716922864], [25.87525837576028, 62.7291538358953], [25.875008375760277, 62.7291538358953], [25.875008375760277, 62.72932050256197], [25.874841709093612, 62.72932050256197], [25.874841709093612, 62.729403835895305], [25.87459170909361, 62.729403835895305], [25.87459170909361, 62.72957050256197], [25.874425042426942, 62.72957050256197], [25.874425042426942, 62.729737169228635], [25.874258375760277, 62.729737169228635], [25.874258375760277, 62.72982050256197], [25.874008375760276, 62.72982050256197], [25.874008375760276, 62.730070502561965], [25.87384170909361, 62.730070502561965], [25.87384170909361, 62.73023716922864], [25.87359170909361, 62.73023716922864], [25.87359170909361, 62.7304038358953], [25.873425042426945, 62.7304038358953], [25.873425042426945, 62.73048716922863], [25.873258375760276, 62.73048716922863], [25.873258375760276, 62.7306538358953], [25.87300837576028, 62.7306538358953], [25.87300837576028, 62.73073716922863], [25.87284170909361, 62.73073716922863], [25.87284170909361, 62.730987169228634], [25.872591709093612, 62.730987169228634], [25.872591709093612, 62.7311538358953], [25.872425042426944, 62.7311538358953], [25.872425042426944, 62.731371798615726], [25.872383050993356, 62.7314038358953], [25.872175042426942, 62.7314038358953], [25.872175042426942, 62.731487169228636], [25.872008375760277, 62.731487169228636], [25.872008375760277, 62.7316538358953], [25.871841709093612, 62.7316538358953], [25.871841709093612, 62.73181393989158], [25.87183275579696, 62.731820502561966], [25.87159170909361, 62.731820502561966], [25.87159170909361, 62.7319038358953], [25.871425042426942, 62.7319038358953], [25.871425042426942, 62.73207050256197], [25.871175042426945, 62.73207050256197], [25.871175042426945, 62.73223716922863], [25.871008375760276, 62.73223716922863], [25.871008375760276, 62.73232050256197], [25.87084170909361, 62.73232050256197], [25.87084170909361, 62.732403835895305], [25.87075837576028, 62.732403835895305], [25.87075837576028, 62.732487169228634], [25.87059170909361, 62.732487169228634], [25.87059170909361, 62.73257050256197], [25.870425042426945, 62.73257050256197], [25.870425042426945, 62.73282050256197], [25.870175042426943, 62.73282050256197], [25.870175042426943, 62.7329038358953], [25.87000837576028, 62.7329038358953], [25.87000837576028, 62.733070502561965], [25.869758375760277, 62.733070502561965], [25.869758375760277, 62.73323716922864], [25.869591709093612, 62.73323716922864], [25.869591709093612, 62.73339536346506], [25.869578783256014, 62.7334038358953], [25.869425042426943, 62.7334038358953], [25.869425042426943, 62.733539092110576], [25.86935111695437, 62.7336538358953], [25.869008375760277, 62.7336538358953], [25.869008375760277, 62.73382050256197], [25.868758375760276, 62.73382050256197], [25.868758375760276, 62.73402766161144], [25.86860662266629, 62.7341538358953], [25.86859170909361, 62.7341538358953], [25.86859170909361, 62.734166235704116], [25.868506395498127, 62.734237169228635], [25.86834170909361, 62.734237169228635], [25.86834170909361, 62.73432050256197], [25.868008375760276, 62.73432050256197], [25.868008375760276, 62.7344038358953], [25.86775837576028, 62.7344038358953], [25.86775837576028, 62.73464584120342], [25.867640557377037, 62.73498716922863], [25.86759170909361, 62.73498716922863], [25.86759170909361, 62.73512868609263], [25.867554263273902, 62.73523716922863], [25.867341709093612, 62.73523716922863], [25.867341709093612, 62.735473272368566], [25.86732230369535, 62.735487169228634], [25.867175042426943, 62.735487169228634], [25.867175042426943, 62.73557050256197], [25.866925042426946, 62.73557050256197], [25.866925042426946, 62.7356538358953], [25.866758375760277, 62.7356538358953], [25.866758375760277, 62.73582050256197], [25.866591709093612, 62.73582050256197], [25.866591709093612, 62.735987169228636], [25.86634170909361, 62.735987169228636], [25.86634170909361, 62.7361538358953], [25.866175042426946, 62.7361538358953], [25.866175042426946, 62.73630864650529], [25.86615848269944, 62.736320502561966], [25.865925042426944, 62.736320502561966], [25.865925042426944, 62.7364038358953], [25.865758375760276, 62.7364038358953], [25.865758375760276, 62.73657050256197], [25.86559170909361, 62.73657050256197], [25.86559170909361, 62.736653835895304], [25.865508375760278, 62.736653835895304], [25.865508375760278, 62.73673716922863], [25.86534170909361, 62.73673716922863], [25.86534170909361, 62.736903835895305], [25.865175042426944, 62.736903835895305], [25.865175042426944, 62.73702043950297], [25.86486131404272, 62.737237169228635], [25.86484170909361, 62.737237169228635], [25.86484170909361, 62.7371538358953], [25.864758375760278, 62.7371538358953], [25.864758375760278, 62.737237169228635], [25.864508375760277, 62.737237169228635], [25.864508375760277, 62.7374809859216], [25.864499425077945, 62.737487169228636], [25.864341709093612, 62.737487169228636], [25.864341709093612, 62.737570502561965], [25.864175042426943, 62.737570502561965], [25.864175042426943, 62.73771125913091], [25.864137536113173, 62.73773716922864], [25.863925042426946, 62.73773716922864], [25.863925042426946, 62.737820502561966], [25.863758375760277, 62.737820502561966], [25.863758375760277, 62.7379038358953], [25.863508375760276, 62.7379038358953], [25.863508375760276, 62.738153835895304], [25.86334170909361, 62.738153835895304], [25.86334170909361, 62.7382869523787], [25.863293144723873, 62.73832050256197], [25.863175042426946, 62.73832050256197], [25.863175042426946, 62.738402092289746], [25.86317251853298, 62.738403835895305], [25.862925042426944, 62.738403835895305], [25.862925042426944, 62.73857050256197], [25.862758375760276, 62.73857050256197], [25.862758375760276, 62.73868994206737], [25.86269001376943, 62.738737169228635], [25.862508375760278, 62.738737169228635], [25.862508375760278, 62.73882050256197], [25.86234170909361, 62.73882050256197], [25.86234170909361, 62.7389038358953], [25.862175042426944, 62.7389038358953], [25.862175042426944, 62.738987169228636], [25.861925042426943, 62.738987169228636], [25.861925042426943, 62.7391538358953], [25.861758375760278, 62.7391538358953], [25.861758375760278, 62.73923716922864], [25.861508375760277, 62.73923716922864], [25.861508375760277, 62.73932050256197], [25.86134170909361, 62.73932050256197], [25.86134170909361, 62.7394038358953], [25.861175042426943, 62.7394038358953], [25.861175042426943, 62.73957050256197], [25.86109170909361, 62.73957050256197], [25.86109170909361, 62.739653835895304], [25.860925042426945, 62.739653835895304], [25.860925042426945, 62.73973716922863], [25.860758375760277, 62.73973716922863], [25.860758375760277, 62.739903835895305], [25.860508375760276, 62.739903835895305], [25.860508375760276, 62.73982050256197], [25.860425042426943, 62.73982050256197], [25.860425042426943, 62.73973716922863], [25.86034170909361, 62.73973716922863], [25.86034170909361, 62.739903835895305], [25.86009170909361, 62.739903835895305], [25.86009170909361, 62.73982050256197], [25.859925042426944, 62.73982050256197], [25.859925042426944, 62.73932050256197], [25.859758375760276, 62.73932050256197], [25.859758375760276, 62.7392542308873], [25.859811491784463, 62.7391538358953], [25.860008375760277, 62.7391538358953], [25.860008375760277, 62.739070502561965], [25.860175042426945, 62.739070502561965], [25.860175042426945, 62.73852502608617], [25.86020003787175, 62.738487169228634], [25.860425042426943, 62.738487169228634], [25.860425042426943, 62.73823716922863], [25.86059170909361, 62.73823716922863], [25.86059170909361, 62.73798716922863], [25.86084170909361, 62.73798716922863], [25.86084170909361, 62.73751532590981], [25.8608513, 62.7375008], [25.860875650208506, 62.737487169228636], [25.861008375760278, 62.737487169228636], [25.861008375760278, 62.73741287205579], [25.86117338596947, 62.73732050256197], [25.861258375760276, 62.73732050256197], [25.861258375760276, 62.73727292693623], [25.86132225384996, 62.737237169228635], [25.861425042426944, 62.737237169228635], [25.861425042426944, 62.737139112646034], [25.86155193412441, 62.736987169228634], [25.86159170909361, 62.736987169228634], [25.86159170909361, 62.73693954164647], [25.861691121570672, 62.73682050256197], [25.86184170909361, 62.73682050256197], [25.86184170909361, 62.7366995139678], [25.861924684412603, 62.736653835895304], [25.862008375760276, 62.736653835895304], [25.862008375760276, 62.73660776364764], [25.862227438427308, 62.73648716922863], [25.862258375760277, 62.73648716922863], [25.862258375760277, 62.736470138167405], [25.8625569, 62.73630579999998], [25.862560744672205, 62.73623716922864], [25.862675042426943, 62.73623716922864], [25.862675042426943, 62.736070502561965], [25.862841709093612, 62.736070502561965], [25.862841709093612, 62.735987169228636], [25.862758375760276, 62.735987169228636], [25.862758375760276, 62.7359038358953], [25.862675042426943, 62.7359038358953], [25.862675042426943, 62.73583846501913], [25.862835111865337, 62.735737169228635], [25.862841709093612, 62.735737169228635], [25.862841709093612, 62.73573299434391], [25.863230166382465, 62.735487169228634], [25.863258375760278, 62.735487169228634], [25.863258375760278, 62.735469317655884], [25.86362522089959, 62.73523716922863], [25.863675042426944, 62.73523716922863], [25.863675042426944, 62.73520564096785], [25.864, 62.73499999999998], [25.86400466277322, 62.73498716922863], [25.86409170909361, 62.73498716922863], [25.86409170909361, 62.73474763979378], [25.864216649330363, 62.7344038358953], [25.864258375760276, 62.7344038358953], [25.864258375760276, 62.73432067941611], [25.864258647252342, 62.73432050256197], [25.864508375760277, 62.73432050256197], [25.864508375760277, 62.73415782554136], [25.86451450033985, 62.7341538358953], [25.864675042426946, 62.7341538358953], [25.864675042426946, 62.73407050256197], [25.86484170909361, 62.73407050256197], [25.86484170909361, 62.73394068704169], [25.864898279971097, 62.733903835895305], [25.865091709093612, 62.733903835895305], [25.865091709093612, 62.733709489375414], [25.865141844171987, 62.7336538358953], [25.865258375760277, 62.7336538358953], [25.865258375760277, 62.73352447759685], [25.8653670550585, 62.7334038358953], [25.865508375760278, 62.7334038358953], [25.865508375760278, 62.73324695992899], [25.8655087, 62.73324659999999], [25.865512654269722, 62.73323716922864], [25.865675042426943, 62.73323716922864], [25.865675042426943, 62.7329038358953], [25.865925042426944, 62.7329038358953], [25.865925042426944, 62.7325106855796], [25.866090665127146, 62.732403835895305], [25.86609170909361, 62.732403835895305], [25.86609170909361, 62.73240316239169], [25.8666506, 62.7320426], [25.86684721014702, 62.7316538358953], [25.866925042426946, 62.7316538358953], [25.866925042426946, 62.7315352821352], [25.8677099, 62.7314795], [25.867937019981323, 62.7314038358953], [25.868091709093612, 62.7314038358953], [25.868091709093612, 62.73135230184215], [25.8682436, 62.7313017], [25.868091709093612, 62.73126764244615], [25.868091709093612, 62.731237169228635], [25.868258375760277, 62.731237169228635], [25.868258375760277, 62.7311538358953], [25.868008375760276, 62.7311538358953], [25.868008375760276, 62.73107050256197], [25.86784170909361, 62.73107050256197], [25.86784170909361, 62.730987169228634], [25.86775837576028, 62.730987169228634], [25.86775837576028, 62.730903835895305], [25.867675042426946, 62.730903835895305], [25.867675042426946, 62.73082050256197], [25.867508375760277, 62.73082050256197], [25.867508375760277, 62.73048716922863], [25.867418988378844, 62.73048716922863], [25.867472567968594, 62.7304038358953], [25.86759170909361, 62.7304038358953], [25.86759170909361, 62.73021853348573], [25.867686886327604, 62.730070502561965], [25.86775837576028, 62.730070502561965], [25.86775837576028, 62.72995931371654], [25.86790120468661, 62.729737169228635], [25.868008375760276, 62.729737169228635], [25.868008375760276, 62.72957048406276], [25.8680472, 62.7295101], [25.868014763570997, 62.72948716922863], [25.868175042426945, 62.72948716922863], [25.868175042426945, 62.72923716922863], [25.86834170909361, 62.72923716922863], [25.86834170909361, 62.7291538358953], [25.868425042426946, 62.7291538358953], [25.868425042426946, 62.72907050256197], [25.86859170909361, 62.72907050256197], [25.86859170909361, 62.72898716922864], [25.868758375760276, 62.72898716922864], [25.868758375760276, 62.7289038358953], [25.869008375760277, 62.7289038358953], [25.869008375760277, 62.72873716922864], [25.869175042426946, 62.72873716922864], [25.869175042426946, 62.7286538358953], [25.86934170909361, 62.7286538358953], [25.86934170909361, 62.728570502561965], [25.869591709093612, 62.728570502561965], [25.869591709093612, 62.728487169228636], [25.869758375760277, 62.728487169228636], [25.869758375760277, 62.7284038358953], [25.87000837576028, 62.7284038358953], [25.87000837576028, 62.72832050256197], [25.870175042426943, 62.72832050256197], [25.870175042426943, 62.72830447341869], [25.8710235, 62.7282971], [25.87114368895196, 62.728237169228635], [25.871175042426945, 62.728237169228635], [25.871175042426945, 62.72822153519647], [25.87131081087896, 62.7281538358953], [25.87134170909361, 62.7281538358953], [25.87134170909361, 62.72813842887321], [25.87147793280595, 62.72807050256197], [25.87159170909361, 62.72807050256197], [25.87159170909361, 62.72801376938832], [25.8718311, 62.727894400000004], [25.87216560365137, 62.72757050256197], [25.872175042426942, 62.72757050256197], [25.872175042426942, 62.727561363064645], [25.87225166578403, 62.72748716922864], [25.87234170909361, 62.72748716922864], [25.87234170909361, 62.72739998095082], [25.8724461, 62.7272989], [25.872452161739073, 62.72723716922864], [25.872508375760276, 62.72723716922864], [25.872508375760276, 62.7271538358953], [25.872460344771806, 62.7271538358953], [25.872484893870002, 62.7269038358953], [25.872591709093612, 62.7269038358953], [25.872591709093612, 62.72666720167565], [25.872606513301445, 62.7266538358953], [25.872758375760277, 62.7266538358953], [25.872758375760277, 62.72651672891246], [25.872883418342454, 62.726403835895304], [25.87300837576028, 62.726403835895304], [25.87300837576028, 62.72622353389501], [25.873033458647416, 62.7261538358953], [25.873175042426944, 62.7261538358953], [25.873175042426944, 62.72607050256197], [25.87309170909361, 62.72607050256197], [25.87309170909361, 62.72599197495964], [25.8731039, 62.725958099999986], [25.873172078792262, 62.7259038358953], [25.873175042426944, 62.7259038358953], [25.873175042426944, 62.72590147711221], [25.87338148300357, 62.72573716922864], [25.873425042426945, 62.72573716922864], [25.873425042426945, 62.72570249989773], [25.87348618510923, 62.7256538358953], [25.87359170909361, 62.7256538358953], [25.87359170909361, 62.725570502561965], [25.87384170909361, 62.725570502561965], [25.87384170909361, 62.7254038358953], [25.874008375760276, 62.7254038358953], [25.874008375760276, 62.725238219730606], [25.87474261037708, 62.7246538358953], [25.874841709093612, 62.7246538358953], [25.874841709093612, 62.72457496234901], [25.874952014588388, 62.72448716922864], [25.875008375760277, 62.72448716922864], [25.875008375760277, 62.72444231087269], [25.875161418799706, 62.724320502561966], [25.87525837576028, 62.724320502561966], [25.87525837576028, 62.7240566477034], [25.8752677, 62.72384139999999], [25.87528809968354, 62.72382050256197], [25.875425042426944, 62.72382050256197], [25.875425042426944, 62.72368021840086], [25.875532144952654, 62.72357050256197], [25.875675042426945, 62.72357050256197], [25.875675042426945, 62.72342411837389], [25.875776190221767, 62.72332050256197], [25.87584170909361, 62.72332050256197], [25.87584170909361, 62.72325338502259], [25.87593888706784, 62.7231538358953], [25.87600837576028, 62.7231538358953], [25.87600837576028, 62.72308265167128], [25.8760095, 62.723081499999985], [25.876109779254243, 62.72298716922864], [25.876258375760276, 62.72298716922864], [25.876258375760276, 62.72284738734514], [25.876552720852256, 62.722570502561965], [25.876675042426942, 62.722570502561965], [25.876675042426942, 62.72246313819573], [25.876746154188435, 62.7224038358953], [25.87684170909361, 62.7224038358953], [25.87684170909361, 62.722324149700285], [25.87704593919246, 62.7221538358953], [25.877091709093612, 62.7221538358953], [25.877091709093612, 62.72214368634286], [25.8779899, 62.72198530000001], [25.87811749296514, 62.721903835895304], [25.87825837576028, 62.721903835895304], [25.87825837576028, 62.72182050256197], [25.878425042426944, 62.72182050256197], [25.878425042426944, 62.72170747521405], [25.87875, 62.72149999999999], [25.87868891724172, 62.720987169228636], [25.87884170909361, 62.720987169228636], [25.87884170909361, 62.72048716922863], [25.878925042426943, 62.72048716922863], [25.878925042426943, 62.7201538358953], [25.87884170909361, 62.7201538358953], [25.87884170909361, 62.72007050256197], [25.878675042426945, 62.72007050256197], [25.878675042426945, 62.71973716922864], [25.878758375760277, 62.71973716922864], [25.878758375760277, 62.719570502561965], [25.878675042426945, 62.719570502561965], [25.878675042426945, 62.719487169228636], [25.878508375760276, 62.719487169228636], [25.878508375760276, 62.7194038358953], [25.878425042426944, 62.7194038358953], [25.878425042426944, 62.71932050256197], [25.87834170909361, 62.71932050256197], [25.87834170909361, 62.719237169228634], [25.87825837576028, 62.719237169228634], [25.87825837576028, 62.7191538358953], [25.878186004117, 62.7191538358953], [25.878175042426943, 62.71913003683111], [25.878175042426943, 62.718903835895304], [25.87834170909361, 62.718903835895304], [25.87834170909361, 62.71849371817979], [25.878461552139605, 62.7184038358953], [25.878591709093612, 62.7184038358953], [25.878591709093612, 62.7183062181798], [25.87868377436183, 62.71823716922864], [25.878758375760277, 62.71823716922864], [25.878758375760277, 62.7181812181798], [25.878905996584052, 62.71807050256197], [25.87900837576028, 62.71807050256197], [25.87900837576028, 62.71798743635959], [25.87906410940314, 62.7179038358953], [25.879175042426944, 62.7179038358953], [25.879175042426944, 62.717737436359585], [25.8792307760698, 62.7176538358953], [25.879425042426945, 62.7176538358953], [25.879425042426945, 62.71736243635957], [25.8795, 62.717249999999986], [25.87928525128098, 62.716820502561966], [25.879425042426945, 62.716820502561966], [25.879425042426945, 62.7166538358953], [25.87959170909361, 62.7166538358953], [25.87959170909361, 62.71633994908767], [25.879746803420588, 62.7161538358953], [25.87984170909361, 62.7161538358953], [25.87984170909361, 62.716039949087666], [25.879955136753914, 62.715903835895304], [25.880008375760276, 62.715903835895304], [25.880008375760276, 62.715839949087666], [25.88009402564281, 62.71573716922863], [25.880258375760278, 62.71573716922863], [25.880258375760278, 62.71553994908767], [25.88037180342058, 62.7154038358953], [25.880425042426943, 62.7154038358953], [25.880425042426943, 62.71533994908767], [25.8805, 62.71525], [25.880512478675943, 62.71523716922864], [25.880675042426944, 62.71523716922864], [25.880675042426944, 62.7151538358953], [25.88084170909361, 62.7151538358953], [25.88084170909361, 62.714987169228635], [25.881008375760278, 62.714987169228635], [25.881008375760278, 62.7149038358953], [25.88125837576028, 62.7149038358953], [25.88125837576028, 62.71482050256197], [25.881425042426944, 62.71482050256197], [25.881425042426944, 62.7146538358953], [25.88184170909361, 62.7146538358953], [25.88184170909361, 62.71457050256197], [25.88200837576028, 62.71457050256197], [25.88200837576028, 62.71448716922863], [25.882258375760276, 62.71448716922863], [25.882258375760276, 62.714403835895304], [25.882675042426943, 62.714403835895304], [25.882675042426943, 62.71423716922863], [25.88284170909361, 62.71423716922863], [25.88284170909361, 62.71407050256197], [25.883258375760278, 62.71407050256197], [25.883258375760278, 62.7139038358953], [25.883675042426944, 62.7139038358953], [25.883675042426944, 62.713820502561965], [25.88425837576028, 62.713820502561965], [25.88425837576028, 62.71373716922864], [25.88484170909361, 62.71373716922864], [25.88484170909361, 62.71357050256197], [25.88500837576028, 62.71357050256197], [25.88500837576028, 62.7134038358953], [25.885258375760277, 62.7134038358953], [25.885258375760277, 62.7131538358953], [25.885425042426945, 62.7131538358953], [25.885425042426945, 62.71282050256197], [25.88559170909361, 62.71282050256197], [25.88559170909361, 62.71273716922863], [25.885675042426943, 62.71273716922863], [25.885675042426943, 62.7126538358953], [25.88584170909361, 62.7126538358953], [25.88584170909361, 62.7121538358953], [25.88575837576028, 62.7121538358953], [25.88575837576028, 62.71207050256197], [25.885675042426943, 62.71207050256197], [25.885675042426943, 62.711987169228635], [25.88584170909361, 62.711987169228635], [25.88584170909361, 62.71157050256197], [25.88609170909361, 62.71157050256197], [25.88609170909361, 62.71132050256197], [25.886258375760278, 62.71132050256197], [25.886258375760278, 62.71123716922863], [25.88650837576028, 62.71123716922863], [25.88650837576028, 62.71107050256197], [25.886675042426944, 62.71107050256197], [25.886675042426944, 62.71098716922864], [25.88684170909361, 62.71098716922864], [25.88684170909361, 62.710737169228636], [25.88709170909361, 62.710737169228636], [25.88709170909361, 62.7106538358953], [25.88725837576028, 62.7106538358953], [25.88725837576028, 62.710487169228635], [25.887508375760277, 62.710487169228635], [25.887508375760277, 62.7089038358953], [25.887425042426944, 62.7089038358953], [25.887425042426944, 62.70882050256197], [25.88734170909361, 62.70882050256197], [25.88734170909361, 62.708737169228634], [25.88725837576028, 62.708737169228634], [25.88725837576028, 62.708653835895305], [25.887175042426943, 62.708653835895305], [25.887175042426943, 62.70798716922864], [25.88709170909361, 62.70798716922864], [25.88709170909361, 62.7079038358953], [25.886758375760277, 62.7079038358953], [25.886758375760277, 62.707737169228636], [25.88650837576028, 62.707737169228636], [25.88650837576028, 62.7076538358953], [25.886008375760277, 62.7076538358953], [25.886008375760277, 62.707737169228636], [25.88575837576028, 62.707737169228636], [25.88575837576028, 62.7076538358953], [25.88484170909361, 62.7076538358953], [25.88484170909361, 62.707737169228636], [25.884675042426945, 62.707737169228636], [25.884675042426945, 62.707820502561965], [25.884425042426944, 62.707820502561965], [25.884425042426944, 62.7079038358953], [25.88425837576028, 62.7079038358953], [25.88425837576028, 62.70798716922864], [25.88384170909361, 62.70798716922864], [25.88384170909361, 62.70807050256197], [25.883675042426944, 62.70807050256197], [25.883675042426944, 62.70823716922863], [25.883008375760276, 62.70823716922863], [25.883008375760276, 62.7081538358953], [25.88284170909361, 62.7081538358953], [25.88284170909361, 62.70832050256197], [25.882175042426944, 62.70832050256197], [25.882175042426944, 62.70823716922863], [25.88209170909361, 62.70823716922863], [25.88209170909361, 62.708403835895304], [25.881675042426945, 62.708403835895304], [25.881675042426945, 62.70848716922863], [25.881508375760276, 62.70848716922863], [25.881508375760276, 62.70857050256197], [25.88109170909361, 62.70857050256197], [25.88109170909361, 62.708653835895305], [25.880675042426944, 62.708653835895305], [25.880675042426944, 62.70882050256197], [25.88050837576028, 62.70882050256197], [25.88050837576028, 62.7089038358953], [25.88034170909361, 62.7089038358953], [25.88034170909361, 62.708987169228635], [25.88009170909361, 62.708987169228635], [25.88009170909361, 62.70907050256197], [25.879675042426943, 62.70907050256197], [25.879675042426943, 62.7091538358953], [25.879341709093612, 62.7091538358953], [25.879341709093612, 62.709237169228636], [25.878508375760276, 62.709237169228636], [25.878508375760276, 62.709320502561965], [25.87834170909361, 62.709320502561965], [25.87834170909361, 62.709903835895304], [25.878425042426944, 62.709903835895304], [25.878425042426944, 62.70998716922863], [25.878508375760276, 62.70998716922863], [25.878508375760276, 62.71007050256197], [25.878591709093612, 62.71007050256197], [25.878591709093612, 62.7101538358953], [25.878675042426945, 62.7101538358953], [25.878675042426945, 62.71032050256197], [25.878758375760277, 62.71032050256197], [25.878758375760277, 62.7104038358953], [25.87884170909361, 62.7104038358953], [25.87884170909361, 62.7106538358953], [25.878675042426945, 62.7106538358953], [25.878675042426945, 62.710820502561965], [25.878508375760276, 62.710820502561965], [25.878508375760276, 62.7109038358953], [25.878425042426944, 62.7109038358953], [25.878425042426944, 62.71107050256197], [25.87825837576028, 62.71107050256197], [25.87825837576028, 62.71123716922863], [25.87809170909361, 62.71123716922863], [25.87809170909361, 62.71132050256197], [25.877841709093612, 62.71132050256197], [25.877841709093612, 62.711403835895304], [25.877675042426944, 62.711403835895304], [25.877675042426944, 62.71148716922863], [25.877425042426943, 62.71148716922863], [25.877425042426943, 62.71157050256197], [25.876675042426942, 62.71157050256197], [25.876675042426942, 62.7116538358953], [25.876508375760277, 62.7116538358953], [25.876508375760277, 62.711737169228634], [25.87609170909361, 62.711737169228634], [25.87609170909361, 62.71182050256197], [25.875925042426942, 62.71182050256197], [25.875925042426942, 62.7119038358953], [25.875675042426945, 62.7119038358953], [25.875675042426945, 62.711987169228635], [25.875508375760276, 62.711987169228635], [25.875508375760276, 62.71207050256197], [25.87509170909361, 62.71207050256197], [25.87509170909361, 62.71214318931819], [25.8750008, 62.712153099999995], [25.874869657823776, 62.712237169228636], [25.874675042426944, 62.712237169228636], [25.874675042426944, 62.712320502561965], [25.87450837576028, 62.712320502561965], [25.87450837576028, 62.7124038358953], [25.87434170909361, 62.7124038358953], [25.87434170909361, 62.71248716922864], [25.874091709093612, 62.71248716922864], [25.874091709093612, 62.71263329517461], [25.873877011384042, 62.7126538358953], [25.87375837576028, 62.7126538358953], [25.87375837576028, 62.71257050256197], [25.873675042426942, 62.71257050256197], [25.873675042426942, 62.71267315882122], [25.872925042426942, 62.712744913385116], [25.872925042426942, 62.71273716922863], [25.87284170909361, 62.71273716922863], [25.87284170909361, 62.7126538358953], [25.87231492726338, 62.7126538358953], [25.8718476, 62.71233109999999], [25.87150837576028, 62.71228757446352], [25.87150837576028, 62.712237169228636], [25.87134170909361, 62.712237169228636], [25.87134170909361, 62.711987169228635], [25.871091709093612, 62.711987169228635], [25.871091709093612, 62.7119038358953], [25.87000837576028, 62.7119038358953], [25.87000837576028, 62.711987169228635], [25.86984170909361, 62.711987169228635], [25.86984170909361, 62.71207050256197], [25.869591709093612, 62.71207050256197], [25.869591709093612, 62.7121538358953], [25.869425042426943, 62.7121538358953], [25.869425042426943, 62.712320502561965], [25.86925837576028, 62.712320502561965], [25.86925837576028, 62.71248716922864], [25.869175042426946, 62.71248716922864], [25.869175042426946, 62.71257050256197], [25.869008375760277, 62.71257050256197], [25.869008375760277, 62.71273716922863], [25.86859170909361, 62.71273716922863], [25.86859170909361, 62.71298716922863], [25.868425042426946, 62.71298716922863], [25.868425042426946, 62.71332050256197], [25.868175042426945, 62.71332050256197], [25.868175042426945, 62.7134038358953], [25.868008375760276, 62.7134038358953], [25.868008375760276, 62.713487169228635], [25.86784170909361, 62.713487169228635], [25.86784170909361, 62.71355348211194], [25.867737001540014, 62.71357050256197], [25.867508375760277, 62.71357050256197], [25.867508375760277, 62.713487169228635], [25.867425042426945, 62.713487169228635], [25.867425042426945, 62.71357050256197], [25.866591709093612, 62.71357050256197], [25.866591709093612, 62.713820502561965], [25.866425042426943, 62.713820502561965], [25.866425042426943, 62.7139038358953], [25.866508375760276, 62.7139038358953], [25.866508375760276, 62.71398716922864], [25.866591709093612, 62.71398716922864], [25.866591709093612, 62.71407050256197], [25.866425042426943, 62.71407050256197], [25.866425042426943, 62.7141538358953], [25.866508375760276, 62.7141538358953], [25.866508375760276, 62.71423716922863], [25.866587200474797, 62.71423716922863], [25.86653723841466, 62.71432050256197], [25.866425042426943, 62.71432050256197], [25.866425042426943, 62.71448716922863], [25.866008375760277, 62.71448716922863], [25.866008375760277, 62.7146538358953], [25.865925042426944, 62.7146538358953], [25.865925042426944, 62.714737169228634], [25.86559170909361, 62.714737169228634], [25.86559170909361, 62.71481551285012], [25.86553051034064, 62.71482050256197], [25.865008375760276, 62.71482050256197], [25.865008375760276, 62.714863073708855], [25.864425042426944, 62.71491063456758], [25.864425042426944, 62.7149038358953], [25.864508375760277, 62.7149038358953], [25.864508375760277, 62.71482050256197], [25.864258375760276, 62.71482050256197], [25.864258375760276, 62.714737169228634], [25.864175042426943, 62.714737169228634], [25.864175042426943, 62.7146538358953], [25.864008375760278, 62.7146538358953], [25.864008375760278, 62.71457050256197], [25.863675042426944, 62.71457050256197], [25.863675042426944, 62.7146538358953], [25.863425042426943, 62.7146538358953], [25.863425042426943, 62.714737169228634], [25.86309170909361, 62.714737169228634], [25.86309170909361, 62.7149038358953], [25.862925042426944, 62.7149038358953], [25.862925042426944, 62.71482050256197], [25.862841709093612, 62.71482050256197], [25.862841709093612, 62.714987169228635], [25.862508375760278, 62.714987169228635], [25.862508375760278, 62.71507050256197], [25.862425042426946, 62.71507050256197], [25.862425042426946, 62.7151538358953], [25.86209170909361, 62.7151538358953], [25.86209170909361, 62.71523716922864], [25.86184170909361, 62.71523716922864], [25.86184170909361, 62.71527882323077], [25.8605152, 62.715424], [25.85971483591552, 62.7156538358953], [25.859675042426943, 62.7156538358953], [25.859675042426943, 62.715665263159785], [25.85942464187534, 62.71573716922863], [25.85934170909361, 62.71573716922863], [25.85934170909361, 62.715760984552816], [25.8590077, 62.7158569], [25.858508375760277, 62.715911550750334], [25.858508375760277, 62.715903835895304], [25.858425042426944, 62.715903835895304], [25.858425042426944, 62.71582050256197], [25.85825837576028, 62.71582050256197], [25.85825837576028, 62.71573716922863], [25.85809170909361, 62.71573716922863], [25.85809170909361, 62.7156538358953], [25.857758375760277, 62.7156538358953], [25.857758375760277, 62.71573716922863], [25.85734170909361, 62.71573716922863], [25.85734170909361, 62.71582050256197], [25.857175042426945, 62.71582050256197], [25.857175042426945, 62.715903835895304], [25.85675837576028, 62.715903835895304], [25.85675837576028, 62.71598716922863], [25.85659170909361, 62.71598716922863], [25.85659170909361, 62.7161538358953], [25.85634170909361, 62.7161538358953], [25.85634170909361, 62.716237169228634], [25.856175042426944, 62.716237169228634], [25.856175042426944, 62.71632050256197], [25.856258375760277, 62.71632050256197], [25.856258375760277, 62.7164038358953], [25.856175042426944, 62.7164038358953], [25.856175042426944, 62.716487169228635], [25.856258375760277, 62.716487169228635], [25.856258375760277, 62.71657050256197], [25.85634170909361, 62.71657050256197], [25.85634170909361, 62.7169038358953], [25.856175042426944, 62.7169038358953], [25.856175042426944, 62.71698716922864], [25.855925042426943, 62.71698716922864], [25.855925042426943, 62.71707050256197], [25.855758375760278, 62.71707050256197], [25.855758375760278, 62.7171538358953], [25.855175042426943, 62.7171538358953], [25.855175042426943, 62.71732050256197], [25.854925042426945, 62.71732050256197], [25.854925042426945, 62.717403835895304], [25.854758375760277, 62.717403835895304], [25.854758375760277, 62.71748716922863], [25.85459170909361, 62.71748716922863], [25.85459170909361, 62.71757050256197], [25.85450837576028, 62.71757050256197], [25.85450837576028, 62.7176538358953], [25.85434170909361, 62.7176538358953], [25.85434170909361, 62.717737169228634], [25.854175042426945, 62.717737169228634], [25.854175042426945, 62.71782050256197], [25.85375837576028, 62.71782050256197], [25.85375837576028, 62.7179038358953], [25.85334170909361, 62.7179038358953], [25.85334170909361, 62.717987169228635], [25.853175042426944, 62.717987169228635], [25.853175042426944, 62.71807050256197], [25.852925042426943, 62.71807050256197], [25.852925042426943, 62.7181538358953], [25.85259170909361, 62.7181538358953], [25.85259170909361, 62.71823716922864], [25.852675042426945, 62.71823716922864], [25.852675042426945, 62.718320502561966], [25.852758375760278, 62.718320502561966], [25.852758375760278, 62.7184038358953], [25.85284170909361, 62.7184038358953], [25.85284170909361, 62.71848716922864], [25.85309170909361, 62.71848716922864], [25.85309170909361, 62.71857050256197], [25.853258375760277, 62.71857050256197], [25.853258375760277, 62.7186538358953], [25.85334170909361, 62.7186538358953], [25.85334170909361, 62.71907050256197], [25.85309170909361, 62.71907050256197], [25.85309170909361, 62.7191538358953], [25.852925042426943, 62.7191538358953], [25.852925042426943, 62.71932050256197], [25.852758375760278, 62.71932050256197], [25.852758375760278, 62.7194038358953], [25.852508375760276, 62.7194038358953], [25.852508375760276, 62.719570502561965], [25.85209170909361, 62.719570502561965], [25.85209170909361, 62.7196538358953], [25.852008375760278, 62.7196538358953], [25.852008375760278, 62.71973716922864], [25.85184170909361, 62.71973716922864], [25.85184170909361, 62.7196538358953], [25.851758375760276, 62.7196538358953], [25.851758375760276, 62.71973716922864], [25.851675042426944, 62.71973716922864], [25.851675042426944, 62.719820502561966], [25.851175042426945, 62.719820502561966], [25.851175042426945, 62.7199038358953], [25.85084170909361, 62.7199038358953], [25.85084170909361, 62.719820502561966], [25.85075837576028, 62.719820502561966], [25.85075837576028, 62.7199038358953], [25.850675042426943, 62.7199038358953], [25.850675042426943, 62.71998716922864], [25.85034170909361, 62.71998716922864], [25.85034170909361, 62.72007050256197], [25.85009170909361, 62.72007050256197], [25.85009170909361, 62.71998716922864], [25.849925042426943, 62.71998716922864], [25.849925042426943, 62.720143123172534], [25.849854495525516, 62.7201538358953], [25.849508375760276, 62.7201538358953], [25.849508375760276, 62.72007050256197], [25.849175042426943, 62.72007050256197], [25.849175042426943, 62.7201538358953], [25.84909170909361, 62.7201538358953], [25.84909170909361, 62.72023716922863], [25.848925042426945, 62.72023716922863], [25.848925042426945, 62.7201538358953], [25.848758375760276, 62.7201538358953], [25.848758375760276, 62.72023716922863], [25.848675042426944, 62.72023716922863], [25.848675042426944, 62.72032050256197], [25.84850837576028, 62.72032050256197], [25.84850837576028, 62.72023716922863], [25.84834170909361, 62.72023716922863], [25.84834170909361, 62.72032050256197], [25.848258375760278, 62.72032050256197], [25.848258375760278, 62.72039621065886], [25.848208161000223, 62.720403835895304], [25.847175042426944, 62.720403835895304], [25.847175042426944, 62.72048716922863], [25.84709170909361, 62.72048716922863], [25.84709170909361, 62.72057050256197], [25.84684170909361, 62.72057050256197], [25.84684170909361, 62.7206538358953], [25.846425042426944, 62.7206538358953], [25.846425042426944, 62.720737169228634], [25.846175042426943, 62.720737169228634], [25.846175042426943, 62.7209038358953], [25.846008375760277, 62.7209038358953], [25.846008375760277, 62.720987169228636], [25.845841709093612, 62.720987169228636], [25.845841709093612, 62.721070502561965], [25.845425042426942, 62.721070502561965], [25.845425042426942, 62.7211538358953], [25.845008375760276, 62.7211538358953], [25.845008375760276, 62.72123716922864], [25.84459170909361, 62.72123716922864], [25.84459170909361, 62.721320502561966], [25.844425042426945, 62.721320502561966], [25.844425042426945, 62.7214038358953], [25.84400837576028, 62.7214038358953], [25.84400837576028, 62.72148716922864], [25.84384170909361, 62.72148716922864], [25.84384170909361, 62.7216538358953], [25.843591709093612, 62.7216538358953], [25.843591709093612, 62.72173716922863], [25.843008375760277, 62.72173716922863], [25.843008375760277, 62.72182050256197], [25.842841709093612, 62.72182050256197], [25.842841709093612, 62.721903835895304], [25.842091709093612, 62.721903835895304], [25.842091709093612, 62.72198716922863], [25.84184170909361, 62.72198716922863], [25.84184170909361, 62.72207050256197], [25.841675042426942, 62.72207050256197], [25.841675042426942, 62.7221538358953], [25.841258375760276, 62.7221538358953], [25.841258375760276, 62.722237169228634], [25.840675042426945, 62.722237169228634], [25.840675042426945, 62.72232050256197], [25.84009170909361, 62.72232050256197], [25.84009170909361, 62.7224038358953], [25.840175042426942, 62.7224038358953], [25.840175042426942, 62.72242097720945], [25.840008375760277, 62.72243320016195], [25.840008375760277, 62.7224038358953], [25.83950837576028, 62.7224038358953], [25.83950837576028, 62.722469869019434], [25.839272477911454, 62.722487169228636], [25.839008375760276, 62.722487169228636], [25.839008375760276, 62.7224038358953], [25.838925042426943, 62.7224038358953], [25.838925042426943, 62.722487169228636], [25.837758375760277, 62.722487169228636], [25.837758375760277, 62.722570502561965], [25.83725837576028, 62.722570502561965], [25.83725837576028, 62.722487169228636], [25.837175042426946, 62.722487169228636], [25.837175042426946, 62.722570502561965], [25.83659170909361, 62.722570502561965], [25.83659170909361, 62.7226538358953], [25.83634170909361, 62.7226538358953], [25.83634170909361, 62.72273716922864], [25.836175042426945, 62.72273716922864], [25.836175042426945, 62.7229038358953], [25.83575837576028, 62.7229038358953], [25.83575837576028, 62.72298716922864], [25.835341709093612, 62.72298716922864], [25.835341709093612, 62.72307050256197], [25.835175042426943, 62.72307050256197], [25.835175042426943, 62.72323156805168], [25.835152802414786, 62.72323716922863], [25.834925042426946, 62.72323716922863], [25.834925042426946, 62.723294530887664], [25.83482191939454, 62.72332050256197], [25.834758375760277, 62.72332050256197], [25.834758375760277, 62.72333650611166], [25.8347449, 62.72333989999999], [25.83472160582939, 62.723403835895304], [25.834258375760278, 62.723403835895304], [25.834258375760278, 62.72332050256197], [25.833925042426944, 62.72332050256197], [25.833925042426944, 62.72323716922863], [25.833675042426943, 62.72323716922863], [25.833675042426943, 62.7231538358953], [25.83359170909361, 62.7231538358953], [25.83359170909361, 62.72307050256197], [25.833508375760278, 62.72307050256197], [25.833508375760278, 62.72298716922864], [25.83334170909361, 62.72298716922864], [25.83334170909361, 62.7229038358953], [25.832758375760278, 62.7229038358953], [25.832758375760278, 62.72273716922864], [25.832008375760278, 62.72273716922864], [25.832008375760278, 62.722820502561966], [25.830758375760276, 62.722820502561966], [25.830758375760276, 62.72273716922864], [25.830675042426943, 62.72273716922864], [25.830675042426943, 62.722820502561966], [25.83059170909361, 62.722820502561966], [25.83059170909361, 62.7229038358953], [25.830175042426944, 62.7229038358953], [25.830175042426944, 62.722820502561966], [25.829675042426945, 62.722820502561966], [25.829675042426945, 62.7229038358953], [25.828508375760276, 62.7229038358953], [25.828508375760276, 62.72298716922864], [25.82834170909361, 62.72298716922864], [25.82834170909361, 62.723403835895304], [25.82859170909361, 62.723403835895304], [25.82859170909361, 62.72348716922863], [25.82884170909361, 62.72348716922863], [25.82884170909361, 62.72357050256197], [25.828925042426945, 62.72357050256197], [25.828925042426945, 62.7236538358953], [25.829008375760278, 62.7236538358953], [25.829008375760278, 62.723737169228635], [25.82909170909361, 62.723737169228635], [25.82909170909361, 62.7239038358953], [25.82934170909361, 62.7239038358953], [25.82934170909361, 62.723987169228636], [25.829675042426945, 62.723987169228636], [25.829675042426945, 62.7239038358953], [25.830258375760277, 62.7239038358953], [25.830258375760277, 62.72382050256197], [25.830675042426943, 62.72382050256197], [25.830675042426943, 62.723737169228635], [25.830925042426944, 62.723737169228635], [25.830925042426944, 62.72382050256197], [25.831591709093612, 62.72382050256197], [25.831591709093612, 62.723737169228635], [25.83184170909361, 62.723737169228635], [25.83184170909361, 62.7236538358953], [25.832425042426944, 62.7236538358953], [25.832425042426944, 62.72357050256197], [25.833091709093612, 62.72357050256197], [25.833091709093612, 62.7236538358953], [25.833675042426943, 62.7236538358953], [25.833675042426943, 62.723737169228635], [25.83409170909361, 62.723737169228635], [25.83409170909361, 62.72382050256197], [25.834175042426946, 62.72382050256197], [25.834175042426946, 62.724070502561965], [25.833925042426944, 62.724070502561965], [25.833925042426944, 62.72448716922864], [25.83409170909361, 62.72448716922864], [25.83409170909361, 62.7246538358953], [25.834258375760278, 62.7246538358953], [25.834258375760278, 62.724675271126934], [25.834205462669612, 62.72482050256197], [25.83409170909361, 62.72482050256197], [25.83409170909361, 62.724903835895304], [25.833758375760276, 62.724903835895304], [25.833758375760276, 62.72505017600244], [25.833210688182035, 62.7251538358953], [25.833091709093612, 62.7251538358953], [25.833091709093612, 62.72517635486423], [25.832770396085802, 62.725237169228635], [25.832758375760278, 62.725237169228635], [25.832758375760278, 62.72523944429513], [25.8323037, 62.7253255], [25.830758375760276, 62.72524004594126], [25.830758375760276, 62.725237169228635], [25.830706354196572, 62.725237169228635], [25.830675042426943, 62.72523543773583]], [[25.94459170909361, 62.71293659541654], [25.94450837576028, 62.71293372819113], [25.94450837576028, 62.712903835895304], [25.94459170909361, 62.712903835895304], [25.94459170909361, 62.71293659541654]], [[25.874425042426942, 62.71248716922864], [25.874425042426942, 62.71252219174794], [25.8742798, 62.712615299999996], [25.874258375760277, 62.71261734971597], [25.874258375760277, 62.71257050256197], [25.87434170909361, 62.71257050256197], [25.87434170909361, 62.71248716922864], [25.874425042426942, 62.71248716922864]], [[25.849508375760276, 62.720206395044116], [25.84934170909361, 62.72023170379275], [25.84934170909361, 62.7201538358953], [25.849508375760276, 62.7201538358953], [25.849508375760276, 62.720206395044116]], [[25.835508375760277, 62.72307050256197], [25.835508375760277, 62.7231476176037], [25.83548368543501, 62.7231538358953], [25.835341709093612, 62.7231538358953], [25.835341709093612, 62.72307050256197], [25.835508375760277, 62.72307050256197]], [[25.830175042426944, 62.72298716922864], [25.83009170909361, 62.72298716922864], [25.83009170909361, 62.7229038358953], [25.830175042426944, 62.7229038358953], [25.830175042426944, 62.72298716922864]], [[25.892425042426943, 62.72357050256197], [25.892425042426943, 62.72348716922863], [25.89234170909361, 62.72348716922863], [25.89234170909361, 62.723403835895304], [25.892175042426945, 62.723403835895304], [25.892175042426945, 62.72332050256197], [25.89184170909361, 62.72332050256197], [25.89184170909361, 62.72323716922863], [25.891925042426944, 62.72323716922863], [25.891925042426944, 62.7231538358953], [25.892175042426945, 62.7231538358953], [25.892175042426945, 62.72323716922863], [25.892258375760278, 62.72323716922863], [25.892258375760278, 62.7231538358953], [25.892758375760277, 62.7231538358953], [25.892758375760277, 62.72323716922863], [25.89284170909361, 62.72323716922863], [25.89284170909361, 62.7231538358953], [25.893008375760278, 62.7231538358953], [25.893008375760278, 62.72332050256197], [25.89284170909361, 62.72332050256197], [25.89284170909361, 62.72355058943686], [25.892768689431612, 62.72357050256197], [25.892425042426943, 62.72357050256197]], [[25.8292576, 62.7263735], [25.8296933, 62.726124800000015], [25.829973000000003, 62.726029000000004], [25.8301896, 62.726153499999995], [25.8314901, 62.7263676], [25.8341088, 62.7259407], [25.836606, 62.72575810000001], [25.8370585, 62.72551649999998], [25.83848, 62.725325000000005], [25.8391815, 62.7269116], [25.8400379, 62.7284224], [25.843823, 62.72871299999999], [25.8442506, 62.7291099], [25.8406718, 62.729691199999984], [25.8388733, 62.730263400000005], [25.8373532, 62.730454200000004], [25.8365739, 62.7308692], [25.8348741, 62.73133089999999], [25.8344214, 62.7315725], [25.8338788, 62.731771300000005], [25.8332828, 62.7326453], [25.8309811, 62.732868899999986], [25.8305121, 62.731519000000006], [25.8258811, 62.731241999999995], [25.8262851, 62.7296996], [25.8261496, 62.7289528], [25.825468, 62.72868330000001], [25.8262543, 62.72814310000001], [25.8268651, 62.7266585], [25.8292576, 62.7263735]], [[25.81959170909361, 62.73141092496133], [25.81959170909361, 62.7314038358953], [25.819593933061896, 62.7314038358953], [25.81959170909361, 62.73141092496133]], [[25.819698505759828, 62.73107050256197], [25.81964621941086, 62.731237169228635], [25.81959170909361, 62.731237169228635], [25.81959170909361, 62.73107050256197], [25.819698505759828, 62.73107050256197]], [[25.819758375760276, 62.7309552050557], [25.819758375760276, 62.730903835895305], [25.819826976864782, 62.730903835895305], [25.819758375760276, 62.7309552050557]], [[25.86909170909361, 62.72832050256197], [25.86909170909361, 62.7284038358953], [25.869175042426946, 62.7284038358953], [25.869175042426946, 62.728570502561965], [25.869008375760277, 62.728570502561965], [25.869008375760277, 62.7286538358953], [25.868758375760276, 62.7286538358953], [25.868758375760276, 62.72873716922864], [25.868175042426945, 62.72873716922864], [25.868175042426945, 62.7284038358953], [25.868008375760276, 62.7284038358953], [25.868008375760276, 62.7281538358953], [25.86844820304431, 62.7281538358953], [25.868675042426943, 62.728175560575814], [25.868675042426943, 62.728237169228635], [25.868758375760276, 62.728237169228635], [25.868758375760276, 62.72832050256197], [25.86909170909361, 62.72832050256197]], [[25.85984170909361, 62.739903835895305], [25.85984170909361, 62.739987169228634], [25.86009170909361, 62.739987169228634], [25.86009170909361, 62.74007050256197], [25.8601378859494, 62.74007050256197], [25.8598901, 62.740109600000004], [25.85976080448889, 62.739903835895305], [25.85984170909361, 62.739903835895305]], [[25.898, 62.737249999999996], [25.90075, 62.73875000000001], [25.904250000000005, 62.73899999999999], [25.904750000000003, 62.7395], [25.904250000000005, 62.740000000000016], [25.89925, 62.740249999999996], [25.89675, 62.7405], [25.89525, 62.74150000000001], [25.89425, 62.741], [25.894, 62.74049999999998], [25.897, 62.73924999999999], [25.897, 62.73875000000001], [25.895, 62.737749999999984], [25.89475, 62.73725000000001], [25.89575, 62.736999999999995], [25.89675, 62.737500000000004], [25.898, 62.737249999999996]], [[25.89725, 62.745000000000005], [25.898, 62.744499999999974], [25.898, 62.74325], [25.8977844, 62.742613600000006], [25.8984775, 62.742495700000006], [25.8993423, 62.742794800000006], [25.8999421, 62.74341270000001], [25.90075, 62.74400000000001], [25.9005, 62.74425], [25.898, 62.74549999999997], [25.8973176, 62.745613], [25.8969197, 62.74541849999999], [25.89725, 62.745000000000005]], [[25.8635, 62.74599999999999], [25.864, 62.74549999999999], [25.8715, 62.74300000000001], [25.87175, 62.74350000000001], [25.8715, 62.74399999999999], [25.867750000000004, 62.745999999999974], [25.86575, 62.74649999999999], [25.86375, 62.74649999999999], [25.8635, 62.74599999999999]], [[25.91009170909361, 62.716820502561966], [25.910263202247073, 62.716820502561966], [25.91009170909361, 62.716853052844165], [25.91009170909361, 62.716820502561966]], [[25.910508375760276, 62.71673716922864], [25.9107022490127, 62.71673716922864], [25.910508375760276, 62.71677396736868], [25.910508375760276, 62.71673716922864]], [[25.88200837576028, 62.722820502561966], [25.881925042426943, 62.722820502561966], [25.881925042426943, 62.72273716922864], [25.88200837576028, 62.72273716922864], [25.88200837576028, 62.722820502561966]], [[25.893258375760276, 62.722570502561965], [25.893758375760278, 62.722570502561965], [25.893758375760278, 62.7226538358953], [25.894008375760276, 62.7226538358953], [25.894008375760276, 62.72273716922864], [25.893425042426944, 62.72273716922864], [25.893425042426944, 62.7226538358953], [25.893258375760276, 62.7226538358953], [25.893258375760276, 62.722570502561965]], [[25.89284170909361, 62.722820502561966], [25.892508375760276, 62.722820502561966], [25.892508375760276, 62.7226538358953], [25.89284170909361, 62.7226538358953], [25.89284170909361, 62.722820502561966]], [[25.892425042426943, 62.7229038358953], [25.892258375760278, 62.7229038358953], [25.892258375760278, 62.722820502561966], [25.892425042426943, 62.722820502561966], [25.892425042426943, 62.7229038358953]]]}}, {"type": "Feature", "properties": {"klasse": "Wald"}, "geometry": {"type": "Polygon", "coordinates": [[[25.822258375760278, 62.72757050256197], [25.822258375760278, 62.7276538358953], [25.822425042426943, 62.7276538358953], [25.822425042426943, 62.72757050256197], [25.822258375760278, 62.72757050256197]]]}}, {"type": "Feature", "properties": {"klasse": "Wald"}, "geometry": {"type": "Polygon", "coordinates": [[[25.813758375760276, 62.7349038358953], [25.813758375760276, 62.73498716922863], [25.813841709093612, 62.73498716922863], [25.813841709093612, 62.7349038358953], [25.813758375760276, 62.7349038358953]]]}}, {"type": "Feature", "properties": {"klasse": "Wald"}, "geometry": {"type": "Polygon", "coordinates": [[[25.81359170909361, 62.73498716922863], [25.81359170909361, 62.73507050256197], [25.813675042426944, 62.73507050256197], [25.813675042426944, 62.73498716922863], [25.81359170909361, 62.73498716922863]]]}}, {"type": "Feature", "properties": {"klasse": "Wald"}, "geometry": {"type": "Polygon", "coordinates": [[[25.81350837576028, 62.7409038358953], [25.81350837576028, 62.74098716922863], [25.81334170909361, 62.74098716922863], [25.81334170909361, 62.74107050256197], [25.813091709093612, 62.74107050256197], [25.813091709093612, 62.74123716922863], [25.812925042426944, 62.74123716922863], [25.812925042426944, 62.741153835895304], [25.81275837576028, 62.741153835895304], [25.81275837576028, 62.74132050256197], [25.812508375760277, 62.74132050256197], [25.812508375760277, 62.7414038358953], [25.812675042426942, 62.7414038358953], [25.812675042426942, 62.74157050256197], [25.81274799579684, 62.74157050256197], [25.8127593, 62.74176709999999], [25.8133449, 62.74202669999998], [25.8137793, 62.7419661], [25.8141004, 62.7418018], [25.814089811832602, 62.741737169228635], [25.81409170909361, 62.741737169228635], [25.81409170909361, 62.7416538358953], [25.81425837576028, 62.7416538358953], [25.81425837576028, 62.74123716922863], [25.814175042426942, 62.74123716922863], [25.814175042426942, 62.741153835895304], [25.81409170909361, 62.741153835895304], [25.81409170909361, 62.74098716922863], [25.814008375760277, 62.74098716922863], [25.814008375760277, 62.7409038358953], [25.81350837576028, 62.7409038358953]]]}}, {"type": "Feature", "properties": {"klasse": "Wald"}, "geometry": {"type": "Polygon", "coordinates": [[[25.81259170909361, 62.752570502561966], [25.812258375760276, 62.752570502561966], [25.812258375760276, 62.7526538358953], [25.81209170909361, 62.7526538358953], [25.81209170909361, 62.75273716922864], [25.81184170909361, 62.75273716922864], [25.81184170909361, 62.75282050256197], [25.811675042426945, 62.75282050256197], [25.811675042426945, 62.75307050256197], [25.811508375760276, 62.75307050256197], [25.811508375760276, 62.753153835895304], [25.811425042426944, 62.753153835895304], [25.811425042426944, 62.75332050256197], [25.811591709093612, 62.75332050256197], [25.811591709093612, 62.7534038358953], [25.811675042426945, 62.7534038358953], [25.811675042426945, 62.753737169228636], [25.811758375760277, 62.753737169228636], [25.811758375760277, 62.753820502561965], [25.81184170909361, 62.753820502561965], [25.81184170909361, 62.75398716922864], [25.811925042426942, 62.75398716922864], [25.811925042426942, 62.754070502561966], [25.81200837576028, 62.754070502561966], [25.81200837576028, 62.7541538358953], [25.812425042426945, 62.7541538358953], [25.812425042426945, 62.753820502561965], [25.81259170909361, 62.753820502561965], [25.81259170909361, 62.7534038358953], [25.81284170909361, 62.7534038358953], [25.81284170909361, 62.75273716922864], [25.81275837576028, 62.75273716922864], [25.81275837576028, 62.7526538358953], [25.81259170909361, 62.7526538358953], [25.81259170909361, 62.752570502561966]]]}}, {"type": "Feature", "properties": {"klasse": "Wald"}, "geometry": {"type": "Polygon", "coordinates": [[[25.845091166250715, 62.70094989315765], [25.845046282643665, 62.70098716922863], [25.844425042426945, 62.70098716922863], [25.844425042426945, 62.70107050256197], [25.844258375760276, 62.70107050256197], [25.844258375760276, 62.7014038358953], [25.84400837576028, 62.7014038358953], [25.84400837576028, 62.701737169228636], [25.84384170909361, 62.701737169228636], [25.84384170909361, 62.701820502561965], [25.843591709093612, 62.701820502561965], [25.843591709093612, 62.70198716922864], [25.843425042426944, 62.70198716922864], [25.843425042426944, 62.702070502561966], [25.84259170909361, 62.702070502561966], [25.84259170909361, 62.70198716922864], [25.842425042426942, 62.70198716922864], [25.842425042426942, 62.7021538358953], [25.842258375760277, 62.7021538358953], [25.842258375760277, 62.70232050256197], [25.842008375760276, 62.70232050256197], [25.842008375760276, 62.702653835895305], [25.84184170909361, 62.702653835895305], [25.84184170909361, 62.702737169228634], [25.841675042426942, 62.702737169228634], [25.841675042426942, 62.70282050256197], [25.84084170909361, 62.70282050256197], [25.84084170909361, 62.7029038358953], [25.840675042426945, 62.7029038358953], [25.840675042426945, 62.702987169228635], [25.840425042426943, 62.702987169228635], [25.840425042426943, 62.70307050256197], [25.84025837576028, 62.70307050256197], [25.84025837576028, 62.7031538358953], [25.84009170909361, 62.7031538358953], [25.84009170909361, 62.703237169228636], [25.83950837576028, 62.703237169228636], [25.83950837576028, 62.703320502561965], [25.839258375760277, 62.703320502561965], [25.839258375760277, 62.7034038358953], [25.839091709093612, 62.7034038358953], [25.839091709093612, 62.7036538358953], [25.83884170909361, 62.7036538358953], [25.83884170909361, 62.70373716922863], [25.838675042426942, 62.70373716922863], [25.838675042426942, 62.70398716922863], [25.838425042426945, 62.70398716922863], [25.838425042426945, 62.704153835895305], [25.838258375760276, 62.704153835895305], [25.838258375760276, 62.704237169228634], [25.838175042426943, 62.704237169228634], [25.838175042426943, 62.70432050256197], [25.83809170909361, 62.70432050256197], [25.83809170909361, 62.70457050256197], [25.83800837576028, 62.70457050256197], [25.83800837576028, 62.7046538358953], [25.83784170909361, 62.7046538358953], [25.83784170909361, 62.704737169228636], [25.837675042426945, 62.704737169228636], [25.837675042426945, 62.704820502561965], [25.837425042426943, 62.704820502561965], [25.837425042426943, 62.705070502561966], [25.83725837576028, 62.705070502561966], [25.83725837576028, 62.7051538358953], [25.837008375760277, 62.7051538358953], [25.837008375760277, 62.70532050256197], [25.836841709093612, 62.70532050256197], [25.836841709093612, 62.705403835895304], [25.836675042426943, 62.705403835895304], [25.836675042426943, 62.70548716922863], [25.836425042426946, 62.70548716922863], [25.836425042426946, 62.70557050256197], [25.836258375760277, 62.70557050256197], [25.836258375760277, 62.705653835895305], [25.836091709093612, 62.705653835895305], [25.836091709093612, 62.705737169228634], [25.83584170909361, 62.705737169228634], [25.83584170909361, 62.7059038358953], [25.835675042426946, 62.7059038358953], [25.835675042426946, 62.705987169228635], [25.835425042426944, 62.705987169228635], [25.835425042426944, 62.7061538358953], [25.835258375760276, 62.7061538358953], [25.835258375760276, 62.706237169228636], [25.835008375760278, 62.706237169228636], [25.835008375760278, 62.70638792806217], [25.8345484, 62.706570600000006], [25.83445320898644, 62.70682050256197], [25.834425042426943, 62.70682050256197], [25.834425042426943, 62.706894447518714], [25.8342754, 62.70728729999998], [25.834425042426943, 62.707517054029246], [25.834425042426943, 62.7076538358953], [25.834175042426946, 62.7076538358953], [25.834175042426946, 62.707737169228636], [25.83434170909361, 62.707737169228636], [25.83434170909361, 62.707820502561965], [25.834508375760276, 62.707820502561965], [25.834508375760276, 62.7079038358953], [25.834591709093612, 62.7079038358953], [25.834591709093612, 62.707985471836054], [25.834478200000003, 62.70813169999999], [25.8357817, 62.7094887], [25.83591184326629, 62.709903835895304], [25.83584170909361, 62.709903835895304], [25.83584170909361, 62.70998716922863], [25.835675042426946, 62.70998716922863], [25.835675042426946, 62.710237169228634], [25.835508375760277, 62.710237169228634], [25.835508375760277, 62.7104038358953], [25.835258375760276, 62.7104038358953], [25.835258375760276, 62.710737169228636], [25.83509170909361, 62.710737169228636], [25.83509170909361, 62.71092538505715], [25.834859983167068, 62.7111538358953], [25.83484170909361, 62.7111538358953], [25.83484170909361, 62.71117185169293], [25.8346959, 62.7113156], [25.83461098074263, 62.71157050256197], [25.834425042426943, 62.71157050256197], [25.834425042426943, 62.711737169228634], [25.834258375760278, 62.711737169228634], [25.834258375760278, 62.71182050256197], [25.834008375760277, 62.71182050256197], [25.834008375760277, 62.7119038358953], [25.833841709093612, 62.7119038358953], [25.833841709093612, 62.711987169228635], [25.833675042426943, 62.711987169228635], [25.833675042426943, 62.71207050256197], [25.833425042426946, 62.71207050256197], [25.833425042426946, 62.7121538358953], [25.833258375760277, 62.7121538358953], [25.833258375760277, 62.712237169228636], [25.833091709093612, 62.712237169228636], [25.833091709093612, 62.71235153030213], [25.8329211, 62.7124084], [25.833008375760276, 62.71257204205052], [25.833008375760276, 62.71273716922863], [25.833096443588605, 62.71273716922863], [25.8331555, 62.71284789999999], [25.833299942665548, 62.713237169228634], [25.833175042426944, 62.713237169228634], [25.833175042426944, 62.71332050256197], [25.833008375760276, 62.71332050256197], [25.833008375760276, 62.7134038358953], [25.83284170909361, 62.7134038358953], [25.83284170909361, 62.713487169228635], [25.832758375760278, 62.713487169228635], [25.832758375760278, 62.71357050256197], [25.83284170909361, 62.71357050256197], [25.83284170909361, 62.7136538358953], [25.833008375760276, 62.7136538358953], [25.833008375760276, 62.71357050256197], [25.833087621930915, 62.71357050256197], [25.83285238602851, 62.713820502561965], [25.832758375760278, 62.713820502561965], [25.832758375760278, 62.71373716922864], [25.832175042426943, 62.71373716922864], [25.832175042426943, 62.713820502561965], [25.832008375760278, 62.713820502561965], [25.832008375760278, 62.7141538358953], [25.83184170909361, 62.7141538358953], [25.83184170909361, 62.71423716922863], [25.831925042426946, 62.71423716922863], [25.831925042426946, 62.71432050256197], [25.831758375760277, 62.71432050256197], [25.831758375760277, 62.714403835895304], [25.831925042426946, 62.714403835895304], [25.831925042426946, 62.71448716922863], [25.83222509028875, 62.71448716922863], [25.8321639, 62.7145522], [25.8325831, 62.714958799999984], [25.834258375760278, 62.71514010109747], [25.834258375760278, 62.7151538358953], [25.834385289354266, 62.7151538358953], [25.834425042426943, 62.71515813803819], [25.834425042426943, 62.71523716922864], [25.834591709093612, 62.71523716922864], [25.834591709093612, 62.715320502561966], [25.83484170909361, 62.715320502561966], [25.83484170909361, 62.7154038358953], [25.835008375760278, 62.7154038358953], [25.835008375760278, 62.71548716922864], [25.835258375760276, 62.71548716922864], [25.835258375760276, 62.71557050256197], [25.83559170909361, 62.71557050256197], [25.83559170909361, 62.7156538358953], [25.836130981656435, 62.7156538358953], [25.83634170909361, 62.71571898018939], [25.83634170909361, 62.71573716922863], [25.83640054662769, 62.71573716922863], [25.836925042426945, 62.71589931189526], [25.836925042426945, 62.715903835895304], [25.836939676570253, 62.715903835895304], [25.83709170909361, 62.71595083523979], [25.83709170909361, 62.71598716922863], [25.83720924154151, 62.71598716922863], [25.83734170909361, 62.71602812025659], [25.83734170909361, 62.71607050256197], [25.83747880651279, 62.71607050256197], [25.8383923, 62.71635289999999], [25.83875837576028, 62.71638532629111], [25.83875837576028, 62.7164038358953], [25.83896733944963, 62.7164038358953], [25.839258375760277, 62.71642961533541], [25.839258375760277, 62.716487169228635], [25.839425042426942, 62.716487169228635], [25.839425042426942, 62.71657050256197], [25.83950837576028, 62.71657050256197], [25.83950837576028, 62.71673716922864], [25.839675042426943, 62.71673716922864], [25.839675042426943, 62.716820502561966], [25.840332109130138, 62.716820502561966], [25.8404962, 62.716904799999995], [25.8491311, 62.7171327], [25.8522043, 62.71566379999999], [25.8535979, 62.71533959999999], [25.854602300000003, 62.7151323], [25.8560665, 62.7146868], [25.857535714385932, 62.71457050256197], [25.85759170909361, 62.71457050256197], [25.85759170909361, 62.714566070233296], [25.8585363, 62.7144913], [25.8603536, 62.71362190000001], [25.861999, 62.713397799999996], [25.8625204, 62.7120473], [25.8635495, 62.71077279999999], [25.8646222, 62.707586500000005], [25.866425042426943, 62.7077966422623], [25.866425042426943, 62.707820502561965], [25.866591709093612, 62.707820502561965], [25.866591709093612, 62.7079038358953], [25.866758375760277, 62.7079038358953], [25.866758375760277, 62.70798716922864], [25.867508375760277, 62.70798716922864], [25.867508375760277, 62.70807050256197], [25.868162250849682, 62.70807050256197], [25.86834170909361, 62.70810101892528], [25.86834170909361, 62.7081538358953], [25.86850837576028, 62.7081538358953], [25.86850837576028, 62.70823716922863], [25.868675042426943, 62.70823716922863], [25.868675042426943, 62.70832050256197], [25.86909170909361, 62.70832050256197], [25.86909170909361, 62.708403835895304], [25.86925837576028, 62.708403835895304], [25.86925837576028, 62.70857050256197], [25.870341709093612, 62.70857050256197], [25.870341709093612, 62.70848716922863], [25.870508375760277, 62.70848716922863], [25.870508375760277, 62.708469454421625], [25.8708362, 62.7085252], [25.8719732, 62.707384700000006], [25.871091709093612, 62.706996375268936], [25.871091709093612, 62.70698716922863], [25.87107081152989, 62.70698716922863], [25.870559, 62.70676170000001], [25.8710884, 62.70579149999999], [25.8730255, 62.70417899999999], [25.8738616, 62.702491800000004], [25.873123900395207, 62.70094989315765], [25.870690062630224, 62.70094989315765], [25.8706639, 62.70096239999999], [25.868231028323297, 62.70098716922863], [25.86684170909361, 62.70098716922863], [25.86684170909361, 62.701001313980285], [25.864925042426943, 62.70102082769132], [25.864925042426943, 62.70098716922863], [25.861258375760276, 62.70098716922863], [25.861258375760276, 62.70105815826897], [25.86004590034438, 62.70107050256197], [25.85953380308685, 62.70107050256197], [25.859496745840076, 62.70094989315765], [25.845091166250715, 62.70094989315765]], [[25.83934170909361, 62.7034038358953], [25.83934170909361, 62.70348716922864], [25.839258375760277, 62.70348716922864], [25.839258375760277, 62.7034038358953], [25.83934170909361, 62.7034038358953]], [[25.83324444586586, 62.7134038358953], [25.833175042426944, 62.71347759529831], [25.833175042426944, 62.7134038358953], [25.83324444586586, 62.7134038358953]]]}}, {"type": "Feature", "properties": {"klasse": "Wald"}, "geometry": {"type": "Polygon", "coordinates": [[[25.833841709093612, 62.707737169228636], [25.833841709093612, 62.707820502561965], [25.833925042426944, 62.707820502561965], [25.833925042426944, 62.707737169228636], [25.833841709093612, 62.707737169228636]]]}}, {"type": "Feature", "properties": {"klasse": "Wald"}, "geometry": {"type": "Polygon", "coordinates": [[[25.863591709093612, 62.71332050256197], [25.863591709093612, 62.713237169228634], [25.862925042426944, 62.713237169228634], [25.862925042426944, 62.71332050256197], [25.86234170909361, 62.71332050256197], [25.86234170909361, 62.7136538358953], [25.862425042426946, 62.7136538358953], [25.862425042426946, 62.71373716922864], [25.862675042426943, 62.71373716922864], [25.862675042426943, 62.7139038358953], [25.862841709093612, 62.7139038358953], [25.862841709093612, 62.71398716922864], [25.863008375760277, 62.71398716922864], [25.863008375760277, 62.71407050256197], [25.863175042426946, 62.71407050256197], [25.863175042426946, 62.7141538358953], [25.864008375760278, 62.7141538358953], [25.864008375760278, 62.71423716922863], [25.864425042426944, 62.71423716922863], [25.864425042426944, 62.71398716922864], [25.864508375760277, 62.71398716922864], [25.864508375760277, 62.71357050256197], [25.864425042426944, 62.71357050256197], [25.864425042426944, 62.713487169228635], [25.864175042426943, 62.713487169228635], [25.864175042426943, 62.7134038358953], [25.864008375760278, 62.7134038358953], [25.864008375760278, 62.71332050256197], [25.863591709093612, 62.71332050256197]]]}}, {"type": "Feature", "properties": {"klasse": "Wald"}, "geometry": {"type": "Polygon", "coordinates": [[[25.858925042426943, 62.71573716922863], [25.858925042426943, 62.71582050256197], [25.859008375760276, 62.71582050256197], [25.859008375760276, 62.71573716922863], [25.858925042426943, 62.71573716922863]]]}}, {"type": "Feature", "properties": {"klasse": "Wald"}, "geometry": {"type": "Polygon", "coordinates": [[[25.874258375760277, 62.703570502561966], [25.874258375760277, 62.70373716922863], [25.874841709093612, 62.70373716922863], [25.874841709093612, 62.7036538358953], [25.874758375760276, 62.7036538358953], [25.874758375760276, 62.703570502561966], [25.874258375760277, 62.703570502561966]]]}}, {"type": "Feature", "properties": {"klasse": "Wald"}, "geometry": {"type": "Polygon", "coordinates": [[[25.90484170909361, 62.70098716922863], [25.90484170909361, 62.70107050256197], [25.904675042426945, 62.70107050256197], [25.904675042426945, 62.701153835895305], [25.904425042426944, 62.701153835895305], [25.904425042426944, 62.70132050256197], [25.90425837576028, 62.70132050256197], [25.90425837576028, 62.701487169228635], [25.90409170909361, 62.701487169228635], [25.90409170909361, 62.7014038358953], [25.904008375760277, 62.7014038358953], [25.904008375760277, 62.7016538358953], [25.903841709093612, 62.7016538358953], [25.903841709093612, 62.701737169228636], [25.903675042426944, 62.701737169228636], [25.903675042426944, 62.701820502561965], [25.90359170909361, 62.701820502561965], [25.90359170909361, 62.7019038358953], [25.903425042426942, 62.7019038358953], [25.903425042426942, 62.70198716922864], [25.903258375760277, 62.70198716922864], [25.903258375760277, 62.7021538358953], [25.903008375760276, 62.7021538358953], [25.903008375760276, 62.70223716922863], [25.90284170909361, 62.70223716922863], [25.90284170909361, 62.70248716922863], [25.90259170909361, 62.70248716922863], [25.90259170909361, 62.70267975476559], [25.9025564, 62.702695299999995], [25.90259170909361, 62.7027391892932], [25.90259170909361, 62.7029038358953], [25.90275837576028, 62.7029038358953], [25.90275837576028, 62.702987169228635], [25.903425042426942, 62.702987169228635], [25.903425042426942, 62.7029038358953], [25.903758375760276, 62.7029038358953], [25.903758375760276, 62.70282050256197], [25.904008375760277, 62.70282050256197], [25.904008375760277, 62.702737169228634], [25.904175042426942, 62.702737169228634], [25.904175042426942, 62.702653835895305], [25.904591709093612, 62.702653835895305], [25.904591709093612, 62.70250257024856], [25.904636351893, 62.70248716922863], [25.904758375760277, 62.70248716922863], [25.904758375760277, 62.70244507303311], [25.9048779094846, 62.7024038358953], [25.905258375760276, 62.7024038358953], [25.905258375760276, 62.70248716922863], [25.905341709093612, 62.70248716922863], [25.905341709093612, 62.70257050256197], [25.90546269825913, 62.70257050256197], [25.9054775, 62.702755800000006], [25.90610358176896, 62.702653835895305], [25.90634170909361, 62.702653835895305], [25.90634170909361, 62.702615054316496], [25.9066073, 62.7025718], [25.90661087853153, 62.70257050256197], [25.90709170909361, 62.70257050256197], [25.90709170909361, 62.70239617187543], [25.9071148, 62.70238780000001], [25.907094878014732, 62.70232050256197], [25.907175042426942, 62.70232050256197], [25.907175042426942, 62.7021538358953], [25.90734170909361, 62.7021538358953], [25.90734170909361, 62.70198716922864], [25.90725837576028, 62.70198716922864], [25.90725837576028, 62.7019038358953], [25.90709170909361, 62.7019038358953], [25.90709170909361, 62.701820502561965], [25.9061160297962, 62.701820502561965], [25.906008375760276, 62.70170789480616], [25.906008375760276, 62.701487169228635], [25.905925308481997, 62.701487169228635], [25.905925042426944, 62.70148148887807], [25.905925042426944, 62.7014038358953], [25.905921405333018, 62.7014038358953], [25.905917502184035, 62.70132050256197], [25.906008375760276, 62.70132050256197], [25.906008375760276, 62.701153835895305], [25.906175042426945, 62.701153835895305], [25.906175042426945, 62.70107050256197], [25.906425042426942, 62.70107050256197], [25.906425042426942, 62.70098716922863], [25.90609071714605, 62.70098716922863], [25.906115751755323, 62.70094989315765], [25.90565032052705, 62.70094989315765], [25.905538492314104, 62.70098716922863], [25.90484170909361, 62.70098716922863]]]}}, {"type": "Feature", "properties": {"klasse": "Wald"}, "geometry": {"type": "Polygon", "coordinates": [[[25.908675042426943, 62.701153835895305], [25.908675042426943, 62.70107050256197], [25.908508375760277, 62.70107050256197], [25.908508375760277, 62.70098716922863], [25.907175042426942, 62.70098716922863], [25.907175042426942, 62.70107050256197], [25.907008375760277, 62.70107050256197], [25.907008375760277, 62.701487169228635], [25.90725837576028, 62.701487169228635], [25.90725837576028, 62.70157050256197], [25.907591709093612, 62.70157050256197], [25.907591709093612, 62.701487169228635], [25.907925042426942, 62.701487169228635], [25.907925042426942, 62.7014038358953], [25.908341709093612, 62.7014038358953], [25.908341709093612, 62.70132050256197], [25.908508375760277, 62.70132050256197], [25.908508375760277, 62.701237169228634], [25.90875837576028, 62.701237169228634], [25.90875837576028, 62.701153835895305], [25.908675042426943, 62.701153835895305]]]}}, {"type": "Feature", "properties": {"klasse": "Wald"}, "geometry": {"type": "Polygon", "coordinates": [[[25.90809170909361, 62.702737169228634], [25.90809170909361, 62.70282050256197], [25.907925042426942, 62.70282050256197], [25.907925042426942, 62.70307050256197], [25.908258375760276, 62.70307050256197], [25.908258375760276, 62.702987169228635], [25.908508375760277, 62.702987169228635], [25.908508375760277, 62.7029038358953], [25.908675042426943, 62.7029038358953], [25.908675042426943, 62.702737169228634], [25.90859170909361, 62.702737169228634], [25.90859170909361, 62.702653835895305], [25.908258375760276, 62.702653835895305], [25.908258375760276, 62.702737169228634], [25.90809170909361, 62.702737169228634]]]}}, {"type": "Feature", "properties": {"klasse": "Wald"}, "geometry": {"type": "Polygon", "coordinates": [[[25.907675042426945, 62.703903835895304], [25.907425042426944, 62.703903835895304], [25.907425042426944, 62.70398716922863], [25.90709170909361, 62.70398716922863], [25.90709170909361, 62.70413165927841], [25.907027674063606, 62.704153835895305], [25.906841709093612, 62.704153835895305], [25.906841709093612, 62.70421823929911], [25.906787048880517, 62.704237169228634], [25.906675042426944, 62.704237169228634], [25.906675042426944, 62.70432050256197], [25.90650837576028, 62.70432050256197], [25.90650837576028, 62.704487169228635], [25.906425042426942, 62.704487169228635], [25.906425042426942, 62.704820502561965], [25.90659170909361, 62.704820502561965], [25.90659170909361, 62.7049038358953], [25.907008375760277, 62.7049038358953], [25.907008375760277, 62.70486017158392], [25.907251099563247, 62.704820502561965], [25.907425042426944, 62.704820502561965], [25.907425042426944, 62.70479207459901], [25.90776099324308, 62.704737169228636], [25.90859170909361, 62.704737169228636], [25.90859170909361, 62.7046538358953], [25.908925042426944, 62.7046538358953], [25.908925042426944, 62.704737169228636], [25.909081245103273, 62.704737169228636], [25.909091709093612, 62.70475096141326], [25.909091709093612, 62.704820502561965], [25.909144469256564, 62.704820502561965], [25.9091626, 62.704844400000006], [25.909099887718156, 62.705070502561966], [25.909008375760276, 62.705070502561966], [25.909008375760276, 62.70523716922863], [25.909053660701165, 62.70523716922863], [25.9090032, 62.70541910000002], [25.909292870060394, 62.70532050256197], [25.90959170909361, 62.70532050256197], [25.90959170909361, 62.70523716922863], [25.909758375760276, 62.70523716922863], [25.909758375760276, 62.70516526191355], [25.909793214948603, 62.7051538358953], [25.910175042426943, 62.7051538358953], [25.910175042426943, 62.705070502561966], [25.91034170909361, 62.705070502561966], [25.91034170909361, 62.70498716922864], [25.910591709093612, 62.70498716922864], [25.910591709093612, 62.7049038358953], [25.910758375760278, 62.7049038358953], [25.910758375760278, 62.704837297377175], [25.910809585001978, 62.704820502561965], [25.910925042426943, 62.704820502561965], [25.910925042426943, 62.704803537592156], [25.911425042426945, 62.704785629282696], [25.911425042426945, 62.704820502561965], [25.911925042426944, 62.704820502561965], [25.911925042426944, 62.704737169228636], [25.91209170909361, 62.704737169228636], [25.91209170909361, 62.7046538358953], [25.91234170909361, 62.7046538358953], [25.91234170909361, 62.704487169228635], [25.91250837576028, 62.704487169228635], [25.91250837576028, 62.70432050256197], [25.912758375760276, 62.70432050256197], [25.912758375760276, 62.704153835895305], [25.912925042426945, 62.704153835895305], [25.912925042426945, 62.70407050256197], [25.91284170909361, 62.70407050256197], [25.91284170909361, 62.70398716922863], [25.912758375760276, 62.70398716922863], [25.912758375760276, 62.7038118430009], [25.91308978261568, 62.703570502561966], [25.913175042426943, 62.703570502561966], [25.913175042426943, 62.70350841380327], [25.91320421531527, 62.70348716922864], [25.91334170909361, 62.70348716922864], [25.91334170909361, 62.7034038358953], [25.913508375760276, 62.7034038358953], [25.913508375760276, 62.703320502561965], [25.913758375760278, 62.703320502561965], [25.913758375760278, 62.703237169228636], [25.913925042426943, 62.703237169228636], [25.913925042426943, 62.702987169228635], [25.914175042426944, 62.702987169228635], [25.914175042426944, 62.7029038358953], [25.91434170909361, 62.7029038358953], [25.91434170909361, 62.70282050256197], [25.914508375760278, 62.70282050256197], [25.914508375760278, 62.702653835895305], [25.91459170909361, 62.702653835895305], [25.91459170909361, 62.70257050256197], [25.91475837576028, 62.70257050256197], [25.91475837576028, 62.70223716922863], [25.914925042426944, 62.70223716922863], [25.914925042426944, 62.70200655323423], [25.91494206759016, 62.70198716922864], [25.915175042426945, 62.70198716922864], [25.915175042426945, 62.701820502561965], [25.91534170909361, 62.701820502561965], [25.91534170909361, 62.7016538358953], [25.91559170909361, 62.7016538358953], [25.91559170909361, 62.70157050256197], [25.915758375760277, 62.70157050256197], [25.915758375760277, 62.701237169228634], [25.916008375760278, 62.701237169228634], [25.916008375760278, 62.70107050256197], [25.916175042426943, 62.70107050256197], [25.916175042426943, 62.70098716922863], [25.91595837385368, 62.70098716922863], [25.915999898924028, 62.70094989315765], [25.912184961589258, 62.70094989315765], [25.912121607179014, 62.70098716922863], [25.91184170909361, 62.70098716922863], [25.91184170909361, 62.70115185391056], [25.911838340512336, 62.701153835895305], [25.911675042426943, 62.701153835895305], [25.911675042426943, 62.701237169228634], [25.911508375760278, 62.701237169228634], [25.911508375760278, 62.70132050256197], [25.911258375760276, 62.70132050256197], [25.911258375760276, 62.7014038358953], [25.91109170909361, 62.7014038358953], [25.91109170909361, 62.70157050256197], [25.910675042426945, 62.70157050256197], [25.910675042426945, 62.701938889847966], [25.909956781607, 62.70248716922863], [25.909675042426944, 62.70248716922863], [25.909675042426944, 62.70257050256197], [25.90950837576028, 62.70257050256197], [25.90950837576028, 62.702653835895305], [25.909258375760277, 62.702653835895305], [25.909258375760277, 62.702737169228634], [25.909091709093612, 62.702737169228634], [25.909091709093612, 62.7029038358953], [25.90884170909361, 62.7029038358953], [25.90884170909361, 62.70307050256197], [25.908675042426943, 62.70307050256197], [25.908675042426943, 62.70346557588024], [25.90864675455643, 62.70348716922864], [25.908425042426945, 62.70348716922864], [25.908425042426945, 62.7036538358953], [25.908258375760276, 62.7036538358953], [25.908258375760276, 62.70372761918183], [25.90823079997914, 62.70373716922863], [25.90809170909361, 62.70373716922863], [25.90809170909361, 62.703785339195626], [25.90799017479603, 62.70382050256197], [25.907675042426945, 62.70382050256197], [25.907675042426945, 62.703903835895304]]]}}, {"type": "Feature", "properties": {"klasse": "Wald"}, "geometry": {"type": "Polygon", "coordinates": [[[25.90800837576028, 62.70607050256197], [25.90800837576028, 62.70548716922863], [25.907925042426942, 62.70548716922863], [25.907925042426942, 62.705403835895304], [25.907591709093612, 62.705403835895304], [25.907591709093612, 62.70548716922863], [25.907425042426944, 62.70548716922863], [25.907425042426944, 62.70557050256197], [25.907175042426942, 62.70557050256197], [25.907175042426942, 62.705653835895305], [25.907008375760277, 62.705653835895305], [25.907008375760277, 62.705737169228634], [25.906841709093612, 62.705737169228634], [25.906841709093612, 62.70607050256197], [25.90659170909361, 62.70607050256197], [25.90659170909361, 62.706237169228636], [25.906425042426942, 62.706237169228636], [25.906425042426942, 62.70648716922864], [25.906175042426945, 62.70648716922864], [25.906175042426945, 62.70673716922863], [25.90659170909361, 62.70673716922863], [25.90659170909361, 62.7066538358953], [25.907008375760277, 62.7066538358953], [25.907008375760277, 62.706570502561966], [25.907175042426942, 62.706570502561966], [25.907175042426942, 62.70648716922864], [25.90734170909361, 62.70648716922864], [25.90734170909361, 62.7064038358953], [25.907758375760277, 62.7064038358953], [25.907758375760277, 62.70607050256197], [25.90800837576028, 62.70607050256197]]]}}, {"type": "Feature", "properties": {"klasse": "Wald"}, "geometry": {"type": "Polygon", "coordinates": [[[25.908175042426944, 62.706570502561966], [25.908175042426944, 62.7066538358953], [25.908425042426945, 62.7066538358953], [25.908425042426945, 62.706570502561966], [25.908175042426944, 62.706570502561966]]]}}, {"type": "Feature", "properties": {"klasse": "Wald"}, "geometry": {"type": "Polygon", "coordinates": [[[25.889675042426944, 62.70973716922863], [25.889675042426944, 62.709903835895304], [25.88959170909361, 62.709903835895304], [25.88959170909361, 62.70982050256197], [25.889425042426943, 62.70982050256197], [25.889425042426943, 62.71032050256197], [25.889258375760278, 62.71032050256197], [25.889258375760278, 62.710487169228635], [25.88934170909361, 62.710487169228635], [25.88934170909361, 62.71057050256197], [25.88984170909361, 62.71057050256197], [25.88984170909361, 62.710487169228635], [25.890008375760278, 62.710487169228635], [25.890008375760278, 62.710237169228634], [25.890258375760276, 62.710237169228634], [25.890258375760276, 62.70998716922863], [25.890425042426944, 62.70998716922863], [25.890425042426944, 62.709903835895304], [25.89034170909361, 62.709903835895304], [25.89034170909361, 62.70973716922863], [25.889675042426944, 62.70973716922863]]]}}, {"type": "Feature", "properties": {"klasse": "Wald"}, "geometry": {"type": "Polygon", "coordinates": [[[25.889758375760277, 62.713237169228634], [25.889758375760277, 62.71332050256197], [25.889675042426944, 62.71332050256197], [25.889675042426944, 62.7134038358953], [25.88950837576028, 62.7134038358953], [25.88950837576028, 62.713487169228635], [25.88959170909361, 62.713487169228635], [25.88959170909361, 62.71357050256197], [25.89009170909361, 62.71357050256197], [25.89009170909361, 62.713487169228635], [25.890258375760276, 62.713487169228635], [25.890258375760276, 62.7134038358953], [25.890508375760277, 62.7134038358953], [25.890508375760277, 62.713237169228634], [25.890425042426944, 62.713237169228634], [25.890425042426944, 62.7131538358953], [25.889925042426945, 62.7131538358953], [25.889925042426945, 62.713237169228634], [25.889758375760277, 62.713237169228634]]]}}, {"type": "Feature", "properties": {"klasse": "Wald"}, "geometry": {"type": "Polygon", "coordinates": [[[25.894008375760276, 62.71432050256197], [25.894008375760276, 62.7139038358953], [25.893925042426943, 62.7139038358953], [25.893925042426943, 62.713820502561965], [25.893425042426944, 62.713820502561965], [25.893425042426944, 62.7139038358953], [25.893175042426943, 62.7139038358953], [25.893175042426943, 62.71398716922864], [25.893008375760278, 62.71398716922864], [25.893008375760278, 62.71432050256197], [25.894008375760276, 62.71432050256197]]]}}, {"type": "Feature", "properties": {"klasse": "Wald"}, "geometry": {"type": "Polygon", "coordinates": [[[25.890008375760278, 62.714737169228634], [25.890008375760278, 62.71482050256197], [25.890258375760276, 62.71482050256197], [25.890258375760276, 62.714737169228634], [25.890425042426944, 62.714737169228634], [25.890425042426944, 62.71457050256197], [25.89034170909361, 62.71457050256197], [25.89034170909361, 62.714403835895304], [25.89009170909361, 62.714403835895304], [25.89009170909361, 62.71457050256197], [25.88984170909361, 62.71457050256197], [25.88984170909361, 62.714737169228634], [25.890008375760278, 62.714737169228634]]]}}, {"type": "Feature", "properties": {"klasse": "Wald"}, "geometry": {"type": "Polygon", "coordinates": [[[25.894508375760278, 62.7149038358953], [25.894508375760278, 62.714737169228634], [25.894091709093612, 62.714737169228634], [25.894091709093612, 62.7146538358953], [25.89334170909361, 62.7146538358953], [25.89334170909361, 62.714737169228634], [25.893008375760278, 62.714737169228634], [25.893008375760278, 62.71482050256197], [25.892758375760277, 62.71482050256197], [25.892758375760277, 62.714987169228635], [25.89259170909361, 62.714987169228635], [25.89259170909361, 62.7151538358953], [25.89234170909361, 62.7151538358953], [25.89234170909361, 62.71523716922864], [25.892508375760276, 62.71523716922864], [25.892508375760276, 62.715320502561966], [25.89259170909361, 62.715320502561966], [25.89259170909361, 62.7154038358953], [25.89234170909361, 62.7154038358953], [25.89234170909361, 62.71548716922864], [25.892508375760276, 62.71548716922864], [25.892508375760276, 62.71557050256197], [25.89259170909361, 62.71557050256197], [25.89259170909361, 62.7156538358953], [25.892675042426944, 62.7156538358953], [25.892675042426944, 62.71573716922863], [25.89284170909361, 62.71573716922863], [25.89284170909361, 62.71582050256197], [25.893508375760277, 62.71582050256197], [25.893508375760277, 62.71573716922863], [25.893758375760278, 62.71573716922863], [25.893758375760278, 62.71557050256197], [25.893925042426943, 62.71557050256197], [25.893925042426943, 62.715320502561966], [25.894175042426944, 62.715320502561966], [25.894175042426944, 62.71507050256197], [25.89434170909361, 62.71507050256197], [25.89434170909361, 62.7149038358953], [25.894508375760278, 62.7149038358953]]]}}, {"type": "Feature", "properties": {"klasse": "Wald"}, "geometry": {"type": "Polygon", "coordinates": [[[25.90034170909361, 62.71557050256197], [25.90034170909361, 62.71573716922863], [25.900925042426945, 62.71573716922863], [25.900925042426945, 62.7156538358953], [25.901008375760277, 62.7156538358953], [25.901008375760277, 62.71557050256197], [25.900925042426945, 62.71557050256197], [25.900925042426945, 62.71548716922864], [25.900675042426943, 62.71548716922864], [25.900675042426943, 62.7154038358953], [25.900175042426945, 62.7154038358953], [25.900175042426945, 62.71557050256197], [25.90034170909361, 62.71557050256197]]]}}, {"type": "Feature", "properties": {"klasse": "Wald"}, "geometry": {"type": "Polygon", "coordinates": [[[25.89684170909361, 62.71598716922863], [25.89684170909361, 62.7161538358953], [25.897175042426944, 62.7161538358953], [25.897175042426944, 62.71607050256197], [25.896925042426943, 62.71607050256197], [25.896925042426943, 62.71598716922863], [25.89684170909361, 62.71598716922863]]]}}, {"type": "Feature", "properties": {"klasse": "Wald"}, "geometry": {"type": "Polygon", "coordinates": [[[25.89084170909361, 62.71732050256197], [25.89084170909361, 62.717403835895304], [25.891675042426943, 62.717403835895304], [25.891675042426943, 62.7171538358953], [25.891258375760277, 62.7171538358953], [25.891258375760277, 62.71707050256197], [25.891175042426944, 62.71707050256197], [25.891175042426944, 62.7171538358953], [25.89084170909361, 62.7171538358953], [25.89084170909361, 62.71707050256197], [25.890758375760278, 62.71707050256197], [25.890758375760278, 62.71732050256197], [25.89084170909361, 62.71732050256197]]]}}, {"type": "Feature", "properties": {"klasse": "Wald"}, "geometry": {"type": "Polygon", "coordinates": [[[25.919552553529865, 62.70094989315765], [25.919115990841906, 62.70094989315765], [25.9193804, 62.70103189999999], [25.919552553529865, 62.70094989315765]]]}}, {"type": "Feature", "properties": {"klasse": "Wald"}, "geometry": {"type": "Polygon", "coordinates": [[[25.923769111949976, 62.701153835895305], [25.92509170909361, 62.70121288534954], [25.92509170909361, 62.701237169228634], [25.926758375760276, 62.701237169228634], [25.926758375760276, 62.70117749896502], [25.92753312475748, 62.701153835895305], [25.927675042426944, 62.701153835895305], [25.927675042426944, 62.70107050256197], [25.927925042426946, 62.70107050256197], [25.927925042426946, 62.70098716922863], [25.92771340765575, 62.70098716922863], [25.927753474863234, 62.70094989315765], [25.92308468033303, 62.70094989315765], [25.9233853, 62.701136700000006], [25.923675042426943, 62.70114963601175], [25.923675042426943, 62.701153835895305], [25.923769111949976, 62.701153835895305]]]}}, {"type": "Feature", "properties": {"klasse": "Wald"}, "geometry": {"type": "Polygon", "coordinates": [[[25.91734170909361, 62.71148716922863], [25.91734170909361, 62.71132050256197], [25.917258375760277, 62.71132050256197], [25.917258375760277, 62.71123716922863], [25.916758375760278, 62.71123716922863], [25.916758375760278, 62.71132050256197], [25.91659170909361, 62.71132050256197], [25.91659170909361, 62.711403835895304], [25.916925042426943, 62.711403835895304], [25.916925042426943, 62.71148716922863], [25.91734170909361, 62.71148716922863]]]}}, {"type": "Feature", "properties": {"klasse": "Wald"}, "geometry": {"type": "Polygon", "coordinates": [[[25.912758375760276, 62.7116538358953], [25.912758375760276, 62.71157050256197], [25.91184170909361, 62.71157050256197], [25.91184170909361, 62.711737169228634], [25.911675042426943, 62.711737169228634], [25.911675042426943, 62.711987169228635], [25.91175837576028, 62.711987169228635], [25.91175837576028, 62.71207050256197], [25.912008375760276, 62.71207050256197], [25.912008375760276, 62.7121538358953], [25.912175042426945, 62.7121538358953], [25.912175042426945, 62.712237169228636], [25.912258375760278, 62.712237169228636], [25.912258375760278, 62.712320502561965], [25.91234170909361, 62.712320502561965], [25.91234170909361, 62.7124038358953], [25.91284170909361, 62.7124038358953], [25.91284170909361, 62.712320502561965], [25.913008375760278, 62.712320502561965], [25.913008375760278, 62.712237169228636], [25.91325837576028, 62.712237169228636], [25.91325837576028, 62.71182050256197], [25.913175042426943, 62.71182050256197], [25.913175042426943, 62.711737169228634], [25.912925042426945, 62.711737169228634], [25.912925042426945, 62.7116538358953], [25.912758375760276, 62.7116538358953]]]}}, {"type": "Feature", "properties": {"klasse": "Wald"}, "geometry": {"type": "Polygon", "coordinates": [[[25.91100837576028, 62.713487169228635], [25.91100837576028, 62.7136538358953], [25.911175042426944, 62.7136538358953], [25.911175042426944, 62.713487169228635], [25.91100837576028, 62.713487169228635]]]}}, {"type": "Feature", "properties": {"klasse": "Wald"}, "geometry": {"type": "Polygon", "coordinates": [[[25.928675042426946, 62.721903835895304], [25.928675042426946, 62.72173716922863], [25.92859170909361, 62.72173716922863], [25.92859170909361, 62.7216538358953], [25.927925042426946, 62.7216538358953], [25.927925042426946, 62.72173716922863], [25.927758375760277, 62.72173716922863], [25.927758375760277, 62.72182050256197], [25.927508375760276, 62.72182050256197], [25.927508375760276, 62.721903835895304], [25.92734170909361, 62.721903835895304], [25.92734170909361, 62.72198716922863], [25.927175042426946, 62.72198716922863], [25.927175042426946, 62.72207050256197], [25.926925042426944, 62.72207050256197], [25.926925042426944, 62.7221538358953], [25.927008375760277, 62.7221538358953], [25.927008375760277, 62.722237169228634], [25.92709170909361, 62.722237169228634], [25.92709170909361, 62.722570502561965], [25.927258375760278, 62.722570502561965], [25.927258375760278, 62.7226538358953], [25.927675042426944, 62.7226538358953], [25.927675042426944, 62.722487169228636], [25.927925042426946, 62.722487169228636], [25.927925042426946, 62.7224038358953], [25.92809170909361, 62.7224038358953], [25.92809170909361, 62.7221538358953], [25.928341709093612, 62.7221538358953], [25.928341709093612, 62.72198716922863], [25.928508375760277, 62.72198716922863], [25.928508375760277, 62.721903835895304], [25.928675042426946, 62.721903835895304]]]}}, {"type": "Feature", "properties": {"klasse": "Wald"}, "geometry": {"type": "Polygon", "coordinates": [[[25.932689047312174, 62.70094989315765], [25.931483384407002, 62.70094989315765], [25.93184170909361, 62.70103737308071], [25.93184170909361, 62.70107050256197], [25.931925042426943, 62.70107050256197], [25.931925042426943, 62.701153835895305], [25.933008375760277, 62.701153835895305], [25.933008375760277, 62.70098716922863], [25.932664673543595, 62.70098716922863], [25.932689047312174, 62.70094989315765]]]}}, {"type": "Feature", "properties": {"klasse": "Wald"}, "geometry": {"type": "Polygon", "coordinates": [[[25.94284170909361, 62.712237169228636], [25.94284170909361, 62.712320502561965], [25.94309170909361, 62.712320502561965], [25.94309170909361, 62.712237169228636], [25.94284170909361, 62.712237169228636]]]}}, {"type": "Feature", "properties": {"klasse": "Wald"}, "geometry": {"type": "Polygon", "coordinates": [[[25.94309170909361, 62.7124038358953], [25.94309170909361, 62.71248716922864], [25.943258375760276, 62.71248716922864], [25.943258375760276, 62.7124038358953], [25.94309170909361, 62.7124038358953]]]}}, {"type": "Feature", "properties": {"klasse": "Wald"}, "geometry": {"type": "Polygon", "coordinates": [[[25.933758375760277, 62.7271538358953], [25.933758375760277, 62.72723716922864], [25.933591709093612, 62.72723716922864], [25.933591709093612, 62.727320502561966], [25.933175042426942, 62.727320502561966], [25.933175042426942, 62.72748716922864], [25.93334170909361, 62.72748716922864], [25.93334170909361, 62.7276538358953], [25.933591709093612, 62.7276538358953], [25.933591709093612, 62.72757050256197], [25.933758375760277, 62.72757050256197], [25.933758375760277, 62.727320502561966], [25.934175042426943, 62.727320502561966], [25.934175042426943, 62.72723716922864], [25.934341709093612, 62.72723716922864], [25.934341709093612, 62.727070502561965], [25.93400837576028, 62.727070502561965], [25.93400837576028, 62.7271538358953], [25.933758375760277, 62.7271538358953]]]}}, {"type": "Feature", "properties": {"klasse": "Wald"}, "geometry": {"type": "Polygon", "coordinates": [[[25.943175042426944, 62.7481538358953], [25.943175042426944, 62.74823716922864], [25.94300837576028, 62.74823716922864], [25.94300837576028, 62.74835861015506], [25.942936365796022, 62.7484038358953], [25.94284170909361, 62.7484038358953], [25.94284170909361, 62.74846328488239], [25.94280367962389, 62.74848716922863], [25.942758375760278, 62.74848716922863], [25.942758375760278, 62.74851562224605], [25.942670993451745, 62.74857050256197], [25.942591709093612, 62.74857050256197], [25.942591709093612, 62.74862029697338], [25.9425383072796, 62.748653835895304], [25.942425042426944, 62.748653835895304], [25.942425042426944, 62.74872497170071], [25.9420021, 62.748990600000006], [25.942247400000003, 62.749377999999986], [25.9431836, 62.74954339999999], [25.9438226, 62.74979809999999], [25.94409170909361, 62.74998050803565], [25.94409170909361, 62.75020363593346], [25.9440254, 62.750335900000024], [25.9441338, 62.75048650000001], [25.9444741, 62.7504935], [25.944964928394793, 62.750737169228636], [25.944925042426945, 62.750737169228636], [25.944925042426945, 62.750820502561965], [25.94484170909361, 62.750820502561965], [25.94484170909361, 62.7509038358953], [25.945008375760278, 62.7509038358953], [25.945008375760278, 62.75098716922864], [25.94484170909361, 62.75098716922864], [25.94484170909361, 62.7511538358953], [25.944675042426944, 62.7511538358953], [25.944675042426944, 62.75123716922864], [25.94450837576028, 62.75123716922864], [25.94450837576028, 62.7514038358953], [25.94459170909361, 62.7514038358953], [25.94459170909361, 62.75148716922863], [25.94460385151579, 62.75148716922863], [25.9445503, 62.75154629999999], [25.9446234, 62.751708300000004], [25.9450844, 62.75199849999999], [25.9458498, 62.752252], [25.9461598, 62.752404000000006], [25.9464078, 62.75267699999999], [25.946526076353972, 62.75273716922864], [25.94634170909361, 62.75273716922864], [25.94634170909361, 62.7529038358953], [25.946175042426944, 62.7529038358953], [25.946175042426944, 62.75321357613947], [25.946159245396064, 62.75323716922863], [25.94600837576028, 62.75323716922863], [25.94600837576028, 62.7534038358953], [25.945925042426943, 62.7534038358953], [25.945925042426943, 62.753487169228634], [25.94607735885508, 62.753487169228634], [25.946078, 62.7535716], [25.9461618, 62.75374399999997], [25.9463392, 62.7538593], [25.94634170909361, 62.75386471108405], [25.94634170909361, 62.7539038358953], [25.946359851080135, 62.7539038358953], [25.9464037, 62.7539984], [25.94675837576028, 62.7541548616737], [25.94675837576028, 62.75432050256197], [25.946675042426943, 62.75432050256197], [25.946675042426943, 62.7544038358953], [25.94634170909361, 62.7544038358953], [25.94634170909361, 62.75448716922863], [25.945675042426945, 62.75448716922863], [25.945675042426945, 62.7544038358953], [25.944925042426945, 62.7544038358953], [25.944925042426945, 62.75448716922863], [25.94459170909361, 62.75448716922863], [25.94459170909361, 62.75432050256197], [25.94450837576028, 62.75432050256197], [25.94450837576028, 62.75423716922864], [25.944258375760278, 62.75423716922864], [25.944258375760278, 62.7541538358953], [25.944175042426945, 62.7541538358953], [25.944175042426945, 62.754070502561966], [25.94409170909361, 62.754070502561966], [25.94409170909361, 62.75398716922864], [25.943925042426944, 62.75398716922864], [25.943925042426944, 62.7539038358953], [25.943675042426943, 62.7539038358953], [25.943675042426943, 62.753820502561965], [25.943508375760278, 62.753820502561965], [25.943508375760278, 62.753737169228636], [25.94334170909361, 62.753737169228636], [25.94334170909361, 62.7536538358953], [25.943258375760276, 62.7536538358953], [25.943258375760276, 62.75357050256197], [25.943175042426944, 62.75357050256197], [25.943175042426944, 62.753487169228634], [25.94300837576028, 62.753487169228634], [25.94300837576028, 62.75323716922863], [25.942925042426943, 62.75323716922863], [25.942925042426943, 62.753153835895304], [25.942425042426944, 62.753153835895304], [25.942425042426944, 62.75323716922863], [25.94225837576028, 62.75323716922863], [25.94225837576028, 62.7536538358953], [25.94234170909361, 62.7536538358953], [25.94234170909361, 62.753737169228636], [25.94225837576028, 62.753737169228636], [25.94225837576028, 62.75423716922864], [25.942175042426943, 62.75423716922864], [25.942175042426943, 62.7544038358953], [25.942008375760278, 62.7544038358953], [25.942008375760278, 62.75448716922863], [25.941841709093612, 62.75448716922863], [25.941841709093612, 62.754653835895304], [25.941675042426944, 62.754653835895304], [25.941675042426944, 62.75457050256197], [25.94159170909361, 62.75457050256197], [25.94159170909361, 62.75473716922863], [25.941425042426943, 62.75473716922863], [25.941425042426943, 62.754653835895304], [25.94134170909361, 62.754653835895304], [25.94134170909361, 62.75457050256197], [25.941258375760277, 62.75457050256197], [25.941258375760277, 62.75448716922863], [25.941175042426945, 62.75448716922863], [25.941175042426945, 62.7544038358953], [25.940925042426944, 62.7544038358953], [25.940925042426944, 62.75432050256197], [25.940425042426945, 62.75432050256197], [25.940425042426945, 62.7544038358953], [25.940258375760276, 62.7544038358953], [25.940258375760276, 62.754653835895304], [25.940341709093612, 62.754653835895304], [25.940341709093612, 62.75473716922863], [25.940425042426945, 62.75473716922863], [25.940425042426945, 62.75482050256197], [25.940508375760277, 62.75482050256197], [25.940508375760277, 62.7549038358953], [25.94075837576028, 62.7549038358953], [25.94075837576028, 62.754987169228635], [25.940925042426944, 62.754987169228635], [25.940925042426944, 62.75507050256197], [25.941091709093612, 62.75507050256197], [25.941091709093612, 62.7551538358953], [25.94134170909361, 62.7551538358953], [25.94134170909361, 62.755237169228636], [25.941425042426943, 62.755237169228636], [25.941425042426943, 62.75548716922864], [25.941175042426945, 62.75548716922864], [25.941175042426945, 62.755570502561966], [25.941008375760276, 62.755570502561966], [25.941008375760276, 62.7556538358953], [25.94075837576028, 62.7556538358953], [25.94075837576028, 62.75573716922864], [25.940425042426945, 62.75573716922864], [25.940425042426945, 62.75582050256197], [25.940175042426944, 62.75582050256197], [25.940175042426944, 62.756153835895304], [25.94000837576028, 62.756153835895304], [25.94000837576028, 62.7564038358953], [25.94009170909361, 62.7564038358953], [25.94009170909361, 62.756487169228635], [25.940175042426944, 62.756487169228635], [25.940175042426944, 62.7566538358953], [25.940258375760276, 62.7566538358953], [25.940258375760276, 62.756737169228636], [25.940341709093612, 62.756737169228636], [25.940341709093612, 62.756820502561965], [25.940508375760277, 62.756820502561965], [25.940508375760277, 62.7569038358953], [25.94075837576028, 62.7569038358953], [25.94075837576028, 62.756820502561965], [25.940925042426944, 62.756820502561965], [25.940925042426944, 62.756487169228635], [25.941091709093612, 62.756487169228635], [25.941091709093612, 62.7564038358953], [25.940925042426944, 62.7564038358953], [25.940925042426944, 62.75632050256197], [25.941008375760276, 62.75632050256197], [25.941008375760276, 62.75598716922863], [25.94134170909361, 62.75598716922863], [25.94134170909361, 62.7559038358953], [25.94159170909361, 62.7559038358953], [25.94159170909361, 62.75582050256197], [25.941758375760276, 62.75582050256197], [25.941758375760276, 62.7556538358953], [25.942175042426943, 62.7556538358953], [25.942175042426943, 62.755570502561966], [25.942591709093612, 62.755570502561966], [25.942591709093612, 62.75548716922864], [25.942758375760278, 62.75548716922864], [25.942758375760278, 62.7554038358953], [25.942925042426943, 62.7554038358953], [25.942925042426943, 62.755320502561965], [25.943175042426944, 62.755320502561965], [25.943175042426944, 62.755237169228636], [25.94334170909361, 62.755237169228636], [25.94334170909361, 62.7551538358953], [25.94375837576028, 62.7551538358953], [25.94375837576028, 62.75507050256197], [25.944175042426945, 62.75507050256197], [25.944175042426945, 62.754987169228635], [25.94434170909361, 62.754987169228635], [25.94434170909361, 62.7549038358953], [25.94450837576028, 62.7549038358953], [25.94450837576028, 62.75473716922863], [25.944675042426944, 62.75473716922863], [25.944675042426944, 62.75482050256197], [25.94484170909361, 62.75482050256197], [25.94484170909361, 62.7549038358953], [25.94485333634714, 62.7549038358953], [25.9448538, 62.754917000000006], [25.944925042426945, 62.7549849846505], [25.944925042426945, 62.754987169228635], [25.944927331688525, 62.754987169228635], [25.945008375760278, 62.75506450731394], [25.945008375760278, 62.75507050256197], [25.94501465829636, 62.75507050256197], [25.945020000000003, 62.755075599999984], [25.944953900000005, 62.75518300000002], [25.9449974, 62.75539469999998], [25.94509170909361, 62.755428648456395], [25.94509170909361, 62.75553868589076], [25.945044114473838, 62.7556538358953], [25.944925042426945, 62.7556538358953], [25.944925042426945, 62.755694585443194], [25.9448635, 62.755714], [25.944862040980563, 62.75573716922864], [25.944675042426944, 62.75573716922864], [25.944675042426944, 62.75582050256197], [25.94450837576028, 62.75582050256197], [25.94450837576028, 62.7559038358953], [25.94434170909361, 62.7559038358953], [25.94434170909361, 62.75607050256197], [25.94409170909361, 62.75607050256197], [25.94409170909361, 62.756153835895304], [25.943925042426944, 62.756153835895304], [25.943925042426944, 62.75623716922863], [25.943675042426943, 62.75623716922863], [25.943675042426943, 62.75632050256197], [25.943508375760278, 62.75632050256197], [25.943508375760278, 62.7564038358953], [25.94334170909361, 62.7564038358953], [25.94334170909361, 62.756487169228635], [25.94309170909361, 62.756487169228635], [25.94309170909361, 62.7566538358953], [25.942925042426943, 62.7566538358953], [25.942925042426943, 62.7569038358953], [25.942675042426945, 62.7569038358953], [25.942675042426945, 62.7571538358953], [25.942508375760276, 62.7571538358953], [25.942508375760276, 62.75723716922864], [25.94234170909361, 62.75723716922864], [25.94234170909361, 62.7574038358953], [25.941925042426945, 62.7574038358953], [25.941925042426945, 62.75757050256197], [25.941675042426944, 62.75757050256197], [25.941675042426944, 62.75782050256197], [25.94134170909361, 62.75782050256197], [25.94134170909361, 62.757987169228635], [25.941258375760277, 62.757987169228635], [25.941258375760277, 62.75807050256197], [25.941091709093612, 62.75807050256197], [25.941091709093612, 62.758320502561965], [25.94009170909361, 62.758320502561965], [25.94009170909361, 62.75848716922864], [25.941125668551, 62.75848716922864], [25.94113111625306, 62.758570502561966], [25.940925042426944, 62.758570502561966], [25.940925042426944, 62.7586538358953], [25.94059170909361, 62.7586538358953], [25.94059170909361, 62.758570502561966], [25.940508375760277, 62.758570502561966], [25.940508375760277, 62.7586538358953], [25.939925042426943, 62.7586538358953], [25.939925042426943, 62.75882050256197], [25.94000837576028, 62.75882050256197], [25.94000837576028, 62.7589038358953], [25.94009170909361, 62.7589038358953], [25.94009170909361, 62.759153835895304], [25.940175042426944, 62.759153835895304], [25.940175042426944, 62.75923716922863], [25.940258375760276, 62.75923716922863], [25.940258375760276, 62.7596538358953], [25.94009170909361, 62.7596538358953], [25.94009170909361, 62.759897459296255], [25.9400646, 62.7601339], [25.940277100000003, 62.7604477], [25.940667100000002, 62.7604372], [25.940802887759826, 62.76023716922864], [25.94084170909361, 62.76023716922864], [25.94084170909361, 62.760179981000825], [25.94085945728948, 62.7601538358953], [25.940925042426944, 62.7601538358953], [25.940925042426944, 62.76023716922864], [25.941070380546368, 62.76023716922864], [25.941175042426945, 62.76030961750197], [25.941175042426945, 62.760502779011325], [25.9410301, 62.76064], [25.9409982, 62.76088070000001], [25.94127145699259, 62.760987169228635], [25.94162733126066, 62.760987169228635], [25.9418026, 62.760954], [25.9418646759824, 62.7609038358953], [25.942008375760278, 62.7609038358953], [25.942008375760278, 62.76082050256197], [25.942175042426943, 62.76082050256197], [25.942175042426943, 62.760653835895305], [25.94234170909361, 62.760653835895305], [25.94234170909361, 62.76051834157028], [25.942380283563214, 62.76048716922863], [25.942591709093612, 62.76048716922863], [25.942591709093612, 62.7601537304291], [25.94264267684869, 62.760070502561966], [25.942758375760278, 62.760070502561966], [25.942758375760278, 62.7599038358953], [25.942925042426943, 62.7599038358953], [25.942925042426943, 62.759820502561965], [25.94284170909361, 62.759820502561965], [25.94284170909361, 62.7596538358953], [25.942925042426943, 62.7596538358953], [25.942925042426943, 62.75957050256197], [25.94225837576028, 62.75957050256197], [25.94225837576028, 62.759487169228635], [25.942175042426943, 62.759487169228635], [25.942175042426943, 62.7594038358953], [25.942008375760278, 62.7594038358953], [25.942008375760278, 62.75924560400965], [25.9426198, 62.75892470000001], [25.942621802072942, 62.75882050256197], [25.942675042426945, 62.75882050256197], [25.942675042426945, 62.758570502561966], [25.94284170909361, 62.758570502561966], [25.94284170909361, 62.7585424918036], [25.943223800000002, 62.758483], [25.9433612, 62.7583471], [25.9439894, 62.75813970000001], [25.94495089116752, 62.75782050256197], [25.945175042426943, 62.75782050256197], [25.945175042426943, 62.7579038358953], [25.945254490331745, 62.7579038358953], [25.945331875429233, 62.757987169228635], [25.945175042426943, 62.757987169228635], [25.945175042426943, 62.75816053410714], [25.9450035, 62.75824829999999], [25.9450507, 62.75835270000001], [25.9460896, 62.75834160000001], [25.94609170909361, 62.75834636134236], [25.94609170909361, 62.7584038358953], [25.946117168135075, 62.7584038358953], [25.9462224, 62.75864139999997], [25.9465573, 62.758713799999995], [25.94659170909361, 62.75871259857539], [25.94659170909361, 62.75882050256197], [25.946675042426943, 62.75882050256197], [25.946675042426943, 62.7589038358953], [25.94675837576028, 62.7589038358953], [25.94675837576028, 62.75897957340201], [25.946751144663594, 62.75898716922863], [25.946508375760278, 62.75898716922863], [25.946508375760278, 62.75923716922863], [25.94634170909361, 62.75923716922863], [25.94634170909361, 62.759477724219394], [25.9461635, 62.75970959999999], [25.9467435, 62.759998100000004], [25.94734170909361, 62.75988089082453], [25.94734170909361, 62.7599038358953], [25.947634182340384, 62.7599038358953], [25.9479754, 62.7601828], [25.9485379, 62.7603883], [25.94891266221205, 62.76033847731313], [25.94891266221205, 62.76023716922864], [25.94891266221205, 62.754987169228635], [25.94891266221205, 62.7549038358953], [25.94891266221205, 62.7431538358953], [25.94884170909361, 62.7431538358953], [25.94884170909361, 62.74332050256197], [25.948675042426945, 62.74332050256197], [25.948675042426945, 62.7434038358953], [25.948508375760277, 62.7434038358953], [25.948508375760277, 62.74358480853107], [25.9484054, 62.743657099999986], [25.948345198904356, 62.74373716922864], [25.94825837576028, 62.74373716922864], [25.94825837576028, 62.74385264656507], [25.94815723313818, 62.74398716922863], [25.94809170909361, 62.74398716922863], [25.94809170909361, 62.744074318135986], [25.947969267372, 62.74423716922863], [25.94784170909361, 62.74423716922863], [25.94784170909361, 62.74432050256197], [25.947675042426944, 62.74432050256197], [25.947675042426944, 62.7444038358953], [25.947425042426943, 62.7444038358953], [25.947425042426943, 62.744487169228634], [25.947258375760278, 62.744487169228634], [25.947258375760278, 62.74457050256197], [25.94709170909361, 62.74457050256197], [25.94709170909361, 62.7446538358953], [25.94684170909361, 62.7446538358953], [25.94684170909361, 62.744737169228635], [25.946675042426943, 62.744737169228635], [25.946675042426943, 62.74491923019186], [25.94649233705989, 62.74498716922864], [25.946425042426945, 62.74498716922864], [25.946425042426945, 62.74501219275486], [25.9463707, 62.74503240000001], [25.946336259517608, 62.745070502561965], [25.946258375760276, 62.745070502561965], [25.946258375760276, 62.74515666775139], [25.946110287295383, 62.74532050256197], [25.94609170909361, 62.74532050256197], [25.94609170909361, 62.74534105619638], [25.946034963221308, 62.7454038358953], [25.94584170909361, 62.7454038358953], [25.94584170909361, 62.74548716922863], [25.945425042426944, 62.74548716922863], [25.945425042426944, 62.74557050256197], [25.94525837576028, 62.74557050256197], [25.94525837576028, 62.745653835895304], [25.94509170909361, 62.745653835895304], [25.94509170909361, 62.74584046734614], [25.9449430788262, 62.745987169228634], [25.94484170909361, 62.745987169228634], [25.94484170909361, 62.74607050256197], [25.944675042426944, 62.74607050256197], [25.944675042426944, 62.746237169228635], [25.944425042426943, 62.746237169228635], [25.944425042426943, 62.74632050256197], [25.944258375760278, 62.74632050256197], [25.944258375760278, 62.7464038358953], [25.94409170909361, 62.7464038358953], [25.94409170909361, 62.74648716922864], [25.94384170909361, 62.74648716922864], [25.94384170909361, 62.746565886697745], [25.943834228941064, 62.746570502561966], [25.943675042426943, 62.746570502561966], [25.943675042426943, 62.74666873362482], [25.9433612, 62.746862400000005], [25.9437521, 62.74739370000001], [25.943638028323218, 62.747487169228634], [25.94359170909361, 62.747487169228634], [25.94359170909361, 62.74752512275736], [25.9433158, 62.747751199999996], [25.943426558056697, 62.74798716922864], [25.943425042426945, 62.74798716922864], [25.943425042426945, 62.74809692333674], [25.94333442431244, 62.7481538358953], [25.943175042426944, 62.7481538358953]]]}}, {"type": "Feature", "properties": {"klasse": "Wald"}, "geometry": {"type": "Polygon", "coordinates": [[[25.947945700000002, 62.720757599999985], [25.948483, 62.720703099999994], [25.94891266221205, 62.72075052007501], [25.94891266221205, 62.7206538358953], [25.94891266221205, 62.7194038358953], [25.948758375760278, 62.7194038358953], [25.948758375760278, 62.719601459098804], [25.94871580905019, 62.7196538358953], [25.948508375760277, 62.7196538358953], [25.948508375760277, 62.719820502561966], [25.94834170909361, 62.719820502561966], [25.94834170909361, 62.72007050256197], [25.94809170909361, 62.72007050256197], [25.94809170909361, 62.72034204755924], [25.94797976089242, 62.720403835895304], [25.947925042426945, 62.720403835895304], [25.947925042426945, 62.72043403703206], [25.9478039, 62.720500900000005], [25.947945700000002, 62.720757599999985]]]}}, {"type": "Feature", "properties": {"klasse": "Wasser"}, "geometry": {"type": "Polygon", "coordinates": [[[25.864925042426943, 62.70098716922863], [25.864925042426943, 62.70102082769132], [25.86684170909361, 62.701001313980285], [25.86684170909361, 62.70098716922863], [25.864925042426943, 62.70098716922863]]]}}, {"type": "Feature", "properties": {"klasse": "Wasser"}, "geometry": {"type": "Polygon", "coordinates": [[[25.86004590034438, 62.70107050256197], [25.861258375760276, 62.70105815826897], [25.861258375760276, 62.70098716922863], [25.85950819891514, 62.70098716922863], [25.85953380308685, 62.70107050256197], [25.86004590034438, 62.70107050256197]]]}}, {"type": "Feature", "properties": {"klasse": "Wasser"}, "geometry": {"type": "Polygon", "coordinates": [[[25.799538100000003, 62.7166389], [25.7981361, 62.7167003], [25.7971778, 62.716388900000005], [25.7956057, 62.71576470000001], [25.7938894, 62.71572570000002], [25.792, 62.71525], [25.791425042426944, 62.71535849114635], [25.791425042426944, 62.717261139393464], [25.791642, 62.71725370000001], [25.79175, 62.71724999999999], [25.7928124, 62.71744120000001], [25.794250000000005, 62.7175], [25.7962264, 62.717401200000005], [25.796828300000005, 62.71737109999999], [25.797745, 62.7173252], [25.79925, 62.71724999999999], [25.7996582, 62.71688890000001], [25.799538100000003, 62.7166389]]]}}, {"type": "Feature", "properties": {"klasse": "Wasser"}, "geometry": {"type": "Polygon", "coordinates": [[[25.881925042426943, 62.72273716922864], [25.881925042426943, 62.722820502561966], [25.88200837576028, 62.722820502561966], [25.88200837576028, 62.72273716922864], [25.881925042426943, 62.72273716922864]]]}}, {"type": "Feature", "properties": {"klasse": "Wasser"}, "geometry": {"type": "Polygon", "coordinates": [[[25.794925042426943, 62.75457050256197], [25.794758375760278, 62.75457050256197], [25.794758375760278, 62.75473716922863], [25.79434170909361, 62.75473716922863], [25.79434170909361, 62.7549038358953], [25.794175042426943, 62.7549038358953], [25.794175042426943, 62.75482050256197], [25.79409170909361, 62.75482050256197], [25.79409170909361, 62.75473716922863], [25.793425042426943, 62.75473716922863], [25.793425042426943, 62.75482050256197], [25.79275837576028, 62.75482050256197], [25.79275837576028, 62.7549038358953], [25.791425042426944, 62.7549038358953], [25.791425042426944, 62.75507050256197], [25.791508375760277, 62.75507050256197], [25.791508375760277, 62.7551538358953], [25.79159170909361, 62.7551538358953], [25.79159170909361, 62.755237169228636], [25.791758375760278, 62.755237169228636], [25.791758375760278, 62.755320502561965], [25.791925042426943, 62.755320502561965], [25.791925042426943, 62.7554038358953], [25.792258375760277, 62.7554038358953], [25.792258375760277, 62.75548716922864], [25.792508375760278, 62.75548716922864], [25.792508375760278, 62.755570502561966], [25.79259170909361, 62.755570502561966], [25.79259170909361, 62.7556538358953], [25.79234170909361, 62.7556538358953], [25.79234170909361, 62.75573716922864], [25.792175042426944, 62.75573716922864], [25.792175042426944, 62.75582050256197], [25.79200837576028, 62.75582050256197], [25.79200837576028, 62.7559038358953], [25.79159170909361, 62.7559038358953], [25.79159170909361, 62.75598716922863], [25.791425042426944, 62.75598716922863], [25.791425042426944, 62.760987169228635], [25.795675042426943, 62.760987169228635], [25.795675042426943, 62.7609038358953], [25.79584170909361, 62.7609038358953], [25.79584170909361, 62.76082050256197], [25.79609170909361, 62.76082050256197], [25.79609170909361, 62.76073716922863], [25.796258375760278, 62.76073716922863], [25.796258375760278, 62.760653835895305], [25.79650837576028, 62.760653835895305], [25.79650837576028, 62.76057050256197], [25.79659170909361, 62.76057050256197], [25.79659170909361, 62.760653835895305], [25.796675042426944, 62.760653835895305], [25.796675042426944, 62.76057050256197], [25.79684170909361, 62.76057050256197], [25.79684170909361, 62.76048716922863], [25.79709170909361, 62.76048716922863], [25.79709170909361, 62.76023716922864], [25.797258375760276, 62.76023716922864], [25.797258375760276, 62.7601538358953], [25.797508375760277, 62.7601538358953], [25.797508375760277, 62.75998716922864], [25.797675042426945, 62.75998716922864], [25.797675042426945, 62.7599038358953], [25.79784170909361, 62.7599038358953], [25.79784170909361, 62.759820502561965], [25.798175042426944, 62.759820502561965], [25.798175042426944, 62.7599038358953], [25.798258375760277, 62.7599038358953], [25.798258375760277, 62.7601538358953], [25.79834170909361, 62.7601538358953], [25.79834170909361, 62.76023716922864], [25.798425042426945, 62.76023716922864], [25.798425042426945, 62.760987169228635], [25.80900837576028, 62.760987169228635], [25.80900837576028, 62.76082050256197], [25.809175042426943, 62.76082050256197], [25.809175042426943, 62.760653835895305], [25.809425042426945, 62.760653835895305], [25.809425042426945, 62.76048716922863], [25.80959170909361, 62.76048716922863], [25.80959170909361, 62.76032050256197], [25.80984170909361, 62.76032050256197], [25.80984170909361, 62.76023716922864], [25.810008375760276, 62.76023716922864], [25.810008375760276, 62.75998716922864], [25.810175042426945, 62.75998716922864], [25.810175042426945, 62.759820502561965], [25.810425042426942, 62.759820502561965], [25.810425042426942, 62.759737169228636], [25.81059170909361, 62.759737169228636], [25.81059170909361, 62.75957050256197], [25.810841709093612, 62.75957050256197], [25.810841709093612, 62.759487169228635], [25.811008375760277, 62.759487169228635], [25.811008375760277, 62.75923716922863], [25.81125837576028, 62.75923716922863], [25.81125837576028, 62.75907050256197], [25.811425042426944, 62.75907050256197], [25.811425042426944, 62.75898716922863], [25.811591709093612, 62.75898716922863], [25.811591709093612, 62.7589038358953], [25.81184170909361, 62.7589038358953], [25.81184170909361, 62.758570502561966], [25.81200837576028, 62.758570502561966], [25.81200837576028, 62.75848716922864], [25.812258375760276, 62.75848716922864], [25.812258375760276, 62.7584038358953], [25.81259170909361, 62.7584038358953], [25.81259170909361, 62.758237169228636], [25.81284170909361, 62.758237169228636], [25.81284170909361, 62.75807050256197], [25.813008375760276, 62.75807050256197], [25.813008375760276, 62.7579038358953], [25.813258375760277, 62.7579038358953], [25.813258375760277, 62.75773716922863], [25.813425042426942, 62.75773716922863], [25.813425042426942, 62.75757050256197], [25.813675042426944, 62.75757050256197], [25.813675042426944, 62.75748716922863], [25.813841709093612, 62.75748716922863], [25.813841709093612, 62.75732050256197], [25.814008375760277, 62.75732050256197], [25.814008375760277, 62.7574038358953], [25.81425837576028, 62.7574038358953], [25.81425837576028, 62.7571538358953], [25.814425042426944, 62.7571538358953], [25.814425042426944, 62.757070502561966], [25.814675042426945, 62.757070502561966], [25.814675042426945, 62.7566538358953], [25.81484170909361, 62.7566538358953], [25.81484170909361, 62.756487169228635], [25.81509170909361, 62.756487169228635], [25.81509170909361, 62.75598716922863], [25.815258375760276, 62.75598716922863], [25.815258375760276, 62.75582050256197], [25.815508375760277, 62.75582050256197], [25.815508375760277, 62.755570502561966], [25.815675042426943, 62.755570502561966], [25.815675042426943, 62.75548716922864], [25.81584170909361, 62.75548716922864], [25.81584170909361, 62.7554038358953], [25.816091709093612, 62.7554038358953], [25.816091709093612, 62.755320502561965], [25.816258375760277, 62.755320502561965], [25.816258375760277, 62.7551538358953], [25.81650837576028, 62.7551538358953], [25.81650837576028, 62.75499795650229], [25.816448185942644, 62.75473716922863], [25.816425042426943, 62.75473716922863], [25.816425042426943, 62.754653835895304], [25.81634170909361, 62.754653835895304], [25.81634170909361, 62.75457050256197], [25.816258375760277, 62.75457050256197], [25.816258375760277, 62.75448716922863], [25.816091709093612, 62.75448716922863], [25.816091709093612, 62.7544038358953], [25.816008375760276, 62.7544038358953], [25.816008375760276, 62.75432050256197], [25.815925042426944, 62.75432050256197], [25.815925042426944, 62.7539038358953], [25.816091709093612, 62.7539038358953], [25.816091709093612, 62.753820502561965], [25.81584170909361, 62.753820502561965], [25.81584170909361, 62.753737169228636], [25.81575837576028, 62.753737169228636], [25.81575837576028, 62.753487169228634], [25.815675042426943, 62.753487169228634], [25.815675042426943, 62.7534038358953], [25.81559170909361, 62.7534038358953], [25.81559170909361, 62.75323716922863], [25.81575837576028, 62.75323716922863], [25.81575837576028, 62.753153835895304], [25.815925042426944, 62.753153835895304], [25.815925042426944, 62.75332050256197], [25.816175042426945, 62.75332050256197], [25.816175042426945, 62.75323716922863], [25.81634170909361, 62.75323716922863], [25.81634170909361, 62.753153835895304], [25.81659170909361, 62.753153835895304], [25.81659170909361, 62.75273716922864], [25.816758375760276, 62.75273716922864], [25.816758375760276, 62.7526538358953], [25.816675042426944, 62.7526538358953], [25.816675042426944, 62.752570502561966], [25.81659170909361, 62.752570502561966], [25.81659170909361, 62.7524038358953], [25.81650837576028, 62.7524038358953], [25.81650837576028, 62.752320502561965], [25.816425042426943, 62.752320502561965], [25.816425042426943, 62.7521538358953], [25.81634170909361, 62.7521538358953], [25.81634170909361, 62.75207050256197], [25.816175042426945, 62.75207050256197], [25.816175042426945, 62.751987169228634], [25.81659170909361, 62.751987169228634], [25.81659170909361, 62.75182050256197], [25.81650837576028, 62.75182050256197], [25.81650837576028, 62.75173716922863], [25.816425042426943, 62.75173716922863], [25.816425042426943, 62.751653835895304], [25.81634170909361, 62.751653835895304], [25.81634170909361, 62.75157050256197], [25.816258375760277, 62.75157050256197], [25.816258375760277, 62.7511538358953], [25.816175042426945, 62.7511538358953], [25.816175042426945, 62.751070502561966], [25.816091709093612, 62.751070502561966], [25.816091709093612, 62.750820502561965], [25.816258375760277, 62.750820502561965], [25.816258375760277, 62.7506538358953], [25.816425042426943, 62.7506538358953], [25.816425042426943, 62.750487169228634], [25.81650837576028, 62.750487169228634], [25.81650837576028, 62.75032050256197], [25.816643874816094, 62.75032050256197], [25.816574, 62.750019699999996], [25.81614129439739, 62.74973716922864], [25.816008375760276, 62.74973716922864], [25.816008375760276, 62.7496538358953], [25.81575837576028, 62.7496538358953], [25.81575837576028, 62.749570502561966], [25.815675042426943, 62.749570502561966], [25.815675042426943, 62.74948716922864], [25.815425042426945, 62.74948716922864], [25.815425042426945, 62.7494038358953], [25.815258375760276, 62.7494038358953], [25.815258375760276, 62.74932050256197], [25.81484170909361, 62.74932050256197], [25.81484170909361, 62.749237169228635], [25.814758375760277, 62.749237169228635], [25.814758375760277, 62.7491538358953], [25.814675042426945, 62.7491538358953], [25.814675042426945, 62.74907050256197], [25.814591709093612, 62.74907050256197], [25.814591709093612, 62.7489038358953], [25.814508375760276, 62.7489038358953], [25.814508375760276, 62.74882050256197], [25.81434170909361, 62.74882050256197], [25.81434170909361, 62.74873716922863], [25.814425042426944, 62.74873716922863], [25.814425042426944, 62.74857050256197], [25.814591709093612, 62.74857050256197], [25.814591709093612, 62.748070502561966], [25.81484170909361, 62.748070502561966], [25.81484170909361, 62.7479038358953], [25.81500837576028, 62.7479038358953], [25.81500837576028, 62.74782050256197], [25.815175042426944, 62.74782050256197], [25.815175042426944, 62.747737169228635], [25.815425042426945, 62.747737169228635], [25.815425042426945, 62.7476538358953], [25.81559170909361, 62.7476538358953], [25.81559170909361, 62.74757050256197], [25.81584170909361, 62.74757050256197], [25.81584170909361, 62.747487169228634], [25.816008375760276, 62.747487169228634], [25.816008375760276, 62.7474038358953], [25.816091709093612, 62.7474038358953], [25.816091709093612, 62.747487169228634], [25.816925042426945, 62.747487169228634], [25.816925042426945, 62.74757050256197], [25.81709170909361, 62.74757050256197], [25.81709170909361, 62.7476538358953], [25.81725837576028, 62.7476538358953], [25.81725837576028, 62.74770621437833], [25.81875837576028, 62.74761902775605], [25.81875837576028, 62.747487169228634], [25.818925042426944, 62.747487169228634], [25.818925042426944, 62.7474038358953], [25.819175042426945, 62.7474038358953], [25.819175042426945, 62.747153835895304], [25.81909170909361, 62.747153835895304], [25.81909170909361, 62.74707050256197], [25.818925042426944, 62.74707050256197], [25.818925042426944, 62.74698716922863], [25.81909170909361, 62.74698716922863], [25.81909170909361, 62.7469038358953], [25.818925042426944, 62.7469038358953], [25.818925042426944, 62.74677154007753], [25.818397927057497, 62.746570502561966], [25.81834170909361, 62.746570502561966], [25.81834170909361, 62.746549061487684], [25.81817942912858, 62.74648716922864], [25.818175042426944, 62.74648716922864], [25.818175042426944, 62.746485496176305], [25.817960931199647, 62.7464038358953], [25.817925042426943, 62.7464038358953], [25.817925042426943, 62.74639014820923], [25.817906300000004, 62.746383], [25.817925042426943, 62.74632288693613], [25.817925042426943, 62.74632050256197], [25.81759170909361, 62.74632050256197], [25.81759170909361, 62.7464038358953], [25.816925042426945, 62.7464038358953], [25.816925042426945, 62.74632050256197], [25.816841709093612, 62.74632050256197], [25.816841709093612, 62.7461538358953], [25.817008375760278, 62.7461538358953], [25.817008375760278, 62.74607050256197], [25.81725837576028, 62.74607050256197], [25.81725837576028, 62.745987169228634], [25.817425042426944, 62.745987169228634], [25.817425042426944, 62.74573716922863], [25.817675042426945, 62.74573716922863], [25.817675042426945, 62.74557050256197], [25.817758375760278, 62.74557050256197], [25.817758375760278, 62.74548716922863], [25.817675042426945, 62.74548716922863], [25.817675042426945, 62.7454038358953], [25.81784170909361, 62.7454038358953], [25.81784170909361, 62.74523716922864], [25.81800837576028, 62.74523716922864], [25.81800837576028, 62.7451538358953], [25.81809170909361, 62.7451538358953], [25.81809170909361, 62.74498716922864], [25.81800837576028, 62.74498716922864], [25.81800837576028, 62.7449038358953], [25.81784170909361, 62.7449038358953], [25.81784170909361, 62.744737169228635], [25.817758375760278, 62.744737169228635], [25.817758375760278, 62.7446538358953], [25.81759170909361, 62.7446538358953], [25.81759170909361, 62.74457050256197], [25.817508375760276, 62.74457050256197], [25.817508375760276, 62.744487169228634], [25.817425042426944, 62.744487169228634], [25.817425042426944, 62.7444038358953], [25.81725837576028, 62.7444038358953], [25.81725837576028, 62.74432050256197], [25.81734170909361, 62.74432050256197], [25.81734170909361, 62.744153835895304], [25.81725837576028, 62.744153835895304], [25.81725837576028, 62.74407050256197], [25.81709170909361, 62.74407050256197], [25.81709170909361, 62.7436538358953], [25.817175042426943, 62.7436538358953], [25.817175042426943, 62.74332050256197], [25.81709170909361, 62.74332050256197], [25.81709170909361, 62.743237169228635], [25.816925042426945, 62.743237169228635], [25.816925042426945, 62.7429038358953], [25.817008375760278, 62.7429038358953], [25.817008375760278, 62.742070502561965], [25.816925042426945, 62.742070502561965], [25.816925042426945, 62.741987169228636], [25.816841709093612, 62.741987169228636], [25.816841709093612, 62.7416538358953], [25.817008375760278, 62.7416538358953], [25.817008375760278, 62.74123716922863], [25.81725837576028, 62.74123716922863], [25.81725837576028, 62.741153835895304], [25.817425042426944, 62.741153835895304], [25.817425042426944, 62.7406538358953], [25.81734170909361, 62.7406538358953], [25.81734170909361, 62.7406357204193], [25.815341709093612, 62.740458799663344], [25.815341709093612, 62.740487169228636], [25.81434170909361, 62.740487169228636], [25.81434170909361, 62.74037033928537], [25.814027, 62.7403425], [25.81410875614827, 62.7401538358953], [25.81409170909361, 62.7401538358953], [25.81409170909361, 62.74007050256197], [25.813925042426945, 62.74007050256197], [25.813925042426945, 62.739903835895305], [25.813841709093612, 62.739903835895305], [25.813841709093612, 62.73982050256197], [25.813758375760276, 62.73982050256197], [25.813758375760276, 62.7391538358953], [25.814008375760277, 62.7391538358953], [25.814008375760277, 62.739070502561965], [25.814175042426942, 62.739070502561965], [25.814175042426942, 62.738987169228636], [25.81500837576028, 62.738987169228636], [25.81500837576028, 62.7389038358953], [25.815341709093612, 62.7389038358953], [25.815341709093612, 62.73882050256197], [25.81559170909361, 62.73882050256197], [25.81559170909361, 62.738737169228635], [25.81575837576028, 62.738737169228635], [25.81575837576028, 62.7386538358953], [25.815925042426944, 62.7386538358953], [25.815925042426944, 62.73857050256197], [25.816008375760276, 62.73857050256197], [25.816008375760276, 62.738487169228634], [25.816091709093612, 62.738487169228634], [25.816091709093612, 62.73857050256197], [25.816175042426945, 62.73857050256197], [25.816175042426945, 62.738403835895305], [25.81634170909361, 62.738403835895305], [25.81634170909361, 62.73823716922863], [25.81659170909361, 62.73823716922863], [25.81659170909361, 62.738153835895304], [25.816758375760276, 62.738153835895304], [25.816758375760276, 62.73798716922863], [25.817008375760278, 62.73798716922863], [25.817008375760278, 62.7379038358953], [25.817175042426943, 62.7379038358953], [25.817175042426943, 62.737820502561966], [25.81734170909361, 62.737820502561966], [25.81734170909361, 62.73773716922864], [25.81759170909361, 62.73773716922864], [25.81759170909361, 62.737570502561965], [25.817758375760278, 62.737570502561965], [25.817758375760278, 62.737487169228636], [25.818175042426944, 62.737487169228636], [25.818175042426944, 62.7374038358953], [25.81859170909361, 62.7374038358953], [25.81859170909361, 62.73732050256197], [25.818925042426944, 62.73732050256197], [25.818925042426944, 62.737237169228635], [25.819175042426945, 62.737237169228635], [25.819175042426945, 62.7371538358953], [25.81934170909361, 62.7371538358953], [25.81934170909361, 62.736903835895305], [25.81959170909361, 62.736903835895305], [25.81959170909361, 62.73673716922863], [25.819758375760276, 62.73673716922863], [25.819758375760276, 62.73623716922864], [25.820008375760278, 62.73623716922864], [25.820008375760278, 62.736070502561965], [25.819925042426945, 62.736070502561965], [25.819925042426945, 62.735987169228636], [25.819758375760276, 62.735987169228636], [25.819758375760276, 62.7359038358953], [25.819925042426945, 62.7359038358953], [25.819925042426945, 62.735796112917406], [25.819852746751266, 62.735737169228635], [25.819758375760276, 62.735737169228635], [25.819758375760276, 62.7356602272225], [25.819648326574455, 62.73557050256197], [25.81950837576028, 62.73557050256197], [25.81950837576028, 62.735487169228634], [25.81934170909361, 62.735487169228634], [25.81934170909361, 62.735403835895305], [25.818925042426944, 62.735403835895305], [25.818925042426944, 62.73532050256197], [25.81884170909361, 62.73532050256197], [25.81884170909361, 62.73523716922863], [25.81875837576028, 62.73523716922863], [25.81875837576028, 62.735153835895304], [25.818675042426943, 62.735153835895304], [25.818675042426943, 62.7346538358953], [25.81859170909361, 62.7346538358953], [25.81859170909361, 62.734570502561965], [25.818175042426944, 62.734570502561965], [25.818175042426944, 62.734487169228636], [25.81809170909361, 62.734487169228636], [25.81809170909361, 62.734237169228635], [25.818258375760276, 62.734237169228635], [25.818258375760276, 62.733987169228634], [25.81834170909361, 62.733987169228634], [25.81834170909361, 62.73357050256197], [25.818508375760278, 62.73357050256197], [25.818508375760278, 62.733320502561966], [25.818425042426945, 62.733320502561966], [25.818425042426945, 62.73323716922864], [25.818258375760276, 62.73323716922864], [25.818258375760276, 62.7331538358953], [25.81784170909361, 62.7331538358953], [25.81784170909361, 62.733070502561965], [25.817758375760278, 62.733070502561965], [25.817758375760278, 62.732737169228635], [25.817925042426943, 62.732737169228635], [25.817925042426943, 62.7326538358953], [25.81875837576028, 62.7326538358953], [25.81875837576028, 62.73257050256197], [25.818925042426944, 62.73257050256197], [25.818925042426944, 62.732487169228634], [25.819175042426945, 62.732487169228634], [25.819175042426945, 62.73198716922863], [25.81909170909361, 62.73198716922863], [25.81909170909361, 62.7319038358953], [25.819008375760276, 62.7319038358953], [25.819008375760276, 62.731820502561966], [25.818925042426944, 62.731820502561966], [25.818925042426944, 62.73173716922864], [25.81875837576028, 62.73173716922864], [25.81875837576028, 62.731570502561965], [25.818675042426943, 62.731570502561965], [25.818675042426943, 62.731487169228636], [25.81859170909361, 62.731487169228636], [25.81859170909361, 62.7314038358953], [25.81875837576028, 62.7314038358953], [25.81875837576028, 62.73132050256197], [25.81884170909361, 62.73132050256197], [25.81884170909361, 62.73107050256197], [25.81875837576028, 62.73107050256197], [25.81875837576028, 62.730987169228634], [25.81859170909361, 62.730987169228634], [25.81859170909361, 62.73073716922863], [25.81884170909361, 62.73073716922863], [25.81884170909361, 62.73057050256197], [25.819008375760276, 62.73057050256197], [25.819008375760276, 62.73048716922863], [25.819425042426943, 62.73048716922863], [25.819425042426943, 62.7304038358953], [25.81959170909361, 62.7304038358953], [25.81959170909361, 62.7301538358953], [25.81984170909361, 62.7301538358953], [25.81984170909361, 62.730070502561965], [25.820008375760278, 62.730070502561965], [25.820008375760278, 62.729987169228636], [25.819925042426945, 62.729987169228636], [25.819925042426945, 62.7299038358953], [25.81984170909361, 62.7299038358953], [25.81984170909361, 62.729737169228635], [25.819758375760276, 62.729737169228635], [25.819758375760276, 62.7296538358953], [25.81959170909361, 62.7296538358953], [25.81959170909361, 62.72957050256197], [25.819425042426943, 62.72957050256197], [25.819425042426943, 62.72948716922863], [25.81934170909361, 62.72948716922863], [25.81934170909361, 62.72943762746072], [25.819175672793296, 62.729403835895305], [25.81875837576028, 62.729403835895305], [25.81875837576028, 62.72932050256197], [25.81859170909361, 62.72932050256197], [25.81859170909361, 62.72923716922863], [25.818425042426945, 62.72923716922863], [25.818425042426945, 62.7291538358953], [25.81834170909361, 62.7291538358953], [25.81834170909361, 62.72898716922864], [25.818258375760276, 62.72898716922864], [25.818258375760276, 62.7289038358953], [25.81809170909361, 62.7289038358953], [25.81809170909361, 62.728570502561965], [25.81834170909361, 62.728570502561965], [25.81834170909361, 62.728487169228636], [25.819008375760276, 62.728487169228636], [25.819008375760276, 62.728570502561965], [25.81909170909361, 62.728570502561965], [25.81909170909361, 62.7286538358953], [25.819425042426943, 62.7286538358953], [25.819425042426943, 62.72873716922864], [25.81959170909361, 62.72873716922864], [25.81959170909361, 62.72876896652353], [25.820114344229328, 62.7289038358953], [25.820175042426943, 62.7289038358953], [25.820175042426943, 62.72891949945716], [25.8203502, 62.7289647], [25.8205283069918, 62.72907050256197], [25.820758375760278, 62.72907050256197], [25.820758375760278, 62.7291538358953], [25.820925042426943, 62.7291538358953], [25.820925042426943, 62.72923716922863], [25.821175042426944, 62.72923716922863], [25.821175042426944, 62.72932050256197], [25.821258375760276, 62.72932050256197], [25.821258375760276, 62.72923716922863], [25.821508375760278, 62.72923716922863], [25.821508375760278, 62.72932050256197], [25.821925042426944, 62.72932050256197], [25.821925042426944, 62.729403835895305], [25.82234170909361, 62.729403835895305], [25.82234170909361, 62.72946064498416], [25.823175042426943, 62.72951534030274], [25.823175042426943, 62.72948716922863], [25.82384170909361, 62.72948716922863], [25.82384170909361, 62.72955909655761], [25.823925042426943, 62.729564566089465], [25.823925042426943, 62.72948716922863], [25.82409170909361, 62.72948716922863], [25.82409170909361, 62.72957050256197], [25.824175042426944, 62.72957050256197], [25.824175042426944, 62.729403835895305], [25.82434170909361, 62.729403835895305], [25.82434170909361, 62.7291538358953], [25.824508375760278, 62.7291538358953], [25.824508375760278, 62.72907050256197], [25.82434170909361, 62.72907050256197], [25.82434170909361, 62.7289038358953], [25.824258375760277, 62.7289038358953], [25.824258375760277, 62.728820502561966], [25.824175042426944, 62.728820502561966], [25.824175042426944, 62.7286538358953], [25.824425042426945, 62.7286538358953], [25.824425042426945, 62.728570502561965], [25.82459170909361, 62.728570502561965], [25.82459170909361, 62.728487169228636], [25.82475837576028, 62.728487169228636], [25.82475837576028, 62.7284038358953], [25.825175042426945, 62.7284038358953], [25.825175042426945, 62.72832050256197], [25.82559170909361, 62.72832050256197], [25.82559170909361, 62.7281538358953], [25.825675042426944, 62.7281538358953], [25.825675042426944, 62.728237169228635], [25.825758375760277, 62.728237169228635], [25.825758375760277, 62.72807050256197], [25.826008375760278, 62.72807050256197], [25.826008375760278, 62.727903835895304], [25.825925042426945, 62.727903835895304], [25.825925042426945, 62.72782050256197], [25.825758375760277, 62.72782050256197], [25.825758375760277, 62.72773716922863], [25.825675042426944, 62.72773716922863], [25.825675042426944, 62.7276538358953], [25.82550837576028, 62.7276538358953], [25.82550837576028, 62.72757050256197], [25.825425042426943, 62.72757050256197], [25.825425042426943, 62.7271538358953], [25.82559170909361, 62.7271538358953], [25.82559170909361, 62.72682050256197], [25.82584170909361, 62.72682050256197], [25.82584170909361, 62.7266538358953], [25.82625837576028, 62.7266538358953], [25.82625837576028, 62.72657050256197], [25.826425042426944, 62.72657050256197], [25.826425042426944, 62.72648716922863], [25.82684170909361, 62.72648716922863], [25.82684170909361, 62.726403835895304], [25.82734170909361, 62.726403835895304], [25.82734170909361, 62.72648716922863], [25.827425042426945, 62.72648716922863], [25.827425042426945, 62.726403835895304], [25.827508375760278, 62.726403835895304], [25.827508375760278, 62.72648716922863], [25.82759170909361, 62.72648716922863], [25.82759170909361, 62.726403835895304], [25.828008375760277, 62.726403835895304], [25.828008375760277, 62.72632050256197], [25.82859170909361, 62.72632050256197], [25.82859170909361, 62.72623716922863], [25.829008375760278, 62.72623716922863], [25.829008375760278, 62.7261538358953], [25.82934170909361, 62.7261538358953], [25.82934170909361, 62.72598716922864], [25.82959170909361, 62.72598716922864], [25.82959170909361, 62.725820502561966], [25.829508375760277, 62.725820502561966], [25.829508375760277, 62.72573716922864], [25.82934170909361, 62.72573716922864], [25.82934170909361, 62.7256538358953], [25.82909170909361, 62.7256538358953], [25.82909170909361, 62.725570502561965], [25.829008375760278, 62.725570502561965], [25.829008375760278, 62.725487169228636], [25.828925042426945, 62.725487169228636], [25.828925042426945, 62.7254038358953], [25.828758375760277, 62.7254038358953], [25.828758375760277, 62.72532050256197], [25.82859170909361, 62.72532050256197], [25.82859170909361, 62.72507050256197], [25.828675042426944, 62.72507050256197], [25.828675042426944, 62.72498716922863], [25.82884170909361, 62.72498716922863], [25.82884170909361, 62.72482050256197], [25.82984170909361, 62.72482050256197], [25.82984170909361, 62.72473716922863], [25.829925042426943, 62.72473716922863], [25.829925042426943, 62.72482050256197], [25.83009170909361, 62.72482050256197], [25.83009170909361, 62.724903835895304], [25.83034170909361, 62.724903835895304], [25.83034170909361, 62.72498716922863], [25.830425042426945, 62.72498716922863], [25.830425042426945, 62.72507050256197], [25.830508375760278, 62.72507050256197], [25.830508375760278, 62.7251538358953], [25.830675042426943, 62.7251538358953], [25.830675042426943, 62.72523543773583], [25.830706354196572, 62.725237169228635], [25.83109170909361, 62.725237169228635], [25.83109170909361, 62.72525847876301], [25.831591709093612, 62.725286127995616], [25.831591709093612, 62.7251538358953], [25.83184170909361, 62.7251538358953], [25.83184170909361, 62.72507050256197], [25.831758375760277, 62.72507050256197], [25.831758375760277, 62.72498716922863], [25.83209170909361, 62.72498716922863], [25.83209170909361, 62.72507050256197], [25.832175042426943, 62.72507050256197], [25.832175042426943, 62.725237169228635], [25.832341709093612, 62.725237169228635], [25.832341709093612, 62.72507050256197], [25.832675042426946, 62.72507050256197], [25.832675042426946, 62.7251538358953], [25.833008375760276, 62.7251538358953], [25.833008375760276, 62.72519212722195], [25.833091709093612, 62.72517635486423], [25.833091709093612, 62.7251538358953], [25.833210688182035, 62.7251538358953], [25.833508375760278, 62.72509749307561], [25.833508375760278, 62.72507050256197], [25.83365098027823, 62.72507050256197], [25.833758375760276, 62.72505017600244], [25.833758375760276, 62.724903835895304], [25.83409170909361, 62.724903835895304], [25.83409170909361, 62.72482050256197], [25.834205462669612, 62.72482050256197], [25.834258375760278, 62.724675271126934], [25.834258375760278, 62.7246538358953], [25.83409170909361, 62.7246538358953], [25.83409170909361, 62.72448716922864], [25.833925042426944, 62.72448716922864], [25.833925042426944, 62.724070502561965], [25.834175042426946, 62.724070502561965], [25.834175042426946, 62.72382050256197], [25.83409170909361, 62.72382050256197], [25.83409170909361, 62.723737169228635], [25.833675042426943, 62.723737169228635], [25.833675042426943, 62.7236538358953], [25.833091709093612, 62.7236538358953], [25.833091709093612, 62.72357050256197], [25.832425042426944, 62.72357050256197], [25.832425042426944, 62.7236538358953], [25.83184170909361, 62.7236538358953], [25.83184170909361, 62.723737169228635], [25.831591709093612, 62.723737169228635], [25.831591709093612, 62.72382050256197], [25.830925042426944, 62.72382050256197], [25.830925042426944, 62.723737169228635], [25.830675042426943, 62.723737169228635], [25.830675042426943, 62.72382050256197], [25.830258375760277, 62.72382050256197], [25.830258375760277, 62.7239038358953], [25.829675042426945, 62.7239038358953], [25.829675042426945, 62.723987169228636], [25.82934170909361, 62.723987169228636], [25.82934170909361, 62.7239038358953], [25.82909170909361, 62.7239038358953], [25.82909170909361, 62.723737169228635], [25.829008375760278, 62.723737169228635], [25.829008375760278, 62.7236538358953], [25.828925042426945, 62.7236538358953], [25.828925042426945, 62.72357050256197], [25.82884170909361, 62.72357050256197], [25.82884170909361, 62.72348716922863], [25.82859170909361, 62.72348716922863], [25.82859170909361, 62.723403835895304], [25.82834170909361, 62.723403835895304], [25.82834170909361, 62.72298716922864], [25.828508375760276, 62.72298716922864], [25.828508375760276, 62.7229038358953], [25.828925042426945, 62.7229038358953], [25.828925042426945, 62.722820502561966], [25.829258375760276, 62.722820502561966], [25.829258375760276, 62.7229038358953], [25.829675042426945, 62.7229038358953], [25.829675042426945, 62.722820502561966], [25.830175042426944, 62.722820502561966], [25.830175042426944, 62.7229038358953], [25.830258375760277, 62.7229038358953], [25.830258375760277, 62.722820502561966], [25.830675042426943, 62.722820502561966], [25.830675042426943, 62.72273716922864], [25.830758375760276, 62.72273716922864], [25.830758375760276, 62.722820502561966], [25.83084170909361, 62.722820502561966], [25.83084170909361, 62.72273716922864], [25.832758375760278, 62.72273716922864], [25.832758375760278, 62.7229038358953], [25.83334170909361, 62.7229038358953], [25.83334170909361, 62.72298716922864], [25.833508375760278, 62.72298716922864], [25.833508375760278, 62.72307050256197], [25.83359170909361, 62.72307050256197], [25.83359170909361, 62.7231538358953], [25.833675042426943, 62.7231538358953], [25.833675042426943, 62.72323716922863], [25.833925042426944, 62.72323716922863], [25.833925042426944, 62.72332050256197], [25.834175042426946, 62.72332050256197], [25.834175042426946, 62.72323716922863], [25.83434170909361, 62.72323716922863], [25.83434170909361, 62.7231538358953], [25.835008375760278, 62.7231538358953], [25.835008375760278, 62.72307050256197], [25.83509170909361, 62.72307050256197], [25.83509170909361, 62.7231538358953], [25.835175042426943, 62.7231538358953], [25.835175042426943, 62.72307050256197], [25.835341709093612, 62.72307050256197], [25.835341709093612, 62.72298716922864], [25.83575837576028, 62.72298716922864], [25.83575837576028, 62.7229038358953], [25.836175042426945, 62.7229038358953], [25.836175042426945, 62.72273716922864], [25.83634170909361, 62.72273716922864], [25.83634170909361, 62.7226538358953], [25.83659170909361, 62.7226538358953], [25.83659170909361, 62.722570502561965], [25.836925042426945, 62.722570502561965], [25.836925042426945, 62.722487169228636], [25.83709170909361, 62.722487169228636], [25.83709170909361, 62.722570502561965], [25.837175042426946, 62.722570502561965], [25.837175042426946, 62.722487169228636], [25.83725837576028, 62.722487169228636], [25.83725837576028, 62.722570502561965], [25.83734170909361, 62.722570502561965], [25.83734170909361, 62.722487169228636], [25.837508375760276, 62.722487169228636], [25.837508375760276, 62.7224038358953], [25.83884170909361, 62.7224038358953], [25.83884170909361, 62.722487169228636], [25.838925042426943, 62.722487169228636], [25.838925042426943, 62.7224038358953], [25.839091709093612, 62.7224038358953], [25.839091709093612, 62.72232050256197], [25.840008375760277, 62.72232050256197], [25.840008375760277, 62.7224038358953], [25.84009170909361, 62.7224038358953], [25.84009170909361, 62.72232050256197], [25.840508375760276, 62.72232050256197], [25.840508375760276, 62.722237169228634], [25.840591709093612, 62.722237169228634], [25.840591709093612, 62.72232050256197], [25.840675042426945, 62.72232050256197], [25.840675042426945, 62.722237169228634], [25.841258375760276, 62.722237169228634], [25.841258375760276, 62.7221538358953], [25.841675042426942, 62.7221538358953], [25.841675042426942, 62.72207050256197], [25.84184170909361, 62.72207050256197], [25.84184170909361, 62.72198716922863], [25.842091709093612, 62.72198716922863], [25.842091709093612, 62.721903835895304], [25.842841709093612, 62.721903835895304], [25.842841709093612, 62.72182050256197], [25.843008375760277, 62.72182050256197], [25.843008375760277, 62.72173716922863], [25.843591709093612, 62.72173716922863], [25.843591709093612, 62.7216538358953], [25.84384170909361, 62.7216538358953], [25.84384170909361, 62.72148716922864], [25.84400837576028, 62.72148716922864], [25.84400837576028, 62.7214038358953], [25.844425042426945, 62.7214038358953], [25.844425042426945, 62.721320502561966], [25.84459170909361, 62.721320502561966], [25.84459170909361, 62.72123716922864], [25.845008375760276, 62.72123716922864], [25.845008375760276, 62.7211538358953], [25.845425042426942, 62.7211538358953], [25.845425042426942, 62.721070502561965], [25.845841709093612, 62.721070502561965], [25.845841709093612, 62.720987169228636], [25.846008375760277, 62.720987169228636], [25.846008375760277, 62.7209038358953], [25.846175042426943, 62.7209038358953], [25.846175042426943, 62.720737169228634], [25.846425042426944, 62.720737169228634], [25.846425042426944, 62.7206538358953], [25.84684170909361, 62.7206538358953], [25.84684170909361, 62.72057050256197], [25.84700837576028, 62.72057050256197], [25.84700837576028, 62.72048716922863], [25.847175042426944, 62.72048716922863], [25.847175042426944, 62.720403835895304], [25.847425042426945, 62.720403835895304], [25.847425042426945, 62.72032050256197], [25.84834170909361, 62.72032050256197], [25.84834170909361, 62.72023716922863], [25.84850837576028, 62.72023716922863], [25.84850837576028, 62.72032050256197], [25.84859170909361, 62.72032050256197], [25.84859170909361, 62.72023716922863], [25.848758375760276, 62.72023716922863], [25.848758375760276, 62.7201538358953], [25.848925042426945, 62.7201538358953], [25.848925042426945, 62.72023716922863], [25.849008375760278, 62.72023716922863], [25.849008375760278, 62.7201538358953], [25.849175042426943, 62.7201538358953], [25.849175042426943, 62.72007050256197], [25.84959170909361, 62.72007050256197], [25.84959170909361, 62.71998716922864], [25.849508375760276, 62.71998716922864], [25.849508375760276, 62.7199038358953], [25.84934170909361, 62.7199038358953], [25.84934170909361, 62.71973716922864], [25.84959170909361, 62.71973716922864], [25.84959170909361, 62.7196538358953], [25.849675042426945, 62.7196538358953], [25.849675042426945, 62.71973716922864], [25.849758375760278, 62.71973716922864], [25.849758375760278, 62.719820502561966], [25.849925042426943, 62.719820502561966], [25.849925042426943, 62.71973716922864], [25.85000837576028, 62.71973716922864], [25.85000837576028, 62.7196538358953], [25.85009170909361, 62.7196538358953], [25.85009170909361, 62.71973716922864], [25.850175042426944, 62.71973716922864], [25.850175042426944, 62.7199038358953], [25.849925042426943, 62.7199038358953], [25.849925042426943, 62.71998716922864], [25.85009170909361, 62.71998716922864], [25.85009170909361, 62.72007050256197], [25.850175042426944, 62.72007050256197], [25.850175042426944, 62.71998716922864], [25.85034170909361, 62.71998716922864], [25.85034170909361, 62.7199038358953], [25.85075837576028, 62.7199038358953], [25.85075837576028, 62.719820502561966], [25.85084170909361, 62.719820502561966], [25.85084170909361, 62.7199038358953], [25.850925042426944, 62.7199038358953], [25.850925042426944, 62.719820502561966], [25.85109170909361, 62.719820502561966], [25.85109170909361, 62.7199038358953], [25.851175042426945, 62.7199038358953], [25.851175042426945, 62.719820502561966], [25.85134170909361, 62.719820502561966], [25.85134170909361, 62.71973716922864], [25.851758375760276, 62.71973716922864], [25.851758375760276, 62.7196538358953], [25.85184170909361, 62.7196538358953], [25.85184170909361, 62.71973716922864], [25.851925042426945, 62.71973716922864], [25.851925042426945, 62.7196538358953], [25.85209170909361, 62.7196538358953], [25.85209170909361, 62.719570502561965], [25.852508375760276, 62.719570502561965], [25.852508375760276, 62.7194038358953], [25.852758375760278, 62.7194038358953], [25.852758375760278, 62.71932050256197], [25.852925042426943, 62.71932050256197], [25.852925042426943, 62.7191538358953], [25.85309170909361, 62.7191538358953], [25.85309170909361, 62.71907050256197], [25.85334170909361, 62.71907050256197], [25.85334170909361, 62.7186538358953], [25.853258375760277, 62.7186538358953], [25.853258375760277, 62.71857050256197], [25.85309170909361, 62.71857050256197], [25.85309170909361, 62.71848716922864], [25.85284170909361, 62.71848716922864], [25.85284170909361, 62.7184038358953], [25.852758375760278, 62.7184038358953], [25.852758375760278, 62.718320502561966], [25.852675042426945, 62.718320502561966], [25.852675042426945, 62.71823716922864], [25.85259170909361, 62.71823716922864], [25.85259170909361, 62.7181538358953], [25.852925042426943, 62.7181538358953], [25.852925042426943, 62.71807050256197], [25.853175042426944, 62.71807050256197], [25.853175042426944, 62.717987169228635], [25.85334170909361, 62.717987169228635], [25.85334170909361, 62.7179038358953], [25.85375837576028, 62.7179038358953], [25.85375837576028, 62.71782050256197], [25.854175042426945, 62.71782050256197], [25.854175042426945, 62.717737169228634], [25.85434170909361, 62.717737169228634], [25.85434170909361, 62.7176538358953], [25.85450837576028, 62.7176538358953], [25.85450837576028, 62.71757050256197], [25.85459170909361, 62.71757050256197], [25.85459170909361, 62.71748716922863], [25.854758375760277, 62.71748716922863], [25.854758375760277, 62.717403835895304], [25.854925042426945, 62.717403835895304], [25.854925042426945, 62.71732050256197], [25.855175042426943, 62.71732050256197], [25.855175042426943, 62.7171538358953], [25.855758375760278, 62.7171538358953], [25.855758375760278, 62.71707050256197], [25.855925042426943, 62.71707050256197], [25.855925042426943, 62.71698716922864], [25.856175042426944, 62.71698716922864], [25.856175042426944, 62.7169038358953], [25.85634170909361, 62.7169038358953], [25.85634170909361, 62.71657050256197], [25.856258375760277, 62.71657050256197], [25.856258375760277, 62.716487169228635], [25.856175042426944, 62.716487169228635], [25.856175042426944, 62.7164038358953], [25.856258375760277, 62.7164038358953], [25.856258375760277, 62.71632050256197], [25.856175042426944, 62.71632050256197], [25.856175042426944, 62.716237169228634], [25.85634170909361, 62.716237169228634], [25.85634170909361, 62.7161538358953], [25.85659170909361, 62.7161538358953], [25.85659170909361, 62.71598716922863], [25.85675837576028, 62.71598716922863], [25.85675837576028, 62.715903835895304], [25.857175042426945, 62.715903835895304], [25.857175042426945, 62.71582050256197], [25.85734170909361, 62.71582050256197], [25.85734170909361, 62.71573716922863], [25.857758375760277, 62.71573716922863], [25.857758375760277, 62.7156538358953], [25.85809170909361, 62.7156538358953], [25.85809170909361, 62.71573716922863], [25.85825837576028, 62.71573716922863], [25.85825837576028, 62.71582050256197], [25.858425042426944, 62.71582050256197], [25.858425042426944, 62.715903835895304], [25.858508375760277, 62.715903835895304], [25.858508375760277, 62.71582050256197], [25.858925042426943, 62.71582050256197], [25.858925042426943, 62.71573716922863], [25.85909170909361, 62.71573716922863], [25.85909170909361, 62.71548716922864], [25.859508375760278, 62.71548716922864], [25.859508375760278, 62.7154038358953], [25.86034170909361, 62.7154038358953], [25.86034170909361, 62.715320502561966], [25.861460876732213, 62.715320502561966], [25.861508375760277, 62.715315304138926], [25.861508375760277, 62.71523716922864], [25.86184170909361, 62.71523716922864], [25.86184170909361, 62.7151538358953], [25.862008375760276, 62.7151538358953], [25.862008375760276, 62.71523716922864], [25.86209170909361, 62.71523716922864], [25.86209170909361, 62.7151538358953], [25.862258375760277, 62.7151538358953], [25.862258375760277, 62.71507050256197], [25.862508375760278, 62.71507050256197], [25.862508375760278, 62.714987169228635], [25.862841709093612, 62.714987169228635], [25.862841709093612, 62.71482050256197], [25.862925042426944, 62.71482050256197], [25.862925042426944, 62.7149038358953], [25.86309170909361, 62.7149038358953], [25.86309170909361, 62.714737169228634], [25.863425042426943, 62.714737169228634], [25.863425042426943, 62.7146538358953], [25.863675042426944, 62.7146538358953], [25.863675042426944, 62.71457050256197], [25.864258375760276, 62.71457050256197], [25.864258375760276, 62.7146538358953], [25.864175042426943, 62.7146538358953], [25.864175042426943, 62.714737169228634], [25.864258375760276, 62.714737169228634], [25.864258375760276, 62.71482050256197], [25.864508375760277, 62.71482050256197], [25.864508375760277, 62.7149038358953], [25.86450842805688, 62.7149038358953], [25.865008375760276, 62.714863073708855], [25.865008375760276, 62.71482050256197], [25.865425042426946, 62.71482050256197], [25.865425042426946, 62.714737169228634], [25.865508375760278, 62.714737169228634], [25.865508375760278, 62.71482050256197], [25.86553051034064, 62.71482050256197], [25.86559170909361, 62.71481551285012], [25.86559170909361, 62.714737169228634], [25.865841709093612, 62.714737169228634], [25.865841709093612, 62.7146538358953], [25.866008375760277, 62.7146538358953], [25.866008375760277, 62.71448716922863], [25.866425042426943, 62.71448716922863], [25.866425042426943, 62.71432050256197], [25.86653723841466, 62.71432050256197], [25.866587200474797, 62.71423716922863], [25.866508375760276, 62.71423716922863], [25.866508375760276, 62.7141538358953], [25.866425042426943, 62.7141538358953], [25.866425042426943, 62.71407050256197], [25.866591709093612, 62.71407050256197], [25.866591709093612, 62.71398716922864], [25.866508375760276, 62.71398716922864], [25.866508375760276, 62.7139038358953], [25.866425042426943, 62.7139038358953], [25.866425042426943, 62.713820502561965], [25.866591709093612, 62.713820502561965], [25.866591709093612, 62.71357050256197], [25.86700837576028, 62.71357050256197], [25.86700837576028, 62.713487169228635], [25.867425042426945, 62.713487169228635], [25.867425042426945, 62.7134038358953], [25.867508375760277, 62.7134038358953], [25.867508375760277, 62.713487169228635], [25.86775837576028, 62.713487169228635], [25.86775837576028, 62.71356702813405], [25.86784170909361, 62.71355348211194], [25.86784170909361, 62.713487169228635], [25.868008375760276, 62.713487169228635], [25.868008375760276, 62.7134038358953], [25.868175042426945, 62.7134038358953], [25.868175042426945, 62.71332050256197], [25.868425042426946, 62.71332050256197], [25.868425042426946, 62.71298716922863], [25.86859170909361, 62.71298716922863], [25.86859170909361, 62.71273716922863], [25.869008375760277, 62.71273716922863], [25.869008375760277, 62.71257050256197], [25.869175042426946, 62.71257050256197], [25.869175042426946, 62.71248716922864], [25.86925837576028, 62.71248716922864], [25.86925837576028, 62.712320502561965], [25.869425042426943, 62.712320502561965], [25.869425042426943, 62.7121538358953], [25.869591709093612, 62.7121538358953], [25.869591709093612, 62.71207050256197], [25.86984170909361, 62.71207050256197], [25.86984170909361, 62.711987169228635], [25.87000837576028, 62.711987169228635], [25.87000837576028, 62.7119038358953], [25.871091709093612, 62.7119038358953], [25.871091709093612, 62.711987169228635], [25.87134170909361, 62.711987169228635], [25.87134170909361, 62.712237169228636], [25.87150837576028, 62.712237169228636], [25.87150837576028, 62.71228757446352], [25.8718476, 62.71233109999999], [25.872073590993192, 62.71248716922864], [25.872175042426942, 62.71248716922864], [25.872175042426942, 62.712320502561965], [25.87234170909361, 62.712320502561965], [25.87234170909361, 62.712237169228636], [25.872591709093612, 62.712237169228636], [25.872591709093612, 62.7121538358953], [25.872508375760276, 62.7121538358953], [25.872508375760276, 62.71207050256197], [25.87234170909361, 62.71207050256197], [25.87234170909361, 62.711987169228635], [25.87309170909361, 62.711987169228635], [25.87309170909361, 62.71207050256197], [25.873341709093612, 62.71207050256197], [25.873341709093612, 62.7119038358953], [25.873508375760277, 62.7119038358953], [25.873508375760277, 62.71182050256197], [25.874091709093612, 62.71182050256197], [25.874091709093612, 62.711737169228634], [25.874258375760277, 62.711737169228634], [25.874258375760277, 62.7116538358953], [25.874175042426945, 62.7116538358953], [25.874175042426945, 62.71157050256197], [25.87450837576028, 62.71157050256197], [25.87450837576028, 62.71148716922863], [25.874758375760276, 62.71148716922863], [25.874758375760276, 62.711403835895304], [25.875008375760277, 62.711403835895304], [25.875008375760277, 62.71148716922863], [25.87509170909361, 62.71148716922863], [25.87509170909361, 62.71157050256197], [25.874925042426945, 62.71157050256197], [25.874925042426945, 62.7116538358953], [25.874758375760276, 62.7116538358953], [25.874758375760276, 62.71182050256197], [25.87450837576028, 62.71182050256197], [25.87450837576028, 62.711987169228635], [25.87459170909361, 62.711987169228635], [25.87459170909361, 62.71207050256197], [25.874841709093612, 62.71207050256197], [25.874841709093612, 62.7121538358953], [25.87499965205427, 62.7121538358953], [25.8750008, 62.712153099999995], [25.87509170909361, 62.71214318931819], [25.87509170909361, 62.71207050256197], [25.875508375760276, 62.71207050256197], [25.875508375760276, 62.711987169228635], [25.875675042426945, 62.711987169228635], [25.875675042426945, 62.7119038358953], [25.875925042426942, 62.7119038358953], [25.875925042426942, 62.71182050256197], [25.87609170909361, 62.71182050256197], [25.87609170909361, 62.711737169228634], [25.876258375760276, 62.711737169228634], [25.876258375760276, 62.7116538358953], [25.876425042426945, 62.7116538358953], [25.876425042426945, 62.711737169228634], [25.876508375760277, 62.711737169228634], [25.876508375760277, 62.7116538358953], [25.876675042426942, 62.7116538358953], [25.876675042426942, 62.71157050256197], [25.877425042426943, 62.71157050256197], [25.877425042426943, 62.71148716922863], [25.877675042426944, 62.71148716922863], [25.877675042426944, 62.711403835895304], [25.877841709093612, 62.711403835895304], [25.877841709093612, 62.71132050256197], [25.87809170909361, 62.71132050256197], [25.87809170909361, 62.71123716922863], [25.87825837576028, 62.71123716922863], [25.87825837576028, 62.71107050256197], [25.878425042426944, 62.71107050256197], [25.878425042426944, 62.7109038358953], [25.878508375760276, 62.7109038358953], [25.878508375760276, 62.710820502561965], [25.878675042426945, 62.710820502561965], [25.878675042426945, 62.7106538358953], [25.87884170909361, 62.7106538358953], [25.87884170909361, 62.7104038358953], [25.878758375760277, 62.7104038358953], [25.878758375760277, 62.71032050256197], [25.878675042426945, 62.71032050256197], [25.878675042426945, 62.7101538358953], [25.878591709093612, 62.7101538358953], [25.878591709093612, 62.71007050256197], [25.878508375760276, 62.71007050256197], [25.878508375760276, 62.70998716922863], [25.878425042426944, 62.70998716922863], [25.878425042426944, 62.709903835895304], [25.87834170909361, 62.709903835895304], [25.87834170909361, 62.709320502561965], [25.878508375760276, 62.709320502561965], [25.878508375760276, 62.709237169228636], [25.878925042426943, 62.709237169228636], [25.878925042426943, 62.7091538358953], [25.879258375760276, 62.7091538358953], [25.879258375760276, 62.709237169228636], [25.879341709093612, 62.709237169228636], [25.879341709093612, 62.7091538358953], [25.879675042426943, 62.7091538358953], [25.879675042426943, 62.70907050256197], [25.88009170909361, 62.70907050256197], [25.88009170909361, 62.708987169228635], [25.88034170909361, 62.708987169228635], [25.88034170909361, 62.7089038358953], [25.88050837576028, 62.7089038358953], [25.88050837576028, 62.70882050256197], [25.880675042426944, 62.70882050256197], [25.880675042426944, 62.708653835895305], [25.88109170909361, 62.708653835895305], [25.88109170909361, 62.70857050256197], [25.881508375760276, 62.70857050256197], [25.881508375760276, 62.70848716922863], [25.881675042426945, 62.70848716922863], [25.881675042426945, 62.708403835895304], [25.88209170909361, 62.708403835895304], [25.88209170909361, 62.70823716922863], [25.882175042426944, 62.70823716922863], [25.882175042426944, 62.70832050256197], [25.88284170909361, 62.70832050256197], [25.88284170909361, 62.7081538358953], [25.883008375760276, 62.7081538358953], [25.883008375760276, 62.70823716922863], [25.883675042426944, 62.70823716922863], [25.883675042426944, 62.70807050256197], [25.88384170909361, 62.70807050256197], [25.88384170909361, 62.70798716922864], [25.88425837576028, 62.70798716922864], [25.88425837576028, 62.7079038358953], [25.884425042426944, 62.7079038358953], [25.884425042426944, 62.707820502561965], [25.884675042426945, 62.707820502561965], [25.884675042426945, 62.707737169228636], [25.88484170909361, 62.707737169228636], [25.88484170909361, 62.7076538358953], [25.88575837576028, 62.7076538358953], [25.88575837576028, 62.707737169228636], [25.886008375760277, 62.707737169228636], [25.886008375760277, 62.7076538358953], [25.88650837576028, 62.7076538358953], [25.88650837576028, 62.707737169228636], [25.886758375760277, 62.707737169228636], [25.886758375760277, 62.7079038358953], [25.88709170909361, 62.7079038358953], [25.88709170909361, 62.70798716922864], [25.887175042426943, 62.70798716922864], [25.887175042426943, 62.708653835895305], [25.88725837576028, 62.708653835895305], [25.88725837576028, 62.708737169228634], [25.88734170909361, 62.708737169228634], [25.88734170909361, 62.70882050256197], [25.887425042426944, 62.70882050256197], [25.887425042426944, 62.7089038358953], [25.887508375760277, 62.7089038358953], [25.887508375760277, 62.710487169228635], [25.88725837576028, 62.710487169228635], [25.88725837576028, 62.7106538358953], [25.88709170909361, 62.7106538358953], [25.88709170909361, 62.710737169228636], [25.88684170909361, 62.710737169228636], [25.88684170909361, 62.71098716922864], [25.886675042426944, 62.71098716922864], [25.886675042426944, 62.71107050256197], [25.88650837576028, 62.71107050256197], [25.88650837576028, 62.71123716922863], [25.886258375760278, 62.71123716922863], [25.886258375760278, 62.71132050256197], [25.88609170909361, 62.71132050256197], [25.88609170909361, 62.71157050256197], [25.88584170909361, 62.71157050256197], [25.88584170909361, 62.711987169228635], [25.885675042426943, 62.711987169228635], [25.885675042426943, 62.71207050256197], [25.88575837576028, 62.71207050256197], [25.88575837576028, 62.7121538358953], [25.88584170909361, 62.7121538358953], [25.88584170909361, 62.7126538358953], [25.885675042426943, 62.7126538358953], [25.885675042426943, 62.71273716922863], [25.88559170909361, 62.71273716922863], [25.88559170909361, 62.71282050256197], [25.885425042426945, 62.71282050256197], [25.885425042426945, 62.7131538358953], [25.885258375760277, 62.7131538358953], [25.885258375760277, 62.7134038358953], [25.88500837576028, 62.7134038358953], [25.88500837576028, 62.71357050256197], [25.88484170909361, 62.71357050256197], [25.88484170909361, 62.71373716922864], [25.88425837576028, 62.71373716922864], [25.88425837576028, 62.713820502561965], [25.883675042426944, 62.713820502561965], [25.883675042426944, 62.7139038358953], [25.883258375760278, 62.7139038358953], [25.883258375760278, 62.71407050256197], [25.88284170909361, 62.71407050256197], [25.88284170909361, 62.71423716922863], [25.882675042426943, 62.71423716922863], [25.882675042426943, 62.714403835895304], [25.882258375760276, 62.714403835895304], [25.882258375760276, 62.71448716922863], [25.88200837576028, 62.71448716922863], [25.88200837576028, 62.71457050256197], [25.88184170909361, 62.71457050256197], [25.88184170909361, 62.7146538358953], [25.881425042426944, 62.7146538358953], [25.881425042426944, 62.71482050256197], [25.88125837576028, 62.71482050256197], [25.88125837576028, 62.7149038358953], [25.881008375760278, 62.7149038358953], [25.881008375760278, 62.714987169228635], [25.88084170909361, 62.714987169228635], [25.88084170909361, 62.7151538358953], [25.880675042426944, 62.7151538358953], [25.880675042426944, 62.71523716922864], [25.880512478675943, 62.71523716922864], [25.8805, 62.71525], [25.880425042426943, 62.71533994908767], [25.880425042426943, 62.7154038358953], [25.88037180342058, 62.7154038358953], [25.880258375760278, 62.71553994908767], [25.880258375760278, 62.71573716922863], [25.88009402564281, 62.71573716922863], [25.880008375760276, 62.715839949087666], [25.880008375760276, 62.715903835895304], [25.879955136753914, 62.715903835895304], [25.87984170909361, 62.716039949087666], [25.87984170909361, 62.7161538358953], [25.879746803420588, 62.7161538358953], [25.87959170909361, 62.71633994908767], [25.87959170909361, 62.7166538358953], [25.879425042426945, 62.7166538358953], [25.879425042426945, 62.716820502561966], [25.87928525128098, 62.716820502561966], [25.8795, 62.717249999999986], [25.879425042426945, 62.71736243635957], [25.879425042426945, 62.7176538358953], [25.8792307760698, 62.7176538358953], [25.879175042426944, 62.717737436359585], [25.879175042426944, 62.7179038358953], [25.87906410940314, 62.7179038358953], [25.87900837576028, 62.71798743635959], [25.87900837576028, 62.71807050256197], [25.878905996584052, 62.71807050256197], [25.878758375760277, 62.7181812181798], [25.878758375760277, 62.71823716922864], [25.87868377436183, 62.71823716922864], [25.878591709093612, 62.7183062181798], [25.878591709093612, 62.7184038358953], [25.878461552139605, 62.7184038358953], [25.87834170909361, 62.71849371817979], [25.87834170909361, 62.718903835895304], [25.878175042426943, 62.718903835895304], [25.878175042426943, 62.71913003683111], [25.878186004117, 62.7191538358953], [25.87825837576028, 62.7191538358953], [25.87825837576028, 62.719237169228634], [25.87834170909361, 62.719237169228634], [25.87834170909361, 62.71932050256197], [25.878425042426944, 62.71932050256197], [25.878425042426944, 62.7194038358953], [25.878508375760276, 62.7194038358953], [25.878508375760276, 62.719487169228636], [25.878675042426945, 62.719487169228636], [25.878675042426945, 62.719570502561965], [25.878758375760277, 62.719570502561965], [25.878758375760277, 62.71973716922864], [25.878675042426945, 62.71973716922864], [25.878675042426945, 62.72007050256197], [25.87884170909361, 62.72007050256197], [25.87884170909361, 62.7201538358953], [25.878925042426943, 62.7201538358953], [25.878925042426943, 62.72048716922863], [25.87884170909361, 62.72048716922863], [25.87884170909361, 62.720987169228636], [25.87868891724172, 62.720987169228636], [25.87875, 62.72149999999999], [25.878425042426944, 62.72170747521405], [25.878425042426944, 62.72182050256197], [25.87825837576028, 62.72182050256197], [25.87825837576028, 62.721903835895304], [25.87811749296514, 62.721903835895304], [25.8779899, 62.72198530000001], [25.877091709093612, 62.72214368634286], [25.877091709093612, 62.7221538358953], [25.87704593919246, 62.7221538358953], [25.87684170909361, 62.722324149700285], [25.87684170909361, 62.7224038358953], [25.876746154188435, 62.7224038358953], [25.876675042426942, 62.72246313819573], [25.876675042426942, 62.722570502561965], [25.876552720852256, 62.722570502561965], [25.876258375760276, 62.72284738734514], [25.876258375760276, 62.72298716922864], [25.876109779254243, 62.72298716922864], [25.8760095, 62.723081499999985], [25.87600837576028, 62.72308265167128], [25.87600837576028, 62.7231538358953], [25.87593888706784, 62.7231538358953], [25.87584170909361, 62.72325338502259], [25.87584170909361, 62.72332050256197], [25.875776190221767, 62.72332050256197], [25.875675042426945, 62.72342411837389], [25.875675042426945, 62.72357050256197], [25.875532144952654, 62.72357050256197], [25.875425042426944, 62.72368021840086], [25.875425042426944, 62.72382050256197], [25.87528809968354, 62.72382050256197], [25.8752677, 62.72384139999999], [25.87525837576028, 62.7240566477034], [25.87525837576028, 62.724320502561966], [25.875161418799706, 62.724320502561966], [25.875008375760277, 62.72444231087269], [25.875008375760277, 62.72448716922864], [25.874952014588388, 62.72448716922864], [25.874841709093612, 62.72457496234901], [25.874841709093612, 62.7246538358953], [25.87474261037708, 62.7246538358953], [25.874008375760276, 62.725238219730606], [25.874008375760276, 62.7254038358953], [25.87384170909361, 62.7254038358953], [25.87384170909361, 62.725570502561965], [25.87359170909361, 62.725570502561965], [25.87359170909361, 62.7256538358953], [25.87348618510923, 62.7256538358953], [25.873425042426945, 62.72570249989773], [25.873425042426945, 62.72573716922864], [25.87338148300357, 62.72573716922864], [25.873175042426944, 62.72590147711221], [25.873175042426944, 62.7259038358953], [25.873172078792262, 62.7259038358953], [25.8731039, 62.725958099999986], [25.87309170909361, 62.72599197495964], [25.87309170909361, 62.72607050256197], [25.873175042426944, 62.72607050256197], [25.873175042426944, 62.7261538358953], [25.873033458647416, 62.7261538358953], [25.87300837576028, 62.72622353389501], [25.87300837576028, 62.726403835895304], [25.872883418342454, 62.726403835895304], [25.872758375760277, 62.72651672891246], [25.872758375760277, 62.7266538358953], [25.872606513301445, 62.7266538358953], [25.872591709093612, 62.72666720167565], [25.872591709093612, 62.7269038358953], [25.872484893870002, 62.7269038358953], [25.872460344771806, 62.7271538358953], [25.872508375760276, 62.7271538358953], [25.872508375760276, 62.72723716922864], [25.872452161739073, 62.72723716922864], [25.8724461, 62.7272989], [25.87234170909361, 62.72739998095082], [25.87234170909361, 62.72748716922864], [25.87225166578403, 62.72748716922864], [25.872175042426942, 62.727561363064645], [25.872175042426942, 62.72757050256197], [25.87216560365137, 62.72757050256197], [25.8718311, 62.727894400000004], [25.87159170909361, 62.72801376938832], [25.87159170909361, 62.72807050256197], [25.87147793280595, 62.72807050256197], [25.87134170909361, 62.72813842887321], [25.87134170909361, 62.7281538358953], [25.87131081087896, 62.7281538358953], [25.871175042426945, 62.72822153519647], [25.871175042426945, 62.728237169228635], [25.87114368895196, 62.728237169228635], [25.8710235, 62.7282971], [25.870175042426943, 62.72830447341869], [25.870175042426943, 62.72832050256197], [25.87000837576028, 62.72832050256197], [25.87000837576028, 62.7284038358953], [25.869758375760277, 62.7284038358953], [25.869758375760277, 62.728487169228636], [25.869591709093612, 62.728487169228636], [25.869591709093612, 62.728570502561965], [25.86934170909361, 62.728570502561965], [25.86934170909361, 62.7286538358953], [25.869175042426946, 62.7286538358953], [25.869175042426946, 62.72873716922864], [25.869008375760277, 62.72873716922864], [25.869008375760277, 62.7289038358953], [25.868758375760276, 62.7289038358953], [25.868758375760276, 62.72898716922864], [25.86859170909361, 62.72898716922864], [25.86859170909361, 62.72907050256197], [25.868425042426946, 62.72907050256197], [25.868425042426946, 62.7291538358953], [25.86834170909361, 62.7291538358953], [25.86834170909361, 62.72923716922863], [25.868175042426945, 62.72923716922863], [25.868175042426945, 62.72948716922863], [25.868014763570997, 62.72948716922863], [25.8680472, 62.7295101], [25.868008375760276, 62.72957048406276], [25.868008375760276, 62.729737169228635], [25.86790120468661, 62.729737169228635], [25.86775837576028, 62.72995931371654], [25.86775837576028, 62.730070502561965], [25.867686886327604, 62.730070502561965], [25.86759170909361, 62.73021853348573], [25.86759170909361, 62.7304038358953], [25.867472567968594, 62.7304038358953], [25.867418988378844, 62.73048716922863], [25.867508375760277, 62.73048716922863], [25.867508375760277, 62.73082050256197], [25.867675042426946, 62.73082050256197], [25.867675042426946, 62.730903835895305], [25.86775837576028, 62.730903835895305], [25.86775837576028, 62.730987169228634], [25.86784170909361, 62.730987169228634], [25.86784170909361, 62.73107050256197], [25.868008375760276, 62.73107050256197], [25.868008375760276, 62.7311538358953], [25.868258375760277, 62.7311538358953], [25.868258375760277, 62.731237169228635], [25.868091709093612, 62.731237169228635], [25.868091709093612, 62.73126764244615], [25.8682436, 62.7313017], [25.868091709093612, 62.73135230184215], [25.868091709093612, 62.7314038358953], [25.867937019981323, 62.7314038358953], [25.8677099, 62.7314795], [25.866925042426946, 62.7315352821352], [25.866925042426946, 62.7316538358953], [25.86684721014702, 62.7316538358953], [25.8666506, 62.7320426], [25.86609170909361, 62.73240316239169], [25.86609170909361, 62.732403835895305], [25.866090665127146, 62.732403835895305], [25.865925042426944, 62.7325106855796], [25.865925042426944, 62.7329038358953], [25.865675042426943, 62.7329038358953], [25.865675042426943, 62.73323716922864], [25.865512654269722, 62.73323716922864], [25.8655087, 62.73324659999999], [25.865508375760278, 62.73324695992899], [25.865508375760278, 62.7334038358953], [25.8653670550585, 62.7334038358953], [25.865258375760277, 62.73352447759685], [25.865258375760277, 62.7336538358953], [25.865141844171987, 62.7336538358953], [25.865091709093612, 62.733709489375414], [25.865091709093612, 62.733903835895305], [25.864898279971097, 62.733903835895305], [25.86484170909361, 62.73394068704169], [25.86484170909361, 62.73407050256197], [25.864675042426946, 62.73407050256197], [25.864675042426946, 62.7341538358953], [25.86451450033985, 62.7341538358953], [25.864508375760277, 62.73415782554136], [25.864508375760277, 62.73432050256197], [25.864258647252342, 62.73432050256197], [25.864258375760276, 62.73432067941611], [25.864258375760276, 62.7344038358953], [25.864216649330363, 62.7344038358953], [25.86409170909361, 62.73474763979378], [25.86409170909361, 62.73498716922863], [25.86400466277322, 62.73498716922863], [25.864, 62.73499999999998], [25.863675042426944, 62.73520564096785], [25.863675042426944, 62.73523716922863], [25.86362522089959, 62.73523716922863], [25.863258375760278, 62.735469317655884], [25.863258375760278, 62.735487169228634], [25.863230166382465, 62.735487169228634], [25.862841709093612, 62.73573299434391], [25.862841709093612, 62.735737169228635], [25.862835111865337, 62.735737169228635], [25.862675042426943, 62.73583846501913], [25.862675042426943, 62.7359038358953], [25.862758375760276, 62.7359038358953], [25.862758375760276, 62.735987169228636], [25.862841709093612, 62.735987169228636], [25.862841709093612, 62.736070502561965], [25.862675042426943, 62.736070502561965], [25.862675042426943, 62.73623716922864], [25.862560744672205, 62.73623716922864], [25.8625569, 62.73630579999998], [25.862258375760277, 62.736470138167405], [25.862258375760277, 62.73648716922863], [25.862227438427308, 62.73648716922863], [25.862008375760276, 62.73660776364764], [25.862008375760276, 62.736653835895304], [25.861924684412603, 62.736653835895304], [25.86184170909361, 62.7366995139678], [25.86184170909361, 62.73682050256197], [25.861691121570672, 62.73682050256197], [25.86159170909361, 62.73693954164647], [25.86159170909361, 62.736987169228634], [25.86155193412441, 62.736987169228634], [25.861425042426944, 62.737139112646034], [25.861425042426944, 62.737237169228635], [25.86132225384996, 62.737237169228635], [25.861258375760276, 62.73727292693623], [25.861258375760276, 62.73732050256197], [25.86117338596947, 62.73732050256197], [25.861008375760278, 62.73741287205579], [25.861008375760278, 62.737487169228636], [25.860875650208506, 62.737487169228636], [25.8608513, 62.7375008], [25.86084170909361, 62.73751532590981], [25.86084170909361, 62.73798716922863], [25.86059170909361, 62.73798716922863], [25.86059170909361, 62.73823716922863], [25.860425042426943, 62.73823716922863], [25.860425042426943, 62.738487169228634], [25.86020003787175, 62.738487169228634], [25.860175042426945, 62.73852502608617], [25.860175042426945, 62.739070502561965], [25.860008375760277, 62.739070502561965], [25.860008375760277, 62.7391538358953], [25.859811491784463, 62.7391538358953], [25.859758375760276, 62.7392542308873], [25.859758375760276, 62.73932050256197], [25.859925042426944, 62.73932050256197], [25.859925042426944, 62.73982050256197], [25.86009170909361, 62.73982050256197], [25.86009170909361, 62.739903835895305], [25.86034170909361, 62.739903835895305], [25.86034170909361, 62.73973716922863], [25.860425042426943, 62.73973716922863], [25.860425042426943, 62.73982050256197], [25.860508375760276, 62.73982050256197], [25.860508375760276, 62.739903835895305], [25.860758375760277, 62.739903835895305], [25.860758375760277, 62.73973716922863], [25.860925042426945, 62.73973716922863], [25.860925042426945, 62.739653835895304], [25.86109170909361, 62.739653835895304], [25.86109170909361, 62.73957050256197], [25.861175042426943, 62.73957050256197], [25.861175042426943, 62.7394038358953], [25.86134170909361, 62.7394038358953], [25.86134170909361, 62.73932050256197], [25.861508375760277, 62.73932050256197], [25.861508375760277, 62.73923716922864], [25.861758375760278, 62.73923716922864], [25.861758375760278, 62.7391538358953], [25.861925042426943, 62.7391538358953], [25.861925042426943, 62.738987169228636], [25.862175042426944, 62.738987169228636], [25.862175042426944, 62.7389038358953], [25.86234170909361, 62.7389038358953], [25.86234170909361, 62.73882050256197], [25.862508375760278, 62.73882050256197], [25.862508375760278, 62.738737169228635], [25.86269001376943, 62.738737169228635], [25.862758375760276, 62.73868994206737], [25.862758375760276, 62.73857050256197], [25.862925042426944, 62.73857050256197], [25.862925042426944, 62.738403835895305], [25.86317251853298, 62.738403835895305], [25.863175042426946, 62.738402092289746], [25.863175042426946, 62.73832050256197], [25.863293144723873, 62.73832050256197], [25.86334170909361, 62.7382869523787], [25.86334170909361, 62.738153835895304], [25.863508375760276, 62.738153835895304], [25.863508375760276, 62.7379038358953], [25.863758375760277, 62.7379038358953], [25.863758375760277, 62.737820502561966], [25.863925042426946, 62.737820502561966], [25.863925042426946, 62.73773716922864], [25.864137536113173, 62.73773716922864], [25.864175042426943, 62.73771125913091], [25.864175042426943, 62.737570502561965], [25.864341709093612, 62.737570502561965], [25.864341709093612, 62.737487169228636], [25.864499425077945, 62.737487169228636], [25.864508375760277, 62.7374809859216], [25.864508375760277, 62.737237169228635], [25.864758375760278, 62.737237169228635], [25.864758375760278, 62.7371538358953], [25.864925042426943, 62.7371538358953], [25.864925042426943, 62.73707050256197], [25.865102573352562, 62.73707050256197], [25.865175042426944, 62.73702043950297], [25.865175042426944, 62.736903835895305], [25.86534170909361, 62.736903835895305], [25.86534170909361, 62.73673716922863], [25.865508375760278, 62.73673716922863], [25.865508375760278, 62.736653835895304], [25.86559170909361, 62.736653835895304], [25.86559170909361, 62.73657050256197], [25.865758375760276, 62.73657050256197], [25.865758375760276, 62.7364038358953], [25.865925042426944, 62.7364038358953], [25.865925042426944, 62.736320502561966], [25.86615848269944, 62.736320502561966], [25.866175042426946, 62.73630864650529], [25.866175042426946, 62.7361538358953], [25.86634170909361, 62.7361538358953], [25.86634170909361, 62.735987169228636], [25.866591709093612, 62.735987169228636], [25.866591709093612, 62.73582050256197], [25.866758375760277, 62.73582050256197], [25.866758375760277, 62.7356538358953], [25.866925042426946, 62.7356538358953], [25.866925042426946, 62.73557050256197], [25.867175042426943, 62.73557050256197], [25.867175042426943, 62.735487169228634], [25.86732230369535, 62.735487169228634], [25.867341709093612, 62.735473272368566], [25.867341709093612, 62.73523716922863], [25.867554263273902, 62.73523716922863], [25.86759170909361, 62.73512868609263], [25.86759170909361, 62.73498716922863], [25.867640557377037, 62.73498716922863], [25.86775837576028, 62.73464584120342], [25.86775837576028, 62.7344038358953], [25.868008375760276, 62.7344038358953], [25.868008375760276, 62.73432050256197], [25.86834170909361, 62.73432050256197], [25.86834170909361, 62.734237169228635], [25.868506395498127, 62.734237169228635], [25.86859170909361, 62.734166235704116], [25.86859170909361, 62.7341538358953], [25.86860662266629, 62.7341538358953], [25.868758375760276, 62.73402766161144], [25.868758375760276, 62.73382050256197], [25.869008375760277, 62.73382050256197], [25.869008375760277, 62.7336538358953], [25.86935111695437, 62.7336538358953], [25.869425042426943, 62.733539092110576], [25.869425042426943, 62.7334038358953], [25.869578783256014, 62.7334038358953], [25.869591709093612, 62.73339536346506], [25.869591709093612, 62.73323716922864], [25.869758375760277, 62.73323716922864], [25.869758375760277, 62.733070502561965], [25.87000837576028, 62.733070502561965], [25.87000837576028, 62.7329038358953], [25.870175042426943, 62.7329038358953], [25.870175042426943, 62.73282050256197], [25.870425042426945, 62.73282050256197], [25.870425042426945, 62.73257050256197], [25.87059170909361, 62.73257050256197], [25.87059170909361, 62.732487169228634], [25.87075837576028, 62.732487169228634], [25.87075837576028, 62.732403835895305], [25.87084170909361, 62.732403835895305], [25.87084170909361, 62.73232050256197], [25.871008375760276, 62.73232050256197], [25.871008375760276, 62.73223716922863], [25.871175042426945, 62.73223716922863], [25.871175042426945, 62.73207050256197], [25.871425042426942, 62.73207050256197], [25.871425042426942, 62.7319038358953], [25.87159170909361, 62.7319038358953], [25.87159170909361, 62.731820502561966], [25.87183275579696, 62.731820502561966], [25.871841709093612, 62.73181393989158], [25.871841709093612, 62.7316538358953], [25.872008375760277, 62.7316538358953], [25.872008375760277, 62.731487169228636], [25.872175042426942, 62.731487169228636], [25.872175042426942, 62.7314038358953], [25.872383050993356, 62.7314038358953], [25.872425042426944, 62.731371798615726], [25.872425042426944, 62.7311538358953], [25.872591709093612, 62.7311538358953], [25.872591709093612, 62.730987169228634], [25.87284170909361, 62.730987169228634], [25.87284170909361, 62.73073716922863], [25.87300837576028, 62.73073716922863], [25.87300837576028, 62.7306538358953], [25.873258375760276, 62.7306538358953], [25.873258375760276, 62.73048716922863], [25.873425042426945, 62.73048716922863], [25.873425042426945, 62.7304038358953], [25.87359170909361, 62.7304038358953], [25.87359170909361, 62.73023716922864], [25.87384170909361, 62.73023716922864], [25.87384170909361, 62.730070502561965], [25.874008375760276, 62.730070502561965], [25.874008375760276, 62.72982050256197], [25.874258375760277, 62.72982050256197], [25.874258375760277, 62.729737169228635], [25.874425042426942, 62.729737169228635], [25.874425042426942, 62.72957050256197], [25.87459170909361, 62.72957050256197], [25.87459170909361, 62.729403835895305], [25.874841709093612, 62.729403835895305], [25.874841709093612, 62.72932050256197], [25.875008375760277, 62.72932050256197], [25.875008375760277, 62.7291538358953], [25.87525837576028, 62.7291538358953], [25.87525837576028, 62.72898716922864], [25.875425042426944, 62.72898716922864], [25.875425042426944, 62.728820502561966], [25.875675042426945, 62.728820502561966], [25.875675042426945, 62.7286538358953], [25.87584170909361, 62.7286538358953], [25.87584170909361, 62.7284038358953], [25.87600837576028, 62.7284038358953], [25.87600837576028, 62.72832050256197], [25.876258375760276, 62.72832050256197], [25.876258375760276, 62.7281538358953], [25.876425042426945, 62.7281538358953], [25.876425042426945, 62.72798716922863], [25.876675042426942, 62.72798716922863], [25.876675042426942, 62.727903835895304], [25.87684170909361, 62.727903835895304], [25.87684170909361, 62.72782050256197], [25.877008375760276, 62.72782050256197], [25.877008375760276, 62.72773716922863], [25.877258375760277, 62.72773716922863], [25.877258375760277, 62.72748716922864], [25.877425042426943, 62.72748716922864], [25.877425042426943, 62.727320502561966], [25.877841709093612, 62.727320502561966], [25.877841709093612, 62.7271538358953], [25.878008375760277, 62.7271538358953], [25.878008375760277, 62.727070502561965], [25.87825837576028, 62.727070502561965], [25.87825837576028, 62.726987169228636], [25.878425042426944, 62.726987169228636], [25.878425042426944, 62.7269038358953], [25.878675042426945, 62.7269038358953], [25.878675042426945, 62.72682050256197], [25.87884170909361, 62.72682050256197], [25.87884170909361, 62.726737169228635], [25.878851217414752, 62.726737169228635], [25.8787945, 62.726423], [25.87884170909361, 62.72637029241511], [25.87884170909361, 62.72607050256197], [25.87909170909361, 62.72607050256197], [25.87909170909361, 62.725820502561966], [25.879258375760276, 62.725820502561966], [25.879258375760276, 62.725487169228636], [25.8793937662321, 62.725487169228636], [25.8794386, 62.72521590000001], [25.879508375760278, 62.72516248315004], [25.879508375760278, 62.72498716922863], [25.879675042426943, 62.72498716922863], [25.879675042426943, 62.7246538358953], [25.879925042426944, 62.7246538358953], [25.879925042426944, 62.724615791601636], [25.8797776, 62.7244898], [25.879925042426944, 62.724337997059045], [25.879925042426944, 62.7241538358953], [25.88009170909361, 62.7241538358953], [25.88009170909361, 62.7239038358953], [25.88034170909361, 62.7239038358953], [25.88034170909361, 62.723737169228635], [25.88050837576028, 62.723737169228635], [25.88050837576028, 62.72357050256197], [25.880758375760276, 62.72357050256197], [25.880758375760276, 62.723403835895304], [25.88084170909361, 62.723403835895304], [25.88084170909361, 62.72348716922863], [25.880925042426945, 62.72348716922863], [25.880925042426945, 62.72332050256197], [25.88109170909361, 62.72332050256197], [25.88109170909361, 62.72307050256197], [25.881175042426943, 62.72307050256197], [25.881175042426943, 62.7229038358953], [25.88121545123723, 62.7229038358953], [25.8812163, 62.7228947], [25.88134170909361, 62.72262554958646], [25.88134170909361, 62.7224038358953], [25.88159170909361, 62.7224038358953], [25.88159170909361, 62.72232050256197], [25.881675042426945, 62.72232050256197], [25.881675042426945, 62.72238613173036], [25.8817257, 62.722364099999986], [25.88174876009863, 62.7224038358953], [25.88184170909361, 62.7224038358953], [25.88184170909361, 62.722487169228636], [25.88209170909361, 62.722487169228636], [25.88209170909361, 62.7226538358953], [25.88234170909361, 62.7226538358953], [25.88234170909361, 62.722570502561965], [25.882508375760278, 62.722570502561965], [25.882508375760278, 62.722487169228636], [25.88275837576028, 62.722487169228636], [25.88275837576028, 62.72232050256197], [25.882925042426944, 62.72232050256197], [25.882925042426944, 62.7221538358953], [25.88309170909361, 62.7221538358953], [25.88309170909361, 62.72198716922863], [25.88334170909361, 62.72198716922863], [25.88334170909361, 62.72182050256197], [25.88350837576028, 62.72182050256197], [25.88350837576028, 62.7216538358953], [25.883758375760276, 62.7216538358953], [25.883758375760276, 62.72157050256197], [25.883925042426945, 62.72157050256197], [25.883925042426945, 62.72148716922864], [25.88409170909361, 62.72148716922864], [25.88409170909361, 62.721320502561966], [25.88434170909361, 62.721320502561966], [25.88434170909361, 62.7211538358953], [25.884508375760277, 62.7211538358953], [25.884508375760277, 62.720987169228636], [25.884786290656482, 62.720987169228636], [25.884925042426943, 62.72093811273817], [25.884925042426943, 62.7209038358953], [25.88502199132379, 62.7209038358953], [25.88509170909361, 62.720879186774795], [25.88509170909361, 62.72082050256197], [25.885257691991075, 62.72082050256197], [25.88534170909361, 62.72079079782973], [25.88534170909361, 62.720737169228634], [25.885493392658383, 62.720737169228634], [25.885508375760278, 62.720731871866356], [25.885508375760278, 62.72057050256197], [25.88575837576028, 62.72057050256197], [25.88575837576028, 62.72048716922863], [25.885925042426944, 62.72048716922863], [25.885925042426944, 62.720403835895304], [25.88634170909361, 62.720403835895304], [25.88634170909361, 62.72032050256197], [25.88650837576028, 62.72032050256197], [25.88650837576028, 62.7201538358953], [25.886578787329526, 62.7201538358953], [25.886588, 62.720118], [25.8862444, 62.71970439999998], [25.88634170909361, 62.719598433079746], [25.88634170909361, 62.71932050256197], [25.88659170909361, 62.71932050256197], [25.88659170909361, 62.7191538358953], [25.886758375760277, 62.7191538358953], [25.886758375760277, 62.71898716922863], [25.887175042426943, 62.71898716922863], [25.887175042426943, 62.718903835895304], [25.88725837576028, 62.718903835895304], [25.88725837576028, 62.71898716922863], [25.887675042426945, 62.71898716922863], [25.887675042426945, 62.71907050256197], [25.88784170909361, 62.71907050256197], [25.88784170909361, 62.7191538358953], [25.887925042426943, 62.7191538358953], [25.887925042426943, 62.71932050256197], [25.88800837576028, 62.71932050256197], [25.88800837576028, 62.7194038358953], [25.88884170909361, 62.7194038358953], [25.88884170909361, 62.719487169228636], [25.889008375760277, 62.719487169228636], [25.889008375760277, 62.719570502561965], [25.88909170909361, 62.719570502561965], [25.88909170909361, 62.719487169228636], [25.889425042426943, 62.719487169228636], [25.889425042426943, 62.719570502561965], [25.889675042426944, 62.719570502561965], [25.889675042426944, 62.719487169228636], [25.89009170909361, 62.719487169228636], [25.89009170909361, 62.7194038358953], [25.890258375760276, 62.7194038358953], [25.890258375760276, 62.71932050256197], [25.890508375760277, 62.71932050256197], [25.890508375760277, 62.7191538358953], [25.890425042426944, 62.7191538358953], [25.890425042426944, 62.71907050256197], [25.890258375760276, 62.71907050256197], [25.890258375760276, 62.71873716922863], [25.890508375760277, 62.71873716922863], [25.890508375760277, 62.7186538358953], [25.891008375760276, 62.7186538358953], [25.891008375760276, 62.71873716922863], [25.89109170909361, 62.71873716922863], [25.89109170909361, 62.7186538358953], [25.891425042426945, 62.7186538358953], [25.891425042426945, 62.71873716922863], [25.891508375760278, 62.71873716922863], [25.891508375760278, 62.7186538358953], [25.891675042426943, 62.7186538358953], [25.891675042426943, 62.71857050256197], [25.89184170909361, 62.71857050256197], [25.89184170909361, 62.71848716922864], [25.892258375760278, 62.71848716922864], [25.892258375760278, 62.7184038358953], [25.89259170909361, 62.7184038358953], [25.89259170909361, 62.71848716922864], [25.892758375760277, 62.71848716922864], [25.892758375760277, 62.71857050256197], [25.89284170909361, 62.71857050256197], [25.89284170909361, 62.71848716922864], [25.892925042426945, 62.71848716922864], [25.892925042426945, 62.71857050256197], [25.893008375760278, 62.71857050256197], [25.893008375760278, 62.71848716922864], [25.893175042426943, 62.71848716922864], [25.893175042426943, 62.71857050256197], [25.893258375760276, 62.71857050256197], [25.893258375760276, 62.71848716922864], [25.89359170909361, 62.71848716922864], [25.89359170909361, 62.7184038358953], [25.89384170909361, 62.7184038358953], [25.89384170909361, 62.718320502561966], [25.89410991274417, 62.718320502561966], [25.894258375760277, 62.7181823014523], [25.894258375760277, 62.7181538358953], [25.894175042426944, 62.7181538358953], [25.894175042426944, 62.71807050256197], [25.893925042426943, 62.71807050256197], [25.893925042426943, 62.717987169228635], [25.89334170909361, 62.717987169228635], [25.89334170909361, 62.7179038358953], [25.893258375760276, 62.7179038358953], [25.893258375760276, 62.71782050256197], [25.893175042426943, 62.71782050256197], [25.893175042426943, 62.717737169228634], [25.893008375760278, 62.717737169228634], [25.893008375760278, 62.7176538358953], [25.89284170909361, 62.7176538358953], [25.89284170909361, 62.71748716922863], [25.892925042426945, 62.71748716922863], [25.892925042426945, 62.717403835895304], [25.89309170909361, 62.717403835895304], [25.89309170909361, 62.71723716922863], [25.893425042426944, 62.71723716922863], [25.893425042426944, 62.71732050256197], [25.89359170909361, 62.71732050256197], [25.89359170909361, 62.717403835895304], [25.893758375760278, 62.717403835895304], [25.893758375760278, 62.71748716922863], [25.89384170909361, 62.71748716922863], [25.89384170909361, 62.7176538358953], [25.894091709093612, 62.7176538358953], [25.894091709093612, 62.71757050256197], [25.894925042426944, 62.71757050256197], [25.894925042426944, 62.7176538358953], [25.895008375760277, 62.7176538358953], [25.895008375760277, 62.71757050256197], [25.89534170909361, 62.71757050256197], [25.89534170909361, 62.7176538358953], [25.895925042426946, 62.7176538358953], [25.895925042426946, 62.717737169228634], [25.896008375760278, 62.717737169228634], [25.896008375760278, 62.7176538358953], [25.896175042426943, 62.7176538358953], [25.896175042426943, 62.71757050256197], [25.896425042426944, 62.71757050256197], [25.896425042426944, 62.717403835895304], [25.896758375760278, 62.717403835895304], [25.896758375760278, 62.71732050256197], [25.897175042426944, 62.71732050256197], [25.897175042426944, 62.71723716922863], [25.897508375760278, 62.71723716922863], [25.897508375760278, 62.71732050256197], [25.897925042426944, 62.71732050256197], [25.897925042426944, 62.717403835895304], [25.898008375760277, 62.717403835895304], [25.898008375760277, 62.71732050256197], [25.898508375760276, 62.71732050256197], [25.898508375760276, 62.717383768428775], [25.898758375760277, 62.71735853247259], [25.898758375760277, 62.71732050256197], [25.89913511906984, 62.71732050256197], [25.899175042426943, 62.717316472545605], [25.899175042426943, 62.7169038358953], [25.899258375760276, 62.7169038358953], [25.899258375760276, 62.716820502561966], [25.899175042426943, 62.716820502561966], [25.899175042426943, 62.7166538358953], [25.899341709093612, 62.7166538358953], [25.899341709093612, 62.71657050256197], [25.89959170909361, 62.71657050256197], [25.89959170909361, 62.716487169228635], [25.90050837576028, 62.716487169228635], [25.90050837576028, 62.7164038358953], [25.90059170909361, 62.7164038358953], [25.90059170909361, 62.71632050256197], [25.900758375760276, 62.71632050256197], [25.900758375760276, 62.716237169228634], [25.900925042426945, 62.716237169228634], [25.900925042426945, 62.7161538358953], [25.901175042426942, 62.7161538358953], [25.901175042426942, 62.715903835895304], [25.90134170909361, 62.715903835895304], [25.90134170909361, 62.71573716922863], [25.901758375760277, 62.71573716922863], [25.901758375760277, 62.7156538358953], [25.901925042426942, 62.7156538358953], [25.901925042426942, 62.71557050256197], [25.902341709093612, 62.71557050256197], [25.902341709093612, 62.715320502561966], [25.902508375760277, 62.715320502561966], [25.902508375760277, 62.7151538358953], [25.90259170909361, 62.7151538358953], [25.90259170909361, 62.71507050256197], [25.90284170909361, 62.71507050256197], [25.90284170909361, 62.7151538358953], [25.903091709093612, 62.7151538358953], [25.903091709093612, 62.71582050256197], [25.902925042426943, 62.71582050256197], [25.902925042426943, 62.715903835895304], [25.902812257698073, 62.715903835895304], [25.902949, 62.71595829999998], [25.903655566117333, 62.71632050256197], [25.904175042426942, 62.71632050256197], [25.904175042426942, 62.7164038358953], [25.90425837576028, 62.7164038358953], [25.90425837576028, 62.71632050256197], [25.904591709093612, 62.71632050256197], [25.904591709093612, 62.7164038358953], [25.904675042426945, 62.7164038358953], [25.904675042426945, 62.71632050256197], [25.90500837576028, 62.71632050256197], [25.90500837576028, 62.716487169228635], [25.90584170909361, 62.716487169228635], [25.90584170909361, 62.7164038358953], [25.905925042426944, 62.7164038358953], [25.905925042426944, 62.716487169228635], [25.90634170909361, 62.716487169228635], [25.90634170909361, 62.71657050256197], [25.906425042426942, 62.71657050256197], [25.906425042426942, 62.716487169228635], [25.90650837576028, 62.716487169228635], [25.90650837576028, 62.71657050256197], [25.906758375760276, 62.71657050256197], [25.906758375760276, 62.7166538358953], [25.90734170909361, 62.7166538358953], [25.90734170909361, 62.71673716922864], [25.907675042426945, 62.71673716922864], [25.907675042426945, 62.716820502561966], [25.90784170909361, 62.716820502561966], [25.90784170909361, 62.7169038358953], [25.90875837576028, 62.7169038358953], [25.90875837576028, 62.716820502561966], [25.90934170909361, 62.716820502561966], [25.90934170909361, 62.71673716922864], [25.90950837576028, 62.71673716922864], [25.90950837576028, 62.7166538358953], [25.909758375760276, 62.7166538358953], [25.909758375760276, 62.7164038358953], [25.909925042426945, 62.7164038358953], [25.909925042426945, 62.71607050256197], [25.909841709093612, 62.71607050256197], [25.909841709093612, 62.71598716922863], [25.909758375760276, 62.71598716922863], [25.909758375760276, 62.71573716922863], [25.909925042426945, 62.71573716922863], [25.909925042426945, 62.71557050256197], [25.909758375760276, 62.71557050256197], [25.909758375760276, 62.7154038358953], [25.909925042426945, 62.7154038358953], [25.909925042426945, 62.715320502561966], [25.909758375760276, 62.715320502561966], [25.909758375760276, 62.71523716922864], [25.910008375760277, 62.71523716922864], [25.910008375760277, 62.7151538358953], [25.909925042426945, 62.7151538358953], [25.909925042426945, 62.71507050256197], [25.909758375760276, 62.71507050256197], [25.909758375760276, 62.714987169228635], [25.909675042426944, 62.714987169228635], [25.909675042426944, 62.7149038358953], [25.90950837576028, 62.7149038358953], [25.90950837576028, 62.714737169228634], [25.909425042426943, 62.714737169228634], [25.909425042426943, 62.7146538358953], [25.90934170909361, 62.7146538358953], [25.90934170909361, 62.71457050256197], [25.909258375760277, 62.71457050256197], [25.909258375760277, 62.7141538358953], [25.909425042426943, 62.7141538358953], [25.909425042426943, 62.71398716922864], [25.909675042426944, 62.71398716922864], [25.909675042426944, 62.713820502561965], [25.909841709093612, 62.713820502561965], [25.909841709093612, 62.71357050256197], [25.91025837576028, 62.71357050256197], [25.91025837576028, 62.713487169228635], [25.910758375760278, 62.713487169228635], [25.910758375760278, 62.71357050256197], [25.91084170909361, 62.71357050256197], [25.91084170909361, 62.713644433596414], [25.910902855587707, 62.7136538358953], [25.910925042426943, 62.7136538358953], [25.910925042426943, 62.713657247493906], [25.91175837576028, 62.7137853864688], [25.91175837576028, 62.71373716922864], [25.912008375760276, 62.71373716922864], [25.912008375760276, 62.7136538358953], [25.912425042426943, 62.7136538358953], [25.912425042426943, 62.71357050256197], [25.912675042426944, 62.71357050256197], [25.912675042426944, 62.7136538358953], [25.912925042426945, 62.7136538358953], [25.912925042426945, 62.71373716922864], [25.913008375760278, 62.71373716922864], [25.913008375760278, 62.713820502561965], [25.91309170909361, 62.713820502561965], [25.91309170909361, 62.7139038358953], [25.913175042426943, 62.7139038358953], [25.913175042426943, 62.71398716922864], [25.91325837576028, 62.71398716922864], [25.91325837576028, 62.714016036623605], [25.9132822, 62.714019699999994], [25.9141712, 62.714475199999995], [25.91509170909361, 62.71435378330248], [25.91509170909361, 62.71423716922863], [25.915258375760278, 62.71423716922863], [25.915258375760278, 62.7141538358953], [25.91534170909361, 62.7141538358953], [25.91534170909361, 62.71407050256197], [25.91550837576028, 62.71407050256197], [25.91550837576028, 62.71398716922864], [25.915675042426944, 62.71398716922864], [25.915675042426944, 62.713820502561965], [25.915925042426945, 62.713820502561965], [25.915925042426945, 62.71373716922864], [25.91609170909361, 62.71373716922864], [25.91609170909361, 62.7136538358953], [25.91625837576028, 62.7136538358953], [25.91625837576028, 62.71357050256197], [25.91634170909361, 62.71357050256197], [25.91634170909361, 62.713487169228635], [25.916675042426945, 62.713487169228635], [25.916675042426945, 62.71332050256197], [25.916925042426943, 62.71332050256197], [25.916925042426943, 62.713237169228634], [25.91709170909361, 62.713237169228634], [25.91709170909361, 62.71307050256197], [25.917258375760277, 62.71307050256197], [25.917258375760277, 62.71298716922863], [25.91734170909361, 62.71298716922863], [25.91734170909361, 62.71282050256197], [25.917508375760278, 62.71282050256197], [25.917508375760278, 62.7126538358953], [25.917675042426943, 62.7126538358953], [25.917675042426943, 62.71248716922864], [25.917925042426944, 62.71248716922864], [25.917925042426944, 62.712320502561965], [25.91809170909361, 62.712320502561965], [25.91809170909361, 62.712237169228636], [25.91834170909361, 62.712237169228636], [25.91834170909361, 62.7121538358953], [25.91850837576028, 62.7121538358953], [25.91850837576028, 62.71207050256197], [25.91859170909361, 62.71207050256197], [25.91859170909361, 62.7121538358953], [25.918675042426944, 62.7121538358953], [25.918675042426944, 62.71207050256197], [25.918925042426945, 62.71207050256197], [25.918925042426945, 62.711987169228635], [25.91909170909361, 62.711987169228635], [25.91909170909361, 62.7119038358953], [25.91925837576028, 62.7119038358953], [25.91925837576028, 62.71182050256197], [25.919675042426945, 62.71182050256197], [25.919675042426945, 62.711737169228634], [25.919925042426943, 62.711737169228634], [25.919925042426943, 62.7116538358953], [25.920258375760277, 62.7116538358953], [25.920258375760277, 62.71157050256197], [25.920508375760278, 62.71157050256197], [25.920508375760278, 62.71148716922863], [25.921925042426945, 62.71148716922863], [25.921925042426945, 62.71157050256197], [25.922175042426943, 62.71157050256197], [25.922175042426943, 62.711622326236515], [25.923835422541988, 62.7119038358953], [25.924008375760277, 62.7119038358953], [25.924008375760277, 62.71182050256197], [25.92459170909361, 62.71182050256197], [25.92459170909361, 62.711737169228634], [25.924758375760277, 62.711737169228634], [25.924758375760277, 62.7116538358953], [25.924925042426946, 62.7116538358953], [25.924925042426946, 62.711737169228634], [25.925008375760278, 62.711737169228634], [25.925008375760278, 62.7116538358953], [25.92559170909361, 62.7116538358953], [25.92559170909361, 62.71157050256197], [25.926175042426944, 62.71157050256197], [25.926175042426944, 62.71148716922863], [25.927425042426943, 62.71148716922863], [25.927425042426943, 62.71157050256197], [25.92759384036008, 62.71157050256197], [25.92809170909361, 62.711530878428995], [25.92809170909361, 62.71148716922863], [25.928508375760277, 62.71148716922863], [25.928508375760277, 62.71132050256197], [25.928675042426946, 62.71132050256197], [25.928675042426946, 62.71123716922863], [25.928925042426943, 62.71123716922863], [25.928925042426943, 62.71107050256197], [25.929091709093612, 62.71107050256197], [25.929091709093612, 62.71098716922864], [25.929258375760277, 62.71098716922864], [25.929258375760277, 62.7109038358953], [25.92950837576028, 62.7109038358953], [25.92950837576028, 62.710487169228635], [25.929425042426946, 62.710487169228635], [25.929425042426946, 62.7104038358953], [25.929258375760277, 62.7104038358953], [25.929258375760277, 62.71032050256197], [25.929091709093612, 62.71032050256197], [25.929091709093612, 62.710237169228634], [25.92934170909361, 62.710237169228634], [25.92934170909361, 62.71007050256197], [25.92950837576028, 62.71007050256197], [25.92950837576028, 62.70998716922863], [25.929758375760276, 62.70998716922863], [25.929758375760276, 62.709903835895304], [25.929925042426945, 62.709903835895304], [25.929925042426945, 62.70982050256197], [25.93009170909361, 62.70982050256197], [25.93009170909361, 62.70973716922863], [25.93034170909361, 62.70973716922863], [25.93034170909361, 62.7096538358953], [25.930508375760276, 62.7096538358953], [25.930508375760276, 62.70957050256197], [25.930758375760277, 62.70957050256197], [25.930758375760277, 62.70948716922864], [25.930675042426945, 62.70948716922864], [25.930675042426945, 62.7094038358953], [25.930508375760276, 62.7094038358953], [25.930508375760276, 62.709320502561965], [25.930425042426943, 62.709320502561965], [25.930425042426943, 62.709237169228636], [25.93025837576028, 62.709237169228636], [25.93025837576028, 62.7091538358953], [25.93009170909361, 62.7091538358953], [25.93009170909361, 62.70907050256197], [25.929758375760276, 62.70907050256197], [25.929758375760276, 62.70882050256197], [25.929925042426945, 62.70882050256197], [25.929925042426945, 62.708737169228634], [25.930008375760277, 62.708737169228634], [25.930008375760277, 62.70848716922863], [25.929925042426945, 62.70848716922863], [25.929925042426945, 62.708403835895304], [25.929675042426943, 62.708403835895304], [25.929675042426943, 62.70832050256197], [25.92959170909361, 62.70832050256197], [25.92959170909361, 62.70825660069569], [25.928425042426944, 62.70811968108994], [25.928425042426944, 62.7081538358953], [25.928008375760278, 62.7081538358953], [25.928008375760278, 62.70823716922863], [25.927758375760277, 62.70823716922863], [25.927758375760277, 62.7081538358953], [25.927591709093612, 62.7081538358953], [25.927591709093612, 62.70807050256197], [25.927425042426943, 62.70807050256197], [25.927425042426943, 62.70790570472082], [25.927417656560607, 62.7079038358953], [25.92734170909361, 62.7079038358953], [25.92734170909361, 62.707884619115845], [25.92675896600339, 62.707737169228636], [25.926758375760276, 62.707737169228636], [25.926758375760276, 62.70773701988104], [25.926429620724768, 62.7076538358953], [25.926008375760276, 62.7076538358953], [25.926008375760276, 62.70763507512238], [25.9240125, 62.707583799999995], [25.921758375760277, 62.707607378955835], [25.921758375760277, 62.7076538358953], [25.921425042426943, 62.7076538358953], [25.921425042426943, 62.707737169228636], [25.920175042426944, 62.707737169228636], [25.920175042426944, 62.7076538358953], [25.919925042426943, 62.7076538358953], [25.919925042426943, 62.70757382663554], [25.919903440614135, 62.70757050256197], [25.919758375760278, 62.70757050256197], [25.919758375760278, 62.70754818007217], [25.919361890906522, 62.707487169228635], [25.91925837576028, 62.707487169228635], [25.91925837576028, 62.70757050256197], [25.91884170909361, 62.70757050256197], [25.91884170909361, 62.7076538358953], [25.918675042426944, 62.7076538358953], [25.918675042426944, 62.707737169228636], [25.918425042426943, 62.707737169228636], [25.918425042426943, 62.707820502561965], [25.91809170909361, 62.707820502561965], [25.91809170909361, 62.7079038358953], [25.91759170909361, 62.7079038358953], [25.91759170909361, 62.707820502561965], [25.917258375760277, 62.707820502561965], [25.917258375760277, 62.70757050256197], [25.91734170909361, 62.70757050256197], [25.91734170909361, 62.7074038358953], [25.917508375760278, 62.7074038358953], [25.917508375760278, 62.707237169228634], [25.917675042426943, 62.707237169228634], [25.917675042426943, 62.706903835895304], [25.917508375760278, 62.706903835895304], [25.917508375760278, 62.70673716922863], [25.917425042426945, 62.70673716922863], [25.917425042426945, 62.7066538358953], [25.917258375760277, 62.7066538358953], [25.917258375760277, 62.706570502561966], [25.91709170909361, 62.706570502561966], [25.91709170909361, 62.70648716922864], [25.915925042426945, 62.70648716922864], [25.915925042426945, 62.7064038358953], [25.915675042426944, 62.7064038358953], [25.915675042426944, 62.706320502561965], [25.91559170909361, 62.706320502561965], [25.91559170909361, 62.706237169228636], [25.91550837576028, 62.706237169228636], [25.91550837576028, 62.70607050256197], [25.915425042426943, 62.70607050256197], [25.915425042426943, 62.7059038358953], [25.91534170909361, 62.7059038358953], [25.91534170909361, 62.70582050256197], [25.915175042426945, 62.70582050256197], [25.915175042426945, 62.705737169228634], [25.915258375760278, 62.705737169228634], [25.915258375760278, 62.70523716922863], [25.915425042426943, 62.70523716922863], [25.915425042426943, 62.7051538358953], [25.91559170909361, 62.7051538358953], [25.91559170909361, 62.705070502561966], [25.91584170909361, 62.705070502561966], [25.91584170909361, 62.70498716922864], [25.916008375760278, 62.70498716922864], [25.916008375760278, 62.704737169228636], [25.91625837576028, 62.704737169228636], [25.91625837576028, 62.70457050256197], [25.916425042426944, 62.70457050256197], [25.916425042426944, 62.7044038358953], [25.916675042426945, 62.7044038358953], [25.916675042426945, 62.704237169228634], [25.91684170909361, 62.704237169228634], [25.91684170909361, 62.70407050256197], [25.91700837576028, 62.70407050256197], [25.91700837576028, 62.70382050256197], [25.917258375760277, 62.70382050256197], [25.917258375760277, 62.703570502561966], [25.91734170909361, 62.703570502561966], [25.91734170909361, 62.7036538358953], [25.917425042426945, 62.7036538358953], [25.917425042426945, 62.7034038358953], [25.917675042426943, 62.7034038358953], [25.917675042426943, 62.7031538358953], [25.91784170909361, 62.7031538358953], [25.91784170909361, 62.70307050256197], [25.91809170909361, 62.70307050256197], [25.91809170909361, 62.7029038358953], [25.918258375760278, 62.7029038358953], [25.918258375760278, 62.70282050256197], [25.918425042426943, 62.70282050256197], [25.918425042426943, 62.702653835895305], [25.918675042426944, 62.702653835895305], [25.918675042426944, 62.70257050256197], [25.91884170909361, 62.70257050256197], [25.91884170909361, 62.70248716922863], [25.91925837576028, 62.70248716922863], [25.91925837576028, 62.7024038358953], [25.919675042426945, 62.7024038358953], [25.919675042426945, 62.70232050256197], [25.91984170909361, 62.70232050256197], [25.91984170909361, 62.7021538358953], [25.919925042426943, 62.7021538358953], [25.919925042426943, 62.70223716922863], [25.92000837576028, 62.70223716922863], [25.92000837576028, 62.702070502561966], [25.920258375760277, 62.702070502561966], [25.920258375760277, 62.70198716922864], [25.920425042426945, 62.70198716922864], [25.920425042426945, 62.7019038358953], [25.92084170909361, 62.7019038358953], [25.92084170909361, 62.701820502561965], [25.921258375760278, 62.701820502561965], [25.921258375760278, 62.701737169228636], [25.922675042426945, 62.701737169228636], [25.922675042426945, 62.701820502561965], [25.922925042426943, 62.701820502561965], [25.922925042426943, 62.7019038358953], [25.923008375760276, 62.7019038358953], [25.923008375760276, 62.70194303223537], [25.923925042426944, 62.70193247739298], [25.923925042426944, 62.7019038358953], [25.92434170909361, 62.7019038358953], [25.92434170909361, 62.701820502561965], [25.924758375760277, 62.701820502561965], [25.924758375760277, 62.7016538358953], [25.924925042426946, 62.7016538358953], [25.924925042426946, 62.701737169228636], [25.926841709093612, 62.701737169228636], [25.926841709093612, 62.701820502561965], [25.928675042426946, 62.701820502561965], [25.928675042426946, 62.701737169228636], [25.92934170909361, 62.701737169228636], [25.92934170909361, 62.701820502561965], [25.93234170909361, 62.701820502561965], [25.93234170909361, 62.701737169228636], [25.93259170909361, 62.701737169228636], [25.93259170909361, 62.7016538358953], [25.932758375760276, 62.7016538358953], [25.932758375760276, 62.70157050256197], [25.932925042426945, 62.70157050256197], [25.932925042426945, 62.701487169228635], [25.933175042426942, 62.701487169228635], [25.933175042426942, 62.70132050256197], [25.93334170909361, 62.70132050256197], [25.93334170909361, 62.701153835895305], [25.933591709093612, 62.701153835895305], [25.933591709093612, 62.70107050256197], [25.933758375760277, 62.70107050256197], [25.933758375760277, 62.70098716922863], [25.933008375760277, 62.70098716922863], [25.933008375760277, 62.701153835895305], [25.931925042426943, 62.701153835895305], [25.931925042426943, 62.70107050256197], [25.93184170909361, 62.70107050256197], [25.93184170909361, 62.70103737308071], [25.931636070143178, 62.70098716922863], [25.927925042426946, 62.70098716922863], [25.927925042426946, 62.70107050256197], [25.927675042426944, 62.70107050256197], [25.927675042426944, 62.701153835895305], [25.92753312475748, 62.701153835895305], [25.926758375760276, 62.70117749896502], [25.926758375760276, 62.701237169228634], [25.92509170909361, 62.701237169228634], [25.92509170909361, 62.70121288534954], [25.923769111949976, 62.701153835895305], [25.923675042426943, 62.701153835895305], [25.923675042426943, 62.70114963601175], [25.9233853, 62.701136700000006], [25.923144667001097, 62.70098716922863], [25.919474301435088, 62.70098716922863], [25.9193804, 62.70103189999999], [25.919236177575897, 62.70098716922863], [25.916175042426943, 62.70098716922863], [25.916175042426943, 62.70107050256197], [25.916008375760278, 62.70107050256197], [25.916008375760278, 62.701237169228634], [25.915758375760277, 62.701237169228634], [25.915758375760277, 62.70157050256197], [25.91559170909361, 62.70157050256197], [25.91559170909361, 62.7016538358953], [25.91534170909361, 62.7016538358953], [25.91534170909361, 62.701820502561965], [25.915175042426945, 62.701820502561965], [25.915175042426945, 62.70198716922864], [25.91494206759016, 62.70198716922864], [25.914925042426944, 62.70200655323423], [25.914925042426944, 62.70223716922863], [25.91475837576028, 62.70223716922863], [25.91475837576028, 62.70257050256197], [25.91459170909361, 62.70257050256197], [25.91459170909361, 62.702653835895305], [25.914508375760278, 62.702653835895305], [25.914508375760278, 62.70282050256197], [25.91434170909361, 62.70282050256197], [25.91434170909361, 62.7029038358953], [25.914175042426944, 62.7029038358953], [25.914175042426944, 62.702987169228635], [25.913925042426943, 62.702987169228635], [25.913925042426943, 62.703237169228636], [25.913758375760278, 62.703237169228636], [25.913758375760278, 62.703320502561965], [25.913508375760276, 62.703320502561965], [25.913508375760276, 62.7034038358953], [25.91334170909361, 62.7034038358953], [25.91334170909361, 62.70348716922864], [25.91320421531527, 62.70348716922864], [25.913175042426943, 62.70350841380327], [25.913175042426943, 62.703570502561966], [25.91308978261568, 62.703570502561966], [25.912758375760276, 62.7038118430009], [25.912758375760276, 62.70398716922863], [25.91284170909361, 62.70398716922863], [25.91284170909361, 62.70407050256197], [25.912925042426945, 62.70407050256197], [25.912925042426945, 62.704153835895305], [25.912758375760276, 62.704153835895305], [25.912758375760276, 62.70432050256197], [25.91250837576028, 62.70432050256197], [25.91250837576028, 62.704487169228635], [25.91234170909361, 62.704487169228635], [25.91234170909361, 62.7046538358953], [25.91209170909361, 62.7046538358953], [25.91209170909361, 62.704737169228636], [25.911925042426944, 62.704737169228636], [25.911925042426944, 62.704820502561965], [25.911425042426945, 62.704820502561965], [25.911425042426945, 62.704785629282696], [25.910925042426943, 62.704803537592156], [25.910925042426943, 62.704820502561965], [25.910809585001978, 62.704820502561965], [25.910758375760278, 62.704837297377175], [25.910758375760278, 62.7049038358953], [25.910591709093612, 62.7049038358953], [25.910591709093612, 62.70498716922864], [25.91034170909361, 62.70498716922864], [25.91034170909361, 62.705070502561966], [25.910175042426943, 62.705070502561966], [25.910175042426943, 62.7051538358953], [25.909793214948603, 62.7051538358953], [25.909758375760276, 62.70516526191355], [25.909758375760276, 62.70523716922863], [25.90959170909361, 62.70523716922863], [25.90959170909361, 62.70532050256197], [25.909292870060394, 62.70532050256197], [25.9090032, 62.70541910000002], [25.909053660701165, 62.70523716922863], [25.909008375760276, 62.70523716922863], [25.909008375760276, 62.705070502561966], [25.909099887718156, 62.705070502561966], [25.9091626, 62.704844400000006], [25.909144469256564, 62.704820502561965], [25.909091709093612, 62.704820502561965], [25.909091709093612, 62.70475096141326], [25.909081245103273, 62.704737169228636], [25.908925042426944, 62.704737169228636], [25.908925042426944, 62.7046538358953], [25.90859170909361, 62.7046538358953], [25.90859170909361, 62.704737169228636], [25.90776099324308, 62.704737169228636], [25.907425042426944, 62.70479207459901], [25.907425042426944, 62.704820502561965], [25.907251099563247, 62.704820502561965], [25.907008375760277, 62.70486017158392], [25.907008375760277, 62.7049038358953], [25.90659170909361, 62.7049038358953], [25.90659170909361, 62.704820502561965], [25.906425042426942, 62.704820502561965], [25.906425042426942, 62.704487169228635], [25.90650837576028, 62.704487169228635], [25.90650837576028, 62.70432050256197], [25.906675042426944, 62.70432050256197], [25.906675042426944, 62.704237169228634], [25.906787048880517, 62.704237169228634], [25.906841709093612, 62.70421823929911], [25.906841709093612, 62.704153835895305], [25.907027674063606, 62.704153835895305], [25.90709170909361, 62.70413165927841], [25.90709170909361, 62.70398716922863], [25.907425042426944, 62.70398716922863], [25.907425042426944, 62.703903835895304], [25.907675042426945, 62.703903835895304], [25.907675042426945, 62.70382050256197], [25.90799017479603, 62.70382050256197], [25.90809170909361, 62.703785339195626], [25.90809170909361, 62.70373716922863], [25.90823079997914, 62.70373716922863], [25.908258375760276, 62.70372761918183], [25.908258375760276, 62.7036538358953], [25.908425042426945, 62.7036538358953], [25.908425042426945, 62.70348716922864], [25.90864675455643, 62.70348716922864], [25.908675042426943, 62.70346557588024], [25.908675042426943, 62.70307050256197], [25.90884170909361, 62.70307050256197], [25.90884170909361, 62.7029038358953], [25.909091709093612, 62.7029038358953], [25.909091709093612, 62.702737169228634], [25.909258375760277, 62.702737169228634], [25.909258375760277, 62.702653835895305], [25.90950837576028, 62.702653835895305], [25.90950837576028, 62.70257050256197], [25.909675042426944, 62.70257050256197], [25.909675042426944, 62.70248716922863], [25.909956781607, 62.70248716922863], [25.910675042426945, 62.701938889847966], [25.910675042426945, 62.70157050256197], [25.91109170909361, 62.70157050256197], [25.91109170909361, 62.7014038358953], [25.911258375760276, 62.7014038358953], [25.911258375760276, 62.70132050256197], [25.911508375760278, 62.70132050256197], [25.911508375760278, 62.701237169228634], [25.911675042426943, 62.701237169228634], [25.911675042426943, 62.701153835895305], [25.911838340512336, 62.701153835895305], [25.91184170909361, 62.70115185391056], [25.91184170909361, 62.70098716922863], [25.908508375760277, 62.70098716922863], [25.908508375760277, 62.70107050256197], [25.908675042426943, 62.70107050256197], [25.908675042426943, 62.701153835895305], [25.90875837576028, 62.701153835895305], [25.90875837576028, 62.701237169228634], [25.908508375760277, 62.701237169228634], [25.908508375760277, 62.70132050256197], [25.908341709093612, 62.70132050256197], [25.908341709093612, 62.7014038358953], [25.907925042426942, 62.7014038358953], [25.907925042426942, 62.701487169228635], [25.907591709093612, 62.701487169228635], [25.907591709093612, 62.70157050256197], [25.90725837576028, 62.70157050256197], [25.90725837576028, 62.701487169228635], [25.907008375760277, 62.701487169228635], [25.907008375760277, 62.70107050256197], [25.907175042426942, 62.70107050256197], [25.907175042426942, 62.70098716922863], [25.906425042426942, 62.70098716922863], [25.906425042426942, 62.70107050256197], [25.906175042426945, 62.70107050256197], [25.906175042426945, 62.701153835895305], [25.906008375760276, 62.701153835895305], [25.906008375760276, 62.70132050256197], [25.905917502184035, 62.70132050256197], [25.905921405333018, 62.7014038358953], [25.905925042426944, 62.7014038358953], [25.905925042426944, 62.70148148887807], [25.905925308481997, 62.701487169228635], [25.906008375760276, 62.701487169228635], [25.906008375760276, 62.70170789480616], [25.9061160297962, 62.701820502561965], [25.90709170909361, 62.701820502561965], [25.90709170909361, 62.7019038358953], [25.90725837576028, 62.7019038358953], [25.90725837576028, 62.70198716922864], [25.90734170909361, 62.70198716922864], [25.90734170909361, 62.7021538358953], [25.907175042426942, 62.7021538358953], [25.907175042426942, 62.70232050256197], [25.907094878014732, 62.70232050256197], [25.9071148, 62.70238780000001], [25.90709170909361, 62.70239617187543], [25.90709170909361, 62.70257050256197], [25.90661087853153, 62.70257050256197], [25.9066073, 62.7025718], [25.90634170909361, 62.702615054316496], [25.90634170909361, 62.702653835895305], [25.90610358176896, 62.702653835895305], [25.9054775, 62.702755800000006], [25.90546269825913, 62.70257050256197], [25.905341709093612, 62.70257050256197], [25.905341709093612, 62.70248716922863], [25.905258375760276, 62.70248716922863], [25.905258375760276, 62.7024038358953], [25.9048779094846, 62.7024038358953], [25.904758375760277, 62.70244507303311], [25.904758375760277, 62.70248716922863], [25.904636351893, 62.70248716922863], [25.904591709093612, 62.70250257024856], [25.904591709093612, 62.702653835895305], [25.904175042426942, 62.702653835895305], [25.904175042426942, 62.702737169228634], [25.904008375760277, 62.702737169228634], [25.904008375760277, 62.70282050256197], [25.903758375760276, 62.70282050256197], [25.903758375760276, 62.7029038358953], [25.903425042426942, 62.7029038358953], [25.903425042426942, 62.702987169228635], [25.90275837576028, 62.702987169228635], [25.90275837576028, 62.7029038358953], [25.90259170909361, 62.7029038358953], [25.90259170909361, 62.7027391892932], [25.9025564, 62.702695299999995], [25.90259170909361, 62.70267975476559], [25.90259170909361, 62.70248716922863], [25.90284170909361, 62.70248716922863], [25.90284170909361, 62.70223716922863], [25.903008375760276, 62.70223716922863], [25.903008375760276, 62.7021538358953], [25.903258375760277, 62.7021538358953], [25.903258375760277, 62.70198716922864], [25.903425042426942, 62.70198716922864], [25.903425042426942, 62.7019038358953], [25.90359170909361, 62.7019038358953], [25.90359170909361, 62.701820502561965], [25.903675042426944, 62.701820502561965], [25.903675042426944, 62.701737169228636], [25.903841709093612, 62.701737169228636], [25.903841709093612, 62.7016538358953], [25.904008375760277, 62.7016538358953], [25.904008375760277, 62.7014038358953], [25.90409170909361, 62.7014038358953], [25.90409170909361, 62.701487169228635], [25.90425837576028, 62.701487169228635], [25.90425837576028, 62.70132050256197], [25.904425042426944, 62.70132050256197], [25.904425042426944, 62.701153835895305], [25.904675042426945, 62.701153835895305], [25.904675042426945, 62.70107050256197], [25.90484170909361, 62.70107050256197], [25.90484170909361, 62.70098716922863], [25.873141734509485, 62.70098716922863], [25.8738616, 62.702491800000004], [25.8730255, 62.70417899999999], [25.8710884, 62.70579149999999], [25.870559, 62.70676170000001], [25.87107081152989, 62.70698716922863], [25.871091709093612, 62.70698716922863], [25.871091709093612, 62.706996375268936], [25.8719732, 62.707384700000006], [25.8708362, 62.7085252], [25.870508375760277, 62.708469454421625], [25.870508375760277, 62.70848716922863], [25.870341709093612, 62.70848716922863], [25.870341709093612, 62.70857050256197], [25.86925837576028, 62.70857050256197], [25.86925837576028, 62.708403835895304], [25.86909170909361, 62.708403835895304], [25.86909170909361, 62.70832050256197], [25.868675042426943, 62.70832050256197], [25.868675042426943, 62.70823716922863], [25.86850837576028, 62.70823716922863], [25.86850837576028, 62.7081538358953], [25.86834170909361, 62.7081538358953], [25.86834170909361, 62.70810101892528], [25.868162250849682, 62.70807050256197], [25.867508375760277, 62.70807050256197], [25.867508375760277, 62.70798716922864], [25.866758375760277, 62.70798716922864], [25.866758375760277, 62.7079038358953], [25.866591709093612, 62.7079038358953], [25.866591709093612, 62.707820502561965], [25.866425042426943, 62.707820502561965], [25.866425042426943, 62.7077966422623], [25.8646222, 62.707586500000005], [25.8635495, 62.71077279999999], [25.8625204, 62.7120473], [25.861999, 62.713397799999996], [25.8603536, 62.71362190000001], [25.8585363, 62.7144913], [25.85759170909361, 62.714566070233296], [25.85759170909361, 62.71457050256197], [25.857535714385932, 62.71457050256197], [25.8560665, 62.7146868], [25.854602300000003, 62.7151323], [25.8535979, 62.71533959999999], [25.8522043, 62.71566379999999], [25.8491311, 62.7171327], [25.8404962, 62.716904799999995], [25.840332109130138, 62.716820502561966], [25.839675042426943, 62.716820502561966], [25.839675042426943, 62.71673716922864], [25.83950837576028, 62.71673716922864], [25.83950837576028, 62.71657050256197], [25.839425042426942, 62.71657050256197], [25.839425042426942, 62.716487169228635], [25.839258375760277, 62.716487169228635], [25.839258375760277, 62.71642961533541], [25.83896733944963, 62.7164038358953], [25.83875837576028, 62.7164038358953], [25.83875837576028, 62.71638532629111], [25.8383923, 62.71635289999999], [25.83747880651279, 62.71607050256197], [25.83734170909361, 62.71607050256197], [25.83734170909361, 62.71602812025659], [25.83720924154151, 62.71598716922863], [25.83709170909361, 62.71598716922863], [25.83709170909361, 62.71595083523979], [25.836939676570253, 62.715903835895304], [25.836925042426945, 62.715903835895304], [25.836925042426945, 62.71589931189526], [25.83640054662769, 62.71573716922863], [25.83634170909361, 62.71573716922863], [25.83634170909361, 62.71571898018939], [25.836130981656435, 62.7156538358953], [25.83559170909361, 62.7156538358953], [25.83559170909361, 62.71557050256197], [25.835258375760276, 62.71557050256197], [25.835258375760276, 62.71548716922864], [25.835008375760278, 62.71548716922864], [25.835008375760278, 62.7154038358953], [25.83484170909361, 62.7154038358953], [25.83484170909361, 62.715320502561966], [25.834591709093612, 62.715320502561966], [25.834591709093612, 62.71523716922864], [25.834425042426943, 62.71523716922864], [25.834425042426943, 62.71515813803819], [25.834385289354266, 62.7151538358953], [25.834258375760278, 62.7151538358953], [25.834258375760278, 62.71514010109747], [25.8325831, 62.714958799999984], [25.8321639, 62.7145522], [25.83222509028875, 62.71448716922863], [25.831925042426946, 62.71448716922863], [25.831925042426946, 62.714403835895304], [25.831758375760277, 62.714403835895304], [25.831758375760277, 62.71432050256197], [25.831925042426946, 62.71432050256197], [25.831925042426946, 62.71423716922863], [25.83184170909361, 62.71423716922863], [25.83184170909361, 62.7141538358953], [25.832008375760278, 62.7141538358953], [25.832008375760278, 62.713820502561965], [25.832175042426943, 62.713820502561965], [25.832175042426943, 62.71373716922864], [25.832425042426944, 62.71373716922864], [25.832425042426944, 62.7136538358953], [25.83259170909361, 62.7136538358953], [25.83259170909361, 62.713487169228635], [25.83284170909361, 62.713487169228635], [25.83284170909361, 62.7134038358953], [25.833008375760276, 62.7134038358953], [25.833008375760276, 62.71332050256197], [25.833175042426944, 62.71332050256197], [25.833175042426944, 62.713237169228634], [25.833299942665548, 62.713237169228634], [25.8331555, 62.71284789999999], [25.833096443588605, 62.71273716922863], [25.833008375760276, 62.71273716922863], [25.833008375760276, 62.71257204205052], [25.8329211, 62.7124084], [25.833091709093612, 62.71235153030213], [25.833091709093612, 62.712237169228636], [25.833258375760277, 62.712237169228636], [25.833258375760277, 62.7121538358953], [25.833425042426946, 62.7121538358953], [25.833425042426946, 62.71207050256197], [25.833675042426943, 62.71207050256197], [25.833675042426943, 62.711987169228635], [25.833841709093612, 62.711987169228635], [25.833841709093612, 62.7119038358953], [25.834008375760277, 62.7119038358953], [25.834008375760277, 62.71182050256197], [25.834258375760278, 62.71182050256197], [25.834258375760278, 62.711737169228634], [25.834425042426943, 62.711737169228634], [25.834425042426943, 62.71157050256197], [25.83461098074263, 62.71157050256197], [25.8346959, 62.7113156], [25.83484170909361, 62.71117185169293], [25.83484170909361, 62.7111538358953], [25.834859983167068, 62.7111538358953], [25.83509170909361, 62.71092538505715], [25.83509170909361, 62.710737169228636], [25.835258375760276, 62.710737169228636], [25.835258375760276, 62.7104038358953], [25.835508375760277, 62.7104038358953], [25.835508375760277, 62.710237169228634], [25.835675042426946, 62.710237169228634], [25.835675042426946, 62.70998716922863], [25.83584170909361, 62.70998716922863], [25.83584170909361, 62.709903835895304], [25.83591184326629, 62.709903835895304], [25.8357817, 62.7094887], [25.834478200000003, 62.70813169999999], [25.834591709093612, 62.707985471836054], [25.834591709093612, 62.7079038358953], [25.834508375760276, 62.7079038358953], [25.834508375760276, 62.707820502561965], [25.83434170909361, 62.707820502561965], [25.83434170909361, 62.707737169228636], [25.834175042426946, 62.707737169228636], [25.834175042426946, 62.7076538358953], [25.834425042426943, 62.7076538358953], [25.834425042426943, 62.707517054029246], [25.8342754, 62.70728729999998], [25.834425042426943, 62.706894447518714], [25.834425042426943, 62.70682050256197], [25.83445320898644, 62.70682050256197], [25.8345484, 62.706570600000006], [25.835008375760278, 62.70638792806217], [25.835008375760278, 62.706237169228636], [25.835258375760276, 62.706237169228636], [25.835258375760276, 62.7061538358953], [25.835425042426944, 62.7061538358953], [25.835425042426944, 62.7059038358953], [25.83559170909361, 62.7059038358953], [25.83559170909361, 62.705987169228635], [25.835675042426946, 62.705987169228635], [25.835675042426946, 62.7059038358953], [25.83584170909361, 62.7059038358953], [25.83584170909361, 62.705737169228634], [25.836091709093612, 62.705737169228634], [25.836091709093612, 62.705653835895305], [25.836258375760277, 62.705653835895305], [25.836258375760277, 62.70548716922863], [25.83634170909361, 62.70548716922863], [25.83634170909361, 62.70557050256197], [25.836425042426946, 62.70557050256197], [25.836425042426946, 62.70548716922863], [25.836675042426943, 62.70548716922863], [25.836675042426943, 62.705403835895304], [25.836841709093612, 62.705403835895304], [25.836841709093612, 62.70532050256197], [25.837008375760277, 62.70532050256197], [25.837008375760277, 62.7051538358953], [25.83725837576028, 62.7051538358953], [25.83725837576028, 62.705070502561966], [25.837425042426943, 62.705070502561966], [25.837425042426943, 62.704820502561965], [25.837675042426945, 62.704820502561965], [25.837675042426945, 62.704737169228636], [25.83784170909361, 62.704737169228636], [25.83784170909361, 62.7046538358953], [25.83800837576028, 62.7046538358953], [25.83800837576028, 62.70457050256197], [25.83809170909361, 62.70457050256197], [25.83809170909361, 62.704237169228634], [25.838258375760276, 62.704237169228634], [25.838258375760276, 62.704153835895305], [25.838425042426945, 62.704153835895305], [25.838425042426945, 62.70398716922863], [25.838675042426942, 62.70398716922863], [25.838675042426942, 62.70373716922863], [25.83884170909361, 62.70373716922863], [25.83884170909361, 62.7036538358953], [25.839091709093612, 62.7036538358953], [25.839091709093612, 62.703320502561965], [25.839258375760277, 62.703320502561965], [25.839258375760277, 62.703237169228636], [25.839425042426942, 62.703237169228636], [25.839425042426942, 62.703320502561965], [25.83950837576028, 62.703320502561965], [25.83950837576028, 62.703237169228636], [25.839841709093612, 62.703237169228636], [25.839841709093612, 62.70307050256197], [25.84025837576028, 62.70307050256197], [25.84025837576028, 62.702987169228635], [25.840425042426943, 62.702987169228635], [25.840425042426943, 62.7029038358953], [25.840675042426945, 62.7029038358953], [25.840675042426945, 62.70282050256197], [25.840758375760277, 62.70282050256197], [25.840758375760277, 62.7029038358953], [25.84084170909361, 62.7029038358953], [25.84084170909361, 62.70282050256197], [25.84109170909361, 62.70282050256197], [25.84109170909361, 62.702737169228634], [25.84159170909361, 62.702737169228634], [25.84159170909361, 62.70282050256197], [25.841675042426942, 62.70282050256197], [25.841675042426942, 62.702737169228634], [25.84184170909361, 62.702737169228634], [25.84184170909361, 62.702653835895305], [25.842008375760276, 62.702653835895305], [25.842008375760276, 62.70232050256197], [25.842258375760277, 62.70232050256197], [25.842258375760277, 62.7021538358953], [25.842425042426942, 62.7021538358953], [25.842425042426942, 62.70198716922864], [25.84259170909361, 62.70198716922864], [25.84259170909361, 62.702070502561966], [25.842841709093612, 62.702070502561966], [25.842841709093612, 62.7019038358953], [25.84334170909361, 62.7019038358953], [25.84334170909361, 62.702070502561966], [25.843425042426944, 62.702070502561966], [25.843425042426944, 62.70198716922864], [25.843591709093612, 62.70198716922864], [25.843591709093612, 62.701820502561965], [25.84384170909361, 62.701820502561965], [25.84384170909361, 62.701737169228636], [25.84400837576028, 62.701737169228636], [25.84400837576028, 62.7014038358953], [25.844258375760276, 62.7014038358953], [25.844258375760276, 62.70107050256197], [25.844425042426945, 62.70107050256197], [25.844425042426945, 62.70098716922863], [25.832508375760277, 62.70098716922863], [25.832508375760277, 62.701153835895305], [25.832341709093612, 62.701153835895305], [25.832341709093612, 62.7016538358953], [25.83209170909361, 62.7016538358953], [25.83209170909361, 62.7019038358953], [25.831925042426946, 62.7019038358953], [25.831925042426946, 62.70232050256197], [25.83184170909361, 62.70232050256197], [25.83184170909361, 62.70248716922863], [25.831675042426944, 62.70248716922863], [25.831675042426944, 62.702987169228635], [25.831425042426943, 62.702987169228635], [25.831425042426943, 62.7031538358953], [25.831258375760278, 62.7031538358953], [25.831258375760278, 62.7034038358953], [25.83109170909361, 62.7034038358953], [25.83109170909361, 62.70348716922864], [25.83084170909361, 62.70348716922864], [25.83084170909361, 62.703570502561966], [25.830675042426943, 62.703570502561966], [25.830675042426943, 62.7036538358953], [25.830425042426945, 62.7036538358953], [25.830425042426945, 62.703903835895304], [25.830258375760277, 62.703903835895304], [25.830258375760277, 62.70432050256197], [25.83034170909361, 62.70432050256197], [25.83034170909361, 62.7044038358953], [25.830425042426945, 62.7044038358953], [25.830425042426945, 62.704820502561965], [25.830258375760277, 62.704820502561965], [25.830258375760277, 62.7049038358953], [25.830024041026174, 62.7049038358953], [25.830008375760276, 62.704966496958896], [25.830008375760276, 62.705014760615114], [25.8306361, 62.70612100000001], [25.830761482016882, 62.706320502561965], [25.83084170909361, 62.706320502561965], [25.83084170909361, 62.7064038358953], [25.830925042426944, 62.7064038358953], [25.830925042426944, 62.70648716922864], [25.83109170909361, 62.70648716922864], [25.83109170909361, 62.70682050256197], [25.831258375760278, 62.70682050256197], [25.831258375760278, 62.706903835895304], [25.831425042426943, 62.706903835895304], [25.831425042426943, 62.70698716922863], [25.831508375760276, 62.70698716922863], [25.831508375760276, 62.70707050256197], [25.831591709093612, 62.70707050256197], [25.831591709093612, 62.707153835895305], [25.83184170909361, 62.707153835895305], [25.83184170909361, 62.70732050256197], [25.832008375760278, 62.70732050256197], [25.832008375760278, 62.7074038358953], [25.832175042426943, 62.7074038358953], [25.832175042426943, 62.707487169228635], [25.832341709093612, 62.707487169228635], [25.832341709093612, 62.70757050256197], [25.832425042426944, 62.70757050256197], [25.832425042426944, 62.7076538358953], [25.83259170909361, 62.7076538358953], [25.83259170909361, 62.707737169228636], [25.832675042426946, 62.707737169228636], [25.832675042426946, 62.7079038358953], [25.833008375760276, 62.7079038358953], [25.833008375760276, 62.707820502561965], [25.833175042426944, 62.707820502561965], [25.833175042426944, 62.7079038358953], [25.833258375760277, 62.7079038358953], [25.833258375760277, 62.70798716922864], [25.833008375760276, 62.70798716922864], [25.833008375760276, 62.70807050256197], [25.83259170909361, 62.70807050256197], [25.83259170909361, 62.70823716922863], [25.832425042426944, 62.70823716922863], [25.832425042426944, 62.70882050256197], [25.832181465199376, 62.70882050256197], [25.8321891, 62.70882739999999], [25.832175042426943, 62.70884241213448], [25.832175042426943, 62.7091538358953], [25.832008375760278, 62.7091538358953], [25.832008375760278, 62.709320502561965], [25.83184170909361, 62.709320502561965], [25.83184170909361, 62.7094038358953], [25.831758375760277, 62.7094038358953], [25.831758375760277, 62.70948716922864], [25.831591709093612, 62.70948716922864], [25.831591709093612, 62.7096538358953], [25.831425042426943, 62.7096538358953], [25.831425042426943, 62.70982050256197], [25.831259144847472, 62.70982050256197], [25.831175042426946, 62.70991031584927], [25.831175042426946, 62.71032050256197], [25.831008375760277, 62.71032050256197], [25.831008375760277, 62.710487169228635], [25.830758375760276, 62.710487169228635], [25.830758375760276, 62.71057050256197], [25.83059170909361, 62.71057050256197], [25.83059170909361, 62.7106538358953], [25.830478799839035, 62.7106538358953], [25.83034170909361, 62.71080023561161], [25.83034170909361, 62.710820502561965], [25.83032273083735, 62.710820502561965], [25.830175042426944, 62.71097821956407], [25.830175042426944, 62.71107050256197], [25.830088627334817, 62.71107050256197], [25.830008375760276, 62.71115620351654], [25.830008375760276, 62.71123716922863], [25.82993255833313, 62.71123716922863], [25.829925042426943, 62.711245195492765], [25.829925042426943, 62.71132050256197], [25.82985452383228, 62.71132050256197], [25.829758375760278, 62.711423179445234], [25.829758375760278, 62.71148716922863], [25.8296984548306, 62.71148716922863], [25.82959170909361, 62.7116011633977], [25.82959170909361, 62.711737169228634], [25.829464351328063, 62.711737169228634], [25.8294514, 62.711750999999985], [25.82934170909361, 62.71176336361548], [25.82934170909361, 62.711987169228635], [25.829175042426943, 62.711987169228635], [25.829175042426943, 62.7121538358953], [25.828925042426945, 62.7121538358953], [25.828925042426945, 62.7124038358953], [25.828758375760277, 62.7124038358953], [25.828758375760277, 62.71257050256197], [25.828508375760276, 62.71257050256197], [25.828508375760276, 62.71273716922863], [25.82834170909361, 62.71273716922863], [25.82834170909361, 62.71282050256197], [25.828175042426945, 62.71282050256197], [25.828175042426945, 62.71307050256197], [25.827925042426944, 62.71307050256197], [25.827925042426944, 62.71332050256197], [25.82775837576028, 62.71332050256197], [25.82775837576028, 62.7134038358953], [25.82734170909361, 62.7134038358953], [25.82734170909361, 62.713820502561965], [25.82709170909361, 62.713820502561965], [25.82709170909361, 62.7139038358953], [25.826925042426943, 62.7139038358953], [25.826925042426943, 62.71398716922864], [25.826758375760278, 62.71398716922864], [25.826758375760278, 62.71407050256197], [25.826508375760277, 62.71407050256197], [25.826508375760277, 62.7141538358953], [25.82634170909361, 62.7141538358953], [25.82634170909361, 62.714403835895304], [25.82609170909361, 62.714403835895304], [25.82609170909361, 62.71457050256197], [25.825925042426945, 62.71457050256197], [25.825925042426945, 62.7146538358953], [25.826008375760278, 62.7146538358953], [25.826008375760278, 62.714737169228634], [25.82609170909361, 62.714737169228634], [25.82609170909361, 62.71507050256197], [25.825925042426945, 62.71507050256197], [25.825925042426945, 62.71548716922864], [25.825675042426944, 62.71548716922864], [25.825675042426944, 62.7156538358953], [25.82550837576028, 62.7156538358953], [25.82550837576028, 62.71582050256197], [25.82559170909361, 62.71582050256197], [25.82559170909361, 62.715903835895304], [25.82550837576028, 62.715903835895304], [25.82550837576028, 62.71607050256197], [25.825309832479345, 62.71607050256197], [25.825250000000004, 62.716249999999995], [25.82509170909361, 62.71630756032959], [25.82509170909361, 62.71632050256197], [25.82505611795457, 62.71632050256197], [25.82484170909361, 62.7163984694205], [25.82484170909361, 62.7164038358953], [25.824826951287914, 62.7164038358953], [25.824675042426943, 62.716459075481104], [25.824675042426943, 62.71657050256197], [25.824508375760278, 62.71657050256197], [25.824508375760278, 62.71673716922864], [25.824425042426945, 62.71673716922864], [25.824425042426945, 62.716820502561966], [25.824258375760277, 62.716820502561966], [25.824258375760277, 62.7169038358953], [25.823451951287893, 62.7169038358953], [25.82325837576028, 62.71697422699625], [25.82325837576028, 62.71698716922864], [25.823222784621215, 62.71698716922864], [25.82309170909361, 62.71703483305686], [25.82309170909361, 62.71707050256197], [25.82299361795456, 62.71707050256197], [25.822925042426945, 62.717095439117465], [25.822925042426945, 62.7171538358953], [25.82276445128788, 62.7171538358953], [25.8225, 62.717249999999986], [25.821925042426944, 62.717382435885725], [25.821925042426944, 62.717403835895304], [25.821832136357695, 62.717403835895304], [25.8216213, 62.717452400000006], [25.8203241, 62.7176111], [25.82009170909361, 62.71771069610274], [25.82009170909361, 62.717737169228634], [25.820029938466526, 62.717737169228634], [25.82, 62.71775], [25.819758375760276, 62.71775], [25.819758375760276, 62.71782050256197], [25.81950837576028, 62.71782050256197], [25.81950837576028, 62.7179038358953], [25.818769294685733, 62.7179038358953], [25.8187623, 62.71790850000001], [25.81875837576028, 62.71790727222646], [25.81875837576028, 62.717987169228635], [25.818508375760278, 62.717987169228635], [25.818508375760278, 62.71807050256197], [25.81834170909361, 62.71807050256197], [25.81834170909361, 62.7181538358953], [25.818258375760276, 62.7181538358953], [25.818258375760276, 62.71823716922864], [25.81834170909361, 62.71823716922864], [25.81834170909361, 62.7184038358953], [25.818175042426944, 62.7184038358953], [25.818175042426944, 62.71857050256197], [25.81809170909361, 62.71857050256197], [25.81809170909361, 62.7186538358953], [25.817925042426943, 62.7186538358953], [25.817925042426943, 62.71873716922863], [25.817758375760278, 62.71873716922863], [25.817758375760278, 62.71882050256197], [25.817508375760276, 62.71882050256197], [25.817508375760276, 62.718903835895304], [25.81734170909361, 62.718903835895304], [25.81734170909361, 62.71898716922863], [25.816925042426945, 62.71898716922863], [25.816925042426945, 62.71907050256197], [25.81650837576028, 62.71907050256197], [25.81650837576028, 62.7191538358953], [25.81634170909361, 62.7191538358953], [25.81634170909361, 62.71932050256197], [25.816175042426945, 62.71932050256197], [25.816175042426945, 62.7194038358953], [25.815675042426943, 62.7194038358953], [25.815675042426943, 62.71932050256197], [25.81559170909361, 62.71932050256197], [25.81559170909361, 62.719487169228636], [25.815341709093612, 62.719487169228636], [25.815341709093612, 62.719570502561965], [25.815175042426944, 62.719570502561965], [25.815175042426944, 62.7196538358953], [25.814758375760277, 62.7196538358953], [25.814758375760277, 62.71973716922864], [25.81434170909361, 62.71973716922864], [25.81434170909361, 62.71998716922864], [25.814175042426942, 62.71998716922864], [25.814175042426942, 62.720403835895304], [25.813925042426945, 62.720403835895304], [25.813925042426945, 62.720987169228636], [25.813758375760276, 62.720987169228636], [25.813758375760276, 62.72123716922864], [25.81350837576028, 62.72123716922864], [25.81350837576028, 62.72157050256197], [25.81334170909361, 62.72157050256197], [25.81334170909361, 62.72182050256197], [25.813258375760277, 62.72182050256197], [25.813258375760277, 62.721903835895304], [25.813091709093612, 62.721903835895304], [25.813091709093612, 62.72198716922863], [25.812925042426944, 62.72198716922863], [25.812925042426944, 62.72207050256197], [25.81284170909361, 62.72207050256197], [25.81284170909361, 62.7221538358953], [25.812675042426942, 62.7221538358953], [25.812675042426942, 62.72323716922863], [25.812508375760277, 62.72323716922863], [25.812508375760277, 62.723403835895304], [25.812425042426945, 62.723403835895304], [25.812425042426945, 62.72348716922863], [25.812258375760276, 62.72348716922863], [25.812258375760276, 62.7236538358953], [25.81209170909361, 62.7236538358953], [25.81209170909361, 62.7239038358953], [25.811925042426942, 62.7239038358953], [25.811925042426942, 62.72382050256197], [25.81184170909361, 62.72382050256197], [25.81184170909361, 62.724070502561965], [25.811675042426945, 62.724070502561965], [25.811675042426945, 62.72423716922864], [25.811425042426944, 62.72423716922864], [25.811425042426944, 62.7244038358953], [25.81125837576028, 62.7244038358953], [25.81125837576028, 62.7246538358953], [25.811008375760277, 62.7246538358953], [25.811008375760277, 62.72473716922863], [25.810425042426942, 62.72473716922863], [25.810425042426942, 62.72482050256197], [25.809675042426942, 62.72482050256197], [25.809675042426942, 62.724903835895304], [25.80900837576028, 62.724903835895304], [25.80900837576028, 62.72482050256197], [25.808591709093612, 62.72482050256197], [25.808591709093612, 62.72473716922863], [25.80809170909361, 62.72473716922863], [25.80809170909361, 62.72482050256197], [25.807675042426943, 62.72482050256197], [25.807675042426943, 62.724903835895304], [25.80750837576028, 62.724903835895304], [25.80750837576028, 62.72498716922863], [25.80734170909361, 62.72498716922863], [25.80734170909361, 62.72507050256197], [25.807091709093612, 62.72507050256197], [25.807091709093612, 62.7251538358953], [25.807258375760277, 62.7251538358953], [25.807258375760277, 62.725237169228635], [25.80734170909361, 62.725237169228635], [25.80734170909361, 62.7254038358953], [25.807258375760277, 62.7254038358953], [25.807258375760277, 62.725487169228636], [25.806675042426946, 62.725487169228636], [25.806675042426946, 62.7256538358953], [25.806508375760277, 62.7256538358953], [25.806508375760277, 62.725570502561965], [25.806341709093612, 62.725570502561965], [25.806341709093612, 62.725487169228636], [25.806258375760276, 62.725487169228636], [25.806258375760276, 62.7254038358953], [25.80609170909361, 62.7254038358953], [25.80609170909361, 62.725487169228636], [25.805925042426946, 62.725487169228636], [25.805925042426946, 62.725570502561965], [25.805508375760276, 62.725570502561965], [25.805508375760276, 62.7256538358953], [25.80534170909361, 62.7256538358953], [25.80534170909361, 62.7259038358953], [25.80509170909361, 62.7259038358953], [25.80509170909361, 62.72607050256197], [25.804925042426945, 62.72607050256197], [25.804925042426945, 62.72632050256197], [25.804758375760276, 62.72632050256197], [25.804758375760276, 62.726403835895304], [25.804675042426943, 62.726403835895304], [25.804675042426943, 62.72657050256197], [25.80450837576028, 62.72657050256197], [25.80450837576028, 62.72682050256197], [25.80434170909361, 62.72682050256197], [25.80434170909361, 62.726987169228636], [25.804258375760277, 62.726987169228636], [25.804258375760277, 62.7271538358953], [25.804091709093612, 62.7271538358953], [25.804091709093612, 62.727320502561966], [25.804175042426944, 62.727320502561966], [25.804175042426944, 62.7274038358953], [25.804425042426946, 62.7274038358953], [25.804425042426946, 62.72748716922864], [25.80450837576028, 62.72748716922864], [25.80450837576028, 62.72773716922863], [25.804258375760277, 62.72773716922863], [25.804258375760277, 62.72782050256197], [25.804091709093612, 62.72782050256197], [25.804091709093612, 62.727903835895304], [25.80384170909361, 62.727903835895304], [25.80384170909361, 62.72807050256197], [25.803675042426946, 62.72807050256197], [25.803675042426946, 62.72832050256197], [25.803425042426944, 62.72832050256197], [25.803425042426944, 62.72907050256197], [25.803258375760276, 62.72907050256197], [25.803258375760276, 62.729403835895305], [25.803341709093612, 62.729403835895305], [25.803341709093612, 62.72957050256197], [25.803425042426944, 62.72957050256197], [25.803425042426944, 62.7296538358953], [25.803175042426943, 62.7296538358953], [25.803175042426943, 62.730070502561965], [25.803008375760278, 62.730070502561965], [25.803008375760278, 62.730320502561966], [25.802758375760277, 62.730320502561966], [25.802758375760277, 62.7304038358953], [25.802591709093612, 62.7304038358953], [25.802591709093612, 62.73073716922863], [25.802527995629355, 62.73073716922863], [25.8026643, 62.7313404], [25.8006294, 62.7317139], [25.7978576, 62.732429799999984], [25.796940821962938, 62.7331538358953], [25.79709170909361, 62.7331538358953], [25.79709170909361, 62.73323716922864], [25.79734170909361, 62.73323716922864], [25.79734170909361, 62.733320502561966], [25.797425042426944, 62.733320502561966], [25.797425042426944, 62.73357050256197], [25.79734170909361, 62.73357050256197], [25.79734170909361, 62.73358294272265], [25.7976681, 62.73370750000001], [25.7980907, 62.734024899999994], [25.7970985, 62.734375599999986], [25.79609170909361, 62.73590984462572], [25.79609170909361, 62.73623716922864], [25.795925042426944, 62.73623716922864], [25.795925042426944, 62.73657050256197], [25.795675042426943, 62.73657050256197], [25.795675042426943, 62.736653835895304], [25.795508375760278, 62.736653835895304], [25.795508375760278, 62.73673716922863], [25.79533915695975, 62.73673716922863], [25.795258375760277, 62.73679280574027], [25.795258375760277, 62.73682050256197], [25.795218161476313, 62.73682050256197], [25.79509170909361, 62.73690759423068], [25.79509170909361, 62.73707050256197], [25.794925042426943, 62.73707050256197], [25.794925042426943, 62.737237169228635], [25.79484170909361, 62.737237169228635], [25.79484170909361, 62.7374038358953], [25.794675042426945, 62.7374038358953], [25.794675042426945, 62.737570502561965], [25.794508375760277, 62.737570502561965], [25.794508375760277, 62.7379038358953], [25.79425837576028, 62.7379038358953], [25.79425837576028, 62.73798716922863], [25.793855060946505, 62.73798716922863], [25.793847023932575, 62.73807050256197], [25.794008375760278, 62.73807050256197], [25.794008375760278, 62.738153835895304], [25.79409170909361, 62.738153835895304], [25.79409170909361, 62.738487169228634], [25.794008375760278, 62.738487169228634], [25.794008375760278, 62.73932050256197], [25.79384170909361, 62.73932050256197], [25.79384170909361, 62.7394038358953], [25.793925042426945, 62.7394038358953], [25.793925042426945, 62.73948716922863], [25.794175042426943, 62.73948716922863], [25.794175042426943, 62.7394038358953], [25.794425042426944, 62.7394038358953], [25.794425042426944, 62.73932050256197], [25.79459170909361, 62.73932050256197], [25.79459170909361, 62.73923716922864], [25.79484170909361, 62.73923716922864], [25.79484170909361, 62.7391538358953], [25.79534170909361, 62.7391538358953], [25.79534170909361, 62.73923716922864], [25.795508375760278, 62.73923716922864], [25.795508375760278, 62.73932050256197], [25.795675042426943, 62.73932050256197], [25.795675042426943, 62.7394038358953], [25.79609170909361, 62.7394038358953], [25.79609170909361, 62.73948716922863], [25.796175042426945, 62.73948716922863], [25.796175042426945, 62.73957050256197], [25.79650837576028, 62.73957050256197], [25.79650837576028, 62.739653835895304], [25.796675042426944, 62.739653835895304], [25.796675042426944, 62.73973716922863], [25.79684170909361, 62.73973716922863], [25.79684170909361, 62.73982050256197], [25.79709170909361, 62.73982050256197], [25.79709170909361, 62.73973716922863], [25.797258375760276, 62.73973716922863], [25.797258375760276, 62.73982050256197], [25.79734170909361, 62.73982050256197], [25.79734170909361, 62.739903835895305], [25.797425042426944, 62.739903835895305], [25.797425042426944, 62.739987169228634], [25.797508375760277, 62.739987169228634], [25.797508375760277, 62.74007050256197], [25.79759170909361, 62.74007050256197], [25.79759170909361, 62.7401538358953], [25.79784170909361, 62.7401538358953], [25.79784170909361, 62.74007050256197], [25.797675042426945, 62.74007050256197], [25.797675042426945, 62.739987169228634], [25.79759170909361, 62.739987169228634], [25.79759170909361, 62.739903835895305], [25.797508375760277, 62.739903835895305], [25.797508375760277, 62.73973716922863], [25.797675042426945, 62.73973716922863], [25.797675042426945, 62.73982050256197], [25.797925042426943, 62.73982050256197], [25.797925042426943, 62.73973716922863], [25.798008375760276, 62.73973716922863], [25.798008375760276, 62.73982050256197], [25.79809170909361, 62.73982050256197], [25.79809170909361, 62.739903835895305], [25.798175042426944, 62.739903835895305], [25.798175042426944, 62.739987169228634], [25.798258375760277, 62.739987169228634], [25.798258375760277, 62.74007050256197], [25.798425042426945, 62.74007050256197], [25.798425042426945, 62.7401538358953], [25.79859170909361, 62.7401538358953], [25.79859170909361, 62.740237169228635], [25.798758375760276, 62.740237169228635], [25.798758375760276, 62.74032050256197], [25.798675042426943, 62.74032050256197], [25.798675042426943, 62.740487169228636], [25.799337156475666, 62.740487169228636], [25.799675042426944, 62.74045546418709], [25.799675042426944, 62.7404038358953], [25.80022525380145, 62.7404038358953], [25.8005656, 62.7403719], [25.801471126960518, 62.7406538358953], [25.801508375760278, 62.7406538358953], [25.801508375760278, 62.74066543331224], [25.801738778512885, 62.74073716922864], [25.801925042426944, 62.74073716922864], [25.801925042426944, 62.74079516251394], [25.80200643006523, 62.74082050256197], [25.80209170909361, 62.74082050256197], [25.80209170909361, 62.740847054194624], [25.802527700000002, 62.74098279999999], [25.802591709093612, 62.74102700985967], [25.802591709093612, 62.74098716922863], [25.802675042426944, 62.74098716922863], [25.802675042426944, 62.74107050256197], [25.80284170909361, 62.74107050256197], [25.80284170909361, 62.74119968008975], [25.802895987614672, 62.74123716922863], [25.80309170909361, 62.74123716922863], [25.80309170909361, 62.74132050256197], [25.803258375760276, 62.74132050256197], [25.803258375760276, 62.7414038358953], [25.803425042426944, 62.7414038358953], [25.803425042426944, 62.741487169228634], [25.80359170909361, 62.741487169228634], [25.80359170909361, 62.74157050256197], [25.80384170909361, 62.74157050256197], [25.80384170909361, 62.7416538358953], [25.803925042426943, 62.7416538358953], [25.803925042426943, 62.741737169228635], [25.80384170909361, 62.741737169228635], [25.80384170909361, 62.741811146368], [25.803857275713643, 62.74182050256197], [25.803925042426943, 62.74182050256197], [25.803925042426943, 62.741861233209534], [25.803995923794286, 62.7419038358953], [25.804008375760276, 62.7419038358953], [25.804008375760276, 62.74191132005107], [25.80450837576028, 62.74221184110027], [25.80450837576028, 62.7421538358953], [25.804675042426943, 62.7421538358953], [25.804675042426943, 62.741987169228636], [25.804758375760276, 62.741987169228636], [25.804758375760276, 62.742070502561965], [25.804841709093612, 62.742070502561965], [25.804841709093612, 62.7421538358953], [25.80509170909361, 62.7421538358953], [25.80509170909361, 62.741987169228636], [25.80525837576028, 62.741987169228636], [25.80525837576028, 62.742070502561965], [25.805425042426943, 62.742070502561965], [25.805425042426943, 62.7419038358953], [25.805591709093612, 62.7419038358953], [25.805591709093612, 62.741987169228636], [25.805675042426945, 62.741987169228636], [25.805675042426945, 62.74223716922864], [25.805425042426943, 62.74223716922864], [25.805425042426943, 62.74248716922863], [25.80525837576028, 62.74248716922863], [25.80525837576028, 62.742653835895304], [25.805008375760277, 62.742653835895304], [25.805008375760277, 62.74275786294694], [25.8056633, 62.74359630000001], [25.805373, 62.7449398], [25.805938511882154, 62.74532050256197], [25.80600837576028, 62.74532050256197], [25.80600837576028, 62.745367534920135], [25.806062298782713, 62.7454038358953], [25.80609170909361, 62.7454038358953], [25.80609170909361, 62.74532050256197], [25.806258375760276, 62.74532050256197], [25.806258375760276, 62.74548716922863], [25.80659170909361, 62.74548716922863], [25.80659170909361, 62.74557050256197], [25.80675837576028, 62.74557050256197], [25.80675837576028, 62.745653835895304], [25.806675042426946, 62.745653835895304], [25.806675042426946, 62.74573716922863], [25.80655744638493, 62.74573716922863], [25.8065924, 62.745760700000005], [25.8057968, 62.74785609999999], [25.80459170909361, 62.748068697869904], [25.80459170909361, 62.748070502561966], [25.804581479367464, 62.748070502561966], [25.804425042426946, 62.74809810061299], [25.804425042426946, 62.7481538358953], [25.804258375760277, 62.7481538358953], [25.804258375760277, 62.74832050256197], [25.804008375760276, 62.74832050256197], [25.804008375760276, 62.74848716922863], [25.80359170909361, 62.74848716922863], [25.80359170909361, 62.74832050256197], [25.803425042426944, 62.74832050256197], [25.803425042426944, 62.748070502561966], [25.803341709093612, 62.748070502561966], [25.803341709093612, 62.74798716922864], [25.803258375760276, 62.74798716922864], [25.803258375760276, 62.747737169228635], [25.803175042426943, 62.747737169228635], [25.803175042426943, 62.7476538358953], [25.803008375760278, 62.7476538358953], [25.803008375760278, 62.74762618026473], [25.8012465, 62.7476763], [25.7994462, 62.75024249999999], [25.7978894, 62.75121059999999], [25.796925042426945, 62.75202924119357], [25.796925042426945, 62.75207050256197], [25.796876436623325, 62.75207050256197], [25.79684170909361, 62.75209998269172], [25.79684170909361, 62.7521538358953], [25.796778270135107, 62.7521538358953], [25.79659170909361, 62.75231220718615], [25.79659170909361, 62.7524038358953], [25.796483770670438, 62.7524038358953], [25.796425042426943, 62.75245369018244], [25.796425042426943, 62.7526538358953], [25.79618927120577, 62.7526538358953], [25.796175042426945, 62.75266591467687], [25.796175042426945, 62.75273716922864], [25.79634170909361, 62.75273716922864], [25.79634170909361, 62.75282050256197], [25.796175042426945, 62.75282050256197], [25.796175042426945, 62.75298716922863], [25.796008375760277, 62.75298716922863], [25.796008375760277, 62.753153835895304], [25.79560027227643, 62.753153835895304], [25.79559170909361, 62.75316110516388], [25.79559170909361, 62.75323716922863], [25.795502105788213, 62.75323716922863], [25.795175042426944, 62.75351481265461], [25.795175042426944, 62.753820502561965], [25.79534170909361, 62.753820502561965], [25.79534170909361, 62.75423716922864], [25.795175042426944, 62.75423716922864], [25.795175042426944, 62.7544038358953], [25.794925042426943, 62.7544038358953], [25.794925042426943, 62.75457050256197]], [[25.917258375760277, 62.71132050256197], [25.91734170909361, 62.71132050256197], [25.91734170909361, 62.71148716922863], [25.916925042426943, 62.71148716922863], [25.916925042426943, 62.711403835895304], [25.91659170909361, 62.711403835895304], [25.91659170909361, 62.71132050256197], [25.916758375760278, 62.71132050256197], [25.916758375760278, 62.71123716922863], [25.917258375760277, 62.71123716922863], [25.917258375760277, 62.71132050256197]], [[25.912008375760276, 62.71207050256197], [25.91175837576028, 62.71207050256197], [25.91175837576028, 62.711987169228635], [25.911675042426943, 62.711987169228635], [25.911675042426943, 62.711737169228634], [25.91184170909361, 62.711737169228634], [25.91184170909361, 62.71157050256197], [25.912258375760278, 62.71157050256197], [25.912258375760278, 62.71148716922863], [25.91259170909361, 62.71148716922863], [25.91259170909361, 62.71157050256197], [25.912758375760276, 62.71157050256197], [25.912758375760276, 62.7116538358953], [25.912925042426945, 62.7116538358953], [25.912925042426945, 62.711737169228634], [25.913175042426943, 62.711737169228634], [25.913175042426943, 62.71182050256197], [25.91325837576028, 62.71182050256197], [25.91325837576028, 62.712237169228636], [25.913008375760278, 62.712237169228636], [25.913008375760278, 62.712320502561965], [25.91284170909361, 62.712320502561965], [25.91284170909361, 62.7124038358953], [25.91234170909361, 62.7124038358953], [25.91234170909361, 62.712320502561965], [25.912258375760278, 62.712320502561965], [25.912258375760278, 62.712237169228636], [25.912175042426945, 62.712237169228636], [25.912175042426945, 62.7121538358953], [25.912008375760276, 62.7121538358953], [25.912008375760276, 62.71207050256197]], [[25.911175042426944, 62.7136538358953], [25.91100837576028, 62.7136538358953], [25.91100837576028, 62.713487169228635], [25.911175042426944, 62.713487169228635], [25.911175042426944, 62.7136538358953]], [[25.90859170909361, 62.702737169228634], [25.908675042426943, 62.702737169228634], [25.908675042426943, 62.7029038358953], [25.908508375760277, 62.7029038358953], [25.908508375760277, 62.702987169228635], [25.908258375760276, 62.702987169228635], [25.908258375760276, 62.70307050256197], [25.907925042426942, 62.70307050256197], [25.907925042426942, 62.70282050256197], [25.90809170909361, 62.70282050256197], [25.90809170909361, 62.702737169228634], [25.908258375760276, 62.702737169228634], [25.908258375760276, 62.702653835895305], [25.90859170909361, 62.702653835895305], [25.90859170909361, 62.702737169228634]], [[25.908425042426945, 62.7066538358953], [25.908175042426944, 62.7066538358953], [25.908175042426944, 62.706570502561966], [25.908425042426945, 62.706570502561966], [25.908425042426945, 62.7066538358953]], [[25.906841709093612, 62.705737169228634], [25.907008375760277, 62.705737169228634], [25.907008375760277, 62.705653835895305], [25.907175042426942, 62.705653835895305], [25.907175042426942, 62.70557050256197], [25.907425042426944, 62.70557050256197], [25.907425042426944, 62.70548716922863], [25.907591709093612, 62.70548716922863], [25.907591709093612, 62.705403835895304], [25.907925042426942, 62.705403835895304], [25.907925042426942, 62.70548716922863], [25.90800837576028, 62.70548716922863], [25.90800837576028, 62.70607050256197], [25.907758375760277, 62.70607050256197], [25.907758375760277, 62.7064038358953], [25.90734170909361, 62.7064038358953], [25.90734170909361, 62.70648716922864], [25.907175042426942, 62.70648716922864], [25.907175042426942, 62.706570502561966], [25.907008375760277, 62.706570502561966], [25.907008375760277, 62.7066538358953], [25.90659170909361, 62.7066538358953], [25.90659170909361, 62.70673716922863], [25.906175042426945, 62.70673716922863], [25.906175042426945, 62.70648716922864], [25.906425042426942, 62.70648716922864], [25.906425042426942, 62.706237169228636], [25.90659170909361, 62.706237169228636], [25.90659170909361, 62.70607050256197], [25.906841709093612, 62.70607050256197], [25.906841709093612, 62.705737169228634]], [[25.900925042426945, 62.71557050256197], [25.901008375760277, 62.71557050256197], [25.901008375760277, 62.7156538358953], [25.900925042426945, 62.7156538358953], [25.900925042426945, 62.71573716922863], [25.90034170909361, 62.71573716922863], [25.90034170909361, 62.71557050256197], [25.900175042426945, 62.71557050256197], [25.900175042426945, 62.7154038358953], [25.900675042426943, 62.7154038358953], [25.900675042426943, 62.71548716922864], [25.900925042426945, 62.71548716922864], [25.900925042426945, 62.71557050256197]], [[25.897175042426944, 62.715903835895304], [25.897008375760276, 62.715903835895304], [25.897008375760276, 62.71582050256197], [25.897175042426944, 62.71582050256197], [25.897175042426944, 62.715903835895304]], [[25.89684170909361, 62.71598716922863], [25.896925042426943, 62.71598716922863], [25.896925042426943, 62.71607050256197], [25.897175042426944, 62.71607050256197], [25.897175042426944, 62.7161538358953], [25.89684170909361, 62.7161538358953], [25.89684170909361, 62.71598716922863]], [[25.892508375760276, 62.71548716922864], [25.89234170909361, 62.71548716922864], [25.89234170909361, 62.7154038358953], [25.89259170909361, 62.7154038358953], [25.89259170909361, 62.715320502561966], [25.892508375760276, 62.715320502561966], [25.892508375760276, 62.71523716922864], [25.89234170909361, 62.71523716922864], [25.89234170909361, 62.7151538358953], [25.89259170909361, 62.7151538358953], [25.89259170909361, 62.714987169228635], [25.892758375760277, 62.714987169228635], [25.892758375760277, 62.71482050256197], [25.893008375760278, 62.71482050256197], [25.893008375760278, 62.714737169228634], [25.89334170909361, 62.714737169228634], [25.89334170909361, 62.7146538358953], [25.894091709093612, 62.7146538358953], [25.894091709093612, 62.714737169228634], [25.894508375760278, 62.714737169228634], [25.894508375760278, 62.7149038358953], [25.89434170909361, 62.7149038358953], [25.89434170909361, 62.71507050256197], [25.894175042426944, 62.71507050256197], [25.894175042426944, 62.715320502561966], [25.893925042426943, 62.715320502561966], [25.893925042426943, 62.71557050256197], [25.893758375760278, 62.71557050256197], [25.893758375760278, 62.71573716922863], [25.893508375760277, 62.71573716922863], [25.893508375760277, 62.71582050256197], [25.89284170909361, 62.71582050256197], [25.89284170909361, 62.71573716922863], [25.892675042426944, 62.71573716922863], [25.892675042426944, 62.7156538358953], [25.89259170909361, 62.7156538358953], [25.89259170909361, 62.71557050256197], [25.892508375760276, 62.71557050256197], [25.892508375760276, 62.71548716922864]], [[25.893925042426943, 62.7139038358953], [25.894008375760276, 62.7139038358953], [25.894008375760276, 62.71432050256197], [25.893008375760278, 62.71432050256197], [25.893008375760278, 62.71398716922864], [25.893175042426943, 62.71398716922864], [25.893175042426943, 62.7139038358953], [25.893425042426944, 62.7139038358953], [25.893425042426944, 62.713820502561965], [25.893925042426943, 62.713820502561965], [25.893925042426943, 62.7139038358953]], [[25.891175042426944, 62.71707050256197], [25.891258375760277, 62.71707050256197], [25.891258375760277, 62.7171538358953], [25.891675042426943, 62.7171538358953], [25.891675042426943, 62.717403835895304], [25.89084170909361, 62.717403835895304], [25.89084170909361, 62.71732050256197], [25.890758375760278, 62.71732050256197], [25.890758375760278, 62.71707050256197], [25.89084170909361, 62.71707050256197], [25.89084170909361, 62.7171538358953], [25.891175042426944, 62.7171538358953], [25.891175042426944, 62.71707050256197]], [[25.889758375760277, 62.713237169228634], [25.889925042426945, 62.713237169228634], [25.889925042426945, 62.7131538358953], [25.890425042426944, 62.7131538358953], [25.890425042426944, 62.713237169228634], [25.890508375760277, 62.713237169228634], [25.890508375760277, 62.7134038358953], [25.890258375760276, 62.7134038358953], [25.890258375760276, 62.713487169228635], [25.89009170909361, 62.713487169228635], [25.89009170909361, 62.71357050256197], [25.88959170909361, 62.71357050256197], [25.88959170909361, 62.713487169228635], [25.88950837576028, 62.713487169228635], [25.88950837576028, 62.7134038358953], [25.889675042426944, 62.7134038358953], [25.889675042426944, 62.71332050256197], [25.889758375760277, 62.71332050256197], [25.889758375760277, 62.713237169228634]], [[25.89034170909361, 62.71457050256197], [25.890425042426944, 62.71457050256197], [25.890425042426944, 62.714737169228634], [25.890258375760276, 62.714737169228634], [25.890258375760276, 62.71482050256197], [25.890008375760278, 62.71482050256197], [25.890008375760278, 62.714737169228634], [25.88984170909361, 62.714737169228634], [25.88984170909361, 62.71457050256197], [25.89009170909361, 62.71457050256197], [25.89009170909361, 62.714403835895304], [25.89034170909361, 62.714403835895304], [25.89034170909361, 62.71457050256197]], [[25.88959170909361, 62.709903835895304], [25.889675042426944, 62.709903835895304], [25.889675042426944, 62.70973716922863], [25.89034170909361, 62.70973716922863], [25.89034170909361, 62.709903835895304], [25.890425042426944, 62.709903835895304], [25.890425042426944, 62.70998716922863], [25.890258375760276, 62.70998716922863], [25.890258375760276, 62.710237169228634], [25.890008375760278, 62.710237169228634], [25.890008375760278, 62.710487169228635], [25.88984170909361, 62.710487169228635], [25.88984170909361, 62.71057050256197], [25.88934170909361, 62.71057050256197], [25.88934170909361, 62.710487169228635], [25.889258375760278, 62.710487169228635], [25.889258375760278, 62.71032050256197], [25.889425042426943, 62.71032050256197], [25.889425042426943, 62.70982050256197], [25.88959170909361, 62.70982050256197], [25.88959170909361, 62.709903835895304]], [[25.874841709093612, 62.70373716922863], [25.874258375760277, 62.70373716922863], [25.874258375760277, 62.70348716922864], [25.87459170909361, 62.70348716922864], [25.87459170909361, 62.703570502561966], [25.874758375760276, 62.703570502561966], [25.874758375760276, 62.7036538358953], [25.874841709093612, 62.7036538358953], [25.874841709093612, 62.70373716922863]], [[25.862841709093612, 62.7139038358953], [25.862675042426943, 62.7139038358953], [25.862675042426943, 62.71373716922864], [25.862425042426946, 62.71373716922864], [25.862425042426946, 62.7136538358953], [25.86234170909361, 62.7136538358953], [25.86234170909361, 62.71332050256197], [25.862925042426944, 62.71332050256197], [25.862925042426944, 62.713237169228634], [25.86334170909361, 62.713237169228634], [25.86334170909361, 62.7131538358953], [25.863425042426943, 62.7131538358953], [25.863425042426943, 62.713237169228634], [25.863591709093612, 62.713237169228634], [25.863591709093612, 62.71332050256197], [25.864008375760278, 62.71332050256197], [25.864008375760278, 62.7134038358953], [25.864175042426943, 62.7134038358953], [25.864175042426943, 62.713487169228635], [25.864425042426944, 62.713487169228635], [25.864425042426944, 62.71357050256197], [25.864508375760277, 62.71357050256197], [25.864508375760277, 62.71398716922864], [25.864425042426944, 62.71398716922864], [25.864425042426944, 62.71423716922863], [25.864008375760278, 62.71423716922863], [25.864008375760278, 62.7141538358953], [25.863175042426946, 62.7141538358953], [25.863175042426946, 62.71407050256197], [25.863008375760277, 62.71407050256197], [25.863008375760277, 62.71398716922864], [25.862841709093612, 62.71398716922864], [25.862841709093612, 62.7139038358953]], [[25.84925837576028, 62.71998716922864], [25.849175042426943, 62.71998716922864], [25.849175042426943, 62.7199038358953], [25.84925837576028, 62.7199038358953], [25.84925837576028, 62.71998716922864]], [[25.844508375760277, 62.72123716922864], [25.844425042426945, 62.72123716922864], [25.844425042426945, 62.7211538358953], [25.844508375760277, 62.7211538358953], [25.844508375760277, 62.72123716922864]], [[25.833925042426944, 62.707820502561965], [25.833841709093612, 62.707820502561965], [25.833841709093612, 62.707737169228636], [25.833925042426944, 62.707737169228636], [25.833925042426944, 62.707820502561965]], [[25.82684170909361, 62.72007050256197], [25.827258375760277, 62.72007050256197], [25.827258375760277, 62.71998716922864], [25.827508375760278, 62.71998716922864], [25.827508375760278, 62.71973716922864], [25.827675042426943, 62.71973716922864], [25.827675042426943, 62.719487169228636], [25.82784170909361, 62.719487169228636], [25.82784170909361, 62.71932050256197], [25.827925042426944, 62.71932050256197], [25.827925042426944, 62.7191538358953], [25.828008375760277, 62.7191538358953], [25.828008375760277, 62.71907050256197], [25.827925042426944, 62.71907050256197], [25.827925042426944, 62.71898716922863], [25.82809170909361, 62.71898716922863], [25.82809170909361, 62.71882050256197], [25.828258375760278, 62.71882050256197], [25.828258375760278, 62.71873716922863], [25.828508375760276, 62.71873716922863], [25.828508375760276, 62.7186538358953], [25.828675042426944, 62.7186538358953], [25.828675042426944, 62.71848716922864], [25.829008375760278, 62.71848716922864], [25.829008375760278, 62.71857050256197], [25.82909170909361, 62.71857050256197], [25.82909170909361, 62.7184038358953], [25.829508375760277, 62.7184038358953], [25.829508375760277, 62.718320502561966], [25.83009170909361, 62.718320502561966], [25.83009170909361, 62.71823716922864], [25.830175042426944, 62.71823716922864], [25.830175042426944, 62.718320502561966], [25.83059170909361, 62.718320502561966], [25.83059170909361, 62.7184038358953], [25.830758375760276, 62.7184038358953], [25.830758375760276, 62.71848716922864], [25.83084170909361, 62.71848716922864], [25.83084170909361, 62.7184038358953], [25.831675042426944, 62.7184038358953], [25.831675042426944, 62.718320502561966], [25.832175042426943, 62.718320502561966], [25.832175042426943, 62.7184038358953], [25.832508375760277, 62.7184038358953], [25.832508375760277, 62.71848716922864], [25.83259170909361, 62.71848716922864], [25.83259170909361, 62.71857050256197], [25.832425042426944, 62.71857050256197], [25.832425042426944, 62.71882050256197], [25.832175042426943, 62.71882050256197], [25.832175042426943, 62.7194038358953], [25.832258375760276, 62.7194038358953], [25.832258375760276, 62.719487169228636], [25.832675042426946, 62.719487169228636], [25.832675042426946, 62.719570502561965], [25.833091709093612, 62.719570502561965], [25.833091709093612, 62.7196538358953], [25.833258375760277, 62.7196538358953], [25.833258375760277, 62.71973716922864], [25.83334170909361, 62.71973716922864], [25.83334170909361, 62.719820502561966], [25.833175042426944, 62.719820502561966], [25.833175042426944, 62.7199038358953], [25.83259170909361, 62.7199038358953], [25.83259170909361, 62.71998716922864], [25.831591709093612, 62.71998716922864], [25.831591709093612, 62.72007050256197], [25.83134170909361, 62.72007050256197], [25.83134170909361, 62.7201538358953], [25.831175042426946, 62.7201538358953], [25.831175042426946, 62.72023716922863], [25.831008375760277, 62.72023716922863], [25.831008375760277, 62.72032050256197], [25.830758375760276, 62.72032050256197], [25.830758375760276, 62.72048716922863], [25.83059170909361, 62.72048716922863], [25.83059170909361, 62.720737169228634], [25.830508375760278, 62.720737169228634], [25.830508375760278, 62.7206538358953], [25.830175042426944, 62.7206538358953], [25.830175042426944, 62.72082050256197], [25.829758375760278, 62.72082050256197], [25.829758375760278, 62.7209038358953], [25.82959170909361, 62.7209038358953], [25.82959170909361, 62.720987169228636], [25.82934170909361, 62.720987169228636], [25.82934170909361, 62.7211538358953], [25.829175042426943, 62.7211538358953], [25.829175042426943, 62.72123716922864], [25.829008375760278, 62.72123716922864], [25.829008375760278, 62.721320502561966], [25.828758375760277, 62.721320502561966], [25.828758375760277, 62.7214038358953], [25.82759170909361, 62.7214038358953], [25.82759170909361, 62.72148716922864], [25.826508375760277, 62.72148716922864], [25.826508375760277, 62.7214038358953], [25.826425042426944, 62.7214038358953], [25.826425042426944, 62.720987169228636], [25.826675042426945, 62.720987169228636], [25.826675042426945, 62.7206538358953], [25.82684170909361, 62.7206538358953], [25.82684170909361, 62.72007050256197]], [[25.832925042426943, 62.7226538358953], [25.832425042426944, 62.7226538358953], [25.832425042426944, 62.722570502561965], [25.832675042426946, 62.722570502561965], [25.832675042426946, 62.722487169228636], [25.832758375760278, 62.722487169228636], [25.832758375760278, 62.722570502561965], [25.832925042426943, 62.722570502561965], [25.832925042426943, 62.7226538358953]], [[25.82859170909361, 62.7164038358953], [25.828508375760276, 62.7164038358953], [25.828508375760276, 62.71632050256197], [25.828425042426943, 62.71632050256197], [25.828425042426943, 62.71607050256197], [25.82859170909361, 62.71607050256197], [25.82859170909361, 62.715903835895304], [25.82884170909361, 62.715903835895304], [25.82884170909361, 62.7156538358953], [25.829008375760278, 62.7156538358953], [25.829008375760278, 62.71557050256197], [25.829175042426943, 62.71557050256197], [25.829175042426943, 62.71548716922864], [25.82934170909361, 62.71548716922864], [25.82934170909361, 62.71557050256197], [25.829425042426944, 62.71557050256197], [25.829425042426944, 62.71548716922864], [25.82959170909361, 62.71548716922864], [25.82959170909361, 62.715320502561966], [25.82984170909361, 62.715320502561966], [25.82984170909361, 62.7151538358953], [25.830008375760276, 62.7151538358953], [25.830008375760276, 62.714987169228635], [25.830175042426944, 62.714987169228635], [25.830175042426944, 62.71482050256197], [25.830425042426945, 62.71482050256197], [25.830425042426945, 62.714737169228634], [25.831008375760277, 62.714737169228634], [25.831008375760277, 62.7146538358953], [25.83109170909361, 62.7146538358953], [25.83109170909361, 62.71482050256197], [25.831175042426946, 62.71482050256197], [25.831175042426946, 62.7149038358953], [25.83134170909361, 62.7149038358953], [25.83134170909361, 62.714987169228635], [25.831508375760276, 62.714987169228635], [25.831508375760276, 62.71507050256197], [25.831591709093612, 62.71507050256197], [25.831591709093612, 62.7151538358953], [25.831508375760276, 62.7151538358953], [25.831508375760276, 62.71523716922864], [25.831591709093612, 62.71523716922864], [25.831591709093612, 62.715320502561966], [25.83134170909361, 62.715320502561966], [25.83134170909361, 62.71557050256197], [25.831175042426946, 62.71557050256197], [25.831175042426946, 62.71573716922863], [25.830925042426944, 62.71573716922863], [25.830925042426944, 62.71607050256197], [25.830758375760276, 62.71607050256197], [25.830758375760276, 62.71632050256197], [25.830508375760278, 62.71632050256197], [25.830508375760278, 62.7164038358953], [25.83034170909361, 62.7164038358953], [25.83034170909361, 62.716487169228635], [25.830175042426944, 62.716487169228635], [25.830175042426944, 62.71657050256197], [25.829925042426943, 62.71657050256197], [25.829925042426943, 62.7166538358953], [25.829758375760278, 62.7166538358953], [25.829758375760278, 62.716820502561966], [25.829508375760277, 62.716820502561966], [25.829508375760277, 62.71673716922864], [25.828925042426945, 62.71673716922864], [25.828925042426945, 62.7166538358953], [25.828675042426944, 62.7166538358953], [25.828675042426944, 62.71657050256197], [25.82859170909361, 62.71657050256197], [25.82859170909361, 62.7164038358953]], [[25.831425042426943, 62.71757050256197], [25.831258375760278, 62.71757050256197], [25.831258375760278, 62.71748716922863], [25.831425042426943, 62.71748716922863], [25.831425042426943, 62.71757050256197]], [[25.830758375760276, 62.7146538358953], [25.830425042426945, 62.7146538358953], [25.830425042426945, 62.71457050256197], [25.830758375760276, 62.71457050256197], [25.830758375760276, 62.7146538358953]], [[25.822425042426943, 62.7276538358953], [25.822258375760278, 62.7276538358953], [25.822258375760278, 62.72757050256197], [25.822425042426943, 62.72757050256197], [25.822425042426943, 62.7276538358953]], [[25.82159170909361, 62.72898716922864], [25.821425042426945, 62.72898716922864], [25.821425042426945, 62.7289038358953], [25.82159170909361, 62.7289038358953], [25.82159170909361, 62.72898716922864]], [[25.816425042426943, 62.7196538358953], [25.81634170909361, 62.7196538358953], [25.81634170909361, 62.719570502561965], [25.816425042426943, 62.719570502561965], [25.816425042426943, 62.7196538358953]], [[25.81584170909361, 62.7319038358953], [25.815925042426944, 62.7319038358953], [25.815925042426944, 62.73198716922863], [25.816175042426945, 62.73198716922863], [25.816175042426945, 62.73207050256197], [25.81584170909361, 62.73207050256197], [25.81584170909361, 62.7319038358953]], [[25.812925042426944, 62.741153835895304], [25.812925042426944, 62.74123716922863], [25.813091709093612, 62.74123716922863], [25.813091709093612, 62.74107050256197], [25.81334170909361, 62.74107050256197], [25.81334170909361, 62.74098716922863], [25.81350837576028, 62.74098716922863], [25.81350837576028, 62.7409038358953], [25.814008375760277, 62.7409038358953], [25.814008375760277, 62.74098716922863], [25.81409170909361, 62.74098716922863], [25.81409170909361, 62.741153835895304], [25.814175042426942, 62.741153835895304], [25.814175042426942, 62.74123716922863], [25.81425837576028, 62.74123716922863], [25.81425837576028, 62.7416538358953], [25.81409170909361, 62.7416538358953], [25.81409170909361, 62.741737169228635], [25.814089811832602, 62.741737169228635], [25.8141004, 62.7418018], [25.8137793, 62.7419661], [25.8133449, 62.74202669999998], [25.8127593, 62.74176709999999], [25.81274799579684, 62.74157050256197], [25.812675042426942, 62.74157050256197], [25.812675042426942, 62.7414038358953], [25.812508375760277, 62.7414038358953], [25.812508375760277, 62.74132050256197], [25.81275837576028, 62.74132050256197], [25.81275837576028, 62.741153835895304], [25.812925042426944, 62.741153835895304]], [[25.81359170909361, 62.7346538358953], [25.813925042426945, 62.7346538358953], [25.813925042426945, 62.7349038358953], [25.813841709093612, 62.7349038358953], [25.813841709093612, 62.73498716922863], [25.813675042426944, 62.73498716922863], [25.813675042426944, 62.7349038358953], [25.81350837576028, 62.7349038358953], [25.81350837576028, 62.734820502561966], [25.81334170909361, 62.734820502561966], [25.81334170909361, 62.73473716922864], [25.81359170909361, 62.73473716922864], [25.81359170909361, 62.7346538358953]], [[25.813675042426944, 62.73507050256197], [25.81359170909361, 62.73507050256197], [25.81359170909361, 62.73498716922863], [25.813675042426944, 62.73498716922863], [25.813675042426944, 62.73507050256197]], [[25.811758375760277, 62.753737169228636], [25.811675042426945, 62.753737169228636], [25.811675042426945, 62.7534038358953], [25.811591709093612, 62.7534038358953], [25.811591709093612, 62.75332050256197], [25.811425042426944, 62.75332050256197], [25.811425042426944, 62.753153835895304], [25.811508375760276, 62.753153835895304], [25.811508375760276, 62.75307050256197], [25.811675042426945, 62.75307050256197], [25.811675042426945, 62.75282050256197], [25.81184170909361, 62.75282050256197], [25.81184170909361, 62.75273716922864], [25.81209170909361, 62.75273716922864], [25.81209170909361, 62.7526538358953], [25.812258375760276, 62.7526538358953], [25.812258375760276, 62.752570502561966], [25.81259170909361, 62.752570502561966], [25.81259170909361, 62.7526538358953], [25.81275837576028, 62.7526538358953], [25.81275837576028, 62.75273716922864], [25.81284170909361, 62.75273716922864], [25.81284170909361, 62.7534038358953], [25.81259170909361, 62.7534038358953], [25.81259170909361, 62.753820502561965], [25.812425042426945, 62.753820502561965], [25.812425042426945, 62.7541538358953], [25.81200837576028, 62.7541538358953], [25.81200837576028, 62.754070502561966], [25.811925042426942, 62.754070502561966], [25.811925042426942, 62.75398716922864], [25.81184170909361, 62.75398716922864], [25.81184170909361, 62.753820502561965], [25.811758375760277, 62.753820502561965], [25.811758375760277, 62.753737169228636]], [[25.81109170909361, 62.7414038358953], [25.811175042426942, 62.7414038358953], [25.811175042426942, 62.741487169228634], [25.81125837576028, 62.741487169228634], [25.81125837576028, 62.74157050256197], [25.81134170909361, 62.74157050256197], [25.81134170909361, 62.7416538358953], [25.811425042426944, 62.7416538358953], [25.811425042426944, 62.741737169228635], [25.811675042426945, 62.741737169228635], [25.811675042426945, 62.74182050256197], [25.81184170909361, 62.74182050256197], [25.81184170909361, 62.7419038358953], [25.811925042426942, 62.7419038358953], [25.811925042426942, 62.742070502561965], [25.8117393, 62.742070502561965], [25.8117393, 62.74235540000001], [25.8113616, 62.7427274], [25.8111538, 62.74290039999999], [25.8105494, 62.74315990000001], [25.8103747, 62.742787899999996], [25.8103888, 62.7423294], [25.8100559, 62.7420699], [25.810196166573984, 62.7419038358953], [25.810175042426945, 62.7419038358953], [25.810175042426945, 62.74182050256197], [25.810266554338913, 62.74182050256197], [25.8102897, 62.7417931], [25.81034170909361, 62.74177638417167], [25.81034170909361, 62.7416538358953], [25.81059170909361, 62.7416538358953], [25.81059170909361, 62.74157050256197], [25.810925042426945, 62.74157050256197], [25.810925042426945, 62.74132050256197], [25.81109170909361, 62.74132050256197], [25.81109170909361, 62.7414038358953]], [[25.8101527, 62.73973410000001], [25.8101905, 62.7394832], [25.810425042426942, 62.739460847842835], [25.810425042426942, 62.7394038358953], [25.810758375760276, 62.7394038358953], [25.810758375760276, 62.73932050256197], [25.810675042426944, 62.73932050256197], [25.810675042426944, 62.73923716922864], [25.810925042426945, 62.73923716922864], [25.810925042426945, 62.73932050256197], [25.811175042426942, 62.73932050256197], [25.811175042426942, 62.7394038358953], [25.81134170909361, 62.7394038358953], [25.81134170909361, 62.73957050256197], [25.811425042426944, 62.73957050256197], [25.811425042426944, 62.739903835895305], [25.811508375760276, 62.739903835895305], [25.811508375760276, 62.739987169228634], [25.811591709093612, 62.739987169228634], [25.811591709093612, 62.740237169228635], [25.8114787468901, 62.740237169228635], [25.811425042426944, 62.740300035041386], [25.811425042426944, 62.74032050256197], [25.811407557610366, 62.74032050256197], [25.8113616, 62.740374299999985], [25.810776, 62.74040889999999], [25.8105872, 62.740158], [25.8105683, 62.73997639999999], [25.8101527, 62.73973410000001]], [[25.811591709093612, 62.72473716922863], [25.811425042426944, 62.72473716922863], [25.811425042426944, 62.72457050256197], [25.811591709093612, 62.72457050256197], [25.811591709093612, 62.72473716922863]], [[25.811175042426942, 62.75632050256197], [25.811425042426944, 62.75632050256197], [25.811425042426944, 62.7564038358953], [25.811508375760276, 62.7564038358953], [25.811508375760276, 62.75657050256197], [25.811175042426942, 62.75657050256197], [25.811175042426942, 62.75632050256197]], [[25.811425042426944, 62.75623716922863], [25.811175042426942, 62.75623716922863], [25.811175042426942, 62.756153835895304], [25.811425042426944, 62.756153835895304], [25.811425042426944, 62.75623716922863]], [[25.809925042426944, 62.756820502561965], [25.811008375760277, 62.756820502561965], [25.811008375760277, 62.7569038358953], [25.81109170909361, 62.7569038358953], [25.81109170909361, 62.757070502561966], [25.810925042426945, 62.757070502561966], [25.810925042426945, 62.7571538358953], [25.810675042426944, 62.7571538358953], [25.810675042426944, 62.75732050256197], [25.81050837576028, 62.75732050256197], [25.81050837576028, 62.7574038358953], [25.81034170909361, 62.7574038358953], [25.81034170909361, 62.75748716922863], [25.810091709093612, 62.75748716922863], [25.810091709093612, 62.75757050256197], [25.809925042426944, 62.75757050256197], [25.809925042426944, 62.757653835895304], [25.809675042426942, 62.757653835895304], [25.809675042426942, 62.75773716922863], [25.80909170909361, 62.75773716922863], [25.80909170909361, 62.75757050256197], [25.809341709093612, 62.75757050256197], [25.809341709093612, 62.7574038358953], [25.809508375760277, 62.7574038358953], [25.809508375760277, 62.75698716922864], [25.809925042426944, 62.75698716922864], [25.809925042426944, 62.756820502561965]], [[25.80884170909361, 62.75898716922863], [25.80909170909361, 62.75898716922863], [25.80909170909361, 62.7589038358953], [25.809258375760276, 62.7589038358953], [25.809258375760276, 62.75873716922864], [25.809508375760277, 62.75873716922864], [25.809508375760277, 62.7586538358953], [25.809675042426942, 62.7586538358953], [25.809675042426942, 62.758570502561966], [25.80984170909361, 62.758570502561966], [25.80984170909361, 62.7584038358953], [25.810008375760276, 62.7584038358953], [25.810008375760276, 62.75848716922864], [25.810425042426942, 62.75848716922864], [25.810425042426942, 62.7586538358953], [25.810258375760277, 62.7586538358953], [25.810258375760277, 62.75907050256197], [25.810091709093612, 62.75907050256197], [25.810091709093612, 62.759153835895304], [25.810008375760276, 62.759153835895304], [25.810008375760276, 62.759487169228635], [25.80984170909361, 62.759487169228635], [25.80984170909361, 62.7596538358953], [25.809425042426945, 62.7596538358953], [25.809425042426945, 62.759737169228636], [25.80900837576028, 62.759737169228636], [25.80900837576028, 62.7596538358953], [25.808758375760277, 62.7596538358953], [25.808758375760277, 62.75957050256197], [25.808675042426945, 62.75957050256197], [25.808675042426945, 62.7594038358953], [25.80884170909361, 62.7594038358953], [25.80884170909361, 62.75898716922863]], [[25.8050151, 62.740625200000004], [25.8044296, 62.7402619], [25.804138265618615, 62.739987169228634], [25.804091709093612, 62.739987169228634], [25.804091709093612, 62.739951087926194], [25.8036552, 62.739742799999995], [25.8033152, 62.739682200000004], [25.802673, 62.73944860000001], [25.802682598373195, 62.73932050256197], [25.802591709093612, 62.73932050256197], [25.802591709093612, 62.73918132888644], [25.802423620442017, 62.7391538358953], [25.802008375760277, 62.7391538358953], [25.802008375760277, 62.73908591745913], [25.801914131039293, 62.739070502561965], [25.801758375760276, 62.739070502561965], [25.801758375760276, 62.73904502684743], [25.8016341, 62.739024699999995], [25.801552167359063, 62.738987169228636], [25.801508375760278, 62.738987169228636], [25.801508375760278, 62.738967109671634], [25.801161900000004, 62.73880839999999], [25.801263792083862, 62.738737169228635], [25.801258375760277, 62.738737169228635], [25.801258375760277, 62.73857050256197], [25.801502200480304, 62.73857050256197], [25.801508375760278, 62.73856618554401], [25.801508375760278, 62.738487169228634], [25.801675042426943, 62.738487169228634], [25.801675042426943, 62.738403835895305], [25.80209170909361, 62.738403835895305], [25.80209170909361, 62.73832050256197], [25.802591709093612, 62.73832050256197], [25.802591709093612, 62.738403835895305], [25.802758375760277, 62.738403835895305], [25.802758375760277, 62.738487169228634], [25.803008375760278, 62.738487169228634], [25.803008375760278, 62.73857050256197], [25.803175042426943, 62.73857050256197], [25.803175042426943, 62.7386538358953], [25.803341709093612, 62.7386538358953], [25.803341709093612, 62.738737169228635], [25.803425042426944, 62.738737169228635], [25.803425042426944, 62.7386538358953], [25.803758375760278, 62.7386538358953], [25.803758375760278, 62.73857050256197], [25.803675042426946, 62.73857050256197], [25.803675042426946, 62.738487169228634], [25.803925042426943, 62.738487169228634], [25.803925042426943, 62.73857050256197], [25.804425042426946, 62.73857050256197], [25.804425042426946, 62.738487169228634], [25.804841709093612, 62.738487169228634], [25.804841709093612, 62.738403835895305], [25.805008375760277, 62.738403835895305], [25.805008375760277, 62.73832050256197], [25.805175042426946, 62.73832050256197], [25.805175042426946, 62.73823716922863], [25.80584170909361, 62.73823716922863], [25.80584170909361, 62.738153835895304], [25.806157341527648, 62.738153835895304], [25.806175042426943, 62.73814746919514], [25.806175042426943, 62.73805013439421], [25.806092576493597, 62.73798716922863], [25.80609170909361, 62.73798716922863], [25.80609170909361, 62.73798650694323], [25.8059217, 62.737856699999995], [25.8058651, 62.737640400000004], [25.80600837576028, 62.73764290900334], [25.80600837576028, 62.737570502561965], [25.806508375760277, 62.737570502561965], [25.806508375760277, 62.7376538358953], [25.806925042426943, 62.7376538358953], [25.806925042426943, 62.73773716922864], [25.807091709093612, 62.73773716922864], [25.807091709093612, 62.737820502561966], [25.80734170909361, 62.737820502561966], [25.80734170909361, 62.738153835895304], [25.807235927449977, 62.738153835895304], [25.8072817, 62.73820280000001], [25.8069984, 62.738419099999994], [25.80675837576028, 62.73848501558719], [25.80675837576028, 62.738487169228634], [25.80675053351579, 62.738487169228634], [25.8067151, 62.7384969], [25.80659170909361, 62.73853603742512], [25.80659170909361, 62.7386538358953], [25.806675042426946, 62.7386538358953], [25.806675042426946, 62.738737169228635], [25.80675837576028, 62.738737169228635], [25.80675837576028, 62.73882050256197], [25.80684170909361, 62.73882050256197], [25.80684170909361, 62.7389038358953], [25.807425042426942, 62.7389038358953], [25.807425042426942, 62.738987169228636], [25.807841709093612, 62.738987169228636], [25.807841709093612, 62.739070502561965], [25.808008375760277, 62.739070502561965], [25.808008375760277, 62.7391538358953], [25.80825837576028, 62.7391538358953], [25.80825837576028, 62.73923716922864], [25.80834170909361, 62.73923716922864], [25.80834170909361, 62.7394038358953], [25.80825837576028, 62.7394038358953], [25.80825837576028, 62.73957050256197], [25.808143553608154, 62.73957050256197], [25.8081506, 62.7396995], [25.80809170909361, 62.73972958700553], [25.80809170909361, 62.73973716922863], [25.808076868002466, 62.73973716922863], [25.807925042426945, 62.7398147359908], [25.807925042426945, 62.73982050256197], [25.807913755208517, 62.73982050256197], [25.8076595, 62.7399504], [25.8066206, 62.74036569999999], [25.805884000000002, 62.740469499999975], [25.8055062, 62.74056469999999], [25.8050151, 62.740625200000004]], [[25.804258375760277, 62.755237169228636], [25.804841709093612, 62.755237169228636], [25.804841709093612, 62.755320502561965], [25.80525837576028, 62.755320502561965], [25.80525837576028, 62.7554038358953], [25.80534170909361, 62.7554038358953], [25.80534170909361, 62.75548716922864], [25.804841709093612, 62.75548716922864], [25.804841709093612, 62.7554038358953], [25.804258375760277, 62.7554038358953], [25.804258375760277, 62.755320502561965], [25.804175042426944, 62.755320502561965], [25.804175042426944, 62.7551538358953], [25.804258375760277, 62.7551538358953], [25.804258375760277, 62.755237169228636]], [[25.804675042426943, 62.737487169228636], [25.804841709093612, 62.737487169228636], [25.804841709093612, 62.73732050256197], [25.805008375760277, 62.73732050256197], [25.805008375760277, 62.7374038358953], [25.80509170909361, 62.7374038358953], [25.80509170909361, 62.737487169228636], [25.805008375760277, 62.737487169228636], [25.805008375760277, 62.737570502561965], [25.805175042426946, 62.737570502561965], [25.805175042426946, 62.7376538358953], [25.80525837576028, 62.7376538358953], [25.80525837576028, 62.7379038358953], [25.804758375760276, 62.7379038358953], [25.804758375760276, 62.737820502561966], [25.80459170909361, 62.737820502561966], [25.80459170909361, 62.73773716922864], [25.804425042426946, 62.73773716922864], [25.804425042426946, 62.7376538358953], [25.804675042426943, 62.7376538358953], [25.804675042426943, 62.737487169228636]], [[25.805175042426946, 62.7419038358953], [25.80509170909361, 62.7419038358953], [25.80509170909361, 62.74182050256197], [25.805175042426946, 62.74182050256197], [25.805175042426946, 62.7419038358953]]]}}, {"type": "Feature", "properties": {"klasse": "Wasser"}, "geometry": {"type": "Polygon", "coordinates": [[[25.79683530486047, 62.73323716922864], [25.79684170909361, 62.73323716922864], [25.79684170909361, 62.73323211141258], [25.79683530486047, 62.73323716922864]]]}}, {"type": "Feature", "properties": {"klasse": "Wasser"}, "geometry": {"type": "Polygon", "coordinates": [[[25.80384170909361, 62.7386538358953], [25.803758375760278, 62.7386538358953], [25.803758375760278, 62.738737169228635], [25.80384170909361, 62.738737169228635], [25.80384170909361, 62.7386538358953]]]}}, {"type": "Feature", "properties": {"klasse": "Wasser"}, "geometry": {"type": "Polygon", "coordinates": [[[25.80459170909361, 62.742261927941804], [25.80459170909361, 62.74223716922864], [25.804550516116894, 62.74223716922864], [25.80459170909361, 62.742261927941804]]]}}, {"type": "Feature", "properties": {"klasse": "Wasser"}, "geometry": {"type": "Polygon", "coordinates": [[[25.86575, 62.74649999999999], [25.867750000000004, 62.745999999999974], [25.8715, 62.74399999999999], [25.87175, 62.74350000000001], [25.8715, 62.74300000000001], [25.864, 62.74549999999999], [25.8635, 62.74599999999999], [25.86375, 62.74649999999999], [25.86575, 62.74649999999999]]]}}, {"type": "Feature", "properties": {"klasse": "Wasser"}, "geometry": {"type": "Polygon", "coordinates": [[[25.875, 62.75], [25.87675, 62.74974999999999], [25.87675, 62.748749999999994], [25.87475, 62.74974999999998], [25.875, 62.75]]]}}, {"type": "Feature", "properties": {"klasse": "Wasser"}, "geometry": {"type": "Polygon", "coordinates": [[[25.94384170909361, 62.70373664938516], [25.94384170909361, 62.7036538358953], [25.944008375760276, 62.7036538358953], [25.944008375760276, 62.703570502561966], [25.944197366511883, 62.703570502561966], [25.9442663, 62.70353829999997], [25.945008375760278, 62.70329719958548], [25.945008375760278, 62.703237169228636], [25.945193141401553, 62.703237169228636], [25.94525837576028, 62.70321597458549], [25.94525837576028, 62.70307050256197], [25.945425042426944, 62.70307050256197], [25.945425042426944, 62.702987169228635], [25.94559170909361, 62.702987169228635], [25.94559170909361, 62.70282050256197], [25.94584170909361, 62.70282050256197], [25.94584170909361, 62.702737169228634], [25.94600837576028, 62.702737169228634], [25.94600837576028, 62.70257050256197], [25.946258375760276, 62.70257050256197], [25.946258375760276, 62.70248716922863], [25.946425042426945, 62.70248716922863], [25.946425042426945, 62.70232050256197], [25.94659170909361, 62.70232050256197], [25.94659170909361, 62.70223716922863], [25.946822825293857, 62.70223716922863], [25.94684170909361, 62.70222496063251], [25.94684170909361, 62.70198716922864], [25.947008375760277, 62.70198716922864], [25.947008375760277, 62.7019038358953], [25.947258375760278, 62.7019038358953], [25.947258375760278, 62.701737169228636], [25.947425042426943, 62.701737169228636], [25.947425042426943, 62.7016538358953], [25.94759170909361, 62.7016538358953], [25.94759170909361, 62.70157050256197], [25.948008375760278, 62.70157050256197], [25.948008375760278, 62.701487169228635], [25.948175042426943, 62.701487169228635], [25.948175042426943, 62.7014038358953], [25.948758375760278, 62.7014038358953], [25.948758375760278, 62.701487169228635], [25.94891266221205, 62.701487169228635], [25.94891266221205, 62.70098716922863], [25.937258375760276, 62.70098716922863], [25.937258375760276, 62.70107050256197], [25.937137858912063, 62.70107050256197], [25.937112100000004, 62.70109170000002], [25.93709170909361, 62.701096973452856], [25.93709170909361, 62.701153835895305], [25.936925042426942, 62.701153835895305], [25.936925042426942, 62.701237169228634], [25.936675042426945, 62.701237169228634], [25.936675042426945, 62.70132050256197], [25.936508375760276, 62.70132050256197], [25.936508375760276, 62.701487169228635], [25.936465014934427, 62.701487169228635], [25.936428137189186, 62.701737169228636], [25.936508375760276, 62.701737169228636], [25.936508375760276, 62.7019038358953], [25.936425042426944, 62.7019038358953], [25.936425042426944, 62.70198716922864], [25.936591709093612, 62.70198716922864], [25.936591709093612, 62.702070502561966], [25.936758375760277, 62.702070502561966], [25.936758375760277, 62.7021538358953], [25.936925042426942, 62.7021538358953], [25.936925042426942, 62.70223716922863], [25.937175042426944, 62.70223716922863], [25.937175042426944, 62.70232050256197], [25.937341709093612, 62.70232050256197], [25.937341709093612, 62.7024038358953], [25.937508375760277, 62.7024038358953], [25.937508375760277, 62.70248716922863], [25.93759170909361, 62.70248716922863], [25.93759170909361, 62.70257050256197], [25.93775837576028, 62.70257050256197], [25.93775837576028, 62.702653835895305], [25.937925042426944, 62.702653835895305], [25.937925042426944, 62.702737169228634], [25.938008375760276, 62.702737169228634], [25.938008375760276, 62.70282050256197], [25.938091709093612, 62.70282050256197], [25.938091709093612, 62.7029038358953], [25.93834170909361, 62.7029038358953], [25.93834170909361, 62.702987169228635], [25.93850837576028, 62.702987169228635], [25.93850837576028, 62.70307050256197], [25.93859170909361, 62.70307050256197], [25.93859170909361, 62.7031538358953], [25.938841709093612, 62.7031538358953], [25.938841709093612, 62.703237169228636], [25.93909170909361, 62.703237169228636], [25.93909170909361, 62.703320502561965], [25.93925837576028, 62.703320502561965], [25.93925837576028, 62.7034038358953], [25.939425042426944, 62.7034038358953], [25.939425042426944, 62.70348716922864], [25.93984170909361, 62.70348716922864], [25.93984170909361, 62.703570502561966], [25.94000837576028, 62.703570502561966], [25.94000837576028, 62.7036538358953], [25.94009170909361, 62.7036538358953], [25.94009170909361, 62.703570502561966], [25.94075837576028, 62.703570502561966], [25.94075837576028, 62.7036538358953], [25.940766356057303, 62.7036538358953], [25.9409777, 62.70360279999999], [25.941258375760277, 62.70362931810415], [25.941258375760277, 62.70348716922864], [25.941425042426943, 62.70348716922864], [25.941425042426943, 62.703570502561966], [25.94150837576028, 62.703570502561966], [25.94150837576028, 62.703652937977964], [25.9415178795932, 62.7036538358953], [25.94159170909361, 62.7036538358953], [25.94159170909361, 62.70366081126924], [25.9416117, 62.70366269999998], [25.941675042426944, 62.7036823535273], [25.941675042426944, 62.7036538358953], [25.941758375760276, 62.7036538358953], [25.941758375760276, 62.70370820971915], [25.941851710945535, 62.70373716922863], [25.94234170909361, 62.70373716922863], [25.94234170909361, 62.70382050256197], [25.943425042426945, 62.70382050256197], [25.943425042426945, 62.70373716922863], [25.943840596305623, 62.70373716922863], [25.94384170909361, 62.70373664938516]]]}}, {"type": "Feature", "properties": {"klasse": "Wasser"}, "geometry": {"type": "Polygon", "coordinates": [[[25.94600837576028, 62.713237169228634], [25.94634170909361, 62.713237169228634], [25.94634170909361, 62.71332050256197], [25.946508375760278, 62.71332050256197], [25.946508375760278, 62.7134038358953], [25.94675837576028, 62.7134038358953], [25.94675837576028, 62.713487169228635], [25.94684170909361, 62.713487169228635], [25.94684170909361, 62.7134038358953], [25.946925042426944, 62.7134038358953], [25.946925042426944, 62.713487169228635], [25.947008375760277, 62.713487169228635], [25.947008375760277, 62.71357050256197], [25.94734170909361, 62.71357050256197], [25.94734170909361, 62.7136538358953], [25.9485447611646, 62.7136538358953], [25.94859170909361, 62.71364229605943], [25.94859170909361, 62.71357050256197], [25.948883789159716, 62.71357050256197], [25.94891266221205, 62.713563405544235], [25.94891266221205, 62.70648716922864], [25.94884170909361, 62.70648716922864], [25.94884170909361, 62.706570502561966], [25.94859170909361, 62.706570502561966], [25.94859170909361, 62.7066538358953], [25.948425042426944, 62.7066538358953], [25.948425042426944, 62.70673716922863], [25.94825837576028, 62.70673716922863], [25.94825837576028, 62.70682050256197], [25.948008375760278, 62.70682050256197], [25.948008375760278, 62.70698716922863], [25.94784170909361, 62.70698716922863], [25.94784170909361, 62.70732050256197], [25.947597993206436, 62.70732050256197], [25.94759170909361, 62.707337934197675], [25.94759170909361, 62.7079038358953], [25.947425042426943, 62.7079038358953], [25.947425042426943, 62.70807050256197], [25.947175042426945, 62.70807050256197], [25.947175042426945, 62.70823716922863], [25.947008375760277, 62.70823716922863], [25.947008375760277, 62.708987169228635], [25.94675837576028, 62.708987169228635], [25.94675837576028, 62.7091538358953], [25.946627464979343, 62.7091538358953], [25.9466209, 62.7091938], [25.94659170909361, 62.709212263589926], [25.94659170909361, 62.709320502561965], [25.946420583450482, 62.709320502561965], [25.94634170909361, 62.70937039151579], [25.94634170909361, 62.70948716922864], [25.946175042426944, 62.70948716922864], [25.946175042426944, 62.70957050256197], [25.946025333846972, 62.70957050256197], [25.945925042426943, 62.70963393805889], [25.945925042426943, 62.7096538358953], [25.94589358397913, 62.7096538358953], [25.945758375760278, 62.70973935667613], [25.945758375760278, 62.70982050256197], [25.94563008424346, 62.70982050256197], [25.94559170909361, 62.70984477529337], [25.94559170909361, 62.70998716922863], [25.945366584507795, 62.70998716922863], [25.94534170909361, 62.710002903219234], [25.94534170909361, 62.710237169228634], [25.945175042426943, 62.710237169228634], [25.945175042426943, 62.71032050256197], [25.944925042426945, 62.71032050256197], [25.944925042426945, 62.7104038358953], [25.944758375760276, 62.7104038358953], [25.944758375760276, 62.71057050256197], [25.94459170909361, 62.71057050256197], [25.94459170909361, 62.7106538358953], [25.944375999040197, 62.7106538358953], [25.94434170909361, 62.71068460292539], [25.94434170909361, 62.710820502561965], [25.944190248544274, 62.710820502561965], [25.944175042426945, 62.71083414641726], [25.944175042426945, 62.71098716922864], [25.944004498048347, 62.71098716922864], [25.943925042426944, 62.71105846165508], [25.943925042426944, 62.71107050256197], [25.94391162280039, 62.71107050256197], [25.94375837576028, 62.71120800514695], [25.94375837576028, 62.71132050256197], [25.943632997056504, 62.71132050256197], [25.94359170909361, 62.71135754863883], [25.94359170909361, 62.71157050256197], [25.94334170909361, 62.71157050256197], [25.94334170909361, 62.7119038358953], [25.943175042426944, 62.7119038358953], [25.943175042426944, 62.71207050256197], [25.942925042426943, 62.71207050256197], [25.942925042426943, 62.7121538358953], [25.94284170909361, 62.7121538358953], [25.94284170909361, 62.712237169228636], [25.94309170909361, 62.712237169228636], [25.94309170909361, 62.7124038358953], [25.943258375760276, 62.7124038358953], [25.943258375760276, 62.71248716922864], [25.943425042426945, 62.71248716922864], [25.943425042426945, 62.71257050256197], [25.94359170909361, 62.71257050256197], [25.94359170909361, 62.7126538358953], [25.943675042426943, 62.7126538358953], [25.943675042426943, 62.71273716922863], [25.94384170909361, 62.71273716922863], [25.94384170909361, 62.71282050256197], [25.944008375760276, 62.71282050256197], [25.944008375760276, 62.712903835895304], [25.94409170909361, 62.712903835895304], [25.94409170909361, 62.71282050256197], [25.94459170909361, 62.71282050256197], [25.94459170909361, 62.712903835895304], [25.94534170909361, 62.712903835895304], [25.94534170909361, 62.712962400445186], [25.9455248, 62.71296869999997], [25.945552247219535, 62.71298716922863], [25.945758375760278, 62.71298716922863], [25.945758375760278, 62.71307050256197], [25.945925042426943, 62.71307050256197], [25.945925042426943, 62.7131538358953], [25.94600837576028, 62.7131538358953], [25.94600837576028, 62.713237169228634]]]}}, {"type": "Feature", "properties": {"klasse": "Wasser"}, "geometry": {"type": "Polygon", "coordinates": [[[25.935258375760277, 62.75598716922863], [25.935258375760277, 62.75607050256197], [25.935425042426942, 62.75607050256197], [25.935425042426942, 62.756153835895304], [25.93559170909361, 62.756153835895304], [25.93559170909361, 62.75623716922863], [25.935758375760276, 62.75623716922863], [25.935758375760276, 62.75632050256197], [25.935841709093612, 62.75632050256197], [25.935841709093612, 62.756396371003156], [25.935820509080074, 62.7564027341983], [25.93578309521942, 62.75641654376117], [25.935748814168498, 62.75643196793959], [25.935717996072317, 62.756448858192734], [25.935690937727795, 62.75646705186059], [25.935667899725384, 62.75648637373037], [25.935649103939262, 62.75650663772399], [25.935634731390373, 62.75652764868983], [25.93562492050281, 62.756549204282216], [25.93561976577038, 62.75657109690995], [25.935619316846225, 62.75659311573559], [25.93562021203867, 62.756603436382605], [25.93557862552943, 62.75661360011856], [25.935536869990873, 62.75662506215092], [25.9354978039172, 62.756638368442914], [25.93546181354501, 62.756653387439826], [25.935429254704072, 62.75666997065385], [25.935400449299348, 62.756687954131905], [25.93537568212831, 62.75670716007674], [25.935355198065096, 62.75672739860458], [25.93533919963925, 62.75674846962232], [25.935327845033083, 62.75677016480593], [25.935321246517407, 62.75679226965985], [25.935319469341156, 62.75681456563773], [25.935322531085856, 62.756836832303144], [25.93533040149138, 62.75685884950899], [25.9353430027547, 62.756880399574044], [25.935489799792563, 62.757089300052606], [25.93550732606261, 62.75711050406334], [25.935529431287165, 62.75713078893331], [25.935555889728754, 62.75714994750601], [25.935586431191748, 62.75716778412671], [25.935620743781424, 62.757184116640545], [25.935658477089053, 62.757198778253006], [25.935699245770312, 62.757211619233274], [25.935742633480608, 62.75722250844338], [25.935788197127064, 62.75723133467761], [25.935835471393748, 62.75723800779827], [25.935883973493933, 62.757242459656204], [25.93618083492445, 62.75726261824362], [25.936113691367208, 62.757337360636626], [25.93609708512513, 62.75735890044942], [25.93608534285675, 62.75738110266836], [25.936078586295906, 62.75740373714062], [25.936076885494174, 62.75742656923202], [25.9360802580942, 62.75744936225925], [25.936088669146333, 62.75747187994348], [25.936102031470448, 62.757493888859564], [25.936209729399863, 62.757641689209606], [25.93622606090953, 62.75766106662496], [25.93624623178052, 62.75767966864645], [25.93627006913183, 62.757697335832916], [25.936297368655357, 62.75771391675548], [25.93632789636687, 62.75772926929569], [25.93636139061146, 62.75774326186346], [25.93639756430617, 62.7577557745253], [25.936436107400613, 62.75776670003207], [25.93643734253907, 62.75776701488748], [25.936436842763143, 62.75776768001135], [25.93642545429862, 62.75779004458739], [25.936419112489922, 62.757812825641516], [25.936417883784124, 62.75783578452441], [25.936421781064812, 62.75785868072336], [25.936430763516572, 62.75788127438175], [25.936444737052113, 62.75790332881175], [25.936463555297408, 62.75792461297394], [25.936487021124673, 62.75794490389759], [25.93684228591023, 62.75821741195407], [25.93695864442812, 62.758446567798046], [25.936971932172053, 62.7584678990439], [25.936989750145475, 62.758488524581225], [25.937011924193303, 62.75850824280267], [25.937038237580126, 62.75852686096922], [25.937068433108443, 62.75854419709413], [25.937102215632517, 62.75856008172197], [25.93734711580784, 62.75866438230038], [25.937381750233765, 62.75867781702284], [25.93741894957189, 62.75868972409809], [25.937458394236575, 62.758700001229464], [25.937499745350927, 62.75870856012356], [25.937542647658248, 62.75871532724871], [25.93758673257429, 62.75872024446669], [25.937631621354015, 62.75872326953232], [25.93767692834571, 62.75872437645645], [25.938289763048168, 62.75872631008985], [25.938351029671022, 62.758802759234236], [25.93832203997016, 62.759392801030444], [25.93814667068854, 62.759571696528674], [25.938072876379255, 62.75954060459692], [25.938034000440485, 62.75952584529599], [25.93799201525816, 62.75951299957211], [25.93771571641306, 62.75943760006455], [25.937674239961485, 62.759427484168675], [25.937630838882775, 62.75941923743657], [25.937585912962454, 62.759412935832074], [25.937539876031046, 62.75940863740162], [25.93749315215232, 62.75940638173966], [25.937446171717355, 62.75940618962389], [25.93739936748029, 62.75940806282401], [25.937353170572337, 62.75941198408517], [25.937308006530746, 62.759417917287195], [25.937264291379275, 62.75942580777708], [25.93722242779625, 62.759435582872506], [25.937182801405537, 62.75944715253119], [25.93714577722455, 62.75946041018034], [25.937111696302008, 62.759475233698275], [25.93708087257645, 62.75949148653918], [25.93705358998435, 62.75950901899103], [25.937030099844606, 62.759527669554366], [25.937010618543358, 62.75954726643002], [25.936995325540547, 62.759567629101525], [25.93690496542528, 62.75970977026173], [25.936830709699112, 62.759713696081974], [25.93678203871529, 62.75971741670447], [25.93673443212521, 62.75972336430198], [25.936688373621294, 62.75973147844587], [25.93664433116815, 62.75974167669482], [25.936602752248163, 62.75975385543258], [25.9365640593152, 62.759767890920564], [25.93652864550248, 62.75978364055506], [25.93649687062831, 62.759800944315984], [25.93646905754019, 62.75981962639268], [25.936445488834465, 62.75983949697008], [25.93571100095209, 62.760540804272736], [25.935263478781202, 62.76066612551946], [25.935223667003154, 62.760678546435145], [25.93518671053653, 62.76069270024413], [25.935152967048317, 62.7607084499666], [25.935122763112002, 62.760725643177345], [25.935096391046947, 62.760744113480875], [25.935074106089207, 62.76076368212167], [25.93505612392117, 62.7607841597142], [25.935042618583903, 62.7608053480757], [25.934947627500325, 62.760987169228635], [25.935994986239184, 62.760987169228635], [25.94127145699259, 62.760987169228635], [25.9409982, 62.76088070000001], [25.9410301, 62.76064], [25.941175042426945, 62.760502779011325], [25.941175042426945, 62.76030961750197], [25.941070380546368, 62.76023716922864], [25.940925042426944, 62.76023716922864], [25.940925042426944, 62.7601538358953], [25.94085945728948, 62.7601538358953], [25.94084170909361, 62.760179981000825], [25.94084170909361, 62.76023716922864], [25.940802887759826, 62.76023716922864], [25.940667100000002, 62.7604372], [25.940277100000003, 62.7604477], [25.9400646, 62.7601339], [25.94009170909361, 62.759897459296255], [25.94009170909361, 62.7596538358953], [25.940258375760276, 62.7596538358953], [25.940258375760276, 62.75923716922863], [25.940175042426944, 62.75923716922863], [25.940175042426944, 62.759153835895304], [25.94009170909361, 62.759153835895304], [25.94009170909361, 62.7589038358953], [25.94000837576028, 62.7589038358953], [25.94000837576028, 62.75882050256197], [25.939925042426943, 62.75882050256197], [25.939925042426943, 62.75873716922864], [25.93984170909361, 62.75873716922864], [25.93984170909361, 62.7586538358953], [25.93927466020017, 62.7586538358953], [25.939301981215074, 62.75868792605669], [25.93920787403226, 62.758570502561966], [25.939925042426943, 62.758570502561966], [25.939925042426943, 62.75848716922864], [25.94009170909361, 62.75848716922864], [25.94009170909361, 62.758320502561965], [25.941091709093612, 62.758320502561965], [25.941091709093612, 62.75807050256197], [25.941258375760277, 62.75807050256197], [25.941258375760277, 62.757987169228635], [25.94134170909361, 62.757987169228635], [25.94134170909361, 62.75782050256197], [25.941675042426944, 62.75782050256197], [25.941675042426944, 62.75757050256197], [25.941925042426945, 62.75757050256197], [25.941925042426945, 62.7574038358953], [25.94234170909361, 62.7574038358953], [25.94234170909361, 62.75723716922864], [25.942508375760276, 62.75723716922864], [25.942508375760276, 62.7571538358953], [25.942675042426945, 62.7571538358953], [25.942675042426945, 62.7569038358953], [25.942925042426943, 62.7569038358953], [25.942925042426943, 62.7566538358953], [25.94309170909361, 62.7566538358953], [25.94309170909361, 62.756487169228635], [25.94334170909361, 62.756487169228635], [25.94334170909361, 62.7564038358953], [25.943508375760278, 62.7564038358953], [25.943508375760278, 62.75632050256197], [25.943675042426943, 62.75632050256197], [25.943675042426943, 62.75623716922863], [25.943925042426944, 62.75623716922863], [25.943925042426944, 62.756153835895304], [25.94409170909361, 62.756153835895304], [25.94409170909361, 62.75607050256197], [25.94434170909361, 62.75607050256197], [25.94434170909361, 62.7559038358953], [25.94450837576028, 62.7559038358953], [25.94450837576028, 62.75582050256197], [25.944675042426944, 62.75582050256197], [25.944675042426944, 62.75573716922864], [25.944862040980563, 62.75573716922864], [25.9448635, 62.755714], [25.944925042426945, 62.755694585443194], [25.944925042426945, 62.7556538358953], [25.945044114473838, 62.7556538358953], [25.94509170909361, 62.75553868589076], [25.94509170909361, 62.755428648456395], [25.9449974, 62.75539469999998], [25.944953900000005, 62.75518300000002], [25.945020000000003, 62.755075599999984], [25.94501465829636, 62.75507050256197], [25.945008375760278, 62.75507050256197], [25.945008375760278, 62.75506450731394], [25.944927331688525, 62.754987169228635], [25.944925042426945, 62.754987169228635], [25.944925042426945, 62.7549849846505], [25.9448538, 62.754917000000006], [25.94485333634714, 62.7549038358953], [25.94484170909361, 62.7549038358953], [25.94484170909361, 62.75482050256197], [25.944675042426944, 62.75482050256197], [25.944675042426944, 62.75473716922863], [25.94450837576028, 62.75473716922863], [25.94450837576028, 62.7549038358953], [25.94434170909361, 62.7549038358953], [25.94434170909361, 62.754987169228635], [25.944175042426945, 62.754987169228635], [25.944175042426945, 62.75507050256197], [25.94375837576028, 62.75507050256197], [25.94375837576028, 62.7551538358953], [25.94334170909361, 62.7551538358953], [25.94334170909361, 62.755237169228636], [25.943175042426944, 62.755237169228636], [25.943175042426944, 62.755320502561965], [25.942925042426943, 62.755320502561965], [25.942925042426943, 62.7554038358953], [25.942758375760278, 62.7554038358953], [25.942758375760278, 62.75548716922864], [25.942591709093612, 62.75548716922864], [25.942591709093612, 62.755570502561966], [25.942175042426943, 62.755570502561966], [25.942175042426943, 62.7556538358953], [25.941758375760276, 62.7556538358953], [25.941758375760276, 62.75582050256197], [25.94159170909361, 62.75582050256197], [25.94159170909361, 62.7559038358953], [25.94134170909361, 62.7559038358953], [25.94134170909361, 62.75598716922863], [25.941008375760276, 62.75598716922863], [25.941008375760276, 62.75632050256197], [25.940925042426944, 62.75632050256197], [25.940925042426944, 62.7564038358953], [25.941091709093612, 62.7564038358953], [25.941091709093612, 62.756487169228635], [25.940925042426944, 62.756487169228635], [25.940925042426944, 62.756820502561965], [25.94075837576028, 62.756820502561965], [25.94075837576028, 62.7569038358953], [25.940508375760277, 62.7569038358953], [25.940508375760277, 62.756820502561965], [25.940341709093612, 62.756820502561965], [25.940341709093612, 62.756737169228636], [25.940258375760276, 62.756737169228636], [25.940258375760276, 62.7566538358953], [25.940175042426944, 62.7566538358953], [25.940175042426944, 62.756487169228635], [25.94009170909361, 62.756487169228635], [25.94009170909361, 62.7564038358953], [25.94000837576028, 62.7564038358953], [25.94000837576028, 62.756153835895304], [25.940175042426944, 62.756153835895304], [25.940175042426944, 62.75582050256197], [25.940425042426945, 62.75582050256197], [25.940425042426945, 62.75573716922864], [25.94075837576028, 62.75573716922864], [25.94075837576028, 62.7556538358953], [25.941008375760276, 62.7556538358953], [25.941008375760276, 62.755570502561966], [25.941175042426945, 62.755570502561966], [25.941175042426945, 62.75548716922864], [25.941425042426943, 62.75548716922864], [25.941425042426943, 62.755237169228636], [25.94134170909361, 62.755237169228636], [25.94134170909361, 62.7551538358953], [25.941091709093612, 62.7551538358953], [25.941091709093612, 62.75507050256197], [25.940925042426944, 62.75507050256197], [25.940925042426944, 62.754987169228635], [25.94075837576028, 62.754987169228635], [25.94075837576028, 62.7549038358953], [25.940508375760277, 62.7549038358953], [25.940508375760277, 62.75482050256197], [25.940425042426945, 62.75482050256197], [25.940425042426945, 62.75473716922863], [25.940341709093612, 62.75473716922863], [25.940341709093612, 62.754653835895304], [25.940258375760276, 62.754653835895304], [25.940258375760276, 62.7544038358953], [25.940425042426945, 62.7544038358953], [25.940425042426945, 62.75432050256197], [25.940925042426944, 62.75432050256197], [25.940925042426944, 62.7544038358953], [25.941175042426945, 62.7544038358953], [25.941175042426945, 62.75448716922863], [25.941258375760277, 62.75448716922863], [25.941258375760277, 62.75457050256197], [25.94134170909361, 62.75457050256197], [25.94134170909361, 62.754653835895304], [25.941425042426943, 62.754653835895304], [25.941425042426943, 62.75473716922863], [25.94159170909361, 62.75473716922863], [25.94159170909361, 62.75457050256197], [25.941675042426944, 62.75457050256197], [25.941675042426944, 62.754653835895304], [25.941841709093612, 62.754653835895304], [25.941841709093612, 62.75448716922863], [25.942008375760278, 62.75448716922863], [25.942008375760278, 62.7544038358953], [25.942175042426943, 62.7544038358953], [25.942175042426943, 62.75423716922864], [25.94225837576028, 62.75423716922864], [25.94225837576028, 62.753737169228636], [25.94234170909361, 62.753737169228636], [25.94234170909361, 62.7536538358953], [25.94225837576028, 62.7536538358953], [25.94225837576028, 62.75323716922863], [25.942425042426944, 62.75323716922863], [25.942425042426944, 62.753153835895304], [25.942925042426943, 62.753153835895304], [25.942925042426943, 62.75323716922863], [25.94300837576028, 62.75323716922863], [25.94300837576028, 62.753487169228634], [25.943175042426944, 62.753487169228634], [25.943175042426944, 62.75357050256197], [25.943258375760276, 62.75357050256197], [25.943258375760276, 62.7536538358953], [25.94334170909361, 62.7536538358953], [25.94334170909361, 62.753737169228636], [25.943508375760278, 62.753737169228636], [25.943508375760278, 62.753820502561965], [25.943675042426943, 62.753820502561965], [25.943675042426943, 62.7539038358953], [25.943925042426944, 62.7539038358953], [25.943925042426944, 62.75398716922864], [25.94409170909361, 62.75398716922864], [25.94409170909361, 62.754070502561966], [25.944175042426945, 62.754070502561966], [25.944175042426945, 62.7541538358953], [25.944258375760278, 62.7541538358953], [25.944258375760278, 62.75423716922864], [25.94450837576028, 62.75423716922864], [25.94450837576028, 62.75432050256197], [25.94459170909361, 62.75432050256197], [25.94459170909361, 62.75448716922863], [25.944925042426945, 62.75448716922863], [25.944925042426945, 62.7544038358953], [25.945675042426945, 62.7544038358953], [25.945675042426945, 62.75448716922863], [25.94634170909361, 62.75448716922863], [25.94634170909361, 62.7544038358953], [25.946675042426943, 62.7544038358953], [25.946675042426943, 62.75432050256197], [25.94675837576028, 62.75432050256197], [25.94675837576028, 62.7541548616737], [25.9464037, 62.7539984], [25.946359851080135, 62.7539038358953], [25.94634170909361, 62.7539038358953], [25.94634170909361, 62.75386471108405], [25.9463392, 62.7538593], [25.9461618, 62.75374399999997], [25.946078, 62.7535716], [25.94607735885508, 62.753487169228634], [25.945925042426943, 62.753487169228634], [25.945925042426943, 62.7534038358953], [25.94600837576028, 62.7534038358953], [25.94600837576028, 62.75323716922863], [25.946159245396064, 62.75323716922863], [25.946175042426944, 62.75321357613947], [25.946175042426944, 62.7529038358953], [25.94634170909361, 62.7529038358953], [25.94634170909361, 62.75273716922864], [25.946526076353972, 62.75273716922864], [25.9464078, 62.75267699999999], [25.9461598, 62.752404000000006], [25.9458498, 62.752252], [25.9450844, 62.75199849999999], [25.9446234, 62.751708300000004], [25.9445503, 62.75154629999999], [25.94460385151579, 62.75148716922863], [25.94459170909361, 62.75148716922863], [25.94459170909361, 62.7514038358953], [25.94450837576028, 62.7514038358953], [25.94450837576028, 62.75123716922864], [25.944675042426944, 62.75123716922864], [25.944675042426944, 62.7511538358953], [25.94484170909361, 62.7511538358953], [25.94484170909361, 62.75098716922864], [25.945008375760278, 62.75098716922864], [25.945008375760278, 62.7509038358953], [25.94484170909361, 62.7509038358953], [25.94484170909361, 62.750820502561965], [25.944925042426945, 62.750820502561965], [25.944925042426945, 62.750737169228636], [25.944964928394793, 62.750737169228636], [25.9444741, 62.7504935], [25.9441338, 62.75048650000001], [25.9440254, 62.750335900000024], [25.94409170909361, 62.75020363593346], [25.94409170909361, 62.74998050803565], [25.9438226, 62.74979809999999], [25.9431836, 62.74954339999999], [25.942247400000003, 62.749377999999986], [25.9420021, 62.748990600000006], [25.942425042426944, 62.74872497170071], [25.942425042426944, 62.74857050256197], [25.942591709093612, 62.74857050256197], [25.942591709093612, 62.74848716922863], [25.94280367962389, 62.74848716922863], [25.94284170909361, 62.74846328488239], [25.94284170909361, 62.7484038358953], [25.942936365796022, 62.7484038358953], [25.94300837576028, 62.74835861015506], [25.94300837576028, 62.74823716922864], [25.943175042426944, 62.74823716922864], [25.943175042426944, 62.7481538358953], [25.94333442431244, 62.7481538358953], [25.943425042426945, 62.74809692333674], [25.943425042426945, 62.74798716922864], [25.943426558056697, 62.74798716922864], [25.9433158, 62.747751199999996], [25.94359170909361, 62.74752512275736], [25.94359170909361, 62.747487169228634], [25.943638028323218, 62.747487169228634], [25.9437521, 62.74739370000001], [25.9433612, 62.746862400000005], [25.943675042426943, 62.74666873362482], [25.943675042426943, 62.746570502561966], [25.943834228941064, 62.746570502561966], [25.94384170909361, 62.746565886697745], [25.94384170909361, 62.74648716922864], [25.94409170909361, 62.74648716922864], [25.94409170909361, 62.7464038358953], [25.944258375760278, 62.7464038358953], [25.944258375760278, 62.74632050256197], [25.944425042426943, 62.74632050256197], [25.944425042426943, 62.746237169228635], [25.944675042426944, 62.746237169228635], [25.944675042426944, 62.74607050256197], [25.94484170909361, 62.74607050256197], [25.94484170909361, 62.745987169228634], [25.9449430788262, 62.745987169228634], [25.94509170909361, 62.74584046734614], [25.94509170909361, 62.745653835895304], [25.94525837576028, 62.745653835895304], [25.94525837576028, 62.74557050256197], [25.945425042426944, 62.74557050256197], [25.945425042426944, 62.74548716922863], [25.94584170909361, 62.74548716922863], [25.94584170909361, 62.7454038358953], [25.946034963221308, 62.7454038358953], [25.94609170909361, 62.74534105619638], [25.94609170909361, 62.74532050256197], [25.946110287295383, 62.74532050256197], [25.946258375760276, 62.74515666775139], [25.946258375760276, 62.745070502561965], [25.946336259517608, 62.745070502561965], [25.9463707, 62.74503240000001], [25.946425042426945, 62.74501219275486], [25.946425042426945, 62.74498716922864], [25.94649233705989, 62.74498716922864], [25.946675042426943, 62.74491923019186], [25.946675042426943, 62.744737169228635], [25.94684170909361, 62.744737169228635], [25.94684170909361, 62.7446538358953], [25.94709170909361, 62.7446538358953], [25.94709170909361, 62.74457050256197], [25.947258375760278, 62.74457050256197], [25.947258375760278, 62.744487169228634], [25.947425042426943, 62.744487169228634], [25.947425042426943, 62.7444038358953], [25.947675042426944, 62.7444038358953], [25.947675042426944, 62.74432050256197], [25.94784170909361, 62.74432050256197], [25.94784170909361, 62.74423716922863], [25.947969267372, 62.74423716922863], [25.94809170909361, 62.744074318135986], [25.94809170909361, 62.74398716922863], [25.94815723313818, 62.74398716922863], [25.94825837576028, 62.74385264656507], [25.94825837576028, 62.74373716922864], [25.948345198904356, 62.74373716922864], [25.9484054, 62.743657099999986], [25.948508375760277, 62.74358480853107], [25.948508375760277, 62.7434038358953], [25.948675042426945, 62.7434038358953], [25.948675042426945, 62.74332050256197], [25.94884170909361, 62.74332050256197], [25.94884170909361, 62.7431538358953], [25.94891266221205, 62.7431538358953], [25.94891266221205, 62.72075052007501], [25.948483, 62.720703099999994], [25.947945700000002, 62.720757599999985], [25.9478039, 62.720500900000005], [25.947925042426945, 62.72043403703206], [25.947925042426945, 62.720403835895304], [25.94797976089242, 62.720403835895304], [25.94809170909361, 62.72034204755924], [25.94809170909361, 62.72007050256197], [25.94834170909361, 62.72007050256197], [25.94834170909361, 62.719820502561966], [25.948508375760277, 62.719820502561966], [25.948508375760277, 62.7196538358953], [25.94871580905019, 62.7196538358953], [25.948758375760278, 62.719601459098804], [25.948758375760278, 62.7194038358953], [25.94891266221205, 62.7194038358953], [25.94891266221205, 62.71653767730602], [25.9464127, 62.71679149999999], [25.94727611658419, 62.71757050256197], [25.94734170909361, 62.71757050256197], [25.94734170909361, 62.71762968226018], [25.9473578, 62.717644199999974], [25.94736332729655, 62.7176538358953], [25.947425042426943, 62.7176538358953], [25.947425042426943, 62.71776142566016], [25.9478, 62.71841510000001], [25.945712400000005, 62.71965080000002], [25.94506429113155, 62.719487169228636], [25.94484170909361, 62.719487169228636], [25.94484170909361, 62.719570502561965], [25.944425042426943, 62.719570502561965], [25.944425042426943, 62.7196538358953], [25.943925042426944, 62.7196538358953], [25.943925042426944, 62.719570502561965], [25.94384170909361, 62.719570502561965], [25.94384170909361, 62.7194038358953], [25.94375837576028, 62.7194038358953], [25.94375837576028, 62.71932050256197], [25.943675042426943, 62.71932050256197], [25.943675042426943, 62.71917269043145], [25.9415668, 62.719195500000005], [25.9408857, 62.720969100000005], [25.9402088, 62.7215336], [25.9382535, 62.722338099999995], [25.9354661, 62.72291639999999], [25.9348007, 62.723234700000006], [25.9356156, 62.72435990000001], [25.935810002481045, 62.7244038358953], [25.936008375760277, 62.7244038358953], [25.936008375760277, 62.724320502561966], [25.936175042426942, 62.724320502561966], [25.936175042426942, 62.7244038358953], [25.93625837576028, 62.7244038358953], [25.93625837576028, 62.724320502561966], [25.936425042426944, 62.724320502561966], [25.936425042426944, 62.72423716922864], [25.936925042426942, 62.72423716922864], [25.936925042426942, 62.724320502561966], [25.937175042426944, 62.724320502561966], [25.937175042426944, 62.7244038358953], [25.937258375760276, 62.7244038358953], [25.937258375760276, 62.72448716922864], [25.937175042426944, 62.72448716922864], [25.937175042426944, 62.7246538358953], [25.93700837576028, 62.7246538358953], [25.93700837576028, 62.72467467401749], [25.9374045, 62.72476420000001], [25.9372531, 62.72600210000001], [25.93634170909361, 62.726190781541675], [25.93634170909361, 62.72623716922863], [25.936175042426942, 62.72623716922863], [25.936175042426942, 62.72632050256197], [25.935723237902042, 62.72632050256197], [25.9341214, 62.726694300000005], [25.93400837576028, 62.726636399384354], [25.93400837576028, 62.7266538358953], [25.932925042426945, 62.7266538358953], [25.932925042426945, 62.72657050256197], [25.932841709093612, 62.72657050256197], [25.932841709093612, 62.72607050256197], [25.932758375760276, 62.72607050256197], [25.932758375760276, 62.72599604321169], [25.932741053402363, 62.72598716922864], [25.932675042426943, 62.72598716922864], [25.932675042426943, 62.72595335280018], [25.9324649, 62.725845699999994], [25.931614795481902, 62.7256538358953], [25.931258375760276, 62.7256538358953], [25.931258375760276, 62.725573393844556], [25.931245565170215, 62.725570502561965], [25.930925042426946, 62.725570502561965], [25.930925042426946, 62.72541263853901], [25.930907861278754, 62.7254038358953], [25.93084170909361, 62.7254038358953], [25.93084170909361, 62.7253699432759], [25.93074520987579, 62.72532050256197], [25.930675042426945, 62.72532050256197], [25.930675042426945, 62.72528455274969], [25.930582558472818, 62.725237169228635], [25.93025837576028, 62.725237169228635], [25.93025837576028, 62.7251538358953], [25.929841709093612, 62.7251538358953], [25.929841709093612, 62.72507050256197], [25.92959170909361, 62.72507050256197], [25.92959170909361, 62.724903835895304], [25.92950837576028, 62.724903835895304], [25.92950837576028, 62.72482050256197], [25.92934170909361, 62.72482050256197], [25.92934170909361, 62.72473716922863], [25.929425042426946, 62.72473716922863], [25.929425042426946, 62.7246538358953], [25.92934170909361, 62.7246538358953], [25.92934170909361, 62.72461362629924], [25.929243660457598, 62.72457050256197], [25.929175042426944, 62.72457050256197], [25.929175042426944, 62.7245403229894], [25.9288647174353, 62.7244038358953], [25.928508375760277, 62.7244038358953], [25.928508375760277, 62.724320502561966], [25.928175042426943, 62.724320502561966], [25.928175042426943, 62.72423716922864], [25.928008375760278, 62.72423716922864], [25.928008375760278, 62.7241538358953], [25.927925042426946, 62.7241538358953], [25.927925042426946, 62.724070502561965], [25.92784170909361, 62.724070502561965], [25.92784170909361, 62.7239038358953], [25.927758375760277, 62.7239038358953], [25.927758375760277, 62.72382050256197], [25.927675042426944, 62.72382050256197], [25.927675042426944, 62.72348716922863], [25.92784170909361, 62.72348716922863], [25.92784170909361, 62.72332050256197], [25.92809170909361, 62.72332050256197], [25.92809170909361, 62.72323716922863], [25.928258375760276, 62.72323716922863], [25.928258375760276, 62.72298716922864], [25.928508375760277, 62.72298716922864], [25.928508375760277, 62.7229038358953], [25.928675042426946, 62.7229038358953], [25.928675042426946, 62.722237169228634], [25.928925042426943, 62.722237169228634], [25.928925042426943, 62.72198716922863], [25.929091709093612, 62.72198716922863], [25.929091709093612, 62.721903835895304], [25.929258375760277, 62.721903835895304], [25.929258375760277, 62.72182050256197], [25.929425042426946, 62.72182050256197], [25.929425042426946, 62.721903835895304], [25.92950837576028, 62.721903835895304], [25.92950837576028, 62.72182050256197], [25.929758375760276, 62.72182050256197], [25.929758375760276, 62.721903835895304], [25.929841709093612, 62.721903835895304], [25.929841709093612, 62.72182050256197], [25.930008375760277, 62.72182050256197], [25.930008375760277, 62.721903835895304], [25.93009170909361, 62.721903835895304], [25.93009170909361, 62.72182050256197], [25.930508375760276, 62.72182050256197], [25.930508375760276, 62.72173716922863], [25.930675042426945, 62.72173716922863], [25.930675042426945, 62.7216538358953], [25.93109170909361, 62.7216538358953], [25.93109170909361, 62.721070502561965], [25.931258375760276, 62.721070502561965], [25.931258375760276, 62.720987169228636], [25.931675042426946, 62.720987169228636], [25.931675042426946, 62.7209038358953], [25.932091709093612, 62.7209038358953], [25.932091709093612, 62.72082050256197], [25.932425042426942, 62.72082050256197], [25.932425042426942, 62.720737169228634], [25.932675042426943, 62.720737169228634], [25.932675042426943, 62.7206538358953], [25.932841709093612, 62.7206538358953], [25.932841709093612, 62.72048716922863], [25.93309170909361, 62.72048716922863], [25.93309170909361, 62.720403835895304], [25.93325837576028, 62.720403835895304], [25.93325837576028, 62.72032050256197], [25.933425042426943, 62.72032050256197], [25.933425042426943, 62.7201538358953], [25.933675042426945, 62.7201538358953], [25.933675042426945, 62.72007050256197], [25.93384170909361, 62.72007050256197], [25.93384170909361, 62.71998716922864], [25.934258375760276, 62.71998716922864], [25.934258375760276, 62.719820502561966], [25.934425042426945, 62.719820502561966], [25.934425042426945, 62.71973716922864], [25.934675042426942, 62.71973716922864], [25.934675042426942, 62.719570502561965], [25.93484170909361, 62.719570502561965], [25.93484170909361, 62.719487169228636], [25.935091709093612, 62.719487169228636], [25.935091709093612, 62.7194038358953], [25.935425042426942, 62.7194038358953], [25.935425042426942, 62.71932050256197], [25.935675042426944, 62.71932050256197], [25.935675042426944, 62.719237169228634], [25.935841709093612, 62.719237169228634], [25.935841709093612, 62.71907050256197], [25.936008375760277, 62.71907050256197], [25.936008375760277, 62.71898716922863], [25.93625837576028, 62.71898716922863], [25.93625837576028, 62.718903835895304], [25.936425042426944, 62.718903835895304], [25.936425042426944, 62.71882050256197], [25.936675042426945, 62.71882050256197], [25.936675042426945, 62.71873716922863], [25.93684170909361, 62.71873716922863], [25.93684170909361, 62.71857050256197], [25.937258375760276, 62.71857050256197], [25.937258375760276, 62.7184038358953], [25.937425042426945, 62.7184038358953], [25.937425042426945, 62.718320502561966], [25.937675042426942, 62.718320502561966], [25.937675042426942, 62.71823716922864], [25.938008375760276, 62.71823716922864], [25.938008375760276, 62.7181538358953], [25.938258375760277, 62.7181538358953], [25.938258375760277, 62.717987169228635], [25.938425042426942, 62.717987169228635], [25.938425042426942, 62.71782050256197], [25.93859170909361, 62.71782050256197], [25.93859170909361, 62.717737169228634], [25.938675042426944, 62.717737169228634], [25.938675042426944, 62.71757050256197], [25.938758375760276, 62.71757050256197], [25.938758375760276, 62.71748716922863], [25.938675042426944, 62.71748716922863], [25.938675042426944, 62.717403835895304], [25.93859170909361, 62.717403835895304], [25.93859170909361, 62.71732050256197], [25.93834170909361, 62.71732050256197], [25.93834170909361, 62.71723716922863], [25.938175042426945, 62.71723716922863], [25.938175042426945, 62.7171538358953], [25.938091709093612, 62.7171538358953], [25.938091709093612, 62.71707050256197], [25.938008375760276, 62.71707050256197], [25.938008375760276, 62.71698716922864], [25.93784170909361, 62.71698716922864], [25.93784170909361, 62.716839079099685], [25.93772086632662, 62.716820502561966], [25.937508375760277, 62.716820502561966], [25.937508375760277, 62.716787837478904], [25.936094584174228, 62.71657050256197], [25.93609170909361, 62.71657050256197], [25.93609170909361, 62.7165700605906], [25.9355524901234, 62.716487169228635], [25.935258375760277, 62.716487169228635], [25.935258375760277, 62.71644195653865], [25.93501039607257, 62.7164038358953], [25.934508375760277, 62.7164038358953], [25.934508375760277, 62.7163266628919], [25.934468302021788, 62.71632050256197], [25.93409170909361, 62.71632050256197], [25.93409170909361, 62.71626261086593], [25.93392620797096, 62.716237169228634], [25.933758375760277, 62.716237169228634], [25.933758375760277, 62.71621136924515], [25.93338411392013, 62.7161538358953], [25.933175042426942, 62.7161538358953], [25.933175042426942, 62.71612169640879], [25.932842019869348, 62.71607050256197], [25.932425042426942, 62.71607050256197], [25.932425042426942, 62.71600640276204], [25.931757831767737, 62.715903835895304], [25.931175042426943, 62.715903835895304], [25.931175042426943, 62.71582050256197], [25.93084170909361, 62.71582050256197], [25.93084170909361, 62.715763005063344], [25.930808500000005, 62.7157579], [25.930795027780853, 62.71573716922863], [25.929925042426945, 62.71573716922863], [25.929925042426945, 62.7154038358953], [25.93009170909361, 62.7154038358953], [25.93009170909361, 62.71507050256197], [25.930008375760277, 62.71507050256197], [25.930008375760277, 62.714987169228635], [25.929925042426945, 62.714987169228635], [25.929925042426945, 62.71482050256197], [25.929841709093612, 62.71482050256197], [25.929841709093612, 62.714737169228634], [25.929758375760276, 62.714737169228634], [25.929758375760276, 62.7146538358953], [25.929675042426943, 62.7146538358953], [25.929675042426943, 62.71457050256197], [25.92959170909361, 62.71457050256197], [25.92959170909361, 62.71448716922863], [25.92950837576028, 62.71448716922863], [25.92950837576028, 62.714403835895304], [25.929258375760277, 62.714403835895304], [25.929258375760277, 62.71432050256197], [25.929175042426944, 62.71432050256197], [25.929175042426944, 62.71409563871916], [25.9269283, 62.716190000000005], [25.9262453, 62.717968], [25.9241777, 62.72004649999999], [25.921785, 62.721030600000006], [25.920349, 62.7217188], [25.9193188, 62.72214199999999], [25.918925042426945, 62.72301013178762], [25.918925042426945, 62.72307050256197], [25.91889766012171, 62.72307050256197], [25.91884170909361, 62.72319385984922], [25.91884170909361, 62.72332050256197], [25.918675042426944, 62.72332050256197], [25.918675042426944, 62.723403835895304], [25.918153651468725, 62.723403835895304], [25.9178036, 62.7234763], [25.9168345, 62.7237676], [25.918254, 62.725049999999996], [25.9189757, 62.72695789999999], [25.9180171, 62.7292542], [25.9180662, 62.73023339999999], [25.918451363474084, 62.730320502561966], [25.91884170909361, 62.730320502561966], [25.91884170909361, 62.73023716922864], [25.918925042426945, 62.73023716922864], [25.918925042426945, 62.730320502561966], [25.919508375760277, 62.730320502561966], [25.919508375760277, 62.7304038358953], [25.919675042426945, 62.7304038358953], [25.919675042426945, 62.73048716922863], [25.919758375760278, 62.73048716922863], [25.919758375760278, 62.73057050256197], [25.91959170909361, 62.73057050256197], [25.91959170909361, 62.730578385335605], [25.9200039, 62.73067159999999], [25.9204569, 62.73113240000001], [25.920665368743858, 62.73132050256197], [25.920675042426943, 62.73132050256197], [25.920675042426943, 62.73132923118257], [25.92075772471785, 62.7314038358953], [25.92075837576028, 62.7314038358953], [25.92075837576028, 62.73140442333467], [25.9211161, 62.73172720000001], [25.9203589, 62.733816600000004], [25.9204022, 62.73469670000001], [25.9189245, 62.73530479999998], [25.919826300000004, 62.7365517], [25.920248587941273, 62.73673716922863], [25.920258375760277, 62.73673716922863], [25.920258375760277, 62.73674146804719], [25.9207523, 62.7369584], [25.9211726, 62.73831630000001], [25.9221993, 62.73902609999998], [25.922425042426944, 62.73907703662992], [25.922425042426944, 62.738987169228636], [25.922508375760277, 62.738987169228636], [25.922508375760277, 62.739070502561965], [25.92259170909361, 62.739070502561965], [25.92259170909361, 62.73911464337686], [25.922758375760278, 62.739152250123794], [25.922758375760278, 62.738987169228636], [25.922925042426943, 62.738987169228636], [25.922925042426943, 62.7391538358953], [25.92334170909361, 62.7391538358953], [25.92334170909361, 62.73923716922864], [25.923508375760278, 62.73923716922864], [25.923508375760278, 62.73932050256197], [25.923675042426943, 62.73932050256197], [25.923675042426943, 62.739359087231946], [25.9240846, 62.73945149999999], [25.9245215, 62.74036089999999], [25.924711867264687, 62.7404038358953], [25.925175042426943, 62.7404038358953], [25.925175042426943, 62.740487169228636], [25.925425042426944, 62.740487169228636], [25.925425042426944, 62.74056468715381], [25.925450826525218, 62.740570502561965], [25.925508375760277, 62.740570502561965], [25.925508375760277, 62.740583482356236], [25.9258166, 62.74065299999999], [25.9264974, 62.743264200000006], [25.927767407744934, 62.7436538358953], [25.92784170909361, 62.7436538358953], [25.92784170909361, 62.743676631403936], [25.928039030508714, 62.74373716922864], [25.928425042426944, 62.74373716922864], [25.928425042426944, 62.74382050256197], [25.92859170909361, 62.74382050256197], [25.92859170909361, 62.7439038358953], [25.928675042426946, 62.7439038358953], [25.928675042426946, 62.74393229644276], [25.9288113, 62.7439741], [25.92881868666447, 62.74398716922863], [25.92884170909361, 62.74398716922863], [25.92884170909361, 62.74402790282241], [25.929253, 62.7447556], [25.9270877, 62.74631810000001], [25.926258375760277, 62.74655727643021], [25.926258375760277, 62.746570502561966], [25.926212515256147, 62.746570502561966], [25.925675042426946, 62.74672550928486], [25.925675042426946, 62.74673716922864], [25.92563461254846, 62.74673716922864], [25.9255766, 62.74675390000001], [25.925425042426944, 62.74699851075814], [25.925425042426944, 62.74707050256197], [25.925380437262593, 62.74707050256197], [25.925328805037374, 62.747153835895304], [25.925341709093612, 62.747153835895304], [25.925341709093612, 62.74723716922863], [25.925425042426944, 62.74723716922863], [25.925425042426944, 62.7474038358953], [25.925508375760277, 62.7474038358953], [25.925508375760277, 62.747487169228634], [25.92559170909361, 62.747487169228634], [25.92559170909361, 62.74782050256197], [25.925758375760278, 62.74782050256197], [25.925758375760278, 62.7479038358953], [25.925925042426943, 62.7479038358953], [25.925925042426943, 62.74798716922864], [25.926008375760276, 62.74798716922864], [25.926008375760276, 62.748070502561966], [25.926091709093612, 62.748070502561966], [25.926091709093612, 62.7481538358953], [25.926425042426946, 62.7481538358953], [25.926425042426946, 62.748070502561966], [25.926508375760278, 62.748070502561966], [25.926508375760278, 62.7481538358953], [25.926758375760276, 62.7481538358953], [25.926758375760276, 62.748070502561966], [25.927008375760277, 62.748070502561966], [25.927008375760277, 62.74782050256197], [25.927175042426946, 62.74782050256197], [25.927175042426946, 62.747737169228635], [25.92734170909361, 62.747737169228635], [25.92734170909361, 62.74757050256197], [25.927591709093612, 62.74757050256197], [25.927591709093612, 62.747487169228634], [25.928175042426943, 62.747487169228634], [25.928175042426943, 62.7474038358953], [25.928341709093612, 62.7474038358953], [25.928341709093612, 62.74732050256197], [25.928758375760278, 62.74732050256197], [25.928758375760278, 62.74723716922863], [25.928925042426943, 62.74723716922863], [25.928925042426943, 62.747153835895304], [25.929175042426944, 62.747153835895304], [25.929175042426944, 62.74698716922863], [25.92934170909361, 62.74698716922863], [25.92934170909361, 62.74682050256197], [25.92959170909361, 62.74682050256197], [25.92959170909361, 62.74673716922864], [25.929758375760276, 62.74673716922864], [25.929758375760276, 62.746570502561966], [25.929925042426945, 62.746570502561966], [25.929925042426945, 62.74648716922864], [25.930008375760277, 62.74648716922864], [25.930008375760277, 62.7464038358953], [25.930175042426946, 62.7464038358953], [25.930175042426946, 62.74632050256197], [25.93034170909361, 62.74632050256197], [25.93034170909361, 62.746237169228635], [25.930758375760277, 62.746237169228635], [25.930758375760277, 62.7461538358953], [25.930925042426946, 62.7461538358953], [25.930925042426946, 62.745987169228634], [25.93109170909361, 62.745987169228634], [25.93109170909361, 62.74607050256197], [25.931175042426943, 62.74607050256197], [25.931175042426943, 62.745987169228634], [25.931341709093612, 62.745987169228634], [25.931341709093612, 62.7459038358953], [25.931675042426946, 62.7459038358953], [25.931675042426946, 62.745987169228634], [25.93175837576028, 62.745987169228634], [25.93175837576028, 62.7459038358953], [25.931925042426943, 62.7459038358953], [25.931925042426943, 62.74582050256197], [25.932175042426945, 62.74582050256197], [25.932175042426945, 62.74573716922863], [25.932258375760277, 62.74573716922863], [25.932258375760277, 62.74582050256197], [25.93234170909361, 62.74582050256197], [25.93234170909361, 62.74573716922863], [25.93250837576028, 62.74573716922863], [25.93250837576028, 62.745653835895304], [25.932758375760276, 62.745653835895304], [25.932758375760276, 62.74557050256197], [25.93309170909361, 62.74557050256197], [25.93309170909361, 62.74548716922863], [25.93334170909361, 62.74548716922863], [25.93334170909361, 62.7454038358953], [25.933508375760276, 62.7454038358953], [25.933508375760276, 62.74532050256197], [25.933925042426942, 62.74532050256197], [25.933925042426942, 62.74523716922864], [25.935091709093612, 62.74523716922864], [25.935091709093612, 62.74498716922864], [25.935841709093612, 62.74498716922864], [25.935841709093612, 62.745070502561965], [25.935925042426945, 62.745070502561965], [25.935925042426945, 62.74523716922864], [25.935870279187768, 62.74523716922864], [25.9358889, 62.7452525], [25.935675042426944, 62.74529224191365], [25.935675042426944, 62.74532050256197], [25.93552296737301, 62.74532050256197], [25.9355176, 62.74532149999999], [25.93550837576028, 62.74532568731934], [25.93550837576028, 62.74548716922863], [25.935258375760277, 62.74548716922863], [25.935258375760277, 62.74557050256197], [25.935113847095202, 62.74557050256197], [25.935091709093612, 62.74559173051166], [25.935091709093612, 62.74573716922863], [25.934967427190863, 62.74573716922863], [25.934925042426944, 62.745798907160754], [25.934925042426944, 62.74582050256197], [25.934910216598624, 62.74582050256197], [25.93484170909361, 62.74592029105442], [25.93484170909361, 62.7461538358953], [25.935675042426944, 62.7461538358953], [25.935675042426944, 62.74607050256197], [25.935969233006873, 62.74607050256197], [25.9360229, 62.746048900000005], [25.93609170909361, 62.74604593035551], [25.93609170909361, 62.745987169228634], [25.936425042426944, 62.745987169228634], [25.936425042426944, 62.7459038358953], [25.93684170909361, 62.7459038358953], [25.93684170909361, 62.74573716922863], [25.936925042426942, 62.74573716922863], [25.936925042426942, 62.74582050256197], [25.937258375760276, 62.74582050256197], [25.937258375760276, 62.745653835895304], [25.93759170909361, 62.745653835895304], [25.93759170909361, 62.74557050256197], [25.93834170909361, 62.74557050256197], [25.93834170909361, 62.745653835895304], [25.938425042426942, 62.745653835895304], [25.938425042426942, 62.74573716922863], [25.938758375760276, 62.74573716922863], [25.938758375760276, 62.74582050256197], [25.938925042426945, 62.74582050256197], [25.938925042426945, 62.7459038358953], [25.939008375760277, 62.7459038358953], [25.939008375760277, 62.7461538358953], [25.938861481019714, 62.7461538358953], [25.938758375760276, 62.746236607231424], [25.938758375760276, 62.74648716922864], [25.938925042426945, 62.74648716922864], [25.938925042426945, 62.746570502561966], [25.93909170909361, 62.746570502561966], [25.93909170909361, 62.7466538358953], [25.939425042426944, 62.7466538358953], [25.939425042426944, 62.74673716922864], [25.939508375760276, 62.74673716922864], [25.939508375760276, 62.74682050256197], [25.939675042426945, 62.74682050256197], [25.939675042426945, 62.7469038358953], [25.93984170909361, 62.7469038358953], [25.93984170909361, 62.74698716922863], [25.939925042426943, 62.74698716922863], [25.939925042426943, 62.74723716922863], [25.939758375760277, 62.74723716922863], [25.939758375760277, 62.74732050256197], [25.93959151548647, 62.74732050256197], [25.9394934, 62.74768549999999], [25.9393648, 62.7475314], [25.939031, 62.74739670000001], [25.93842, 62.7474238], [25.9382449, 62.747581999999994], [25.937850400000002, 62.7477241], [25.93759170909361, 62.747739902268464], [25.93759170909361, 62.7479038358953], [25.937508375760277, 62.7479038358953], [25.937508375760277, 62.74799075928732], [25.9375946, 62.74805679999999], [25.937508375760277, 62.748122127704974], [25.937508375760277, 62.74848716922863], [25.937675042426942, 62.74848716922863], [25.937675042426942, 62.74857050256197], [25.93775837576028, 62.74857050256197], [25.93775837576028, 62.74873716922863], [25.937675042426942, 62.74873716922863], [25.937675042426942, 62.74882050256197], [25.93784170909361, 62.74882050256197], [25.93784170909361, 62.7489038358953], [25.937925042426944, 62.7489038358953], [25.937925042426944, 62.74932050256197], [25.938008375760276, 62.74932050256197], [25.938008375760276, 62.7494038358953], [25.938091709093612, 62.7494038358953], [25.938091709093612, 62.74982050256197], [25.938175042426945, 62.74982050256197], [25.938175042426945, 62.7499038358953], [25.938258375760277, 62.7499038358953], [25.938258375760277, 62.74998716922863], [25.93834170909361, 62.74998716922863], [25.93834170909361, 62.75007050256197], [25.938136018152814, 62.75007050256197], [25.9381819, 62.75009210000001], [25.9382714, 62.750192199999994], [25.9379148, 62.750277799999985], [25.9375813, 62.750266599999996], [25.937459597929113, 62.75023716922863], [25.937360111374133, 62.75023716922863], [25.937258375760276, 62.75026846274871], [25.937258375760276, 62.75032050256197], [25.93718210370531, 62.75032050256197], [25.9372336, 62.75038169999999], [25.93709170909361, 62.75049448690402], [25.93709170909361, 62.7509038358953], [25.93700837576028, 62.7509038358953], [25.93700837576028, 62.75092401279008], [25.9370106, 62.7509269], [25.9370519, 62.7510772], [25.93684170909361, 62.75122771133258], [25.93684170909361, 62.75123716922864], [25.936828501026742, 62.75123716922864], [25.9367476, 62.75129510000001], [25.936675042426945, 62.751403584707376], [25.936675042426945, 62.75157050256197], [25.936591709093612, 62.75157050256197], [25.936591709093612, 62.7519038358953], [25.936518898090295, 62.7519038358953], [25.9365225, 62.75194929999999], [25.936425042426944, 62.7519879921111], [25.936425042426944, 62.75207050256197], [25.936508375760276, 62.75207050256197], [25.936508375760276, 62.7521538358953], [25.936591709093612, 62.7521538358953], [25.936591709093612, 62.752320502561965], [25.936473012562715, 62.752320502561965], [25.936425042426944, 62.75237473374711], [25.936425042426944, 62.752570502561966], [25.93625187533492, 62.752570502561966], [25.936175042426942, 62.752657363680676], [25.936175042426942, 62.75307050256197], [25.936008375760277, 62.75307050256197], [25.936008375760277, 62.753153835895304], [25.93609170909361, 62.753153835895304], [25.93609170909361, 62.75323716922863], [25.936175042426942, 62.75323716922863], [25.936175042426942, 62.754070502561966], [25.936147910634528, 62.754070502561966], [25.9362753, 62.7541358], [25.93559170909361, 62.7542778389475], [25.93559170909361, 62.7544038358953], [25.93546042248271, 62.7544038358953], [25.93534170909361, 62.75460997624769], [25.93534170909361, 62.754653835895304], [25.93531645092677, 62.754653835895304], [25.9352537, 62.75476279999999], [25.935175042426945, 62.754826521096206], [25.935175042426945, 62.754987169228635], [25.935258375760277, 62.754987169228635], [25.935258375760277, 62.75507050256197], [25.935425042426942, 62.75507050256197], [25.935425042426942, 62.7551538358953], [25.93550837576028, 62.7551538358953], [25.93550837576028, 62.755320502561965], [25.93534170909361, 62.755320502561965], [25.93534170909361, 62.75548716922864], [25.93509556830205, 62.75548716922864], [25.935091709093612, 62.755491047839364], [25.935091709093612, 62.75582050256197], [25.935258375760277, 62.75582050256197], [25.935258375760277, 62.7559038358953], [25.93534170909361, 62.7559038358953], [25.93534170909361, 62.75598716922863], [25.935258375760277, 62.75598716922863]], [[25.933758375760277, 62.72723716922864], [25.933758375760277, 62.7271538358953], [25.93400837576028, 62.7271538358953], [25.93400837576028, 62.727070502561965], [25.934341709093612, 62.727070502561965], [25.934341709093612, 62.72723716922864], [25.934175042426943, 62.72723716922864], [25.934175042426943, 62.727320502561966], [25.933758375760277, 62.727320502561966], [25.933758375760277, 62.72757050256197], [25.933591709093612, 62.72757050256197], [25.933591709093612, 62.7276538358953], [25.93334170909361, 62.7276538358953], [25.93334170909361, 62.72748716922864], [25.933175042426942, 62.72748716922864], [25.933175042426942, 62.727320502561966], [25.933591709093612, 62.727320502561966], [25.933591709093612, 62.72723716922864], [25.933758375760277, 62.72723716922864]], [[25.926925042426944, 62.7221538358953], [25.926925042426944, 62.72207050256197], [25.927175042426946, 62.72207050256197], [25.927175042426946, 62.72198716922863], [25.92734170909361, 62.72198716922863], [25.92734170909361, 62.721903835895304], [25.927508375760276, 62.721903835895304], [25.927508375760276, 62.72182050256197], [25.927758375760277, 62.72182050256197], [25.927758375760277, 62.72173716922863], [25.927925042426946, 62.72173716922863], [25.927925042426946, 62.72157050256197], [25.928008375760278, 62.72157050256197], [25.928008375760278, 62.7216538358953], [25.92859170909361, 62.7216538358953], [25.92859170909361, 62.72173716922863], [25.928675042426946, 62.72173716922863], [25.928675042426946, 62.721903835895304], [25.928508375760277, 62.721903835895304], [25.928508375760277, 62.72198716922863], [25.928341709093612, 62.72198716922863], [25.928341709093612, 62.7221538358953], [25.92809170909361, 62.7221538358953], [25.92809170909361, 62.7224038358953], [25.927925042426946, 62.7224038358953], [25.927925042426946, 62.722487169228636], [25.927675042426944, 62.722487169228636], [25.927675042426944, 62.7226538358953], [25.927258375760278, 62.7226538358953], [25.927258375760278, 62.722570502561965], [25.92709170909361, 62.722570502561965], [25.92709170909361, 62.722237169228634], [25.927008375760277, 62.722237169228634], [25.927008375760277, 62.7221538358953], [25.926925042426944, 62.7221538358953]]]}}, {"type": "Feature", "properties": {"klasse": "Wasser"}, "geometry": {"type": "Polygon", "coordinates": [[[25.89575, 62.736999999999995], [25.89475, 62.73725000000001], [25.895, 62.737749999999984], [25.897, 62.73875000000001], [25.897, 62.73924999999999], [25.894, 62.74049999999998], [25.89425, 62.741], [25.89525, 62.74150000000001], [25.89675, 62.7405], [25.89925, 62.740249999999996], [25.904250000000005, 62.740000000000016], [25.904750000000003, 62.7395], [25.904250000000005, 62.73899999999999], [25.90075, 62.73875000000001], [25.898, 62.737249999999996], [25.89675, 62.737500000000004], [25.89575, 62.736999999999995]]]}}, {"type": "Feature", "properties": {"klasse": "Wasser"}, "geometry": {"type": "Polygon", "coordinates": [[[25.8999421, 62.74341270000001], [25.8993423, 62.742794800000006], [25.8984775, 62.742495700000006], [25.8977844, 62.742613600000006], [25.898, 62.74325], [25.898, 62.744499999999974], [25.89725, 62.745000000000005], [25.8969197, 62.74541849999999], [25.8973176, 62.745613], [25.898, 62.74549999999997], [25.9005, 62.74425], [25.90075, 62.74400000000001], [25.8999421, 62.74341270000001]]]}}, {"type": "Feature", "properties": {"klasse": "Wasser"}, "geometry": {"type": "Polygon", "coordinates": [[[25.885289400673972, 62.75631576026958], [25.88575, 62.756499999999996], [25.88725, 62.754749999999994], [25.887, 62.754499999999986], [25.8865, 62.7545], [25.88475, 62.755499999999984], [25.8845, 62.755999999999986], [25.885289400673972, 62.75631576026958]]]}}, {"type": "Feature", "properties": {"klasse": "Wasser"}, "geometry": {"type": "Polygon", "coordinates": [[[25.884886800517666, 62.75657050256197], [25.88488680051767, 62.75657050256197], [25.885289400673972, 62.75631576026958], [25.884886800517666, 62.75657050256197]]]}}, {"type": "Feature", "properties": {"klasse": "Wasser"}, "geometry": {"type": "Polygon", "coordinates": [[[25.9418026, 62.760954], [25.94162733126066, 62.760987169228635], [25.94891266221205, 62.760987169228635], [25.94891266221205, 62.76033847731313], [25.9485379, 62.7603883], [25.9479754, 62.7601828], [25.947634182340384, 62.7599038358953], [25.94734170909361, 62.7599038358953], [25.94734170909361, 62.75988089082453], [25.9467435, 62.759998100000004], [25.9461635, 62.75970959999999], [25.94634170909361, 62.759477724219394], [25.94634170909361, 62.75923716922863], [25.946508375760278, 62.75923716922863], [25.946508375760278, 62.75898716922863], [25.946751144663594, 62.75898716922863], [25.94675837576028, 62.75897957340201], [25.94675837576028, 62.7589038358953], [25.946675042426943, 62.7589038358953], [25.946675042426943, 62.75882050256197], [25.94659170909361, 62.75882050256197], [25.94659170909361, 62.75871259857539], [25.9465573, 62.758713799999995], [25.9462224, 62.75864139999997], [25.946117168135075, 62.7584038358953], [25.94609170909361, 62.7584038358953], [25.94609170909361, 62.75834636134236], [25.9460896, 62.75834160000001], [25.9450507, 62.75835270000001], [25.9450035, 62.75824829999999], [25.945175042426943, 62.75816053410714], [25.945175042426943, 62.757987169228635], [25.945331875429233, 62.757987169228635], [25.945254490331745, 62.7579038358953], [25.945175042426943, 62.7579038358953], [25.945175042426943, 62.75782050256197], [25.94495089116752, 62.75782050256197], [25.944258375760278, 62.75805040497944], [25.944258375760278, 62.75807050256197], [25.944197837529753, 62.75807050256197], [25.9439894, 62.75813970000001], [25.9433612, 62.7583471], [25.943223800000002, 62.758483], [25.94284170909361, 62.7585424918036], [25.94284170909361, 62.758570502561966], [25.942675042426945, 62.758570502561966], [25.942675042426945, 62.75882050256197], [25.942621802072942, 62.75882050256197], [25.9426198, 62.75892470000001], [25.942008375760278, 62.75924560400965], [25.942008375760278, 62.7594038358953], [25.942175042426943, 62.7594038358953], [25.942175042426943, 62.759487169228635], [25.94225837576028, 62.759487169228635], [25.94225837576028, 62.75957050256197], [25.942925042426943, 62.75957050256197], [25.942925042426943, 62.7596538358953], [25.94284170909361, 62.7596538358953], [25.94284170909361, 62.759820502561965], [25.942925042426943, 62.759820502561965], [25.942925042426943, 62.7599038358953], [25.942758375760278, 62.7599038358953], [25.942758375760278, 62.760070502561966], [25.94264267684869, 62.760070502561966], [25.942591709093612, 62.7601537304291], [25.942591709093612, 62.76048716922863], [25.942380283563214, 62.76048716922863], [25.94234170909361, 62.76051834157028], [25.94234170909361, 62.760653835895305], [25.942175042426943, 62.760653835895305], [25.942175042426943, 62.76082050256197], [25.942008375760278, 62.76082050256197], [25.942008375760278, 62.7609038358953], [25.9418646759824, 62.7609038358953], [25.9418026, 62.760954]]]}}]}